[0.000000] (-) TimerEvent: {}
[0.000379] (my_tf2_package) JobQueued: {'identifier': 'my_tf2_package', 'dependencies': OrderedDict()}
[0.000405] (px4_msgs) JobQueued: {'identifier': 'px4_msgs', 'dependencies': OrderedDict()}
[0.000419] (rtabmap_slam_pkg) JobQueued: {'identifier': 'rtabmap_slam_pkg', 'dependencies': OrderedDict()}
[0.000429] (px4_ros_com) JobQueued: {'identifier': 'px4_ros_com', 'dependencies': OrderedDict([('px4_msgs', '/home/nicolas/ws_ros2/install/px4_msgs')])}
[0.000912] (px4_msgs) JobStarted: {'identifier': 'px4_msgs'}
[0.006492] (my_tf2_package) JobStarted: {'identifier': 'my_tf2_package'}
[0.009324] (rtabmap_slam_pkg) JobStarted: {'identifier': 'rtabmap_slam_pkg'}
[0.011564] (px4_msgs) JobProgress: {'identifier': 'px4_msgs', 'progress': 'cmake'}
[0.012201] (px4_msgs) JobProgress: {'identifier': 'px4_msgs', 'progress': 'build'}
[0.012623] (px4_msgs) Command: {'cmd': ['/usr/bin/cmake', '--build', '/home/nicolas/ws_ros2/build/px4_msgs', '--', '-j16', '-l16'], 'cwd': '/home/nicolas/ws_ros2/build/px4_msgs', 'env': OrderedDict([('LESSOPEN', '| /usr/bin/lesspipe %s'), ('USER', 'nicolas'), ('LC_TIME', 'fr_FR.UTF-8'), ('XDG_SESSION_TYPE', 'x11'), ('SHLVL', '1'), ('LD_LIBRARY_PATH', '/opt/ros/humble/opt/rviz_ogre_vendor/lib:/opt/ros/humble/lib/x86_64-linux-gnu:/opt/ros/humble/lib'), ('HOME', '/home/nicolas'), ('OLDPWD', '/home/nicolas'), ('DESKTOP_SESSION', 'ubuntu'), ('ROS_PYTHON_VERSION', '3'), ('GNOME_SHELL_SESSION_MODE', 'ubuntu'), ('GTK_MODULES', 'gail:atk-bridge'), ('LC_MONETARY', 'fr_FR.UTF-8'), ('SYSTEMD_EXEC_PID', '2027'), ('DBUS_SESSION_BUS_ADDRESS', 'unix:path=/run/user/1000/bus'), ('COLORTERM', 'truecolor'), ('ROS_DISTRO', 'humble'), ('GTK_IM_MODULE', 'ibus'), ('LOGNAME', 'nicolas'), ('_', '/usr/bin/colcon'), ('ROS_VERSION', '2'), ('XDG_SESSION_CLASS', 'user'), ('USERNAME', 'nicolas'), ('TERM', 'xterm-256color'), ('GNOME_DESKTOP_SESSION_ID', 'this-is-deprecated'), ('ROS_LOCALHOST_ONLY', '0'), ('WINDOWPATH', '2'), ('PATH', '/opt/ros/humble/bin:/home/nicolas/.local/bin:/usr/local/sbin:/usr/local/bin:/usr/sbin:/usr/bin:/sbin:/bin:/usr/games:/usr/local/games:/snap/bin:/snap/bin:/opt/xtensa-esp-elf/bin/'), ('SESSION_MANAGER', 'local/nicolas-Deputy-P60:@/tmp/.ICE-unix/2004,unix/nicolas-Deputy-P60:/tmp/.ICE-unix/2004'), ('XDG_MENU_PREFIX', 'gnome-'), ('LC_ADDRESS', 'fr_FR.UTF-8'), ('GNOME_TERMINAL_SCREEN', '/org/gnome/Terminal/screen/696021e5_049f_48dd_8a7d_6dc34b7a7d23'), ('XDG_RUNTIME_DIR', '/run/user/1000'), ('DISPLAY', ':1'), ('LANG', 'en_US.UTF-8'), ('XDG_CURRENT_DESKTOP', 'ubuntu:GNOME'), ('LC_TELEPHONE', 'fr_FR.UTF-8'), ('XMODIFIERS', '@im=ibus'), ('XDG_SESSION_DESKTOP', 'ubuntu'), ('XAUTHORITY', '/run/user/1000/gdm/Xauthority'), ('LS_COLORS', 'rs=0:di=01;34:ln=01;36:mh=00:pi=40;33:so=01;35:do=01;35:bd=40;33;01:cd=40;33;01:or=40;31;01:mi=00:su=37;41:sg=30;43:ca=30;41:tw=30;42:ow=34;42:st=37;44:ex=01;32:*.tar=01;31:*.tgz=01;31:*.arc=01;31:*.arj=01;31:*.taz=01;31:*.lha=01;31:*.lz4=01;31:*.lzh=01;31:*.lzma=01;31:*.tlz=01;31:*.txz=01;31:*.tzo=01;31:*.t7z=01;31:*.zip=01;31:*.z=01;31:*.dz=01;31:*.gz=01;31:*.lrz=01;31:*.lz=01;31:*.lzo=01;31:*.xz=01;31:*.zst=01;31:*.tzst=01;31:*.bz2=01;31:*.bz=01;31:*.tbz=01;31:*.tbz2=01;31:*.tz=01;31:*.deb=01;31:*.rpm=01;31:*.jar=01;31:*.war=01;31:*.ear=01;31:*.sar=01;31:*.rar=01;31:*.alz=01;31:*.ace=01;31:*.zoo=01;31:*.cpio=01;31:*.7z=01;31:*.rz=01;31:*.cab=01;31:*.wim=01;31:*.swm=01;31:*.dwm=01;31:*.esd=01;31:*.jpg=01;35:*.jpeg=01;35:*.mjpg=01;35:*.mjpeg=01;35:*.gif=01;35:*.bmp=01;35:*.pbm=01;35:*.pgm=01;35:*.ppm=01;35:*.tga=01;35:*.xbm=01;35:*.xpm=01;35:*.tif=01;35:*.tiff=01;35:*.png=01;35:*.svg=01;35:*.svgz=01;35:*.mng=01;35:*.pcx=01;35:*.mov=01;35:*.mpg=01;35:*.mpeg=01;35:*.m2v=01;35:*.mkv=01;35:*.webm=01;35:*.webp=01;35:*.ogm=01;35:*.mp4=01;35:*.m4v=01;35:*.mp4v=01;35:*.vob=01;35:*.qt=01;35:*.nuv=01;35:*.wmv=01;35:*.asf=01;35:*.rm=01;35:*.rmvb=01;35:*.flc=01;35:*.avi=01;35:*.fli=01;35:*.flv=01;35:*.gl=01;35:*.dl=01;35:*.xcf=01;35:*.xwd=01;35:*.yuv=01;35:*.cgm=01;35:*.emf=01;35:*.ogv=01;35:*.ogx=01;35:*.aac=00;36:*.au=00;36:*.flac=00;36:*.m4a=00;36:*.mid=00;36:*.midi=00;36:*.mka=00;36:*.mp3=00;36:*.mpc=00;36:*.ogg=00;36:*.ra=00;36:*.wav=00;36:*.oga=00;36:*.opus=00;36:*.spx=00;36:*.xspf=00;36:'), ('GNOME_TERMINAL_SERVICE', ':1.145'), ('SSH_AGENT_LAUNCHER', 'gnome-keyring'), ('SSH_AUTH_SOCK', '/run/user/1000/keyring/ssh'), ('AMENT_PREFIX_PATH', '/opt/ros/humble'), ('SHELL', '/bin/bash'), ('LC_NAME', 'fr_FR.UTF-8'), ('QT_ACCESSIBILITY', '1'), ('GDMSESSION', 'ubuntu'), ('LESSCLOSE', '/usr/bin/lesspipe %s %s'), ('LC_MEASUREMENT', 'fr_FR.UTF-8'), ('GPG_AGENT_INFO', '/run/user/1000/gnupg/S.gpg-agent:0:1'), ('LC_IDENTIFICATION', 'fr_FR.UTF-8'), ('QT_IM_MODULE', 'ibus'), ('PWD', '/home/nicolas/ws_ros2/build/px4_msgs'), ('LC_ALL', 'en_US.UTF-8'), ('XDG_CONFIG_DIRS', '/etc/xdg/xdg-ubuntu:/etc/xdg'), ('XDG_DATA_DIRS', '/usr/share/ubuntu:/usr/share/gnome:/usr/local/share/:/usr/share/:/var/lib/snapd/desktop'), ('PYTHONPATH', '/opt/ros/humble/lib/python3.10/site-packages:/opt/ros/humble/local/lib/python3.10/dist-packages'), ('LC_NUMERIC', 'fr_FR.UTF-8'), ('LC_PAPER', 'fr_FR.UTF-8'), ('COLCON', '1'), ('VTE_VERSION', '6800'), ('CMAKE_PREFIX_PATH', '/opt/ros/humble')]), 'shell': False}
[0.100008] (-) TimerEvent: {}
[0.184634] (rtabmap_slam_pkg) JobProgress: {'identifier': 'rtabmap_slam_pkg', 'progress': 'cmake'}
[0.185793] (rtabmap_slam_pkg) JobProgress: {'identifier': 'rtabmap_slam_pkg', 'progress': 'build'}
[0.186073] (rtabmap_slam_pkg) Command: {'cmd': ['/usr/bin/cmake', '--build', '/home/nicolas/ws_ros2/build/rtabmap_slam_pkg', '--', '-j16', '-l16'], 'cwd': '/home/nicolas/ws_ros2/build/rtabmap_slam_pkg', 'env': OrderedDict([('LESSOPEN', '| /usr/bin/lesspipe %s'), ('USER', 'nicolas'), ('LC_TIME', 'fr_FR.UTF-8'), ('XDG_SESSION_TYPE', 'x11'), ('SHLVL', '1'), ('LD_LIBRARY_PATH', '/opt/ros/humble/opt/rviz_ogre_vendor/lib:/opt/ros/humble/lib/x86_64-linux-gnu:/opt/ros/humble/lib'), ('HOME', '/home/nicolas'), ('OLDPWD', '/home/nicolas'), ('DESKTOP_SESSION', 'ubuntu'), ('ROS_PYTHON_VERSION', '3'), ('GNOME_SHELL_SESSION_MODE', 'ubuntu'), ('GTK_MODULES', 'gail:atk-bridge'), ('LC_MONETARY', 'fr_FR.UTF-8'), ('SYSTEMD_EXEC_PID', '2027'), ('DBUS_SESSION_BUS_ADDRESS', 'unix:path=/run/user/1000/bus'), ('COLORTERM', 'truecolor'), ('ROS_DISTRO', 'humble'), ('GTK_IM_MODULE', 'ibus'), ('LOGNAME', 'nicolas'), ('_', '/usr/bin/colcon'), ('ROS_VERSION', '2'), ('XDG_SESSION_CLASS', 'user'), ('USERNAME', 'nicolas'), ('TERM', 'xterm-256color'), ('GNOME_DESKTOP_SESSION_ID', 'this-is-deprecated'), ('ROS_LOCALHOST_ONLY', '0'), ('WINDOWPATH', '2'), ('PATH', '/opt/ros/humble/bin:/home/nicolas/.local/bin:/usr/local/sbin:/usr/local/bin:/usr/sbin:/usr/bin:/sbin:/bin:/usr/games:/usr/local/games:/snap/bin:/snap/bin:/opt/xtensa-esp-elf/bin/'), ('SESSION_MANAGER', 'local/nicolas-Deputy-P60:@/tmp/.ICE-unix/2004,unix/nicolas-Deputy-P60:/tmp/.ICE-unix/2004'), ('XDG_MENU_PREFIX', 'gnome-'), ('LC_ADDRESS', 'fr_FR.UTF-8'), ('GNOME_TERMINAL_SCREEN', '/org/gnome/Terminal/screen/696021e5_049f_48dd_8a7d_6dc34b7a7d23'), ('XDG_RUNTIME_DIR', '/run/user/1000'), ('DISPLAY', ':1'), ('LANG', 'en_US.UTF-8'), ('XDG_CURRENT_DESKTOP', 'ubuntu:GNOME'), ('LC_TELEPHONE', 'fr_FR.UTF-8'), ('XMODIFIERS', '@im=ibus'), ('XDG_SESSION_DESKTOP', 'ubuntu'), ('XAUTHORITY', '/run/user/1000/gdm/Xauthority'), ('LS_COLORS', 'rs=0:di=01;34:ln=01;36:mh=00:pi=40;33:so=01;35:do=01;35:bd=40;33;01:cd=40;33;01:or=40;31;01:mi=00:su=37;41:sg=30;43:ca=30;41:tw=30;42:ow=34;42:st=37;44:ex=01;32:*.tar=01;31:*.tgz=01;31:*.arc=01;31:*.arj=01;31:*.taz=01;31:*.lha=01;31:*.lz4=01;31:*.lzh=01;31:*.lzma=01;31:*.tlz=01;31:*.txz=01;31:*.tzo=01;31:*.t7z=01;31:*.zip=01;31:*.z=01;31:*.dz=01;31:*.gz=01;31:*.lrz=01;31:*.lz=01;31:*.lzo=01;31:*.xz=01;31:*.zst=01;31:*.tzst=01;31:*.bz2=01;31:*.bz=01;31:*.tbz=01;31:*.tbz2=01;31:*.tz=01;31:*.deb=01;31:*.rpm=01;31:*.jar=01;31:*.war=01;31:*.ear=01;31:*.sar=01;31:*.rar=01;31:*.alz=01;31:*.ace=01;31:*.zoo=01;31:*.cpio=01;31:*.7z=01;31:*.rz=01;31:*.cab=01;31:*.wim=01;31:*.swm=01;31:*.dwm=01;31:*.esd=01;31:*.jpg=01;35:*.jpeg=01;35:*.mjpg=01;35:*.mjpeg=01;35:*.gif=01;35:*.bmp=01;35:*.pbm=01;35:*.pgm=01;35:*.ppm=01;35:*.tga=01;35:*.xbm=01;35:*.xpm=01;35:*.tif=01;35:*.tiff=01;35:*.png=01;35:*.svg=01;35:*.svgz=01;35:*.mng=01;35:*.pcx=01;35:*.mov=01;35:*.mpg=01;35:*.mpeg=01;35:*.m2v=01;35:*.mkv=01;35:*.webm=01;35:*.webp=01;35:*.ogm=01;35:*.mp4=01;35:*.m4v=01;35:*.mp4v=01;35:*.vob=01;35:*.qt=01;35:*.nuv=01;35:*.wmv=01;35:*.asf=01;35:*.rm=01;35:*.rmvb=01;35:*.flc=01;35:*.avi=01;35:*.fli=01;35:*.flv=01;35:*.gl=01;35:*.dl=01;35:*.xcf=01;35:*.xwd=01;35:*.yuv=01;35:*.cgm=01;35:*.emf=01;35:*.ogv=01;35:*.ogx=01;35:*.aac=00;36:*.au=00;36:*.flac=00;36:*.m4a=00;36:*.mid=00;36:*.midi=00;36:*.mka=00;36:*.mp3=00;36:*.mpc=00;36:*.ogg=00;36:*.ra=00;36:*.wav=00;36:*.oga=00;36:*.opus=00;36:*.spx=00;36:*.xspf=00;36:'), ('GNOME_TERMINAL_SERVICE', ':1.145'), ('SSH_AGENT_LAUNCHER', 'gnome-keyring'), ('SSH_AUTH_SOCK', '/run/user/1000/keyring/ssh'), ('AMENT_PREFIX_PATH', '/opt/ros/humble'), ('SHELL', '/bin/bash'), ('LC_NAME', 'fr_FR.UTF-8'), ('QT_ACCESSIBILITY', '1'), ('GDMSESSION', 'ubuntu'), ('LESSCLOSE', '/usr/bin/lesspipe %s %s'), ('LC_MEASUREMENT', 'fr_FR.UTF-8'), ('GPG_AGENT_INFO', '/run/user/1000/gnupg/S.gpg-agent:0:1'), ('LC_IDENTIFICATION', 'fr_FR.UTF-8'), ('QT_IM_MODULE', 'ibus'), ('PWD', '/home/nicolas/ws_ros2/build/rtabmap_slam_pkg'), ('LC_ALL', 'en_US.UTF-8'), ('XDG_CONFIG_DIRS', '/etc/xdg/xdg-ubuntu:/etc/xdg'), ('XDG_DATA_DIRS', '/usr/share/ubuntu:/usr/share/gnome:/usr/local/share/:/usr/share/:/var/lib/snapd/desktop'), ('PYTHONPATH', '/opt/ros/humble/lib/python3.10/site-packages:/opt/ros/humble/local/lib/python3.10/dist-packages'), ('LC_NUMERIC', 'fr_FR.UTF-8'), ('LC_PAPER', 'fr_FR.UTF-8'), ('COLCON', '1'), ('VTE_VERSION', '6800'), ('CMAKE_PREFIX_PATH', '/opt/ros/humble')]), 'shell': False}
[0.200070] (-) TimerEvent: {}
[0.240202] (rtabmap_slam_pkg) CommandEnded: {'returncode': 0}
[0.241216] (rtabmap_slam_pkg) JobProgress: {'identifier': 'rtabmap_slam_pkg', 'progress': 'install'}
[0.248559] (rtabmap_slam_pkg) Command: {'cmd': ['/usr/bin/cmake', '--install', '/home/nicolas/ws_ros2/build/rtabmap_slam_pkg'], 'cwd': '/home/nicolas/ws_ros2/build/rtabmap_slam_pkg', 'env': OrderedDict([('LESSOPEN', '| /usr/bin/lesspipe %s'), ('USER', 'nicolas'), ('LC_TIME', 'fr_FR.UTF-8'), ('XDG_SESSION_TYPE', 'x11'), ('SHLVL', '1'), ('LD_LIBRARY_PATH', '/opt/ros/humble/opt/rviz_ogre_vendor/lib:/opt/ros/humble/lib/x86_64-linux-gnu:/opt/ros/humble/lib'), ('HOME', '/home/nicolas'), ('OLDPWD', '/home/nicolas'), ('DESKTOP_SESSION', 'ubuntu'), ('ROS_PYTHON_VERSION', '3'), ('GNOME_SHELL_SESSION_MODE', 'ubuntu'), ('GTK_MODULES', 'gail:atk-bridge'), ('LC_MONETARY', 'fr_FR.UTF-8'), ('SYSTEMD_EXEC_PID', '2027'), ('DBUS_SESSION_BUS_ADDRESS', 'unix:path=/run/user/1000/bus'), ('COLORTERM', 'truecolor'), ('ROS_DISTRO', 'humble'), ('GTK_IM_MODULE', 'ibus'), ('LOGNAME', 'nicolas'), ('_', '/usr/bin/colcon'), ('ROS_VERSION', '2'), ('XDG_SESSION_CLASS', 'user'), ('USERNAME', 'nicolas'), ('TERM', 'xterm-256color'), ('GNOME_DESKTOP_SESSION_ID', 'this-is-deprecated'), ('ROS_LOCALHOST_ONLY', '0'), ('WINDOWPATH', '2'), ('PATH', '/opt/ros/humble/bin:/home/nicolas/.local/bin:/usr/local/sbin:/usr/local/bin:/usr/sbin:/usr/bin:/sbin:/bin:/usr/games:/usr/local/games:/snap/bin:/snap/bin:/opt/xtensa-esp-elf/bin/'), ('SESSION_MANAGER', 'local/nicolas-Deputy-P60:@/tmp/.ICE-unix/2004,unix/nicolas-Deputy-P60:/tmp/.ICE-unix/2004'), ('XDG_MENU_PREFIX', 'gnome-'), ('LC_ADDRESS', 'fr_FR.UTF-8'), ('GNOME_TERMINAL_SCREEN', '/org/gnome/Terminal/screen/696021e5_049f_48dd_8a7d_6dc34b7a7d23'), ('XDG_RUNTIME_DIR', '/run/user/1000'), ('DISPLAY', ':1'), ('LANG', 'en_US.UTF-8'), ('XDG_CURRENT_DESKTOP', 'ubuntu:GNOME'), ('LC_TELEPHONE', 'fr_FR.UTF-8'), ('XMODIFIERS', '@im=ibus'), ('XDG_SESSION_DESKTOP', 'ubuntu'), ('XAUTHORITY', '/run/user/1000/gdm/Xauthority'), ('LS_COLORS', 'rs=0:di=01;34:ln=01;36:mh=00:pi=40;33:so=01;35:do=01;35:bd=40;33;01:cd=40;33;01:or=40;31;01:mi=00:su=37;41:sg=30;43:ca=30;41:tw=30;42:ow=34;42:st=37;44:ex=01;32:*.tar=01;31:*.tgz=01;31:*.arc=01;31:*.arj=01;31:*.taz=01;31:*.lha=01;31:*.lz4=01;31:*.lzh=01;31:*.lzma=01;31:*.tlz=01;31:*.txz=01;31:*.tzo=01;31:*.t7z=01;31:*.zip=01;31:*.z=01;31:*.dz=01;31:*.gz=01;31:*.lrz=01;31:*.lz=01;31:*.lzo=01;31:*.xz=01;31:*.zst=01;31:*.tzst=01;31:*.bz2=01;31:*.bz=01;31:*.tbz=01;31:*.tbz2=01;31:*.tz=01;31:*.deb=01;31:*.rpm=01;31:*.jar=01;31:*.war=01;31:*.ear=01;31:*.sar=01;31:*.rar=01;31:*.alz=01;31:*.ace=01;31:*.zoo=01;31:*.cpio=01;31:*.7z=01;31:*.rz=01;31:*.cab=01;31:*.wim=01;31:*.swm=01;31:*.dwm=01;31:*.esd=01;31:*.jpg=01;35:*.jpeg=01;35:*.mjpg=01;35:*.mjpeg=01;35:*.gif=01;35:*.bmp=01;35:*.pbm=01;35:*.pgm=01;35:*.ppm=01;35:*.tga=01;35:*.xbm=01;35:*.xpm=01;35:*.tif=01;35:*.tiff=01;35:*.png=01;35:*.svg=01;35:*.svgz=01;35:*.mng=01;35:*.pcx=01;35:*.mov=01;35:*.mpg=01;35:*.mpeg=01;35:*.m2v=01;35:*.mkv=01;35:*.webm=01;35:*.webp=01;35:*.ogm=01;35:*.mp4=01;35:*.m4v=01;35:*.mp4v=01;35:*.vob=01;35:*.qt=01;35:*.nuv=01;35:*.wmv=01;35:*.asf=01;35:*.rm=01;35:*.rmvb=01;35:*.flc=01;35:*.avi=01;35:*.fli=01;35:*.flv=01;35:*.gl=01;35:*.dl=01;35:*.xcf=01;35:*.xwd=01;35:*.yuv=01;35:*.cgm=01;35:*.emf=01;35:*.ogv=01;35:*.ogx=01;35:*.aac=00;36:*.au=00;36:*.flac=00;36:*.m4a=00;36:*.mid=00;36:*.midi=00;36:*.mka=00;36:*.mp3=00;36:*.mpc=00;36:*.ogg=00;36:*.ra=00;36:*.wav=00;36:*.oga=00;36:*.opus=00;36:*.spx=00;36:*.xspf=00;36:'), ('GNOME_TERMINAL_SERVICE', ':1.145'), ('SSH_AGENT_LAUNCHER', 'gnome-keyring'), ('SSH_AUTH_SOCK', '/run/user/1000/keyring/ssh'), ('AMENT_PREFIX_PATH', '/opt/ros/humble'), ('SHELL', '/bin/bash'), ('LC_NAME', 'fr_FR.UTF-8'), ('QT_ACCESSIBILITY', '1'), ('GDMSESSION', 'ubuntu'), ('LESSCLOSE', '/usr/bin/lesspipe %s %s'), ('LC_MEASUREMENT', 'fr_FR.UTF-8'), ('GPG_AGENT_INFO', '/run/user/1000/gnupg/S.gpg-agent:0:1'), ('LC_IDENTIFICATION', 'fr_FR.UTF-8'), ('QT_IM_MODULE', 'ibus'), ('PWD', '/home/nicolas/ws_ros2/build/rtabmap_slam_pkg'), ('LC_ALL', 'en_US.UTF-8'), ('XDG_CONFIG_DIRS', '/etc/xdg/xdg-ubuntu:/etc/xdg'), ('XDG_DATA_DIRS', '/usr/share/ubuntu:/usr/share/gnome:/usr/local/share/:/usr/share/:/var/lib/snapd/desktop'), ('PYTHONPATH', '/opt/ros/humble/lib/python3.10/site-packages:/opt/ros/humble/local/lib/python3.10/dist-packages'), ('LC_NUMERIC', 'fr_FR.UTF-8'), ('LC_PAPER', 'fr_FR.UTF-8'), ('COLCON', '1'), ('VTE_VERSION', '6800'), ('CMAKE_PREFIX_PATH', '/opt/ros/humble')]), 'shell': False}
[0.256683] (rtabmap_slam_pkg) StdoutLine: {'line': b'-- Install configuration: ""\n'}
[0.256977] (rtabmap_slam_pkg) StdoutLine: {'line': b'-- Up-to-date: /home/nicolas/ws_ros2/install/rtabmap_slam_pkg/share/rtabmap_slam_pkg/launch\n'}
[0.257052] (rtabmap_slam_pkg) StdoutLine: {'line': b'-- Up-to-date: /home/nicolas/ws_ros2/install/rtabmap_slam_pkg/share/rtabmap_slam_pkg/launch/rtabmap_slam.launch.py\n'}
[0.257123] (rtabmap_slam_pkg) StdoutLine: {'line': b'-- Up-to-date: /home/nicolas/ws_ros2/install/rtabmap_slam_pkg/share/ament_index/resource_index/package_run_dependencies/rtabmap_slam_pkg\n'}
[0.257180] (rtabmap_slam_pkg) StdoutLine: {'line': b'-- Up-to-date: /home/nicolas/ws_ros2/install/rtabmap_slam_pkg/share/ament_index/resource_index/parent_prefix_path/rtabmap_slam_pkg\n'}
[0.257236] (rtabmap_slam_pkg) StdoutLine: {'line': b'-- Up-to-date: /home/nicolas/ws_ros2/install/rtabmap_slam_pkg/share/rtabmap_slam_pkg/environment/ament_prefix_path.sh\n'}
[0.257290] (rtabmap_slam_pkg) StdoutLine: {'line': b'-- Up-to-date: /home/nicolas/ws_ros2/install/rtabmap_slam_pkg/share/rtabmap_slam_pkg/environment/ament_prefix_path.dsv\n'}
[0.257345] (rtabmap_slam_pkg) StdoutLine: {'line': b'-- Up-to-date: /home/nicolas/ws_ros2/install/rtabmap_slam_pkg/share/rtabmap_slam_pkg/environment/path.sh\n'}
[0.257404] (rtabmap_slam_pkg) StdoutLine: {'line': b'-- Up-to-date: /home/nicolas/ws_ros2/install/rtabmap_slam_pkg/share/rtabmap_slam_pkg/environment/path.dsv\n'}
[0.257443] (rtabmap_slam_pkg) StdoutLine: {'line': b'-- Up-to-date: /home/nicolas/ws_ros2/install/rtabmap_slam_pkg/share/rtabmap_slam_pkg/local_setup.bash\n'}
[0.257502] (rtabmap_slam_pkg) StdoutLine: {'line': b'-- Up-to-date: /home/nicolas/ws_ros2/install/rtabmap_slam_pkg/share/rtabmap_slam_pkg/local_setup.sh\n'}
[0.257543] (rtabmap_slam_pkg) StdoutLine: {'line': b'-- Up-to-date: /home/nicolas/ws_ros2/install/rtabmap_slam_pkg/share/rtabmap_slam_pkg/local_setup.zsh\n'}
[0.257601] (rtabmap_slam_pkg) StdoutLine: {'line': b'-- Up-to-date: /home/nicolas/ws_ros2/install/rtabmap_slam_pkg/share/rtabmap_slam_pkg/local_setup.dsv\n'}
[0.257644] (rtabmap_slam_pkg) StdoutLine: {'line': b'-- Installing: /home/nicolas/ws_ros2/install/rtabmap_slam_pkg/share/rtabmap_slam_pkg/package.dsv\n'}
[0.257985] (rtabmap_slam_pkg) StdoutLine: {'line': b'-- Up-to-date: /home/nicolas/ws_ros2/install/rtabmap_slam_pkg/share/ament_index/resource_index/packages/rtabmap_slam_pkg\n'}
[0.258028] (rtabmap_slam_pkg) StdoutLine: {'line': b'-- Up-to-date: /home/nicolas/ws_ros2/install/rtabmap_slam_pkg/share/rtabmap_slam_pkg/cmake/rtabmap_slam_pkgConfig.cmake\n'}
[0.258085] (rtabmap_slam_pkg) StdoutLine: {'line': b'-- Up-to-date: /home/nicolas/ws_ros2/install/rtabmap_slam_pkg/share/rtabmap_slam_pkg/cmake/rtabmap_slam_pkgConfig-version.cmake\n'}
[0.258121] (rtabmap_slam_pkg) StdoutLine: {'line': b'-- Up-to-date: /home/nicolas/ws_ros2/install/rtabmap_slam_pkg/share/rtabmap_slam_pkg/package.xml\n'}
[0.259439] (rtabmap_slam_pkg) CommandEnded: {'returncode': 0}
[0.273121] (rtabmap_slam_pkg) JobEnded: {'identifier': 'rtabmap_slam_pkg', 'rc': 0}
[0.300269] (-) TimerEvent: {}
[0.400617] (-) TimerEvent: {}
[0.424924] (my_tf2_package) Command: {'cmd': ['/usr/bin/python3', '-W', 'ignore:setup.py install is deprecated', '-W', 'ignore:easy_install command is deprecated', 'setup.py', 'egg_info', '--egg-base', '../../build/my_tf2_package', 'build', '--build-base', '/home/nicolas/ws_ros2/build/my_tf2_package/build', 'install', '--record', '/home/nicolas/ws_ros2/build/my_tf2_package/install.log', '--single-version-externally-managed', 'install_data'], 'cwd': '/home/nicolas/ws_ros2/src/my_tf2_package', 'env': {'LESSOPEN': '| /usr/bin/lesspipe %s', 'USER': 'nicolas', 'LC_TIME': 'fr_FR.UTF-8', 'XDG_SESSION_TYPE': 'x11', 'SHLVL': '1', 'LD_LIBRARY_PATH': '/opt/ros/humble/opt/rviz_ogre_vendor/lib:/opt/ros/humble/lib/x86_64-linux-gnu:/opt/ros/humble/lib', 'HOME': '/home/nicolas', 'OLDPWD': '/home/nicolas', 'DESKTOP_SESSION': 'ubuntu', 'ROS_PYTHON_VERSION': '3', 'GNOME_SHELL_SESSION_MODE': 'ubuntu', 'GTK_MODULES': 'gail:atk-bridge', 'LC_MONETARY': 'fr_FR.UTF-8', 'SYSTEMD_EXEC_PID': '2027', 'DBUS_SESSION_BUS_ADDRESS': 'unix:path=/run/user/1000/bus', 'COLORTERM': 'truecolor', 'ROS_DISTRO': 'humble', 'GTK_IM_MODULE': 'ibus', 'LOGNAME': 'nicolas', '_': '/usr/bin/colcon', 'ROS_VERSION': '2', 'XDG_SESSION_CLASS': 'user', 'USERNAME': 'nicolas', 'TERM': 'xterm-256color', 'GNOME_DESKTOP_SESSION_ID': 'this-is-deprecated', 'ROS_LOCALHOST_ONLY': '0', 'WINDOWPATH': '2', 'PATH': '/opt/ros/humble/bin:/home/nicolas/.local/bin:/usr/local/sbin:/usr/local/bin:/usr/sbin:/usr/bin:/sbin:/bin:/usr/games:/usr/local/games:/snap/bin:/snap/bin:/opt/xtensa-esp-elf/bin/', 'SESSION_MANAGER': 'local/nicolas-Deputy-P60:@/tmp/.ICE-unix/2004,unix/nicolas-Deputy-P60:/tmp/.ICE-unix/2004', 'XDG_MENU_PREFIX': 'gnome-', 'LC_ADDRESS': 'fr_FR.UTF-8', 'GNOME_TERMINAL_SCREEN': '/org/gnome/Terminal/screen/696021e5_049f_48dd_8a7d_6dc34b7a7d23', 'XDG_RUNTIME_DIR': '/run/user/1000', 'DISPLAY': ':1', 'LANG': 'en_US.UTF-8', 'XDG_CURRENT_DESKTOP': 'ubuntu:GNOME', 'LC_TELEPHONE': 'fr_FR.UTF-8', 'XMODIFIERS': '@im=ibus', 'XDG_SESSION_DESKTOP': 'ubuntu', 'XAUTHORITY': '/run/user/1000/gdm/Xauthority', 'LS_COLORS': 'rs=0:di=01;34:ln=01;36:mh=00:pi=40;33:so=01;35:do=01;35:bd=40;33;01:cd=40;33;01:or=40;31;01:mi=00:su=37;41:sg=30;43:ca=30;41:tw=30;42:ow=34;42:st=37;44:ex=01;32:*.tar=01;31:*.tgz=01;31:*.arc=01;31:*.arj=01;31:*.taz=01;31:*.lha=01;31:*.lz4=01;31:*.lzh=01;31:*.lzma=01;31:*.tlz=01;31:*.txz=01;31:*.tzo=01;31:*.t7z=01;31:*.zip=01;31:*.z=01;31:*.dz=01;31:*.gz=01;31:*.lrz=01;31:*.lz=01;31:*.lzo=01;31:*.xz=01;31:*.zst=01;31:*.tzst=01;31:*.bz2=01;31:*.bz=01;31:*.tbz=01;31:*.tbz2=01;31:*.tz=01;31:*.deb=01;31:*.rpm=01;31:*.jar=01;31:*.war=01;31:*.ear=01;31:*.sar=01;31:*.rar=01;31:*.alz=01;31:*.ace=01;31:*.zoo=01;31:*.cpio=01;31:*.7z=01;31:*.rz=01;31:*.cab=01;31:*.wim=01;31:*.swm=01;31:*.dwm=01;31:*.esd=01;31:*.jpg=01;35:*.jpeg=01;35:*.mjpg=01;35:*.mjpeg=01;35:*.gif=01;35:*.bmp=01;35:*.pbm=01;35:*.pgm=01;35:*.ppm=01;35:*.tga=01;35:*.xbm=01;35:*.xpm=01;35:*.tif=01;35:*.tiff=01;35:*.png=01;35:*.svg=01;35:*.svgz=01;35:*.mng=01;35:*.pcx=01;35:*.mov=01;35:*.mpg=01;35:*.mpeg=01;35:*.m2v=01;35:*.mkv=01;35:*.webm=01;35:*.webp=01;35:*.ogm=01;35:*.mp4=01;35:*.m4v=01;35:*.mp4v=01;35:*.vob=01;35:*.qt=01;35:*.nuv=01;35:*.wmv=01;35:*.asf=01;35:*.rm=01;35:*.rmvb=01;35:*.flc=01;35:*.avi=01;35:*.fli=01;35:*.flv=01;35:*.gl=01;35:*.dl=01;35:*.xcf=01;35:*.xwd=01;35:*.yuv=01;35:*.cgm=01;35:*.emf=01;35:*.ogv=01;35:*.ogx=01;35:*.aac=00;36:*.au=00;36:*.flac=00;36:*.m4a=00;36:*.mid=00;36:*.midi=00;36:*.mka=00;36:*.mp3=00;36:*.mpc=00;36:*.ogg=00;36:*.ra=00;36:*.wav=00;36:*.oga=00;36:*.opus=00;36:*.spx=00;36:*.xspf=00;36:', 'GNOME_TERMINAL_SERVICE': ':1.145', 'SSH_AGENT_LAUNCHER': 'gnome-keyring', 'SSH_AUTH_SOCK': '/run/user/1000/keyring/ssh', 'AMENT_PREFIX_PATH': '/opt/ros/humble', 'SHELL': '/bin/bash', 'LC_NAME': 'fr_FR.UTF-8', 'QT_ACCESSIBILITY': '1', 'GDMSESSION': 'ubuntu', 'LESSCLOSE': '/usr/bin/lesspipe %s %s', 'LC_MEASUREMENT': 'fr_FR.UTF-8', 'GPG_AGENT_INFO': '/run/user/1000/gnupg/S.gpg-agent:0:1', 'LC_IDENTIFICATION': 'fr_FR.UTF-8', 'QT_IM_MODULE': 'ibus', 'PWD': '/home/nicolas/ws_ros2/build/my_tf2_package', 'LC_ALL': 'en_US.UTF-8', 'XDG_CONFIG_DIRS': '/etc/xdg/xdg-ubuntu:/etc/xdg', 'XDG_DATA_DIRS': '/usr/share/ubuntu:/usr/share/gnome:/usr/local/share/:/usr/share/:/var/lib/snapd/desktop', 'PYTHONPATH': '/home/nicolas/ws_ros2/build/my_tf2_package/prefix_override:/usr/lib/python3/dist-packages/colcon_core/task/python/colcon_distutils_commands:/home/nicolas/ws_ros2/install/my_tf2_package/lib/python3.10/site-packages:/opt/ros/humble/lib/python3.10/site-packages:/opt/ros/humble/local/lib/python3.10/dist-packages', 'LC_NUMERIC': 'fr_FR.UTF-8', 'LC_PAPER': 'fr_FR.UTF-8', 'COLCON': '1', 'VTE_VERSION': '6800'}, 'shell': False}
[0.456304] (px4_msgs) StdoutLine: {'line': b'[  0%] Built target px4_msgs__cpp\n'}
[0.485225] (px4_msgs) StdoutLine: {'line': b'[ 12%] Built target px4_msgs__rosidl_generator_c\n'}
[0.500718] (-) TimerEvent: {}
[0.541079] (px4_msgs) StdoutLine: {'line': b'[ 25%] Built target px4_msgs__rosidl_typesupport_c\n'}
[0.543325] (px4_msgs) StdoutLine: {'line': b'[ 37%] Built target px4_msgs__rosidl_typesupport_cpp\n'}
[0.550997] (px4_msgs) StdoutLine: {'line': b'[ 50%] Built target px4_msgs__rosidl_typesupport_introspection_c\n'}
[0.552843] (px4_msgs) StdoutLine: {'line': b'[ 63%] Built target px4_msgs__rosidl_typesupport_introspection_cpp\n'}
[0.554839] (px4_msgs) StdoutLine: {'line': b'[ 63%] Built target ament_cmake_python_copy_px4_msgs\n'}
[0.576029] (px4_msgs) StdoutLine: {'line': b'[ 75%] Built target px4_msgs__rosidl_typesupport_fastrtps_cpp\n'}
[0.600936] (-) TimerEvent: {}
[0.605162] (my_tf2_package) StdoutLine: {'line': b'running egg_info\n'}
[0.605651] (my_tf2_package) StdoutLine: {'line': b'writing ../../build/my_tf2_package/my_tf2_package.egg-info/PKG-INFO\n'}
[0.605923] (my_tf2_package) StdoutLine: {'line': b'writing dependency_links to ../../build/my_tf2_package/my_tf2_package.egg-info/dependency_links.txt\n'}
[0.606047] (my_tf2_package) StdoutLine: {'line': b'writing entry points to ../../build/my_tf2_package/my_tf2_package.egg-info/entry_points.txt\n'}
[0.606129] (my_tf2_package) StdoutLine: {'line': b'writing requirements to ../../build/my_tf2_package/my_tf2_package.egg-info/requires.txt\n'}
[0.606203] (my_tf2_package) StdoutLine: {'line': b'writing top-level names to ../../build/my_tf2_package/my_tf2_package.egg-info/top_level.txt\n'}
[0.607114] (my_tf2_package) StdoutLine: {'line': b"reading manifest file '../../build/my_tf2_package/my_tf2_package.egg-info/SOURCES.txt'\n"}
[0.608148] (my_tf2_package) StdoutLine: {'line': b"writing manifest file '../../build/my_tf2_package/my_tf2_package.egg-info/SOURCES.txt'\n"}
[0.608299] (my_tf2_package) StdoutLine: {'line': b'running build\n'}
[0.608384] (my_tf2_package) StdoutLine: {'line': b'running build_py\n'}
[0.608464] (my_tf2_package) StdoutLine: {'line': b'copying my_tf2_package/drone_tf_publisher.py -> /home/nicolas/ws_ros2/build/my_tf2_package/build/lib/my_tf2_package\n'}
[0.608636] (my_tf2_package) StdoutLine: {'line': b'running install\n'}
[0.608768] (my_tf2_package) StdoutLine: {'line': b'running install_lib\n'}
[0.609179] (my_tf2_package) StdoutLine: {'line': b'copying /home/nicolas/ws_ros2/build/my_tf2_package/build/lib/my_tf2_package/drone_tf_publisher.py -> /home/nicolas/ws_ros2/install/my_tf2_package/lib/python3.10/site-packages/my_tf2_package\n'}
[0.609545] (my_tf2_package) StdoutLine: {'line': b'byte-compiling /home/nicolas/ws_ros2/install/my_tf2_package/lib/python3.10/site-packages/my_tf2_package/drone_tf_publisher.py to drone_tf_publisher.cpython-310.pyc\n'}
[0.610215] (my_tf2_package) StdoutLine: {'line': b'running install_data\n'}
[0.610363] (my_tf2_package) StdoutLine: {'line': b'running install_egg_info\n'}
[0.611724] (my_tf2_package) StdoutLine: {'line': b"removing '/home/nicolas/ws_ros2/install/my_tf2_package/lib/python3.10/site-packages/my_tf2_package-0.0.0-py3.10.egg-info' (and everything under it)\n"}
[0.611878] (my_tf2_package) StdoutLine: {'line': b'Copying ../../build/my_tf2_package/my_tf2_package.egg-info to /home/nicolas/ws_ros2/install/my_tf2_package/lib/python3.10/site-packages/my_tf2_package-0.0.0-py3.10.egg-info\n'}
[0.612598] (my_tf2_package) StdoutLine: {'line': b'running install_scripts\n'}
[0.612981] (px4_msgs) StdoutLine: {'line': b'[ 88%] Built target px4_msgs__rosidl_typesupport_fastrtps_c\n'}
[0.627359] (my_tf2_package) StdoutLine: {'line': b'Installing drone_tf_node script to /home/nicolas/ws_ros2/install/my_tf2_package/lib/my_tf2_package\n'}
[0.627617] (my_tf2_package) StdoutLine: {'line': b"writing list of installed files to '/home/nicolas/ws_ros2/build/my_tf2_package/install.log'\n"}
[0.630711] (px4_msgs) StdoutLine: {'line': b'[ 88%] Built target px4_msgs\n'}
[0.644830] (my_tf2_package) CommandEnded: {'returncode': 0}
[0.649269] (my_tf2_package) JobEnded: {'identifier': 'my_tf2_package', 'rc': 0}
[0.656819] (px4_msgs) StdoutLine: {'line': b'[ 88%] Built target px4_msgs__py\n'}
[0.701098] (-) TimerEvent: {}
[0.724934] (px4_msgs) StdoutLine: {'line': b'running egg_info\n'}
[0.725423] (px4_msgs) StdoutLine: {'line': b'writing px4_msgs.egg-info/PKG-INFO\n'}
[0.725661] (px4_msgs) StdoutLine: {'line': b'writing dependency_links to px4_msgs.egg-info/dependency_links.txt\n'}
[0.725742] (px4_msgs) StdoutLine: {'line': b'writing top-level names to px4_msgs.egg-info/top_level.txt\n'}
[0.729289] (px4_msgs) StdoutLine: {'line': b"reading manifest file 'px4_msgs.egg-info/SOURCES.txt'\n"}
[0.732335] (px4_msgs) StdoutLine: {'line': b"writing manifest file 'px4_msgs.egg-info/SOURCES.txt'\n"}
[0.741786] (px4_msgs) StdoutLine: {'line': b'[100%] Built target px4_msgs__rosidl_generator_py\n'}
[0.751492] (px4_msgs) StdoutLine: {'line': b'[100%] Built target ament_cmake_python_build_px4_msgs_egg\n'}
[0.759344] (px4_msgs) StdoutLine: {'line': b'[100%] Built target px4_msgs__rosidl_typesupport_introspection_c__pyext\n'}
[0.761164] (px4_msgs) StdoutLine: {'line': b'[100%] Built target px4_msgs__rosidl_typesupport_c__pyext\n'}
[0.761316] (px4_msgs) StdoutLine: {'line': b'[100%] Built target px4_msgs__rosidl_typesupport_fastrtps_c__pyext\n'}
[0.768650] (px4_msgs) CommandEnded: {'returncode': 0}
[0.769449] (px4_msgs) JobProgress: {'identifier': 'px4_msgs', 'progress': 'install'}
[0.769666] (px4_msgs) Command: {'cmd': ['/usr/bin/cmake', '--install', '/home/nicolas/ws_ros2/build/px4_msgs'], 'cwd': '/home/nicolas/ws_ros2/build/px4_msgs', 'env': OrderedDict([('LESSOPEN', '| /usr/bin/lesspipe %s'), ('USER', 'nicolas'), ('LC_TIME', 'fr_FR.UTF-8'), ('XDG_SESSION_TYPE', 'x11'), ('SHLVL', '1'), ('LD_LIBRARY_PATH', '/opt/ros/humble/opt/rviz_ogre_vendor/lib:/opt/ros/humble/lib/x86_64-linux-gnu:/opt/ros/humble/lib'), ('HOME', '/home/nicolas'), ('OLDPWD', '/home/nicolas'), ('DESKTOP_SESSION', 'ubuntu'), ('ROS_PYTHON_VERSION', '3'), ('GNOME_SHELL_SESSION_MODE', 'ubuntu'), ('GTK_MODULES', 'gail:atk-bridge'), ('LC_MONETARY', 'fr_FR.UTF-8'), ('SYSTEMD_EXEC_PID', '2027'), ('DBUS_SESSION_BUS_ADDRESS', 'unix:path=/run/user/1000/bus'), ('COLORTERM', 'truecolor'), ('ROS_DISTRO', 'humble'), ('GTK_IM_MODULE', 'ibus'), ('LOGNAME', 'nicolas'), ('_', '/usr/bin/colcon'), ('ROS_VERSION', '2'), ('XDG_SESSION_CLASS', 'user'), ('USERNAME', 'nicolas'), ('TERM', 'xterm-256color'), ('GNOME_DESKTOP_SESSION_ID', 'this-is-deprecated'), ('ROS_LOCALHOST_ONLY', '0'), ('WINDOWPATH', '2'), ('PATH', '/opt/ros/humble/bin:/home/nicolas/.local/bin:/usr/local/sbin:/usr/local/bin:/usr/sbin:/usr/bin:/sbin:/bin:/usr/games:/usr/local/games:/snap/bin:/snap/bin:/opt/xtensa-esp-elf/bin/'), ('SESSION_MANAGER', 'local/nicolas-Deputy-P60:@/tmp/.ICE-unix/2004,unix/nicolas-Deputy-P60:/tmp/.ICE-unix/2004'), ('XDG_MENU_PREFIX', 'gnome-'), ('LC_ADDRESS', 'fr_FR.UTF-8'), ('GNOME_TERMINAL_SCREEN', '/org/gnome/Terminal/screen/696021e5_049f_48dd_8a7d_6dc34b7a7d23'), ('XDG_RUNTIME_DIR', '/run/user/1000'), ('DISPLAY', ':1'), ('LANG', 'en_US.UTF-8'), ('XDG_CURRENT_DESKTOP', 'ubuntu:GNOME'), ('LC_TELEPHONE', 'fr_FR.UTF-8'), ('XMODIFIERS', '@im=ibus'), ('XDG_SESSION_DESKTOP', 'ubuntu'), ('XAUTHORITY', '/run/user/1000/gdm/Xauthority'), ('LS_COLORS', 'rs=0:di=01;34:ln=01;36:mh=00:pi=40;33:so=01;35:do=01;35:bd=40;33;01:cd=40;33;01:or=40;31;01:mi=00:su=37;41:sg=30;43:ca=30;41:tw=30;42:ow=34;42:st=37;44:ex=01;32:*.tar=01;31:*.tgz=01;31:*.arc=01;31:*.arj=01;31:*.taz=01;31:*.lha=01;31:*.lz4=01;31:*.lzh=01;31:*.lzma=01;31:*.tlz=01;31:*.txz=01;31:*.tzo=01;31:*.t7z=01;31:*.zip=01;31:*.z=01;31:*.dz=01;31:*.gz=01;31:*.lrz=01;31:*.lz=01;31:*.lzo=01;31:*.xz=01;31:*.zst=01;31:*.tzst=01;31:*.bz2=01;31:*.bz=01;31:*.tbz=01;31:*.tbz2=01;31:*.tz=01;31:*.deb=01;31:*.rpm=01;31:*.jar=01;31:*.war=01;31:*.ear=01;31:*.sar=01;31:*.rar=01;31:*.alz=01;31:*.ace=01;31:*.zoo=01;31:*.cpio=01;31:*.7z=01;31:*.rz=01;31:*.cab=01;31:*.wim=01;31:*.swm=01;31:*.dwm=01;31:*.esd=01;31:*.jpg=01;35:*.jpeg=01;35:*.mjpg=01;35:*.mjpeg=01;35:*.gif=01;35:*.bmp=01;35:*.pbm=01;35:*.pgm=01;35:*.ppm=01;35:*.tga=01;35:*.xbm=01;35:*.xpm=01;35:*.tif=01;35:*.tiff=01;35:*.png=01;35:*.svg=01;35:*.svgz=01;35:*.mng=01;35:*.pcx=01;35:*.mov=01;35:*.mpg=01;35:*.mpeg=01;35:*.m2v=01;35:*.mkv=01;35:*.webm=01;35:*.webp=01;35:*.ogm=01;35:*.mp4=01;35:*.m4v=01;35:*.mp4v=01;35:*.vob=01;35:*.qt=01;35:*.nuv=01;35:*.wmv=01;35:*.asf=01;35:*.rm=01;35:*.rmvb=01;35:*.flc=01;35:*.avi=01;35:*.fli=01;35:*.flv=01;35:*.gl=01;35:*.dl=01;35:*.xcf=01;35:*.xwd=01;35:*.yuv=01;35:*.cgm=01;35:*.emf=01;35:*.ogv=01;35:*.ogx=01;35:*.aac=00;36:*.au=00;36:*.flac=00;36:*.m4a=00;36:*.mid=00;36:*.midi=00;36:*.mka=00;36:*.mp3=00;36:*.mpc=00;36:*.ogg=00;36:*.ra=00;36:*.wav=00;36:*.oga=00;36:*.opus=00;36:*.spx=00;36:*.xspf=00;36:'), ('GNOME_TERMINAL_SERVICE', ':1.145'), ('SSH_AGENT_LAUNCHER', 'gnome-keyring'), ('SSH_AUTH_SOCK', '/run/user/1000/keyring/ssh'), ('AMENT_PREFIX_PATH', '/opt/ros/humble'), ('SHELL', '/bin/bash'), ('LC_NAME', 'fr_FR.UTF-8'), ('QT_ACCESSIBILITY', '1'), ('GDMSESSION', 'ubuntu'), ('LESSCLOSE', '/usr/bin/lesspipe %s %s'), ('LC_MEASUREMENT', 'fr_FR.UTF-8'), ('GPG_AGENT_INFO', '/run/user/1000/gnupg/S.gpg-agent:0:1'), ('LC_IDENTIFICATION', 'fr_FR.UTF-8'), ('QT_IM_MODULE', 'ibus'), ('PWD', '/home/nicolas/ws_ros2/build/px4_msgs'), ('LC_ALL', 'en_US.UTF-8'), ('XDG_CONFIG_DIRS', '/etc/xdg/xdg-ubuntu:/etc/xdg'), ('XDG_DATA_DIRS', '/usr/share/ubuntu:/usr/share/gnome:/usr/local/share/:/usr/share/:/var/lib/snapd/desktop'), ('PYTHONPATH', '/opt/ros/humble/lib/python3.10/site-packages:/opt/ros/humble/local/lib/python3.10/dist-packages'), ('LC_NUMERIC', 'fr_FR.UTF-8'), ('LC_PAPER', 'fr_FR.UTF-8'), ('COLCON', '1'), ('VTE_VERSION', '6800'), ('CMAKE_PREFIX_PATH', '/opt/ros/humble')]), 'shell': False}
[0.778101] (px4_msgs) StdoutLine: {'line': b'-- Install configuration: ""\n'}
[0.778229] (px4_msgs) StdoutLine: {'line': b'-- Up-to-date: /home/nicolas/ws_ros2/install/px4_msgs/share/ament_index/resource_index/rosidl_interfaces/px4_msgs\n'}
[0.778283] (px4_msgs) StdoutLine: {'line': b'-- Up-to-date: /home/nicolas/ws_ros2/install/px4_msgs/include/px4_msgs/px4_msgs\n'}
[0.778331] (px4_msgs) StdoutLine: {'line': b'-- Up-to-date: /home/nicolas/ws_ros2/install/px4_msgs/include/px4_msgs/px4_msgs/srv\n'}
[0.778376] (px4_msgs) StdoutLine: {'line': b'-- Up-to-date: /home/nicolas/ws_ros2/install/px4_msgs/include/px4_msgs/px4_msgs/srv/detail\n'}
[0.778446] (px4_msgs) StdoutLine: {'line': b'-- Up-to-date: /home/nicolas/ws_ros2/install/px4_msgs/include/px4_msgs/px4_msgs/srv/detail/vehicle_command__type_support.h\n'}
[0.778491] (px4_msgs) StdoutLine: {'line': b'-- Up-to-date: /home/nicolas/ws_ros2/install/px4_msgs/include/px4_msgs/px4_msgs/srv/detail/vehicle_command__struct.h\n'}
[0.778536] (px4_msgs) StdoutLine: {'line': b'-- Up-to-date: /home/nicolas/ws_ros2/install/px4_msgs/include/px4_msgs/px4_msgs/srv/detail/vehicle_command__functions.c\n'}
[0.778579] (px4_msgs) StdoutLine: {'line': b'-- Up-to-date: /home/nicolas/ws_ros2/install/px4_msgs/include/px4_msgs/px4_msgs/srv/detail/vehicle_command__functions.h\n'}
[0.778621] (px4_msgs) StdoutLine: {'line': b'-- Up-to-date: /home/nicolas/ws_ros2/install/px4_msgs/include/px4_msgs/px4_msgs/srv/vehicle_command.h\n'}
[0.778665] (px4_msgs) StdoutLine: {'line': b'-- Up-to-date: /home/nicolas/ws_ros2/install/px4_msgs/include/px4_msgs/px4_msgs/msg\n'}
[0.778707] (px4_msgs) StdoutLine: {'line': b'-- Up-to-date: /home/nicolas/ws_ros2/install/px4_msgs/include/px4_msgs/px4_msgs/msg/distance_sensor.h\n'}
[0.778749] (px4_msgs) StdoutLine: {'line': b'-- Up-to-date: /home/nicolas/ws_ros2/install/px4_msgs/include/px4_msgs/px4_msgs/msg/airspeed.h\n'}
[0.778791] (px4_msgs) StdoutLine: {'line': b'-- Up-to-date: /home/nicolas/ws_ros2/install/px4_msgs/include/px4_msgs/px4_msgs/msg/actuator_armed.h\n'}
[0.778832] (px4_msgs) StdoutLine: {'line': b'-- Up-to-date: /home/nicolas/ws_ros2/install/px4_msgs/include/px4_msgs/px4_msgs/msg/debug_key_value.h\n'}
[0.778891] (px4_msgs) StdoutLine: {'line': b'-- Up-to-date: /home/nicolas/ws_ros2/install/px4_msgs/include/px4_msgs/px4_msgs/msg/sensor_gnss_status.h\n'}
[0.779040] (px4_msgs) StdoutLine: {'line': b'-- Up-to-date: /home/nicolas/ws_ros2/install/px4_msgs/include/px4_msgs/px4_msgs/msg/fixed_wing_longitudinal_setpoint.h\n'}
[0.779176] (px4_msgs) StdoutLine: {'line': b'-- Up-to-date: /home/nicolas/ws_ros2/install/px4_msgs/include/px4_msgs/px4_msgs/msg/actuator_controls_status.h\n'}
[0.779286] (px4_msgs) StdoutLine: {'line': b'-- Up-to-date: /home/nicolas/ws_ros2/install/px4_msgs/include/px4_msgs/px4_msgs/msg/gimbal_device_set_attitude.h\n'}
[0.779403] (px4_msgs) StdoutLine: {'line': b'-- Up-to-date: /home/nicolas/ws_ros2/install/px4_msgs/include/px4_msgs/px4_msgs/msg/message_format_response.h\n'}
[0.779477] (px4_msgs) StdoutLine: {'line': b'-- Up-to-date: /home/nicolas/ws_ros2/install/px4_msgs/include/px4_msgs/px4_msgs/msg/pwm_input.h\n'}
[0.779548] (px4_msgs) StdoutLine: {'line': b'-- Up-to-date: /home/nicolas/ws_ros2/install/px4_msgs/include/px4_msgs/px4_msgs/msg/vehicle_angular_acceleration_setpoint.h\n'}
[0.779607] (px4_msgs) StdoutLine: {'line': b'-- Up-to-date: /home/nicolas/ws_ros2/install/px4_msgs/include/px4_msgs/px4_msgs/msg/sensor_accel.h\n'}
[0.779663] (px4_msgs) StdoutLine: {'line': b'-- Up-to-date: /home/nicolas/ws_ros2/install/px4_msgs/include/px4_msgs/px4_msgs/msg/vehicle_torque_setpoint.h\n'}
[0.779760] (px4_msgs) StdoutLine: {'line': b'-- Up-to-date: /home/nicolas/ws_ros2/install/px4_msgs/include/px4_msgs/px4_msgs/msg/parameter_reset_request.h\n'}
[0.779876] (px4_msgs) StdoutLine: {'line': b'-- Up-to-date: /home/nicolas/ws_ros2/install/px4_msgs/include/px4_msgs/px4_msgs/msg/vehicle_land_detected.h\n'}
[0.779983] (px4_msgs) StdoutLine: {'line': b'-- Up-to-date: /home/nicolas/ws_ros2/install/px4_msgs/include/px4_msgs/px4_msgs/msg/dataman_request.h\n'}
[0.780089] (px4_msgs) StdoutLine: {'line': b'-- Up-to-date: /home/nicolas/ws_ros2/install/px4_msgs/include/px4_msgs/px4_msgs/msg/rate_ctrl_status.h\n'}
[0.780197] (px4_msgs) StdoutLine: {'line': b'-- Up-to-date: /home/nicolas/ws_ros2/install/px4_msgs/include/px4_msgs/px4_msgs/msg/sensor_gnss_relative.h\n'}
[0.780302] (px4_msgs) StdoutLine: {'line': b'-- Up-to-date: /home/nicolas/ws_ros2/install/px4_msgs/include/px4_msgs/px4_msgs/msg/rc_parameter_map.h\n'}
[0.780409] (px4_msgs) StdoutLine: {'line': b'-- Up-to-date: /home/nicolas/ws_ros2/install/px4_msgs/include/px4_msgs/px4_msgs/msg/distance_sensor_mode_change_request.h\n'}
[0.780506] (px4_msgs) StdoutLine: {'line': b'-- Up-to-date: /home/nicolas/ws_ros2/install/px4_msgs/include/px4_msgs/px4_msgs/msg/orbit_status.h\n'}
[0.780612] (px4_msgs) StdoutLine: {'line': b'-- Up-to-date: /home/nicolas/ws_ros2/install/px4_msgs/include/px4_msgs/px4_msgs/msg/gimbal_manager_status.h\n'}
[0.780715] (px4_msgs) StdoutLine: {'line': b'-- Up-to-date: /home/nicolas/ws_ros2/install/px4_msgs/include/px4_msgs/px4_msgs/msg/system_power.h\n'}
[0.780817] (px4_msgs) StdoutLine: {'line': b'-- Up-to-date: /home/nicolas/ws_ros2/install/px4_msgs/include/px4_msgs/px4_msgs/msg/neural_control.h\n'}
[0.780926] (px4_msgs) StdoutLine: {'line': b'-- Up-to-date: /home/nicolas/ws_ros2/install/px4_msgs/include/px4_msgs/px4_msgs/msg/px4io_status.h\n'}
[0.780996] (px4_msgs) StdoutLine: {'line': b'-- Up-to-date: /home/nicolas/ws_ros2/install/px4_msgs/include/px4_msgs/px4_msgs/msg/vehicle_attitude.h\n'}
[0.781193] (px4_msgs) StdoutLine: {'line': b'-- Up-to-date: /home/nicolas/ws_ros2/install/px4_msgs/include/px4_msgs/px4_msgs/msg/manual_control_setpoint.h\n'}
[0.781241] (px4_msgs) StdoutLine: {'line': b'-- Up-to-date: /home/nicolas/ws_ros2/install/px4_msgs/include/px4_msgs/px4_msgs/msg/sensor_optical_flow.h\n'}
[0.781273] (px4_msgs) StdoutLine: {'line': b'-- Up-to-date: /home/nicolas/ws_ros2/install/px4_msgs/include/px4_msgs/px4_msgs/msg/cellular_status.h\n'}
[0.781303] (px4_msgs) StdoutLine: {'line': b'-- Up-to-date: /home/nicolas/ws_ros2/install/px4_msgs/include/px4_msgs/px4_msgs/msg/rover_throttle_setpoint.h\n'}
[0.781332] (px4_msgs) StdoutLine: {'line': b'-- Up-to-date: /home/nicolas/ws_ros2/install/px4_msgs/include/px4_msgs/px4_msgs/msg/onboard_computer_status.h\n'}
[0.781359] (px4_msgs) StdoutLine: {'line': b'-- Up-to-date: /home/nicolas/ws_ros2/install/px4_msgs/include/px4_msgs/px4_msgs/msg/sensor_hygrometer.h\n'}
[0.781386] (px4_msgs) StdoutLine: {'line': b'-- Up-to-date: /home/nicolas/ws_ros2/install/px4_msgs/include/px4_msgs/px4_msgs/msg/offboard_control_mode.h\n'}
[0.781414] (px4_msgs) StdoutLine: {'line': b'-- Up-to-date: /home/nicolas/ws_ros2/install/px4_msgs/include/px4_msgs/px4_msgs/msg/fixed_wing_lateral_guidance_status.h\n'}
[0.781441] (px4_msgs) StdoutLine: {'line': b'-- Up-to-date: /home/nicolas/ws_ros2/install/px4_msgs/include/px4_msgs/px4_msgs/msg/fuel_tank_status.h\n'}
[0.781469] (px4_msgs) StdoutLine: {'line': b'-- Up-to-date: /home/nicolas/ws_ros2/install/px4_msgs/include/px4_msgs/px4_msgs/msg/vehicle_optical_flow.h\n'}
[0.781496] (px4_msgs) StdoutLine: {'line': b'-- Up-to-date: /home/nicolas/ws_ros2/install/px4_msgs/include/px4_msgs/px4_msgs/msg/battery_info.h\n'}
[0.781523] (px4_msgs) StdoutLine: {'line': b'-- Up-to-date: /home/nicolas/ws_ros2/install/px4_msgs/include/px4_msgs/px4_msgs/msg/orb_test.h\n'}
[0.781549] (px4_msgs) StdoutLine: {'line': b'-- Up-to-date: /home/nicolas/ws_ros2/install/px4_msgs/include/px4_msgs/px4_msgs/msg/sensors_status.h\n'}
[0.781736] (px4_msgs) StdoutLine: {'line': b'-- Up-to-date: /home/nicolas/ws_ros2/install/px4_msgs/include/px4_msgs/px4_msgs/msg/battery_status.h\n'}
[0.781779] (px4_msgs) StdoutLine: {'line': b'-- Up-to-date: /home/nicolas/ws_ros2/install/px4_msgs/include/px4_msgs/px4_msgs/msg/gps_inject_data.h\n'}
[0.781811] (px4_msgs) StdoutLine: {'line': b'-- Up-to-date: /home/nicolas/ws_ros2/install/px4_msgs/include/px4_msgs/px4_msgs/msg/unregister_ext_component.h\n'}
[0.781841] (px4_msgs) StdoutLine: {'line': b'-- Up-to-date: /home/nicolas/ws_ros2/install/px4_msgs/include/px4_msgs/px4_msgs/msg/mission_result.h\n'}
[0.781869] (px4_msgs) StdoutLine: {'line': b'-- Up-to-date: /home/nicolas/ws_ros2/install/px4_msgs/include/px4_msgs/px4_msgs/msg/debug_array.h\n'}
[0.781906] (px4_msgs) StdoutLine: {'line': b'-- Up-to-date: /home/nicolas/ws_ros2/install/px4_msgs/include/px4_msgs/px4_msgs/msg/manual_control_switches.h\n'}
[0.782179] (px4_msgs) StdoutLine: {'line': b'-- Up-to-date: /home/nicolas/ws_ros2/install/px4_msgs/include/px4_msgs/px4_msgs/msg/actuator_outputs.h\n'}
[0.782259] (px4_msgs) StdoutLine: {'line': b'-- Up-to-date: /home/nicolas/ws_ros2/install/px4_msgs/include/px4_msgs/px4_msgs/msg/ulog_stream.h\n'}
[0.782305] (px4_msgs) StdoutLine: {'line': b'-- Up-to-date: /home/nicolas/ws_ros2/install/px4_msgs/include/px4_msgs/px4_msgs/msg/home_position.h\n'}
[0.782337] (px4_msgs) StdoutLine: {'line': b'-- Up-to-date: /home/nicolas/ws_ros2/install/px4_msgs/include/px4_msgs/px4_msgs/msg/estimator_status.h\n'}
[0.782366] (px4_msgs) StdoutLine: {'line': b'-- Up-to-date: /home/nicolas/ws_ros2/install/px4_msgs/include/px4_msgs/px4_msgs/msg/mount_orientation.h\n'}
[0.782394] (px4_msgs) StdoutLine: {'line': b'-- Up-to-date: /home/nicolas/ws_ros2/install/px4_msgs/include/px4_msgs/px4_msgs/msg/vehicle_control_mode.h\n'}
[0.782422] (px4_msgs) StdoutLine: {'line': b'-- Up-to-date: /home/nicolas/ws_ros2/install/px4_msgs/include/px4_msgs/px4_msgs/msg/dataman_response.h\n'}
[0.782449] (px4_msgs) StdoutLine: {'line': b'-- Up-to-date: /home/nicolas/ws_ros2/install/px4_msgs/include/px4_msgs/px4_msgs/msg/telemetry_status.h\n'}
[0.782475] (px4_msgs) StdoutLine: {'line': b'-- Up-to-date: /home/nicolas/ws_ros2/install/px4_msgs/include/px4_msgs/px4_msgs/msg/qshell_req.h\n'}
[0.782503] (px4_msgs) StdoutLine: {'line': b'-- Up-to-date: /home/nicolas/ws_ros2/install/px4_msgs/include/px4_msgs/px4_msgs/msg/pps_capture.h\n'}
[0.782539] (px4_msgs) StdoutLine: {'line': b'-- Up-to-date: /home/nicolas/ws_ros2/install/px4_msgs/include/px4_msgs/px4_msgs/msg/vtol_vehicle_status.h\n'}
[0.782568] (px4_msgs) StdoutLine: {'line': b'-- Up-to-date: /home/nicolas/ws_ros2/install/px4_msgs/include/px4_msgs/px4_msgs/msg/estimator_aid_source1d.h\n'}
[0.782596] (px4_msgs) StdoutLine: {'line': b'-- Up-to-date: /home/nicolas/ws_ros2/install/px4_msgs/include/px4_msgs/px4_msgs/msg/rover_rate_status.h\n'}
[0.782693] (px4_msgs) StdoutLine: {'line': b'-- Up-to-date: /home/nicolas/ws_ros2/install/px4_msgs/include/px4_msgs/px4_msgs/msg/follow_target.h\n'}
[0.782722] (px4_msgs) StdoutLine: {'line': b'-- Up-to-date: /home/nicolas/ws_ros2/install/px4_msgs/include/px4_msgs/px4_msgs/msg/follow_target_status.h\n'}
[0.782749] (px4_msgs) StdoutLine: {'line': b'-- Up-to-date: /home/nicolas/ws_ros2/install/px4_msgs/include/px4_msgs/px4_msgs/msg/control_allocator_status.h\n'}
[0.782776] (px4_msgs) StdoutLine: {'line': b'-- Up-to-date: /home/nicolas/ws_ros2/install/px4_msgs/include/px4_msgs/px4_msgs/msg/vehicle_imu.h\n'}
[0.782802] (px4_msgs) StdoutLine: {'line': b'-- Up-to-date: /home/nicolas/ws_ros2/install/px4_msgs/include/px4_msgs/px4_msgs/msg/mavlink_log.h\n'}
[0.782828] (px4_msgs) StdoutLine: {'line': b'-- Up-to-date: /home/nicolas/ws_ros2/install/px4_msgs/include/px4_msgs/px4_msgs/msg/landing_gear.h\n'}
[0.782855] (px4_msgs) StdoutLine: {'line': b'-- Up-to-date: /home/nicolas/ws_ros2/install/px4_msgs/include/px4_msgs/px4_msgs/msg/sensor_gyro_fft.h\n'}
[0.782881] (px4_msgs) StdoutLine: {'line': b'-- Up-to-date: /home/nicolas/ws_ros2/install/px4_msgs/include/px4_msgs/px4_msgs/msg/gpio_request.h\n'}
[0.782906] (px4_msgs) StdoutLine: {'line': b'-- Up-to-date: /home/nicolas/ws_ros2/install/px4_msgs/include/px4_msgs/px4_msgs/msg/gpio_out.h\n'}
[0.782948] (px4_msgs) StdoutLine: {'line': b'-- Up-to-date: /home/nicolas/ws_ros2/install/px4_msgs/include/px4_msgs/px4_msgs/msg/mission.h\n'}
[0.782975] (px4_msgs) StdoutLine: {'line': b'-- Up-to-date: /home/nicolas/ws_ros2/install/px4_msgs/include/px4_msgs/px4_msgs/msg/debug_value.h\n'}
[0.783001] (px4_msgs) StdoutLine: {'line': b'-- Up-to-date: /home/nicolas/ws_ros2/install/px4_msgs/include/px4_msgs/px4_msgs/msg/position_controller_landing_status.h\n'}
[0.783028] (px4_msgs) StdoutLine: {'line': b'-- Up-to-date: /home/nicolas/ws_ros2/install/px4_msgs/include/px4_msgs/px4_msgs/msg/input_rc.h\n'}
[0.783220] (px4_msgs) StdoutLine: {'line': b'-- Up-to-date: /home/nicolas/ws_ros2/install/px4_msgs/include/px4_msgs/px4_msgs/msg/esc_status.h\n'}
[0.783268] (px4_msgs) StdoutLine: {'line': b'-- Up-to-date: /home/nicolas/ws_ros2/install/px4_msgs/include/px4_msgs/px4_msgs/msg/mag_worker_data.h\n'}
[0.783301] (px4_msgs) StdoutLine: {'line': b'-- Up-to-date: /home/nicolas/ws_ros2/install/px4_msgs/include/px4_msgs/px4_msgs/msg/wind.h\n'}
[0.783339] (px4_msgs) StdoutLine: {'line': b'-- Up-to-date: /home/nicolas/ws_ros2/install/px4_msgs/include/px4_msgs/px4_msgs/msg/can_interface_status.h\n'}
[0.783368] (px4_msgs) StdoutLine: {'line': b'-- Up-to-date: /home/nicolas/ws_ros2/install/px4_msgs/include/px4_msgs/px4_msgs/msg/gimbal_manager_set_manual_control.h\n'}
[0.783396] (px4_msgs) StdoutLine: {'line': b'-- Up-to-date: /home/nicolas/ws_ros2/install/px4_msgs/include/px4_msgs/px4_msgs/msg/radio_status.h\n'}
[0.783424] (px4_msgs) StdoutLine: {'line': b'-- Up-to-date: /home/nicolas/ws_ros2/install/px4_msgs/include/px4_msgs/px4_msgs/msg/rover_steering_setpoint.h\n'}
[0.783451] (px4_msgs) StdoutLine: {'line': b'-- Up-to-date: /home/nicolas/ws_ros2/install/px4_msgs/include/px4_msgs/px4_msgs/msg/position_setpoint.h\n'}
[0.783479] (px4_msgs) StdoutLine: {'line': b'-- Up-to-date: /home/nicolas/ws_ros2/install/px4_msgs/include/px4_msgs/px4_msgs/msg/vehicle_constraints.h\n'}
[0.783507] (px4_msgs) StdoutLine: {'line': b'-- Up-to-date: /home/nicolas/ws_ros2/install/px4_msgs/include/px4_msgs/px4_msgs/msg/power_button_state.h\n'}
[0.783534] (px4_msgs) StdoutLine: {'line': b'-- Up-to-date: /home/nicolas/ws_ros2/install/px4_msgs/include/px4_msgs/px4_msgs/msg/goto_setpoint.h\n'}
[0.783656] (px4_msgs) StdoutLine: {'line': b'-- Up-to-date: /home/nicolas/ws_ros2/install/px4_msgs/include/px4_msgs/px4_msgs/msg/parameter_set_used_request.h\n'}
[0.783734] (px4_msgs) StdoutLine: {'line': b'-- Up-to-date: /home/nicolas/ws_ros2/install/px4_msgs/include/px4_msgs/px4_msgs/msg/detail\n'}
[0.783775] (px4_msgs) StdoutLine: {'line': b'-- Up-to-date: /home/nicolas/ws_ros2/install/px4_msgs/include/px4_msgs/px4_msgs/msg/detail/flight_phase_estimation__functions.h\n'}
[0.783812] (px4_msgs) StdoutLine: {'line': b'-- Up-to-date: /home/nicolas/ws_ros2/install/px4_msgs/include/px4_msgs/px4_msgs/msg/detail/esc_status__functions.h\n'}
[0.783899] (px4_msgs) StdoutLine: {'line': b'-- Up-to-date: /home/nicolas/ws_ros2/install/px4_msgs/include/px4_msgs/px4_msgs/msg/detail/differential_pressure__functions.c\n'}
[0.783981] (px4_msgs) StdoutLine: {'line': b'-- Up-to-date: /home/nicolas/ws_ros2/install/px4_msgs/include/px4_msgs/px4_msgs/msg/detail/led_control__functions.h\n'}
[0.784020] (px4_msgs) StdoutLine: {'line': b'-- Up-to-date: /home/nicolas/ws_ros2/install/px4_msgs/include/px4_msgs/px4_msgs/msg/detail/parameter_set_value_response__functions.h\n'}
[0.784056] (px4_msgs) StdoutLine: {'line': b'-- Up-to-date: /home/nicolas/ws_ros2/install/px4_msgs/include/px4_msgs/px4_msgs/msg/detail/debug_key_value__functions.c\n'}
[0.784091] (px4_msgs) StdoutLine: {'line': b'-- Up-to-date: /home/nicolas/ws_ros2/install/px4_msgs/include/px4_msgs/px4_msgs/msg/detail/estimator_selector_status__struct.h\n'}
[0.784125] (px4_msgs) StdoutLine: {'line': b'-- Up-to-date: /home/nicolas/ws_ros2/install/px4_msgs/include/px4_msgs/px4_msgs/msg/detail/open_drone_id_self_id__struct.h\n'}
[0.784157] (px4_msgs) StdoutLine: {'line': b'-- Up-to-date: /home/nicolas/ws_ros2/install/px4_msgs/include/px4_msgs/px4_msgs/msg/detail/gpio_out__functions.h\n'}
[0.784188] (px4_msgs) StdoutLine: {'line': b'-- Up-to-date: /home/nicolas/ws_ros2/install/px4_msgs/include/px4_msgs/px4_msgs/msg/detail/vehicle_odometry__functions.h\n'}
[0.784221] (px4_msgs) StdoutLine: {'line': b'-- Up-to-date: /home/nicolas/ws_ros2/install/px4_msgs/include/px4_msgs/px4_msgs/msg/detail/config_overrides__functions.c\n'}
[0.784310] (px4_msgs) StdoutLine: {'line': b'-- Up-to-date: /home/nicolas/ws_ros2/install/px4_msgs/include/px4_msgs/px4_msgs/msg/detail/tiltrotor_extra_controls__functions.h\n'}
[0.784345] (px4_msgs) StdoutLine: {'line': b'-- Up-to-date: /home/nicolas/ws_ros2/install/px4_msgs/include/px4_msgs/px4_msgs/msg/detail/sensor_gps__type_support.h\n'}
[0.784378] (px4_msgs) StdoutLine: {'line': b'-- Up-to-date: /home/nicolas/ws_ros2/install/px4_msgs/include/px4_msgs/px4_msgs/msg/detail/fixed_wing_lateral_guidance_status__functions.c\n'}
[0.784411] (px4_msgs) StdoutLine: {'line': b'-- Up-to-date: /home/nicolas/ws_ros2/install/px4_msgs/include/px4_msgs/px4_msgs/msg/detail/gps_inject_data__functions.c\n'}
[0.784457] (px4_msgs) StdoutLine: {'line': b'-- Up-to-date: /home/nicolas/ws_ros2/install/px4_msgs/include/px4_msgs/px4_msgs/msg/detail/landing_target_innovations__functions.c\n'}
[0.784490] (px4_msgs) StdoutLine: {'line': b'-- Up-to-date: /home/nicolas/ws_ros2/install/px4_msgs/include/px4_msgs/px4_msgs/msg/detail/dronecan_node_status__struct.h\n'}
[0.784522] (px4_msgs) StdoutLine: {'line': b'-- Up-to-date: /home/nicolas/ws_ros2/install/px4_msgs/include/px4_msgs/px4_msgs/msg/detail/button_event__functions.h\n'}
[0.784582] (px4_msgs) StdoutLine: {'line': b'-- Up-to-date: /home/nicolas/ws_ros2/install/px4_msgs/include/px4_msgs/px4_msgs/msg/detail/config_overrides__struct.h\n'}
[0.784615] (px4_msgs) StdoutLine: {'line': b'-- Up-to-date: /home/nicolas/ws_ros2/install/px4_msgs/include/px4_msgs/px4_msgs/msg/detail/sensor_gnss_status__type_support.h\n'}
[0.784646] (px4_msgs) StdoutLine: {'line': b'-- Up-to-date: /home/nicolas/ws_ros2/install/px4_msgs/include/px4_msgs/px4_msgs/msg/detail/power_button_state__functions.c\n'}
[0.784678] (px4_msgs) StdoutLine: {'line': b'-- Up-to-date: /home/nicolas/ws_ros2/install/px4_msgs/include/px4_msgs/px4_msgs/msg/detail/debug_key_value__functions.h\n'}
[0.784710] (px4_msgs) StdoutLine: {'line': b'-- Up-to-date: /home/nicolas/ws_ros2/install/px4_msgs/include/px4_msgs/px4_msgs/msg/detail/navigator_status__functions.c\n'}
[0.784742] (px4_msgs) StdoutLine: {'line': b'-- Up-to-date: /home/nicolas/ws_ros2/install/px4_msgs/include/px4_msgs/px4_msgs/msg/detail/rover_rate_status__struct.h\n'}
[0.784773] (px4_msgs) StdoutLine: {'line': b'-- Up-to-date: /home/nicolas/ws_ros2/install/px4_msgs/include/px4_msgs/px4_msgs/msg/detail/power_button_state__struct.h\n'}
[0.784805] (px4_msgs) StdoutLine: {'line': b'-- Up-to-date: /home/nicolas/ws_ros2/install/px4_msgs/include/px4_msgs/px4_msgs/msg/detail/hover_thrust_estimate__struct.h\n'}
[0.784838] (px4_msgs) StdoutLine: {'line': b'-- Up-to-date: /home/nicolas/ws_ros2/install/px4_msgs/include/px4_msgs/px4_msgs/msg/detail/power_button_state__functions.h\n'}
[0.784869] (px4_msgs) StdoutLine: {'line': b'-- Up-to-date: /home/nicolas/ws_ros2/install/px4_msgs/include/px4_msgs/px4_msgs/msg/detail/estimator_bias3d__functions.h\n'}
[0.784900] (px4_msgs) StdoutLine: {'line': b'-- Up-to-date: /home/nicolas/ws_ros2/install/px4_msgs/include/px4_msgs/px4_msgs/msg/detail/actuator_motors__type_support.h\n'}
[0.784937] (px4_msgs) StdoutLine: {'line': b'-- Up-to-date: /home/nicolas/ws_ros2/install/px4_msgs/include/px4_msgs/px4_msgs/msg/detail/timesync_status__type_support.h\n'}
[0.784997] (px4_msgs) StdoutLine: {'line': b'-- Up-to-date: /home/nicolas/ws_ros2/install/px4_msgs/include/px4_msgs/px4_msgs/msg/detail/mode_completed__functions.c\n'}
[0.785030] (px4_msgs) StdoutLine: {'line': b'-- Up-to-date: /home/nicolas/ws_ros2/install/px4_msgs/include/px4_msgs/px4_msgs/msg/detail/landing_gear_wheel__type_support.h\n'}
[0.785063] (px4_msgs) StdoutLine: {'line': b'-- Up-to-date: /home/nicolas/ws_ros2/install/px4_msgs/include/px4_msgs/px4_msgs/msg/detail/navigator_mission_item__functions.h\n'}
[0.785095] (px4_msgs) StdoutLine: {'line': b'-- Up-to-date: /home/nicolas/ws_ros2/install/px4_msgs/include/px4_msgs/px4_msgs/msg/detail/ping__functions.h\n'}
[0.785128] (px4_msgs) StdoutLine: {'line': b'-- Up-to-date: /home/nicolas/ws_ros2/install/px4_msgs/include/px4_msgs/px4_msgs/msg/detail/vehicle_air_data__functions.h\n'}
[0.785160] (px4_msgs) StdoutLine: {'line': b'-- Up-to-date: /home/nicolas/ws_ros2/install/px4_msgs/include/px4_msgs/px4_msgs/msg/detail/sensors_status__functions.h\n'}
[0.785191] (px4_msgs) StdoutLine: {'line': b'-- Up-to-date: /home/nicolas/ws_ros2/install/px4_msgs/include/px4_msgs/px4_msgs/msg/detail/vehicle_imu__type_support.h\n'}
[0.785222] (px4_msgs) StdoutLine: {'line': b'-- Up-to-date: /home/nicolas/ws_ros2/install/px4_msgs/include/px4_msgs/px4_msgs/msg/detail/vehicle_command_ack__functions.h\n'}
[0.785254] (px4_msgs) StdoutLine: {'line': b'-- Up-to-date: /home/nicolas/ws_ros2/install/px4_msgs/include/px4_msgs/px4_msgs/msg/detail/estimator_states__functions.c\n'}
[0.785341] (px4_msgs) StdoutLine: {'line': b'-- Up-to-date: /home/nicolas/ws_ros2/install/px4_msgs/include/px4_msgs/px4_msgs/msg/detail/mount_orientation__type_support.h\n'}
[0.785376] (px4_msgs) StdoutLine: {'line': b'-- Up-to-date: /home/nicolas/ws_ros2/install/px4_msgs/include/px4_msgs/px4_msgs/msg/detail/cellular_status__functions.c\n'}
[0.785409] (px4_msgs) StdoutLine: {'line': b'-- Up-to-date: /home/nicolas/ws_ros2/install/px4_msgs/include/px4_msgs/px4_msgs/msg/detail/event__type_support.h\n'}
[0.785442] (px4_msgs) StdoutLine: {'line': b'-- Up-to-date: /home/nicolas/ws_ros2/install/px4_msgs/include/px4_msgs/px4_msgs/msg/detail/transponder_report__functions.h\n'}
[0.785474] (px4_msgs) StdoutLine: {'line': b'-- Up-to-date: /home/nicolas/ws_ros2/install/px4_msgs/include/px4_msgs/px4_msgs/msg/detail/rover_rate_status__functions.h\n'}
[0.785505] (px4_msgs) StdoutLine: {'line': b'-- Up-to-date: /home/nicolas/ws_ros2/install/px4_msgs/include/px4_msgs/px4_msgs/msg/detail/mission__functions.c\n'}
[0.785650] (px4_msgs) StdoutLine: {'line': b'-- Up-to-date: /home/nicolas/ws_ros2/install/px4_msgs/include/px4_msgs/px4_msgs/msg/detail/pwm_input__functions.c\n'}
[0.785684] (px4_msgs) StdoutLine: {'line': b'-- Up-to-date: /home/nicolas/ws_ros2/install/px4_msgs/include/px4_msgs/px4_msgs/msg/detail/position_controller_landing_status__type_support.h\n'}
[0.785716] (px4_msgs) StdoutLine: {'line': b'-- Up-to-date: /home/nicolas/ws_ros2/install/px4_msgs/include/px4_msgs/px4_msgs/msg/detail/sensors_status_imu__struct.h\n'}
[0.785749] (px4_msgs) StdoutLine: {'line': b'-- Up-to-date: /home/nicolas/ws_ros2/install/px4_msgs/include/px4_msgs/px4_msgs/msg/detail/rover_attitude_setpoint__functions.h\n'}
[0.785780] (px4_msgs) StdoutLine: {'line': b'-- Up-to-date: /home/nicolas/ws_ros2/install/px4_msgs/include/px4_msgs/px4_msgs/msg/detail/can_interface_status__functions.h\n'}
[0.785813] (px4_msgs) StdoutLine: {'line': b'-- Up-to-date: /home/nicolas/ws_ros2/install/px4_msgs/include/px4_msgs/px4_msgs/msg/detail/mag_worker_data__functions.c\n'}
[0.785844] (px4_msgs) StdoutLine: {'line': b'-- Up-to-date: /home/nicolas/ws_ros2/install/px4_msgs/include/px4_msgs/px4_msgs/msg/detail/vehicle_attitude_setpoint__type_support.h\n'}
[0.785875] (px4_msgs) StdoutLine: {'line': b'-- Up-to-date: /home/nicolas/ws_ros2/install/px4_msgs/include/px4_msgs/px4_msgs/msg/detail/launch_detection_status__type_support.h\n'}
[0.785907] (px4_msgs) StdoutLine: {'line': b'-- Up-to-date: /home/nicolas/ws_ros2/install/px4_msgs/include/px4_msgs/px4_msgs/msg/detail/sensor_hygrometer__type_support.h\n'}
[0.785945] (px4_msgs) StdoutLine: {'line': b'-- Up-to-date: /home/nicolas/ws_ros2/install/px4_msgs/include/px4_msgs/px4_msgs/msg/detail/fixed_wing_lateral_setpoint__type_support.h\n'}
[0.785978] (px4_msgs) StdoutLine: {'line': b'-- Up-to-date: /home/nicolas/ws_ros2/install/px4_msgs/include/px4_msgs/px4_msgs/msg/detail/trajectory_setpoint__functions.h\n'}
[0.786009] (px4_msgs) StdoutLine: {'line': b'-- Up-to-date: /home/nicolas/ws_ros2/install/px4_msgs/include/px4_msgs/px4_msgs/msg/detail/ping__functions.c\n'}
[0.786041] (px4_msgs) StdoutLine: {'line': b'-- Up-to-date: /home/nicolas/ws_ros2/install/px4_msgs/include/px4_msgs/px4_msgs/msg/detail/parameter_set_value_response__type_support.h\n'}
[0.786072] (px4_msgs) StdoutLine: {'line': b'-- Up-to-date: /home/nicolas/ws_ros2/install/px4_msgs/include/px4_msgs/px4_msgs/msg/detail/vehicle_global_position__type_support.h\n'}
[0.786103] (px4_msgs) StdoutLine: {'line': b'-- Up-to-date: /home/nicolas/ws_ros2/install/px4_msgs/include/px4_msgs/px4_msgs/msg/detail/manual_control_setpoint__functions.h\n'}
[0.786134] (px4_msgs) StdoutLine: {'line': b'-- Up-to-date: /home/nicolas/ws_ros2/install/px4_msgs/include/px4_msgs/px4_msgs/msg/detail/actuator_servos__functions.h\n'}
[0.786176] (px4_msgs) StdoutLine: {'line': b'-- Up-to-date: /home/nicolas/ws_ros2/install/px4_msgs/include/px4_msgs/px4_msgs/msg/detail/transponder_report__struct.h\n'}
[0.786209] (px4_msgs) StdoutLine: {'line': b'-- Up-to-date: /home/nicolas/ws_ros2/install/px4_msgs/include/px4_msgs/px4_msgs/msg/detail/vehicle_rates_setpoint__functions.h\n'}
[0.786296] (px4_msgs) StdoutLine: {'line': b'-- Up-to-date: /home/nicolas/ws_ros2/install/px4_msgs/include/px4_msgs/px4_msgs/msg/detail/velocity_limits__struct.h\n'}
[0.786329] (px4_msgs) StdoutLine: {'line': b'-- Up-to-date: /home/nicolas/ws_ros2/install/px4_msgs/include/px4_msgs/px4_msgs/msg/detail/irlock_report__struct.h\n'}
[0.786362] (px4_msgs) StdoutLine: {'line': b'-- Up-to-date: /home/nicolas/ws_ros2/install/px4_msgs/include/px4_msgs/px4_msgs/msg/detail/health_report__type_support.h\n'}
[0.786464] (px4_msgs) StdoutLine: {'line': b'-- Up-to-date: /home/nicolas/ws_ros2/install/px4_msgs/include/px4_msgs/px4_msgs/msg/detail/yaw_estimator_status__functions.c\n'}
[0.786497] (px4_msgs) StdoutLine: {'line': b'-- Up-to-date: /home/nicolas/ws_ros2/install/px4_msgs/include/px4_msgs/px4_msgs/msg/detail/vehicle_roi__functions.c\n'}
[0.786529] (px4_msgs) StdoutLine: {'line': b'-- Up-to-date: /home/nicolas/ws_ros2/install/px4_msgs/include/px4_msgs/px4_msgs/msg/detail/debug_array__struct.h\n'}
[0.786560] (px4_msgs) StdoutLine: {'line': b'-- Up-to-date: /home/nicolas/ws_ros2/install/px4_msgs/include/px4_msgs/px4_msgs/msg/detail/airspeed_wind__type_support.h\n'}
[0.786591] (px4_msgs) StdoutLine: {'line': b'-- Up-to-date: /home/nicolas/ws_ros2/install/px4_msgs/include/px4_msgs/px4_msgs/msg/detail/mavlink_log__functions.h\n'}
[0.786622] (px4_msgs) StdoutLine: {'line': b'-- Up-to-date: /home/nicolas/ws_ros2/install/px4_msgs/include/px4_msgs/px4_msgs/msg/detail/parameter_set_used_request__type_support.h\n'}
[0.786653] (px4_msgs) StdoutLine: {'line': b'-- Up-to-date: /home/nicolas/ws_ros2/install/px4_msgs/include/px4_msgs/px4_msgs/msg/detail/message_format_request__type_support.h\n'}
[0.786684] (px4_msgs) StdoutLine: {'line': b'-- Up-to-date: /home/nicolas/ws_ros2/install/px4_msgs/include/px4_msgs/px4_msgs/msg/detail/sensor_airflow__type_support.h\n'}
[0.786714] (px4_msgs) StdoutLine: {'line': b'-- Up-to-date: /home/nicolas/ws_ros2/install/px4_msgs/include/px4_msgs/px4_msgs/msg/detail/sensor_uwb__type_support.h\n'}
[0.786745] (px4_msgs) StdoutLine: {'line': b'-- Up-to-date: /home/nicolas/ws_ros2/install/px4_msgs/include/px4_msgs/px4_msgs/msg/detail/orb_test_large__functions.c\n'}
[0.786776] (px4_msgs) StdoutLine: {'line': b'-- Up-to-date: /home/nicolas/ws_ros2/install/px4_msgs/include/px4_msgs/px4_msgs/msg/detail/rover_attitude_setpoint__struct.h\n'}
[0.786807] (px4_msgs) StdoutLine: {'line': b'-- Up-to-date: /home/nicolas/ws_ros2/install/px4_msgs/include/px4_msgs/px4_msgs/msg/detail/position_setpoint_triplet__type_support.h\n'}
[0.786941] (px4_msgs) StdoutLine: {'line': b'-- Up-to-date: /home/nicolas/ws_ros2/install/px4_msgs/include/px4_msgs/px4_msgs/msg/detail/action_request__struct.h\n'}
[0.786973] (px4_msgs) StdoutLine: {'line': b'-- Up-to-date: /home/nicolas/ws_ros2/install/px4_msgs/include/px4_msgs/px4_msgs/msg/detail/navigator_status__type_support.h\n'}
[0.787003] (px4_msgs) StdoutLine: {'line': b'-- Up-to-date: /home/nicolas/ws_ros2/install/px4_msgs/include/px4_msgs/px4_msgs/msg/detail/generator_status__functions.c\n'}
[0.787031] (px4_msgs) StdoutLine: {'line': b'-- Up-to-date: /home/nicolas/ws_ros2/install/px4_msgs/include/px4_msgs/px4_msgs/msg/detail/estimator_bias__struct.h\n'}
[0.787062] (px4_msgs) StdoutLine: {'line': b'-- Up-to-date: /home/nicolas/ws_ros2/install/px4_msgs/include/px4_msgs/px4_msgs/msg/detail/actuator_test__struct.h\n'}
[0.787091] (px4_msgs) StdoutLine: {'line': b'-- Up-to-date: /home/nicolas/ws_ros2/install/px4_msgs/include/px4_msgs/px4_msgs/msg/detail/debug_value__functions.h\n'}
[0.787120] (px4_msgs) StdoutLine: {'line': b'-- Up-to-date: /home/nicolas/ws_ros2/install/px4_msgs/include/px4_msgs/px4_msgs/msg/detail/obstacle_distance__functions.c\n'}
[0.787149] (px4_msgs) StdoutLine: {'line': b'-- Up-to-date: /home/nicolas/ws_ros2/install/px4_msgs/include/px4_msgs/px4_msgs/msg/detail/vehicle_control_mode__struct.h\n'}
[0.787178] (px4_msgs) StdoutLine: {'line': b'-- Up-to-date: /home/nicolas/ws_ros2/install/px4_msgs/include/px4_msgs/px4_msgs/msg/detail/collision_constraints__type_support.h\n'}
[0.787209] (px4_msgs) StdoutLine: {'line': b'-- Up-to-date: /home/nicolas/ws_ros2/install/px4_msgs/include/px4_msgs/px4_msgs/msg/detail/estimator_innovations__type_support.h\n'}
[0.787238] (px4_msgs) StdoutLine: {'line': b'-- Up-to-date: /home/nicolas/ws_ros2/install/px4_msgs/include/px4_msgs/px4_msgs/msg/detail/actuator_servos_trim__struct.h\n'}
[0.787267] (px4_msgs) StdoutLine: {'line': b'-- Up-to-date: /home/nicolas/ws_ros2/install/px4_msgs/include/px4_msgs/px4_msgs/msg/detail/estimator_event_flags__functions.h\n'}
[0.787296] (px4_msgs) StdoutLine: {'line': b'-- Up-to-date: /home/nicolas/ws_ros2/install/px4_msgs/include/px4_msgs/px4_msgs/msg/detail/vehicle_constraints__functions.h\n'}
[0.787325] (px4_msgs) StdoutLine: {'line': b'-- Up-to-date: /home/nicolas/ws_ros2/install/px4_msgs/include/px4_msgs/px4_msgs/msg/detail/power_monitor__type_support.h\n'}
[0.787356] (px4_msgs) StdoutLine: {'line': b'-- Up-to-date: /home/nicolas/ws_ros2/install/px4_msgs/include/px4_msgs/px4_msgs/msg/detail/estimator_aid_source2d__functions.c\n'}
[0.787384] (px4_msgs) StdoutLine: {'line': b'-- Up-to-date: /home/nicolas/ws_ros2/install/px4_msgs/include/px4_msgs/px4_msgs/msg/detail/battery_status__struct.h\n'}
[0.787412] (px4_msgs) StdoutLine: {'line': b'-- Up-to-date: /home/nicolas/ws_ros2/install/px4_msgs/include/px4_msgs/px4_msgs/msg/detail/rover_throttle_setpoint__functions.c\n'}
[0.787441] (px4_msgs) StdoutLine: {'line': b'-- Up-to-date: /home/nicolas/ws_ros2/install/px4_msgs/include/px4_msgs/px4_msgs/msg/detail/orb_test_medium__functions.h\n'}
[0.787470] (px4_msgs) StdoutLine: {'line': b'-- Up-to-date: /home/nicolas/ws_ros2/install/px4_msgs/include/px4_msgs/px4_msgs/msg/detail/estimator_status__functions.h\n'}
[0.787498] (px4_msgs) StdoutLine: {'line': b'-- Up-to-date: /home/nicolas/ws_ros2/install/px4_msgs/include/px4_msgs/px4_msgs/msg/detail/actuator_servos__type_support.h\n'}
[0.787527] (px4_msgs) StdoutLine: {'line': b'-- Up-to-date: /home/nicolas/ws_ros2/install/px4_msgs/include/px4_msgs/px4_msgs/msg/detail/fixed_wing_longitudinal_setpoint__functions.h\n'}
[0.787557] (px4_msgs) StdoutLine: {'line': b'-- Up-to-date: /home/nicolas/ws_ros2/install/px4_msgs/include/px4_msgs/px4_msgs/msg/detail/sensors_status__struct.h\n'}
[0.787586] (px4_msgs) StdoutLine: {'line': b'-- Up-to-date: /home/nicolas/ws_ros2/install/px4_msgs/include/px4_msgs/px4_msgs/msg/detail/airspeed_validated__struct.h\n'}
[0.787615] (px4_msgs) StdoutLine: {'line': b'-- Up-to-date: /home/nicolas/ws_ros2/install/px4_msgs/include/px4_msgs/px4_msgs/msg/detail/mavlink_log__functions.c\n'}
[0.787644] (px4_msgs) StdoutLine: {'line': b'-- Up-to-date: /home/nicolas/ws_ros2/install/px4_msgs/include/px4_msgs/px4_msgs/msg/detail/vehicle_control_mode__functions.h\n'}
[0.787672] (px4_msgs) StdoutLine: {'line': b'-- Up-to-date: /home/nicolas/ws_ros2/install/px4_msgs/include/px4_msgs/px4_msgs/msg/detail/sensor_hygrometer__functions.h\n'}
[0.787700] (px4_msgs) StdoutLine: {'line': b'-- Up-to-date: /home/nicolas/ws_ros2/install/px4_msgs/include/px4_msgs/px4_msgs/msg/detail/debug_value__type_support.h\n'}
[0.787729] (px4_msgs) StdoutLine: {'line': b'-- Up-to-date: /home/nicolas/ws_ros2/install/px4_msgs/include/px4_msgs/px4_msgs/msg/detail/transponder_report__type_support.h\n'}
[0.787758] (px4_msgs) StdoutLine: {'line': b'-- Up-to-date: /home/nicolas/ws_ros2/install/px4_msgs/include/px4_msgs/px4_msgs/msg/detail/landing_target_pose__type_support.h\n'}
[0.787787] (px4_msgs) StdoutLine: {'line': b'-- Up-to-date: /home/nicolas/ws_ros2/install/px4_msgs/include/px4_msgs/px4_msgs/msg/detail/manual_control_switches__type_support.h\n'}
[0.787815] (px4_msgs) StdoutLine: {'line': b'-- Up-to-date: /home/nicolas/ws_ros2/install/px4_msgs/include/px4_msgs/px4_msgs/msg/detail/yaw_estimator_status__type_support.h\n'}
[0.787844] (px4_msgs) StdoutLine: {'line': b'-- Up-to-date: /home/nicolas/ws_ros2/install/px4_msgs/include/px4_msgs/px4_msgs/msg/detail/failsafe_flags__struct.h\n'}
[0.787872] (px4_msgs) StdoutLine: {'line': b'-- Up-to-date: /home/nicolas/ws_ros2/install/px4_msgs/include/px4_msgs/px4_msgs/msg/detail/arming_check_request__functions.c\n'}
[0.787903] (px4_msgs) StdoutLine: {'line': b'-- Up-to-date: /home/nicolas/ws_ros2/install/px4_msgs/include/px4_msgs/px4_msgs/msg/detail/parameter_update__functions.c\n'}
[0.787942] (px4_msgs) StdoutLine: {'line': b'-- Up-to-date: /home/nicolas/ws_ros2/install/px4_msgs/include/px4_msgs/px4_msgs/msg/detail/qshell_retval__type_support.h\n'}
[0.787975] (px4_msgs) StdoutLine: {'line': b'-- Up-to-date: /home/nicolas/ws_ros2/install/px4_msgs/include/px4_msgs/px4_msgs/msg/detail/open_drone_id_self_id__type_support.h\n'}
[0.788008] (px4_msgs) StdoutLine: {'line': b'-- Up-to-date: /home/nicolas/ws_ros2/install/px4_msgs/include/px4_msgs/px4_msgs/msg/detail/open_drone_id_self_id__functions.h\n'}
[0.788045] (px4_msgs) StdoutLine: {'line': b'-- Up-to-date: /home/nicolas/ws_ros2/install/px4_msgs/include/px4_msgs/px4_msgs/msg/detail/pps_capture__type_support.h\n'}
[0.788083] (px4_msgs) StdoutLine: {'line': b'-- Up-to-date: /home/nicolas/ws_ros2/install/px4_msgs/include/px4_msgs/px4_msgs/msg/detail/input_rc__functions.c\n'}
[0.788122] (px4_msgs) StdoutLine: {'line': b'-- Up-to-date: /home/nicolas/ws_ros2/install/px4_msgs/include/px4_msgs/px4_msgs/msg/detail/rover_steering_setpoint__struct.h\n'}
[0.788161] (px4_msgs) StdoutLine: {'line': b'-- Up-to-date: /home/nicolas/ws_ros2/install/px4_msgs/include/px4_msgs/px4_msgs/msg/detail/vehicle_local_position_setpoint__struct.h\n'}
[0.788201] (px4_msgs) StdoutLine: {'line': b'-- Up-to-date: /home/nicolas/ws_ros2/install/px4_msgs/include/px4_msgs/px4_msgs/msg/detail/rover_throttle_setpoint__type_support.h\n'}
[0.788240] (px4_msgs) StdoutLine: {'line': b'-- Up-to-date: /home/nicolas/ws_ros2/install/px4_msgs/include/px4_msgs/px4_msgs/msg/detail/action_request__functions.c\n'}
[0.788279] (px4_msgs) StdoutLine: {'line': b'-- Up-to-date: /home/nicolas/ws_ros2/install/px4_msgs/include/px4_msgs/px4_msgs/msg/detail/sensor_gnss_status__functions.h\n'}
[0.788318] (px4_msgs) StdoutLine: {'line': b'-- Up-to-date: /home/nicolas/ws_ros2/install/px4_msgs/include/px4_msgs/px4_msgs/msg/detail/uavcan_parameter_value__functions.c\n'}
[0.788361] (px4_msgs) StdoutLine: {'line': b'-- Up-to-date: /home/nicolas/ws_ros2/install/px4_msgs/include/px4_msgs/px4_msgs/msg/detail/distance_sensor__functions.h\n'}
[0.788402] (px4_msgs) StdoutLine: {'line': b'-- Up-to-date: /home/nicolas/ws_ros2/install/px4_msgs/include/px4_msgs/px4_msgs/msg/detail/follow_target_estimator__functions.c\n'}
[0.788444] (px4_msgs) StdoutLine: {'line': b'-- Up-to-date: /home/nicolas/ws_ros2/install/px4_msgs/include/px4_msgs/px4_msgs/msg/detail/open_drone_id_arm_status__struct.h\n'}
[0.788488] (px4_msgs) StdoutLine: {'line': b'-- Up-to-date: /home/nicolas/ws_ros2/install/px4_msgs/include/px4_msgs/px4_msgs/msg/detail/vehicle_imu__functions.h\n'}
[0.788529] (px4_msgs) StdoutLine: {'line': b'-- Up-to-date: /home/nicolas/ws_ros2/install/px4_msgs/include/px4_msgs/px4_msgs/msg/detail/actuator_controls_status__functions.h\n'}
[0.788571] (px4_msgs) StdoutLine: {'line': b'-- Up-to-date: /home/nicolas/ws_ros2/install/px4_msgs/include/px4_msgs/px4_msgs/msg/detail/transponder_report__functions.c\n'}
[0.788611] (px4_msgs) StdoutLine: {'line': b'-- Up-to-date: /home/nicolas/ws_ros2/install/px4_msgs/include/px4_msgs/px4_msgs/msg/detail/unregister_ext_component__functions.c\n'}
[0.788652] (px4_msgs) StdoutLine: {'line': b'-- Up-to-date: /home/nicolas/ws_ros2/install/px4_msgs/include/px4_msgs/px4_msgs/msg/detail/power_monitor__functions.c\n'}
[0.788692] (px4_msgs) StdoutLine: {'line': b'-- Up-to-date: /home/nicolas/ws_ros2/install/px4_msgs/include/px4_msgs/px4_msgs/msg/detail/hover_thrust_estimate__functions.h\n'}
[0.788731] (px4_msgs) StdoutLine: {'line': b'-- Up-to-date: /home/nicolas/ws_ros2/install/px4_msgs/include/px4_msgs/px4_msgs/msg/detail/gps_inject_data__type_support.h\n'}
[0.788769] (px4_msgs) StdoutLine: {'line': b'-- Up-to-date: /home/nicolas/ws_ros2/install/px4_msgs/include/px4_msgs/px4_msgs/msg/detail/gimbal_manager_set_manual_control__struct.h\n'}
[0.789275] (px4_msgs) StdoutLine: {'line': b'-- Up-to-date: /home/nicolas/ws_ros2/install/px4_msgs/include/px4_msgs/px4_msgs/msg/detail/ulog_stream__functions.c\n'}
[0.789437] (px4_msgs) StdoutLine: {'line': b'-- Up-to-date: /home/nicolas/ws_ros2/install/px4_msgs/include/px4_msgs/px4_msgs/msg/detail/ulog_stream_ack__functions.h\n'}
[0.789492] (px4_msgs) StdoutLine: {'line': b'-- Up-to-date: /home/nicolas/ws_ros2/install/px4_msgs/include/px4_msgs/px4_msgs/msg/detail/trajectory_setpoint__struct.h\n'}
[0.789540] (px4_msgs) StdoutLine: {'line': b'-- Up-to-date: /home/nicolas/ws_ros2/install/px4_msgs/include/px4_msgs/px4_msgs/msg/detail/rover_steering_setpoint__functions.c\n'}
[0.789584] (px4_msgs) StdoutLine: {'line': b'-- Up-to-date: /home/nicolas/ws_ros2/install/px4_msgs/include/px4_msgs/px4_msgs/msg/detail/rate_ctrl_status__type_support.h\n'}
[0.789626] (px4_msgs) StdoutLine: {'line': b'-- Up-to-date: /home/nicolas/ws_ros2/install/px4_msgs/include/px4_msgs/px4_msgs/msg/detail/can_interface_status__functions.c\n'}
[0.789668] (px4_msgs) StdoutLine: {'line': b'-- Up-to-date: /home/nicolas/ws_ros2/install/px4_msgs/include/px4_msgs/px4_msgs/msg/detail/wheel_encoders__type_support.h\n'}
[0.789710] (px4_msgs) StdoutLine: {'line': b'-- Up-to-date: /home/nicolas/ws_ros2/install/px4_msgs/include/px4_msgs/px4_msgs/msg/detail/actuator_motors__functions.h\n'}
[0.789752] (px4_msgs) StdoutLine: {'line': b'-- Up-to-date: /home/nicolas/ws_ros2/install/px4_msgs/include/px4_msgs/px4_msgs/msg/detail/control_allocator_status__type_support.h\n'}
[0.789795] (px4_msgs) StdoutLine: {'line': b'-- Up-to-date: /home/nicolas/ws_ros2/install/px4_msgs/include/px4_msgs/px4_msgs/msg/detail/rover_steering_setpoint__type_support.h\n'}
[0.789955] (px4_msgs) StdoutLine: {'line': b'-- Up-to-date: /home/nicolas/ws_ros2/install/px4_msgs/include/px4_msgs/px4_msgs/msg/detail/gimbal_device_information__functions.h\n'}
[0.790003] (px4_msgs) StdoutLine: {'line': b'-- Up-to-date: /home/nicolas/ws_ros2/install/px4_msgs/include/px4_msgs/px4_msgs/msg/detail/sensor_hygrometer__functions.c\n'}
[0.790049] (px4_msgs) StdoutLine: {'line': b'-- Up-to-date: /home/nicolas/ws_ros2/install/px4_msgs/include/px4_msgs/px4_msgs/msg/detail/rover_speed_status__struct.h\n'}
[0.790091] (px4_msgs) StdoutLine: {'line': b'-- Up-to-date: /home/nicolas/ws_ros2/install/px4_msgs/include/px4_msgs/px4_msgs/msg/detail/distance_sensor__functions.c\n'}
[0.790132] (px4_msgs) StdoutLine: {'line': b'-- Up-to-date: /home/nicolas/ws_ros2/install/px4_msgs/include/px4_msgs/px4_msgs/msg/detail/rate_ctrl_status__functions.c\n'}
[0.790174] (px4_msgs) StdoutLine: {'line': b'-- Up-to-date: /home/nicolas/ws_ros2/install/px4_msgs/include/px4_msgs/px4_msgs/msg/detail/gpio_request__functions.h\n'}
[0.790229] (px4_msgs) StdoutLine: {'line': b'-- Up-to-date: /home/nicolas/ws_ros2/install/px4_msgs/include/px4_msgs/px4_msgs/msg/detail/rover_position_setpoint__functions.h\n'}
[0.790272] (px4_msgs) StdoutLine: {'line': b'-- Up-to-date: /home/nicolas/ws_ros2/install/px4_msgs/include/px4_msgs/px4_msgs/msg/detail/vehicle_torque_setpoint__functions.h\n'}
[0.790313] (px4_msgs) StdoutLine: {'line': b'-- Up-to-date: /home/nicolas/ws_ros2/install/px4_msgs/include/px4_msgs/px4_msgs/msg/detail/actuator_armed__functions.h\n'}
[0.790355] (px4_msgs) StdoutLine: {'line': b'-- Up-to-date: /home/nicolas/ws_ros2/install/px4_msgs/include/px4_msgs/px4_msgs/msg/detail/internal_combustion_engine_control__struct.h\n'}
[0.790442] (px4_msgs) StdoutLine: {'line': b'-- Up-to-date: /home/nicolas/ws_ros2/install/px4_msgs/include/px4_msgs/px4_msgs/msg/detail/gpio_in__type_support.h\n'}
[0.790485] (px4_msgs) StdoutLine: {'line': b'-- Up-to-date: /home/nicolas/ws_ros2/install/px4_msgs/include/px4_msgs/px4_msgs/msg/detail/takeoff_status__functions.c\n'}
[0.790530] (px4_msgs) StdoutLine: {'line': b'-- Up-to-date: /home/nicolas/ws_ros2/install/px4_msgs/include/px4_msgs/px4_msgs/msg/detail/fuel_tank_status__functions.c\n'}
[0.790573] (px4_msgs) StdoutLine: {'line': b'-- Up-to-date: /home/nicolas/ws_ros2/install/px4_msgs/include/px4_msgs/px4_msgs/msg/detail/estimator_bias__functions.h\n'}
[0.790657] (px4_msgs) StdoutLine: {'line': b'-- Up-to-date: /home/nicolas/ws_ros2/install/px4_msgs/include/px4_msgs/px4_msgs/msg/detail/vehicle_torque_setpoint__struct.h\n'}
[0.790701] (px4_msgs) StdoutLine: {'line': b'-- Up-to-date: /home/nicolas/ws_ros2/install/px4_msgs/include/px4_msgs/px4_msgs/msg/detail/sensor_uwb__struct.h\n'}
[0.790746] (px4_msgs) StdoutLine: {'line': b'-- Up-to-date: /home/nicolas/ws_ros2/install/px4_msgs/include/px4_msgs/px4_msgs/msg/detail/heater_status__functions.h\n'}
[0.790790] (px4_msgs) StdoutLine: {'line': b'-- Up-to-date: /home/nicolas/ws_ros2/install/px4_msgs/include/px4_msgs/px4_msgs/msg/detail/vehicle_rates_setpoint__type_support.h\n'}
[0.790832] (px4_msgs) StdoutLine: {'line': b'-- Up-to-date: /home/nicolas/ws_ros2/install/px4_msgs/include/px4_msgs/px4_msgs/msg/detail/airspeed_wind__functions.h\n'}
[0.790875] (px4_msgs) StdoutLine: {'line': b'-- Up-to-date: /home/nicolas/ws_ros2/install/px4_msgs/include/px4_msgs/px4_msgs/msg/detail/register_ext_component_request__struct.h\n'}
[0.790920] (px4_msgs) StdoutLine: {'line': b'-- Up-to-date: /home/nicolas/ws_ros2/install/px4_msgs/include/px4_msgs/px4_msgs/msg/detail/estimator_bias3d__type_support.h\n'}
[0.790967] (px4_msgs) StdoutLine: {'line': b'-- Up-to-date: /home/nicolas/ws_ros2/install/px4_msgs/include/px4_msgs/px4_msgs/msg/detail/estimator_bias3d__functions.c\n'}
[0.791011] (px4_msgs) StdoutLine: {'line': b'-- Up-to-date: /home/nicolas/ws_ros2/install/px4_msgs/include/px4_msgs/px4_msgs/msg/detail/landing_gear_wheel__struct.h\n'}
[0.791055] (px4_msgs) StdoutLine: {'line': b'-- Up-to-date: /home/nicolas/ws_ros2/install/px4_msgs/include/px4_msgs/px4_msgs/msg/detail/actuator_test__functions.c\n'}
[0.791095] (px4_msgs) StdoutLine: {'line': b'-- Up-to-date: /home/nicolas/ws_ros2/install/px4_msgs/include/px4_msgs/px4_msgs/msg/detail/magnetometer_bias_estimate__functions.h\n'}
[0.791138] (px4_msgs) StdoutLine: {'line': b'-- Up-to-date: /home/nicolas/ws_ros2/install/px4_msgs/include/px4_msgs/px4_msgs/msg/detail/fixed_wing_lateral_guidance_status__functions.h\n'}
[0.791179] (px4_msgs) StdoutLine: {'line': b'-- Up-to-date: /home/nicolas/ws_ros2/install/px4_msgs/include/px4_msgs/px4_msgs/msg/detail/wheel_encoders__functions.h\n'}
[0.791220] (px4_msgs) StdoutLine: {'line': b'-- Up-to-date: /home/nicolas/ws_ros2/install/px4_msgs/include/px4_msgs/px4_msgs/msg/detail/vehicle_local_position__struct.h\n'}
[0.791260] (px4_msgs) StdoutLine: {'line': b'-- Up-to-date: /home/nicolas/ws_ros2/install/px4_msgs/include/px4_msgs/px4_msgs/msg/detail/hover_thrust_estimate__type_support.h\n'}
[0.791301] (px4_msgs) StdoutLine: {'line': b'-- Up-to-date: /home/nicolas/ws_ros2/install/px4_msgs/include/px4_msgs/px4_msgs/msg/detail/rover_attitude_status__struct.h\n'}
[0.791340] (px4_msgs) StdoutLine: {'line': b'-- Up-to-date: /home/nicolas/ws_ros2/install/px4_msgs/include/px4_msgs/px4_msgs/msg/detail/generator_status__type_support.h\n'}
[0.791381] (px4_msgs) StdoutLine: {'line': b'-- Up-to-date: /home/nicolas/ws_ros2/install/px4_msgs/include/px4_msgs/px4_msgs/msg/detail/ulog_stream__struct.h\n'}
[0.791420] (px4_msgs) StdoutLine: {'line': b'-- Up-to-date: /home/nicolas/ws_ros2/install/px4_msgs/include/px4_msgs/px4_msgs/msg/detail/irlock_report__functions.c\n'}
[0.791462] (px4_msgs) StdoutLine: {'line': b'-- Up-to-date: /home/nicolas/ws_ros2/install/px4_msgs/include/px4_msgs/px4_msgs/msg/detail/neural_control__functions.c\n'}
[0.791564] (px4_msgs) StdoutLine: {'line': b'-- Up-to-date: /home/nicolas/ws_ros2/install/px4_msgs/include/px4_msgs/px4_msgs/msg/detail/geofence_result__type_support.h\n'}
[0.791604] (px4_msgs) StdoutLine: {'line': b'-- Up-to-date: /home/nicolas/ws_ros2/install/px4_msgs/include/px4_msgs/px4_msgs/msg/detail/arming_check_request__struct.h\n'}
[0.791642] (px4_msgs) StdoutLine: {'line': b'-- Up-to-date: /home/nicolas/ws_ros2/install/px4_msgs/include/px4_msgs/px4_msgs/msg/detail/gimbal_manager_status__functions.c\n'}
[0.791679] (px4_msgs) StdoutLine: {'line': b'-- Up-to-date: /home/nicolas/ws_ros2/install/px4_msgs/include/px4_msgs/px4_msgs/msg/detail/vehicle_local_position_setpoint__functions.h\n'}
[0.791720] (px4_msgs) StdoutLine: {'line': b'-- Up-to-date: /home/nicolas/ws_ros2/install/px4_msgs/include/px4_msgs/px4_msgs/msg/detail/cellular_status__struct.h\n'}
[0.791756] (px4_msgs) StdoutLine: {'line': b'-- Up-to-date: /home/nicolas/ws_ros2/install/px4_msgs/include/px4_msgs/px4_msgs/msg/detail/distance_sensor_mode_change_request__functions.c\n'}
[0.791788] (px4_msgs) StdoutLine: {'line': b'-- Up-to-date: /home/nicolas/ws_ros2/install/px4_msgs/include/px4_msgs/px4_msgs/msg/detail/vehicle_local_position__type_support.h\n'}
[0.791831] (px4_msgs) StdoutLine: {'line': b'-- Up-to-date: /home/nicolas/ws_ros2/install/px4_msgs/include/px4_msgs/px4_msgs/msg/detail/sensor_gyro_fifo__functions.h\n'}
[0.791861] (px4_msgs) StdoutLine: {'line': b'-- Up-to-date: /home/nicolas/ws_ros2/install/px4_msgs/include/px4_msgs/px4_msgs/msg/detail/mission_result__struct.h\n'}
[0.791892] (px4_msgs) StdoutLine: {'line': b'-- Up-to-date: /home/nicolas/ws_ros2/install/px4_msgs/include/px4_msgs/px4_msgs/msg/detail/tecs_status__functions.c\n'}
[0.791928] (px4_msgs) StdoutLine: {'line': b'-- Up-to-date: /home/nicolas/ws_ros2/install/px4_msgs/include/px4_msgs/px4_msgs/msg/detail/task_stack_info__struct.h\n'}
[0.791961] (px4_msgs) StdoutLine: {'line': b'-- Up-to-date: /home/nicolas/ws_ros2/install/px4_msgs/include/px4_msgs/px4_msgs/msg/detail/vehicle_command__type_support.h\n'}
[0.791993] (px4_msgs) StdoutLine: {'line': b'-- Up-to-date: /home/nicolas/ws_ros2/install/px4_msgs/include/px4_msgs/px4_msgs/msg/detail/hover_thrust_estimate__functions.c\n'}
[0.792024] (px4_msgs) StdoutLine: {'line': b'-- Up-to-date: /home/nicolas/ws_ros2/install/px4_msgs/include/px4_msgs/px4_msgs/msg/detail/task_stack_info__functions.h\n'}
[0.792056] (px4_msgs) StdoutLine: {'line': b'-- Up-to-date: /home/nicolas/ws_ros2/install/px4_msgs/include/px4_msgs/px4_msgs/msg/detail/gpio_in__functions.c\n'}
[0.792088] (px4_msgs) StdoutLine: {'line': b'-- Up-to-date: /home/nicolas/ws_ros2/install/px4_msgs/include/px4_msgs/px4_msgs/msg/detail/mavlink_tunnel__functions.c\n'}
[0.792119] (px4_msgs) StdoutLine: {'line': b'-- Up-to-date: /home/nicolas/ws_ros2/install/px4_msgs/include/px4_msgs/px4_msgs/msg/detail/parameter_set_value_request__functions.h\n'}
[0.792151] (px4_msgs) StdoutLine: {'line': b'-- Up-to-date: /home/nicolas/ws_ros2/install/px4_msgs/include/px4_msgs/px4_msgs/msg/detail/vehicle_imu_status__type_support.h\n'}
[0.792183] (px4_msgs) StdoutLine: {'line': b'-- Up-to-date: /home/nicolas/ws_ros2/install/px4_msgs/include/px4_msgs/px4_msgs/msg/detail/figure_eight_status__functions.h\n'}
[0.792214] (px4_msgs) StdoutLine: {'line': b'-- Up-to-date: /home/nicolas/ws_ros2/install/px4_msgs/include/px4_msgs/px4_msgs/msg/detail/message_format_response__functions.h\n'}
[0.792245] (px4_msgs) StdoutLine: {'line': b'-- Up-to-date: /home/nicolas/ws_ros2/install/px4_msgs/include/px4_msgs/px4_msgs/msg/detail/onboard_computer_status__type_support.h\n'}
[0.792277] (px4_msgs) StdoutLine: {'line': b'-- Up-to-date: /home/nicolas/ws_ros2/install/px4_msgs/include/px4_msgs/px4_msgs/msg/detail/estimator_states__struct.h\n'}
[0.792309] (px4_msgs) StdoutLine: {'line': b'-- Up-to-date: /home/nicolas/ws_ros2/install/px4_msgs/include/px4_msgs/px4_msgs/msg/detail/rate_ctrl_status__struct.h\n'}
[0.792340] (px4_msgs) StdoutLine: {'line': b'-- Up-to-date: /home/nicolas/ws_ros2/install/px4_msgs/include/px4_msgs/px4_msgs/msg/detail/tecs_status__struct.h\n'}
[0.792372] (px4_msgs) StdoutLine: {'line': b'-- Up-to-date: /home/nicolas/ws_ros2/install/px4_msgs/include/px4_msgs/px4_msgs/msg/detail/rc_parameter_map__functions.c\n'}
[0.792404] (px4_msgs) StdoutLine: {'line': b'-- Up-to-date: /home/nicolas/ws_ros2/install/px4_msgs/include/px4_msgs/px4_msgs/msg/detail/button_event__functions.c\n'}
[0.792436] (px4_msgs) StdoutLine: {'line': b'-- Up-to-date: /home/nicolas/ws_ros2/install/px4_msgs/include/px4_msgs/px4_msgs/msg/detail/fuel_tank_status__struct.h\n'}
[0.792468] (px4_msgs) StdoutLine: {'line': b'-- Up-to-date: /home/nicolas/ws_ros2/install/px4_msgs/include/px4_msgs/px4_msgs/msg/detail/figure_eight_status__functions.c\n'}
[0.792513] (px4_msgs) StdoutLine: {'line': b'-- Up-to-date: /home/nicolas/ws_ros2/install/px4_msgs/include/px4_msgs/px4_msgs/msg/detail/qshell_retval__functions.c\n'}
[0.792545] (px4_msgs) StdoutLine: {'line': b'-- Up-to-date: /home/nicolas/ws_ros2/install/px4_msgs/include/px4_msgs/px4_msgs/msg/detail/gimbal_manager_information__type_support.h\n'}
[0.792577] (px4_msgs) StdoutLine: {'line': b'-- Up-to-date: /home/nicolas/ws_ros2/install/px4_msgs/include/px4_msgs/px4_msgs/msg/detail/fixed_wing_runway_control__type_support.h\n'}
[0.792608] (px4_msgs) StdoutLine: {'line': b'-- Up-to-date: /home/nicolas/ws_ros2/install/px4_msgs/include/px4_msgs/px4_msgs/msg/detail/follow_target__type_support.h\n'}
[0.792640] (px4_msgs) StdoutLine: {'line': b'-- Up-to-date: /home/nicolas/ws_ros2/install/px4_msgs/include/px4_msgs/px4_msgs/msg/detail/qshell_req__type_support.h\n'}
[0.792778] (px4_msgs) StdoutLine: {'line': b'-- Up-to-date: /home/nicolas/ws_ros2/install/px4_msgs/include/px4_msgs/px4_msgs/msg/detail/logger_status__functions.h\n'}
[0.792814] (px4_msgs) StdoutLine: {'line': b'-- Up-to-date: /home/nicolas/ws_ros2/install/px4_msgs/include/px4_msgs/px4_msgs/msg/detail/esc_status__type_support.h\n'}
[0.792847] (px4_msgs) StdoutLine: {'line': b'-- Up-to-date: /home/nicolas/ws_ros2/install/px4_msgs/include/px4_msgs/px4_msgs/msg/detail/camera_capture__functions.h\n'}
[0.792880] (px4_msgs) StdoutLine: {'line': b'-- Up-to-date: /home/nicolas/ws_ros2/install/px4_msgs/include/px4_msgs/px4_msgs/msg/detail/input_rc__type_support.h\n'}
[0.792911] (px4_msgs) StdoutLine: {'line': b'-- Up-to-date: /home/nicolas/ws_ros2/install/px4_msgs/include/px4_msgs/px4_msgs/msg/detail/wind__functions.c\n'}
[0.792959] (px4_msgs) StdoutLine: {'line': b'-- Up-to-date: /home/nicolas/ws_ros2/install/px4_msgs/include/px4_msgs/px4_msgs/msg/detail/fixed_wing_longitudinal_setpoint__struct.h\n'}
[0.792993] (px4_msgs) StdoutLine: {'line': b'-- Up-to-date: /home/nicolas/ws_ros2/install/px4_msgs/include/px4_msgs/px4_msgs/msg/detail/rc_parameter_map__struct.h\n'}
[0.793026] (px4_msgs) StdoutLine: {'line': b'-- Up-to-date: /home/nicolas/ws_ros2/install/px4_msgs/include/px4_msgs/px4_msgs/msg/detail/sensor_baro__struct.h\n'}
[0.793059] (px4_msgs) StdoutLine: {'line': b'-- Up-to-date: /home/nicolas/ws_ros2/install/px4_msgs/include/px4_msgs/px4_msgs/msg/detail/onboard_computer_status__functions.h\n'}
[0.793091] (px4_msgs) StdoutLine: {'line': b'-- Up-to-date: /home/nicolas/ws_ros2/install/px4_msgs/include/px4_msgs/px4_msgs/msg/detail/vehicle_status__struct.h\n'}
[0.793124] (px4_msgs) StdoutLine: {'line': b'-- Up-to-date: /home/nicolas/ws_ros2/install/px4_msgs/include/px4_msgs/px4_msgs/msg/detail/orb_test__type_support.h\n'}
[0.793155] (px4_msgs) StdoutLine: {'line': b'-- Up-to-date: /home/nicolas/ws_ros2/install/px4_msgs/include/px4_msgs/px4_msgs/msg/detail/power_monitor__struct.h\n'}
[0.793186] (px4_msgs) StdoutLine: {'line': b'-- Up-to-date: /home/nicolas/ws_ros2/install/px4_msgs/include/px4_msgs/px4_msgs/msg/detail/gimbal_device_set_attitude__type_support.h\n'}
[0.793220] (px4_msgs) StdoutLine: {'line': b'-- Up-to-date: /home/nicolas/ws_ros2/install/px4_msgs/include/px4_msgs/px4_msgs/msg/detail/vehicle_land_detected__functions.c\n'}
[0.793251] (px4_msgs) StdoutLine: {'line': b'-- Up-to-date: /home/nicolas/ws_ros2/install/px4_msgs/include/px4_msgs/px4_msgs/msg/detail/landing_gear__struct.h\n'}
[0.793282] (px4_msgs) StdoutLine: {'line': b'-- Up-to-date: /home/nicolas/ws_ros2/install/px4_msgs/include/px4_msgs/px4_msgs/msg/detail/iridiumsbd_status__functions.c\n'}
[0.793313] (px4_msgs) StdoutLine: {'line': b'-- Up-to-date: /home/nicolas/ws_ros2/install/px4_msgs/include/px4_msgs/px4_msgs/msg/detail/vehicle_angular_acceleration_setpoint__functions.h\n'}
[0.793346] (px4_msgs) StdoutLine: {'line': b'-- Up-to-date: /home/nicolas/ws_ros2/install/px4_msgs/include/px4_msgs/px4_msgs/msg/detail/health_report__functions.c\n'}
[0.793378] (px4_msgs) StdoutLine: {'line': b'-- Up-to-date: /home/nicolas/ws_ros2/install/px4_msgs/include/px4_msgs/px4_msgs/msg/detail/rover_speed_status__functions.h\n'}
[0.793442] (px4_msgs) StdoutLine: {'line': b'-- Up-to-date: /home/nicolas/ws_ros2/install/px4_msgs/include/px4_msgs/px4_msgs/msg/detail/parameter_set_value_request__type_support.h\n'}
[0.793474] (px4_msgs) StdoutLine: {'line': b'-- Up-to-date: /home/nicolas/ws_ros2/install/px4_msgs/include/px4_msgs/px4_msgs/msg/detail/gimbal_manager_set_attitude__type_support.h\n'}
[0.793506] (px4_msgs) StdoutLine: {'line': b'-- Up-to-date: /home/nicolas/ws_ros2/install/px4_msgs/include/px4_msgs/px4_msgs/msg/detail/action_request__functions.h\n'}
[0.793538] (px4_msgs) StdoutLine: {'line': b'-- Up-to-date: /home/nicolas/ws_ros2/install/px4_msgs/include/px4_msgs/px4_msgs/msg/detail/parameter_reset_request__type_support.h\n'}
[0.793570] (px4_msgs) StdoutLine: {'line': b'-- Up-to-date: /home/nicolas/ws_ros2/install/px4_msgs/include/px4_msgs/px4_msgs/msg/detail/velocity_limits__type_support.h\n'}
[0.793602] (px4_msgs) StdoutLine: {'line': b'-- Up-to-date: /home/nicolas/ws_ros2/install/px4_msgs/include/px4_msgs/px4_msgs/msg/detail/logger_status__functions.c\n'}
[0.793634] (px4_msgs) StdoutLine: {'line': b'-- Up-to-date: /home/nicolas/ws_ros2/install/px4_msgs/include/px4_msgs/px4_msgs/msg/detail/gripper__type_support.h\n'}
[0.793668] (px4_msgs) StdoutLine: {'line': b'-- Up-to-date: /home/nicolas/ws_ros2/install/px4_msgs/include/px4_msgs/px4_msgs/msg/detail/vehicle_air_data__struct.h\n'}
[0.793702] (px4_msgs) StdoutLine: {'line': b'-- Up-to-date: /home/nicolas/ws_ros2/install/px4_msgs/include/px4_msgs/px4_msgs/msg/detail/fixed_wing_runway_control__functions.h\n'}
[0.793738] (px4_msgs) StdoutLine: {'line': b'-- Up-to-date: /home/nicolas/ws_ros2/install/px4_msgs/include/px4_msgs/px4_msgs/msg/detail/geofence_status__functions.c\n'}
[0.793778] (px4_msgs) StdoutLine: {'line': b'-- Up-to-date: /home/nicolas/ws_ros2/install/px4_msgs/include/px4_msgs/px4_msgs/msg/detail/landing_target_innovations__type_support.h\n'}
[0.793813] (px4_msgs) StdoutLine: {'line': b'-- Up-to-date: /home/nicolas/ws_ros2/install/px4_msgs/include/px4_msgs/px4_msgs/msg/detail/vtol_vehicle_status__functions.c\n'}
[0.793849] (px4_msgs) StdoutLine: {'line': b'-- Up-to-date: /home/nicolas/ws_ros2/install/px4_msgs/include/px4_msgs/px4_msgs/msg/detail/esc_report__functions.h\n'}
[0.793882] (px4_msgs) StdoutLine: {'line': b'-- Up-to-date: /home/nicolas/ws_ros2/install/px4_msgs/include/px4_msgs/px4_msgs/msg/detail/rc_parameter_map__type_support.h\n'}
[0.793920] (px4_msgs) StdoutLine: {'line': b'-- Up-to-date: /home/nicolas/ws_ros2/install/px4_msgs/include/px4_msgs/px4_msgs/msg/detail/dataman_request__functions.c\n'}
[0.794073] (px4_msgs) StdoutLine: {'line': b'-- Up-to-date: /home/nicolas/ws_ros2/install/px4_msgs/include/px4_msgs/px4_msgs/msg/detail/uavcan_parameter_value__functions.h\n'}
[0.794113] (px4_msgs) StdoutLine: {'line': b'-- Up-to-date: /home/nicolas/ws_ros2/install/px4_msgs/include/px4_msgs/px4_msgs/msg/detail/sensor_uwb__functions.h\n'}
[0.794222] (px4_msgs) StdoutLine: {'line': b'-- Up-to-date: /home/nicolas/ws_ros2/install/px4_msgs/include/px4_msgs/px4_msgs/msg/detail/position_setpoint_triplet__struct.h\n'}
[0.794260] (px4_msgs) StdoutLine: {'line': b'-- Up-to-date: /home/nicolas/ws_ros2/install/px4_msgs/include/px4_msgs/px4_msgs/msg/detail/estimator_selector_status__type_support.h\n'}
[0.794296] (px4_msgs) StdoutLine: {'line': b'-- Up-to-date: /home/nicolas/ws_ros2/install/px4_msgs/include/px4_msgs/px4_msgs/msg/detail/mission_result__functions.c\n'}
[0.794331] (px4_msgs) StdoutLine: {'line': b'-- Up-to-date: /home/nicolas/ws_ros2/install/px4_msgs/include/px4_msgs/px4_msgs/msg/detail/sensor_optical_flow__struct.h\n'}
[0.794364] (px4_msgs) StdoutLine: {'line': b'-- Up-to-date: /home/nicolas/ws_ros2/install/px4_msgs/include/px4_msgs/px4_msgs/msg/detail/vehicle_optical_flow__type_support.h\n'}
[0.794398] (px4_msgs) StdoutLine: {'line': b'-- Up-to-date: /home/nicolas/ws_ros2/install/px4_msgs/include/px4_msgs/px4_msgs/msg/detail/parameter_update__functions.h\n'}
[0.794463] (px4_msgs) StdoutLine: {'line': b'-- Up-to-date: /home/nicolas/ws_ros2/install/px4_msgs/include/px4_msgs/px4_msgs/msg/detail/log_message__functions.c\n'}
[0.794498] (px4_msgs) StdoutLine: {'line': b'-- Up-to-date: /home/nicolas/ws_ros2/install/px4_msgs/include/px4_msgs/px4_msgs/msg/detail/parameter_set_value_response__struct.h\n'}
[0.794533] (px4_msgs) StdoutLine: {'line': b'-- Up-to-date: /home/nicolas/ws_ros2/install/px4_msgs/include/px4_msgs/px4_msgs/msg/detail/navigator_status__struct.h\n'}
[0.794568] (px4_msgs) StdoutLine: {'line': b'-- Up-to-date: /home/nicolas/ws_ros2/install/px4_msgs/include/px4_msgs/px4_msgs/msg/detail/px4io_status__functions.c\n'}
[0.794601] (px4_msgs) StdoutLine: {'line': b'-- Up-to-date: /home/nicolas/ws_ros2/install/px4_msgs/include/px4_msgs/px4_msgs/msg/detail/manual_control_switches__functions.c\n'}
[0.794635] (px4_msgs) StdoutLine: {'line': b'-- Up-to-date: /home/nicolas/ws_ros2/install/px4_msgs/include/px4_msgs/px4_msgs/msg/detail/timesync_status__functions.h\n'}
[0.794667] (px4_msgs) StdoutLine: {'line': b'-- Up-to-date: /home/nicolas/ws_ros2/install/px4_msgs/include/px4_msgs/px4_msgs/msg/detail/esc_report__functions.c\n'}
[0.794702] (px4_msgs) StdoutLine: {'line': b'-- Up-to-date: /home/nicolas/ws_ros2/install/px4_msgs/include/px4_msgs/px4_msgs/msg/detail/input_rc__struct.h\n'}
[0.794738] (px4_msgs) StdoutLine: {'line': b'-- Up-to-date: /home/nicolas/ws_ros2/install/px4_msgs/include/px4_msgs/px4_msgs/msg/detail/battery_info__type_support.h\n'}
[0.794772] (px4_msgs) StdoutLine: {'line': b'-- Up-to-date: /home/nicolas/ws_ros2/install/px4_msgs/include/px4_msgs/px4_msgs/msg/detail/tiltrotor_extra_controls__struct.h\n'}
[0.794807] (px4_msgs) StdoutLine: {'line': b'-- Up-to-date: /home/nicolas/ws_ros2/install/px4_msgs/include/px4_msgs/px4_msgs/msg/detail/battery_info__functions.h\n'}
[0.794852] (px4_msgs) StdoutLine: {'line': b'-- Up-to-date: /home/nicolas/ws_ros2/install/px4_msgs/include/px4_msgs/px4_msgs/msg/detail/rover_position_setpoint__struct.h\n'}
[0.794887] (px4_msgs) StdoutLine: {'line': b'-- Up-to-date: /home/nicolas/ws_ros2/install/px4_msgs/include/px4_msgs/px4_msgs/msg/detail/sensor_combined__functions.c\n'}
[0.794944] (px4_msgs) StdoutLine: {'line': b'-- Up-to-date: /home/nicolas/ws_ros2/install/px4_msgs/include/px4_msgs/px4_msgs/msg/detail/mode_completed__type_support.h\n'}
[0.794993] (px4_msgs) StdoutLine: {'line': b'-- Up-to-date: /home/nicolas/ws_ros2/install/px4_msgs/include/px4_msgs/px4_msgs/msg/detail/sensor_gyro_fft__type_support.h\n'}
[0.795229] (px4_msgs) StdoutLine: {'line': b'-- Up-to-date: /home/nicolas/ws_ros2/install/px4_msgs/include/px4_msgs/px4_msgs/msg/detail/takeoff_status__functions.h\n'}
[0.795276] (px4_msgs) StdoutLine: {'line': b'-- Up-to-date: /home/nicolas/ws_ros2/install/px4_msgs/include/px4_msgs/px4_msgs/msg/detail/vehicle_land_detected__type_support.h\n'}
[0.795312] (px4_msgs) StdoutLine: {'line': b'-- Up-to-date: /home/nicolas/ws_ros2/install/px4_msgs/include/px4_msgs/px4_msgs/msg/detail/sensor_gnss_status__functions.c\n'}
[0.795345] (px4_msgs) StdoutLine: {'line': b'-- Up-to-date: /home/nicolas/ws_ros2/install/px4_msgs/include/px4_msgs/px4_msgs/msg/detail/fixed_wing_lateral_guidance_status__type_support.h\n'}
[0.795391] (px4_msgs) StdoutLine: {'line': b'-- Up-to-date: /home/nicolas/ws_ros2/install/px4_msgs/include/px4_msgs/px4_msgs/msg/detail/landing_target_pose__functions.c\n'}
[0.795445] (px4_msgs) StdoutLine: {'line': b'-- Up-to-date: /home/nicolas/ws_ros2/install/px4_msgs/include/px4_msgs/px4_msgs/msg/detail/task_stack_info__functions.c\n'}
[0.795503] (px4_msgs) StdoutLine: {'line': b'-- Up-to-date: /home/nicolas/ws_ros2/install/px4_msgs/include/px4_msgs/px4_msgs/msg/detail/gps_dump__functions.c\n'}
[0.795574] (px4_msgs) StdoutLine: {'line': b'-- Up-to-date: /home/nicolas/ws_ros2/install/px4_msgs/include/px4_msgs/px4_msgs/msg/detail/estimator_status__type_support.h\n'}
[0.795629] (px4_msgs) StdoutLine: {'line': b'-- Up-to-date: /home/nicolas/ws_ros2/install/px4_msgs/include/px4_msgs/px4_msgs/msg/detail/parameter_update__struct.h\n'}
[0.795688] (px4_msgs) StdoutLine: {'line': b'-- Up-to-date: /home/nicolas/ws_ros2/install/px4_msgs/include/px4_msgs/px4_msgs/msg/detail/estimator_selector_status__functions.c\n'}
[0.795753] (px4_msgs) StdoutLine: {'line': b'-- Up-to-date: /home/nicolas/ws_ros2/install/px4_msgs/include/px4_msgs/px4_msgs/msg/detail/mavlink_tunnel__struct.h\n'}
[0.795811] (px4_msgs) StdoutLine: {'line': b'-- Up-to-date: /home/nicolas/ws_ros2/install/px4_msgs/include/px4_msgs/px4_msgs/msg/detail/sensor_baro__functions.c\n'}
[0.795872] (px4_msgs) StdoutLine: {'line': b'-- Up-to-date: /home/nicolas/ws_ros2/install/px4_msgs/include/px4_msgs/px4_msgs/msg/detail/actuator_test__functions.h\n'}
[0.795930] (px4_msgs) StdoutLine: {'line': b'-- Up-to-date: /home/nicolas/ws_ros2/install/px4_msgs/include/px4_msgs/px4_msgs/msg/detail/vehicle_thrust_setpoint__type_support.h\n'}
[0.796078] (px4_msgs) StdoutLine: {'line': b'-- Up-to-date: /home/nicolas/ws_ros2/install/px4_msgs/include/px4_msgs/px4_msgs/msg/detail/longitudinal_control_configuration__functions.h\n'}
[0.796130] (px4_msgs) StdoutLine: {'line': b'-- Up-to-date: /home/nicolas/ws_ros2/install/px4_msgs/include/px4_msgs/px4_msgs/msg/detail/arming_check_request__type_support.h\n'}
[0.796170] (px4_msgs) StdoutLine: {'line': b'-- Up-to-date: /home/nicolas/ws_ros2/install/px4_msgs/include/px4_msgs/px4_msgs/msg/detail/longitudinal_control_configuration__struct.h\n'}
[0.796206] (px4_msgs) StdoutLine: {'line': b'-- Up-to-date: /home/nicolas/ws_ros2/install/px4_msgs/include/px4_msgs/px4_msgs/msg/detail/rtl_status__functions.c\n'}
[0.796241] (px4_msgs) StdoutLine: {'line': b'-- Up-to-date: /home/nicolas/ws_ros2/install/px4_msgs/include/px4_msgs/px4_msgs/msg/detail/internal_combustion_engine_status__type_support.h\n'}
[0.796276] (px4_msgs) StdoutLine: {'line': b'-- Up-to-date: /home/nicolas/ws_ros2/install/px4_msgs/include/px4_msgs/px4_msgs/msg/detail/sensor_combined__functions.h\n'}
[0.796310] (px4_msgs) StdoutLine: {'line': b'-- Up-to-date: /home/nicolas/ws_ros2/install/px4_msgs/include/px4_msgs/px4_msgs/msg/detail/rover_attitude_status__type_support.h\n'}
[0.796344] (px4_msgs) StdoutLine: {'line': b'-- Up-to-date: /home/nicolas/ws_ros2/install/px4_msgs/include/px4_msgs/px4_msgs/msg/detail/cpuload__type_support.h\n'}
[0.796379] (px4_msgs) StdoutLine: {'line': b'-- Up-to-date: /home/nicolas/ws_ros2/install/px4_msgs/include/px4_msgs/px4_msgs/msg/detail/debug_vect__functions.c\n'}
[0.796412] (px4_msgs) StdoutLine: {'line': b'-- Up-to-date: /home/nicolas/ws_ros2/install/px4_msgs/include/px4_msgs/px4_msgs/msg/detail/camera_status__functions.h\n'}
[0.796445] (px4_msgs) StdoutLine: {'line': b'-- Up-to-date: /home/nicolas/ws_ros2/install/px4_msgs/include/px4_msgs/px4_msgs/msg/detail/failure_detector_status__struct.h\n'}
[0.796479] (px4_msgs) StdoutLine: {'line': b'-- Up-to-date: /home/nicolas/ws_ros2/install/px4_msgs/include/px4_msgs/px4_msgs/msg/detail/autotune_attitude_control_status__struct.h\n'}
[0.796511] (px4_msgs) StdoutLine: {'line': b'-- Up-to-date: /home/nicolas/ws_ros2/install/px4_msgs/include/px4_msgs/px4_msgs/msg/detail/estimator_status_flags__type_support.h\n'}
[0.796544] (px4_msgs) StdoutLine: {'line': b'-- Up-to-date: /home/nicolas/ws_ros2/install/px4_msgs/include/px4_msgs/px4_msgs/msg/detail/register_ext_component_request__type_support.h\n'}
[0.796578] (px4_msgs) StdoutLine: {'line': b'-- Up-to-date: /home/nicolas/ws_ros2/install/px4_msgs/include/px4_msgs/px4_msgs/msg/detail/landing_target_innovations__functions.h\n'}
[0.796611] (px4_msgs) StdoutLine: {'line': b'-- Up-to-date: /home/nicolas/ws_ros2/install/px4_msgs/include/px4_msgs/px4_msgs/msg/detail/trajectory_setpoint6dof__functions.h\n'}
[0.796733] (px4_msgs) StdoutLine: {'line': b'-- Up-to-date: /home/nicolas/ws_ros2/install/px4_msgs/include/px4_msgs/px4_msgs/msg/detail/sensor_optical_flow__functions.h\n'}
[0.796770] (px4_msgs) StdoutLine: {'line': b'-- Up-to-date: /home/nicolas/ws_ros2/install/px4_msgs/include/px4_msgs/px4_msgs/msg/detail/vehicle_angular_velocity__functions.c\n'}
[0.796804] (px4_msgs) StdoutLine: {'line': b'-- Up-to-date: /home/nicolas/ws_ros2/install/px4_msgs/include/px4_msgs/px4_msgs/msg/detail/pps_capture__struct.h\n'}
[0.796847] (px4_msgs) StdoutLine: {'line': b'-- Up-to-date: /home/nicolas/ws_ros2/install/px4_msgs/include/px4_msgs/px4_msgs/msg/detail/actuator_test__type_support.h\n'}
[0.796881] (px4_msgs) StdoutLine: {'line': b'-- Up-to-date: /home/nicolas/ws_ros2/install/px4_msgs/include/px4_msgs/px4_msgs/msg/detail/estimator_gps_status__functions.h\n'}
[0.796926] (px4_msgs) StdoutLine: {'line': b'-- Up-to-date: /home/nicolas/ws_ros2/install/px4_msgs/include/px4_msgs/px4_msgs/msg/detail/lateral_control_configuration__type_support.h\n'}
[0.796962] (px4_msgs) StdoutLine: {'line': b'-- Up-to-date: /home/nicolas/ws_ros2/install/px4_msgs/include/px4_msgs/px4_msgs/msg/detail/cpuload__functions.c\n'}
[0.796995] (px4_msgs) StdoutLine: {'line': b'-- Up-to-date: /home/nicolas/ws_ros2/install/px4_msgs/include/px4_msgs/px4_msgs/msg/detail/irlock_report__functions.h\n'}
[0.797028] (px4_msgs) StdoutLine: {'line': b'-- Up-to-date: /home/nicolas/ws_ros2/install/px4_msgs/include/px4_msgs/px4_msgs/msg/detail/debug_value__struct.h\n'}
[0.797064] (px4_msgs) StdoutLine: {'line': b'-- Up-to-date: /home/nicolas/ws_ros2/install/px4_msgs/include/px4_msgs/px4_msgs/msg/detail/rover_speed_setpoint__functions.h\n'}
[0.797098] (px4_msgs) StdoutLine: {'line': b'-- Up-to-date: /home/nicolas/ws_ros2/install/px4_msgs/include/px4_msgs/px4_msgs/msg/detail/gimbal_manager_set_manual_control__type_support.h\n'}
[0.797164] (px4_msgs) StdoutLine: {'line': b'-- Up-to-date: /home/nicolas/ws_ros2/install/px4_msgs/include/px4_msgs/px4_msgs/msg/detail/px4io_status__functions.h\n'}
[0.797196] (px4_msgs) StdoutLine: {'line': b'-- Up-to-date: /home/nicolas/ws_ros2/install/px4_msgs/include/px4_msgs/px4_msgs/msg/detail/onboard_computer_status__functions.c\n'}
[0.797255] (px4_msgs) StdoutLine: {'line': b'-- Up-to-date: /home/nicolas/ws_ros2/install/px4_msgs/include/px4_msgs/px4_msgs/msg/detail/tiltrotor_extra_controls__type_support.h\n'}
[0.797289] (px4_msgs) StdoutLine: {'line': b'-- Up-to-date: /home/nicolas/ws_ros2/install/px4_msgs/include/px4_msgs/px4_msgs/msg/detail/pure_pursuit_status__functions.h\n'}
[0.797323] (px4_msgs) StdoutLine: {'line': b'-- Up-to-date: /home/nicolas/ws_ros2/install/px4_msgs/include/px4_msgs/px4_msgs/msg/detail/tune_control__struct.h\n'}
[0.797357] (px4_msgs) StdoutLine: {'line': b'-- Up-to-date: /home/nicolas/ws_ros2/install/px4_msgs/include/px4_msgs/px4_msgs/msg/detail/gimbal_manager_information__functions.h\n'}
[0.797390] (px4_msgs) StdoutLine: {'line': b'-- Up-to-date: /home/nicolas/ws_ros2/install/px4_msgs/include/px4_msgs/px4_msgs/msg/detail/estimator_status_flags__struct.h\n'}
[0.797423] (px4_msgs) StdoutLine: {'line': b'-- Up-to-date: /home/nicolas/ws_ros2/install/px4_msgs/include/px4_msgs/px4_msgs/msg/detail/sensors_status_imu__type_support.h\n'}
[0.797458] (px4_msgs) StdoutLine: {'line': b'-- Up-to-date: /home/nicolas/ws_ros2/install/px4_msgs/include/px4_msgs/px4_msgs/msg/detail/esc_status__struct.h\n'}
[0.797493] (px4_msgs) StdoutLine: {'line': b'-- Up-to-date: /home/nicolas/ws_ros2/install/px4_msgs/include/px4_msgs/px4_msgs/msg/detail/camera_capture__type_support.h\n'}
[0.797527] (px4_msgs) StdoutLine: {'line': b'-- Up-to-date: /home/nicolas/ws_ros2/install/px4_msgs/include/px4_msgs/px4_msgs/msg/detail/pure_pursuit_status__struct.h\n'}
[0.797560] (px4_msgs) StdoutLine: {'line': b'-- Up-to-date: /home/nicolas/ws_ros2/install/px4_msgs/include/px4_msgs/px4_msgs/msg/detail/vehicle_control_mode__type_support.h\n'}
[0.797594] (px4_msgs) StdoutLine: {'line': b'-- Up-to-date: /home/nicolas/ws_ros2/install/px4_msgs/include/px4_msgs/px4_msgs/msg/detail/open_drone_id_operator_id__functions.c\n'}
[0.797626] (px4_msgs) StdoutLine: {'line': b'-- Up-to-date: /home/nicolas/ws_ros2/install/px4_msgs/include/px4_msgs/px4_msgs/msg/detail/longitudinal_control_configuration__type_support.h\n'}
[0.797659] (px4_msgs) StdoutLine: {'line': b'-- Up-to-date: /home/nicolas/ws_ros2/install/px4_msgs/include/px4_msgs/px4_msgs/msg/detail/sensor_selection__type_support.h\n'}
[0.797703] (px4_msgs) StdoutLine: {'line': b'-- Up-to-date: /home/nicolas/ws_ros2/install/px4_msgs/include/px4_msgs/px4_msgs/msg/detail/vehicle_acceleration__struct.h\n'}
[0.797736] (px4_msgs) StdoutLine: {'line': b'-- Up-to-date: /home/nicolas/ws_ros2/install/px4_msgs/include/px4_msgs/px4_msgs/msg/detail/px4io_status__type_support.h\n'}
[0.797770] (px4_msgs) StdoutLine: {'line': b'-- Up-to-date: /home/nicolas/ws_ros2/install/px4_msgs/include/px4_msgs/px4_msgs/msg/detail/action_request__type_support.h\n'}
[0.797803] (px4_msgs) StdoutLine: {'line': b'-- Up-to-date: /home/nicolas/ws_ros2/install/px4_msgs/include/px4_msgs/px4_msgs/msg/detail/normalized_unsigned_setpoint__struct.h\n'}
[0.797836] (px4_msgs) StdoutLine: {'line': b'-- Up-to-date: /home/nicolas/ws_ros2/install/px4_msgs/include/px4_msgs/px4_msgs/msg/detail/sensor_gyro_fifo__functions.c\n'}
[0.797869] (px4_msgs) StdoutLine: {'line': b'-- Up-to-date: /home/nicolas/ws_ros2/install/px4_msgs/include/px4_msgs/px4_msgs/msg/detail/open_drone_id_self_id__functions.c\n'}
[0.797902] (px4_msgs) StdoutLine: {'line': b'-- Up-to-date: /home/nicolas/ws_ros2/install/px4_msgs/include/px4_msgs/px4_msgs/msg/detail/position_setpoint_triplet__functions.c\n'}
[0.797941] (px4_msgs) StdoutLine: {'line': b'-- Up-to-date: /home/nicolas/ws_ros2/install/px4_msgs/include/px4_msgs/px4_msgs/msg/detail/task_stack_info__type_support.h\n'}
[0.797975] (px4_msgs) StdoutLine: {'line': b'-- Up-to-date: /home/nicolas/ws_ros2/install/px4_msgs/include/px4_msgs/px4_msgs/msg/detail/vehicle_optical_flow_vel__functions.h\n'}
[0.798008] (px4_msgs) StdoutLine: {'line': b'-- Up-to-date: /home/nicolas/ws_ros2/install/px4_msgs/include/px4_msgs/px4_msgs/msg/detail/mavlink_tunnel__functions.h\n'}
[0.798040] (px4_msgs) StdoutLine: {'line': b'-- Up-to-date: /home/nicolas/ws_ros2/install/px4_msgs/include/px4_msgs/px4_msgs/msg/detail/qshell_retval__functions.h\n'}
[0.798072] (px4_msgs) StdoutLine: {'line': b'-- Up-to-date: /home/nicolas/ws_ros2/install/px4_msgs/include/px4_msgs/px4_msgs/msg/detail/estimator_aid_source1d__functions.c\n'}
[0.798105] (px4_msgs) StdoutLine: {'line': b'-- Up-to-date: /home/nicolas/ws_ros2/install/px4_msgs/include/px4_msgs/px4_msgs/msg/detail/launch_detection_status__struct.h\n'}
[0.798138] (px4_msgs) StdoutLine: {'line': b'-- Up-to-date: /home/nicolas/ws_ros2/install/px4_msgs/include/px4_msgs/px4_msgs/msg/detail/qshell_req__struct.h\n'}
[0.798170] (px4_msgs) StdoutLine: {'line': b'-- Up-to-date: /home/nicolas/ws_ros2/install/px4_msgs/include/px4_msgs/px4_msgs/msg/detail/actuator_outputs__type_support.h\n'}
[0.798201] (px4_msgs) StdoutLine: {'line': b'-- Up-to-date: /home/nicolas/ws_ros2/install/px4_msgs/include/px4_msgs/px4_msgs/msg/detail/cellular_status__functions.h\n'}
[0.798330] (px4_msgs) StdoutLine: {'line': b'-- Up-to-date: /home/nicolas/ws_ros2/install/px4_msgs/include/px4_msgs/px4_msgs/msg/detail/sensor_gnss_relative__functions.h\n'}
[0.798507] (px4_msgs) StdoutLine: {'line': b'-- Up-to-date: /home/nicolas/ws_ros2/install/px4_msgs/include/px4_msgs/px4_msgs/msg/detail/position_setpoint__type_support.h\n'}
[0.798541] (px4_msgs) StdoutLine: {'line': b'-- Up-to-date: /home/nicolas/ws_ros2/install/px4_msgs/include/px4_msgs/px4_msgs/msg/detail/fixed_wing_lateral_status__functions.c\n'}
[0.798575] (px4_msgs) StdoutLine: {'line': b'-- Up-to-date: /home/nicolas/ws_ros2/install/px4_msgs/include/px4_msgs/px4_msgs/msg/detail/geofence_status__struct.h\n'}
[0.798614] (px4_msgs) StdoutLine: {'line': b'-- Up-to-date: /home/nicolas/ws_ros2/install/px4_msgs/include/px4_msgs/px4_msgs/msg/detail/rover_rate_setpoint__type_support.h\n'}
[0.798647] (px4_msgs) StdoutLine: {'line': b'-- Up-to-date: /home/nicolas/ws_ros2/install/px4_msgs/include/px4_msgs/px4_msgs/msg/detail/ulog_stream__type_support.h\n'}
[0.798683] (px4_msgs) StdoutLine: {'line': b'-- Up-to-date: /home/nicolas/ws_ros2/install/px4_msgs/include/px4_msgs/px4_msgs/msg/detail/log_message__functions.h\n'}
[0.798718] (px4_msgs) StdoutLine: {'line': b'-- Up-to-date: /home/nicolas/ws_ros2/install/px4_msgs/include/px4_msgs/px4_msgs/msg/detail/gimbal_manager_status__functions.h\n'}
[0.798826] (px4_msgs) StdoutLine: {'line': b'-- Up-to-date: /home/nicolas/ws_ros2/install/px4_msgs/include/px4_msgs/px4_msgs/msg/detail/vehicle_thrust_setpoint__functions.c\n'}
[0.798860] (px4_msgs) StdoutLine: {'line': b'-- Up-to-date: /home/nicolas/ws_ros2/install/px4_msgs/include/px4_msgs/px4_msgs/msg/detail/navigator_mission_item__struct.h\n'}
[0.798895] (px4_msgs) StdoutLine: {'line': b'-- Up-to-date: /home/nicolas/ws_ros2/install/px4_msgs/include/px4_msgs/px4_msgs/msg/detail/unregister_ext_component__functions.h\n'}
[0.798931] (px4_msgs) StdoutLine: {'line': b'-- Up-to-date: /home/nicolas/ws_ros2/install/px4_msgs/include/px4_msgs/px4_msgs/msg/detail/gripper__functions.h\n'}
[0.798967] (px4_msgs) StdoutLine: {'line': b'-- Up-to-date: /home/nicolas/ws_ros2/install/px4_msgs/include/px4_msgs/px4_msgs/msg/detail/rover_rate_setpoint__functions.h\n'}
[0.799000] (px4_msgs) StdoutLine: {'line': b'-- Up-to-date: /home/nicolas/ws_ros2/install/px4_msgs/include/px4_msgs/px4_msgs/msg/detail/parameter_reset_request__functions.h\n'}
[0.799034] (px4_msgs) StdoutLine: {'line': b'-- Up-to-date: /home/nicolas/ws_ros2/install/px4_msgs/include/px4_msgs/px4_msgs/msg/detail/register_ext_component_reply__functions.c\n'}
[0.799067] (px4_msgs) StdoutLine: {'line': b'-- Up-to-date: /home/nicolas/ws_ros2/install/px4_msgs/include/px4_msgs/px4_msgs/msg/detail/fixed_wing_lateral_setpoint__struct.h\n'}
[0.799100] (px4_msgs) StdoutLine: {'line': b'-- Up-to-date: /home/nicolas/ws_ros2/install/px4_msgs/include/px4_msgs/px4_msgs/msg/detail/position_controller_landing_status__functions.h\n'}
[0.799135] (px4_msgs) StdoutLine: {'line': b'-- Up-to-date: /home/nicolas/ws_ros2/install/px4_msgs/include/px4_msgs/px4_msgs/msg/detail/goto_setpoint__functions.c\n'}
[0.799168] (px4_msgs) StdoutLine: {'line': b'-- Up-to-date: /home/nicolas/ws_ros2/install/px4_msgs/include/px4_msgs/px4_msgs/msg/detail/estimator_states__type_support.h\n'}
[0.799203] (px4_msgs) StdoutLine: {'line': b'-- Up-to-date: /home/nicolas/ws_ros2/install/px4_msgs/include/px4_msgs/px4_msgs/msg/detail/vehicle_optical_flow__functions.h\n'}
[0.799236] (px4_msgs) StdoutLine: {'line': b'-- Up-to-date: /home/nicolas/ws_ros2/install/px4_msgs/include/px4_msgs/px4_msgs/msg/detail/vehicle_status__functions.h\n'}
[0.799268] (px4_msgs) StdoutLine: {'line': b'-- Up-to-date: /home/nicolas/ws_ros2/install/px4_msgs/include/px4_msgs/px4_msgs/msg/detail/goto_setpoint__type_support.h\n'}
[0.799302] (px4_msgs) StdoutLine: {'line': b'-- Up-to-date: /home/nicolas/ws_ros2/install/px4_msgs/include/px4_msgs/px4_msgs/msg/detail/timesync_status__struct.h\n'}
[0.799335] (px4_msgs) StdoutLine: {'line': b'-- Up-to-date: /home/nicolas/ws_ros2/install/px4_msgs/include/px4_msgs/px4_msgs/msg/detail/vehicle_command_ack__struct.h\n'}
[0.799367] (px4_msgs) StdoutLine: {'line': b'-- Up-to-date: /home/nicolas/ws_ros2/install/px4_msgs/include/px4_msgs/px4_msgs/msg/detail/cellular_status__type_support.h\n'}
[0.799398] (px4_msgs) StdoutLine: {'line': b'-- Up-to-date: /home/nicolas/ws_ros2/install/px4_msgs/include/px4_msgs/px4_msgs/msg/detail/sensor_gnss_status__struct.h\n'}
[0.799430] (px4_msgs) StdoutLine: {'line': b'-- Up-to-date: /home/nicolas/ws_ros2/install/px4_msgs/include/px4_msgs/px4_msgs/msg/detail/vehicle_command_ack__functions.c\n'}
[0.799462] (px4_msgs) StdoutLine: {'line': b'-- Up-to-date: /home/nicolas/ws_ros2/install/px4_msgs/include/px4_msgs/px4_msgs/msg/detail/position_setpoint__struct.h\n'}
[0.799493] (px4_msgs) StdoutLine: {'line': b'-- Up-to-date: /home/nicolas/ws_ros2/install/px4_msgs/include/px4_msgs/px4_msgs/msg/detail/mount_orientation__functions.h\n'}
[0.799525] (px4_msgs) StdoutLine: {'line': b'-- Up-to-date: /home/nicolas/ws_ros2/install/px4_msgs/include/px4_msgs/px4_msgs/msg/detail/sensor_gyro_fft__struct.h\n'}
[0.799634] (px4_msgs) StdoutLine: {'line': b'-- Up-to-date: /home/nicolas/ws_ros2/install/px4_msgs/include/px4_msgs/px4_msgs/msg/detail/internal_combustion_engine_control__functions.h\n'}
[0.799667] (px4_msgs) StdoutLine: {'line': b'-- Up-to-date: /home/nicolas/ws_ros2/install/px4_msgs/include/px4_msgs/px4_msgs/msg/detail/led_control__struct.h\n'}
[0.799852] (px4_msgs) StdoutLine: {'line': b'-- Up-to-date: /home/nicolas/ws_ros2/install/px4_msgs/include/px4_msgs/px4_msgs/msg/detail/flight_phase_estimation__struct.h\n'}
[0.799885] (px4_msgs) StdoutLine: {'line': b'-- Up-to-date: /home/nicolas/ws_ros2/install/px4_msgs/include/px4_msgs/px4_msgs/msg/detail/system_power__functions.h\n'}
[0.799922] (px4_msgs) StdoutLine: {'line': b'-- Up-to-date: /home/nicolas/ws_ros2/install/px4_msgs/include/px4_msgs/px4_msgs/msg/detail/failure_detector_status__type_support.h\n'}
[0.799957] (px4_msgs) StdoutLine: {'line': b'-- Up-to-date: /home/nicolas/ws_ros2/install/px4_msgs/include/px4_msgs/px4_msgs/msg/detail/lateral_control_configuration__functions.h\n'}
[0.799989] (px4_msgs) StdoutLine: {'line': b'-- Up-to-date: /home/nicolas/ws_ros2/install/px4_msgs/include/px4_msgs/px4_msgs/msg/detail/vehicle_magnetometer__functions.c\n'}
[0.800168] (px4_msgs) StdoutLine: {'line': b'-- Up-to-date: /home/nicolas/ws_ros2/install/px4_msgs/include/px4_msgs/px4_msgs/msg/detail/internal_combustion_engine_status__functions.h\n'}
[0.800212] (px4_msgs) StdoutLine: {'line': b'-- Up-to-date: /home/nicolas/ws_ros2/install/px4_msgs/include/px4_msgs/px4_msgs/msg/detail/autotune_attitude_control_status__type_support.h\n'}
[0.800248] (px4_msgs) StdoutLine: {'line': b'-- Up-to-date: /home/nicolas/ws_ros2/install/px4_msgs/include/px4_msgs/px4_msgs/msg/detail/mission_result__type_support.h\n'}
[0.800282] (px4_msgs) StdoutLine: {'line': b'-- Up-to-date: /home/nicolas/ws_ros2/install/px4_msgs/include/px4_msgs/px4_msgs/msg/detail/actuator_controls_status__struct.h\n'}
[0.800325] (px4_msgs) StdoutLine: {'line': b'-- Up-to-date: /home/nicolas/ws_ros2/install/px4_msgs/include/px4_msgs/px4_msgs/msg/detail/offboard_control_mode__functions.c\n'}
[0.800357] (px4_msgs) StdoutLine: {'line': b'-- Up-to-date: /home/nicolas/ws_ros2/install/px4_msgs/include/px4_msgs/px4_msgs/msg/detail/estimator_sensor_bias__type_support.h\n'}
[0.800389] (px4_msgs) StdoutLine: {'line': b'-- Up-to-date: /home/nicolas/ws_ros2/install/px4_msgs/include/px4_msgs/px4_msgs/msg/detail/vtol_vehicle_status__struct.h\n'}
[0.800422] (px4_msgs) StdoutLine: {'line': b'-- Up-to-date: /home/nicolas/ws_ros2/install/px4_msgs/include/px4_msgs/px4_msgs/msg/detail/vehicle_constraints__type_support.h\n'}
[0.800454] (px4_msgs) StdoutLine: {'line': b'-- Up-to-date: /home/nicolas/ws_ros2/install/px4_msgs/include/px4_msgs/px4_msgs/msg/detail/landing_gear__type_support.h\n'}
[0.800486] (px4_msgs) StdoutLine: {'line': b'-- Up-to-date: /home/nicolas/ws_ros2/install/px4_msgs/include/px4_msgs/px4_msgs/msg/detail/airspeed_wind__struct.h\n'}
[0.800519] (px4_msgs) StdoutLine: {'line': b'-- Up-to-date: /home/nicolas/ws_ros2/install/px4_msgs/include/px4_msgs/px4_msgs/msg/detail/estimator_aid_source2d__type_support.h\n'}
[0.800552] (px4_msgs) StdoutLine: {'line': b'-- Up-to-date: /home/nicolas/ws_ros2/install/px4_msgs/include/px4_msgs/px4_msgs/msg/detail/offboard_control_mode__struct.h\n'}
[0.800585] (px4_msgs) StdoutLine: {'line': b'-- Up-to-date: /home/nicolas/ws_ros2/install/px4_msgs/include/px4_msgs/px4_msgs/msg/detail/message_format_request__struct.h\n'}
[0.800616] (px4_msgs) StdoutLine: {'line': b'-- Up-to-date: /home/nicolas/ws_ros2/install/px4_msgs/include/px4_msgs/px4_msgs/msg/detail/radio_status__type_support.h\n'}
[0.800649] (px4_msgs) StdoutLine: {'line': b'-- Up-to-date: /home/nicolas/ws_ros2/install/px4_msgs/include/px4_msgs/px4_msgs/msg/detail/ulog_stream_ack__struct.h\n'}
[0.800680] (px4_msgs) StdoutLine: {'line': b'-- Up-to-date: /home/nicolas/ws_ros2/install/px4_msgs/include/px4_msgs/px4_msgs/msg/detail/estimator_gps_status__type_support.h\n'}
[0.800711] (px4_msgs) StdoutLine: {'line': b'-- Up-to-date: /home/nicolas/ws_ros2/install/px4_msgs/include/px4_msgs/px4_msgs/msg/detail/open_drone_id_arm_status__type_support.h\n'}
[0.800743] (px4_msgs) StdoutLine: {'line': b'-- Up-to-date: /home/nicolas/ws_ros2/install/px4_msgs/include/px4_msgs/px4_msgs/msg/detail/follow_target__functions.c\n'}
[0.800816] (px4_msgs) StdoutLine: {'line': b'-- Up-to-date: /home/nicolas/ws_ros2/install/px4_msgs/include/px4_msgs/px4_msgs/msg/detail/gps_inject_data__functions.h\n'}
[0.800849] (px4_msgs) StdoutLine: {'line': b'-- Up-to-date: /home/nicolas/ws_ros2/install/px4_msgs/include/px4_msgs/px4_msgs/msg/detail/can_interface_status__type_support.h\n'}
[0.800882] (px4_msgs) StdoutLine: {'line': b'-- Up-to-date: /home/nicolas/ws_ros2/install/px4_msgs/include/px4_msgs/px4_msgs/msg/detail/vehicle_command__struct.h\n'}
[0.800913] (px4_msgs) StdoutLine: {'line': b'-- Up-to-date: /home/nicolas/ws_ros2/install/px4_msgs/include/px4_msgs/px4_msgs/msg/detail/vehicle_acceleration__type_support.h\n'}
[0.800950] (px4_msgs) StdoutLine: {'line': b'-- Up-to-date: /home/nicolas/ws_ros2/install/px4_msgs/include/px4_msgs/px4_msgs/msg/detail/position_controller_landing_status__functions.c\n'}
[0.800981] (px4_msgs) StdoutLine: {'line': b'-- Up-to-date: /home/nicolas/ws_ros2/install/px4_msgs/include/px4_msgs/px4_msgs/msg/detail/differential_pressure__functions.h\n'}
[0.801105] (-) TimerEvent: {}
[0.801217] (px4_msgs) StdoutLine: {'line': b'-- Up-to-date: /home/nicolas/ws_ros2/install/px4_msgs/include/px4_msgs/px4_msgs/msg/detail/satellite_info__functions.h\n'}
[0.801261] (px4_msgs) StdoutLine: {'line': b'-- Up-to-date: /home/nicolas/ws_ros2/install/px4_msgs/include/px4_msgs/px4_msgs/msg/detail/rc_channels__functions.c\n'}
[0.801298] (px4_msgs) StdoutLine: {'line': b'-- Up-to-date: /home/nicolas/ws_ros2/install/px4_msgs/include/px4_msgs/px4_msgs/msg/detail/ulog_stream_ack__type_support.h\n'}
[0.801332] (px4_msgs) StdoutLine: {'line': b'-- Up-to-date: /home/nicolas/ws_ros2/install/px4_msgs/include/px4_msgs/px4_msgs/msg/detail/longitudinal_control_configuration__functions.c\n'}
[0.801366] (px4_msgs) StdoutLine: {'line': b'-- Up-to-date: /home/nicolas/ws_ros2/install/px4_msgs/include/px4_msgs/px4_msgs/msg/detail/geofence_result__struct.h\n'}
[0.801400] (px4_msgs) StdoutLine: {'line': b'-- Up-to-date: /home/nicolas/ws_ros2/install/px4_msgs/include/px4_msgs/px4_msgs/msg/detail/manual_control_setpoint__type_support.h\n'}
[0.801432] (px4_msgs) StdoutLine: {'line': b'-- Up-to-date: /home/nicolas/ws_ros2/install/px4_msgs/include/px4_msgs/px4_msgs/msg/detail/mag_worker_data__struct.h\n'}
[0.801464] (px4_msgs) StdoutLine: {'line': b'-- Up-to-date: /home/nicolas/ws_ros2/install/px4_msgs/include/px4_msgs/px4_msgs/msg/detail/gimbal_manager_information__functions.c\n'}
[0.801495] (px4_msgs) StdoutLine: {'line': b'-- Up-to-date: /home/nicolas/ws_ros2/install/px4_msgs/include/px4_msgs/px4_msgs/msg/detail/sensor_gyro__functions.c\n'}
[0.801611] (px4_msgs) StdoutLine: {'line': b'-- Up-to-date: /home/nicolas/ws_ros2/install/px4_msgs/include/px4_msgs/px4_msgs/msg/detail/fuel_tank_status__type_support.h\n'}
[0.801646] (px4_msgs) StdoutLine: {'line': b'-- Up-to-date: /home/nicolas/ws_ros2/install/px4_msgs/include/px4_msgs/px4_msgs/msg/detail/neural_control__type_support.h\n'}
[0.801690] (px4_msgs) StdoutLine: {'line': b'-- Up-to-date: /home/nicolas/ws_ros2/install/px4_msgs/include/px4_msgs/px4_msgs/msg/detail/rover_rate_setpoint__struct.h\n'}
[0.801734] (px4_msgs) StdoutLine: {'line': b'-- Up-to-date: /home/nicolas/ws_ros2/install/px4_msgs/include/px4_msgs/px4_msgs/msg/detail/parameter_update__type_support.h\n'}
[0.801783] (px4_msgs) StdoutLine: {'line': b'-- Up-to-date: /home/nicolas/ws_ros2/install/px4_msgs/include/px4_msgs/px4_msgs/msg/detail/vehicle_control_mode__functions.c\n'}
[0.801832] (px4_msgs) StdoutLine: {'line': b'-- Up-to-date: /home/nicolas/ws_ros2/install/px4_msgs/include/px4_msgs/px4_msgs/msg/detail/sensor_accel__type_support.h\n'}
[0.801886] (px4_msgs) StdoutLine: {'line': b'-- Up-to-date: /home/nicolas/ws_ros2/install/px4_msgs/include/px4_msgs/px4_msgs/msg/detail/fixed_wing_runway_control__functions.c\n'}
[0.801956] (px4_msgs) StdoutLine: {'line': b'-- Up-to-date: /home/nicolas/ws_ros2/install/px4_msgs/include/px4_msgs/px4_msgs/msg/detail/orbit_status__functions.c\n'}
[0.802009] (px4_msgs) StdoutLine: {'line': b'-- Up-to-date: /home/nicolas/ws_ros2/install/px4_msgs/include/px4_msgs/px4_msgs/msg/detail/mission__functions.h\n'}
[0.802138] (px4_msgs) StdoutLine: {'line': b'-- Up-to-date: /home/nicolas/ws_ros2/install/px4_msgs/include/px4_msgs/px4_msgs/msg/detail/vehicle_angular_velocity__struct.h\n'}
[0.802172] (px4_msgs) StdoutLine: {'line': b'-- Up-to-date: /home/nicolas/ws_ros2/install/px4_msgs/include/px4_msgs/px4_msgs/msg/detail/home_position__struct.h\n'}
[0.802206] (px4_msgs) StdoutLine: {'line': b'-- Up-to-date: /home/nicolas/ws_ros2/install/px4_msgs/include/px4_msgs/px4_msgs/msg/detail/vehicle_thrust_setpoint__struct.h\n'}
[0.802238] (px4_msgs) StdoutLine: {'line': b'-- Up-to-date: /home/nicolas/ws_ros2/install/px4_msgs/include/px4_msgs/px4_msgs/msg/detail/airspeed_validated__type_support.h\n'}
[0.802270] (px4_msgs) StdoutLine: {'line': b'-- Up-to-date: /home/nicolas/ws_ros2/install/px4_msgs/include/px4_msgs/px4_msgs/msg/detail/offboard_control_mode__type_support.h\n'}
[0.802303] (px4_msgs) StdoutLine: {'line': b'-- Up-to-date: /home/nicolas/ws_ros2/install/px4_msgs/include/px4_msgs/px4_msgs/msg/detail/rover_rate_setpoint__functions.c\n'}
[0.802335] (px4_msgs) StdoutLine: {'line': b'-- Up-to-date: /home/nicolas/ws_ros2/install/px4_msgs/include/px4_msgs/px4_msgs/msg/detail/vehicle_acceleration__functions.c\n'}
[0.802367] (px4_msgs) StdoutLine: {'line': b'-- Up-to-date: /home/nicolas/ws_ros2/install/px4_msgs/include/px4_msgs/px4_msgs/msg/detail/fixed_wing_lateral_status__type_support.h\n'}
[0.802398] (px4_msgs) StdoutLine: {'line': b'-- Up-to-date: /home/nicolas/ws_ros2/install/px4_msgs/include/px4_msgs/px4_msgs/msg/detail/sensors_status__type_support.h\n'}
[0.802430] (px4_msgs) StdoutLine: {'line': b'-- Up-to-date: /home/nicolas/ws_ros2/install/px4_msgs/include/px4_msgs/px4_msgs/msg/detail/estimator_aid_source2d__struct.h\n'}
[0.802472] (px4_msgs) StdoutLine: {'line': b'-- Up-to-date: /home/nicolas/ws_ros2/install/px4_msgs/include/px4_msgs/px4_msgs/msg/detail/arming_check_reply__functions.h\n'}
[0.802504] (px4_msgs) StdoutLine: {'line': b'-- Up-to-date: /home/nicolas/ws_ros2/install/px4_msgs/include/px4_msgs/px4_msgs/msg/detail/mode_completed__functions.h\n'}
[0.802535] (px4_msgs) StdoutLine: {'line': b'-- Up-to-date: /home/nicolas/ws_ros2/install/px4_msgs/include/px4_msgs/px4_msgs/msg/detail/register_ext_component_reply__functions.h\n'}
[0.802612] (px4_msgs) StdoutLine: {'line': b'-- Up-to-date: /home/nicolas/ws_ros2/install/px4_msgs/include/px4_msgs/px4_msgs/msg/detail/debug_array__type_support.h\n'}
[0.802645] (px4_msgs) StdoutLine: {'line': b'-- Up-to-date: /home/nicolas/ws_ros2/install/px4_msgs/include/px4_msgs/px4_msgs/msg/detail/config_overrides__type_support.h\n'}
[0.802677] (px4_msgs) StdoutLine: {'line': b'-- Up-to-date: /home/nicolas/ws_ros2/install/px4_msgs/include/px4_msgs/px4_msgs/msg/detail/rpm__type_support.h\n'}
[0.802709] (px4_msgs) StdoutLine: {'line': b'-- Up-to-date: /home/nicolas/ws_ros2/install/px4_msgs/include/px4_msgs/px4_msgs/msg/detail/vehicle_attitude_setpoint__functions.h\n'}
[0.802740] (px4_msgs) StdoutLine: {'line': b'-- Up-to-date: /home/nicolas/ws_ros2/install/px4_msgs/include/px4_msgs/px4_msgs/msg/detail/actuator_armed__functions.c\n'}
[0.802771] (px4_msgs) StdoutLine: {'line': b'-- Up-to-date: /home/nicolas/ws_ros2/install/px4_msgs/include/px4_msgs/px4_msgs/msg/detail/rc_channels__functions.h\n'}
[0.802802] (px4_msgs) StdoutLine: {'line': b'-- Up-to-date: /home/nicolas/ws_ros2/install/px4_msgs/include/px4_msgs/px4_msgs/msg/detail/battery_status__type_support.h\n'}
[0.802833] (px4_msgs) StdoutLine: {'line': b'-- Up-to-date: /home/nicolas/ws_ros2/install/px4_msgs/include/px4_msgs/px4_msgs/msg/detail/goto_setpoint__functions.h\n'}
[0.802863] (px4_msgs) StdoutLine: {'line': b'-- Up-to-date: /home/nicolas/ws_ros2/install/px4_msgs/include/px4_msgs/px4_msgs/msg/detail/control_allocator_status__struct.h\n'}
[0.802894] (px4_msgs) StdoutLine: {'line': b'-- Up-to-date: /home/nicolas/ws_ros2/install/px4_msgs/include/px4_msgs/px4_msgs/msg/detail/iridiumsbd_status__struct.h\n'}
[0.802930] (px4_msgs) StdoutLine: {'line': b'-- Up-to-date: /home/nicolas/ws_ros2/install/px4_msgs/include/px4_msgs/px4_msgs/msg/detail/vehicle_attitude_setpoint__struct.h\n'}
[0.803065] (px4_msgs) StdoutLine: {'line': b'-- Up-to-date: /home/nicolas/ws_ros2/install/px4_msgs/include/px4_msgs/px4_msgs/msg/detail/estimator_status_flags__functions.c\n'}
[0.803098] (px4_msgs) StdoutLine: {'line': b'-- Up-to-date: /home/nicolas/ws_ros2/install/px4_msgs/include/px4_msgs/px4_msgs/msg/detail/estimator_status_flags__functions.h\n'}
[0.803156] (px4_msgs) StdoutLine: {'line': b'-- Up-to-date: /home/nicolas/ws_ros2/install/px4_msgs/include/px4_msgs/px4_msgs/msg/detail/velocity_limits__functions.c\n'}
[0.803188] (px4_msgs) StdoutLine: {'line': b'-- Up-to-date: /home/nicolas/ws_ros2/install/px4_msgs/include/px4_msgs/px4_msgs/msg/detail/estimator_bias__type_support.h\n'}
[0.803219] (px4_msgs) StdoutLine: {'line': b'-- Up-to-date: /home/nicolas/ws_ros2/install/px4_msgs/include/px4_msgs/px4_msgs/msg/detail/estimator_gps_status__functions.c\n'}
[0.803250] (px4_msgs) StdoutLine: {'line': b'-- Up-to-date: /home/nicolas/ws_ros2/install/px4_msgs/include/px4_msgs/px4_msgs/msg/detail/velocity_limits__functions.h\n'}
[0.803280] (px4_msgs) StdoutLine: {'line': b'-- Up-to-date: /home/nicolas/ws_ros2/install/px4_msgs/include/px4_msgs/px4_msgs/msg/detail/figure_eight_status__struct.h\n'}
[0.803311] (px4_msgs) StdoutLine: {'line': b'-- Up-to-date: /home/nicolas/ws_ros2/install/px4_msgs/include/px4_msgs/px4_msgs/msg/detail/open_drone_id_system__functions.h\n'}
[0.803341] (px4_msgs) StdoutLine: {'line': b'-- Up-to-date: /home/nicolas/ws_ros2/install/px4_msgs/include/px4_msgs/px4_msgs/msg/detail/sensor_gyro__struct.h\n'}
[0.803371] (px4_msgs) StdoutLine: {'line': b'-- Up-to-date: /home/nicolas/ws_ros2/install/px4_msgs/include/px4_msgs/px4_msgs/msg/detail/parameter_reset_request__functions.c\n'}
[0.803402] (px4_msgs) StdoutLine: {'line': b'-- Up-to-date: /home/nicolas/ws_ros2/install/px4_msgs/include/px4_msgs/px4_msgs/msg/detail/gimbal_manager_set_manual_control__functions.h\n'}
[0.803432] (px4_msgs) StdoutLine: {'line': b'-- Up-to-date: /home/nicolas/ws_ros2/install/px4_msgs/include/px4_msgs/px4_msgs/msg/detail/ulog_stream_ack__functions.c\n'}
[0.803463] (px4_msgs) StdoutLine: {'line': b'-- Up-to-date: /home/nicolas/ws_ros2/install/px4_msgs/include/px4_msgs/px4_msgs/msg/detail/iridiumsbd_status__functions.h\n'}
[0.803494] (px4_msgs) StdoutLine: {'line': b'-- Up-to-date: /home/nicolas/ws_ros2/install/px4_msgs/include/px4_msgs/px4_msgs/msg/detail/follow_target_status__functions.h\n'}
[0.803524] (px4_msgs) StdoutLine: {'line': b'-- Up-to-date: /home/nicolas/ws_ros2/install/px4_msgs/include/px4_msgs/px4_msgs/msg/detail/vehicle_magnetometer__struct.h\n'}
[0.803554] (px4_msgs) StdoutLine: {'line': b'-- Up-to-date: /home/nicolas/ws_ros2/install/px4_msgs/include/px4_msgs/px4_msgs/msg/detail/parameter_reset_request__struct.h\n'}
[0.803585] (px4_msgs) StdoutLine: {'line': b'-- Up-to-date: /home/nicolas/ws_ros2/install/px4_msgs/include/px4_msgs/px4_msgs/msg/detail/rover_speed_setpoint__type_support.h\n'}
[0.803617] (px4_msgs) StdoutLine: {'line': b'-- Up-to-date: /home/nicolas/ws_ros2/install/px4_msgs/include/px4_msgs/px4_msgs/msg/detail/logger_status__type_support.h\n'}
[0.803657] (px4_msgs) StdoutLine: {'line': b'-- Up-to-date: /home/nicolas/ws_ros2/install/px4_msgs/include/px4_msgs/px4_msgs/msg/detail/gimbal_device_set_attitude__functions.h\n'}
[0.803688] (px4_msgs) StdoutLine: {'line': b'-- Up-to-date: /home/nicolas/ws_ros2/install/px4_msgs/include/px4_msgs/px4_msgs/msg/detail/rtl_time_estimate__type_support.h\n'}
[0.803785] (px4_msgs) StdoutLine: {'line': b'-- Up-to-date: /home/nicolas/ws_ros2/install/px4_msgs/include/px4_msgs/px4_msgs/msg/detail/actuator_controls_status__functions.c\n'}
[0.803817] (px4_msgs) StdoutLine: {'line': b'-- Up-to-date: /home/nicolas/ws_ros2/install/px4_msgs/include/px4_msgs/px4_msgs/msg/detail/rover_throttle_setpoint__struct.h\n'}
[0.803848] (px4_msgs) StdoutLine: {'line': b'-- Up-to-date: /home/nicolas/ws_ros2/install/px4_msgs/include/px4_msgs/px4_msgs/msg/detail/generator_status__struct.h\n'}
[0.803924] (px4_msgs) StdoutLine: {'line': b'-- Up-to-date: /home/nicolas/ws_ros2/install/px4_msgs/include/px4_msgs/px4_msgs/msg/detail/home_position__functions.h\n'}
[0.803959] (px4_msgs) StdoutLine: {'line': b'-- Up-to-date: /home/nicolas/ws_ros2/install/px4_msgs/include/px4_msgs/px4_msgs/msg/detail/launch_detection_status__functions.h\n'}
[0.803991] (px4_msgs) StdoutLine: {'line': b'-- Up-to-date: /home/nicolas/ws_ros2/install/px4_msgs/include/px4_msgs/px4_msgs/msg/detail/vehicle_air_data__type_support.h\n'}
[0.804024] (px4_msgs) StdoutLine: {'line': b'-- Up-to-date: /home/nicolas/ws_ros2/install/px4_msgs/include/px4_msgs/px4_msgs/msg/detail/vehicle_angular_acceleration_setpoint__type_support.h\n'}
[0.804057] (px4_msgs) StdoutLine: {'line': b'-- Up-to-date: /home/nicolas/ws_ros2/install/px4_msgs/include/px4_msgs/px4_msgs/msg/detail/message_format_response__functions.c\n'}
[0.804091] (px4_msgs) StdoutLine: {'line': b'-- Up-to-date: /home/nicolas/ws_ros2/install/px4_msgs/include/px4_msgs/px4_msgs/msg/detail/uavcan_parameter_request__type_support.h\n'}
[0.804125] (px4_msgs) StdoutLine: {'line': b'-- Up-to-date: /home/nicolas/ws_ros2/install/px4_msgs/include/px4_msgs/px4_msgs/msg/detail/trajectory_setpoint6dof__functions.c\n'}
[0.804158] (px4_msgs) StdoutLine: {'line': b'-- Up-to-date: /home/nicolas/ws_ros2/install/px4_msgs/include/px4_msgs/px4_msgs/msg/detail/magnetometer_bias_estimate__struct.h\n'}
[0.804190] (px4_msgs) StdoutLine: {'line': b'-- Up-to-date: /home/nicolas/ws_ros2/install/px4_msgs/include/px4_msgs/px4_msgs/msg/detail/gpio_in__struct.h\n'}
[0.804223] (px4_msgs) StdoutLine: {'line': b'-- Up-to-date: /home/nicolas/ws_ros2/install/px4_msgs/include/px4_msgs/px4_msgs/msg/detail/estimator_aid_source1d__functions.h\n'}
[0.804348] (px4_msgs) StdoutLine: {'line': b'-- Up-to-date: /home/nicolas/ws_ros2/install/px4_msgs/include/px4_msgs/px4_msgs/msg/detail/vehicle_global_position__functions.c\n'}
[0.804403] (px4_msgs) StdoutLine: {'line': b'-- Up-to-date: /home/nicolas/ws_ros2/install/px4_msgs/include/px4_msgs/px4_msgs/msg/detail/rpm__functions.h\n'}
[0.804435] (px4_msgs) StdoutLine: {'line': b'-- Up-to-date: /home/nicolas/ws_ros2/install/px4_msgs/include/px4_msgs/px4_msgs/msg/detail/failure_detector_status__functions.c\n'}
[0.804469] (px4_msgs) StdoutLine: {'line': b'-- Up-to-date: /home/nicolas/ws_ros2/install/px4_msgs/include/px4_msgs/px4_msgs/msg/detail/timesync_status__functions.c\n'}
[0.804500] (px4_msgs) StdoutLine: {'line': b'-- Up-to-date: /home/nicolas/ws_ros2/install/px4_msgs/include/px4_msgs/px4_msgs/msg/detail/vehicle_roi__struct.h\n'}
[0.804532] (px4_msgs) StdoutLine: {'line': b'-- Up-to-date: /home/nicolas/ws_ros2/install/px4_msgs/include/px4_msgs/px4_msgs/msg/detail/adc_report__type_support.h\n'}
[0.804563] (px4_msgs) StdoutLine: {'line': b'-- Up-to-date: /home/nicolas/ws_ros2/install/px4_msgs/include/px4_msgs/px4_msgs/msg/detail/fixed_wing_lateral_status__functions.h\n'}
[0.804594] (px4_msgs) StdoutLine: {'line': b'-- Up-to-date: /home/nicolas/ws_ros2/install/px4_msgs/include/px4_msgs/px4_msgs/msg/detail/rover_attitude_status__functions.h\n'}
[0.804626] (px4_msgs) StdoutLine: {'line': b'-- Up-to-date: /home/nicolas/ws_ros2/install/px4_msgs/include/px4_msgs/px4_msgs/msg/detail/dronecan_node_status__functions.c\n'}
[0.804657] (px4_msgs) StdoutLine: {'line': b'-- Up-to-date: /home/nicolas/ws_ros2/install/px4_msgs/include/px4_msgs/px4_msgs/msg/detail/manual_control_switches__struct.h\n'}
[0.804688] (px4_msgs) StdoutLine: {'line': b'-- Up-to-date: /home/nicolas/ws_ros2/install/px4_msgs/include/px4_msgs/px4_msgs/msg/detail/sensor_accel_fifo__functions.h\n'}
[0.804719] (px4_msgs) StdoutLine: {'line': b'-- Up-to-date: /home/nicolas/ws_ros2/install/px4_msgs/include/px4_msgs/px4_msgs/msg/detail/geofence_status__type_support.h\n'}
[0.804749] (px4_msgs) StdoutLine: {'line': b'-- Up-to-date: /home/nicolas/ws_ros2/install/px4_msgs/include/px4_msgs/px4_msgs/msg/detail/gpio_config__functions.h\n'}
[0.804780] (px4_msgs) StdoutLine: {'line': b'-- Up-to-date: /home/nicolas/ws_ros2/install/px4_msgs/include/px4_msgs/px4_msgs/msg/detail/sensors_status__functions.c\n'}
[0.804823] (px4_msgs) StdoutLine: {'line': b'-- Up-to-date: /home/nicolas/ws_ros2/install/px4_msgs/include/px4_msgs/px4_msgs/msg/detail/estimator_status__functions.c\n'}
[0.804855] (px4_msgs) StdoutLine: {'line': b'-- Up-to-date: /home/nicolas/ws_ros2/install/px4_msgs/include/px4_msgs/px4_msgs/msg/detail/sensor_selection__functions.h\n'}
[0.804886] (px4_msgs) StdoutLine: {'line': b'-- Up-to-date: /home/nicolas/ws_ros2/install/px4_msgs/include/px4_msgs/px4_msgs/msg/detail/open_drone_id_operator_id__type_support.h\n'}
[0.804977] (px4_msgs) StdoutLine: {'line': b'-- Up-to-date: /home/nicolas/ws_ros2/install/px4_msgs/include/px4_msgs/px4_msgs/msg/detail/actuator_outputs__struct.h\n'}
[0.805056] (px4_msgs) StdoutLine: {'line': b'-- Up-to-date: /home/nicolas/ws_ros2/install/px4_msgs/include/px4_msgs/px4_msgs/msg/detail/position_controller_status__struct.h\n'}
[0.805088] (px4_msgs) StdoutLine: {'line': b'-- Up-to-date: /home/nicolas/ws_ros2/install/px4_msgs/include/px4_msgs/px4_msgs/msg/detail/debug_vect__type_support.h\n'}
[0.805120] (px4_msgs) StdoutLine: {'line': b'-- Up-to-date: /home/nicolas/ws_ros2/install/px4_msgs/include/px4_msgs/px4_msgs/msg/detail/gpio_config__functions.c\n'}
[0.805152] (px4_msgs) StdoutLine: {'line': b'-- Up-to-date: /home/nicolas/ws_ros2/install/px4_msgs/include/px4_msgs/px4_msgs/msg/detail/sensor_accel_fifo__struct.h\n'}
[0.805183] (px4_msgs) StdoutLine: {'line': b'-- Up-to-date: /home/nicolas/ws_ros2/install/px4_msgs/include/px4_msgs/px4_msgs/msg/detail/actuator_servos__struct.h\n'}
[0.805215] (px4_msgs) StdoutLine: {'line': b'-- Up-to-date: /home/nicolas/ws_ros2/install/px4_msgs/include/px4_msgs/px4_msgs/msg/detail/uavcan_parameter_request__functions.h\n'}
[0.805247] (px4_msgs) StdoutLine: {'line': b'-- Up-to-date: /home/nicolas/ws_ros2/install/px4_msgs/include/px4_msgs/px4_msgs/msg/detail/mavlink_log__type_support.h\n'}
[0.805279] (px4_msgs) StdoutLine: {'line': b'-- Up-to-date: /home/nicolas/ws_ros2/install/px4_msgs/include/px4_msgs/px4_msgs/msg/detail/rate_ctrl_status__functions.h\n'}
[0.805312] (px4_msgs) StdoutLine: {'line': b'-- Up-to-date: /home/nicolas/ws_ros2/install/px4_msgs/include/px4_msgs/px4_msgs/msg/detail/vehicle_imu__struct.h\n'}
[0.805343] (px4_msgs) StdoutLine: {'line': b'-- Up-to-date: /home/nicolas/ws_ros2/install/px4_msgs/include/px4_msgs/px4_msgs/msg/detail/pps_capture__functions.h\n'}
[0.805375] (px4_msgs) StdoutLine: {'line': b'-- Up-to-date: /home/nicolas/ws_ros2/install/px4_msgs/include/px4_msgs/px4_msgs/msg/detail/gimbal_manager_set_attitude__struct.h\n'}
[0.805407] (px4_msgs) StdoutLine: {'line': b'-- Up-to-date: /home/nicolas/ws_ros2/install/px4_msgs/include/px4_msgs/px4_msgs/msg/detail/vtol_vehicle_status__functions.h\n'}
[0.805438] (px4_msgs) StdoutLine: {'line': b'-- Up-to-date: /home/nicolas/ws_ros2/install/px4_msgs/include/px4_msgs/px4_msgs/msg/detail/mag_worker_data__functions.h\n'}
[0.805469] (px4_msgs) StdoutLine: {'line': b'-- Up-to-date: /home/nicolas/ws_ros2/install/px4_msgs/include/px4_msgs/px4_msgs/msg/detail/satellite_info__struct.h\n'}
[0.805500] (px4_msgs) StdoutLine: {'line': b'-- Up-to-date: /home/nicolas/ws_ros2/install/px4_msgs/include/px4_msgs/px4_msgs/msg/detail/gimbal_device_information__functions.c\n'}
[0.805542] (px4_msgs) StdoutLine: {'line': b'-- Up-to-date: /home/nicolas/ws_ros2/install/px4_msgs/include/px4_msgs/px4_msgs/msg/detail/estimator_aid_source3d__struct.h\n'}
[0.805711] (px4_msgs) StdoutLine: {'line': b'-- Up-to-date: /home/nicolas/ws_ros2/install/px4_msgs/include/px4_msgs/px4_msgs/msg/detail/normalized_unsigned_setpoint__functions.h\n'}
[0.805745] (px4_msgs) StdoutLine: {'line': b'-- Up-to-date: /home/nicolas/ws_ros2/install/px4_msgs/include/px4_msgs/px4_msgs/msg/detail/battery_info__struct.h\n'}
[0.805778] (px4_msgs) StdoutLine: {'line': b'-- Up-to-date: /home/nicolas/ws_ros2/install/px4_msgs/include/px4_msgs/px4_msgs/msg/detail/vehicle_imu_status__functions.h\n'}
[0.805811] (px4_msgs) StdoutLine: {'line': b'-- Up-to-date: /home/nicolas/ws_ros2/install/px4_msgs/include/px4_msgs/px4_msgs/msg/detail/rover_position_setpoint__type_support.h\n'}
[0.805855] (px4_msgs) StdoutLine: {'line': b'-- Up-to-date: /home/nicolas/ws_ros2/install/px4_msgs/include/px4_msgs/px4_msgs/msg/detail/battery_status__functions.c\n'}
[0.805887] (px4_msgs) StdoutLine: {'line': b'-- Up-to-date: /home/nicolas/ws_ros2/install/px4_msgs/include/px4_msgs/px4_msgs/msg/detail/tune_control__type_support.h\n'}
[0.805922] (px4_msgs) StdoutLine: {'line': b'-- Up-to-date: /home/nicolas/ws_ros2/install/px4_msgs/include/px4_msgs/px4_msgs/msg/detail/gpio_config__type_support.h\n'}
[0.805980] (px4_msgs) StdoutLine: {'line': b'-- Up-to-date: /home/nicolas/ws_ros2/install/px4_msgs/include/px4_msgs/px4_msgs/msg/detail/estimator_states__functions.h\n'}
[0.806013] (px4_msgs) StdoutLine: {'line': b'-- Up-to-date: /home/nicolas/ws_ros2/install/px4_msgs/include/px4_msgs/px4_msgs/msg/detail/vehicle_thrust_setpoint__functions.h\n'}
[0.806045] (px4_msgs) StdoutLine: {'line': b'-- Up-to-date: /home/nicolas/ws_ros2/install/px4_msgs/include/px4_msgs/px4_msgs/msg/detail/fixed_wing_lateral_setpoint__functions.c\n'}
[0.806076] (px4_msgs) StdoutLine: {'line': b'-- Up-to-date: /home/nicolas/ws_ros2/install/px4_msgs/include/px4_msgs/px4_msgs/msg/detail/control_allocator_status__functions.c\n'}
[0.806107] (px4_msgs) StdoutLine: {'line': b'-- Up-to-date: /home/nicolas/ws_ros2/install/px4_msgs/include/px4_msgs/px4_msgs/msg/detail/actuator_servos_trim__functions.h\n'}
[0.806139] (px4_msgs) StdoutLine: {'line': b'-- Up-to-date: /home/nicolas/ws_ros2/install/px4_msgs/include/px4_msgs/px4_msgs/msg/detail/wind__struct.h\n'}
[0.806171] (px4_msgs) StdoutLine: {'line': b'-- Up-to-date: /home/nicolas/ws_ros2/install/px4_msgs/include/px4_msgs/px4_msgs/msg/detail/follow_target_status__functions.c\n'}
[0.806202] (px4_msgs) StdoutLine: {'line': b'-- Up-to-date: /home/nicolas/ws_ros2/install/px4_msgs/include/px4_msgs/px4_msgs/msg/detail/parameter_set_used_request__functions.h\n'}
[0.806308] (px4_msgs) StdoutLine: {'line': b'-- Up-to-date: /home/nicolas/ws_ros2/install/px4_msgs/include/px4_msgs/px4_msgs/msg/detail/rtl_time_estimate__functions.c\n'}
[0.806342] (px4_msgs) StdoutLine: {'line': b'-- Up-to-date: /home/nicolas/ws_ros2/install/px4_msgs/include/px4_msgs/px4_msgs/msg/detail/camera_capture__functions.c\n'}
[0.806375] (px4_msgs) StdoutLine: {'line': b'-- Up-to-date: /home/nicolas/ws_ros2/install/px4_msgs/include/px4_msgs/px4_msgs/msg/detail/fixed_wing_lateral_status__struct.h\n'}
[0.806407] (px4_msgs) StdoutLine: {'line': b'-- Up-to-date: /home/nicolas/ws_ros2/install/px4_msgs/include/px4_msgs/px4_msgs/msg/detail/tecs_status__type_support.h\n'}
[0.806440] (px4_msgs) StdoutLine: {'line': b'-- Up-to-date: /home/nicolas/ws_ros2/install/px4_msgs/include/px4_msgs/px4_msgs/msg/detail/failure_detector_status__functions.h\n'}
[0.806472] (px4_msgs) StdoutLine: {'line': b'-- Up-to-date: /home/nicolas/ws_ros2/install/px4_msgs/include/px4_msgs/px4_msgs/msg/detail/flight_phase_estimation__type_support.h\n'}
[0.806503] (px4_msgs) StdoutLine: {'line': b'-- Up-to-date: /home/nicolas/ws_ros2/install/px4_msgs/include/px4_msgs/px4_msgs/msg/detail/gpio_request__struct.h\n'}
[0.806535] (px4_msgs) StdoutLine: {'line': b'-- Up-to-date: /home/nicolas/ws_ros2/install/px4_msgs/include/px4_msgs/px4_msgs/msg/detail/vehicle_local_position__functions.c\n'}
[0.806568] (px4_msgs) StdoutLine: {'line': b'-- Up-to-date: /home/nicolas/ws_ros2/install/px4_msgs/include/px4_msgs/px4_msgs/msg/detail/sensors_status_imu__functions.h\n'}
[0.806602] (px4_msgs) StdoutLine: {'line': b'-- Up-to-date: /home/nicolas/ws_ros2/install/px4_msgs/include/px4_msgs/px4_msgs/msg/detail/battery_status__functions.h\n'}
[0.806635] (px4_msgs) StdoutLine: {'line': b'-- Up-to-date: /home/nicolas/ws_ros2/install/px4_msgs/include/px4_msgs/px4_msgs/msg/detail/actuator_motors__struct.h\n'}
[0.806667] (px4_msgs) StdoutLine: {'line': b'-- Up-to-date: /home/nicolas/ws_ros2/install/px4_msgs/include/px4_msgs/px4_msgs/msg/detail/camera_trigger__type_support.h\n'}
[0.806699] (px4_msgs) StdoutLine: {'line': b'-- Up-to-date: /home/nicolas/ws_ros2/install/px4_msgs/include/px4_msgs/px4_msgs/msg/detail/estimator_sensor_bias__struct.h\n'}
[0.806740] (px4_msgs) StdoutLine: {'line': b'-- Up-to-date: /home/nicolas/ws_ros2/install/px4_msgs/include/px4_msgs/px4_msgs/msg/detail/system_power__functions.c\n'}
[0.806781] (px4_msgs) StdoutLine: {'line': b'-- Up-to-date: /home/nicolas/ws_ros2/install/px4_msgs/include/px4_msgs/px4_msgs/msg/detail/estimator_aid_source3d__type_support.h\n'}
[0.806814] (px4_msgs) StdoutLine: {'line': b'-- Up-to-date: /home/nicolas/ws_ros2/install/px4_msgs/include/px4_msgs/px4_msgs/msg/detail/follow_target_estimator__struct.h\n'}
[0.806847] (px4_msgs) StdoutLine: {'line': b'-- Up-to-date: /home/nicolas/ws_ros2/install/px4_msgs/include/px4_msgs/px4_msgs/msg/detail/pwm_input__type_support.h\n'}
[0.806878] (px4_msgs) StdoutLine: {'line': b'-- Up-to-date: /home/nicolas/ws_ros2/install/px4_msgs/include/px4_msgs/px4_msgs/msg/detail/lateral_control_configuration__struct.h\n'}
[0.807017] (px4_msgs) StdoutLine: {'line': b'-- Up-to-date: /home/nicolas/ws_ros2/install/px4_msgs/include/px4_msgs/px4_msgs/msg/detail/estimator_innovations__struct.h\n'}
[0.807054] (px4_msgs) StdoutLine: {'line': b'-- Up-to-date: /home/nicolas/ws_ros2/install/px4_msgs/include/px4_msgs/px4_msgs/msg/detail/sensor_optical_flow__type_support.h\n'}
[0.807086] (px4_msgs) StdoutLine: {'line': b'-- Up-to-date: /home/nicolas/ws_ros2/install/px4_msgs/include/px4_msgs/px4_msgs/msg/detail/arming_check_reply__struct.h\n'}
[0.807119] (px4_msgs) StdoutLine: {'line': b'-- Up-to-date: /home/nicolas/ws_ros2/install/px4_msgs/include/px4_msgs/px4_msgs/msg/detail/orb_test__functions.h\n'}
[0.807153] (px4_msgs) StdoutLine: {'line': b'-- Up-to-date: /home/nicolas/ws_ros2/install/px4_msgs/include/px4_msgs/px4_msgs/msg/detail/fixed_wing_lateral_guidance_status__struct.h\n'}
[0.807185] (px4_msgs) StdoutLine: {'line': b'-- Up-to-date: /home/nicolas/ws_ros2/install/px4_msgs/include/px4_msgs/px4_msgs/msg/detail/button_event__struct.h\n'}
[0.807217] (px4_msgs) StdoutLine: {'line': b'-- Up-to-date: /home/nicolas/ws_ros2/install/px4_msgs/include/px4_msgs/px4_msgs/msg/detail/estimator_sensor_bias__functions.h\n'}
[0.807249] (px4_msgs) StdoutLine: {'line': b'-- Up-to-date: /home/nicolas/ws_ros2/install/px4_msgs/include/px4_msgs/px4_msgs/msg/detail/differential_pressure__struct.h\n'}
[0.807280] (px4_msgs) StdoutLine: {'line': b'-- Up-to-date: /home/nicolas/ws_ros2/install/px4_msgs/include/px4_msgs/px4_msgs/msg/detail/led_control__type_support.h\n'}
[0.807312] (px4_msgs) StdoutLine: {'line': b'-- Up-to-date: /home/nicolas/ws_ros2/install/px4_msgs/include/px4_msgs/px4_msgs/msg/detail/sensor_accel__functions.h\n'}
[0.807344] (px4_msgs) StdoutLine: {'line': b'-- Up-to-date: /home/nicolas/ws_ros2/install/px4_msgs/include/px4_msgs/px4_msgs/msg/detail/sensor_mag__functions.h\n'}
[0.807376] (px4_msgs) StdoutLine: {'line': b'-- Up-to-date: /home/nicolas/ws_ros2/install/px4_msgs/include/px4_msgs/px4_msgs/msg/detail/vehicle_command__functions.c\n'}
[0.807409] (px4_msgs) StdoutLine: {'line': b'-- Up-to-date: /home/nicolas/ws_ros2/install/px4_msgs/include/px4_msgs/px4_msgs/msg/detail/unregister_ext_component__struct.h\n'}
[0.807452] (px4_msgs) StdoutLine: {'line': b'-- Up-to-date: /home/nicolas/ws_ros2/install/px4_msgs/include/px4_msgs/px4_msgs/msg/detail/adc_report__functions.c\n'}
[0.807571] (px4_msgs) StdoutLine: {'line': b'-- Up-to-date: /home/nicolas/ws_ros2/install/px4_msgs/include/px4_msgs/px4_msgs/msg/detail/airspeed__functions.h\n'}
[0.807605] (px4_msgs) StdoutLine: {'line': b'-- Up-to-date: /home/nicolas/ws_ros2/install/px4_msgs/include/px4_msgs/px4_msgs/msg/detail/sensor_gyro_fft__functions.h\n'}
[0.807639] (px4_msgs) StdoutLine: {'line': b'-- Up-to-date: /home/nicolas/ws_ros2/install/px4_msgs/include/px4_msgs/px4_msgs/msg/detail/gimbal_controls__type_support.h\n'}
[0.807674] (px4_msgs) StdoutLine: {'line': b'-- Up-to-date: /home/nicolas/ws_ros2/install/px4_msgs/include/px4_msgs/px4_msgs/msg/detail/register_ext_component_reply__struct.h\n'}
[0.807707] (px4_msgs) StdoutLine: {'line': b'-- Up-to-date: /home/nicolas/ws_ros2/install/px4_msgs/include/px4_msgs/px4_msgs/msg/detail/position_setpoint__functions.h\n'}
[0.807753] (px4_msgs) StdoutLine: {'line': b'-- Up-to-date: /home/nicolas/ws_ros2/install/px4_msgs/include/px4_msgs/px4_msgs/msg/detail/camera_capture__struct.h\n'}
[0.807785] (px4_msgs) StdoutLine: {'line': b'-- Up-to-date: /home/nicolas/ws_ros2/install/px4_msgs/include/px4_msgs/px4_msgs/msg/detail/pure_pursuit_status__type_support.h\n'}
[0.807818] (px4_msgs) StdoutLine: {'line': b'-- Up-to-date: /home/nicolas/ws_ros2/install/px4_msgs/include/px4_msgs/px4_msgs/msg/detail/open_drone_id_system__type_support.h\n'}
[0.807852] (px4_msgs) StdoutLine: {'line': b'-- Up-to-date: /home/nicolas/ws_ros2/install/px4_msgs/include/px4_msgs/px4_msgs/msg/detail/heater_status__functions.c\n'}
[0.807884] (px4_msgs) StdoutLine: {'line': b'-- Up-to-date: /home/nicolas/ws_ros2/install/px4_msgs/include/px4_msgs/px4_msgs/msg/detail/vehicle_local_position_setpoint__functions.c\n'}
[0.807919] (px4_msgs) StdoutLine: {'line': b'-- Up-to-date: /home/nicolas/ws_ros2/install/px4_msgs/include/px4_msgs/px4_msgs/msg/detail/vehicle_acceleration__functions.h\n'}
[0.807955] (px4_msgs) StdoutLine: {'line': b'-- Up-to-date: /home/nicolas/ws_ros2/install/px4_msgs/include/px4_msgs/px4_msgs/msg/detail/debug_array__functions.c\n'}
[0.807988] (px4_msgs) StdoutLine: {'line': b'-- Up-to-date: /home/nicolas/ws_ros2/install/px4_msgs/include/px4_msgs/px4_msgs/msg/detail/gpio_request__functions.c\n'}
[0.808021] (px4_msgs) StdoutLine: {'line': b'-- Up-to-date: /home/nicolas/ws_ros2/install/px4_msgs/include/px4_msgs/px4_msgs/msg/detail/tune_control__functions.c\n'}
[0.808053] (px4_msgs) StdoutLine: {'line': b'-- Up-to-date: /home/nicolas/ws_ros2/install/px4_msgs/include/px4_msgs/px4_msgs/msg/detail/open_drone_id_arm_status__functions.c\n'}
[0.808085] (px4_msgs) StdoutLine: {'line': b'-- Up-to-date: /home/nicolas/ws_ros2/install/px4_msgs/include/px4_msgs/px4_msgs/msg/detail/pwm_input__struct.h\n'}
[0.808147] (px4_msgs) StdoutLine: {'line': b'-- Up-to-date: /home/nicolas/ws_ros2/install/px4_msgs/include/px4_msgs/px4_msgs/msg/detail/open_drone_id_system__functions.c\n'}
[0.808181] (px4_msgs) StdoutLine: {'line': b'-- Up-to-date: /home/nicolas/ws_ros2/install/px4_msgs/include/px4_msgs/px4_msgs/msg/detail/vehicle_status__functions.c\n'}
[0.808213] (px4_msgs) StdoutLine: {'line': b'-- Up-to-date: /home/nicolas/ws_ros2/install/px4_msgs/include/px4_msgs/px4_msgs/msg/detail/sensor_preflight_mag__functions.h\n'}
[0.808341] (px4_msgs) StdoutLine: {'line': b'-- Up-to-date: /home/nicolas/ws_ros2/install/px4_msgs/include/px4_msgs/px4_msgs/msg/detail/distance_sensor_mode_change_request__type_support.h\n'}
[0.808376] (px4_msgs) StdoutLine: {'line': b'-- Up-to-date: /home/nicolas/ws_ros2/install/px4_msgs/include/px4_msgs/px4_msgs/msg/detail/wind__functions.h\n'}
[0.808411] (px4_msgs) StdoutLine: {'line': b'-- Up-to-date: /home/nicolas/ws_ros2/install/px4_msgs/include/px4_msgs/px4_msgs/msg/detail/estimator_aid_source3d__functions.c\n'}
[0.808444] (px4_msgs) StdoutLine: {'line': b'-- Up-to-date: /home/nicolas/ws_ros2/install/px4_msgs/include/px4_msgs/px4_msgs/msg/detail/vehicle_rates_setpoint__struct.h\n'}
[0.808477] (px4_msgs) StdoutLine: {'line': b'-- Up-to-date: /home/nicolas/ws_ros2/install/px4_msgs/include/px4_msgs/px4_msgs/msg/detail/vehicle_rates_setpoint__functions.c\n'}
[0.808518] (px4_msgs) StdoutLine: {'line': b'-- Up-to-date: /home/nicolas/ws_ros2/install/px4_msgs/include/px4_msgs/px4_msgs/msg/detail/vehicle_magnetometer__type_support.h\n'}
[0.808551] (px4_msgs) StdoutLine: {'line': b'-- Up-to-date: /home/nicolas/ws_ros2/install/px4_msgs/include/px4_msgs/px4_msgs/msg/detail/unregister_ext_component__type_support.h\n'}
[0.808600] (px4_msgs) StdoutLine: {'line': b'-- Up-to-date: /home/nicolas/ws_ros2/install/px4_msgs/include/px4_msgs/px4_msgs/msg/detail/ekf2_timestamps__functions.h\n'}
[0.808649] (px4_msgs) StdoutLine: {'line': b'-- Up-to-date: /home/nicolas/ws_ros2/install/px4_msgs/include/px4_msgs/px4_msgs/msg/detail/gpio_config__struct.h\n'}
[0.808695] (px4_msgs) StdoutLine: {'line': b'-- Up-to-date: /home/nicolas/ws_ros2/install/px4_msgs/include/px4_msgs/px4_msgs/msg/detail/telemetry_status__functions.c\n'}
[0.808793] (px4_msgs) StdoutLine: {'line': b'-- Up-to-date: /home/nicolas/ws_ros2/install/px4_msgs/include/px4_msgs/px4_msgs/msg/detail/onboard_computer_status__struct.h\n'}
[0.808834] (px4_msgs) StdoutLine: {'line': b'-- Up-to-date: /home/nicolas/ws_ros2/install/px4_msgs/include/px4_msgs/px4_msgs/msg/detail/gimbal_manager_information__struct.h\n'}
[0.808881] (px4_msgs) StdoutLine: {'line': b'-- Up-to-date: /home/nicolas/ws_ros2/install/px4_msgs/include/px4_msgs/px4_msgs/msg/detail/px4io_status__struct.h\n'}
[0.808929] (px4_msgs) StdoutLine: {'line': b'-- Up-to-date: /home/nicolas/ws_ros2/install/px4_msgs/include/px4_msgs/px4_msgs/msg/detail/wheel_encoders__struct.h\n'}
[0.808969] (px4_msgs) StdoutLine: {'line': b'-- Up-to-date: /home/nicolas/ws_ros2/install/px4_msgs/include/px4_msgs/px4_msgs/msg/detail/navigator_mission_item__type_support.h\n'}
[0.808999] (px4_msgs) StdoutLine: {'line': b'-- Up-to-date: /home/nicolas/ws_ros2/install/px4_msgs/include/px4_msgs/px4_msgs/msg/detail/sensor_airflow__functions.h\n'}
[0.809029] (px4_msgs) StdoutLine: {'line': b'-- Up-to-date: /home/nicolas/ws_ros2/install/px4_msgs/include/px4_msgs/px4_msgs/msg/detail/vehicle_constraints__functions.c\n'}
[0.809061] (px4_msgs) StdoutLine: {'line': b'-- Up-to-date: /home/nicolas/ws_ros2/install/px4_msgs/include/px4_msgs/px4_msgs/msg/detail/sensor_airflow__struct.h\n'}
[0.809092] (px4_msgs) StdoutLine: {'line': b'-- Up-to-date: /home/nicolas/ws_ros2/install/px4_msgs/include/px4_msgs/px4_msgs/msg/detail/orb_test_medium__functions.c\n'}
[0.809123] (px4_msgs) StdoutLine: {'line': b'-- Up-to-date: /home/nicolas/ws_ros2/install/px4_msgs/include/px4_msgs/px4_msgs/msg/detail/button_event__type_support.h\n'}
[0.809170] (px4_msgs) StdoutLine: {'line': b'-- Up-to-date: /home/nicolas/ws_ros2/install/px4_msgs/include/px4_msgs/px4_msgs/msg/detail/vehicle_imu_status__functions.c\n'}
[0.809203] (px4_msgs) StdoutLine: {'line': b'-- Up-to-date: /home/nicolas/ws_ros2/install/px4_msgs/include/px4_msgs/px4_msgs/msg/detail/esc_report__struct.h\n'}
[0.809236] (px4_msgs) StdoutLine: {'line': b'-- Up-to-date: /home/nicolas/ws_ros2/install/px4_msgs/include/px4_msgs/px4_msgs/msg/detail/gimbal_manager_set_attitude__functions.c\n'}
[0.809269] (px4_msgs) StdoutLine: {'line': b'-- Up-to-date: /home/nicolas/ws_ros2/install/px4_msgs/include/px4_msgs/px4_msgs/msg/detail/autotune_attitude_control_status__functions.h\n'}
[0.809301] (px4_msgs) StdoutLine: {'line': b'-- Up-to-date: /home/nicolas/ws_ros2/install/px4_msgs/include/px4_msgs/px4_msgs/msg/detail/sensor_mag__struct.h\n'}
[0.809333] (px4_msgs) StdoutLine: {'line': b'-- Up-to-date: /home/nicolas/ws_ros2/install/px4_msgs/include/px4_msgs/px4_msgs/msg/detail/dataman_response__type_support.h\n'}
[0.809365] (px4_msgs) StdoutLine: {'line': b'-- Up-to-date: /home/nicolas/ws_ros2/install/px4_msgs/include/px4_msgs/px4_msgs/msg/detail/failsafe_flags__type_support.h\n'}
[0.809396] (px4_msgs) StdoutLine: {'line': b'-- Up-to-date: /home/nicolas/ws_ros2/install/px4_msgs/include/px4_msgs/px4_msgs/msg/detail/orb_test_medium__struct.h\n'}
[0.809428] (px4_msgs) StdoutLine: {'line': b'-- Up-to-date: /home/nicolas/ws_ros2/install/px4_msgs/include/px4_msgs/px4_msgs/msg/detail/orb_test_medium__type_support.h\n'}
[0.809472] (px4_msgs) StdoutLine: {'line': b'-- Up-to-date: /home/nicolas/ws_ros2/install/px4_msgs/include/px4_msgs/px4_msgs/msg/detail/sensor_airflow__functions.c\n'}
[0.809507] (px4_msgs) StdoutLine: {'line': b'-- Up-to-date: /home/nicolas/ws_ros2/install/px4_msgs/include/px4_msgs/px4_msgs/msg/detail/debug_vect__struct.h\n'}
[0.809540] (px4_msgs) StdoutLine: {'line': b'-- Up-to-date: /home/nicolas/ws_ros2/install/px4_msgs/include/px4_msgs/px4_msgs/msg/detail/sensor_combined__struct.h\n'}
[0.809572] (px4_msgs) StdoutLine: {'line': b'-- Up-to-date: /home/nicolas/ws_ros2/install/px4_msgs/include/px4_msgs/px4_msgs/msg/detail/airspeed__type_support.h\n'}
[0.809604] (px4_msgs) StdoutLine: {'line': b'-- Up-to-date: /home/nicolas/ws_ros2/install/px4_msgs/include/px4_msgs/px4_msgs/msg/detail/gpio_out__functions.c\n'}
[0.809716] (px4_msgs) StdoutLine: {'line': b'-- Up-to-date: /home/nicolas/ws_ros2/install/px4_msgs/include/px4_msgs/px4_msgs/msg/detail/estimator_sensor_bias__functions.c\n'}
[0.809753] (px4_msgs) StdoutLine: {'line': b'-- Up-to-date: /home/nicolas/ws_ros2/install/px4_msgs/include/px4_msgs/px4_msgs/msg/detail/orbit_status__functions.h\n'}
[0.809788] (px4_msgs) StdoutLine: {'line': b'-- Up-to-date: /home/nicolas/ws_ros2/install/px4_msgs/include/px4_msgs/px4_msgs/msg/detail/gimbal_controls__functions.h\n'}
[0.809821] (px4_msgs) StdoutLine: {'line': b'-- Up-to-date: /home/nicolas/ws_ros2/install/px4_msgs/include/px4_msgs/px4_msgs/msg/detail/estimator_aid_source3d__functions.h\n'}
[0.809854] (px4_msgs) StdoutLine: {'line': b'-- Up-to-date: /home/nicolas/ws_ros2/install/px4_msgs/include/px4_msgs/px4_msgs/msg/detail/vehicle_local_position_setpoint__type_support.h\n'}
[0.809888] (px4_msgs) StdoutLine: {'line': b'-- Up-to-date: /home/nicolas/ws_ros2/install/px4_msgs/include/px4_msgs/px4_msgs/msg/detail/gimbal_manager_set_manual_control__functions.c\n'}
[0.809925] (px4_msgs) StdoutLine: {'line': b'-- Up-to-date: /home/nicolas/ws_ros2/install/px4_msgs/include/px4_msgs/px4_msgs/msg/detail/collision_constraints__functions.c\n'}
[0.809961] (px4_msgs) StdoutLine: {'line': b'-- Up-to-date: /home/nicolas/ws_ros2/install/px4_msgs/include/px4_msgs/px4_msgs/msg/detail/gps_dump__type_support.h\n'}
[0.810006] (px4_msgs) StdoutLine: {'line': b'-- Up-to-date: /home/nicolas/ws_ros2/install/px4_msgs/include/px4_msgs/px4_msgs/msg/detail/camera_trigger__struct.h\n'}
[0.810039] (px4_msgs) StdoutLine: {'line': b'-- Up-to-date: /home/nicolas/ws_ros2/install/px4_msgs/include/px4_msgs/px4_msgs/msg/detail/estimator_bias3d__struct.h\n'}
[0.810072] (px4_msgs) StdoutLine: {'line': b'-- Up-to-date: /home/nicolas/ws_ros2/install/px4_msgs/include/px4_msgs/px4_msgs/msg/detail/system_power__struct.h\n'}
[0.810150] (px4_msgs) StdoutLine: {'line': b'-- Up-to-date: /home/nicolas/ws_ros2/install/px4_msgs/include/px4_msgs/px4_msgs/msg/detail/pwm_input__functions.h\n'}
[0.810184] (px4_msgs) StdoutLine: {'line': b'-- Up-to-date: /home/nicolas/ws_ros2/install/px4_msgs/include/px4_msgs/px4_msgs/msg/detail/power_monitor__functions.h\n'}
[0.810216] (px4_msgs) StdoutLine: {'line': b'-- Up-to-date: /home/nicolas/ws_ros2/install/px4_msgs/include/px4_msgs/px4_msgs/msg/detail/vehicle_attitude__struct.h\n'}
[0.810249] (px4_msgs) StdoutLine: {'line': b'-- Up-to-date: /home/nicolas/ws_ros2/install/px4_msgs/include/px4_msgs/px4_msgs/msg/detail/obstacle_distance__functions.h\n'}
[0.810282] (px4_msgs) StdoutLine: {'line': b'-- Up-to-date: /home/nicolas/ws_ros2/install/px4_msgs/include/px4_msgs/px4_msgs/msg/detail/open_drone_id_arm_status__functions.h\n'}
[0.810315] (px4_msgs) StdoutLine: {'line': b'-- Up-to-date: /home/nicolas/ws_ros2/install/px4_msgs/include/px4_msgs/px4_msgs/msg/detail/estimator_event_flags__struct.h\n'}
[0.810348] (px4_msgs) StdoutLine: {'line': b'-- Up-to-date: /home/nicolas/ws_ros2/install/px4_msgs/include/px4_msgs/px4_msgs/msg/detail/vehicle_constraints__struct.h\n'}
[0.810380] (px4_msgs) StdoutLine: {'line': b'-- Up-to-date: /home/nicolas/ws_ros2/install/px4_msgs/include/px4_msgs/px4_msgs/msg/detail/ekf2_timestamps__functions.c\n'}
[0.810412] (px4_msgs) StdoutLine: {'line': b'-- Up-to-date: /home/nicolas/ws_ros2/install/px4_msgs/include/px4_msgs/px4_msgs/msg/detail/estimator_bias__functions.c\n'}
[0.810444] (px4_msgs) StdoutLine: {'line': b'-- Up-to-date: /home/nicolas/ws_ros2/install/px4_msgs/include/px4_msgs/px4_msgs/msg/detail/vehicle_attitude__functions.c\n'}
[0.810477] (px4_msgs) StdoutLine: {'line': b'-- Up-to-date: /home/nicolas/ws_ros2/install/px4_msgs/include/px4_msgs/px4_msgs/msg/detail/telemetry_status__type_support.h\n'}
[0.810509] (px4_msgs) StdoutLine: {'line': b'-- Up-to-date: /home/nicolas/ws_ros2/install/px4_msgs/include/px4_msgs/px4_msgs/msg/detail/normalized_unsigned_setpoint__functions.c\n'}
[0.810543] (px4_msgs) StdoutLine: {'line': b'-- Up-to-date: /home/nicolas/ws_ros2/install/px4_msgs/include/px4_msgs/px4_msgs/msg/detail/sensor_correction__type_support.h\n'}
[0.810603] (px4_msgs) StdoutLine: {'line': b'-- Up-to-date: /home/nicolas/ws_ros2/install/px4_msgs/include/px4_msgs/px4_msgs/msg/detail/mount_orientation__struct.h\n'}
[0.810636] (px4_msgs) StdoutLine: {'line': b'-- Up-to-date: /home/nicolas/ws_ros2/install/px4_msgs/include/px4_msgs/px4_msgs/msg/detail/sensor_accel_fifo__type_support.h\n'}
[0.810668] (px4_msgs) StdoutLine: {'line': b'-- Up-to-date: /home/nicolas/ws_ros2/install/px4_msgs/include/px4_msgs/px4_msgs/msg/detail/vehicle_local_position__functions.h\n'}
[0.810733] (px4_msgs) StdoutLine: {'line': b'-- Up-to-date: /home/nicolas/ws_ros2/install/px4_msgs/include/px4_msgs/px4_msgs/msg/detail/gimbal_device_set_attitude__functions.c\n'}
[0.810767] (px4_msgs) StdoutLine: {'line': b'-- Up-to-date: /home/nicolas/ws_ros2/install/px4_msgs/include/px4_msgs/px4_msgs/msg/detail/vehicle_magnetometer__functions.h\n'}
[0.810801] (px4_msgs) StdoutLine: {'line': b'-- Up-to-date: /home/nicolas/ws_ros2/install/px4_msgs/include/px4_msgs/px4_msgs/msg/detail/follow_target_status__type_support.h\n'}
[0.810834] (px4_msgs) StdoutLine: {'line': b'-- Up-to-date: /home/nicolas/ws_ros2/install/px4_msgs/include/px4_msgs/px4_msgs/msg/detail/parameter_set_value_response__functions.c\n'}
[0.810869] (px4_msgs) StdoutLine: {'line': b'-- Up-to-date: /home/nicolas/ws_ros2/install/px4_msgs/include/px4_msgs/px4_msgs/msg/detail/sensor_selection__struct.h\n'}
[0.810905] (px4_msgs) StdoutLine: {'line': b'-- Up-to-date: /home/nicolas/ws_ros2/install/px4_msgs/include/px4_msgs/px4_msgs/msg/detail/ekf2_timestamps__struct.h\n'}
[0.811015] (px4_msgs) StdoutLine: {'line': b'-- Up-to-date: /home/nicolas/ws_ros2/install/px4_msgs/include/px4_msgs/px4_msgs/msg/detail/gps_inject_data__struct.h\n'}
[0.811051] (px4_msgs) StdoutLine: {'line': b'-- Up-to-date: /home/nicolas/ws_ros2/install/px4_msgs/include/px4_msgs/px4_msgs/msg/detail/neural_control__functions.h\n'}
[0.811085] (px4_msgs) StdoutLine: {'line': b'-- Up-to-date: /home/nicolas/ws_ros2/install/px4_msgs/include/px4_msgs/px4_msgs/msg/detail/airspeed_validated__functions.h\n'}
[0.811116] (px4_msgs) StdoutLine: {'line': b'-- Up-to-date: /home/nicolas/ws_ros2/install/px4_msgs/include/px4_msgs/px4_msgs/msg/detail/adc_report__functions.h\n'}
[0.811149] (px4_msgs) StdoutLine: {'line': b'-- Up-to-date: /home/nicolas/ws_ros2/install/px4_msgs/include/px4_msgs/px4_msgs/msg/detail/parameter_set_value_request__struct.h\n'}
[0.811182] (px4_msgs) StdoutLine: {'line': b'-- Up-to-date: /home/nicolas/ws_ros2/install/px4_msgs/include/px4_msgs/px4_msgs/msg/detail/dataman_response__functions.h\n'}
[0.811214] (px4_msgs) StdoutLine: {'line': b'-- Up-to-date: /home/nicolas/ws_ros2/install/px4_msgs/include/px4_msgs/px4_msgs/msg/detail/gpio_out__type_support.h\n'}
[0.811258] (px4_msgs) StdoutLine: {'line': b'-- Up-to-date: /home/nicolas/ws_ros2/install/px4_msgs/include/px4_msgs/px4_msgs/msg/detail/sensor_mag__type_support.h\n'}
[0.811290] (px4_msgs) StdoutLine: {'line': b'-- Up-to-date: /home/nicolas/ws_ros2/install/px4_msgs/include/px4_msgs/px4_msgs/msg/detail/orb_test_large__functions.h\n'}
[0.811324] (px4_msgs) StdoutLine: {'line': b'-- Up-to-date: /home/nicolas/ws_ros2/install/px4_msgs/include/px4_msgs/px4_msgs/msg/detail/tecs_status__functions.h\n'}
[0.811395] (px4_msgs) StdoutLine: {'line': b'-- Up-to-date: /home/nicolas/ws_ros2/install/px4_msgs/include/px4_msgs/px4_msgs/msg/detail/parameter_set_value_request__functions.c\n'}
[0.811428] (px4_msgs) StdoutLine: {'line': b'-- Up-to-date: /home/nicolas/ws_ros2/install/px4_msgs/include/px4_msgs/px4_msgs/msg/detail/landing_target_pose__struct.h\n'}
[0.811461] (px4_msgs) StdoutLine: {'line': b'-- Up-to-date: /home/nicolas/ws_ros2/install/px4_msgs/include/px4_msgs/px4_msgs/msg/detail/gimbal_device_attitude_status__struct.h\n'}
[0.811493] (px4_msgs) StdoutLine: {'line': b'-- Up-to-date: /home/nicolas/ws_ros2/install/px4_msgs/include/px4_msgs/px4_msgs/msg/detail/position_setpoint_triplet__functions.h\n'}
[0.811525] (px4_msgs) StdoutLine: {'line': b'-- Up-to-date: /home/nicolas/ws_ros2/install/px4_msgs/include/px4_msgs/px4_msgs/msg/detail/message_format_response__type_support.h\n'}
[0.811583] (px4_msgs) StdoutLine: {'line': b'-- Up-to-date: /home/nicolas/ws_ros2/install/px4_msgs/include/px4_msgs/px4_msgs/msg/detail/mag_worker_data__type_support.h\n'}
[0.811617] (px4_msgs) StdoutLine: {'line': b'-- Up-to-date: /home/nicolas/ws_ros2/install/px4_msgs/include/px4_msgs/px4_msgs/msg/detail/health_report__struct.h\n'}
[0.811651] (px4_msgs) StdoutLine: {'line': b'-- Up-to-date: /home/nicolas/ws_ros2/install/px4_msgs/include/px4_msgs/px4_msgs/msg/detail/vehicle_command_ack__type_support.h\n'}
[0.811684] (px4_msgs) StdoutLine: {'line': b'-- Up-to-date: /home/nicolas/ws_ros2/install/px4_msgs/include/px4_msgs/px4_msgs/msg/detail/heater_status__type_support.h\n'}
[0.811715] (px4_msgs) StdoutLine: {'line': b'-- Up-to-date: /home/nicolas/ws_ros2/install/px4_msgs/include/px4_msgs/px4_msgs/msg/detail/obstacle_distance__struct.h\n'}
[0.811747] (px4_msgs) StdoutLine: {'line': b'-- Up-to-date: /home/nicolas/ws_ros2/install/px4_msgs/include/px4_msgs/px4_msgs/msg/detail/rc_parameter_map__functions.h\n'}
[0.811778] (px4_msgs) StdoutLine: {'line': b'-- Up-to-date: /home/nicolas/ws_ros2/install/px4_msgs/include/px4_msgs/px4_msgs/msg/detail/lateral_control_configuration__functions.c\n'}
[0.811810] (px4_msgs) StdoutLine: {'line': b'-- Up-to-date: /home/nicolas/ws_ros2/install/px4_msgs/include/px4_msgs/px4_msgs/msg/detail/mavlink_tunnel__type_support.h\n'}
[0.811842] (px4_msgs) StdoutLine: {'line': b'-- Up-to-date: /home/nicolas/ws_ros2/install/px4_msgs/include/px4_msgs/px4_msgs/msg/detail/airspeed_validated__functions.c\n'}
[0.811874] (px4_msgs) StdoutLine: {'line': b'-- Up-to-date: /home/nicolas/ws_ros2/install/px4_msgs/include/px4_msgs/px4_msgs/msg/detail/register_ext_component_request__functions.h\n'}
[0.811906] (px4_msgs) StdoutLine: {'line': b'-- Up-to-date: /home/nicolas/ws_ros2/install/px4_msgs/include/px4_msgs/px4_msgs/msg/detail/goto_setpoint__struct.h\n'}
[0.811974] (px4_msgs) StdoutLine: {'line': b'-- Up-to-date: /home/nicolas/ws_ros2/install/px4_msgs/include/px4_msgs/px4_msgs/msg/detail/sensor_correction__functions.c\n'}
[0.812008] (px4_msgs) StdoutLine: {'line': b'-- Up-to-date: /home/nicolas/ws_ros2/install/px4_msgs/include/px4_msgs/px4_msgs/msg/detail/vehicle_angular_acceleration_setpoint__struct.h\n'}
[0.812041] (px4_msgs) StdoutLine: {'line': b'-- Up-to-date: /home/nicolas/ws_ros2/install/px4_msgs/include/px4_msgs/px4_msgs/msg/detail/control_allocator_status__functions.h\n'}
[0.812073] (px4_msgs) StdoutLine: {'line': b'-- Up-to-date: /home/nicolas/ws_ros2/install/px4_msgs/include/px4_msgs/px4_msgs/msg/detail/vehicle_land_detected__struct.h\n'}
[0.812105] (px4_msgs) StdoutLine: {'line': b'-- Up-to-date: /home/nicolas/ws_ros2/install/px4_msgs/include/px4_msgs/px4_msgs/msg/detail/gimbal_controls__struct.h\n'}
[0.812136] (px4_msgs) StdoutLine: {'line': b'-- Up-to-date: /home/nicolas/ws_ros2/install/px4_msgs/include/px4_msgs/px4_msgs/msg/detail/rover_steering_setpoint__functions.h\n'}
[0.812168] (px4_msgs) StdoutLine: {'line': b'-- Up-to-date: /home/nicolas/ws_ros2/install/px4_msgs/include/px4_msgs/px4_msgs/msg/detail/vehicle_roi__functions.h\n'}
[0.812199] (px4_msgs) StdoutLine: {'line': b'-- Up-to-date: /home/nicolas/ws_ros2/install/px4_msgs/include/px4_msgs/px4_msgs/msg/detail/message_format_request__functions.h\n'}
[0.812345] (px4_msgs) StdoutLine: {'line': b'-- Up-to-date: /home/nicolas/ws_ros2/install/px4_msgs/include/px4_msgs/px4_msgs/msg/detail/orb_test__struct.h\n'}
[0.812378] (px4_msgs) StdoutLine: {'line': b'-- Up-to-date: /home/nicolas/ws_ros2/install/px4_msgs/include/px4_msgs/px4_msgs/msg/detail/generator_status__functions.h\n'}
[0.812411] (px4_msgs) StdoutLine: {'line': b'-- Up-to-date: /home/nicolas/ws_ros2/install/px4_msgs/include/px4_msgs/px4_msgs/msg/detail/actuator_servos__functions.c\n'}
[0.812442] (px4_msgs) StdoutLine: {'line': b'-- Up-to-date: /home/nicolas/ws_ros2/install/px4_msgs/include/px4_msgs/px4_msgs/msg/detail/sensor_correction__struct.h\n'}
[0.812503] (px4_msgs) StdoutLine: {'line': b'-- Up-to-date: /home/nicolas/ws_ros2/install/px4_msgs/include/px4_msgs/px4_msgs/msg/detail/sensor_optical_flow__functions.c\n'}
[0.812535] (px4_msgs) StdoutLine: {'line': b'-- Up-to-date: /home/nicolas/ws_ros2/install/px4_msgs/include/px4_msgs/px4_msgs/msg/detail/debug_key_value__type_support.h\n'}
[0.812565] (px4_msgs) StdoutLine: {'line': b'-- Up-to-date: /home/nicolas/ws_ros2/install/px4_msgs/include/px4_msgs/px4_msgs/msg/detail/estimator_event_flags__functions.c\n'}
[0.812595] (px4_msgs) StdoutLine: {'line': b'-- Up-to-date: /home/nicolas/ws_ros2/install/px4_msgs/include/px4_msgs/px4_msgs/msg/detail/trajectory_setpoint__functions.c\n'}
[0.812625] (px4_msgs) StdoutLine: {'line': b'-- Up-to-date: /home/nicolas/ws_ros2/install/px4_msgs/include/px4_msgs/px4_msgs/msg/detail/sensor_gyro__type_support.h\n'}
[0.812655] (px4_msgs) StdoutLine: {'line': b'-- Up-to-date: /home/nicolas/ws_ros2/install/px4_msgs/include/px4_msgs/px4_msgs/msg/detail/orbit_status__type_support.h\n'}
[0.812684] (px4_msgs) StdoutLine: {'line': b'-- Up-to-date: /home/nicolas/ws_ros2/install/px4_msgs/include/px4_msgs/px4_msgs/msg/detail/position_controller_status__functions.h\n'}
[0.812713] (px4_msgs) StdoutLine: {'line': b'-- Up-to-date: /home/nicolas/ws_ros2/install/px4_msgs/include/px4_msgs/px4_msgs/msg/detail/system_power__type_support.h\n'}
[0.812743] (px4_msgs) StdoutLine: {'line': b'-- Up-to-date: /home/nicolas/ws_ros2/install/px4_msgs/include/px4_msgs/px4_msgs/msg/detail/orb_test_large__struct.h\n'}
[0.812778] (px4_msgs) StdoutLine: {'line': b'-- Up-to-date: /home/nicolas/ws_ros2/install/px4_msgs/include/px4_msgs/px4_msgs/msg/detail/follow_target_status__struct.h\n'}
[0.812807] (px4_msgs) StdoutLine: {'line': b'-- Up-to-date: /home/nicolas/ws_ros2/install/px4_msgs/include/px4_msgs/px4_msgs/msg/detail/distance_sensor_mode_change_request__struct.h\n'}
[0.812837] (px4_msgs) StdoutLine: {'line': b'-- Up-to-date: /home/nicolas/ws_ros2/install/px4_msgs/include/px4_msgs/px4_msgs/msg/detail/gpio_in__functions.h\n'}
[0.812866] (px4_msgs) StdoutLine: {'line': b'-- Up-to-date: /home/nicolas/ws_ros2/install/px4_msgs/include/px4_msgs/px4_msgs/msg/detail/sensor_uwb__functions.c\n'}
[0.812894] (px4_msgs) StdoutLine: {'line': b'-- Up-to-date: /home/nicolas/ws_ros2/install/px4_msgs/include/px4_msgs/px4_msgs/msg/detail/esc_report__type_support.h\n'}
[0.812928] (px4_msgs) StdoutLine: {'line': b'-- Up-to-date: /home/nicolas/ws_ros2/install/px4_msgs/include/px4_msgs/px4_msgs/msg/detail/rpm__struct.h\n'}
[0.812963] (px4_msgs) StdoutLine: {'line': b'-- Up-to-date: /home/nicolas/ws_ros2/install/px4_msgs/include/px4_msgs/px4_msgs/msg/detail/orb_test_large__type_support.h\n'}
[0.812995] (px4_msgs) StdoutLine: {'line': b'-- Up-to-date: /home/nicolas/ws_ros2/install/px4_msgs/include/px4_msgs/px4_msgs/msg/detail/home_position__functions.c\n'}
[0.813027] (px4_msgs) StdoutLine: {'line': b'-- Up-to-date: /home/nicolas/ws_ros2/install/px4_msgs/include/px4_msgs/px4_msgs/msg/detail/fuel_tank_status__functions.h\n'}
[0.813058] (px4_msgs) StdoutLine: {'line': b'-- Up-to-date: /home/nicolas/ws_ros2/install/px4_msgs/include/px4_msgs/px4_msgs/msg/detail/vehicle_optical_flow__functions.c\n'}
[0.813089] (px4_msgs) StdoutLine: {'line': b'-- Up-to-date: /home/nicolas/ws_ros2/install/px4_msgs/include/px4_msgs/px4_msgs/msg/detail/arming_check_reply__type_support.h\n'}
[0.813122] (px4_msgs) StdoutLine: {'line': b'-- Up-to-date: /home/nicolas/ws_ros2/install/px4_msgs/include/px4_msgs/px4_msgs/msg/detail/open_drone_id_operator_id__functions.h\n'}
[0.813154] (px4_msgs) StdoutLine: {'line': b'-- Up-to-date: /home/nicolas/ws_ros2/install/px4_msgs/include/px4_msgs/px4_msgs/msg/detail/magnetometer_bias_estimate__functions.c\n'}
[0.813186] (px4_msgs) StdoutLine: {'line': b'-- Up-to-date: /home/nicolas/ws_ros2/install/px4_msgs/include/px4_msgs/px4_msgs/msg/detail/rover_position_setpoint__functions.c\n'}
[0.813217] (px4_msgs) StdoutLine: {'line': b'-- Up-to-date: /home/nicolas/ws_ros2/install/px4_msgs/include/px4_msgs/px4_msgs/msg/detail/tiltrotor_extra_controls__functions.c\n'}
[0.813271] (px4_msgs) StdoutLine: {'line': b'-- Up-to-date: /home/nicolas/ws_ros2/install/px4_msgs/include/px4_msgs/px4_msgs/msg/detail/vehicle_roi__type_support.h\n'}
[0.813301] (px4_msgs) StdoutLine: {'line': b'-- Up-to-date: /home/nicolas/ws_ros2/install/px4_msgs/include/px4_msgs/px4_msgs/msg/detail/qshell_req__functions.h\n'}
[0.813331] (px4_msgs) StdoutLine: {'line': b'-- Up-to-date: /home/nicolas/ws_ros2/install/px4_msgs/include/px4_msgs/px4_msgs/msg/detail/dataman_response__struct.h\n'}
[0.813363] (px4_msgs) StdoutLine: {'line': b'-- Up-to-date: /home/nicolas/ws_ros2/install/px4_msgs/include/px4_msgs/px4_msgs/msg/detail/navigator_mission_item__functions.c\n'}
[0.813394] (px4_msgs) StdoutLine: {'line': b'-- Up-to-date: /home/nicolas/ws_ros2/install/px4_msgs/include/px4_msgs/px4_msgs/msg/detail/position_controller_landing_status__struct.h\n'}
[0.813445] (px4_msgs) StdoutLine: {'line': b'-- Up-to-date: /home/nicolas/ws_ros2/install/px4_msgs/include/px4_msgs/px4_msgs/msg/detail/follow_target_estimator__functions.h\n'}
[0.813475] (px4_msgs) StdoutLine: {'line': b'-- Up-to-date: /home/nicolas/ws_ros2/install/px4_msgs/include/px4_msgs/px4_msgs/msg/detail/arming_check_request__functions.h\n'}
[0.813506] (px4_msgs) StdoutLine: {'line': b'-- Up-to-date: /home/nicolas/ws_ros2/install/px4_msgs/include/px4_msgs/px4_msgs/msg/detail/actuator_motors__functions.c\n'}
[0.813536] (px4_msgs) StdoutLine: {'line': b'-- Up-to-date: /home/nicolas/ws_ros2/install/px4_msgs/include/px4_msgs/px4_msgs/msg/detail/rtl_time_estimate__functions.h\n'}
[0.813570] (px4_msgs) StdoutLine: {'line': b'-- Up-to-date: /home/nicolas/ws_ros2/install/px4_msgs/include/px4_msgs/px4_msgs/msg/detail/uavcan_parameter_request__struct.h\n'}
[0.813602] (px4_msgs) StdoutLine: {'line': b'-- Up-to-date: /home/nicolas/ws_ros2/install/px4_msgs/include/px4_msgs/px4_msgs/msg/detail/register_ext_component_request__functions.c\n'}
[0.813634] (px4_msgs) StdoutLine: {'line': b'-- Up-to-date: /home/nicolas/ws_ros2/install/px4_msgs/include/px4_msgs/px4_msgs/msg/detail/airspeed__struct.h\n'}
[0.813677] (px4_msgs) StdoutLine: {'line': b'-- Up-to-date: /home/nicolas/ws_ros2/install/px4_msgs/include/px4_msgs/px4_msgs/msg/detail/estimator_innovations__functions.c\n'}
[0.813710] (px4_msgs) StdoutLine: {'line': b'-- Up-to-date: /home/nicolas/ws_ros2/install/px4_msgs/include/px4_msgs/px4_msgs/msg/detail/message_format_response__struct.h\n'}
[0.813742] (px4_msgs) StdoutLine: {'line': b'-- Up-to-date: /home/nicolas/ws_ros2/install/px4_msgs/include/px4_msgs/px4_msgs/msg/detail/vehicle_imu__functions.c\n'}
[0.813774] (px4_msgs) StdoutLine: {'line': b'-- Up-to-date: /home/nicolas/ws_ros2/install/px4_msgs/include/px4_msgs/px4_msgs/msg/detail/estimator_aid_source1d__type_support.h\n'}
[0.813806] (px4_msgs) StdoutLine: {'line': b'-- Up-to-date: /home/nicolas/ws_ros2/install/px4_msgs/include/px4_msgs/px4_msgs/msg/detail/satellite_info__functions.c\n'}
[0.813838] (px4_msgs) StdoutLine: {'line': b'-- Up-to-date: /home/nicolas/ws_ros2/install/px4_msgs/include/px4_msgs/px4_msgs/msg/detail/arming_check_reply__functions.c\n'}
[0.813870] (px4_msgs) StdoutLine: {'line': b'-- Up-to-date: /home/nicolas/ws_ros2/install/px4_msgs/include/px4_msgs/px4_msgs/msg/detail/dataman_request__struct.h\n'}
[0.813902] (px4_msgs) StdoutLine: {'line': b'-- Up-to-date: /home/nicolas/ws_ros2/install/px4_msgs/include/px4_msgs/px4_msgs/msg/detail/fixed_wing_lateral_setpoint__functions.h\n'}
[0.813939] (px4_msgs) StdoutLine: {'line': b'-- Up-to-date: /home/nicolas/ws_ros2/install/px4_msgs/include/px4_msgs/px4_msgs/msg/detail/rtl_time_estimate__struct.h\n'}
[0.813972] (px4_msgs) StdoutLine: {'line': b'-- Up-to-date: /home/nicolas/ws_ros2/install/px4_msgs/include/px4_msgs/px4_msgs/msg/detail/ping__type_support.h\n'}
[0.814004] (px4_msgs) StdoutLine: {'line': b'-- Up-to-date: /home/nicolas/ws_ros2/install/px4_msgs/include/px4_msgs/px4_msgs/msg/detail/power_button_state__type_support.h\n'}
[0.814035] (px4_msgs) StdoutLine: {'line': b'-- Up-to-date: /home/nicolas/ws_ros2/install/px4_msgs/include/px4_msgs/px4_msgs/msg/detail/sensor_preflight_mag__type_support.h\n'}
[0.814137] (px4_msgs) StdoutLine: {'line': b'-- Up-to-date: /home/nicolas/ws_ros2/install/px4_msgs/include/px4_msgs/px4_msgs/msg/detail/trajectory_setpoint6dof__type_support.h\n'}
[0.814172] (px4_msgs) StdoutLine: {'line': b'-- Up-to-date: /home/nicolas/ws_ros2/install/px4_msgs/include/px4_msgs/px4_msgs/msg/detail/actuator_controls_status__type_support.h\n'}
[0.814205] (px4_msgs) StdoutLine: {'line': b'-- Up-to-date: /home/nicolas/ws_ros2/install/px4_msgs/include/px4_msgs/px4_msgs/msg/detail/mount_orientation__functions.c\n'}
[0.814239] (px4_msgs) StdoutLine: {'line': b'-- Up-to-date: /home/nicolas/ws_ros2/install/px4_msgs/include/px4_msgs/px4_msgs/msg/detail/vehicle_global_position__struct.h\n'}
[0.814295] (px4_msgs) StdoutLine: {'line': b'-- Up-to-date: /home/nicolas/ws_ros2/install/px4_msgs/include/px4_msgs/px4_msgs/msg/detail/health_report__functions.h\n'}
[0.814328] (px4_msgs) StdoutLine: {'line': b'-- Up-to-date: /home/nicolas/ws_ros2/install/px4_msgs/include/px4_msgs/px4_msgs/msg/detail/vehicle_land_detected__functions.h\n'}
[0.814361] (px4_msgs) StdoutLine: {'line': b'-- Up-to-date: /home/nicolas/ws_ros2/install/px4_msgs/include/px4_msgs/px4_msgs/msg/detail/debug_key_value__struct.h\n'}
[0.814393] (px4_msgs) StdoutLine: {'line': b'-- Up-to-date: /home/nicolas/ws_ros2/install/px4_msgs/include/px4_msgs/px4_msgs/msg/detail/led_control__functions.c\n'}
[0.814426] (px4_msgs) StdoutLine: {'line': b'-- Up-to-date: /home/nicolas/ws_ros2/install/px4_msgs/include/px4_msgs/px4_msgs/msg/detail/gimbal_device_information__type_support.h\n'}
[0.814459] (px4_msgs) StdoutLine: {'line': b'-- Up-to-date: /home/nicolas/ws_ros2/install/px4_msgs/include/px4_msgs/px4_msgs/msg/detail/position_controller_status__functions.c\n'}
[0.814491] (px4_msgs) StdoutLine: {'line': b'-- Up-to-date: /home/nicolas/ws_ros2/install/px4_msgs/include/px4_msgs/px4_msgs/msg/detail/airspeed__functions.c\n'}
[0.814524] (px4_msgs) StdoutLine: {'line': b'-- Up-to-date: /home/nicolas/ws_ros2/install/px4_msgs/include/px4_msgs/px4_msgs/msg/detail/event__functions.h\n'}
[0.814556] (px4_msgs) StdoutLine: {'line': b'-- Up-to-date: /home/nicolas/ws_ros2/install/px4_msgs/include/px4_msgs/px4_msgs/msg/detail/failsafe_flags__functions.h\n'}
[0.814588] (px4_msgs) StdoutLine: {'line': b'-- Up-to-date: /home/nicolas/ws_ros2/install/px4_msgs/include/px4_msgs/px4_msgs/msg/detail/message_format_request__functions.c\n'}
[0.814723] (px4_msgs) StdoutLine: {'line': b'-- Up-to-date: /home/nicolas/ws_ros2/install/px4_msgs/include/px4_msgs/px4_msgs/msg/detail/estimator_event_flags__type_support.h\n'}
[0.814758] (px4_msgs) StdoutLine: {'line': b'-- Up-to-date: /home/nicolas/ws_ros2/install/px4_msgs/include/px4_msgs/px4_msgs/msg/detail/sensor_combined__type_support.h\n'}
[0.814790] (px4_msgs) StdoutLine: {'line': b'-- Up-to-date: /home/nicolas/ws_ros2/install/px4_msgs/include/px4_msgs/px4_msgs/msg/detail/vehicle_angular_velocity__type_support.h\n'}
[0.814823] (px4_msgs) StdoutLine: {'line': b'-- Up-to-date: /home/nicolas/ws_ros2/install/px4_msgs/include/px4_msgs/px4_msgs/msg/detail/geofence_result__functions.h\n'}
[0.814855] (px4_msgs) StdoutLine: {'line': b'-- Up-to-date: /home/nicolas/ws_ros2/install/px4_msgs/include/px4_msgs/px4_msgs/msg/detail/landing_gear_wheel__functions.c\n'}
[0.814886] (px4_msgs) StdoutLine: {'line': b'-- Up-to-date: /home/nicolas/ws_ros2/install/px4_msgs/include/px4_msgs/px4_msgs/msg/detail/estimator_innovations__functions.h\n'}
[0.814922] (px4_msgs) StdoutLine: {'line': b'-- Up-to-date: /home/nicolas/ws_ros2/install/px4_msgs/include/px4_msgs/px4_msgs/msg/detail/actuator_armed__struct.h\n'}
[0.814957] (px4_msgs) StdoutLine: {'line': b'-- Up-to-date: /home/nicolas/ws_ros2/install/px4_msgs/include/px4_msgs/px4_msgs/msg/detail/follow_target_estimator__type_support.h\n'}
[0.814990] (px4_msgs) StdoutLine: {'line': b'-- Up-to-date: /home/nicolas/ws_ros2/install/px4_msgs/include/px4_msgs/px4_msgs/msg/detail/sensor_gps__functions.c\n'}
[0.815022] (px4_msgs) StdoutLine: {'line': b'-- Up-to-date: /home/nicolas/ws_ros2/install/px4_msgs/include/px4_msgs/px4_msgs/msg/detail/sensors_status_imu__functions.c\n'}
[0.815064] (px4_msgs) StdoutLine: {'line': b'-- Up-to-date: /home/nicolas/ws_ros2/install/px4_msgs/include/px4_msgs/px4_msgs/msg/detail/vehicle_odometry__struct.h\n'}
[0.815095] (px4_msgs) StdoutLine: {'line': b'-- Up-to-date: /home/nicolas/ws_ros2/install/px4_msgs/include/px4_msgs/px4_msgs/msg/detail/vehicle_command__functions.h\n'}
[0.815127] (px4_msgs) StdoutLine: {'line': b'-- Up-to-date: /home/nicolas/ws_ros2/install/px4_msgs/include/px4_msgs/px4_msgs/msg/detail/sensor_gyro_fifo__type_support.h\n'}
[0.815158] (px4_msgs) StdoutLine: {'line': b'-- Up-to-date: /home/nicolas/ws_ros2/install/px4_msgs/include/px4_msgs/px4_msgs/msg/detail/distance_sensor_mode_change_request__functions.h\n'}
[0.815190] (px4_msgs) StdoutLine: {'line': b'-- Up-to-date: /home/nicolas/ws_ros2/install/px4_msgs/include/px4_msgs/px4_msgs/msg/detail/rtl_status__functions.h\n'}
[0.815222] (px4_msgs) StdoutLine: {'line': b'-- Up-to-date: /home/nicolas/ws_ros2/install/px4_msgs/include/px4_msgs/px4_msgs/msg/detail/gps_dump__struct.h\n'}
[0.815254] (px4_msgs) StdoutLine: {'line': b'-- Up-to-date: /home/nicolas/ws_ros2/install/px4_msgs/include/px4_msgs/px4_msgs/msg/detail/launch_detection_status__functions.c\n'}
[0.815286] (px4_msgs) StdoutLine: {'line': b'-- Up-to-date: /home/nicolas/ws_ros2/install/px4_msgs/include/px4_msgs/px4_msgs/msg/detail/vehicle_optical_flow__struct.h\n'}
[0.815318] (px4_msgs) StdoutLine: {'line': b'-- Up-to-date: /home/nicolas/ws_ros2/install/px4_msgs/include/px4_msgs/px4_msgs/msg/detail/gimbal_manager_status__type_support.h\n'}
[0.815360] (px4_msgs) StdoutLine: {'line': b'-- Up-to-date: /home/nicolas/ws_ros2/install/px4_msgs/include/px4_msgs/px4_msgs/msg/detail/debug_array__functions.h\n'}
[0.815392] (px4_msgs) StdoutLine: {'line': b'-- Up-to-date: /home/nicolas/ws_ros2/install/px4_msgs/include/px4_msgs/px4_msgs/msg/detail/mission__struct.h\n'}
[0.815440] (px4_msgs) StdoutLine: {'line': b'-- Up-to-date: /home/nicolas/ws_ros2/install/px4_msgs/include/px4_msgs/px4_msgs/msg/detail/vehicle_odometry__functions.c\n'}
[0.815528] (px4_msgs) StdoutLine: {'line': b'-- Up-to-date: /home/nicolas/ws_ros2/install/px4_msgs/include/px4_msgs/px4_msgs/msg/detail/sensor_selection__functions.c\n'}
[0.815570] (px4_msgs) StdoutLine: {'line': b'-- Up-to-date: /home/nicolas/ws_ros2/install/px4_msgs/include/px4_msgs/px4_msgs/msg/detail/rover_rate_status__functions.c\n'}
[0.815619] (px4_msgs) StdoutLine: {'line': b'-- Up-to-date: /home/nicolas/ws_ros2/install/px4_msgs/include/px4_msgs/px4_msgs/msg/detail/telemetry_status__functions.h\n'}
[0.815666] (px4_msgs) StdoutLine: {'line': b'-- Up-to-date: /home/nicolas/ws_ros2/install/px4_msgs/include/px4_msgs/px4_msgs/msg/detail/yaw_estimator_status__struct.h\n'}
[0.815713] (px4_msgs) StdoutLine: {'line': b'-- Up-to-date: /home/nicolas/ws_ros2/install/px4_msgs/include/px4_msgs/px4_msgs/msg/detail/sensor_gnss_relative__type_support.h\n'}
[0.815753] (px4_msgs) StdoutLine: {'line': b'-- Up-to-date: /home/nicolas/ws_ros2/install/px4_msgs/include/px4_msgs/px4_msgs/msg/detail/config_overrides__functions.h\n'}
[0.815870] (px4_msgs) StdoutLine: {'line': b'-- Up-to-date: /home/nicolas/ws_ros2/install/px4_msgs/include/px4_msgs/px4_msgs/msg/detail/orbit_status__struct.h\n'}
[0.815903] (px4_msgs) StdoutLine: {'line': b'-- Up-to-date: /home/nicolas/ws_ros2/install/px4_msgs/include/px4_msgs/px4_msgs/msg/detail/can_interface_status__struct.h\n'}
[0.815941] (px4_msgs) StdoutLine: {'line': b'-- Up-to-date: /home/nicolas/ws_ros2/install/px4_msgs/include/px4_msgs/px4_msgs/msg/detail/estimator_gps_status__struct.h\n'}
[0.816019] (px4_msgs) StdoutLine: {'line': b'-- Up-to-date: /home/nicolas/ws_ros2/install/px4_msgs/include/px4_msgs/px4_msgs/msg/detail/qshell_req__functions.c\n'}
[0.816051] (px4_msgs) StdoutLine: {'line': b'-- Up-to-date: /home/nicolas/ws_ros2/install/px4_msgs/include/px4_msgs/px4_msgs/msg/detail/open_drone_id_system__struct.h\n'}
[0.816082] (px4_msgs) StdoutLine: {'line': b'-- Up-to-date: /home/nicolas/ws_ros2/install/px4_msgs/include/px4_msgs/px4_msgs/msg/detail/radio_status__functions.h\n'}
[0.816192] (px4_msgs) StdoutLine: {'line': b'-- Up-to-date: /home/nicolas/ws_ros2/install/px4_msgs/include/px4_msgs/px4_msgs/msg/detail/estimator_selector_status__functions.h\n'}
[0.816227] (px4_msgs) StdoutLine: {'line': b'-- Up-to-date: /home/nicolas/ws_ros2/install/px4_msgs/include/px4_msgs/px4_msgs/msg/detail/sensor_gps__functions.h\n'}
[0.816261] (px4_msgs) StdoutLine: {'line': b'-- Up-to-date: /home/nicolas/ws_ros2/install/px4_msgs/include/px4_msgs/px4_msgs/msg/detail/wheel_encoders__functions.c\n'}
[0.816293] (px4_msgs) StdoutLine: {'line': b'-- Up-to-date: /home/nicolas/ws_ros2/install/px4_msgs/include/px4_msgs/px4_msgs/msg/detail/orb_test__functions.c\n'}
[0.816327] (px4_msgs) StdoutLine: {'line': b'-- Up-to-date: /home/nicolas/ws_ros2/install/px4_msgs/include/px4_msgs/px4_msgs/msg/detail/vehicle_air_data__functions.c\n'}
[0.816359] (px4_msgs) StdoutLine: {'line': b'-- Up-to-date: /home/nicolas/ws_ros2/install/px4_msgs/include/px4_msgs/px4_msgs/msg/detail/rover_attitude_status__functions.c\n'}
[0.816391] (px4_msgs) StdoutLine: {'line': b'-- Up-to-date: /home/nicolas/ws_ros2/install/px4_msgs/include/px4_msgs/px4_msgs/msg/detail/gimbal_device_set_attitude__struct.h\n'}
[0.816423] (px4_msgs) StdoutLine: {'line': b'-- Up-to-date: /home/nicolas/ws_ros2/install/px4_msgs/include/px4_msgs/px4_msgs/msg/detail/open_drone_id_operator_id__struct.h\n'}
[0.816454] (px4_msgs) StdoutLine: {'line': b'-- Up-to-date: /home/nicolas/ws_ros2/install/px4_msgs/include/px4_msgs/px4_msgs/msg/detail/sensor_gyro_fft__functions.c\n'}
[0.816486] (px4_msgs) StdoutLine: {'line': b'-- Up-to-date: /home/nicolas/ws_ros2/install/px4_msgs/include/px4_msgs/px4_msgs/msg/detail/rover_throttle_setpoint__functions.h\n'}
[0.816517] (px4_msgs) StdoutLine: {'line': b'-- Up-to-date: /home/nicolas/ws_ros2/install/px4_msgs/include/px4_msgs/px4_msgs/msg/detail/follow_target__functions.h\n'}
[0.816548] (px4_msgs) StdoutLine: {'line': b'-- Up-to-date: /home/nicolas/ws_ros2/install/px4_msgs/include/px4_msgs/px4_msgs/msg/detail/obstacle_distance__type_support.h\n'}
[0.816580] (px4_msgs) StdoutLine: {'line': b'-- Up-to-date: /home/nicolas/ws_ros2/install/px4_msgs/include/px4_msgs/px4_msgs/msg/detail/rover_speed_setpoint__struct.h\n'}
[0.816614] (px4_msgs) StdoutLine: {'line': b'-- Up-to-date: /home/nicolas/ws_ros2/install/px4_msgs/include/px4_msgs/px4_msgs/msg/detail/actuator_armed__type_support.h\n'}
[0.816648] (px4_msgs) StdoutLine: {'line': b'-- Up-to-date: /home/nicolas/ws_ros2/install/px4_msgs/include/px4_msgs/px4_msgs/msg/detail/sensor_preflight_mag__struct.h\n'}
[0.816682] (px4_msgs) StdoutLine: {'line': b'-- Up-to-date: /home/nicolas/ws_ros2/install/px4_msgs/include/px4_msgs/px4_msgs/msg/detail/internal_combustion_engine_status__functions.c\n'}
[0.816716] (px4_msgs) StdoutLine: {'line': b'-- Up-to-date: /home/nicolas/ws_ros2/install/px4_msgs/include/px4_msgs/px4_msgs/msg/detail/landing_target_innovations__struct.h\n'}
[0.816749] (px4_msgs) StdoutLine: {'line': b'-- Up-to-date: /home/nicolas/ws_ros2/install/px4_msgs/include/px4_msgs/px4_msgs/msg/detail/gimbal_device_attitude_status__type_support.h\n'}
[0.816781] (px4_msgs) StdoutLine: {'line': b'-- Up-to-date: /home/nicolas/ws_ros2/install/px4_msgs/include/px4_msgs/px4_msgs/msg/detail/sensor_mag__functions.c\n'}
[0.816812] (px4_msgs) StdoutLine: {'line': b'-- Up-to-date: /home/nicolas/ws_ros2/install/px4_msgs/include/px4_msgs/px4_msgs/msg/detail/irlock_report__type_support.h\n'}
[0.816845] (px4_msgs) StdoutLine: {'line': b'-- Up-to-date: /home/nicolas/ws_ros2/install/px4_msgs/include/px4_msgs/px4_msgs/msg/detail/rover_speed_setpoint__functions.c\n'}
[0.816878] (px4_msgs) StdoutLine: {'line': b'-- Up-to-date: /home/nicolas/ws_ros2/install/px4_msgs/include/px4_msgs/px4_msgs/msg/detail/camera_status__functions.c\n'}
[0.816912] (px4_msgs) StdoutLine: {'line': b'-- Up-to-date: /home/nicolas/ws_ros2/install/px4_msgs/include/px4_msgs/px4_msgs/msg/detail/camera_trigger__functions.h\n'}
[0.816951] (px4_msgs) StdoutLine: {'line': b'-- Up-to-date: /home/nicolas/ws_ros2/install/px4_msgs/include/px4_msgs/px4_msgs/msg/detail/sensor_gyro__functions.h\n'}
[0.816996] (px4_msgs) StdoutLine: {'line': b'-- Up-to-date: /home/nicolas/ws_ros2/install/px4_msgs/include/px4_msgs/px4_msgs/msg/detail/sensor_preflight_mag__functions.c\n'}
[0.817028] (px4_msgs) StdoutLine: {'line': b'-- Up-to-date: /home/nicolas/ws_ros2/install/px4_msgs/include/px4_msgs/px4_msgs/msg/detail/register_ext_component_reply__type_support.h\n'}
[0.817061] (px4_msgs) StdoutLine: {'line': b'-- Up-to-date: /home/nicolas/ws_ros2/install/px4_msgs/include/px4_msgs/px4_msgs/msg/detail/vehicle_angular_acceleration_setpoint__functions.c\n'}
[0.817092] (px4_msgs) StdoutLine: {'line': b'-- Up-to-date: /home/nicolas/ws_ros2/install/px4_msgs/include/px4_msgs/px4_msgs/msg/detail/failsafe_flags__functions.c\n'}
[0.817204] (px4_msgs) StdoutLine: {'line': b'-- Up-to-date: /home/nicolas/ws_ros2/install/px4_msgs/include/px4_msgs/px4_msgs/msg/detail/actuator_outputs__functions.c\n'}
[0.817237] (px4_msgs) StdoutLine: {'line': b'-- Up-to-date: /home/nicolas/ws_ros2/install/px4_msgs/include/px4_msgs/px4_msgs/msg/detail/log_message__struct.h\n'}
[0.817269] (px4_msgs) StdoutLine: {'line': b'-- Up-to-date: /home/nicolas/ws_ros2/install/px4_msgs/include/px4_msgs/px4_msgs/msg/detail/manual_control_switches__functions.h\n'}
[0.817302] (px4_msgs) StdoutLine: {'line': b'-- Up-to-date: /home/nicolas/ws_ros2/install/px4_msgs/include/px4_msgs/px4_msgs/msg/detail/distance_sensor__struct.h\n'}
[0.817333] (px4_msgs) StdoutLine: {'line': b'-- Up-to-date: /home/nicolas/ws_ros2/install/px4_msgs/include/px4_msgs/px4_msgs/msg/detail/ekf2_timestamps__type_support.h\n'}
[0.817471] (px4_msgs) StdoutLine: {'line': b'-- Up-to-date: /home/nicolas/ws_ros2/install/px4_msgs/include/px4_msgs/px4_msgs/msg/detail/gimbal_manager_status__struct.h\n'}
[0.817505] (px4_msgs) StdoutLine: {'line': b'-- Up-to-date: /home/nicolas/ws_ros2/install/px4_msgs/include/px4_msgs/px4_msgs/msg/detail/dataman_response__functions.c\n'}
[0.817538] (px4_msgs) StdoutLine: {'line': b'-- Up-to-date: /home/nicolas/ws_ros2/install/px4_msgs/include/px4_msgs/px4_msgs/msg/detail/normalized_unsigned_setpoint__type_support.h\n'}
[0.817571] (px4_msgs) StdoutLine: {'line': b'-- Up-to-date: /home/nicolas/ws_ros2/install/px4_msgs/include/px4_msgs/px4_msgs/msg/detail/gpio_out__struct.h\n'}
[0.817604] (px4_msgs) StdoutLine: {'line': b'-- Up-to-date: /home/nicolas/ws_ros2/install/px4_msgs/include/px4_msgs/px4_msgs/msg/detail/sensor_correction__functions.h\n'}
[0.817637] (px4_msgs) StdoutLine: {'line': b'-- Up-to-date: /home/nicolas/ws_ros2/install/px4_msgs/include/px4_msgs/px4_msgs/msg/detail/parameter_set_used_request__functions.c\n'}
[0.817670] (px4_msgs) StdoutLine: {'line': b'-- Up-to-date: /home/nicolas/ws_ros2/install/px4_msgs/include/px4_msgs/px4_msgs/msg/detail/gimbal_device_information__struct.h\n'}
[0.817702] (px4_msgs) StdoutLine: {'line': b'-- Up-to-date: /home/nicolas/ws_ros2/install/px4_msgs/include/px4_msgs/px4_msgs/msg/detail/collision_constraints__struct.h\n'}
[0.817735] (px4_msgs) StdoutLine: {'line': b'-- Up-to-date: /home/nicolas/ws_ros2/install/px4_msgs/include/px4_msgs/px4_msgs/msg/detail/vehicle_imu_status__struct.h\n'}
[0.817766] (px4_msgs) StdoutLine: {'line': b'-- Up-to-date: /home/nicolas/ws_ros2/install/px4_msgs/include/px4_msgs/px4_msgs/msg/detail/event__struct.h\n'}
[0.817799] (px4_msgs) StdoutLine: {'line': b'-- Up-to-date: /home/nicolas/ws_ros2/install/px4_msgs/include/px4_msgs/px4_msgs/msg/detail/mission_result__functions.h\n'}
[0.817830] (px4_msgs) StdoutLine: {'line': b'-- Up-to-date: /home/nicolas/ws_ros2/install/px4_msgs/include/px4_msgs/px4_msgs/msg/detail/uavcan_parameter_value__struct.h\n'}
[0.817862] (px4_msgs) StdoutLine: {'line': b'-- Up-to-date: /home/nicolas/ws_ros2/install/px4_msgs/include/px4_msgs/px4_msgs/msg/detail/esc_status__functions.c\n'}
[0.817894] (px4_msgs) StdoutLine: {'line': b'-- Up-to-date: /home/nicolas/ws_ros2/install/px4_msgs/include/px4_msgs/px4_msgs/msg/detail/camera_trigger__functions.c\n'}
[0.817929] (px4_msgs) StdoutLine: {'line': b'-- Up-to-date: /home/nicolas/ws_ros2/install/px4_msgs/include/px4_msgs/px4_msgs/msg/detail/parameter_set_used_request__struct.h\n'}
[0.817975] (px4_msgs) StdoutLine: {'line': b'-- Up-to-date: /home/nicolas/ws_ros2/install/px4_msgs/include/px4_msgs/px4_msgs/msg/detail/gripper__functions.c\n'}
[0.818018] (px4_msgs) StdoutLine: {'line': b'-- Up-to-date: /home/nicolas/ws_ros2/install/px4_msgs/include/px4_msgs/px4_msgs/msg/detail/battery_info__functions.c\n'}
[0.818049] (px4_msgs) StdoutLine: {'line': b'-- Up-to-date: /home/nicolas/ws_ros2/install/px4_msgs/include/px4_msgs/px4_msgs/msg/detail/fixed_wing_longitudinal_setpoint__functions.c\n'}
[0.818080] (px4_msgs) StdoutLine: {'line': b'-- Up-to-date: /home/nicolas/ws_ros2/install/px4_msgs/include/px4_msgs/px4_msgs/msg/detail/rtl_status__type_support.h\n'}
[0.818112] (px4_msgs) StdoutLine: {'line': b'-- Up-to-date: /home/nicolas/ws_ros2/install/px4_msgs/include/px4_msgs/px4_msgs/msg/detail/takeoff_status__struct.h\n'}
[0.818143] (px4_msgs) StdoutLine: {'line': b'-- Up-to-date: /home/nicolas/ws_ros2/install/px4_msgs/include/px4_msgs/px4_msgs/msg/detail/gripper__struct.h\n'}
[0.818174] (px4_msgs) StdoutLine: {'line': b'-- Up-to-date: /home/nicolas/ws_ros2/install/px4_msgs/include/px4_msgs/px4_msgs/msg/detail/distance_sensor__type_support.h\n'}
[0.818207] (px4_msgs) StdoutLine: {'line': b'-- Up-to-date: /home/nicolas/ws_ros2/install/px4_msgs/include/px4_msgs/px4_msgs/msg/detail/mavlink_log__struct.h\n'}
[0.818241] (px4_msgs) StdoutLine: {'line': b'-- Up-to-date: /home/nicolas/ws_ros2/install/px4_msgs/include/px4_msgs/px4_msgs/msg/detail/rpm__functions.c\n'}
[0.818290] (px4_msgs) StdoutLine: {'line': b'-- Up-to-date: /home/nicolas/ws_ros2/install/px4_msgs/include/px4_msgs/px4_msgs/msg/detail/differential_pressure__type_support.h\n'}
[0.818329] (px4_msgs) StdoutLine: {'line': b'-- Up-to-date: /home/nicolas/ws_ros2/install/px4_msgs/include/px4_msgs/px4_msgs/msg/detail/ulog_stream__functions.h\n'}
[0.818365] (px4_msgs) StdoutLine: {'line': b'-- Up-to-date: /home/nicolas/ws_ros2/install/px4_msgs/include/px4_msgs/px4_msgs/msg/detail/vehicle_angular_velocity__functions.h\n'}
[0.818467] (px4_msgs) StdoutLine: {'line': b'-- Up-to-date: /home/nicolas/ws_ros2/install/px4_msgs/include/px4_msgs/px4_msgs/msg/detail/rover_speed_status__functions.c\n'}
[0.818502] (px4_msgs) StdoutLine: {'line': b'-- Up-to-date: /home/nicolas/ws_ros2/install/px4_msgs/include/px4_msgs/px4_msgs/msg/detail/vehicle_global_position__functions.h\n'}
[0.818535] (px4_msgs) StdoutLine: {'line': b'-- Up-to-date: /home/nicolas/ws_ros2/install/px4_msgs/include/px4_msgs/px4_msgs/msg/detail/mode_completed__struct.h\n'}
[0.818567] (px4_msgs) StdoutLine: {'line': b'-- Up-to-date: /home/nicolas/ws_ros2/install/px4_msgs/include/px4_msgs/px4_msgs/msg/detail/home_position__type_support.h\n'}
[0.818599] (px4_msgs) StdoutLine: {'line': b'-- Up-to-date: /home/nicolas/ws_ros2/install/px4_msgs/include/px4_msgs/px4_msgs/msg/detail/estimator_aid_source1d__struct.h\n'}
[0.818632] (px4_msgs) StdoutLine: {'line': b'-- Up-to-date: /home/nicolas/ws_ros2/install/px4_msgs/include/px4_msgs/px4_msgs/msg/detail/gps_dump__functions.h\n'}
[0.818665] (px4_msgs) StdoutLine: {'line': b'-- Up-to-date: /home/nicolas/ws_ros2/install/px4_msgs/include/px4_msgs/px4_msgs/msg/detail/landing_target_pose__functions.h\n'}
[0.818841] (px4_msgs) StdoutLine: {'line': b'-- Up-to-date: /home/nicolas/ws_ros2/install/px4_msgs/include/px4_msgs/px4_msgs/msg/detail/vehicle_optical_flow_vel__functions.c\n'}
[0.818873] (px4_msgs) StdoutLine: {'line': b'-- Up-to-date: /home/nicolas/ws_ros2/install/px4_msgs/include/px4_msgs/px4_msgs/msg/detail/position_controller_status__type_support.h\n'}
[0.818906] (px4_msgs) StdoutLine: {'line': b'-- Up-to-date: /home/nicolas/ws_ros2/install/px4_msgs/include/px4_msgs/px4_msgs/msg/detail/airspeed_wind__functions.c\n'}
[0.818943] (px4_msgs) StdoutLine: {'line': b'-- Up-to-date: /home/nicolas/ws_ros2/install/px4_msgs/include/px4_msgs/px4_msgs/msg/detail/rover_attitude_setpoint__type_support.h\n'}
[0.818976] (px4_msgs) StdoutLine: {'line': b'-- Up-to-date: /home/nicolas/ws_ros2/install/px4_msgs/include/px4_msgs/px4_msgs/msg/detail/gimbal_manager_set_attitude__functions.h\n'}
[0.819008] (px4_msgs) StdoutLine: {'line': b'-- Up-to-date: /home/nicolas/ws_ros2/install/px4_msgs/include/px4_msgs/px4_msgs/msg/detail/sensor_accel__functions.c\n'}
[0.819039] (px4_msgs) StdoutLine: {'line': b'-- Up-to-date: /home/nicolas/ws_ros2/install/px4_msgs/include/px4_msgs/px4_msgs/msg/detail/vehicle_attitude__type_support.h\n'}
[0.819071] (px4_msgs) StdoutLine: {'line': b'-- Up-to-date: /home/nicolas/ws_ros2/install/px4_msgs/include/px4_msgs/px4_msgs/msg/detail/sensor_hygrometer__struct.h\n'}
[0.819101] (px4_msgs) StdoutLine: {'line': b'-- Up-to-date: /home/nicolas/ws_ros2/install/px4_msgs/include/px4_msgs/px4_msgs/msg/detail/qshell_retval__struct.h\n'}
[0.819130] (px4_msgs) StdoutLine: {'line': b'-- Up-to-date: /home/nicolas/ws_ros2/install/px4_msgs/include/px4_msgs/px4_msgs/msg/detail/input_rc__functions.h\n'}
[0.819161] (px4_msgs) StdoutLine: {'line': b'-- Up-to-date: /home/nicolas/ws_ros2/install/px4_msgs/include/px4_msgs/px4_msgs/msg/detail/estimator_aid_source2d__functions.h\n'}
[0.819193] (px4_msgs) StdoutLine: {'line': b'-- Up-to-date: /home/nicolas/ws_ros2/install/px4_msgs/include/px4_msgs/px4_msgs/msg/detail/navigator_status__functions.h\n'}
[0.819225] (px4_msgs) StdoutLine: {'line': b'-- Up-to-date: /home/nicolas/ws_ros2/install/px4_msgs/include/px4_msgs/px4_msgs/msg/detail/debug_value__functions.c\n'}
[0.819258] (px4_msgs) StdoutLine: {'line': b'-- Up-to-date: /home/nicolas/ws_ros2/install/px4_msgs/include/px4_msgs/px4_msgs/msg/detail/debug_vect__functions.h\n'}
[0.819290] (px4_msgs) StdoutLine: {'line': b'-- Up-to-date: /home/nicolas/ws_ros2/install/px4_msgs/include/px4_msgs/px4_msgs/msg/detail/geofence_status__functions.h\n'}
[0.819322] (px4_msgs) StdoutLine: {'line': b'-- Up-to-date: /home/nicolas/ws_ros2/install/px4_msgs/include/px4_msgs/px4_msgs/msg/detail/sensor_gyro_fifo__struct.h\n'}
[0.819354] (px4_msgs) StdoutLine: {'line': b'-- Up-to-date: /home/nicolas/ws_ros2/install/px4_msgs/include/px4_msgs/px4_msgs/msg/detail/landing_gear__functions.h\n'}
[0.819385] (px4_msgs) StdoutLine: {'line': b'-- Up-to-date: /home/nicolas/ws_ros2/install/px4_msgs/include/px4_msgs/px4_msgs/msg/detail/adc_report__struct.h\n'}
[0.819415] (px4_msgs) StdoutLine: {'line': b'-- Up-to-date: /home/nicolas/ws_ros2/install/px4_msgs/include/px4_msgs/px4_msgs/msg/detail/gimbal_device_attitude_status__functions.h\n'}
[0.819446] (px4_msgs) StdoutLine: {'line': b'-- Up-to-date: /home/nicolas/ws_ros2/install/px4_msgs/include/px4_msgs/px4_msgs/msg/detail/uavcan_parameter_request__functions.c\n'}
[0.819489] (px4_msgs) StdoutLine: {'line': b'-- Up-to-date: /home/nicolas/ws_ros2/install/px4_msgs/include/px4_msgs/px4_msgs/msg/detail/camera_status__type_support.h\n'}
[0.819518] (px4_msgs) StdoutLine: {'line': b'-- Up-to-date: /home/nicolas/ws_ros2/install/px4_msgs/include/px4_msgs/px4_msgs/msg/detail/actuator_servos_trim__functions.c\n'}
[0.819546] (px4_msgs) StdoutLine: {'line': b'-- Up-to-date: /home/nicolas/ws_ros2/install/px4_msgs/include/px4_msgs/px4_msgs/msg/detail/uavcan_parameter_value__type_support.h\n'}
[0.819575] (px4_msgs) StdoutLine: {'line': b'-- Up-to-date: /home/nicolas/ws_ros2/install/px4_msgs/include/px4_msgs/px4_msgs/msg/detail/vehicle_optical_flow_vel__struct.h\n'}
[0.819606] (px4_msgs) StdoutLine: {'line': b'-- Up-to-date: /home/nicolas/ws_ros2/install/px4_msgs/include/px4_msgs/px4_msgs/msg/detail/sensor_accel_fifo__functions.c\n'}
[0.819635] (px4_msgs) StdoutLine: {'line': b'-- Up-to-date: /home/nicolas/ws_ros2/install/px4_msgs/include/px4_msgs/px4_msgs/msg/detail/dronecan_node_status__functions.h\n'}
[0.819664] (px4_msgs) StdoutLine: {'line': b'-- Up-to-date: /home/nicolas/ws_ros2/install/px4_msgs/include/px4_msgs/px4_msgs/msg/detail/figure_eight_status__type_support.h\n'}
[0.819695] (px4_msgs) StdoutLine: {'line': b'-- Up-to-date: /home/nicolas/ws_ros2/install/px4_msgs/include/px4_msgs/px4_msgs/msg/detail/heater_status__struct.h\n'}
[0.819726] (px4_msgs) StdoutLine: {'line': b'-- Up-to-date: /home/nicolas/ws_ros2/install/px4_msgs/include/px4_msgs/px4_msgs/msg/detail/neural_control__struct.h\n'}
[0.819768] (px4_msgs) StdoutLine: {'line': b'-- Up-to-date: /home/nicolas/ws_ros2/install/px4_msgs/include/px4_msgs/px4_msgs/msg/detail/manual_control_setpoint__struct.h\n'}
[0.819797] (px4_msgs) StdoutLine: {'line': b'-- Up-to-date: /home/nicolas/ws_ros2/install/px4_msgs/include/px4_msgs/px4_msgs/msg/detail/dataman_request__functions.h\n'}
[0.819826] (px4_msgs) StdoutLine: {'line': b'-- Up-to-date: /home/nicolas/ws_ros2/install/px4_msgs/include/px4_msgs/px4_msgs/msg/detail/wind__type_support.h\n'}
[0.819855] (px4_msgs) StdoutLine: {'line': b'-- Up-to-date: /home/nicolas/ws_ros2/install/px4_msgs/include/px4_msgs/px4_msgs/msg/detail/pps_capture__functions.c\n'}
[0.819885] (px4_msgs) StdoutLine: {'line': b'-- Up-to-date: /home/nicolas/ws_ros2/install/px4_msgs/include/px4_msgs/px4_msgs/msg/detail/rc_channels__struct.h\n'}
[0.819922] (px4_msgs) StdoutLine: {'line': b'-- Up-to-date: /home/nicolas/ws_ros2/install/px4_msgs/include/px4_msgs/px4_msgs/msg/detail/vehicle_odometry__type_support.h\n'}
[0.819954] (px4_msgs) StdoutLine: {'line': b'-- Up-to-date: /home/nicolas/ws_ros2/install/px4_msgs/include/px4_msgs/px4_msgs/msg/detail/estimator_status__struct.h\n'}
[0.819984] (px4_msgs) StdoutLine: {'line': b'-- Up-to-date: /home/nicolas/ws_ros2/install/px4_msgs/include/px4_msgs/px4_msgs/msg/detail/dronecan_node_status__type_support.h\n'}
[0.820028] (px4_msgs) StdoutLine: {'line': b'-- Up-to-date: /home/nicolas/ws_ros2/install/px4_msgs/include/px4_msgs/px4_msgs/msg/detail/gpio_request__type_support.h\n'}
[0.820059] (px4_msgs) StdoutLine: {'line': b'-- Up-to-date: /home/nicolas/ws_ros2/install/px4_msgs/include/px4_msgs/px4_msgs/msg/detail/vehicle_attitude__functions.h\n'}
[0.820091] (px4_msgs) StdoutLine: {'line': b'-- Up-to-date: /home/nicolas/ws_ros2/install/px4_msgs/include/px4_msgs/px4_msgs/msg/detail/offboard_control_mode__functions.h\n'}
[0.820122] (px4_msgs) StdoutLine: {'line': b'-- Up-to-date: /home/nicolas/ws_ros2/install/px4_msgs/include/px4_msgs/px4_msgs/msg/detail/trajectory_setpoint__type_support.h\n'}
[0.820154] (px4_msgs) StdoutLine: {'line': b'-- Up-to-date: /home/nicolas/ws_ros2/install/px4_msgs/include/px4_msgs/px4_msgs/msg/detail/satellite_info__type_support.h\n'}
[0.820184] (px4_msgs) StdoutLine: {'line': b'-- Up-to-date: /home/nicolas/ws_ros2/install/px4_msgs/include/px4_msgs/px4_msgs/msg/detail/telemetry_status__struct.h\n'}
[0.820215] (px4_msgs) StdoutLine: {'line': b'-- Up-to-date: /home/nicolas/ws_ros2/install/px4_msgs/include/px4_msgs/px4_msgs/msg/detail/geofence_result__functions.c\n'}
[0.820246] (px4_msgs) StdoutLine: {'line': b'-- Up-to-date: /home/nicolas/ws_ros2/install/px4_msgs/include/px4_msgs/px4_msgs/msg/detail/ping__struct.h\n'}
[0.820276] (px4_msgs) StdoutLine: {'line': b'-- Up-to-date: /home/nicolas/ws_ros2/install/px4_msgs/include/px4_msgs/px4_msgs/msg/detail/position_setpoint__functions.c\n'}
[0.820307] (px4_msgs) StdoutLine: {'line': b'-- Up-to-date: /home/nicolas/ws_ros2/install/px4_msgs/include/px4_msgs/px4_msgs/msg/detail/rover_speed_status__type_support.h\n'}
[0.820338] (px4_msgs) StdoutLine: {'line': b'-- Up-to-date: /home/nicolas/ws_ros2/install/px4_msgs/include/px4_msgs/px4_msgs/msg/detail/log_message__type_support.h\n'}
[0.820369] (px4_msgs) StdoutLine: {'line': b'-- Up-to-date: /home/nicolas/ws_ros2/install/px4_msgs/include/px4_msgs/px4_msgs/msg/detail/vehicle_attitude_setpoint__functions.c\n'}
[0.820400] (px4_msgs) StdoutLine: {'line': b'-- Up-to-date: /home/nicolas/ws_ros2/install/px4_msgs/include/px4_msgs/px4_msgs/msg/detail/sensor_baro__type_support.h\n'}
[0.820430] (px4_msgs) StdoutLine: {'line': b'-- Up-to-date: /home/nicolas/ws_ros2/install/px4_msgs/include/px4_msgs/px4_msgs/msg/detail/manual_control_setpoint__functions.c\n'}
[0.820463] (px4_msgs) StdoutLine: {'line': b'-- Up-to-date: /home/nicolas/ws_ros2/install/px4_msgs/include/px4_msgs/px4_msgs/msg/detail/internal_combustion_engine_control__type_support.h\n'}
[0.820499] (px4_msgs) StdoutLine: {'line': b'-- Up-to-date: /home/nicolas/ws_ros2/install/px4_msgs/include/px4_msgs/px4_msgs/msg/detail/gimbal_device_attitude_status__functions.c\n'}
[0.820543] (px4_msgs) StdoutLine: {'line': b'-- Up-to-date: /home/nicolas/ws_ros2/install/px4_msgs/include/px4_msgs/px4_msgs/msg/detail/pure_pursuit_status__functions.c\n'}
[0.820577] (px4_msgs) StdoutLine: {'line': b'-- Up-to-date: /home/nicolas/ws_ros2/install/px4_msgs/include/px4_msgs/px4_msgs/msg/detail/rc_channels__type_support.h\n'}
[0.820651] (px4_msgs) StdoutLine: {'line': b'-- Up-to-date: /home/nicolas/ws_ros2/install/px4_msgs/include/px4_msgs/px4_msgs/msg/detail/actuator_servos_trim__type_support.h\n'}
[0.820684] (px4_msgs) StdoutLine: {'line': b'-- Up-to-date: /home/nicolas/ws_ros2/install/px4_msgs/include/px4_msgs/px4_msgs/msg/detail/iridiumsbd_status__type_support.h\n'}
[0.820718] (px4_msgs) StdoutLine: {'line': b'-- Up-to-date: /home/nicolas/ws_ros2/install/px4_msgs/include/px4_msgs/px4_msgs/msg/detail/actuator_outputs__functions.h\n'}
[0.820750] (px4_msgs) StdoutLine: {'line': b'-- Up-to-date: /home/nicolas/ws_ros2/install/px4_msgs/include/px4_msgs/px4_msgs/msg/detail/mission__type_support.h\n'}
[0.820782] (px4_msgs) StdoutLine: {'line': b'-- Up-to-date: /home/nicolas/ws_ros2/install/px4_msgs/include/px4_msgs/px4_msgs/msg/detail/sensor_gnss_relative__struct.h\n'}
[0.820813] (px4_msgs) StdoutLine: {'line': b'-- Up-to-date: /home/nicolas/ws_ros2/install/px4_msgs/include/px4_msgs/px4_msgs/msg/detail/internal_combustion_engine_control__functions.c\n'}
[0.820845] (px4_msgs) StdoutLine: {'line': b'-- Up-to-date: /home/nicolas/ws_ros2/install/px4_msgs/include/px4_msgs/px4_msgs/msg/detail/tune_control__functions.h\n'}
[0.820876] (px4_msgs) StdoutLine: {'line': b'-- Up-to-date: /home/nicolas/ws_ros2/install/px4_msgs/include/px4_msgs/px4_msgs/msg/detail/radio_status__struct.h\n'}
[0.820908] (px4_msgs) StdoutLine: {'line': b'-- Up-to-date: /home/nicolas/ws_ros2/install/px4_msgs/include/px4_msgs/px4_msgs/msg/detail/vehicle_torque_setpoint__functions.c\n'}
[0.820947] (px4_msgs) StdoutLine: {'line': b'-- Up-to-date: /home/nicolas/ws_ros2/install/px4_msgs/include/px4_msgs/px4_msgs/msg/detail/rtl_status__struct.h\n'}
[0.820980] (px4_msgs) StdoutLine: {'line': b'-- Up-to-date: /home/nicolas/ws_ros2/install/px4_msgs/include/px4_msgs/px4_msgs/msg/detail/dataman_request__type_support.h\n'}
[0.821011] (px4_msgs) StdoutLine: {'line': b'-- Up-to-date: /home/nicolas/ws_ros2/install/px4_msgs/include/px4_msgs/px4_msgs/msg/detail/collision_constraints__functions.h\n'}
[0.821132] (px4_msgs) StdoutLine: {'line': b'-- Up-to-date: /home/nicolas/ws_ros2/install/px4_msgs/include/px4_msgs/px4_msgs/msg/detail/takeoff_status__type_support.h\n'}
[0.821169] (px4_msgs) StdoutLine: {'line': b'-- Up-to-date: /home/nicolas/ws_ros2/install/px4_msgs/include/px4_msgs/px4_msgs/msg/detail/vehicle_torque_setpoint__type_support.h\n'}
[0.821203] (px4_msgs) StdoutLine: {'line': b'-- Up-to-date: /home/nicolas/ws_ros2/install/px4_msgs/include/px4_msgs/px4_msgs/msg/detail/cpuload__functions.h\n'}
[0.821234] (px4_msgs) StdoutLine: {'line': b'-- Up-to-date: /home/nicolas/ws_ros2/install/px4_msgs/include/px4_msgs/px4_msgs/msg/detail/trajectory_setpoint6dof__struct.h\n'}
[0.821266] (px4_msgs) StdoutLine: {'line': b'-- Up-to-date: /home/nicolas/ws_ros2/install/px4_msgs/include/px4_msgs/px4_msgs/msg/detail/gimbal_controls__functions.c\n'}
[0.821297] (px4_msgs) StdoutLine: {'line': b'-- Up-to-date: /home/nicolas/ws_ros2/install/px4_msgs/include/px4_msgs/px4_msgs/msg/detail/flight_phase_estimation__functions.c\n'}
[0.821327] (px4_msgs) StdoutLine: {'line': b'-- Up-to-date: /home/nicolas/ws_ros2/install/px4_msgs/include/px4_msgs/px4_msgs/msg/detail/rover_attitude_setpoint__functions.c\n'}
[0.821357] (px4_msgs) StdoutLine: {'line': b'-- Up-to-date: /home/nicolas/ws_ros2/install/px4_msgs/include/px4_msgs/px4_msgs/msg/detail/vehicle_status__type_support.h\n'}
[0.821390] (px4_msgs) StdoutLine: {'line': b'-- Up-to-date: /home/nicolas/ws_ros2/install/px4_msgs/include/px4_msgs/px4_msgs/msg/detail/landing_gear__functions.c\n'}
[0.821432] (px4_msgs) StdoutLine: {'line': b'-- Up-to-date: /home/nicolas/ws_ros2/install/px4_msgs/include/px4_msgs/px4_msgs/msg/detail/vehicle_optical_flow_vel__type_support.h\n'}
[0.821464] (px4_msgs) StdoutLine: {'line': b'-- Up-to-date: /home/nicolas/ws_ros2/install/px4_msgs/include/px4_msgs/px4_msgs/msg/detail/follow_target__struct.h\n'}
[0.821495] (px4_msgs) StdoutLine: {'line': b'-- Up-to-date: /home/nicolas/ws_ros2/install/px4_msgs/include/px4_msgs/px4_msgs/msg/detail/sensor_gps__struct.h\n'}
[0.821526] (px4_msgs) StdoutLine: {'line': b'-- Up-to-date: /home/nicolas/ws_ros2/install/px4_msgs/include/px4_msgs/px4_msgs/msg/detail/radio_status__functions.c\n'}
[0.821557] (px4_msgs) StdoutLine: {'line': b'-- Up-to-date: /home/nicolas/ws_ros2/install/px4_msgs/include/px4_msgs/px4_msgs/msg/detail/cpuload__struct.h\n'}
[0.821588] (px4_msgs) StdoutLine: {'line': b'-- Up-to-date: /home/nicolas/ws_ros2/install/px4_msgs/include/px4_msgs/px4_msgs/msg/detail/vtol_vehicle_status__type_support.h\n'}
[0.821619] (px4_msgs) StdoutLine: {'line': b'-- Up-to-date: /home/nicolas/ws_ros2/install/px4_msgs/include/px4_msgs/px4_msgs/msg/detail/autotune_attitude_control_status__functions.c\n'}
[0.821651] (px4_msgs) StdoutLine: {'line': b'-- Up-to-date: /home/nicolas/ws_ros2/install/px4_msgs/include/px4_msgs/px4_msgs/msg/detail/sensor_gnss_relative__functions.c\n'}
[0.821722] (px4_msgs) StdoutLine: {'line': b'-- Up-to-date: /home/nicolas/ws_ros2/install/px4_msgs/include/px4_msgs/px4_msgs/msg/detail/fixed_wing_longitudinal_setpoint__type_support.h\n'}
[0.821754] (px4_msgs) StdoutLine: {'line': b'-- Up-to-date: /home/nicolas/ws_ros2/install/px4_msgs/include/px4_msgs/px4_msgs/msg/detail/sensor_accel__struct.h\n'}
[0.821828] (px4_msgs) StdoutLine: {'line': b'-- Up-to-date: /home/nicolas/ws_ros2/install/px4_msgs/include/px4_msgs/px4_msgs/msg/detail/internal_combustion_engine_status__struct.h\n'}
[0.821864] (px4_msgs) StdoutLine: {'line': b'-- Up-to-date: /home/nicolas/ws_ros2/install/px4_msgs/include/px4_msgs/px4_msgs/msg/detail/fixed_wing_runway_control__struct.h\n'}
[0.821897] (px4_msgs) StdoutLine: {'line': b'-- Up-to-date: /home/nicolas/ws_ros2/install/px4_msgs/include/px4_msgs/px4_msgs/msg/detail/magnetometer_bias_estimate__type_support.h\n'}
[0.821938] (px4_msgs) StdoutLine: {'line': b'-- Up-to-date: /home/nicolas/ws_ros2/install/px4_msgs/include/px4_msgs/px4_msgs/msg/detail/rover_rate_status__type_support.h\n'}
[0.821972] (px4_msgs) StdoutLine: {'line': b'-- Up-to-date: /home/nicolas/ws_ros2/install/px4_msgs/include/px4_msgs/px4_msgs/msg/detail/yaw_estimator_status__functions.h\n'}
[0.822012] (px4_msgs) StdoutLine: {'line': b'-- Up-to-date: /home/nicolas/ws_ros2/install/px4_msgs/include/px4_msgs/px4_msgs/msg/detail/landing_gear_wheel__functions.h\n'}
[0.822044] (px4_msgs) StdoutLine: {'line': b'-- Up-to-date: /home/nicolas/ws_ros2/install/px4_msgs/include/px4_msgs/px4_msgs/msg/detail/event__functions.c\n'}
[0.822076] (px4_msgs) StdoutLine: {'line': b'-- Up-to-date: /home/nicolas/ws_ros2/install/px4_msgs/include/px4_msgs/px4_msgs/msg/detail/logger_status__struct.h\n'}
[0.822109] (px4_msgs) StdoutLine: {'line': b'-- Up-to-date: /home/nicolas/ws_ros2/install/px4_msgs/include/px4_msgs/px4_msgs/msg/detail/sensor_baro__functions.h\n'}
[0.822142] (px4_msgs) StdoutLine: {'line': b'-- Up-to-date: /home/nicolas/ws_ros2/install/px4_msgs/include/px4_msgs/px4_msgs/msg/detail/camera_status__struct.h\n'}
[0.822184] (px4_msgs) StdoutLine: {'line': b'-- Up-to-date: /home/nicolas/ws_ros2/install/px4_msgs/include/px4_msgs/px4_msgs/msg/gpio_in.h\n'}
[0.822216] (px4_msgs) StdoutLine: {'line': b'-- Up-to-date: /home/nicolas/ws_ros2/install/px4_msgs/include/px4_msgs/px4_msgs/msg/internal_combustion_engine_status.h\n'}
[0.822249] (px4_msgs) StdoutLine: {'line': b'-- Up-to-date: /home/nicolas/ws_ros2/install/px4_msgs/include/px4_msgs/px4_msgs/msg/normalized_unsigned_setpoint.h\n'}
[0.822297] (px4_msgs) StdoutLine: {'line': b'-- Up-to-date: /home/nicolas/ws_ros2/install/px4_msgs/include/px4_msgs/px4_msgs/msg/vehicle_air_data.h\n'}
[0.822347] (px4_msgs) StdoutLine: {'line': b'-- Up-to-date: /home/nicolas/ws_ros2/install/px4_msgs/include/px4_msgs/px4_msgs/msg/sensor_gyro.h\n'}
[0.822541] (px4_msgs) StdoutLine: {'line': b'-- Up-to-date: /home/nicolas/ws_ros2/install/px4_msgs/include/px4_msgs/px4_msgs/msg/rc_channels.h\n'}
[0.822587] (px4_msgs) StdoutLine: {'line': b'-- Up-to-date: /home/nicolas/ws_ros2/install/px4_msgs/include/px4_msgs/px4_msgs/msg/rover_rate_setpoint.h\n'}
[0.822646] (px4_msgs) StdoutLine: {'line': b'-- Up-to-date: /home/nicolas/ws_ros2/install/px4_msgs/include/px4_msgs/px4_msgs/msg/failure_detector_status.h\n'}
[0.822679] (px4_msgs) StdoutLine: {'line': b'-- Up-to-date: /home/nicolas/ws_ros2/install/px4_msgs/include/px4_msgs/px4_msgs/msg/vehicle_command_ack.h\n'}
[0.822711] (px4_msgs) StdoutLine: {'line': b'-- Up-to-date: /home/nicolas/ws_ros2/install/px4_msgs/include/px4_msgs/px4_msgs/msg/adc_report.h\n'}
[0.822743] (px4_msgs) StdoutLine: {'line': b'-- Up-to-date: /home/nicolas/ws_ros2/install/px4_msgs/include/px4_msgs/px4_msgs/msg/vehicle_local_position_setpoint.h\n'}
[0.822775] (px4_msgs) StdoutLine: {'line': b'-- Up-to-date: /home/nicolas/ws_ros2/install/px4_msgs/include/px4_msgs/px4_msgs/msg/estimator_selector_status.h\n'}
[0.822808] (px4_msgs) StdoutLine: {'line': b'-- Up-to-date: /home/nicolas/ws_ros2/install/px4_msgs/include/px4_msgs/px4_msgs/msg/irlock_report.h\n'}
[0.822840] (px4_msgs) StdoutLine: {'line': b'-- Up-to-date: /home/nicolas/ws_ros2/install/px4_msgs/include/px4_msgs/px4_msgs/msg/obstacle_distance.h\n'}
[0.822872] (px4_msgs) StdoutLine: {'line': b'-- Up-to-date: /home/nicolas/ws_ros2/install/px4_msgs/include/px4_msgs/px4_msgs/msg/vehicle_rates_setpoint.h\n'}
[0.822902] (px4_msgs) StdoutLine: {'line': b'-- Up-to-date: /home/nicolas/ws_ros2/install/px4_msgs/include/px4_msgs/px4_msgs/msg/airspeed_wind.h\n'}
[0.822940] (px4_msgs) StdoutLine: {'line': b'-- Up-to-date: /home/nicolas/ws_ros2/install/px4_msgs/include/px4_msgs/px4_msgs/msg/uavcan_parameter_request.h\n'}
[0.822972] (px4_msgs) StdoutLine: {'line': b'-- Up-to-date: /home/nicolas/ws_ros2/install/px4_msgs/include/px4_msgs/px4_msgs/msg/rover_attitude_status.h\n'}
[0.823005] (px4_msgs) StdoutLine: {'line': b'-- Up-to-date: /home/nicolas/ws_ros2/install/px4_msgs/include/px4_msgs/px4_msgs/msg/geofence_result.h\n'}
[0.823038] (px4_msgs) StdoutLine: {'line': b'-- Up-to-date: /home/nicolas/ws_ros2/install/px4_msgs/include/px4_msgs/px4_msgs/msg/actuator_servos_trim.h\n'}
[0.823073] (px4_msgs) StdoutLine: {'line': b'-- Up-to-date: /home/nicolas/ws_ros2/install/px4_msgs/include/px4_msgs/px4_msgs/msg/vehicle_thrust_setpoint.h\n'}
[0.823105] (px4_msgs) StdoutLine: {'line': b'-- Up-to-date: /home/nicolas/ws_ros2/install/px4_msgs/include/px4_msgs/px4_msgs/msg/launch_detection_status.h\n'}
[0.823138] (px4_msgs) StdoutLine: {'line': b'-- Up-to-date: /home/nicolas/ws_ros2/install/px4_msgs/include/px4_msgs/px4_msgs/msg/landing_target_innovations.h\n'}
[0.823171] (px4_msgs) StdoutLine: {'line': b'-- Up-to-date: /home/nicolas/ws_ros2/install/px4_msgs/include/px4_msgs/px4_msgs/msg/rover_speed_status.h\n'}
[0.823295] (px4_msgs) StdoutLine: {'line': b'-- Up-to-date: /home/nicolas/ws_ros2/install/px4_msgs/include/px4_msgs/px4_msgs/msg/timesync_status.h\n'}
[0.823335] (px4_msgs) StdoutLine: {'line': b'-- Up-to-date: /home/nicolas/ws_ros2/install/px4_msgs/include/px4_msgs/px4_msgs/msg/health_report.h\n'}
[0.823370] (px4_msgs) StdoutLine: {'line': b'-- Up-to-date: /home/nicolas/ws_ros2/install/px4_msgs/include/px4_msgs/px4_msgs/msg/parameter_set_value_response.h\n'}
[0.823403] (px4_msgs) StdoutLine: {'line': b'-- Up-to-date: /home/nicolas/ws_ros2/install/px4_msgs/include/px4_msgs/px4_msgs/msg/rover_position_setpoint.h\n'}
[0.823436] (px4_msgs) StdoutLine: {'line': b'-- Up-to-date: /home/nicolas/ws_ros2/install/px4_msgs/include/px4_msgs/px4_msgs/msg/vehicle_status.h\n'}
[0.823470] (px4_msgs) StdoutLine: {'line': b'-- Up-to-date: /home/nicolas/ws_ros2/install/px4_msgs/include/px4_msgs/px4_msgs/msg/qshell_retval.h\n'}
[0.823503] (px4_msgs) StdoutLine: {'line': b'-- Up-to-date: /home/nicolas/ws_ros2/install/px4_msgs/include/px4_msgs/px4_msgs/msg/ping.h\n'}
[0.823755] (px4_msgs) StdoutLine: {'line': b'-- Up-to-date: /home/nicolas/ws_ros2/install/px4_msgs/include/px4_msgs/px4_msgs/msg/camera_trigger.h\n'}
[0.823792] (px4_msgs) StdoutLine: {'line': b'-- Up-to-date: /home/nicolas/ws_ros2/install/px4_msgs/include/px4_msgs/px4_msgs/msg/longitudinal_control_configuration.h\n'}
[0.823827] (px4_msgs) StdoutLine: {'line': b'-- Up-to-date: /home/nicolas/ws_ros2/install/px4_msgs/include/px4_msgs/px4_msgs/msg/figure_eight_status.h\n'}
[0.823861] (px4_msgs) StdoutLine: {'line': b'-- Up-to-date: /home/nicolas/ws_ros2/install/px4_msgs/include/px4_msgs/px4_msgs/msg/trajectory_setpoint6dof.h\n'}
[0.823895] (px4_msgs) StdoutLine: {'line': b'-- Up-to-date: /home/nicolas/ws_ros2/install/px4_msgs/include/px4_msgs/px4_msgs/msg/arming_check_request.h\n'}
[0.823934] (px4_msgs) StdoutLine: {'line': b'-- Up-to-date: /home/nicolas/ws_ros2/install/px4_msgs/include/px4_msgs/px4_msgs/msg/sensor_selection.h\n'}
[0.823971] (px4_msgs) StdoutLine: {'line': b'-- Up-to-date: /home/nicolas/ws_ros2/install/px4_msgs/include/px4_msgs/px4_msgs/msg/gimbal_device_information.h\n'}
[0.824005] (px4_msgs) StdoutLine: {'line': b'-- Up-to-date: /home/nicolas/ws_ros2/install/px4_msgs/include/px4_msgs/px4_msgs/msg/tecs_status.h\n'}
[0.824037] (px4_msgs) StdoutLine: {'line': b'-- Up-to-date: /home/nicolas/ws_ros2/install/px4_msgs/include/px4_msgs/px4_msgs/msg/position_controller_status.h\n'}
[0.824070] (px4_msgs) StdoutLine: {'line': b'-- Up-to-date: /home/nicolas/ws_ros2/install/px4_msgs/include/px4_msgs/px4_msgs/msg/takeoff_status.h\n'}
[0.824103] (px4_msgs) StdoutLine: {'line': b'-- Up-to-date: /home/nicolas/ws_ros2/install/px4_msgs/include/px4_msgs/px4_msgs/msg/gimbal_device_attitude_status.h\n'}
[0.824134] (px4_msgs) StdoutLine: {'line': b'-- Up-to-date: /home/nicolas/ws_ros2/install/px4_msgs/include/px4_msgs/px4_msgs/msg/vehicle_optical_flow_vel.h\n'}
[0.824166] (px4_msgs) StdoutLine: {'line': b'-- Up-to-date: /home/nicolas/ws_ros2/install/px4_msgs/include/px4_msgs/px4_msgs/msg/vehicle_magnetometer.h\n'}
[0.824388] (px4_msgs) StdoutLine: {'line': b'-- Up-to-date: /home/nicolas/ws_ros2/install/px4_msgs/include/px4_msgs/px4_msgs/msg/task_stack_info.h\n'}
[0.824424] (px4_msgs) StdoutLine: {'line': b'-- Up-to-date: /home/nicolas/ws_ros2/install/px4_msgs/include/px4_msgs/px4_msgs/msg/config_overrides.h\n'}
[0.824458] (px4_msgs) StdoutLine: {'line': b'-- Up-to-date: /home/nicolas/ws_ros2/install/px4_msgs/include/px4_msgs/px4_msgs/msg/rover_speed_setpoint.h\n'}
[0.824491] (px4_msgs) StdoutLine: {'line': b'-- Up-to-date: /home/nicolas/ws_ros2/install/px4_msgs/include/px4_msgs/px4_msgs/msg/tiltrotor_extra_controls.h\n'}
[0.824522] (px4_msgs) StdoutLine: {'line': b'-- Up-to-date: /home/nicolas/ws_ros2/install/px4_msgs/include/px4_msgs/px4_msgs/msg/vehicle_roi.h\n'}
[0.824556] (px4_msgs) StdoutLine: {'line': b'-- Up-to-date: /home/nicolas/ws_ros2/install/px4_msgs/include/px4_msgs/px4_msgs/msg/actuator_servos.h\n'}
[0.824588] (px4_msgs) StdoutLine: {'line': b'-- Up-to-date: /home/nicolas/ws_ros2/install/px4_msgs/include/px4_msgs/px4_msgs/msg/button_event.h\n'}
[0.824622] (px4_msgs) StdoutLine: {'line': b'-- Up-to-date: /home/nicolas/ws_ros2/install/px4_msgs/include/px4_msgs/px4_msgs/msg/gpio_config.h\n'}
[0.824656] (px4_msgs) StdoutLine: {'line': b'-- Up-to-date: /home/nicolas/ws_ros2/install/px4_msgs/include/px4_msgs/px4_msgs/msg/orb_test_large.h\n'}
[0.824689] (px4_msgs) StdoutLine: {'line': b'-- Up-to-date: /home/nicolas/ws_ros2/install/px4_msgs/include/px4_msgs/px4_msgs/msg/sensor_baro.h\n'}
[0.824722] (px4_msgs) StdoutLine: {'line': b'-- Up-to-date: /home/nicolas/ws_ros2/install/px4_msgs/include/px4_msgs/px4_msgs/msg/satellite_info.h\n'}
[0.824754] (px4_msgs) StdoutLine: {'line': b'-- Up-to-date: /home/nicolas/ws_ros2/install/px4_msgs/include/px4_msgs/px4_msgs/msg/estimator_bias.h\n'}
[0.824786] (px4_msgs) StdoutLine: {'line': b'-- Up-to-date: /home/nicolas/ws_ros2/install/px4_msgs/include/px4_msgs/px4_msgs/msg/open_drone_id_system.h\n'}
[0.824818] (px4_msgs) StdoutLine: {'line': b'-- Up-to-date: /home/nicolas/ws_ros2/install/px4_msgs/include/px4_msgs/px4_msgs/msg/register_ext_component_reply.h\n'}
[0.824910] (px4_msgs) StdoutLine: {'line': b'-- Up-to-date: /home/nicolas/ws_ros2/install/px4_msgs/include/px4_msgs/px4_msgs/msg/rosidl_generator_c__visibility_control.h\n'}
[0.824954] (px4_msgs) StdoutLine: {'line': b'-- Up-to-date: /home/nicolas/ws_ros2/install/px4_msgs/include/px4_msgs/px4_msgs/msg/fixed_wing_runway_control.h\n'}
[0.825101] (px4_msgs) StdoutLine: {'line': b'-- Up-to-date: /home/nicolas/ws_ros2/install/px4_msgs/include/px4_msgs/px4_msgs/msg/sensor_airflow.h\n'}
[0.825144] (px4_msgs) StdoutLine: {'line': b'-- Up-to-date: /home/nicolas/ws_ros2/install/px4_msgs/include/px4_msgs/px4_msgs/msg/sensor_preflight_mag.h\n'}
[0.825176] (px4_msgs) StdoutLine: {'line': b'-- Up-to-date: /home/nicolas/ws_ros2/install/px4_msgs/include/px4_msgs/px4_msgs/msg/estimator_states.h\n'}
[0.825209] (px4_msgs) StdoutLine: {'line': b'-- Up-to-date: /home/nicolas/ws_ros2/install/px4_msgs/include/px4_msgs/px4_msgs/msg/autotune_attitude_control_status.h\n'}
[0.825241] (px4_msgs) StdoutLine: {'line': b'-- Up-to-date: /home/nicolas/ws_ros2/install/px4_msgs/include/px4_msgs/px4_msgs/msg/uavcan_parameter_value.h\n'}
[0.825273] (px4_msgs) StdoutLine: {'line': b'-- Up-to-date: /home/nicolas/ws_ros2/install/px4_msgs/include/px4_msgs/px4_msgs/msg/vehicle_angular_velocity.h\n'}
[0.825304] (px4_msgs) StdoutLine: {'line': b'-- Up-to-date: /home/nicolas/ws_ros2/install/px4_msgs/include/px4_msgs/px4_msgs/msg/sensor_accel_fifo.h\n'}
[0.825336] (px4_msgs) StdoutLine: {'line': b'-- Up-to-date: /home/nicolas/ws_ros2/install/px4_msgs/include/px4_msgs/px4_msgs/msg/navigator_mission_item.h\n'}
[0.825370] (px4_msgs) StdoutLine: {'line': b'-- Up-to-date: /home/nicolas/ws_ros2/install/px4_msgs/include/px4_msgs/px4_msgs/msg/rover_attitude_setpoint.h\n'}
[0.825411] (px4_msgs) StdoutLine: {'line': b'-- Up-to-date: /home/nicolas/ws_ros2/install/px4_msgs/include/px4_msgs/px4_msgs/msg/estimator_bias3d.h\n'}
[0.825443] (px4_msgs) StdoutLine: {'line': b'-- Up-to-date: /home/nicolas/ws_ros2/install/px4_msgs/include/px4_msgs/px4_msgs/msg/logger_status.h\n'}
[0.825474] (px4_msgs) StdoutLine: {'line': b'-- Up-to-date: /home/nicolas/ws_ros2/install/px4_msgs/include/px4_msgs/px4_msgs/msg/estimator_aid_source2d.h\n'}
[0.825506] (px4_msgs) StdoutLine: {'line': b'-- Up-to-date: /home/nicolas/ws_ros2/install/px4_msgs/include/px4_msgs/px4_msgs/msg/cpuload.h\n'}
[0.825537] (px4_msgs) StdoutLine: {'line': b'-- Up-to-date: /home/nicolas/ws_ros2/install/px4_msgs/include/px4_msgs/px4_msgs/msg/sensor_gps.h\n'}
[0.825570] (px4_msgs) StdoutLine: {'line': b'-- Up-to-date: /home/nicolas/ws_ros2/install/px4_msgs/include/px4_msgs/px4_msgs/msg/trajectory_setpoint.h\n'}
[0.825601] (px4_msgs) StdoutLine: {'line': b'-- Up-to-date: /home/nicolas/ws_ros2/install/px4_msgs/include/px4_msgs/px4_msgs/msg/follow_target_estimator.h\n'}
[0.825633] (px4_msgs) StdoutLine: {'line': b'-- Up-to-date: /home/nicolas/ws_ros2/install/px4_msgs/include/px4_msgs/px4_msgs/msg/estimator_innovations.h\n'}
[0.825664] (px4_msgs) StdoutLine: {'line': b'-- Up-to-date: /home/nicolas/ws_ros2/install/px4_msgs/include/px4_msgs/px4_msgs/msg/debug_vect.h\n'}
[0.825695] (px4_msgs) StdoutLine: {'line': b'-- Up-to-date: /home/nicolas/ws_ros2/install/px4_msgs/include/px4_msgs/px4_msgs/msg/pure_pursuit_status.h\n'}
[0.825725] (px4_msgs) StdoutLine: {'line': b'-- Up-to-date: /home/nicolas/ws_ros2/install/px4_msgs/include/px4_msgs/px4_msgs/msg/estimator_event_flags.h\n'}
[0.825756] (px4_msgs) StdoutLine: {'line': b'-- Up-to-date: /home/nicolas/ws_ros2/install/px4_msgs/include/px4_msgs/px4_msgs/msg/sensor_gyro_fifo.h\n'}
[0.825788] (px4_msgs) StdoutLine: {'line': b'-- Up-to-date: /home/nicolas/ws_ros2/install/px4_msgs/include/px4_msgs/px4_msgs/msg/parameter_set_value_request.h\n'}
[0.825819] (px4_msgs) StdoutLine: {'line': b'-- Up-to-date: /home/nicolas/ws_ros2/install/px4_msgs/include/px4_msgs/px4_msgs/msg/rpm.h\n'}
[0.826079] (px4_msgs) StdoutLine: {'line': b'-- Up-to-date: /home/nicolas/ws_ros2/install/px4_msgs/include/px4_msgs/px4_msgs/msg/fixed_wing_lateral_setpoint.h\n'}
[0.826166] (px4_msgs) StdoutLine: {'line': b'-- Up-to-date: /home/nicolas/ws_ros2/install/px4_msgs/include/px4_msgs/px4_msgs/msg/geofence_status.h\n'}
[0.826206] (px4_msgs) StdoutLine: {'line': b'-- Up-to-date: /home/nicolas/ws_ros2/install/px4_msgs/include/px4_msgs/px4_msgs/msg/estimator_gps_status.h\n'}
[0.826242] (px4_msgs) StdoutLine: {'line': b'-- Up-to-date: /home/nicolas/ws_ros2/install/px4_msgs/include/px4_msgs/px4_msgs/msg/actuator_test.h\n'}
[0.826276] (px4_msgs) StdoutLine: {'line': b'-- Up-to-date: /home/nicolas/ws_ros2/install/px4_msgs/include/px4_msgs/px4_msgs/msg/landing_target_pose.h\n'}
[0.826309] (px4_msgs) StdoutLine: {'line': b'-- Up-to-date: /home/nicolas/ws_ros2/install/px4_msgs/include/px4_msgs/px4_msgs/msg/gripper.h\n'}
[0.826342] (px4_msgs) StdoutLine: {'line': b'-- Up-to-date: /home/nicolas/ws_ros2/install/px4_msgs/include/px4_msgs/px4_msgs/msg/gimbal_manager_set_attitude.h\n'}
[0.826375] (px4_msgs) StdoutLine: {'line': b'-- Up-to-date: /home/nicolas/ws_ros2/install/px4_msgs/include/px4_msgs/px4_msgs/msg/lateral_control_configuration.h\n'}
[0.826408] (px4_msgs) StdoutLine: {'line': b'-- Up-to-date: /home/nicolas/ws_ros2/install/px4_msgs/include/px4_msgs/px4_msgs/msg/transponder_report.h\n'}
[0.826441] (px4_msgs) StdoutLine: {'line': b'-- Up-to-date: /home/nicolas/ws_ros2/install/px4_msgs/include/px4_msgs/px4_msgs/msg/iridiumsbd_status.h\n'}
[0.826473] (px4_msgs) StdoutLine: {'line': b'-- Up-to-date: /home/nicolas/ws_ros2/install/px4_msgs/include/px4_msgs/px4_msgs/msg/tune_control.h\n'}
[0.826509] (px4_msgs) StdoutLine: {'line': b'-- Up-to-date: /home/nicolas/ws_ros2/install/px4_msgs/include/px4_msgs/px4_msgs/msg/velocity_limits.h\n'}
[0.826544] (px4_msgs) StdoutLine: {'line': b'-- Up-to-date: /home/nicolas/ws_ros2/install/px4_msgs/include/px4_msgs/px4_msgs/msg/internal_combustion_engine_control.h\n'}
[0.826591] (px4_msgs) StdoutLine: {'line': b'-- Up-to-date: /home/nicolas/ws_ros2/install/px4_msgs/include/px4_msgs/px4_msgs/msg/led_control.h\n'}
[0.826621] (px4_msgs) StdoutLine: {'line': b'-- Up-to-date: /home/nicolas/ws_ros2/install/px4_msgs/include/px4_msgs/px4_msgs/msg/vehicle_acceleration.h\n'}
[0.826651] (px4_msgs) StdoutLine: {'line': b'-- Up-to-date: /home/nicolas/ws_ros2/install/px4_msgs/include/px4_msgs/px4_msgs/msg/sensor_correction.h\n'}
[0.826680] (px4_msgs) StdoutLine: {'line': b'-- Up-to-date: /home/nicolas/ws_ros2/install/px4_msgs/include/px4_msgs/px4_msgs/msg/power_monitor.h\n'}
[0.826711] (px4_msgs) StdoutLine: {'line': b'-- Up-to-date: /home/nicolas/ws_ros2/install/px4_msgs/include/px4_msgs/px4_msgs/msg/vehicle_odometry.h\n'}
[0.826741] (px4_msgs) StdoutLine: {'line': b'-- Up-to-date: /home/nicolas/ws_ros2/install/px4_msgs/include/px4_msgs/px4_msgs/msg/esc_report.h\n'}
[0.826770] (px4_msgs) StdoutLine: {'line': b'-- Up-to-date: /home/nicolas/ws_ros2/install/px4_msgs/include/px4_msgs/px4_msgs/msg/log_message.h\n'}
[0.826798] (px4_msgs) StdoutLine: {'line': b'-- Up-to-date: /home/nicolas/ws_ros2/install/px4_msgs/include/px4_msgs/px4_msgs/msg/gimbal_controls.h\n'}
[0.826827] (px4_msgs) StdoutLine: {'line': b'-- Up-to-date: /home/nicolas/ws_ros2/install/px4_msgs/include/px4_msgs/px4_msgs/msg/failsafe_flags.h\n'}
[0.826856] (px4_msgs) StdoutLine: {'line': b'-- Up-to-date: /home/nicolas/ws_ros2/install/px4_msgs/include/px4_msgs/px4_msgs/msg/rtl_status.h\n'}
[0.826885] (px4_msgs) StdoutLine: {'line': b'-- Up-to-date: /home/nicolas/ws_ros2/install/px4_msgs/include/px4_msgs/px4_msgs/msg/sensor_combined.h\n'}
[0.826913] (px4_msgs) StdoutLine: {'line': b'-- Up-to-date: /home/nicolas/ws_ros2/install/px4_msgs/include/px4_msgs/px4_msgs/msg/magnetometer_bias_estimate.h\n'}
[0.826952] (px4_msgs) StdoutLine: {'line': b'-- Up-to-date: /home/nicolas/ws_ros2/install/px4_msgs/include/px4_msgs/px4_msgs/msg/action_request.h\n'}
[0.826982] (px4_msgs) StdoutLine: {'line': b'-- Up-to-date: /home/nicolas/ws_ros2/install/px4_msgs/include/px4_msgs/px4_msgs/msg/flight_phase_estimation.h\n'}
[0.827013] (px4_msgs) StdoutLine: {'line': b'-- Up-to-date: /home/nicolas/ws_ros2/install/px4_msgs/include/px4_msgs/px4_msgs/msg/open_drone_id_operator_id.h\n'}
[0.827048] (px4_msgs) StdoutLine: {'line': b'-- Up-to-date: /home/nicolas/ws_ros2/install/px4_msgs/include/px4_msgs/px4_msgs/msg/landing_gear_wheel.h\n'}
[0.827078] (px4_msgs) StdoutLine: {'line': b'-- Up-to-date: /home/nicolas/ws_ros2/install/px4_msgs/include/px4_msgs/px4_msgs/msg/orb_test_medium.h\n'}
[0.827109] (px4_msgs) StdoutLine: {'line': b'-- Up-to-date: /home/nicolas/ws_ros2/install/px4_msgs/include/px4_msgs/px4_msgs/msg/dronecan_node_status.h\n'}
[0.827140] (px4_msgs) StdoutLine: {'line': b'-- Up-to-date: /home/nicolas/ws_ros2/install/px4_msgs/include/px4_msgs/px4_msgs/msg/actuator_motors.h\n'}
[0.827170] (px4_msgs) StdoutLine: {'line': b'-- Up-to-date: /home/nicolas/ws_ros2/install/px4_msgs/include/px4_msgs/px4_msgs/msg/ulog_stream_ack.h\n'}
[0.827202] (px4_msgs) StdoutLine: {'line': b'-- Up-to-date: /home/nicolas/ws_ros2/install/px4_msgs/include/px4_msgs/px4_msgs/msg/gps_dump.h\n'}
[0.827234] (px4_msgs) StdoutLine: {'line': b'-- Up-to-date: /home/nicolas/ws_ros2/install/px4_msgs/include/px4_msgs/px4_msgs/msg/vehicle_local_position.h\n'}
[0.827266] (px4_msgs) StdoutLine: {'line': b'-- Up-to-date: /home/nicolas/ws_ros2/install/px4_msgs/include/px4_msgs/px4_msgs/msg/open_drone_id_self_id.h\n'}
[0.827297] (px4_msgs) StdoutLine: {'line': b'-- Up-to-date: /home/nicolas/ws_ros2/install/px4_msgs/include/px4_msgs/px4_msgs/msg/rtl_time_estimate.h\n'}
[0.827329] (px4_msgs) StdoutLine: {'line': b'-- Up-to-date: /home/nicolas/ws_ros2/install/px4_msgs/include/px4_msgs/px4_msgs/msg/open_drone_id_arm_status.h\n'}
[0.827360] (px4_msgs) StdoutLine: {'line': b'-- Up-to-date: /home/nicolas/ws_ros2/install/px4_msgs/include/px4_msgs/px4_msgs/msg/gimbal_manager_information.h\n'}
[0.827425] (px4_msgs) StdoutLine: {'line': b'-- Up-to-date: /home/nicolas/ws_ros2/install/px4_msgs/include/px4_msgs/px4_msgs/msg/event.h\n'}
[0.827457] (px4_msgs) StdoutLine: {'line': b'-- Up-to-date: /home/nicolas/ws_ros2/install/px4_msgs/include/px4_msgs/px4_msgs/msg/vehicle_attitude_setpoint.h\n'}
[0.827489] (px4_msgs) StdoutLine: {'line': b'-- Up-to-date: /home/nicolas/ws_ros2/install/px4_msgs/include/px4_msgs/px4_msgs/msg/camera_capture.h\n'}
[0.827519] (px4_msgs) StdoutLine: {'line': b'-- Up-to-date: /home/nicolas/ws_ros2/install/px4_msgs/include/px4_msgs/px4_msgs/msg/position_setpoint_triplet.h\n'}
[0.827551] (px4_msgs) StdoutLine: {'line': b'-- Up-to-date: /home/nicolas/ws_ros2/install/px4_msgs/include/px4_msgs/px4_msgs/msg/estimator_aid_source3d.h\n'}
[0.827582] (px4_msgs) StdoutLine: {'line': b'-- Up-to-date: /home/nicolas/ws_ros2/install/px4_msgs/include/px4_msgs/px4_msgs/msg/differential_pressure.h\n'}
[0.827613] (px4_msgs) StdoutLine: {'line': b'-- Up-to-date: /home/nicolas/ws_ros2/install/px4_msgs/include/px4_msgs/px4_msgs/msg/collision_constraints.h\n'}
[0.827645] (px4_msgs) StdoutLine: {'line': b'-- Up-to-date: /home/nicolas/ws_ros2/install/px4_msgs/include/px4_msgs/px4_msgs/msg/camera_status.h\n'}
[0.827678] (px4_msgs) StdoutLine: {'line': b'-- Up-to-date: /home/nicolas/ws_ros2/install/px4_msgs/include/px4_msgs/px4_msgs/msg/parameter_update.h\n'}
[0.827709] (px4_msgs) StdoutLine: {'line': b'-- Up-to-date: /home/nicolas/ws_ros2/install/px4_msgs/include/px4_msgs/px4_msgs/msg/vehicle_command.h\n'}
[0.827769] (px4_msgs) StdoutLine: {'line': b'-- Up-to-date: /home/nicolas/ws_ros2/install/px4_msgs/include/px4_msgs/px4_msgs/msg/heater_status.h\n'}
[0.827799] (px4_msgs) StdoutLine: {'line': b'-- Up-to-date: /home/nicolas/ws_ros2/install/px4_msgs/include/px4_msgs/px4_msgs/msg/vehicle_imu_status.h\n'}
[0.827841] (px4_msgs) StdoutLine: {'line': b'-- Up-to-date: /home/nicolas/ws_ros2/install/px4_msgs/include/px4_msgs/px4_msgs/msg/estimator_status_flags.h\n'}
[0.827874] (px4_msgs) StdoutLine: {'line': b'-- Up-to-date: /home/nicolas/ws_ros2/install/px4_msgs/include/px4_msgs/px4_msgs/msg/fixed_wing_lateral_status.h\n'}
[0.827905] (px4_msgs) StdoutLine: {'line': b'-- Up-to-date: /home/nicolas/ws_ros2/install/px4_msgs/include/px4_msgs/px4_msgs/msg/yaw_estimator_status.h\n'}
[0.828037] (px4_msgs) StdoutLine: {'line': b'-- Up-to-date: /home/nicolas/ws_ros2/install/px4_msgs/include/px4_msgs/px4_msgs/msg/navigator_status.h\n'}
[0.828076] (px4_msgs) StdoutLine: {'line': b'-- Up-to-date: /home/nicolas/ws_ros2/install/px4_msgs/include/px4_msgs/px4_msgs/msg/vehicle_global_position.h\n'}
[0.828111] (px4_msgs) StdoutLine: {'line': b'-- Up-to-date: /home/nicolas/ws_ros2/install/px4_msgs/include/px4_msgs/px4_msgs/msg/estimator_sensor_bias.h\n'}
[0.828147] (px4_msgs) StdoutLine: {'line': b'-- Up-to-date: /home/nicolas/ws_ros2/install/px4_msgs/include/px4_msgs/px4_msgs/msg/sensors_status_imu.h\n'}
[0.828182] (px4_msgs) StdoutLine: {'line': b'-- Up-to-date: /home/nicolas/ws_ros2/install/px4_msgs/include/px4_msgs/px4_msgs/msg/message_format_request.h\n'}
[0.828217] (px4_msgs) StdoutLine: {'line': b'-- Up-to-date: /home/nicolas/ws_ros2/install/px4_msgs/include/px4_msgs/px4_msgs/msg/sensor_uwb.h\n'}
[0.828262] (px4_msgs) StdoutLine: {'line': b'-- Up-to-date: /home/nicolas/ws_ros2/install/px4_msgs/include/px4_msgs/px4_msgs/msg/register_ext_component_request.h\n'}
[0.828296] (px4_msgs) StdoutLine: {'line': b'-- Up-to-date: /home/nicolas/ws_ros2/install/px4_msgs/include/px4_msgs/px4_msgs/msg/airspeed_validated.h\n'}
[0.828329] (px4_msgs) StdoutLine: {'line': b'-- Up-to-date: /home/nicolas/ws_ros2/install/px4_msgs/include/px4_msgs/px4_msgs/msg/sensor_mag.h\n'}
[0.828361] (px4_msgs) StdoutLine: {'line': b'-- Up-to-date: /home/nicolas/ws_ros2/install/px4_msgs/include/px4_msgs/px4_msgs/msg/generator_status.h\n'}
[0.828394] (px4_msgs) StdoutLine: {'line': b'-- Up-to-date: /home/nicolas/ws_ros2/install/px4_msgs/include/px4_msgs/px4_msgs/msg/mode_completed.h\n'}
[0.828427] (px4_msgs) StdoutLine: {'line': b'-- Up-to-date: /home/nicolas/ws_ros2/install/px4_msgs/include/px4_msgs/px4_msgs/msg/wheel_encoders.h\n'}
[0.828459] (px4_msgs) StdoutLine: {'line': b'-- Up-to-date: /home/nicolas/ws_ros2/install/px4_msgs/include/px4_msgs/px4_msgs/msg/ekf2_timestamps.h\n'}
[0.828491] (px4_msgs) StdoutLine: {'line': b'-- Up-to-date: /home/nicolas/ws_ros2/install/px4_msgs/include/px4_msgs/px4_msgs/msg/arming_check_reply.h\n'}
[0.828524] (px4_msgs) StdoutLine: {'line': b'-- Up-to-date: /home/nicolas/ws_ros2/install/px4_msgs/include/px4_msgs/px4_msgs/msg/mavlink_tunnel.h\n'}
[0.828556] (px4_msgs) StdoutLine: {'line': b'-- Up-to-date: /home/nicolas/ws_ros2/install/px4_msgs/include/px4_msgs/px4_msgs/msg/hover_thrust_estimate.h\n'}
[0.828588] (px4_msgs) StdoutLine: {'line': b'-- Up-to-date: /home/nicolas/ws_ros2/install/px4_msgs/share/px4_msgs/environment/library_path.sh\n'}
[0.828621] (px4_msgs) StdoutLine: {'line': b'-- Up-to-date: /home/nicolas/ws_ros2/install/px4_msgs/share/px4_msgs/environment/library_path.dsv\n'}
[0.828652] (px4_msgs) StdoutLine: {'line': b'-- Up-to-date: /home/nicolas/ws_ros2/install/px4_msgs/lib/libpx4_msgs__rosidl_generator_c.so\n'}
[0.828684] (px4_msgs) StdoutLine: {'line': b'-- Up-to-date: /home/nicolas/ws_ros2/install/px4_msgs/include/px4_msgs/px4_msgs\n'}
[0.828716] (px4_msgs) StdoutLine: {'line': b'-- Up-to-date: /home/nicolas/ws_ros2/install/px4_msgs/include/px4_msgs/px4_msgs/srv\n'}
[0.828748] (px4_msgs) StdoutLine: {'line': b'-- Up-to-date: /home/nicolas/ws_ros2/install/px4_msgs/include/px4_msgs/px4_msgs/srv/detail\n'}
[0.828780] (px4_msgs) StdoutLine: {'line': b'-- Up-to-date: /home/nicolas/ws_ros2/install/px4_msgs/include/px4_msgs/px4_msgs/srv/detail/vehicle_command__rosidl_typesupport_fastrtps_c.h\n'}
[0.828812] (px4_msgs) StdoutLine: {'line': b'-- Up-to-date: /home/nicolas/ws_ros2/install/px4_msgs/include/px4_msgs/px4_msgs/msg\n'}
[0.828844] (px4_msgs) StdoutLine: {'line': b'-- Up-to-date: /home/nicolas/ws_ros2/install/px4_msgs/include/px4_msgs/px4_msgs/msg/detail\n'}
[0.828897] (px4_msgs) StdoutLine: {'line': b'-- Up-to-date: /home/nicolas/ws_ros2/install/px4_msgs/include/px4_msgs/px4_msgs/msg/detail/onboard_computer_status__rosidl_typesupport_fastrtps_c.h\n'}
[0.828936] (px4_msgs) StdoutLine: {'line': b'-- Up-to-date: /home/nicolas/ws_ros2/install/px4_msgs/include/px4_msgs/px4_msgs/msg/detail/gpio_out__rosidl_typesupport_fastrtps_c.h\n'}
[0.829032] (px4_msgs) StdoutLine: {'line': b'-- Up-to-date: /home/nicolas/ws_ros2/install/px4_msgs/include/px4_msgs/px4_msgs/msg/detail/distance_sensor_mode_change_request__rosidl_typesupport_fastrtps_c.h\n'}
[0.829083] (px4_msgs) StdoutLine: {'line': b'-- Up-to-date: /home/nicolas/ws_ros2/install/px4_msgs/include/px4_msgs/px4_msgs/msg/detail/vtol_vehicle_status__rosidl_typesupport_fastrtps_c.h\n'}
[0.829157] (px4_msgs) StdoutLine: {'line': b'-- Up-to-date: /home/nicolas/ws_ros2/install/px4_msgs/include/px4_msgs/px4_msgs/msg/detail/estimator_sensor_bias__rosidl_typesupport_fastrtps_c.h\n'}
[0.829290] (px4_msgs) StdoutLine: {'line': b'-- Up-to-date: /home/nicolas/ws_ros2/install/px4_msgs/include/px4_msgs/px4_msgs/msg/detail/dataman_response__rosidl_typesupport_fastrtps_c.h\n'}
[0.829342] (px4_msgs) StdoutLine: {'line': b'-- Up-to-date: /home/nicolas/ws_ros2/install/px4_msgs/include/px4_msgs/px4_msgs/msg/detail/estimator_innovations__rosidl_typesupport_fastrtps_c.h\n'}
[0.829383] (px4_msgs) StdoutLine: {'line': b'-- Up-to-date: /home/nicolas/ws_ros2/install/px4_msgs/include/px4_msgs/px4_msgs/msg/detail/sensor_correction__rosidl_typesupport_fastrtps_c.h\n'}
[0.829441] (px4_msgs) StdoutLine: {'line': b'-- Up-to-date: /home/nicolas/ws_ros2/install/px4_msgs/include/px4_msgs/px4_msgs/msg/detail/offboard_control_mode__rosidl_typesupport_fastrtps_c.h\n'}
[0.829475] (px4_msgs) StdoutLine: {'line': b'-- Up-to-date: /home/nicolas/ws_ros2/install/px4_msgs/include/px4_msgs/px4_msgs/msg/detail/vehicle_control_mode__rosidl_typesupport_fastrtps_c.h\n'}
[0.829509] (px4_msgs) StdoutLine: {'line': b'-- Up-to-date: /home/nicolas/ws_ros2/install/px4_msgs/include/px4_msgs/px4_msgs/msg/detail/airspeed_validated__rosidl_typesupport_fastrtps_c.h\n'}
[0.829543] (px4_msgs) StdoutLine: {'line': b'-- Up-to-date: /home/nicolas/ws_ros2/install/px4_msgs/include/px4_msgs/px4_msgs/msg/detail/rover_rate_status__rosidl_typesupport_fastrtps_c.h\n'}
[0.829575] (px4_msgs) StdoutLine: {'line': b'-- Up-to-date: /home/nicolas/ws_ros2/install/px4_msgs/include/px4_msgs/px4_msgs/msg/detail/vehicle_angular_acceleration_setpoint__rosidl_typesupport_fastrtps_c.h\n'}
[0.829608] (px4_msgs) StdoutLine: {'line': b'-- Up-to-date: /home/nicolas/ws_ros2/install/px4_msgs/include/px4_msgs/px4_msgs/msg/detail/vehicle_acceleration__rosidl_typesupport_fastrtps_c.h\n'}
[0.829640] (px4_msgs) StdoutLine: {'line': b'-- Up-to-date: /home/nicolas/ws_ros2/install/px4_msgs/include/px4_msgs/px4_msgs/msg/detail/wheel_encoders__rosidl_typesupport_fastrtps_c.h\n'}
[0.829672] (px4_msgs) StdoutLine: {'line': b'-- Up-to-date: /home/nicolas/ws_ros2/install/px4_msgs/include/px4_msgs/px4_msgs/msg/detail/gimbal_manager_set_attitude__rosidl_typesupport_fastrtps_c.h\n'}
[0.829704] (px4_msgs) StdoutLine: {'line': b'-- Up-to-date: /home/nicolas/ws_ros2/install/px4_msgs/include/px4_msgs/px4_msgs/msg/detail/gpio_config__rosidl_typesupport_fastrtps_c.h\n'}
[0.829736] (px4_msgs) StdoutLine: {'line': b'-- Up-to-date: /home/nicolas/ws_ros2/install/px4_msgs/include/px4_msgs/px4_msgs/msg/detail/sensor_optical_flow__rosidl_typesupport_fastrtps_c.h\n'}
[0.829768] (px4_msgs) StdoutLine: {'line': b'-- Up-to-date: /home/nicolas/ws_ros2/install/px4_msgs/include/px4_msgs/px4_msgs/msg/detail/battery_status__rosidl_typesupport_fastrtps_c.h\n'}
[0.829799] (px4_msgs) StdoutLine: {'line': b'-- Up-to-date: /home/nicolas/ws_ros2/install/px4_msgs/include/px4_msgs/px4_msgs/msg/detail/power_button_state__rosidl_typesupport_fastrtps_c.h\n'}
[0.829829] (px4_msgs) StdoutLine: {'line': b'-- Up-to-date: /home/nicolas/ws_ros2/install/px4_msgs/include/px4_msgs/px4_msgs/msg/detail/estimator_status__rosidl_typesupport_fastrtps_c.h\n'}
[0.829860] (px4_msgs) StdoutLine: {'line': b'-- Up-to-date: /home/nicolas/ws_ros2/install/px4_msgs/include/px4_msgs/px4_msgs/msg/detail/unregister_ext_component__rosidl_typesupport_fastrtps_c.h\n'}
[0.829892] (px4_msgs) StdoutLine: {'line': b'-- Up-to-date: /home/nicolas/ws_ros2/install/px4_msgs/include/px4_msgs/px4_msgs/msg/detail/fixed_wing_lateral_status__rosidl_typesupport_fastrtps_c.h\n'}
[0.829950] (px4_msgs) StdoutLine: {'line': b'-- Up-to-date: /home/nicolas/ws_ros2/install/px4_msgs/include/px4_msgs/px4_msgs/msg/detail/vehicle_command_ack__rosidl_typesupport_fastrtps_c.h\n'}
[0.829985] (px4_msgs) StdoutLine: {'line': b'-- Up-to-date: /home/nicolas/ws_ros2/install/px4_msgs/include/px4_msgs/px4_msgs/msg/detail/register_ext_component_reply__rosidl_typesupport_fastrtps_c.h\n'}
[0.830018] (px4_msgs) StdoutLine: {'line': b'-- Up-to-date: /home/nicolas/ws_ros2/install/px4_msgs/include/px4_msgs/px4_msgs/msg/detail/dronecan_node_status__rosidl_typesupport_fastrtps_c.h\n'}
[0.830050] (px4_msgs) StdoutLine: {'line': b'-- Up-to-date: /home/nicolas/ws_ros2/install/px4_msgs/include/px4_msgs/px4_msgs/msg/detail/camera_trigger__rosidl_typesupport_fastrtps_c.h\n'}
[0.830082] (px4_msgs) StdoutLine: {'line': b'-- Up-to-date: /home/nicolas/ws_ros2/install/px4_msgs/include/px4_msgs/px4_msgs/msg/detail/rpm__rosidl_typesupport_fastrtps_c.h\n'}
[0.830203] (px4_msgs) StdoutLine: {'line': b'-- Up-to-date: /home/nicolas/ws_ros2/install/px4_msgs/include/px4_msgs/px4_msgs/msg/detail/debug_key_value__rosidl_typesupport_fastrtps_c.h\n'}
[0.830238] (px4_msgs) StdoutLine: {'line': b'-- Up-to-date: /home/nicolas/ws_ros2/install/px4_msgs/include/px4_msgs/px4_msgs/msg/detail/rtl_status__rosidl_typesupport_fastrtps_c.h\n'}
[0.830273] (px4_msgs) StdoutLine: {'line': b'-- Up-to-date: /home/nicolas/ws_ros2/install/px4_msgs/include/px4_msgs/px4_msgs/msg/detail/arming_check_request__rosidl_typesupport_fastrtps_c.h\n'}
[0.830306] (px4_msgs) StdoutLine: {'line': b'-- Up-to-date: /home/nicolas/ws_ros2/install/px4_msgs/include/px4_msgs/px4_msgs/msg/detail/vehicle_torque_setpoint__rosidl_typesupport_fastrtps_c.h\n'}
[0.830342] (px4_msgs) StdoutLine: {'line': b'-- Up-to-date: /home/nicolas/ws_ros2/install/px4_msgs/include/px4_msgs/px4_msgs/msg/detail/action_request__rosidl_typesupport_fastrtps_c.h\n'}
[0.830374] (px4_msgs) StdoutLine: {'line': b'-- Up-to-date: /home/nicolas/ws_ros2/install/px4_msgs/include/px4_msgs/px4_msgs/msg/detail/health_report__rosidl_typesupport_fastrtps_c.h\n'}
[0.830408] (px4_msgs) StdoutLine: {'line': b'-- Up-to-date: /home/nicolas/ws_ros2/install/px4_msgs/include/px4_msgs/px4_msgs/msg/detail/irlock_report__rosidl_typesupport_fastrtps_c.h\n'}
[0.830440] (px4_msgs) StdoutLine: {'line': b'-- Up-to-date: /home/nicolas/ws_ros2/install/px4_msgs/include/px4_msgs/px4_msgs/msg/detail/battery_info__rosidl_typesupport_fastrtps_c.h\n'}
[0.830472] (px4_msgs) StdoutLine: {'line': b'-- Up-to-date: /home/nicolas/ws_ros2/install/px4_msgs/include/px4_msgs/px4_msgs/msg/detail/landing_target_innovations__rosidl_typesupport_fastrtps_c.h\n'}
[0.830504] (px4_msgs) StdoutLine: {'line': b'-- Up-to-date: /home/nicolas/ws_ros2/install/px4_msgs/include/px4_msgs/px4_msgs/msg/detail/sensor_accel__rosidl_typesupport_fastrtps_c.h\n'}
[0.830535] (px4_msgs) StdoutLine: {'line': b'-- Up-to-date: /home/nicolas/ws_ros2/install/px4_msgs/include/px4_msgs/px4_msgs/msg/detail/actuator_motors__rosidl_typesupport_fastrtps_c.h\n'}
[0.830567] (px4_msgs) StdoutLine: {'line': b'-- Up-to-date: /home/nicolas/ws_ros2/install/px4_msgs/include/px4_msgs/px4_msgs/msg/detail/pwm_input__rosidl_typesupport_fastrtps_c.h\n'}
[0.830599] (px4_msgs) StdoutLine: {'line': b'-- Up-to-date: /home/nicolas/ws_ros2/install/px4_msgs/include/px4_msgs/px4_msgs/msg/detail/follow_target_estimator__rosidl_typesupport_fastrtps_c.h\n'}
[0.830632] (px4_msgs) StdoutLine: {'line': b'-- Up-to-date: /home/nicolas/ws_ros2/install/px4_msgs/include/px4_msgs/px4_msgs/msg/detail/gimbal_device_information__rosidl_typesupport_fastrtps_c.h\n'}
[0.830664] (px4_msgs) StdoutLine: {'line': b'-- Up-to-date: /home/nicolas/ws_ros2/install/px4_msgs/include/px4_msgs/px4_msgs/msg/detail/vehicle_optical_flow__rosidl_typesupport_fastrtps_c.h\n'}
[0.830696] (px4_msgs) StdoutLine: {'line': b'-- Up-to-date: /home/nicolas/ws_ros2/install/px4_msgs/include/px4_msgs/px4_msgs/msg/detail/gimbal_manager_information__rosidl_typesupport_fastrtps_c.h\n'}
[0.830729] (px4_msgs) StdoutLine: {'line': b'-- Up-to-date: /home/nicolas/ws_ros2/install/px4_msgs/include/px4_msgs/px4_msgs/msg/detail/trajectory_setpoint6dof__rosidl_typesupport_fastrtps_c.h\n'}
[0.831048] (px4_msgs) StdoutLine: {'line': b'-- Up-to-date: /home/nicolas/ws_ros2/install/px4_msgs/include/px4_msgs/px4_msgs/msg/detail/esc_report__rosidl_typesupport_fastrtps_c.h\n'}
[0.831086] (px4_msgs) StdoutLine: {'line': b'-- Up-to-date: /home/nicolas/ws_ros2/install/px4_msgs/include/px4_msgs/px4_msgs/msg/detail/mode_completed__rosidl_typesupport_fastrtps_c.h\n'}
[0.831121] (px4_msgs) StdoutLine: {'line': b'-- Up-to-date: /home/nicolas/ws_ros2/install/px4_msgs/include/px4_msgs/px4_msgs/msg/detail/dataman_request__rosidl_typesupport_fastrtps_c.h\n'}
[0.831155] (px4_msgs) StdoutLine: {'line': b'-- Up-to-date: /home/nicolas/ws_ros2/install/px4_msgs/include/px4_msgs/px4_msgs/msg/detail/sensor_uwb__rosidl_typesupport_fastrtps_c.h\n'}
[0.831189] (px4_msgs) StdoutLine: {'line': b'-- Up-to-date: /home/nicolas/ws_ros2/install/px4_msgs/include/px4_msgs/px4_msgs/msg/detail/timesync_status__rosidl_typesupport_fastrtps_c.h\n'}
[0.831221] (px4_msgs) StdoutLine: {'line': b'-- Up-to-date: /home/nicolas/ws_ros2/install/px4_msgs/include/px4_msgs/px4_msgs/msg/detail/rover_throttle_setpoint__rosidl_typesupport_fastrtps_c.h\n'}
[0.831254] (px4_msgs) StdoutLine: {'line': b'-- Up-to-date: /home/nicolas/ws_ros2/install/px4_msgs/include/px4_msgs/px4_msgs/msg/detail/heater_status__rosidl_typesupport_fastrtps_c.h\n'}
[0.831285] (px4_msgs) StdoutLine: {'line': b'-- Up-to-date: /home/nicolas/ws_ros2/install/px4_msgs/include/px4_msgs/px4_msgs/msg/detail/pps_capture__rosidl_typesupport_fastrtps_c.h\n'}
[0.831319] (px4_msgs) StdoutLine: {'line': b'-- Up-to-date: /home/nicolas/ws_ros2/install/px4_msgs/include/px4_msgs/px4_msgs/msg/detail/parameter_set_value_response__rosidl_typesupport_fastrtps_c.h\n'}
[0.831351] (px4_msgs) StdoutLine: {'line': b'-- Up-to-date: /home/nicolas/ws_ros2/install/px4_msgs/include/px4_msgs/px4_msgs/msg/detail/sensors_status__rosidl_typesupport_fastrtps_c.h\n'}
[0.831384] (px4_msgs) StdoutLine: {'line': b'-- Up-to-date: /home/nicolas/ws_ros2/install/px4_msgs/include/px4_msgs/px4_msgs/msg/detail/estimator_aid_source1d__rosidl_typesupport_fastrtps_c.h\n'}
[0.831419] (px4_msgs) StdoutLine: {'line': b'-- Up-to-date: /home/nicolas/ws_ros2/install/px4_msgs/include/px4_msgs/px4_msgs/msg/detail/distance_sensor__rosidl_typesupport_fastrtps_c.h\n'}
[0.831550] (px4_msgs) StdoutLine: {'line': b'-- Up-to-date: /home/nicolas/ws_ros2/install/px4_msgs/include/px4_msgs/px4_msgs/msg/detail/rate_ctrl_status__rosidl_typesupport_fastrtps_c.h\n'}
[0.831584] (px4_msgs) StdoutLine: {'line': b'-- Up-to-date: /home/nicolas/ws_ros2/install/px4_msgs/include/px4_msgs/px4_msgs/msg/detail/sensor_mag__rosidl_typesupport_fastrtps_c.h\n'}
[0.831619] (px4_msgs) StdoutLine: {'line': b'-- Up-to-date: /home/nicolas/ws_ros2/install/px4_msgs/include/px4_msgs/px4_msgs/msg/detail/rover_speed_status__rosidl_typesupport_fastrtps_c.h\n'}
[0.831651] (px4_msgs) StdoutLine: {'line': b'-- Up-to-date: /home/nicolas/ws_ros2/install/px4_msgs/include/px4_msgs/px4_msgs/msg/detail/log_message__rosidl_typesupport_fastrtps_c.h\n'}
[0.831684] (px4_msgs) StdoutLine: {'line': b'-- Up-to-date: /home/nicolas/ws_ros2/install/px4_msgs/include/px4_msgs/px4_msgs/msg/detail/open_drone_id_system__rosidl_typesupport_fastrtps_c.h\n'}
[0.831715] (px4_msgs) StdoutLine: {'line': b'-- Up-to-date: /home/nicolas/ws_ros2/install/px4_msgs/include/px4_msgs/px4_msgs/msg/detail/radio_status__rosidl_typesupport_fastrtps_c.h\n'}
[0.831748] (px4_msgs) StdoutLine: {'line': b'-- Up-to-date: /home/nicolas/ws_ros2/install/px4_msgs/include/px4_msgs/px4_msgs/msg/detail/sensor_baro__rosidl_typesupport_fastrtps_c.h\n'}
[0.831781] (px4_msgs) StdoutLine: {'line': b'-- Up-to-date: /home/nicolas/ws_ros2/install/px4_msgs/include/px4_msgs/px4_msgs/msg/detail/position_controller_landing_status__rosidl_typesupport_fastrtps_c.h\n'}
[0.831813] (px4_msgs) StdoutLine: {'line': b'-- Up-to-date: /home/nicolas/ws_ros2/install/px4_msgs/include/px4_msgs/px4_msgs/msg/detail/arming_check_reply__rosidl_typesupport_fastrtps_c.h\n'}
[0.831994] (px4_msgs) StdoutLine: {'line': b'-- Up-to-date: /home/nicolas/ws_ros2/install/px4_msgs/include/px4_msgs/px4_msgs/msg/detail/vehicle_angular_velocity__rosidl_typesupport_fastrtps_c.h\n'}
[0.832030] (px4_msgs) StdoutLine: {'line': b'-- Up-to-date: /home/nicolas/ws_ros2/install/px4_msgs/include/px4_msgs/px4_msgs/msg/detail/mavlink_tunnel__rosidl_typesupport_fastrtps_c.h\n'}
[0.832063] (px4_msgs) StdoutLine: {'line': b'-- Up-to-date: /home/nicolas/ws_ros2/install/px4_msgs/include/px4_msgs/px4_msgs/msg/detail/event__rosidl_typesupport_fastrtps_c.h\n'}
[0.832096] (px4_msgs) StdoutLine: {'line': b'-- Up-to-date: /home/nicolas/ws_ros2/install/px4_msgs/include/px4_msgs/px4_msgs/msg/detail/estimator_event_flags__rosidl_typesupport_fastrtps_c.h\n'}
[0.832128] (px4_msgs) StdoutLine: {'line': b'-- Up-to-date: /home/nicolas/ws_ros2/install/px4_msgs/include/px4_msgs/px4_msgs/msg/detail/ulog_stream_ack__rosidl_typesupport_fastrtps_c.h\n'}
[0.832160] (px4_msgs) StdoutLine: {'line': b'-- Up-to-date: /home/nicolas/ws_ros2/install/px4_msgs/include/px4_msgs/px4_msgs/msg/detail/obstacle_distance__rosidl_typesupport_fastrtps_c.h\n'}
[0.832193] (px4_msgs) StdoutLine: {'line': b'-- Up-to-date: /home/nicolas/ws_ros2/install/px4_msgs/include/px4_msgs/px4_msgs/msg/detail/tiltrotor_extra_controls__rosidl_typesupport_fastrtps_c.h\n'}
[0.832227] (px4_msgs) StdoutLine: {'line': b'-- Up-to-date: /home/nicolas/ws_ros2/install/px4_msgs/include/px4_msgs/px4_msgs/msg/detail/internal_combustion_engine_control__rosidl_typesupport_fastrtps_c.h\n'}
[0.832260] (px4_msgs) StdoutLine: {'line': b'-- Up-to-date: /home/nicolas/ws_ros2/install/px4_msgs/include/px4_msgs/px4_msgs/msg/detail/estimator_aid_source2d__rosidl_typesupport_fastrtps_c.h\n'}
[0.832294] (px4_msgs) StdoutLine: {'line': b'-- Up-to-date: /home/nicolas/ws_ros2/install/px4_msgs/include/px4_msgs/px4_msgs/msg/detail/sensor_gps__rosidl_typesupport_fastrtps_c.h\n'}
[0.832327] (px4_msgs) StdoutLine: {'line': b'-- Up-to-date: /home/nicolas/ws_ros2/install/px4_msgs/include/px4_msgs/px4_msgs/msg/detail/tune_control__rosidl_typesupport_fastrtps_c.h\n'}
[0.832360] (px4_msgs) StdoutLine: {'line': b'-- Up-to-date: /home/nicolas/ws_ros2/install/px4_msgs/include/px4_msgs/px4_msgs/msg/detail/autotune_attitude_control_status__rosidl_typesupport_fastrtps_c.h\n'}
[0.832394] (px4_msgs) StdoutLine: {'line': b'-- Up-to-date: /home/nicolas/ws_ros2/install/px4_msgs/include/px4_msgs/px4_msgs/msg/detail/rover_speed_setpoint__rosidl_typesupport_fastrtps_c.h\n'}
[0.832427] (px4_msgs) StdoutLine: {'line': b'-- Up-to-date: /home/nicolas/ws_ros2/install/px4_msgs/include/px4_msgs/px4_msgs/msg/detail/gps_inject_data__rosidl_typesupport_fastrtps_c.h\n'}
[0.832460] (px4_msgs) StdoutLine: {'line': b'-- Up-to-date: /home/nicolas/ws_ros2/install/px4_msgs/include/px4_msgs/px4_msgs/msg/detail/rover_position_setpoint__rosidl_typesupport_fastrtps_c.h\n'}
[0.832492] (px4_msgs) StdoutLine: {'line': b'-- Up-to-date: /home/nicolas/ws_ros2/install/px4_msgs/include/px4_msgs/px4_msgs/msg/detail/yaw_estimator_status__rosidl_typesupport_fastrtps_c.h\n'}
[0.832524] (px4_msgs) StdoutLine: {'line': b'-- Up-to-date: /home/nicolas/ws_ros2/install/px4_msgs/include/px4_msgs/px4_msgs/msg/detail/logger_status__rosidl_typesupport_fastrtps_c.h\n'}
[0.832557] (px4_msgs) StdoutLine: {'line': b'-- Up-to-date: /home/nicolas/ws_ros2/install/px4_msgs/include/px4_msgs/px4_msgs/msg/detail/sensor_gnss_status__rosidl_typesupport_fastrtps_c.h\n'}
[0.832589] (px4_msgs) StdoutLine: {'line': b'-- Up-to-date: /home/nicolas/ws_ros2/install/px4_msgs/include/px4_msgs/px4_msgs/msg/detail/input_rc__rosidl_typesupport_fastrtps_c.h\n'}
[0.832621] (px4_msgs) StdoutLine: {'line': b'-- Up-to-date: /home/nicolas/ws_ros2/install/px4_msgs/include/px4_msgs/px4_msgs/msg/detail/failsafe_flags__rosidl_typesupport_fastrtps_c.h\n'}
[0.832902] (px4_msgs) StdoutLine: {'line': b'-- Up-to-date: /home/nicolas/ws_ros2/install/px4_msgs/include/px4_msgs/px4_msgs/msg/detail/longitudinal_control_configuration__rosidl_typesupport_fastrtps_c.h\n'}
[0.832946] (px4_msgs) StdoutLine: {'line': b'-- Up-to-date: /home/nicolas/ws_ros2/install/px4_msgs/include/px4_msgs/px4_msgs/msg/detail/vehicle_attitude__rosidl_typesupport_fastrtps_c.h\n'}
[0.832983] (px4_msgs) StdoutLine: {'line': b'-- Up-to-date: /home/nicolas/ws_ros2/install/px4_msgs/include/px4_msgs/px4_msgs/msg/detail/estimator_bias__rosidl_typesupport_fastrtps_c.h\n'}
[0.833017] (px4_msgs) StdoutLine: {'line': b'-- Up-to-date: /home/nicolas/ws_ros2/install/px4_msgs/include/px4_msgs/px4_msgs/msg/detail/gimbal_controls__rosidl_typesupport_fastrtps_c.h\n'}
[0.833051] (px4_msgs) StdoutLine: {'line': b'-- Up-to-date: /home/nicolas/ws_ros2/install/px4_msgs/include/px4_msgs/px4_msgs/msg/detail/launch_detection_status__rosidl_typesupport_fastrtps_c.h\n'}
[0.833085] (px4_msgs) StdoutLine: {'line': b'-- Up-to-date: /home/nicolas/ws_ros2/install/px4_msgs/include/px4_msgs/px4_msgs/msg/detail/home_position__rosidl_typesupport_fastrtps_c.h\n'}
[0.833118] (px4_msgs) StdoutLine: {'line': b'-- Up-to-date: /home/nicolas/ws_ros2/install/px4_msgs/include/px4_msgs/px4_msgs/msg/detail/actuator_test__rosidl_typesupport_fastrtps_c.h\n'}
[0.833150] (px4_msgs) StdoutLine: {'line': b'-- Up-to-date: /home/nicolas/ws_ros2/install/px4_msgs/include/px4_msgs/px4_msgs/msg/detail/rc_channels__rosidl_typesupport_fastrtps_c.h\n'}
[0.833182] (px4_msgs) StdoutLine: {'line': b'-- Up-to-date: /home/nicolas/ws_ros2/install/px4_msgs/include/px4_msgs/px4_msgs/msg/detail/led_control__rosidl_typesupport_fastrtps_c.h\n'}
[0.833214] (px4_msgs) StdoutLine: {'line': b'-- Up-to-date: /home/nicolas/ws_ros2/install/px4_msgs/include/px4_msgs/px4_msgs/msg/detail/actuator_controls_status__rosidl_typesupport_fastrtps_c.h\n'}
[0.833245] (px4_msgs) StdoutLine: {'line': b'-- Up-to-date: /home/nicolas/ws_ros2/install/px4_msgs/include/px4_msgs/px4_msgs/msg/detail/estimator_gps_status__rosidl_typesupport_fastrtps_c.h\n'}
[0.833278] (px4_msgs) StdoutLine: {'line': b'-- Up-to-date: /home/nicolas/ws_ros2/install/px4_msgs/include/px4_msgs/px4_msgs/msg/detail/vehicle_roi__rosidl_typesupport_fastrtps_c.h\n'}
[0.833313] (px4_msgs) StdoutLine: {'line': b'-- Up-to-date: /home/nicolas/ws_ros2/install/px4_msgs/include/px4_msgs/px4_msgs/msg/detail/hover_thrust_estimate__rosidl_typesupport_fastrtps_c.h\n'}
[0.833347] (px4_msgs) StdoutLine: {'line': b'-- Up-to-date: /home/nicolas/ws_ros2/install/px4_msgs/include/px4_msgs/px4_msgs/msg/detail/estimator_states__rosidl_typesupport_fastrtps_c.h\n'}
[0.833380] (px4_msgs) StdoutLine: {'line': b'-- Up-to-date: /home/nicolas/ws_ros2/install/px4_msgs/include/px4_msgs/px4_msgs/msg/detail/tecs_status__rosidl_typesupport_fastrtps_c.h\n'}
[0.833413] (px4_msgs) StdoutLine: {'line': b'-- Up-to-date: /home/nicolas/ws_ros2/install/px4_msgs/include/px4_msgs/px4_msgs/msg/detail/lateral_control_configuration__rosidl_typesupport_fastrtps_c.h\n'}
[0.833446] (px4_msgs) StdoutLine: {'line': b'-- Up-to-date: /home/nicolas/ws_ros2/install/px4_msgs/include/px4_msgs/px4_msgs/msg/detail/parameter_set_used_request__rosidl_typesupport_fastrtps_c.h\n'}
[0.833478] (px4_msgs) StdoutLine: {'line': b'-- Up-to-date: /home/nicolas/ws_ros2/install/px4_msgs/include/px4_msgs/px4_msgs/msg/detail/position_controller_status__rosidl_typesupport_fastrtps_c.h\n'}
[0.833511] (px4_msgs) StdoutLine: {'line': b'-- Up-to-date: /home/nicolas/ws_ros2/install/px4_msgs/include/px4_msgs/px4_msgs/msg/detail/follow_target_status__rosidl_typesupport_fastrtps_c.h\n'}
[0.833543] (px4_msgs) StdoutLine: {'line': b'-- Up-to-date: /home/nicolas/ws_ros2/install/px4_msgs/include/px4_msgs/px4_msgs/msg/detail/landing_target_pose__rosidl_typesupport_fastrtps_c.h\n'}
[0.833576] (px4_msgs) StdoutLine: {'line': b'-- Up-to-date: /home/nicolas/ws_ros2/install/px4_msgs/include/px4_msgs/px4_msgs/msg/detail/uavcan_parameter_request__rosidl_typesupport_fastrtps_c.h\n'}
[0.833607] (px4_msgs) StdoutLine: {'line': b'-- Up-to-date: /home/nicolas/ws_ros2/install/px4_msgs/include/px4_msgs/px4_msgs/msg/detail/velocity_limits__rosidl_typesupport_fastrtps_c.h\n'}
[0.833638] (px4_msgs) StdoutLine: {'line': b'-- Up-to-date: /home/nicolas/ws_ros2/install/px4_msgs/include/px4_msgs/px4_msgs/msg/detail/generator_status__rosidl_typesupport_fastrtps_c.h\n'}
[0.833673] (px4_msgs) StdoutLine: {'line': b'-- Up-to-date: /home/nicolas/ws_ros2/install/px4_msgs/include/px4_msgs/px4_msgs/msg/detail/parameter_set_value_request__rosidl_typesupport_fastrtps_c.h\n'}
[0.833706] (px4_msgs) StdoutLine: {'line': b'-- Up-to-date: /home/nicolas/ws_ros2/install/px4_msgs/include/px4_msgs/px4_msgs/msg/detail/estimator_status_flags__rosidl_typesupport_fastrtps_c.h\n'}
[0.833737] (px4_msgs) StdoutLine: {'line': b'-- Up-to-date: /home/nicolas/ws_ros2/install/px4_msgs/include/px4_msgs/px4_msgs/msg/detail/button_event__rosidl_typesupport_fastrtps_c.h\n'}
[0.833770] (px4_msgs) StdoutLine: {'line': b'-- Up-to-date: /home/nicolas/ws_ros2/install/px4_msgs/include/px4_msgs/px4_msgs/msg/detail/goto_setpoint__rosidl_typesupport_fastrtps_c.h\n'}
[0.833804] (px4_msgs) StdoutLine: {'line': b'-- Up-to-date: /home/nicolas/ws_ros2/install/px4_msgs/include/px4_msgs/px4_msgs/msg/detail/estimator_bias3d__rosidl_typesupport_fastrtps_c.h\n'}
[0.833840] (px4_msgs) StdoutLine: {'line': b'-- Up-to-date: /home/nicolas/ws_ros2/install/px4_msgs/include/px4_msgs/px4_msgs/msg/detail/follow_target__rosidl_typesupport_fastrtps_c.h\n'}
[0.833872] (px4_msgs) StdoutLine: {'line': b'-- Up-to-date: /home/nicolas/ws_ros2/install/px4_msgs/include/px4_msgs/px4_msgs/msg/detail/trajectory_setpoint__rosidl_typesupport_fastrtps_c.h\n'}
[0.833904] (px4_msgs) StdoutLine: {'line': b'-- Up-to-date: /home/nicolas/ws_ros2/install/px4_msgs/include/px4_msgs/px4_msgs/msg/detail/vehicle_rates_setpoint__rosidl_typesupport_fastrtps_c.h\n'}
[0.833949] (px4_msgs) StdoutLine: {'line': b'-- Up-to-date: /home/nicolas/ws_ros2/install/px4_msgs/include/px4_msgs/px4_msgs/msg/detail/vehicle_command__rosidl_typesupport_fastrtps_c.h\n'}
[0.833981] (px4_msgs) StdoutLine: {'line': b'-- Up-to-date: /home/nicolas/ws_ros2/install/px4_msgs/include/px4_msgs/px4_msgs/msg/detail/satellite_info__rosidl_typesupport_fastrtps_c.h\n'}
[0.834012] (px4_msgs) StdoutLine: {'line': b'-- Up-to-date: /home/nicolas/ws_ros2/install/px4_msgs/include/px4_msgs/px4_msgs/msg/detail/figure_eight_status__rosidl_typesupport_fastrtps_c.h\n'}
[0.834044] (px4_msgs) StdoutLine: {'line': b'-- Up-to-date: /home/nicolas/ws_ros2/install/px4_msgs/include/px4_msgs/px4_msgs/msg/detail/sensor_gnss_relative__rosidl_typesupport_fastrtps_c.h\n'}
[0.834077] (px4_msgs) StdoutLine: {'line': b'-- Up-to-date: /home/nicolas/ws_ros2/install/px4_msgs/include/px4_msgs/px4_msgs/msg/detail/rc_parameter_map__rosidl_typesupport_fastrtps_c.h\n'}
[0.834109] (px4_msgs) StdoutLine: {'line': b'-- Up-to-date: /home/nicolas/ws_ros2/install/px4_msgs/include/px4_msgs/px4_msgs/msg/detail/qshell_req__rosidl_typesupport_fastrtps_c.h\n'}
[0.834141] (px4_msgs) StdoutLine: {'line': b'-- Up-to-date: /home/nicolas/ws_ros2/install/px4_msgs/include/px4_msgs/px4_msgs/msg/detail/vehicle_land_detected__rosidl_typesupport_fastrtps_c.h\n'}
[0.834172] (px4_msgs) StdoutLine: {'line': b'-- Up-to-date: /home/nicolas/ws_ros2/install/px4_msgs/include/px4_msgs/px4_msgs/msg/detail/vehicle_odometry__rosidl_typesupport_fastrtps_c.h\n'}
[0.834204] (px4_msgs) StdoutLine: {'line': b'-- Up-to-date: /home/nicolas/ws_ros2/install/px4_msgs/include/px4_msgs/px4_msgs/msg/detail/vehicle_local_position__rosidl_typesupport_fastrtps_c.h\n'}
[0.834235] (px4_msgs) StdoutLine: {'line': b'-- Up-to-date: /home/nicolas/ws_ros2/install/px4_msgs/include/px4_msgs/px4_msgs/msg/detail/failure_detector_status__rosidl_typesupport_fastrtps_c.h\n'}
[0.834266] (px4_msgs) StdoutLine: {'line': b'-- Up-to-date: /home/nicolas/ws_ros2/install/px4_msgs/include/px4_msgs/px4_msgs/msg/detail/adc_report__rosidl_typesupport_fastrtps_c.h\n'}
[0.834359] (px4_msgs) StdoutLine: {'line': b'-- Up-to-date: /home/nicolas/ws_ros2/install/px4_msgs/include/px4_msgs/px4_msgs/msg/detail/vehicle_status__rosidl_typesupport_fastrtps_c.h\n'}
[0.834393] (px4_msgs) StdoutLine: {'line': b'-- Up-to-date: /home/nicolas/ws_ros2/install/px4_msgs/include/px4_msgs/px4_msgs/msg/detail/manual_control_setpoint__rosidl_typesupport_fastrtps_c.h\n'}
[0.834513] (px4_msgs) StdoutLine: {'line': b'-- Up-to-date: /home/nicolas/ws_ros2/install/px4_msgs/include/px4_msgs/px4_msgs/msg/detail/control_allocator_status__rosidl_typesupport_fastrtps_c.h\n'}
[0.834548] (px4_msgs) StdoutLine: {'line': b'-- Up-to-date: /home/nicolas/ws_ros2/install/px4_msgs/include/px4_msgs/px4_msgs/msg/detail/debug_array__rosidl_typesupport_fastrtps_c.h\n'}
[0.834583] (px4_msgs) StdoutLine: {'line': b'-- Up-to-date: /home/nicolas/ws_ros2/install/px4_msgs/include/px4_msgs/px4_msgs/msg/detail/register_ext_component_request__rosidl_typesupport_fastrtps_c.h\n'}
[0.834617] (px4_msgs) StdoutLine: {'line': b'-- Up-to-date: /home/nicolas/ws_ros2/install/px4_msgs/include/px4_msgs/px4_msgs/msg/detail/vehicle_imu_status__rosidl_typesupport_fastrtps_c.h\n'}
[0.834649] (px4_msgs) StdoutLine: {'line': b'-- Up-to-date: /home/nicolas/ws_ros2/install/px4_msgs/include/px4_msgs/px4_msgs/msg/detail/uavcan_parameter_value__rosidl_typesupport_fastrtps_c.h\n'}
[0.834682] (px4_msgs) StdoutLine: {'line': b'-- Up-to-date: /home/nicolas/ws_ros2/install/px4_msgs/include/px4_msgs/px4_msgs/msg/detail/vehicle_constraints__rosidl_typesupport_fastrtps_c.h\n'}
[0.834714] (px4_msgs) StdoutLine: {'line': b'-- Up-to-date: /home/nicolas/ws_ros2/install/px4_msgs/include/px4_msgs/px4_msgs/msg/detail/ulog_stream__rosidl_typesupport_fastrtps_c.h\n'}
[0.834746] (px4_msgs) StdoutLine: {'line': b'-- Up-to-date: /home/nicolas/ws_ros2/install/px4_msgs/include/px4_msgs/px4_msgs/msg/detail/mount_orientation__rosidl_typesupport_fastrtps_c.h\n'}
[0.834777] (px4_msgs) StdoutLine: {'line': b'-- Up-to-date: /home/nicolas/ws_ros2/install/px4_msgs/include/px4_msgs/px4_msgs/msg/detail/open_drone_id_arm_status__rosidl_typesupport_fastrtps_c.h\n'}
[0.834809] (px4_msgs) StdoutLine: {'line': b'-- Up-to-date: /home/nicolas/ws_ros2/install/px4_msgs/include/px4_msgs/px4_msgs/msg/detail/ping__rosidl_typesupport_fastrtps_c.h\n'}
[0.834927] (px4_msgs) StdoutLine: {'line': b'-- Up-to-date: /home/nicolas/ws_ros2/install/px4_msgs/include/px4_msgs/px4_msgs/msg/detail/sensor_gyro_fft__rosidl_typesupport_fastrtps_c.h\n'}
[0.834963] (px4_msgs) StdoutLine: {'line': b'-- Up-to-date: /home/nicolas/ws_ros2/install/px4_msgs/include/px4_msgs/px4_msgs/msg/detail/actuator_servos_trim__rosidl_typesupport_fastrtps_c.h\n'}
[0.834996] (px4_msgs) StdoutLine: {'line': b'-- Up-to-date: /home/nicolas/ws_ros2/install/px4_msgs/include/px4_msgs/px4_msgs/msg/detail/takeoff_status__rosidl_typesupport_fastrtps_c.h\n'}
[0.835034] (px4_msgs) StdoutLine: {'line': b'-- Up-to-date: /home/nicolas/ws_ros2/install/px4_msgs/include/px4_msgs/px4_msgs/msg/detail/sensor_combined__rosidl_typesupport_fastrtps_c.h\n'}
[0.835067] (px4_msgs) StdoutLine: {'line': b'-- Up-to-date: /home/nicolas/ws_ros2/install/px4_msgs/include/px4_msgs/px4_msgs/msg/detail/neural_control__rosidl_typesupport_fastrtps_c.h\n'}
[0.835099] (px4_msgs) StdoutLine: {'line': b'-- Up-to-date: /home/nicolas/ws_ros2/install/px4_msgs/include/px4_msgs/px4_msgs/msg/detail/camera_status__rosidl_typesupport_fastrtps_c.h\n'}
[0.835132] (px4_msgs) StdoutLine: {'line': b'-- Up-to-date: /home/nicolas/ws_ros2/install/px4_msgs/include/px4_msgs/px4_msgs/msg/detail/px4io_status__rosidl_typesupport_fastrtps_c.h\n'}
[0.835164] (px4_msgs) StdoutLine: {'line': b'-- Up-to-date: /home/nicolas/ws_ros2/install/px4_msgs/include/px4_msgs/px4_msgs/msg/detail/pure_pursuit_status__rosidl_typesupport_fastrtps_c.h\n'}
[0.835196] (px4_msgs) StdoutLine: {'line': b'-- Up-to-date: /home/nicolas/ws_ros2/install/px4_msgs/include/px4_msgs/px4_msgs/msg/detail/magnetometer_bias_estimate__rosidl_typesupport_fastrtps_c.h\n'}
[0.835226] (px4_msgs) StdoutLine: {'line': b'-- Up-to-date: /home/nicolas/ws_ros2/install/px4_msgs/include/px4_msgs/px4_msgs/msg/detail/estimator_selector_status__rosidl_typesupport_fastrtps_c.h\n'}
[0.835258] (px4_msgs) StdoutLine: {'line': b'-- Up-to-date: /home/nicolas/ws_ros2/install/px4_msgs/include/px4_msgs/px4_msgs/msg/detail/gimbal_device_attitude_status__rosidl_typesupport_fastrtps_c.h\n'}
[0.835380] (px4_msgs) StdoutLine: {'line': b'-- Up-to-date: /home/nicolas/ws_ros2/install/px4_msgs/include/px4_msgs/px4_msgs/msg/detail/sensor_accel_fifo__rosidl_typesupport_fastrtps_c.h\n'}
[0.835414] (px4_msgs) StdoutLine: {'line': b'-- Up-to-date: /home/nicolas/ws_ros2/install/px4_msgs/include/px4_msgs/px4_msgs/msg/detail/navigator_mission_item__rosidl_typesupport_fastrtps_c.h\n'}
[0.835447] (px4_msgs) StdoutLine: {'line': b'-- Up-to-date: /home/nicolas/ws_ros2/install/px4_msgs/include/px4_msgs/px4_msgs/msg/detail/ekf2_timestamps__rosidl_typesupport_fastrtps_c.h\n'}
[0.835479] (px4_msgs) StdoutLine: {'line': b'-- Up-to-date: /home/nicolas/ws_ros2/install/px4_msgs/include/px4_msgs/px4_msgs/msg/detail/rover_attitude_setpoint__rosidl_typesupport_fastrtps_c.h\n'}
[0.835511] (px4_msgs) StdoutLine: {'line': b'-- Up-to-date: /home/nicolas/ws_ros2/install/px4_msgs/include/px4_msgs/px4_msgs/msg/detail/gimbal_manager_set_manual_control__rosidl_typesupport_fastrtps_c.h\n'}
[0.835542] (px4_msgs) StdoutLine: {'line': b'-- Up-to-date: /home/nicolas/ws_ros2/install/px4_msgs/include/px4_msgs/px4_msgs/msg/detail/orbit_status__rosidl_typesupport_fastrtps_c.h\n'}
[0.835574] (px4_msgs) StdoutLine: {'line': b'-- Up-to-date: /home/nicolas/ws_ros2/install/px4_msgs/include/px4_msgs/px4_msgs/msg/detail/actuator_outputs__rosidl_typesupport_fastrtps_c.h\n'}
[0.835606] (px4_msgs) StdoutLine: {'line': b'-- Up-to-date: /home/nicolas/ws_ros2/install/px4_msgs/include/px4_msgs/px4_msgs/msg/detail/internal_combustion_engine_status__rosidl_typesupport_fastrtps_c.h\n'}
[0.835638] (px4_msgs) StdoutLine: {'line': b'-- Up-to-date: /home/nicolas/ws_ros2/install/px4_msgs/include/px4_msgs/px4_msgs/msg/detail/vehicle_air_data__rosidl_typesupport_fastrtps_c.h\n'}
[0.835669] (px4_msgs) StdoutLine: {'line': b'-- Up-to-date: /home/nicolas/ws_ros2/install/px4_msgs/include/px4_msgs/px4_msgs/msg/detail/transponder_report__rosidl_typesupport_fastrtps_c.h\n'}
[0.835700] (px4_msgs) StdoutLine: {'line': b'-- Up-to-date: /home/nicolas/ws_ros2/install/px4_msgs/include/px4_msgs/px4_msgs/msg/detail/power_monitor__rosidl_typesupport_fastrtps_c.h\n'}
[0.835731] (px4_msgs) StdoutLine: {'line': b'-- Up-to-date: /home/nicolas/ws_ros2/install/px4_msgs/include/px4_msgs/px4_msgs/msg/detail/mission__rosidl_typesupport_fastrtps_c.h\n'}
[0.835762] (px4_msgs) StdoutLine: {'line': b'-- Up-to-date: /home/nicolas/ws_ros2/install/px4_msgs/include/px4_msgs/px4_msgs/msg/detail/estimator_aid_source3d__rosidl_typesupport_fastrtps_c.h\n'}
[0.835804] (px4_msgs) StdoutLine: {'line': b'-- Up-to-date: /home/nicolas/ws_ros2/install/px4_msgs/include/px4_msgs/px4_msgs/msg/detail/geofence_result__rosidl_typesupport_fastrtps_c.h\n'}
[0.835836] (px4_msgs) StdoutLine: {'line': b'-- Up-to-date: /home/nicolas/ws_ros2/install/px4_msgs/include/px4_msgs/px4_msgs/msg/detail/sensor_airflow__rosidl_typesupport_fastrtps_c.h\n'}
[0.835875] (px4_msgs) StdoutLine: {'line': b'-- Up-to-date: /home/nicolas/ws_ros2/install/px4_msgs/include/px4_msgs/px4_msgs/msg/detail/vehicle_imu__rosidl_typesupport_fastrtps_c.h\n'}
[0.835986] (px4_msgs) StdoutLine: {'line': b'-- Up-to-date: /home/nicolas/ws_ros2/install/px4_msgs/include/px4_msgs/px4_msgs/msg/detail/flight_phase_estimation__rosidl_typesupport_fastrtps_c.h\n'}
[0.836042] (px4_msgs) StdoutLine: {'line': b'-- Up-to-date: /home/nicolas/ws_ros2/install/px4_msgs/include/px4_msgs/px4_msgs/msg/detail/cellular_status__rosidl_typesupport_fastrtps_c.h\n'}
[0.836081] (px4_msgs) StdoutLine: {'line': b'-- Up-to-date: /home/nicolas/ws_ros2/install/px4_msgs/include/px4_msgs/px4_msgs/msg/detail/open_drone_id_self_id__rosidl_typesupport_fastrtps_c.h\n'}
[0.836127] (px4_msgs) StdoutLine: {'line': b'-- Up-to-date: /home/nicolas/ws_ros2/install/px4_msgs/include/px4_msgs/px4_msgs/msg/detail/mag_worker_data__rosidl_typesupport_fastrtps_c.h\n'}
[0.836172] (px4_msgs) StdoutLine: {'line': b'-- Up-to-date: /home/nicolas/ws_ros2/install/px4_msgs/include/px4_msgs/px4_msgs/msg/detail/orb_test__rosidl_typesupport_fastrtps_c.h\n'}
[0.836216] (px4_msgs) StdoutLine: {'line': b'-- Up-to-date: /home/nicolas/ws_ros2/install/px4_msgs/include/px4_msgs/px4_msgs/msg/detail/gimbal_manager_status__rosidl_typesupport_fastrtps_c.h\n'}
[0.836263] (px4_msgs) StdoutLine: {'line': b'-- Up-to-date: /home/nicolas/ws_ros2/install/px4_msgs/include/px4_msgs/px4_msgs/msg/detail/can_interface_status__rosidl_typesupport_fastrtps_c.h\n'}
[0.836295] (px4_msgs) StdoutLine: {'line': b'-- Up-to-date: /home/nicolas/ws_ros2/install/px4_msgs/include/px4_msgs/px4_msgs/msg/detail/manual_control_switches__rosidl_typesupport_fastrtps_c.h\n'}
[0.836325] (px4_msgs) StdoutLine: {'line': b'-- Up-to-date: /home/nicolas/ws_ros2/install/px4_msgs/include/px4_msgs/px4_msgs/msg/detail/rover_steering_setpoint__rosidl_typesupport_fastrtps_c.h\n'}
[0.836354] (px4_msgs) StdoutLine: {'line': b'-- Up-to-date: /home/nicolas/ws_ros2/install/px4_msgs/include/px4_msgs/px4_msgs/msg/detail/fuel_tank_status__rosidl_typesupport_fastrtps_c.h\n'}
[0.836384] (px4_msgs) StdoutLine: {'line': b'-- Up-to-date: /home/nicolas/ws_ros2/install/px4_msgs/include/px4_msgs/px4_msgs/msg/detail/navigator_status__rosidl_typesupport_fastrtps_c.h\n'}
[0.836413] (px4_msgs) StdoutLine: {'line': b'-- Up-to-date: /home/nicolas/ws_ros2/install/px4_msgs/include/px4_msgs/px4_msgs/msg/detail/vehicle_global_position__rosidl_typesupport_fastrtps_c.h\n'}
[0.836442] (px4_msgs) StdoutLine: {'line': b'-- Up-to-date: /home/nicolas/ws_ros2/install/px4_msgs/include/px4_msgs/px4_msgs/msg/detail/gpio_request__rosidl_typesupport_fastrtps_c.h\n'}
[0.836471] (px4_msgs) StdoutLine: {'line': b'-- Up-to-date: /home/nicolas/ws_ros2/install/px4_msgs/include/px4_msgs/px4_msgs/msg/detail/camera_capture__rosidl_typesupport_fastrtps_c.h\n'}
[0.836500] (px4_msgs) StdoutLine: {'line': b'-- Up-to-date: /home/nicolas/ws_ros2/install/px4_msgs/include/px4_msgs/px4_msgs/msg/detail/vehicle_local_position_setpoint__rosidl_typesupport_fastrtps_c.h\n'}
[0.836531] (px4_msgs) StdoutLine: {'line': b'-- Up-to-date: /home/nicolas/ws_ros2/install/px4_msgs/include/px4_msgs/px4_msgs/msg/detail/mission_result__rosidl_typesupport_fastrtps_c.h\n'}
[0.836562] (px4_msgs) StdoutLine: {'line': b'-- Up-to-date: /home/nicolas/ws_ros2/install/px4_msgs/include/px4_msgs/px4_msgs/msg/detail/position_setpoint__rosidl_typesupport_fastrtps_c.h\n'}
[0.836593] (px4_msgs) StdoutLine: {'line': b'-- Up-to-date: /home/nicolas/ws_ros2/install/px4_msgs/include/px4_msgs/px4_msgs/msg/detail/airspeed__rosidl_typesupport_fastrtps_c.h\n'}
[0.836623] (px4_msgs) StdoutLine: {'line': b'-- Up-to-date: /home/nicolas/ws_ros2/install/px4_msgs/include/px4_msgs/px4_msgs/msg/detail/normalized_unsigned_setpoint__rosidl_typesupport_fastrtps_c.h\n'}
[0.836653] (px4_msgs) StdoutLine: {'line': b'-- Up-to-date: /home/nicolas/ws_ros2/install/px4_msgs/include/px4_msgs/px4_msgs/msg/detail/actuator_servos__rosidl_typesupport_fastrtps_c.h\n'}
[0.836684] (px4_msgs) StdoutLine: {'line': b'-- Up-to-date: /home/nicolas/ws_ros2/install/px4_msgs/include/px4_msgs/px4_msgs/msg/detail/vehicle_thrust_setpoint__rosidl_typesupport_fastrtps_c.h\n'}
[0.836712] (px4_msgs) StdoutLine: {'line': b'-- Up-to-date: /home/nicolas/ws_ros2/install/px4_msgs/include/px4_msgs/px4_msgs/msg/detail/gimbal_device_set_attitude__rosidl_typesupport_fastrtps_c.h\n'}
[0.836741] (px4_msgs) StdoutLine: {'line': b'-- Up-to-date: /home/nicolas/ws_ros2/install/px4_msgs/include/px4_msgs/px4_msgs/msg/detail/sensors_status_imu__rosidl_typesupport_fastrtps_c.h\n'}
[0.836769] (px4_msgs) StdoutLine: {'line': b'-- Up-to-date: /home/nicolas/ws_ros2/install/px4_msgs/include/px4_msgs/px4_msgs/msg/detail/landing_gear__rosidl_typesupport_fastrtps_c.h\n'}
[0.836797] (px4_msgs) StdoutLine: {'line': b'-- Up-to-date: /home/nicolas/ws_ros2/install/px4_msgs/include/px4_msgs/px4_msgs/msg/detail/wind__rosidl_typesupport_fastrtps_c.h\n'}
[0.836825] (px4_msgs) StdoutLine: {'line': b'-- Up-to-date: /home/nicolas/ws_ros2/install/px4_msgs/include/px4_msgs/px4_msgs/msg/detail/parameter_reset_request__rosidl_typesupport_fastrtps_c.h\n'}
[0.836854] (px4_msgs) StdoutLine: {'line': b'-- Up-to-date: /home/nicolas/ws_ros2/install/px4_msgs/include/px4_msgs/px4_msgs/msg/detail/open_drone_id_operator_id__rosidl_typesupport_fastrtps_c.h\n'}
[0.836888] (px4_msgs) StdoutLine: {'line': b'-- Up-to-date: /home/nicolas/ws_ros2/install/px4_msgs/include/px4_msgs/px4_msgs/msg/detail/airspeed_wind__rosidl_typesupport_fastrtps_c.h\n'}
[0.836919] (px4_msgs) StdoutLine: {'line': b'-- Up-to-date: /home/nicolas/ws_ros2/install/px4_msgs/include/px4_msgs/px4_msgs/msg/detail/sensor_gyro__rosidl_typesupport_fastrtps_c.h\n'}
[0.836953] (px4_msgs) StdoutLine: {'line': b'-- Up-to-date: /home/nicolas/ws_ros2/install/px4_msgs/include/px4_msgs/px4_msgs/msg/detail/sensor_preflight_mag__rosidl_typesupport_fastrtps_c.h\n'}
[0.836982] (px4_msgs) StdoutLine: {'line': b'-- Up-to-date: /home/nicolas/ws_ros2/install/px4_msgs/include/px4_msgs/px4_msgs/msg/detail/sensor_gyro_fifo__rosidl_typesupport_fastrtps_c.h\n'}
[0.837010] (px4_msgs) StdoutLine: {'line': b'-- Up-to-date: /home/nicolas/ws_ros2/install/px4_msgs/include/px4_msgs/px4_msgs/msg/detail/config_overrides__rosidl_typesupport_fastrtps_c.h\n'}
[0.837039] (px4_msgs) StdoutLine: {'line': b'-- Up-to-date: /home/nicolas/ws_ros2/install/px4_msgs/include/px4_msgs/px4_msgs/msg/detail/telemetry_status__rosidl_typesupport_fastrtps_c.h\n'}
[0.837072] (px4_msgs) StdoutLine: {'line': b'-- Up-to-date: /home/nicolas/ws_ros2/install/px4_msgs/include/px4_msgs/px4_msgs/msg/detail/task_stack_info__rosidl_typesupport_fastrtps_c.h\n'}
[0.837100] (px4_msgs) StdoutLine: {'line': b'-- Up-to-date: /home/nicolas/ws_ros2/install/px4_msgs/include/px4_msgs/px4_msgs/msg/detail/message_format_request__rosidl_typesupport_fastrtps_c.h\n'}
[0.837129] (px4_msgs) StdoutLine: {'line': b'-- Up-to-date: /home/nicolas/ws_ros2/install/px4_msgs/include/px4_msgs/px4_msgs/msg/detail/rover_rate_setpoint__rosidl_typesupport_fastrtps_c.h\n'}
[0.837157] (px4_msgs) StdoutLine: {'line': b'-- Up-to-date: /home/nicolas/ws_ros2/install/px4_msgs/include/px4_msgs/px4_msgs/msg/detail/sensor_selection__rosidl_typesupport_fastrtps_c.h\n'}
[0.837185] (px4_msgs) StdoutLine: {'line': b'-- Up-to-date: /home/nicolas/ws_ros2/install/px4_msgs/include/px4_msgs/px4_msgs/msg/detail/sensor_hygrometer__rosidl_typesupport_fastrtps_c.h\n'}
[0.837213] (px4_msgs) StdoutLine: {'line': b'-- Up-to-date: /home/nicolas/ws_ros2/install/px4_msgs/include/px4_msgs/px4_msgs/msg/detail/differential_pressure__rosidl_typesupport_fastrtps_c.h\n'}
[0.837241] (px4_msgs) StdoutLine: {'line': b'-- Up-to-date: /home/nicolas/ws_ros2/install/px4_msgs/include/px4_msgs/px4_msgs/msg/detail/system_power__rosidl_typesupport_fastrtps_c.h\n'}
[0.837269] (px4_msgs) StdoutLine: {'line': b'-- Up-to-date: /home/nicolas/ws_ros2/install/px4_msgs/include/px4_msgs/px4_msgs/msg/detail/orb_test_large__rosidl_typesupport_fastrtps_c.h\n'}
[0.837297] (px4_msgs) StdoutLine: {'line': b'-- Up-to-date: /home/nicolas/ws_ros2/install/px4_msgs/include/px4_msgs/px4_msgs/msg/detail/rtl_time_estimate__rosidl_typesupport_fastrtps_c.h\n'}
[0.837326] (px4_msgs) StdoutLine: {'line': b'-- Up-to-date: /home/nicolas/ws_ros2/install/px4_msgs/include/px4_msgs/px4_msgs/msg/detail/qshell_retval__rosidl_typesupport_fastrtps_c.h\n'}
[0.837354] (px4_msgs) StdoutLine: {'line': b'-- Up-to-date: /home/nicolas/ws_ros2/install/px4_msgs/include/px4_msgs/px4_msgs/msg/detail/orb_test_medium__rosidl_typesupport_fastrtps_c.h\n'}
[0.837382] (px4_msgs) StdoutLine: {'line': b'-- Up-to-date: /home/nicolas/ws_ros2/install/px4_msgs/include/px4_msgs/px4_msgs/msg/detail/vehicle_magnetometer__rosidl_typesupport_fastrtps_c.h\n'}
[0.837412] (px4_msgs) StdoutLine: {'line': b'-- Up-to-date: /home/nicolas/ws_ros2/install/px4_msgs/include/px4_msgs/px4_msgs/msg/detail/fixed_wing_lateral_guidance_status__rosidl_typesupport_fastrtps_c.h\n'}
[0.837441] (px4_msgs) StdoutLine: {'line': b'-- Up-to-date: /home/nicolas/ws_ros2/install/px4_msgs/include/px4_msgs/px4_msgs/msg/detail/message_format_response__rosidl_typesupport_fastrtps_c.h\n'}
[0.837469] (px4_msgs) StdoutLine: {'line': b'-- Up-to-date: /home/nicolas/ws_ros2/install/px4_msgs/include/px4_msgs/px4_msgs/msg/detail/rover_attitude_status__rosidl_typesupport_fastrtps_c.h\n'}
[0.837500] (px4_msgs) StdoutLine: {'line': b'-- Up-to-date: /home/nicolas/ws_ros2/install/px4_msgs/include/px4_msgs/px4_msgs/msg/detail/mavlink_log__rosidl_typesupport_fastrtps_c.h\n'}
[0.837528] (px4_msgs) StdoutLine: {'line': b'-- Up-to-date: /home/nicolas/ws_ros2/install/px4_msgs/include/px4_msgs/px4_msgs/msg/detail/vehicle_attitude_setpoint__rosidl_typesupport_fastrtps_c.h\n'}
[0.837556] (px4_msgs) StdoutLine: {'line': b'-- Up-to-date: /home/nicolas/ws_ros2/install/px4_msgs/include/px4_msgs/px4_msgs/msg/detail/collision_constraints__rosidl_typesupport_fastrtps_c.h\n'}
[0.837585] (px4_msgs) StdoutLine: {'line': b'-- Up-to-date: /home/nicolas/ws_ros2/install/px4_msgs/include/px4_msgs/px4_msgs/msg/detail/gripper__rosidl_typesupport_fastrtps_c.h\n'}
[0.837613] (px4_msgs) StdoutLine: {'line': b'-- Up-to-date: /home/nicolas/ws_ros2/install/px4_msgs/include/px4_msgs/px4_msgs/msg/detail/debug_value__rosidl_typesupport_fastrtps_c.h\n'}
[0.837641] (px4_msgs) StdoutLine: {'line': b'-- Up-to-date: /home/nicolas/ws_ros2/install/px4_msgs/include/px4_msgs/px4_msgs/msg/detail/landing_gear_wheel__rosidl_typesupport_fastrtps_c.h\n'}
[0.837673] (px4_msgs) StdoutLine: {'line': b'-- Up-to-date: /home/nicolas/ws_ros2/install/px4_msgs/include/px4_msgs/px4_msgs/msg/detail/fixed_wing_runway_control__rosidl_typesupport_fastrtps_c.h\n'}
[0.837701] (px4_msgs) StdoutLine: {'line': b'-- Up-to-date: /home/nicolas/ws_ros2/install/px4_msgs/include/px4_msgs/px4_msgs/msg/detail/fixed_wing_lateral_setpoint__rosidl_typesupport_fastrtps_c.h\n'}
[0.837730] (px4_msgs) StdoutLine: {'line': b'-- Up-to-date: /home/nicolas/ws_ros2/install/px4_msgs/include/px4_msgs/px4_msgs/msg/detail/actuator_armed__rosidl_typesupport_fastrtps_c.h\n'}
[0.837758] (px4_msgs) StdoutLine: {'line': b'-- Up-to-date: /home/nicolas/ws_ros2/install/px4_msgs/include/px4_msgs/px4_msgs/msg/detail/gpio_in__rosidl_typesupport_fastrtps_c.h\n'}
[0.837786] (px4_msgs) StdoutLine: {'line': b'-- Up-to-date: /home/nicolas/ws_ros2/install/px4_msgs/include/px4_msgs/px4_msgs/msg/detail/iridiumsbd_status__rosidl_typesupport_fastrtps_c.h\n'}
[0.837814] (px4_msgs) StdoutLine: {'line': b'-- Up-to-date: /home/nicolas/ws_ros2/install/px4_msgs/include/px4_msgs/px4_msgs/msg/detail/fixed_wing_longitudinal_setpoint__rosidl_typesupport_fastrtps_c.h\n'}
[0.837842] (px4_msgs) StdoutLine: {'line': b'-- Up-to-date: /home/nicolas/ws_ros2/install/px4_msgs/include/px4_msgs/px4_msgs/msg/detail/debug_vect__rosidl_typesupport_fastrtps_c.h\n'}
[0.837871] (px4_msgs) StdoutLine: {'line': b'-- Up-to-date: /home/nicolas/ws_ros2/install/px4_msgs/include/px4_msgs/px4_msgs/msg/detail/parameter_update__rosidl_typesupport_fastrtps_c.h\n'}
[0.837904] (px4_msgs) StdoutLine: {'line': b'-- Up-to-date: /home/nicolas/ws_ros2/install/px4_msgs/include/px4_msgs/px4_msgs/msg/detail/geofence_status__rosidl_typesupport_fastrtps_c.h\n'}
[0.837937] (px4_msgs) StdoutLine: {'line': b'-- Up-to-date: /home/nicolas/ws_ros2/install/px4_msgs/include/px4_msgs/px4_msgs/msg/detail/esc_status__rosidl_typesupport_fastrtps_c.h\n'}
[0.837966] (px4_msgs) StdoutLine: {'line': b'-- Up-to-date: /home/nicolas/ws_ros2/install/px4_msgs/include/px4_msgs/px4_msgs/msg/detail/gps_dump__rosidl_typesupport_fastrtps_c.h\n'}
[0.837994] (px4_msgs) StdoutLine: {'line': b'-- Up-to-date: /home/nicolas/ws_ros2/install/px4_msgs/include/px4_msgs/px4_msgs/msg/detail/vehicle_optical_flow_vel__rosidl_typesupport_fastrtps_c.h\n'}
[0.838023] (px4_msgs) StdoutLine: {'line': b'-- Up-to-date: /home/nicolas/ws_ros2/install/px4_msgs/include/px4_msgs/px4_msgs/msg/detail/cpuload__rosidl_typesupport_fastrtps_c.h\n'}
[0.838051] (px4_msgs) StdoutLine: {'line': b'-- Up-to-date: /home/nicolas/ws_ros2/install/px4_msgs/include/px4_msgs/px4_msgs/msg/detail/position_setpoint_triplet__rosidl_typesupport_fastrtps_c.h\n'}
[0.838080] (px4_msgs) StdoutLine: {'line': b'-- Up-to-date: /home/nicolas/ws_ros2/install/px4_msgs/include/px4_msgs/px4_msgs/msg/rosidl_typesupport_fastrtps_c__visibility_control.h\n'}
[0.838109] (px4_msgs) StdoutLine: {'line': b'-- Up-to-date: /home/nicolas/ws_ros2/install/px4_msgs/lib/libpx4_msgs__rosidl_typesupport_fastrtps_c.so\n'}
[0.838140] (px4_msgs) StdoutLine: {'line': b'-- Up-to-date: /home/nicolas/ws_ros2/install/px4_msgs/include/px4_msgs/px4_msgs\n'}
[0.838169] (px4_msgs) StdoutLine: {'line': b'-- Up-to-date: /home/nicolas/ws_ros2/install/px4_msgs/include/px4_msgs/px4_msgs/srv\n'}
[0.838198] (px4_msgs) StdoutLine: {'line': b'-- Up-to-date: /home/nicolas/ws_ros2/install/px4_msgs/include/px4_msgs/px4_msgs/srv/detail\n'}
[0.838227] (px4_msgs) StdoutLine: {'line': b'-- Up-to-date: /home/nicolas/ws_ros2/install/px4_msgs/include/px4_msgs/px4_msgs/srv/detail/vehicle_command__traits.hpp\n'}
[0.838256] (px4_msgs) StdoutLine: {'line': b'-- Up-to-date: /home/nicolas/ws_ros2/install/px4_msgs/include/px4_msgs/px4_msgs/srv/detail/vehicle_command__type_support.hpp\n'}
[0.838285] (px4_msgs) StdoutLine: {'line': b'-- Up-to-date: /home/nicolas/ws_ros2/install/px4_msgs/include/px4_msgs/px4_msgs/srv/detail/vehicle_command__struct.hpp\n'}
[0.838313] (px4_msgs) StdoutLine: {'line': b'-- Up-to-date: /home/nicolas/ws_ros2/install/px4_msgs/include/px4_msgs/px4_msgs/srv/detail/vehicle_command__builder.hpp\n'}
[0.838343] (px4_msgs) StdoutLine: {'line': b'-- Up-to-date: /home/nicolas/ws_ros2/install/px4_msgs/include/px4_msgs/px4_msgs/srv/vehicle_command.hpp\n'}
[0.838371] (px4_msgs) StdoutLine: {'line': b'-- Up-to-date: /home/nicolas/ws_ros2/install/px4_msgs/include/px4_msgs/px4_msgs/msg\n'}
[0.838400] (px4_msgs) StdoutLine: {'line': b'-- Up-to-date: /home/nicolas/ws_ros2/install/px4_msgs/include/px4_msgs/px4_msgs/msg/internal_combustion_engine_control.hpp\n'}
[0.838429] (px4_msgs) StdoutLine: {'line': b'-- Up-to-date: /home/nicolas/ws_ros2/install/px4_msgs/include/px4_msgs/px4_msgs/msg/vehicle_global_position.hpp\n'}
[0.838457] (px4_msgs) StdoutLine: {'line': b'-- Up-to-date: /home/nicolas/ws_ros2/install/px4_msgs/include/px4_msgs/px4_msgs/msg/debug_vect.hpp\n'}
[0.838485] (px4_msgs) StdoutLine: {'line': b'-- Up-to-date: /home/nicolas/ws_ros2/install/px4_msgs/include/px4_msgs/px4_msgs/msg/figure_eight_status.hpp\n'}
[0.838513] (px4_msgs) StdoutLine: {'line': b'-- Up-to-date: /home/nicolas/ws_ros2/install/px4_msgs/include/px4_msgs/px4_msgs/msg/yaw_estimator_status.hpp\n'}
[0.838542] (px4_msgs) StdoutLine: {'line': b'-- Up-to-date: /home/nicolas/ws_ros2/install/px4_msgs/include/px4_msgs/px4_msgs/msg/landing_target_pose.hpp\n'}
[0.838572] (px4_msgs) StdoutLine: {'line': b'-- Up-to-date: /home/nicolas/ws_ros2/install/px4_msgs/include/px4_msgs/px4_msgs/msg/autotune_attitude_control_status.hpp\n'}
[0.838601] (px4_msgs) StdoutLine: {'line': b'-- Up-to-date: /home/nicolas/ws_ros2/install/px4_msgs/include/px4_msgs/px4_msgs/msg/rover_throttle_setpoint.hpp\n'}
[0.838628] (px4_msgs) StdoutLine: {'line': b'-- Up-to-date: /home/nicolas/ws_ros2/install/px4_msgs/include/px4_msgs/px4_msgs/msg/sensor_hygrometer.hpp\n'}
[0.838657] (px4_msgs) StdoutLine: {'line': b'-- Up-to-date: /home/nicolas/ws_ros2/install/px4_msgs/include/px4_msgs/px4_msgs/msg/airspeed.hpp\n'}
[0.838686] (px4_msgs) StdoutLine: {'line': b'-- Up-to-date: /home/nicolas/ws_ros2/install/px4_msgs/include/px4_msgs/px4_msgs/msg/longitudinal_control_configuration.hpp\n'}
[0.838714] (px4_msgs) StdoutLine: {'line': b'-- Up-to-date: /home/nicolas/ws_ros2/install/px4_msgs/include/px4_msgs/px4_msgs/msg/log_message.hpp\n'}
[0.838742] (px4_msgs) StdoutLine: {'line': b'-- Up-to-date: /home/nicolas/ws_ros2/install/px4_msgs/include/px4_msgs/px4_msgs/msg/cellular_status.hpp\n'}
[0.838770] (px4_msgs) StdoutLine: {'line': b'-- Up-to-date: /home/nicolas/ws_ros2/install/px4_msgs/include/px4_msgs/px4_msgs/msg/sensor_gnss_relative.hpp\n'}
[0.838799] (px4_msgs) StdoutLine: {'line': b'-- Up-to-date: /home/nicolas/ws_ros2/install/px4_msgs/include/px4_msgs/px4_msgs/msg/vehicle_attitude.hpp\n'}
[0.838826] (px4_msgs) StdoutLine: {'line': b'-- Up-to-date: /home/nicolas/ws_ros2/install/px4_msgs/include/px4_msgs/px4_msgs/msg/telemetry_status.hpp\n'}
[0.838854] (px4_msgs) StdoutLine: {'line': b'-- Up-to-date: /home/nicolas/ws_ros2/install/px4_msgs/include/px4_msgs/px4_msgs/msg/obstacle_distance.hpp\n'}
[0.838892] (px4_msgs) StdoutLine: {'line': b'-- Up-to-date: /home/nicolas/ws_ros2/install/px4_msgs/include/px4_msgs/px4_msgs/msg/register_ext_component_reply.hpp\n'}
[0.838922] (px4_msgs) StdoutLine: {'line': b'-- Up-to-date: /home/nicolas/ws_ros2/install/px4_msgs/include/px4_msgs/px4_msgs/msg/system_power.hpp\n'}
[0.838958] (px4_msgs) StdoutLine: {'line': b'-- Up-to-date: /home/nicolas/ws_ros2/install/px4_msgs/include/px4_msgs/px4_msgs/msg/debug_key_value.hpp\n'}
[0.838986] (px4_msgs) StdoutLine: {'line': b'-- Up-to-date: /home/nicolas/ws_ros2/install/px4_msgs/include/px4_msgs/px4_msgs/msg/actuator_outputs.hpp\n'}
[0.839014] (px4_msgs) StdoutLine: {'line': b'-- Up-to-date: /home/nicolas/ws_ros2/install/px4_msgs/include/px4_msgs/px4_msgs/msg/follow_target_estimator.hpp\n'}
[0.839041] (px4_msgs) StdoutLine: {'line': b'-- Up-to-date: /home/nicolas/ws_ros2/install/px4_msgs/include/px4_msgs/px4_msgs/msg/open_drone_id_arm_status.hpp\n'}
[0.839069] (px4_msgs) StdoutLine: {'line': b'-- Up-to-date: /home/nicolas/ws_ros2/install/px4_msgs/include/px4_msgs/px4_msgs/msg/offboard_control_mode.hpp\n'}
[0.839097] (px4_msgs) StdoutLine: {'line': b'-- Up-to-date: /home/nicolas/ws_ros2/install/px4_msgs/include/px4_msgs/px4_msgs/msg/landing_target_innovations.hpp\n'}
[0.839126] (px4_msgs) StdoutLine: {'line': b'-- Up-to-date: /home/nicolas/ws_ros2/install/px4_msgs/include/px4_msgs/px4_msgs/msg/rover_steering_setpoint.hpp\n'}
[0.839154] (px4_msgs) StdoutLine: {'line': b'-- Up-to-date: /home/nicolas/ws_ros2/install/px4_msgs/include/px4_msgs/px4_msgs/msg/neural_control.hpp\n'}
[0.839182] (px4_msgs) StdoutLine: {'line': b'-- Up-to-date: /home/nicolas/ws_ros2/install/px4_msgs/include/px4_msgs/px4_msgs/msg/parameter_update.hpp\n'}
[0.839209] (px4_msgs) StdoutLine: {'line': b'-- Up-to-date: /home/nicolas/ws_ros2/install/px4_msgs/include/px4_msgs/px4_msgs/msg/mavlink_log.hpp\n'}
[0.839237] (px4_msgs) StdoutLine: {'line': b'-- Up-to-date: /home/nicolas/ws_ros2/install/px4_msgs/include/px4_msgs/px4_msgs/msg/pure_pursuit_status.hpp\n'}
[0.839268] (px4_msgs) StdoutLine: {'line': b'-- Up-to-date: /home/nicolas/ws_ros2/install/px4_msgs/include/px4_msgs/px4_msgs/msg/vehicle_command_ack.hpp\n'}
[0.839295] (px4_msgs) StdoutLine: {'line': b'-- Up-to-date: /home/nicolas/ws_ros2/install/px4_msgs/include/px4_msgs/px4_msgs/msg/sensors_status_imu.hpp\n'}
[0.839324] (px4_msgs) StdoutLine: {'line': b'-- Up-to-date: /home/nicolas/ws_ros2/install/px4_msgs/include/px4_msgs/px4_msgs/msg/orbit_status.hpp\n'}
[0.839353] (px4_msgs) StdoutLine: {'line': b'-- Up-to-date: /home/nicolas/ws_ros2/install/px4_msgs/include/px4_msgs/px4_msgs/msg/home_position.hpp\n'}
[0.839381] (px4_msgs) StdoutLine: {'line': b'-- Up-to-date: /home/nicolas/ws_ros2/install/px4_msgs/include/px4_msgs/px4_msgs/msg/internal_combustion_engine_status.hpp\n'}
[0.839409] (px4_msgs) StdoutLine: {'line': b'-- Up-to-date: /home/nicolas/ws_ros2/install/px4_msgs/include/px4_msgs/px4_msgs/msg/estimator_innovations.hpp\n'}
[0.839437] (px4_msgs) StdoutLine: {'line': b'-- Up-to-date: /home/nicolas/ws_ros2/install/px4_msgs/include/px4_msgs/px4_msgs/msg/led_control.hpp\n'}
[0.839466] (px4_msgs) StdoutLine: {'line': b'-- Up-to-date: /home/nicolas/ws_ros2/install/px4_msgs/include/px4_msgs/px4_msgs/msg/sensor_preflight_mag.hpp\n'}
[0.839494] (px4_msgs) StdoutLine: {'line': b'-- Up-to-date: /home/nicolas/ws_ros2/install/px4_msgs/include/px4_msgs/px4_msgs/msg/debug_value.hpp\n'}
[0.839523] (px4_msgs) StdoutLine: {'line': b'-- Up-to-date: /home/nicolas/ws_ros2/install/px4_msgs/include/px4_msgs/px4_msgs/msg/fuel_tank_status.hpp\n'}
[0.839551] (px4_msgs) StdoutLine: {'line': b'-- Up-to-date: /home/nicolas/ws_ros2/install/px4_msgs/include/px4_msgs/px4_msgs/msg/gimbal_manager_information.hpp\n'}
[0.839583] (px4_msgs) StdoutLine: {'line': b'-- Up-to-date: /home/nicolas/ws_ros2/install/px4_msgs/include/px4_msgs/px4_msgs/msg/task_stack_info.hpp\n'}
[0.839611] (px4_msgs) StdoutLine: {'line': b'-- Up-to-date: /home/nicolas/ws_ros2/install/px4_msgs/include/px4_msgs/px4_msgs/msg/parameter_set_value_request.hpp\n'}
[0.839639] (px4_msgs) StdoutLine: {'line': b'-- Up-to-date: /home/nicolas/ws_ros2/install/px4_msgs/include/px4_msgs/px4_msgs/msg/manual_control_setpoint.hpp\n'}
[0.839669] (px4_msgs) StdoutLine: {'line': b'-- Up-to-date: /home/nicolas/ws_ros2/install/px4_msgs/include/px4_msgs/px4_msgs/msg/action_request.hpp\n'}
[0.839697] (px4_msgs) StdoutLine: {'line': b'-- Up-to-date: /home/nicolas/ws_ros2/install/px4_msgs/include/px4_msgs/px4_msgs/msg/rover_rate_setpoint.hpp\n'}
[0.839726] (px4_msgs) StdoutLine: {'line': b'-- Up-to-date: /home/nicolas/ws_ros2/install/px4_msgs/include/px4_msgs/px4_msgs/msg/orb_test_large.hpp\n'}
[0.839754] (px4_msgs) StdoutLine: {'line': b'-- Up-to-date: /home/nicolas/ws_ros2/install/px4_msgs/include/px4_msgs/px4_msgs/msg/airspeed_wind.hpp\n'}
[0.839782] (px4_msgs) StdoutLine: {'line': b'-- Up-to-date: /home/nicolas/ws_ros2/install/px4_msgs/include/px4_msgs/px4_msgs/msg/vehicle_imu.hpp\n'}
[0.839809] (px4_msgs) StdoutLine: {'line': b'-- Up-to-date: /home/nicolas/ws_ros2/install/px4_msgs/include/px4_msgs/px4_msgs/msg/sensor_gps.hpp\n'}
[0.839837] (px4_msgs) StdoutLine: {'line': b'-- Up-to-date: /home/nicolas/ws_ros2/install/px4_msgs/include/px4_msgs/px4_msgs/msg/rtl_time_estimate.hpp\n'}
[0.839865] (px4_msgs) StdoutLine: {'line': b'-- Up-to-date: /home/nicolas/ws_ros2/install/px4_msgs/include/px4_msgs/px4_msgs/msg/velocity_limits.hpp\n'}
[0.839894] (px4_msgs) StdoutLine: {'line': b'-- Up-to-date: /home/nicolas/ws_ros2/install/px4_msgs/include/px4_msgs/px4_msgs/msg/vehicle_magnetometer.hpp\n'}
[0.839926] (px4_msgs) StdoutLine: {'line': b'-- Up-to-date: /home/nicolas/ws_ros2/install/px4_msgs/include/px4_msgs/px4_msgs/msg/follow_target.hpp\n'}
[0.839957] (px4_msgs) StdoutLine: {'line': b'-- Up-to-date: /home/nicolas/ws_ros2/install/px4_msgs/include/px4_msgs/px4_msgs/msg/camera_trigger.hpp\n'}
[0.839985] (px4_msgs) StdoutLine: {'line': b'-- Up-to-date: /home/nicolas/ws_ros2/install/px4_msgs/include/px4_msgs/px4_msgs/msg/gpio_in.hpp\n'}
[0.840014] (px4_msgs) StdoutLine: {'line': b'-- Up-to-date: /home/nicolas/ws_ros2/install/px4_msgs/include/px4_msgs/px4_msgs/msg/tiltrotor_extra_controls.hpp\n'}
[0.840043] (px4_msgs) StdoutLine: {'line': b'-- Up-to-date: /home/nicolas/ws_ros2/install/px4_msgs/include/px4_msgs/px4_msgs/msg/input_rc.hpp\n'}
[0.840076] (px4_msgs) StdoutLine: {'line': b'-- Up-to-date: /home/nicolas/ws_ros2/install/px4_msgs/include/px4_msgs/px4_msgs/msg/gimbal_device_information.hpp\n'}
[0.840105] (px4_msgs) StdoutLine: {'line': b'-- Up-to-date: /home/nicolas/ws_ros2/install/px4_msgs/include/px4_msgs/px4_msgs/msg/position_setpoint_triplet.hpp\n'}
[0.840133] (px4_msgs) StdoutLine: {'line': b'-- Up-to-date: /home/nicolas/ws_ros2/install/px4_msgs/include/px4_msgs/px4_msgs/msg/rover_rate_status.hpp\n'}
[0.840161] (px4_msgs) StdoutLine: {'line': b'-- Up-to-date: /home/nicolas/ws_ros2/install/px4_msgs/include/px4_msgs/px4_msgs/msg/gps_dump.hpp\n'}
[0.840190] (px4_msgs) StdoutLine: {'line': b'-- Up-to-date: /home/nicolas/ws_ros2/install/px4_msgs/include/px4_msgs/px4_msgs/msg/gripper.hpp\n'}
[0.840219] (px4_msgs) StdoutLine: {'line': b'-- Up-to-date: /home/nicolas/ws_ros2/install/px4_msgs/include/px4_msgs/px4_msgs/msg/gimbal_manager_set_attitude.hpp\n'}
[0.840247] (px4_msgs) StdoutLine: {'line': b'-- Up-to-date: /home/nicolas/ws_ros2/install/px4_msgs/include/px4_msgs/px4_msgs/msg/vehicle_thrust_setpoint.hpp\n'}
[0.840276] (px4_msgs) StdoutLine: {'line': b'-- Up-to-date: /home/nicolas/ws_ros2/install/px4_msgs/include/px4_msgs/px4_msgs/msg/distance_sensor.hpp\n'}
[0.840304] (px4_msgs) StdoutLine: {'line': b'-- Up-to-date: /home/nicolas/ws_ros2/install/px4_msgs/include/px4_msgs/px4_msgs/msg/airspeed_validated.hpp\n'}
[0.840332] (px4_msgs) StdoutLine: {'line': b'-- Up-to-date: /home/nicolas/ws_ros2/install/px4_msgs/include/px4_msgs/px4_msgs/msg/fixed_wing_runway_control.hpp\n'}
[0.840361] (px4_msgs) StdoutLine: {'line': b'-- Up-to-date: /home/nicolas/ws_ros2/install/px4_msgs/include/px4_msgs/px4_msgs/msg/detail\n'}
[0.840389] (px4_msgs) StdoutLine: {'line': b'-- Up-to-date: /home/nicolas/ws_ros2/install/px4_msgs/include/px4_msgs/px4_msgs/msg/detail/airspeed__struct.hpp\n'}
[0.840420] (px4_msgs) StdoutLine: {'line': b'-- Up-to-date: /home/nicolas/ws_ros2/install/px4_msgs/include/px4_msgs/px4_msgs/msg/detail/gpio_config__traits.hpp\n'}
[0.840450] (px4_msgs) StdoutLine: {'line': b'-- Up-to-date: /home/nicolas/ws_ros2/install/px4_msgs/include/px4_msgs/px4_msgs/msg/detail/vehicle_roi__struct.hpp\n'}
[0.840480] (px4_msgs) StdoutLine: {'line': b'-- Up-to-date: /home/nicolas/ws_ros2/install/px4_msgs/include/px4_msgs/px4_msgs/msg/detail/sensors_status_imu__struct.hpp\n'}
[0.840510] (px4_msgs) StdoutLine: {'line': b'-- Up-to-date: /home/nicolas/ws_ros2/install/px4_msgs/include/px4_msgs/px4_msgs/msg/detail/airspeed_wind__type_support.hpp\n'}
[0.840539] (px4_msgs) StdoutLine: {'line': b'-- Up-to-date: /home/nicolas/ws_ros2/install/px4_msgs/include/px4_msgs/px4_msgs/msg/detail/heater_status__traits.hpp\n'}
[0.840568] (px4_msgs) StdoutLine: {'line': b'-- Up-to-date: /home/nicolas/ws_ros2/install/px4_msgs/include/px4_msgs/px4_msgs/msg/detail/rover_steering_setpoint__traits.hpp\n'}
[0.840600] (px4_msgs) StdoutLine: {'line': b'-- Up-to-date: /home/nicolas/ws_ros2/install/px4_msgs/include/px4_msgs/px4_msgs/msg/detail/control_allocator_status__traits.hpp\n'}
[0.840630] (px4_msgs) StdoutLine: {'line': b'-- Up-to-date: /home/nicolas/ws_ros2/install/px4_msgs/include/px4_msgs/px4_msgs/msg/detail/geofence_result__type_support.hpp\n'}
[0.840660] (px4_msgs) StdoutLine: {'line': b'-- Up-to-date: /home/nicolas/ws_ros2/install/px4_msgs/include/px4_msgs/px4_msgs/msg/detail/internal_combustion_engine_status__builder.hpp\n'}
[0.840689] (px4_msgs) StdoutLine: {'line': b'-- Up-to-date: /home/nicolas/ws_ros2/install/px4_msgs/include/px4_msgs/px4_msgs/msg/detail/orb_test__type_support.hpp\n'}
[0.840718] (px4_msgs) StdoutLine: {'line': b'-- Up-to-date: /home/nicolas/ws_ros2/install/px4_msgs/include/px4_msgs/px4_msgs/msg/detail/camera_capture__traits.hpp\n'}
[0.840746] (px4_msgs) StdoutLine: {'line': b'-- Up-to-date: /home/nicolas/ws_ros2/install/px4_msgs/include/px4_msgs/px4_msgs/msg/detail/manual_control_setpoint__traits.hpp\n'}
[0.840774] (px4_msgs) StdoutLine: {'line': b'-- Up-to-date: /home/nicolas/ws_ros2/install/px4_msgs/include/px4_msgs/px4_msgs/msg/detail/vehicle_constraints__builder.hpp\n'}
[0.840803] (px4_msgs) StdoutLine: {'line': b'-- Up-to-date: /home/nicolas/ws_ros2/install/px4_msgs/include/px4_msgs/px4_msgs/msg/detail/vehicle_attitude_setpoint__struct.hpp\n'}
[0.840832] (px4_msgs) StdoutLine: {'line': b'-- Up-to-date: /home/nicolas/ws_ros2/install/px4_msgs/include/px4_msgs/px4_msgs/msg/detail/geofence_status__type_support.hpp\n'}
[0.840860] (px4_msgs) StdoutLine: {'line': b'-- Up-to-date: /home/nicolas/ws_ros2/install/px4_msgs/include/px4_msgs/px4_msgs/msg/detail/normalized_unsigned_setpoint__traits.hpp\n'}
[0.840889] (px4_msgs) StdoutLine: {'line': b'-- Up-to-date: /home/nicolas/ws_ros2/install/px4_msgs/include/px4_msgs/px4_msgs/msg/detail/sensor_gnss_status__struct.hpp\n'}
[0.840921] (px4_msgs) StdoutLine: {'line': b'-- Up-to-date: /home/nicolas/ws_ros2/install/px4_msgs/include/px4_msgs/px4_msgs/msg/detail/internal_combustion_engine_control__traits.hpp\n'}
[0.840952] (px4_msgs) StdoutLine: {'line': b'-- Up-to-date: /home/nicolas/ws_ros2/install/px4_msgs/include/px4_msgs/px4_msgs/msg/detail/figure_eight_status__type_support.hpp\n'}
[0.840981] (px4_msgs) StdoutLine: {'line': b'-- Up-to-date: /home/nicolas/ws_ros2/install/px4_msgs/include/px4_msgs/px4_msgs/msg/detail/pure_pursuit_status__builder.hpp\n'}
[0.841010] (px4_msgs) StdoutLine: {'line': b'-- Up-to-date: /home/nicolas/ws_ros2/install/px4_msgs/include/px4_msgs/px4_msgs/msg/detail/estimator_status__struct.hpp\n'}
[0.841038] (px4_msgs) StdoutLine: {'line': b'-- Up-to-date: /home/nicolas/ws_ros2/install/px4_msgs/include/px4_msgs/px4_msgs/msg/detail/dronecan_node_status__traits.hpp\n'}
[0.841072] (px4_msgs) StdoutLine: {'line': b'-- Up-to-date: /home/nicolas/ws_ros2/install/px4_msgs/include/px4_msgs/px4_msgs/msg/detail/offboard_control_mode__type_support.hpp\n'}
[0.841102] (px4_msgs) StdoutLine: {'line': b'-- Up-to-date: /home/nicolas/ws_ros2/install/px4_msgs/include/px4_msgs/px4_msgs/msg/detail/vehicle_rates_setpoint__struct.hpp\n'}
[0.841134] (px4_msgs) StdoutLine: {'line': b'-- Up-to-date: /home/nicolas/ws_ros2/install/px4_msgs/include/px4_msgs/px4_msgs/msg/detail/estimator_bias__struct.hpp\n'}
[0.841163] (px4_msgs) StdoutLine: {'line': b'-- Up-to-date: /home/nicolas/ws_ros2/install/px4_msgs/include/px4_msgs/px4_msgs/msg/detail/estimator_status_flags__builder.hpp\n'}
[0.841192] (px4_msgs) StdoutLine: {'line': b'-- Up-to-date: /home/nicolas/ws_ros2/install/px4_msgs/include/px4_msgs/px4_msgs/msg/detail/gpio_in__builder.hpp\n'}
[0.841221] (px4_msgs) StdoutLine: {'line': b'-- Up-to-date: /home/nicolas/ws_ros2/install/px4_msgs/include/px4_msgs/px4_msgs/msg/detail/takeoff_status__type_support.hpp\n'}
[0.841249] (px4_msgs) StdoutLine: {'line': b'-- Up-to-date: /home/nicolas/ws_ros2/install/px4_msgs/include/px4_msgs/px4_msgs/msg/detail/vehicle_torque_setpoint__traits.hpp\n'}
[0.841277] (px4_msgs) StdoutLine: {'line': b'-- Up-to-date: /home/nicolas/ws_ros2/install/px4_msgs/include/px4_msgs/px4_msgs/msg/detail/vehicle_land_detected__traits.hpp\n'}
[0.841305] (px4_msgs) StdoutLine: {'line': b'-- Up-to-date: /home/nicolas/ws_ros2/install/px4_msgs/include/px4_msgs/px4_msgs/msg/detail/failure_detector_status__traits.hpp\n'}
[0.841333] (px4_msgs) StdoutLine: {'line': b'-- Up-to-date: /home/nicolas/ws_ros2/install/px4_msgs/include/px4_msgs/px4_msgs/msg/detail/sensor_gnss_relative__builder.hpp\n'}
[0.841362] (px4_msgs) StdoutLine: {'line': b'-- Up-to-date: /home/nicolas/ws_ros2/install/px4_msgs/include/px4_msgs/px4_msgs/msg/detail/longitudinal_control_configuration__traits.hpp\n'}
[0.841391] (px4_msgs) StdoutLine: {'line': b'-- Up-to-date: /home/nicolas/ws_ros2/install/px4_msgs/include/px4_msgs/px4_msgs/msg/detail/fixed_wing_runway_control__builder.hpp\n'}
[0.841420] (px4_msgs) StdoutLine: {'line': b'-- Up-to-date: /home/nicolas/ws_ros2/install/px4_msgs/include/px4_msgs/px4_msgs/msg/detail/camera_trigger__struct.hpp\n'}
[0.841449] (px4_msgs) StdoutLine: {'line': b'-- Up-to-date: /home/nicolas/ws_ros2/install/px4_msgs/include/px4_msgs/px4_msgs/msg/detail/rover_speed_setpoint__builder.hpp\n'}
[0.841481] (px4_msgs) StdoutLine: {'line': b'-- Up-to-date: /home/nicolas/ws_ros2/install/px4_msgs/include/px4_msgs/px4_msgs/msg/detail/ulog_stream__traits.hpp\n'}
[0.841509] (px4_msgs) StdoutLine: {'line': b'-- Up-to-date: /home/nicolas/ws_ros2/install/px4_msgs/include/px4_msgs/px4_msgs/msg/detail/gpio_in__traits.hpp\n'}
[0.841537] (px4_msgs) StdoutLine: {'line': b'-- Up-to-date: /home/nicolas/ws_ros2/install/px4_msgs/include/px4_msgs/px4_msgs/msg/detail/actuator_motors__builder.hpp\n'}
[0.841565] (px4_msgs) StdoutLine: {'line': b'-- Up-to-date: /home/nicolas/ws_ros2/install/px4_msgs/include/px4_msgs/px4_msgs/msg/detail/normalized_unsigned_setpoint__struct.hpp\n'}
[0.841595] (px4_msgs) StdoutLine: {'line': b'-- Up-to-date: /home/nicolas/ws_ros2/install/px4_msgs/include/px4_msgs/px4_msgs/msg/detail/action_request__builder.hpp\n'}
[0.841623] (px4_msgs) StdoutLine: {'line': b'-- Up-to-date: /home/nicolas/ws_ros2/install/px4_msgs/include/px4_msgs/px4_msgs/msg/detail/estimator_bias__builder.hpp\n'}
[0.841651] (px4_msgs) StdoutLine: {'line': b'-- Up-to-date: /home/nicolas/ws_ros2/install/px4_msgs/include/px4_msgs/px4_msgs/msg/detail/velocity_limits__struct.hpp\n'}
[0.841679] (px4_msgs) StdoutLine: {'line': b'-- Up-to-date: /home/nicolas/ws_ros2/install/px4_msgs/include/px4_msgs/px4_msgs/msg/detail/cellular_status__builder.hpp\n'}
[0.841708] (px4_msgs) StdoutLine: {'line': b'-- Up-to-date: /home/nicolas/ws_ros2/install/px4_msgs/include/px4_msgs/px4_msgs/msg/detail/battery_status__type_support.hpp\n'}
[0.841736] (px4_msgs) StdoutLine: {'line': b'-- Up-to-date: /home/nicolas/ws_ros2/install/px4_msgs/include/px4_msgs/px4_msgs/msg/detail/failure_detector_status__type_support.hpp\n'}
[0.841764] (px4_msgs) StdoutLine: {'line': b'-- Up-to-date: /home/nicolas/ws_ros2/install/px4_msgs/include/px4_msgs/px4_msgs/msg/detail/register_ext_component_reply__builder.hpp\n'}
[0.841795] (px4_msgs) StdoutLine: {'line': b'-- Up-to-date: /home/nicolas/ws_ros2/install/px4_msgs/include/px4_msgs/px4_msgs/msg/detail/ulog_stream_ack__builder.hpp\n'}
[0.841824] (px4_msgs) StdoutLine: {'line': b'-- Up-to-date: /home/nicolas/ws_ros2/install/px4_msgs/include/px4_msgs/px4_msgs/msg/detail/estimator_aid_source3d__builder.hpp\n'}
[0.841852] (px4_msgs) StdoutLine: {'line': b'-- Up-to-date: /home/nicolas/ws_ros2/install/px4_msgs/include/px4_msgs/px4_msgs/msg/detail/normalized_unsigned_setpoint__type_support.hpp\n'}
[0.841886] (px4_msgs) StdoutLine: {'line': b'-- Up-to-date: /home/nicolas/ws_ros2/install/px4_msgs/include/px4_msgs/px4_msgs/msg/detail/airspeed_wind__traits.hpp\n'}
[0.841914] (px4_msgs) StdoutLine: {'line': b'-- Up-to-date: /home/nicolas/ws_ros2/install/px4_msgs/include/px4_msgs/px4_msgs/msg/detail/telemetry_status__builder.hpp\n'}
[0.841948] (px4_msgs) StdoutLine: {'line': b'-- Up-to-date: /home/nicolas/ws_ros2/install/px4_msgs/include/px4_msgs/px4_msgs/msg/detail/landing_target_pose__traits.hpp\n'}
[0.841976] (px4_msgs) StdoutLine: {'line': b'-- Up-to-date: /home/nicolas/ws_ros2/install/px4_msgs/include/px4_msgs/px4_msgs/msg/detail/fixed_wing_runway_control__struct.hpp\n'}
[0.842004] (px4_msgs) StdoutLine: {'line': b'-- Up-to-date: /home/nicolas/ws_ros2/install/px4_msgs/include/px4_msgs/px4_msgs/msg/detail/failure_detector_status__builder.hpp\n'}
[0.842037] (px4_msgs) StdoutLine: {'line': b'-- Up-to-date: /home/nicolas/ws_ros2/install/px4_msgs/include/px4_msgs/px4_msgs/msg/detail/qshell_req__traits.hpp\n'}
[0.842066] (px4_msgs) StdoutLine: {'line': b'-- Up-to-date: /home/nicolas/ws_ros2/install/px4_msgs/include/px4_msgs/px4_msgs/msg/detail/dataman_request__traits.hpp\n'}
[0.842094] (px4_msgs) StdoutLine: {'line': b'-- Up-to-date: /home/nicolas/ws_ros2/install/px4_msgs/include/px4_msgs/px4_msgs/msg/detail/manual_control_setpoint__type_support.hpp\n'}
[0.842123] (px4_msgs) StdoutLine: {'line': b'-- Up-to-date: /home/nicolas/ws_ros2/install/px4_msgs/include/px4_msgs/px4_msgs/msg/detail/led_control__struct.hpp\n'}
[0.842151] (px4_msgs) StdoutLine: {'line': b'-- Up-to-date: /home/nicolas/ws_ros2/install/px4_msgs/include/px4_msgs/px4_msgs/msg/detail/rate_ctrl_status__traits.hpp\n'}
[0.842179] (px4_msgs) StdoutLine: {'line': b'-- Up-to-date: /home/nicolas/ws_ros2/install/px4_msgs/include/px4_msgs/px4_msgs/msg/detail/vehicle_local_position_setpoint__struct.hpp\n'}
[0.842208] (px4_msgs) StdoutLine: {'line': b'-- Up-to-date: /home/nicolas/ws_ros2/install/px4_msgs/include/px4_msgs/px4_msgs/msg/detail/ulog_stream__struct.hpp\n'}
[0.842236] (px4_msgs) StdoutLine: {'line': b'-- Up-to-date: /home/nicolas/ws_ros2/install/px4_msgs/include/px4_msgs/px4_msgs/msg/detail/lateral_control_configuration__traits.hpp\n'}
[0.842264] (px4_msgs) StdoutLine: {'line': b'-- Up-to-date: /home/nicolas/ws_ros2/install/px4_msgs/include/px4_msgs/px4_msgs/msg/detail/sensor_gnss_status__traits.hpp\n'}
[0.842292] (px4_msgs) StdoutLine: {'line': b'-- Up-to-date: /home/nicolas/ws_ros2/install/px4_msgs/include/px4_msgs/px4_msgs/msg/detail/vehicle_odometry__type_support.hpp\n'}
[0.842320] (px4_msgs) StdoutLine: {'line': b'-- Up-to-date: /home/nicolas/ws_ros2/install/px4_msgs/include/px4_msgs/px4_msgs/msg/detail/rpm__struct.hpp\n'}
[0.842349] (px4_msgs) StdoutLine: {'line': b'-- Up-to-date: /home/nicolas/ws_ros2/install/px4_msgs/include/px4_msgs/px4_msgs/msg/detail/fixed_wing_lateral_setpoint__struct.hpp\n'}
[0.842380] (px4_msgs) StdoutLine: {'line': b'-- Up-to-date: /home/nicolas/ws_ros2/install/px4_msgs/include/px4_msgs/px4_msgs/msg/detail/position_controller_status__builder.hpp\n'}
[0.842408] (px4_msgs) StdoutLine: {'line': b'-- Up-to-date: /home/nicolas/ws_ros2/install/px4_msgs/include/px4_msgs/px4_msgs/msg/detail/rpm__builder.hpp\n'}
[0.842437] (px4_msgs) StdoutLine: {'line': b'-- Up-to-date: /home/nicolas/ws_ros2/install/px4_msgs/include/px4_msgs/px4_msgs/msg/detail/sensor_gps__traits.hpp\n'}
[0.842465] (px4_msgs) StdoutLine: {'line': b'-- Up-to-date: /home/nicolas/ws_ros2/install/px4_msgs/include/px4_msgs/px4_msgs/msg/detail/airspeed_validated__struct.hpp\n'}
[0.842496] (px4_msgs) StdoutLine: {'line': b'-- Up-to-date: /home/nicolas/ws_ros2/install/px4_msgs/include/px4_msgs/px4_msgs/msg/detail/trajectory_setpoint6dof__traits.hpp\n'}
[0.842525] (px4_msgs) StdoutLine: {'line': b'-- Up-to-date: /home/nicolas/ws_ros2/install/px4_msgs/include/px4_msgs/px4_msgs/msg/detail/estimator_status_flags__struct.hpp\n'}
[0.842554] (px4_msgs) StdoutLine: {'line': b'-- Up-to-date: /home/nicolas/ws_ros2/install/px4_msgs/include/px4_msgs/px4_msgs/msg/detail/rc_channels__traits.hpp\n'}
[0.842582] (px4_msgs) StdoutLine: {'line': b'-- Up-to-date: /home/nicolas/ws_ros2/install/px4_msgs/include/px4_msgs/px4_msgs/msg/detail/rover_rate_status__builder.hpp\n'}
[0.842611] (px4_msgs) StdoutLine: {'line': b'-- Up-to-date: /home/nicolas/ws_ros2/install/px4_msgs/include/px4_msgs/px4_msgs/msg/detail/neural_control__traits.hpp\n'}
[0.842651] (px4_msgs) StdoutLine: {'line': b'-- Up-to-date: /home/nicolas/ws_ros2/install/px4_msgs/include/px4_msgs/px4_msgs/msg/detail/tecs_status__builder.hpp\n'}
[0.842679] (px4_msgs) StdoutLine: {'line': b'-- Up-to-date: /home/nicolas/ws_ros2/install/px4_msgs/include/px4_msgs/px4_msgs/msg/detail/parameter_set_value_request__traits.hpp\n'}
[0.842715] (px4_msgs) StdoutLine: {'line': b'-- Up-to-date: /home/nicolas/ws_ros2/install/px4_msgs/include/px4_msgs/px4_msgs/msg/detail/estimator_status__builder.hpp\n'}
[0.842751] (px4_msgs) StdoutLine: {'line': b'-- Up-to-date: /home/nicolas/ws_ros2/install/px4_msgs/include/px4_msgs/px4_msgs/msg/detail/sensor_combined__struct.hpp\n'}
[0.842796] (px4_msgs) StdoutLine: {'line': b'-- Up-to-date: /home/nicolas/ws_ros2/install/px4_msgs/include/px4_msgs/px4_msgs/msg/detail/estimator_aid_source3d__type_support.hpp\n'}
[0.842833] (px4_msgs) StdoutLine: {'line': b'-- Up-to-date: /home/nicolas/ws_ros2/install/px4_msgs/include/px4_msgs/px4_msgs/msg/detail/actuator_controls_status__struct.hpp\n'}
[0.842870] (px4_msgs) StdoutLine: {'line': b'-- Up-to-date: /home/nicolas/ws_ros2/install/px4_msgs/include/px4_msgs/px4_msgs/msg/detail/sensor_gps__struct.hpp\n'}
[0.842922] (px4_msgs) StdoutLine: {'line': b'-- Up-to-date: /home/nicolas/ws_ros2/install/px4_msgs/include/px4_msgs/px4_msgs/msg/detail/fixed_wing_lateral_guidance_status__builder.hpp\n'}
[0.842971] (px4_msgs) StdoutLine: {'line': b'-- Up-to-date: /home/nicolas/ws_ros2/install/px4_msgs/include/px4_msgs/px4_msgs/msg/detail/rover_throttle_setpoint__struct.hpp\n'}
[0.843008] (px4_msgs) StdoutLine: {'line': b'-- Up-to-date: /home/nicolas/ws_ros2/install/px4_msgs/include/px4_msgs/px4_msgs/msg/detail/geofence_result__struct.hpp\n'}
[0.843044] (px4_msgs) StdoutLine: {'line': b'-- Up-to-date: /home/nicolas/ws_ros2/install/px4_msgs/include/px4_msgs/px4_msgs/msg/detail/actuator_servos_trim__traits.hpp\n'}
[0.843095] (px4_msgs) StdoutLine: {'line': b'-- Up-to-date: /home/nicolas/ws_ros2/install/px4_msgs/include/px4_msgs/px4_msgs/msg/detail/gimbal_manager_set_attitude__builder.hpp\n'}
[0.843125] (px4_msgs) StdoutLine: {'line': b'-- Up-to-date: /home/nicolas/ws_ros2/install/px4_msgs/include/px4_msgs/px4_msgs/msg/detail/landing_gear_wheel__struct.hpp\n'}
[0.843161] (px4_msgs) StdoutLine: {'line': b'-- Up-to-date: /home/nicolas/ws_ros2/install/px4_msgs/include/px4_msgs/px4_msgs/msg/detail/offboard_control_mode__builder.hpp\n'}
[0.843190] (px4_msgs) StdoutLine: {'line': b'-- Up-to-date: /home/nicolas/ws_ros2/install/px4_msgs/include/px4_msgs/px4_msgs/msg/detail/dataman_response__traits.hpp\n'}
[0.843219] (px4_msgs) StdoutLine: {'line': b'-- Up-to-date: /home/nicolas/ws_ros2/install/px4_msgs/include/px4_msgs/px4_msgs/msg/detail/longitudinal_control_configuration__builder.hpp\n'}
[0.843247] (px4_msgs) StdoutLine: {'line': b'-- Up-to-date: /home/nicolas/ws_ros2/install/px4_msgs/include/px4_msgs/px4_msgs/msg/detail/vehicle_attitude_setpoint__type_support.hpp\n'}
[0.843276] (px4_msgs) StdoutLine: {'line': b'-- Up-to-date: /home/nicolas/ws_ros2/install/px4_msgs/include/px4_msgs/px4_msgs/msg/detail/battery_status__struct.hpp\n'}
[0.843304] (px4_msgs) StdoutLine: {'line': b'-- Up-to-date: /home/nicolas/ws_ros2/install/px4_msgs/include/px4_msgs/px4_msgs/msg/detail/gimbal_manager_status__struct.hpp\n'}
[0.843335] (px4_msgs) StdoutLine: {'line': b'-- Up-to-date: /home/nicolas/ws_ros2/install/px4_msgs/include/px4_msgs/px4_msgs/msg/detail/yaw_estimator_status__traits.hpp\n'}
[0.843364] (px4_msgs) StdoutLine: {'line': b'-- Up-to-date: /home/nicolas/ws_ros2/install/px4_msgs/include/px4_msgs/px4_msgs/msg/detail/gimbal_manager_information__struct.hpp\n'}
[0.843393] (px4_msgs) StdoutLine: {'line': b'-- Up-to-date: /home/nicolas/ws_ros2/install/px4_msgs/include/px4_msgs/px4_msgs/msg/detail/vehicle_status__type_support.hpp\n'}
[0.843424] (px4_msgs) StdoutLine: {'line': b'-- Up-to-date: /home/nicolas/ws_ros2/install/px4_msgs/include/px4_msgs/px4_msgs/msg/detail/vehicle_rates_setpoint__traits.hpp\n'}
[0.843453] (px4_msgs) StdoutLine: {'line': b'-- Up-to-date: /home/nicolas/ws_ros2/install/px4_msgs/include/px4_msgs/px4_msgs/msg/detail/gimbal_manager_information__type_support.hpp\n'}
[0.843481] (px4_msgs) StdoutLine: {'line': b'-- Up-to-date: /home/nicolas/ws_ros2/install/px4_msgs/include/px4_msgs/px4_msgs/msg/detail/pure_pursuit_status__type_support.hpp\n'}
[0.843510] (px4_msgs) StdoutLine: {'line': b'-- Up-to-date: /home/nicolas/ws_ros2/install/px4_msgs/include/px4_msgs/px4_msgs/msg/detail/vehicle_angular_acceleration_setpoint__traits.hpp\n'}
[0.843539] (px4_msgs) StdoutLine: {'line': b'-- Up-to-date: /home/nicolas/ws_ros2/install/px4_msgs/include/px4_msgs/px4_msgs/msg/detail/gpio_in__struct.hpp\n'}
[0.843568] (px4_msgs) StdoutLine: {'line': b'-- Up-to-date: /home/nicolas/ws_ros2/install/px4_msgs/include/px4_msgs/px4_msgs/msg/detail/orb_test__traits.hpp\n'}
[0.843597] (px4_msgs) StdoutLine: {'line': b'-- Up-to-date: /home/nicolas/ws_ros2/install/px4_msgs/include/px4_msgs/px4_msgs/msg/detail/sensor_gnss_relative__type_support.hpp\n'}
[0.843625] (px4_msgs) StdoutLine: {'line': b'-- Up-to-date: /home/nicolas/ws_ros2/install/px4_msgs/include/px4_msgs/px4_msgs/msg/detail/sensors_status_imu__type_support.hpp\n'}
[0.843654] (px4_msgs) StdoutLine: {'line': b'-- Up-to-date: /home/nicolas/ws_ros2/install/px4_msgs/include/px4_msgs/px4_msgs/msg/detail/estimator_event_flags__struct.hpp\n'}
[0.843682] (px4_msgs) StdoutLine: {'line': b'-- Up-to-date: /home/nicolas/ws_ros2/install/px4_msgs/include/px4_msgs/px4_msgs/msg/detail/sensor_airflow__traits.hpp\n'}
[0.843710] (px4_msgs) StdoutLine: {'line': b'-- Up-to-date: /home/nicolas/ws_ros2/install/px4_msgs/include/px4_msgs/px4_msgs/msg/detail/rover_attitude_status__builder.hpp\n'}
[0.843740] (px4_msgs) StdoutLine: {'line': b'-- Up-to-date: /home/nicolas/ws_ros2/install/px4_msgs/include/px4_msgs/px4_msgs/msg/detail/config_overrides__traits.hpp\n'}
[0.843768] (px4_msgs) StdoutLine: {'line': b'-- Up-to-date: /home/nicolas/ws_ros2/install/px4_msgs/include/px4_msgs/px4_msgs/msg/detail/open_drone_id_arm_status__traits.hpp\n'}
[0.843796] (px4_msgs) StdoutLine: {'line': b'-- Up-to-date: /home/nicolas/ws_ros2/install/px4_msgs/include/px4_msgs/px4_msgs/msg/detail/register_ext_component_request__struct.hpp\n'}
[0.843824] (px4_msgs) StdoutLine: {'line': b'-- Up-to-date: /home/nicolas/ws_ros2/install/px4_msgs/include/px4_msgs/px4_msgs/msg/detail/task_stack_info__type_support.hpp\n'}
[0.843852] (px4_msgs) StdoutLine: {'line': b'-- Up-to-date: /home/nicolas/ws_ros2/install/px4_msgs/include/px4_msgs/px4_msgs/msg/detail/position_controller_status__type_support.hpp\n'}
[0.843882] (px4_msgs) StdoutLine: {'line': b'-- Up-to-date: /home/nicolas/ws_ros2/install/px4_msgs/include/px4_msgs/px4_msgs/msg/detail/estimator_bias3d__type_support.hpp\n'}
[0.843910] (px4_msgs) StdoutLine: {'line': b'-- Up-to-date: /home/nicolas/ws_ros2/install/px4_msgs/include/px4_msgs/px4_msgs/msg/detail/timesync_status__traits.hpp\n'}
[0.843943] (px4_msgs) StdoutLine: {'line': b'-- Up-to-date: /home/nicolas/ws_ros2/install/px4_msgs/include/px4_msgs/px4_msgs/msg/detail/parameter_set_value_request__struct.hpp\n'}
[0.843974] (px4_msgs) StdoutLine: {'line': b'-- Up-to-date: /home/nicolas/ws_ros2/install/px4_msgs/include/px4_msgs/px4_msgs/msg/detail/internal_combustion_engine_control__struct.hpp\n'}
[0.844005] (px4_msgs) StdoutLine: {'line': b'-- Up-to-date: /home/nicolas/ws_ros2/install/px4_msgs/include/px4_msgs/px4_msgs/msg/detail/estimator_aid_source2d__traits.hpp\n'}
[0.844034] (px4_msgs) StdoutLine: {'line': b'-- Up-to-date: /home/nicolas/ws_ros2/install/px4_msgs/include/px4_msgs/px4_msgs/msg/detail/sensors_status_imu__builder.hpp\n'}
[0.844063] (px4_msgs) StdoutLine: {'line': b'-- Up-to-date: /home/nicolas/ws_ros2/install/px4_msgs/include/px4_msgs/px4_msgs/msg/detail/register_ext_component_request__builder.hpp\n'}
[0.844096] (px4_msgs) StdoutLine: {'line': b'-- Up-to-date: /home/nicolas/ws_ros2/install/px4_msgs/include/px4_msgs/px4_msgs/msg/detail/gimbal_controls__traits.hpp\n'}
[0.844125] (px4_msgs) StdoutLine: {'line': b'-- Up-to-date: /home/nicolas/ws_ros2/install/px4_msgs/include/px4_msgs/px4_msgs/msg/detail/actuator_test__traits.hpp\n'}
[0.844154] (px4_msgs) StdoutLine: {'line': b'-- Up-to-date: /home/nicolas/ws_ros2/install/px4_msgs/include/px4_msgs/px4_msgs/msg/detail/position_setpoint__traits.hpp\n'}
[0.844181] (px4_msgs) StdoutLine: {'line': b'-- Up-to-date: /home/nicolas/ws_ros2/install/px4_msgs/include/px4_msgs/px4_msgs/msg/detail/button_event__traits.hpp\n'}
[0.844210] (px4_msgs) StdoutLine: {'line': b'-- Up-to-date: /home/nicolas/ws_ros2/install/px4_msgs/include/px4_msgs/px4_msgs/msg/detail/button_event__struct.hpp\n'}
[0.844238] (px4_msgs) StdoutLine: {'line': b'-- Up-to-date: /home/nicolas/ws_ros2/install/px4_msgs/include/px4_msgs/px4_msgs/msg/detail/estimator_aid_source2d__builder.hpp\n'}
[0.844266] (px4_msgs) StdoutLine: {'line': b'-- Up-to-date: /home/nicolas/ws_ros2/install/px4_msgs/include/px4_msgs/px4_msgs/msg/detail/gps_inject_data__builder.hpp\n'}
[0.844297] (px4_msgs) StdoutLine: {'line': b'-- Up-to-date: /home/nicolas/ws_ros2/install/px4_msgs/include/px4_msgs/px4_msgs/msg/detail/open_drone_id_operator_id__type_support.hpp\n'}
[0.844326] (px4_msgs) StdoutLine: {'line': b'-- Up-to-date: /home/nicolas/ws_ros2/install/px4_msgs/include/px4_msgs/px4_msgs/msg/detail/config_overrides__struct.hpp\n'}
[0.844354] (px4_msgs) StdoutLine: {'line': b'-- Up-to-date: /home/nicolas/ws_ros2/install/px4_msgs/include/px4_msgs/px4_msgs/msg/detail/vehicle_optical_flow_vel__traits.hpp\n'}
[0.844382] (px4_msgs) StdoutLine: {'line': b'-- Up-to-date: /home/nicolas/ws_ros2/install/px4_msgs/include/px4_msgs/px4_msgs/msg/detail/orb_test_large__struct.hpp\n'}
[0.844411] (px4_msgs) StdoutLine: {'line': b'-- Up-to-date: /home/nicolas/ws_ros2/install/px4_msgs/include/px4_msgs/px4_msgs/msg/detail/actuator_servos__struct.hpp\n'}
[0.844440] (px4_msgs) StdoutLine: {'line': b'-- Up-to-date: /home/nicolas/ws_ros2/install/px4_msgs/include/px4_msgs/px4_msgs/msg/detail/mount_orientation__type_support.hpp\n'}
[0.844468] (px4_msgs) StdoutLine: {'line': b'-- Up-to-date: /home/nicolas/ws_ros2/install/px4_msgs/include/px4_msgs/px4_msgs/msg/detail/distance_sensor__builder.hpp\n'}
[0.844497] (px4_msgs) StdoutLine: {'line': b'-- Up-to-date: /home/nicolas/ws_ros2/install/px4_msgs/include/px4_msgs/px4_msgs/msg/detail/fixed_wing_longitudinal_setpoint__type_support.hpp\n'}
[0.844526] (px4_msgs) StdoutLine: {'line': b'-- Up-to-date: /home/nicolas/ws_ros2/install/px4_msgs/include/px4_msgs/px4_msgs/msg/detail/landing_gear_wheel__builder.hpp\n'}
[0.844554] (px4_msgs) StdoutLine: {'line': b'-- Up-to-date: /home/nicolas/ws_ros2/install/px4_msgs/include/px4_msgs/px4_msgs/msg/detail/esc_report__traits.hpp\n'}
[0.844582] (px4_msgs) StdoutLine: {'line': b'-- Up-to-date: /home/nicolas/ws_ros2/install/px4_msgs/include/px4_msgs/px4_msgs/msg/detail/fixed_wing_lateral_guidance_status__struct.hpp\n'}
[0.844610] (px4_msgs) StdoutLine: {'line': b'-- Up-to-date: /home/nicolas/ws_ros2/install/px4_msgs/include/px4_msgs/px4_msgs/msg/detail/mode_completed__struct.hpp\n'}
[0.844638] (px4_msgs) StdoutLine: {'line': b'-- Up-to-date: /home/nicolas/ws_ros2/install/px4_msgs/include/px4_msgs/px4_msgs/msg/detail/actuator_servos_trim__builder.hpp\n'}
[0.844667] (px4_msgs) StdoutLine: {'line': b'-- Up-to-date: /home/nicolas/ws_ros2/install/px4_msgs/include/px4_msgs/px4_msgs/msg/detail/vehicle_control_mode__traits.hpp\n'}
[0.844697] (px4_msgs) StdoutLine: {'line': b'-- Up-to-date: /home/nicolas/ws_ros2/install/px4_msgs/include/px4_msgs/px4_msgs/msg/detail/log_message__struct.hpp\n'}
[0.844726] (px4_msgs) StdoutLine: {'line': b'-- Up-to-date: /home/nicolas/ws_ros2/install/px4_msgs/include/px4_msgs/px4_msgs/msg/detail/rover_rate_setpoint__builder.hpp\n'}
[0.844755] (px4_msgs) StdoutLine: {'line': b'-- Up-to-date: /home/nicolas/ws_ros2/install/px4_msgs/include/px4_msgs/px4_msgs/msg/detail/power_button_state__type_support.hpp\n'}
[0.844783] (px4_msgs) StdoutLine: {'line': b'-- Up-to-date: /home/nicolas/ws_ros2/install/px4_msgs/include/px4_msgs/px4_msgs/msg/detail/uavcan_parameter_request__struct.hpp\n'}
[0.844811] (px4_msgs) StdoutLine: {'line': b'-- Up-to-date: /home/nicolas/ws_ros2/install/px4_msgs/include/px4_msgs/px4_msgs/msg/detail/vehicle_optical_flow__traits.hpp\n'}
[0.844840] (px4_msgs) StdoutLine: {'line': b'-- Up-to-date: /home/nicolas/ws_ros2/install/px4_msgs/include/px4_msgs/px4_msgs/msg/detail/position_setpoint__struct.hpp\n'}
[0.844868] (px4_msgs) StdoutLine: {'line': b'-- Up-to-date: /home/nicolas/ws_ros2/install/px4_msgs/include/px4_msgs/px4_msgs/msg/detail/actuator_armed__type_support.hpp\n'}
[0.844896] (px4_msgs) StdoutLine: {'line': b'-- Up-to-date: /home/nicolas/ws_ros2/install/px4_msgs/include/px4_msgs/px4_msgs/msg/detail/sensor_hygrometer__type_support.hpp\n'}
[0.844928] (px4_msgs) StdoutLine: {'line': b'-- Up-to-date: /home/nicolas/ws_ros2/install/px4_msgs/include/px4_msgs/px4_msgs/msg/detail/sensors_status__type_support.hpp\n'}
[0.844959] (px4_msgs) StdoutLine: {'line': b'-- Up-to-date: /home/nicolas/ws_ros2/install/px4_msgs/include/px4_msgs/px4_msgs/msg/detail/estimator_sensor_bias__traits.hpp\n'}
[0.844988] (px4_msgs) StdoutLine: {'line': b'-- Up-to-date: /home/nicolas/ws_ros2/install/px4_msgs/include/px4_msgs/px4_msgs/msg/detail/vehicle_angular_velocity__builder.hpp\n'}
[0.845017] (px4_msgs) StdoutLine: {'line': b'-- Up-to-date: /home/nicolas/ws_ros2/install/px4_msgs/include/px4_msgs/px4_msgs/msg/detail/sensor_hygrometer__builder.hpp\n'}
[0.845051] (px4_msgs) StdoutLine: {'line': b'-- Up-to-date: /home/nicolas/ws_ros2/install/px4_msgs/include/px4_msgs/px4_msgs/msg/detail/mavlink_tunnel__type_support.hpp\n'}
[0.845079] (px4_msgs) StdoutLine: {'line': b'-- Up-to-date: /home/nicolas/ws_ros2/install/px4_msgs/include/px4_msgs/px4_msgs/msg/detail/radio_status__struct.hpp\n'}
[0.845107] (px4_msgs) StdoutLine: {'line': b'-- Up-to-date: /home/nicolas/ws_ros2/install/px4_msgs/include/px4_msgs/px4_msgs/msg/detail/sensor_selection__type_support.hpp\n'}
[0.845136] (px4_msgs) StdoutLine: {'line': b'-- Up-to-date: /home/nicolas/ws_ros2/install/px4_msgs/include/px4_msgs/px4_msgs/msg/detail/orb_test_medium__struct.hpp\n'}
[0.845164] (px4_msgs) StdoutLine: {'line': b'-- Up-to-date: /home/nicolas/ws_ros2/install/px4_msgs/include/px4_msgs/px4_msgs/msg/detail/sensor_optical_flow__type_support.hpp\n'}
[0.845195] (px4_msgs) StdoutLine: {'line': b'-- Up-to-date: /home/nicolas/ws_ros2/install/px4_msgs/include/px4_msgs/px4_msgs/msg/detail/esc_report__type_support.hpp\n'}
[0.845223] (px4_msgs) StdoutLine: {'line': b'-- Up-to-date: /home/nicolas/ws_ros2/install/px4_msgs/include/px4_msgs/px4_msgs/msg/detail/gripper__builder.hpp\n'}
[0.845252] (px4_msgs) StdoutLine: {'line': b'-- Up-to-date: /home/nicolas/ws_ros2/install/px4_msgs/include/px4_msgs/px4_msgs/msg/detail/navigator_mission_item__builder.hpp\n'}
[0.845280] (px4_msgs) StdoutLine: {'line': b'-- Up-to-date: /home/nicolas/ws_ros2/install/px4_msgs/include/px4_msgs/px4_msgs/msg/detail/esc_status__type_support.hpp\n'}
[0.845308] (px4_msgs) StdoutLine: {'line': b'-- Up-to-date: /home/nicolas/ws_ros2/install/px4_msgs/include/px4_msgs/px4_msgs/msg/detail/estimator_states__struct.hpp\n'}
[0.845337] (px4_msgs) StdoutLine: {'line': b'-- Up-to-date: /home/nicolas/ws_ros2/install/px4_msgs/include/px4_msgs/px4_msgs/msg/detail/gps_inject_data__type_support.hpp\n'}
[0.845364] (px4_msgs) StdoutLine: {'line': b'-- Up-to-date: /home/nicolas/ws_ros2/install/px4_msgs/include/px4_msgs/px4_msgs/msg/detail/rover_steering_setpoint__builder.hpp\n'}
[0.845395] (px4_msgs) StdoutLine: {'line': b'-- Up-to-date: /home/nicolas/ws_ros2/install/px4_msgs/include/px4_msgs/px4_msgs/msg/detail/actuator_servos_trim__type_support.hpp\n'}
[0.845426] (px4_msgs) StdoutLine: {'line': b'-- Up-to-date: /home/nicolas/ws_ros2/install/px4_msgs/include/px4_msgs/px4_msgs/msg/detail/distance_sensor_mode_change_request__type_support.hpp\n'}
[0.845456] (px4_msgs) StdoutLine: {'line': b'-- Up-to-date: /home/nicolas/ws_ros2/install/px4_msgs/include/px4_msgs/px4_msgs/msg/detail/rc_channels__struct.hpp\n'}
[0.845485] (px4_msgs) StdoutLine: {'line': b'-- Up-to-date: /home/nicolas/ws_ros2/install/px4_msgs/include/px4_msgs/px4_msgs/msg/detail/geofence_status__struct.hpp\n'}
[0.845514] (px4_msgs) StdoutLine: {'line': b'-- Up-to-date: /home/nicolas/ws_ros2/install/px4_msgs/include/px4_msgs/px4_msgs/msg/detail/wind__type_support.hpp\n'}
[0.845542] (px4_msgs) StdoutLine: {'line': b'-- Up-to-date: /home/nicolas/ws_ros2/install/px4_msgs/include/px4_msgs/px4_msgs/msg/detail/obstacle_distance__struct.hpp\n'}
[0.845571] (px4_msgs) StdoutLine: {'line': b'-- Up-to-date: /home/nicolas/ws_ros2/install/px4_msgs/include/px4_msgs/px4_msgs/msg/detail/follow_target_estimator__traits.hpp\n'}
[0.845599] (px4_msgs) StdoutLine: {'line': b'-- Up-to-date: /home/nicolas/ws_ros2/install/px4_msgs/include/px4_msgs/px4_msgs/msg/detail/dataman_response__builder.hpp\n'}
[0.845627] (px4_msgs) StdoutLine: {'line': b'-- Up-to-date: /home/nicolas/ws_ros2/install/px4_msgs/include/px4_msgs/px4_msgs/msg/detail/estimator_selector_status__traits.hpp\n'}
[0.845656] (px4_msgs) StdoutLine: {'line': b'-- Up-to-date: /home/nicolas/ws_ros2/install/px4_msgs/include/px4_msgs/px4_msgs/msg/detail/actuator_armed__traits.hpp\n'}
[0.845683] (px4_msgs) StdoutLine: {'line': b'-- Up-to-date: /home/nicolas/ws_ros2/install/px4_msgs/include/px4_msgs/px4_msgs/msg/detail/mavlink_log__traits.hpp\n'}
[0.845711] (px4_msgs) StdoutLine: {'line': b'-- Up-to-date: /home/nicolas/ws_ros2/install/px4_msgs/include/px4_msgs/px4_msgs/msg/detail/esc_status__builder.hpp\n'}
[0.845739] (px4_msgs) StdoutLine: {'line': b'-- Up-to-date: /home/nicolas/ws_ros2/install/px4_msgs/include/px4_msgs/px4_msgs/msg/detail/arming_check_request__traits.hpp\n'}
[0.845767] (px4_msgs) StdoutLine: {'line': b'-- Up-to-date: /home/nicolas/ws_ros2/install/px4_msgs/include/px4_msgs/px4_msgs/msg/detail/estimator_bias__type_support.hpp\n'}
[0.845795] (px4_msgs) StdoutLine: {'line': b'-- Up-to-date: /home/nicolas/ws_ros2/install/px4_msgs/include/px4_msgs/px4_msgs/msg/detail/gimbal_device_information__type_support.hpp\n'}
[0.845824] (px4_msgs) StdoutLine: {'line': b'-- Up-to-date: /home/nicolas/ws_ros2/install/px4_msgs/include/px4_msgs/px4_msgs/msg/detail/event__type_support.hpp\n'}
[0.845851] (px4_msgs) StdoutLine: {'line': b'-- Up-to-date: /home/nicolas/ws_ros2/install/px4_msgs/include/px4_msgs/px4_msgs/msg/detail/rpm__traits.hpp\n'}
[0.845879] (px4_msgs) StdoutLine: {'line': b'-- Up-to-date: /home/nicolas/ws_ros2/install/px4_msgs/include/px4_msgs/px4_msgs/msg/detail/sensor_uwb__traits.hpp\n'}
[0.845910] (px4_msgs) StdoutLine: {'line': b'-- Up-to-date: /home/nicolas/ws_ros2/install/px4_msgs/include/px4_msgs/px4_msgs/msg/detail/orb_test_medium__builder.hpp\n'}
[0.845943] (px4_msgs) StdoutLine: {'line': b'-- Up-to-date: /home/nicolas/ws_ros2/install/px4_msgs/include/px4_msgs/px4_msgs/msg/detail/vehicle_air_data__type_support.hpp\n'}
[0.845972] (px4_msgs) StdoutLine: {'line': b'-- Up-to-date: /home/nicolas/ws_ros2/install/px4_msgs/include/px4_msgs/px4_msgs/msg/detail/fixed_wing_longitudinal_setpoint__struct.hpp\n'}
[0.846001] (px4_msgs) StdoutLine: {'line': b'-- Up-to-date: /home/nicolas/ws_ros2/install/px4_msgs/include/px4_msgs/px4_msgs/msg/detail/cpuload__struct.hpp\n'}
[0.846035] (px4_msgs) StdoutLine: {'line': b'-- Up-to-date: /home/nicolas/ws_ros2/install/px4_msgs/include/px4_msgs/px4_msgs/msg/detail/lateral_control_configuration__type_support.hpp\n'}
[0.846065] (px4_msgs) StdoutLine: {'line': b'-- Up-to-date: /home/nicolas/ws_ros2/install/px4_msgs/include/px4_msgs/px4_msgs/msg/detail/sensor_preflight_mag__traits.hpp\n'}
[0.846100] (px4_msgs) StdoutLine: {'line': b'-- Up-to-date: /home/nicolas/ws_ros2/install/px4_msgs/include/px4_msgs/px4_msgs/msg/detail/px4io_status__builder.hpp\n'}
[0.846129] (px4_msgs) StdoutLine: {'line': b'-- Up-to-date: /home/nicolas/ws_ros2/install/px4_msgs/include/px4_msgs/px4_msgs/msg/detail/arming_check_reply__traits.hpp\n'}
[0.846158] (px4_msgs) StdoutLine: {'line': b'-- Up-to-date: /home/nicolas/ws_ros2/install/px4_msgs/include/px4_msgs/px4_msgs/msg/detail/task_stack_info__traits.hpp\n'}
[0.846186] (px4_msgs) StdoutLine: {'line': b'-- Up-to-date: /home/nicolas/ws_ros2/install/px4_msgs/include/px4_msgs/px4_msgs/msg/detail/navigator_mission_item__struct.hpp\n'}
[0.846214] (px4_msgs) StdoutLine: {'line': b'-- Up-to-date: /home/nicolas/ws_ros2/install/px4_msgs/include/px4_msgs/px4_msgs/msg/detail/px4io_status__type_support.hpp\n'}
[0.846242] (px4_msgs) StdoutLine: {'line': b'-- Up-to-date: /home/nicolas/ws_ros2/install/px4_msgs/include/px4_msgs/px4_msgs/msg/detail/gimbal_device_attitude_status__struct.hpp\n'}
[0.846271] (px4_msgs) StdoutLine: {'line': b'-- Up-to-date: /home/nicolas/ws_ros2/install/px4_msgs/include/px4_msgs/px4_msgs/msg/detail/adc_report__type_support.hpp\n'}
[0.846299] (px4_msgs) StdoutLine: {'line': b'-- Up-to-date: /home/nicolas/ws_ros2/install/px4_msgs/include/px4_msgs/px4_msgs/msg/detail/sensor_gyro__struct.hpp\n'}
[0.846327] (px4_msgs) StdoutLine: {'line': b'-- Up-to-date: /home/nicolas/ws_ros2/install/px4_msgs/include/px4_msgs/px4_msgs/msg/detail/fuel_tank_status__traits.hpp\n'}
[0.846355] (px4_msgs) StdoutLine: {'line': b'-- Up-to-date: /home/nicolas/ws_ros2/install/px4_msgs/include/px4_msgs/px4_msgs/msg/detail/manual_control_switches__traits.hpp\n'}
[0.846384] (px4_msgs) StdoutLine: {'line': b'-- Up-to-date: /home/nicolas/ws_ros2/install/px4_msgs/include/px4_msgs/px4_msgs/msg/detail/geofence_status__traits.hpp\n'}
[0.846411] (px4_msgs) StdoutLine: {'line': b'-- Up-to-date: /home/nicolas/ws_ros2/install/px4_msgs/include/px4_msgs/px4_msgs/msg/detail/power_monitor__traits.hpp\n'}
[0.846439] (px4_msgs) StdoutLine: {'line': b'-- Up-to-date: /home/nicolas/ws_ros2/install/px4_msgs/include/px4_msgs/px4_msgs/msg/detail/fixed_wing_runway_control__traits.hpp\n'}
[0.846468] (px4_msgs) StdoutLine: {'line': b'-- Up-to-date: /home/nicolas/ws_ros2/install/px4_msgs/include/px4_msgs/px4_msgs/msg/detail/telemetry_status__traits.hpp\n'}
[0.846497] (px4_msgs) StdoutLine: {'line': b'-- Up-to-date: /home/nicolas/ws_ros2/install/px4_msgs/include/px4_msgs/px4_msgs/msg/detail/distance_sensor_mode_change_request__builder.hpp\n'}
[0.846526] (px4_msgs) StdoutLine: {'line': b'-- Up-to-date: /home/nicolas/ws_ros2/install/px4_msgs/include/px4_msgs/px4_msgs/msg/detail/vehicle_local_position__builder.hpp\n'}
[0.846554] (px4_msgs) StdoutLine: {'line': b'-- Up-to-date: /home/nicolas/ws_ros2/install/px4_msgs/include/px4_msgs/px4_msgs/msg/detail/home_position__type_support.hpp\n'}
[0.846582] (px4_msgs) StdoutLine: {'line': b'-- Up-to-date: /home/nicolas/ws_ros2/install/px4_msgs/include/px4_msgs/px4_msgs/msg/detail/vehicle_command__traits.hpp\n'}
[0.846610] (px4_msgs) StdoutLine: {'line': b'-- Up-to-date: /home/nicolas/ws_ros2/install/px4_msgs/include/px4_msgs/px4_msgs/msg/detail/failsafe_flags__type_support.hpp\n'}
[0.846638] (px4_msgs) StdoutLine: {'line': b'-- Up-to-date: /home/nicolas/ws_ros2/install/px4_msgs/include/px4_msgs/px4_msgs/msg/detail/flight_phase_estimation__traits.hpp\n'}
[0.846666] (px4_msgs) StdoutLine: {'line': b'-- Up-to-date: /home/nicolas/ws_ros2/install/px4_msgs/include/px4_msgs/px4_msgs/msg/detail/goto_setpoint__struct.hpp\n'}
[0.846693] (px4_msgs) StdoutLine: {'line': b'-- Up-to-date: /home/nicolas/ws_ros2/install/px4_msgs/include/px4_msgs/px4_msgs/msg/detail/sensor_optical_flow__builder.hpp\n'}
[0.846722] (px4_msgs) StdoutLine: {'line': b'-- Up-to-date: /home/nicolas/ws_ros2/install/px4_msgs/include/px4_msgs/px4_msgs/msg/detail/obstacle_distance__builder.hpp\n'}
[0.846753] (px4_msgs) StdoutLine: {'line': b'-- Up-to-date: /home/nicolas/ws_ros2/install/px4_msgs/include/px4_msgs/px4_msgs/msg/detail/telemetry_status__type_support.hpp\n'}
[0.846780] (px4_msgs) StdoutLine: {'line': b'-- Up-to-date: /home/nicolas/ws_ros2/install/px4_msgs/include/px4_msgs/px4_msgs/msg/detail/rover_steering_setpoint__struct.hpp\n'}
[0.846809] (px4_msgs) StdoutLine: {'line': b'-- Up-to-date: /home/nicolas/ws_ros2/install/px4_msgs/include/px4_msgs/px4_msgs/msg/detail/estimator_aid_source2d__struct.hpp\n'}
[0.846838] (px4_msgs) StdoutLine: {'line': b'-- Up-to-date: /home/nicolas/ws_ros2/install/px4_msgs/include/px4_msgs/px4_msgs/msg/detail/system_power__traits.hpp\n'}
[0.846866] (px4_msgs) StdoutLine: {'line': b'-- Up-to-date: /home/nicolas/ws_ros2/install/px4_msgs/include/px4_msgs/px4_msgs/msg/detail/tune_control__struct.hpp\n'}
[0.846894] (px4_msgs) StdoutLine: {'line': b'-- Up-to-date: /home/nicolas/ws_ros2/install/px4_msgs/include/px4_msgs/px4_msgs/msg/detail/config_overrides__builder.hpp\n'}
[0.846926] (px4_msgs) StdoutLine: {'line': b'-- Up-to-date: /home/nicolas/ws_ros2/install/px4_msgs/include/px4_msgs/px4_msgs/msg/detail/power_monitor__struct.hpp\n'}
[0.846957] (px4_msgs) StdoutLine: {'line': b'-- Up-to-date: /home/nicolas/ws_ros2/install/px4_msgs/include/px4_msgs/px4_msgs/msg/detail/can_interface_status__struct.hpp\n'}
[0.846991] (px4_msgs) StdoutLine: {'line': b'-- Up-to-date: /home/nicolas/ws_ros2/install/px4_msgs/include/px4_msgs/px4_msgs/msg/detail/vehicle_optical_flow__builder.hpp\n'}
[0.847020] (px4_msgs) StdoutLine: {'line': b'-- Up-to-date: /home/nicolas/ws_ros2/install/px4_msgs/include/px4_msgs/px4_msgs/msg/detail/position_setpoint_triplet__traits.hpp\n'}
[0.847048] (px4_msgs) StdoutLine: {'line': b'-- Up-to-date: /home/nicolas/ws_ros2/install/px4_msgs/include/px4_msgs/px4_msgs/msg/detail/mission_result__builder.hpp\n'}
[0.847076] (px4_msgs) StdoutLine: {'line': b'-- Up-to-date: /home/nicolas/ws_ros2/install/px4_msgs/include/px4_msgs/px4_msgs/msg/detail/parameter_reset_request__builder.hpp\n'}
[0.847104] (px4_msgs) StdoutLine: {'line': b'-- Up-to-date: /home/nicolas/ws_ros2/install/px4_msgs/include/px4_msgs/px4_msgs/msg/detail/estimator_gps_status__type_support.hpp\n'}
[0.847132] (px4_msgs) StdoutLine: {'line': b'-- Up-to-date: /home/nicolas/ws_ros2/install/px4_msgs/include/px4_msgs/px4_msgs/msg/detail/gimbal_manager_set_attitude__traits.hpp\n'}
[0.847161] (px4_msgs) StdoutLine: {'line': b'-- Up-to-date: /home/nicolas/ws_ros2/install/px4_msgs/include/px4_msgs/px4_msgs/msg/detail/pwm_input__traits.hpp\n'}
[0.847189] (px4_msgs) StdoutLine: {'line': b'-- Up-to-date: /home/nicolas/ws_ros2/install/px4_msgs/include/px4_msgs/px4_msgs/msg/detail/magnetometer_bias_estimate__struct.hpp\n'}
[0.847217] (px4_msgs) StdoutLine: {'line': b'-- Up-to-date: /home/nicolas/ws_ros2/install/px4_msgs/include/px4_msgs/px4_msgs/msg/detail/failsafe_flags__traits.hpp\n'}
[0.847245] (px4_msgs) StdoutLine: {'line': b'-- Up-to-date: /home/nicolas/ws_ros2/install/px4_msgs/include/px4_msgs/px4_msgs/msg/detail/message_format_response__traits.hpp\n'}
[0.847272] (px4_msgs) StdoutLine: {'line': b'-- Up-to-date: /home/nicolas/ws_ros2/install/px4_msgs/include/px4_msgs/px4_msgs/msg/detail/ping__struct.hpp\n'}
[0.847302] (px4_msgs) StdoutLine: {'line': b'-- Up-to-date: /home/nicolas/ws_ros2/install/px4_msgs/include/px4_msgs/px4_msgs/msg/detail/dataman_request__builder.hpp\n'}
[0.847331] (px4_msgs) StdoutLine: {'line': b'-- Up-to-date: /home/nicolas/ws_ros2/install/px4_msgs/include/px4_msgs/px4_msgs/msg/detail/message_format_response__type_support.hpp\n'}
[0.847361] (px4_msgs) StdoutLine: {'line': b'-- Up-to-date: /home/nicolas/ws_ros2/install/px4_msgs/include/px4_msgs/px4_msgs/msg/detail/wind__traits.hpp\n'}
[0.847390] (px4_msgs) StdoutLine: {'line': b'-- Up-to-date: /home/nicolas/ws_ros2/install/px4_msgs/include/px4_msgs/px4_msgs/msg/detail/follow_target_status__type_support.hpp\n'}
[0.847419] (px4_msgs) StdoutLine: {'line': b'-- Up-to-date: /home/nicolas/ws_ros2/install/px4_msgs/include/px4_msgs/px4_msgs/msg/detail/navigator_status__type_support.hpp\n'}
[0.847453] (px4_msgs) StdoutLine: {'line': b'-- Up-to-date: /home/nicolas/ws_ros2/install/px4_msgs/include/px4_msgs/px4_msgs/msg/detail/actuator_controls_status__traits.hpp\n'}
[0.847484] (px4_msgs) StdoutLine: {'line': b'-- Up-to-date: /home/nicolas/ws_ros2/install/px4_msgs/include/px4_msgs/px4_msgs/msg/detail/ulog_stream__builder.hpp\n'}
[0.847514] (px4_msgs) StdoutLine: {'line': b'-- Up-to-date: /home/nicolas/ws_ros2/install/px4_msgs/include/px4_msgs/px4_msgs/msg/detail/estimator_sensor_bias__builder.hpp\n'}
[0.847544] (px4_msgs) StdoutLine: {'line': b'-- Up-to-date: /home/nicolas/ws_ros2/install/px4_msgs/include/px4_msgs/px4_msgs/msg/detail/gimbal_manager_information__builder.hpp\n'}
[0.847573] (px4_msgs) StdoutLine: {'line': b'-- Up-to-date: /home/nicolas/ws_ros2/install/px4_msgs/include/px4_msgs/px4_msgs/msg/detail/parameter_set_value_request__type_support.hpp\n'}
[0.847603] (px4_msgs) StdoutLine: {'line': b'-- Up-to-date: /home/nicolas/ws_ros2/install/px4_msgs/include/px4_msgs/px4_msgs/msg/detail/gimbal_manager_status__builder.hpp\n'}
[0.847632] (px4_msgs) StdoutLine: {'line': b'-- Up-to-date: /home/nicolas/ws_ros2/install/px4_msgs/include/px4_msgs/px4_msgs/msg/detail/tune_control__traits.hpp\n'}
[0.847661] (px4_msgs) StdoutLine: {'line': b'-- Up-to-date: /home/nicolas/ws_ros2/install/px4_msgs/include/px4_msgs/px4_msgs/msg/detail/rtl_status__type_support.hpp\n'}
[0.847689] (px4_msgs) StdoutLine: {'line': b'-- Up-to-date: /home/nicolas/ws_ros2/install/px4_msgs/include/px4_msgs/px4_msgs/msg/detail/debug_vect__builder.hpp\n'}
[0.847717] (px4_msgs) StdoutLine: {'line': b'-- Up-to-date: /home/nicolas/ws_ros2/install/px4_msgs/include/px4_msgs/px4_msgs/msg/detail/rtl_time_estimate__struct.hpp\n'}
[0.847746] (px4_msgs) StdoutLine: {'line': b'-- Up-to-date: /home/nicolas/ws_ros2/install/px4_msgs/include/px4_msgs/px4_msgs/msg/detail/qshell_retval__builder.hpp\n'}
[0.847776] (px4_msgs) StdoutLine: {'line': b'-- Up-to-date: /home/nicolas/ws_ros2/install/px4_msgs/include/px4_msgs/px4_msgs/msg/detail/vehicle_imu__builder.hpp\n'}
[0.847805] (px4_msgs) StdoutLine: {'line': b'-- Up-to-date: /home/nicolas/ws_ros2/install/px4_msgs/include/px4_msgs/px4_msgs/msg/detail/vehicle_attitude__builder.hpp\n'}
[0.847833] (px4_msgs) StdoutLine: {'line': b'-- Up-to-date: /home/nicolas/ws_ros2/install/px4_msgs/include/px4_msgs/px4_msgs/msg/detail/mag_worker_data__type_support.hpp\n'}
[0.847862] (px4_msgs) StdoutLine: {'line': b'-- Up-to-date: /home/nicolas/ws_ros2/install/px4_msgs/include/px4_msgs/px4_msgs/msg/detail/position_controller_landing_status__struct.hpp\n'}
[0.847894] (px4_msgs) StdoutLine: {'line': b'-- Up-to-date: /home/nicolas/ws_ros2/install/px4_msgs/include/px4_msgs/px4_msgs/msg/detail/cellular_status__struct.hpp\n'}
[0.847927] (px4_msgs) StdoutLine: {'line': b'-- Up-to-date: /home/nicolas/ws_ros2/install/px4_msgs/include/px4_msgs/px4_msgs/msg/detail/goto_setpoint__builder.hpp\n'}
[0.847962] (px4_msgs) StdoutLine: {'line': b'-- Up-to-date: /home/nicolas/ws_ros2/install/px4_msgs/include/px4_msgs/px4_msgs/msg/detail/hover_thrust_estimate__traits.hpp\n'}
[0.847990] (px4_msgs) StdoutLine: {'line': b'-- Up-to-date: /home/nicolas/ws_ros2/install/px4_msgs/include/px4_msgs/px4_msgs/msg/detail/battery_info__traits.hpp\n'}
[0.848018] (px4_msgs) StdoutLine: {'line': b'-- Up-to-date: /home/nicolas/ws_ros2/install/px4_msgs/include/px4_msgs/px4_msgs/msg/detail/sensor_gyro_fft__type_support.hpp\n'}
[0.848046] (px4_msgs) StdoutLine: {'line': b'-- Up-to-date: /home/nicolas/ws_ros2/install/px4_msgs/include/px4_msgs/px4_msgs/msg/detail/lateral_control_configuration__struct.hpp\n'}
[0.848074] (px4_msgs) StdoutLine: {'line': b'-- Up-to-date: /home/nicolas/ws_ros2/install/px4_msgs/include/px4_msgs/px4_msgs/msg/detail/control_allocator_status__builder.hpp\n'}
[0.848102] (px4_msgs) StdoutLine: {'line': b'-- Up-to-date: /home/nicolas/ws_ros2/install/px4_msgs/include/px4_msgs/px4_msgs/msg/detail/tiltrotor_extra_controls__traits.hpp\n'}
[0.848130] (px4_msgs) StdoutLine: {'line': b'-- Up-to-date: /home/nicolas/ws_ros2/install/px4_msgs/include/px4_msgs/px4_msgs/msg/detail/wheel_encoders__struct.hpp\n'}
[0.848161] (px4_msgs) StdoutLine: {'line': b'-- Up-to-date: /home/nicolas/ws_ros2/install/px4_msgs/include/px4_msgs/px4_msgs/msg/detail/figure_eight_status__builder.hpp\n'}
[0.848189] (px4_msgs) StdoutLine: {'line': b'-- Up-to-date: /home/nicolas/ws_ros2/install/px4_msgs/include/px4_msgs/px4_msgs/msg/detail/debug_array__traits.hpp\n'}
[0.848217] (px4_msgs) StdoutLine: {'line': b'-- Up-to-date: /home/nicolas/ws_ros2/install/px4_msgs/include/px4_msgs/px4_msgs/msg/detail/mission_result__struct.hpp\n'}
[0.848247] (px4_msgs) StdoutLine: {'line': b'-- Up-to-date: /home/nicolas/ws_ros2/install/px4_msgs/include/px4_msgs/px4_msgs/msg/detail/esc_status__traits.hpp\n'}
[0.848275] (px4_msgs) StdoutLine: {'line': b'-- Up-to-date: /home/nicolas/ws_ros2/install/px4_msgs/include/px4_msgs/px4_msgs/msg/detail/iridiumsbd_status__builder.hpp\n'}
[0.848303] (px4_msgs) StdoutLine: {'line': b'-- Up-to-date: /home/nicolas/ws_ros2/install/px4_msgs/include/px4_msgs/px4_msgs/msg/detail/rtl_status__builder.hpp\n'}
[0.848330] (px4_msgs) StdoutLine: {'line': b'-- Up-to-date: /home/nicolas/ws_ros2/install/px4_msgs/include/px4_msgs/px4_msgs/msg/detail/distance_sensor_mode_change_request__traits.hpp\n'}
[0.848359] (px4_msgs) StdoutLine: {'line': b'-- Up-to-date: /home/nicolas/ws_ros2/install/px4_msgs/include/px4_msgs/px4_msgs/msg/detail/differential_pressure__traits.hpp\n'}
[0.848387] (px4_msgs) StdoutLine: {'line': b'-- Up-to-date: /home/nicolas/ws_ros2/install/px4_msgs/include/px4_msgs/px4_msgs/msg/detail/open_drone_id_self_id__struct.hpp\n'}
[0.848415] (px4_msgs) StdoutLine: {'line': b'-- Up-to-date: /home/nicolas/ws_ros2/install/px4_msgs/include/px4_msgs/px4_msgs/msg/detail/geofence_result__builder.hpp\n'}
[0.848443] (px4_msgs) StdoutLine: {'line': b'-- Up-to-date: /home/nicolas/ws_ros2/install/px4_msgs/include/px4_msgs/px4_msgs/msg/detail/tiltrotor_extra_controls__builder.hpp\n'}
[0.848471] (px4_msgs) StdoutLine: {'line': b'-- Up-to-date: /home/nicolas/ws_ros2/install/px4_msgs/include/px4_msgs/px4_msgs/msg/detail/vehicle_global_position__struct.hpp\n'}
[0.848499] (px4_msgs) StdoutLine: {'line': b'-- Up-to-date: /home/nicolas/ws_ros2/install/px4_msgs/include/px4_msgs/px4_msgs/msg/detail/wheel_encoders__builder.hpp\n'}
[0.848527] (px4_msgs) StdoutLine: {'line': b'-- Up-to-date: /home/nicolas/ws_ros2/install/px4_msgs/include/px4_msgs/px4_msgs/msg/detail/mag_worker_data__struct.hpp\n'}
[0.848554] (px4_msgs) StdoutLine: {'line': b'-- Up-to-date: /home/nicolas/ws_ros2/install/px4_msgs/include/px4_msgs/px4_msgs/msg/detail/task_stack_info__struct.hpp\n'}
[0.848582] (px4_msgs) StdoutLine: {'line': b'-- Up-to-date: /home/nicolas/ws_ros2/install/px4_msgs/include/px4_msgs/px4_msgs/msg/detail/camera_capture__type_support.hpp\n'}
[0.848610] (px4_msgs) StdoutLine: {'line': b'-- Up-to-date: /home/nicolas/ws_ros2/install/px4_msgs/include/px4_msgs/px4_msgs/msg/detail/velocity_limits__builder.hpp\n'}
[0.848639] (px4_msgs) StdoutLine: {'line': b'-- Up-to-date: /home/nicolas/ws_ros2/install/px4_msgs/include/px4_msgs/px4_msgs/msg/detail/actuator_motors__struct.hpp\n'}
[0.848667] (px4_msgs) StdoutLine: {'line': b'-- Up-to-date: /home/nicolas/ws_ros2/install/px4_msgs/include/px4_msgs/px4_msgs/msg/detail/position_setpoint__builder.hpp\n'}
[0.848697] (px4_msgs) StdoutLine: {'line': b'-- Up-to-date: /home/nicolas/ws_ros2/install/px4_msgs/include/px4_msgs/px4_msgs/msg/detail/sensor_gyro__builder.hpp\n'}
[0.848725] (px4_msgs) StdoutLine: {'line': b'-- Up-to-date: /home/nicolas/ws_ros2/install/px4_msgs/include/px4_msgs/px4_msgs/msg/detail/cpuload__builder.hpp\n'}
[0.848753] (px4_msgs) StdoutLine: {'line': b'-- Up-to-date: /home/nicolas/ws_ros2/install/px4_msgs/include/px4_msgs/px4_msgs/msg/detail/vehicle_local_position__struct.hpp\n'}
[0.848780] (px4_msgs) StdoutLine: {'line': b'-- Up-to-date: /home/nicolas/ws_ros2/install/px4_msgs/include/px4_msgs/px4_msgs/msg/detail/qshell_retval__traits.hpp\n'}
[0.848810] (px4_msgs) StdoutLine: {'line': b'-- Up-to-date: /home/nicolas/ws_ros2/install/px4_msgs/include/px4_msgs/px4_msgs/msg/detail/estimator_innovations__struct.hpp\n'}
[0.848841] (px4_msgs) StdoutLine: {'line': b'-- Up-to-date: /home/nicolas/ws_ros2/install/px4_msgs/include/px4_msgs/px4_msgs/msg/detail/mavlink_log__struct.hpp\n'}
[0.848869] (px4_msgs) StdoutLine: {'line': b'-- Up-to-date: /home/nicolas/ws_ros2/install/px4_msgs/include/px4_msgs/px4_msgs/msg/detail/vehicle_torque_setpoint__builder.hpp\n'}
[0.848897] (px4_msgs) StdoutLine: {'line': b'-- Up-to-date: /home/nicolas/ws_ros2/install/px4_msgs/include/px4_msgs/px4_msgs/msg/detail/parameter_set_used_request__builder.hpp\n'}
[0.848934] (px4_msgs) StdoutLine: {'line': b'-- Up-to-date: /home/nicolas/ws_ros2/install/px4_msgs/include/px4_msgs/px4_msgs/msg/detail/vehicle_constraints__traits.hpp\n'}
[0.848964] (px4_msgs) StdoutLine: {'line': b'-- Up-to-date: /home/nicolas/ws_ros2/install/px4_msgs/include/px4_msgs/px4_msgs/msg/detail/estimator_status__type_support.hpp\n'}
[0.848992] (px4_msgs) StdoutLine: {'line': b'-- Up-to-date: /home/nicolas/ws_ros2/install/px4_msgs/include/px4_msgs/px4_msgs/msg/detail/gimbal_manager_information__traits.hpp\n'}
[0.849021] (px4_msgs) StdoutLine: {'line': b'-- Up-to-date: /home/nicolas/ws_ros2/install/px4_msgs/include/px4_msgs/px4_msgs/msg/detail/distance_sensor__type_support.hpp\n'}
[0.849049] (px4_msgs) StdoutLine: {'line': b'-- Up-to-date: /home/nicolas/ws_ros2/install/px4_msgs/include/px4_msgs/px4_msgs/msg/detail/timesync_status__type_support.hpp\n'}
[0.849077] (px4_msgs) StdoutLine: {'line': b'-- Up-to-date: /home/nicolas/ws_ros2/install/px4_msgs/include/px4_msgs/px4_msgs/msg/detail/vehicle_odometry__struct.hpp\n'}
[0.849106] (px4_msgs) StdoutLine: {'line': b'-- Up-to-date: /home/nicolas/ws_ros2/install/px4_msgs/include/px4_msgs/px4_msgs/msg/detail/manual_control_setpoint__builder.hpp\n'}
[0.849134] (px4_msgs) StdoutLine: {'line': b'-- Up-to-date: /home/nicolas/ws_ros2/install/px4_msgs/include/px4_msgs/px4_msgs/msg/detail/sensor_preflight_mag__builder.hpp\n'}
[0.849163] (px4_msgs) StdoutLine: {'line': b'-- Up-to-date: /home/nicolas/ws_ros2/install/px4_msgs/include/px4_msgs/px4_msgs/msg/detail/rpm__type_support.hpp\n'}
[0.849191] (px4_msgs) StdoutLine: {'line': b'-- Up-to-date: /home/nicolas/ws_ros2/install/px4_msgs/include/px4_msgs/px4_msgs/msg/detail/sensor_gyro__type_support.hpp\n'}
[0.849219] (px4_msgs) StdoutLine: {'line': b'-- Up-to-date: /home/nicolas/ws_ros2/install/px4_msgs/include/px4_msgs/px4_msgs/msg/detail/velocity_limits__type_support.hpp\n'}
[0.849247] (px4_msgs) StdoutLine: {'line': b'-- Up-to-date: /home/nicolas/ws_ros2/install/px4_msgs/include/px4_msgs/px4_msgs/msg/detail/vehicle_thrust_setpoint__traits.hpp\n'}
[0.849274] (px4_msgs) StdoutLine: {'line': b'-- Up-to-date: /home/nicolas/ws_ros2/install/px4_msgs/include/px4_msgs/px4_msgs/msg/detail/airspeed__builder.hpp\n'}
[0.849302] (px4_msgs) StdoutLine: {'line': b'-- Up-to-date: /home/nicolas/ws_ros2/install/px4_msgs/include/px4_msgs/px4_msgs/msg/detail/actuator_armed__struct.hpp\n'}
[0.849330] (px4_msgs) StdoutLine: {'line': b'-- Up-to-date: /home/nicolas/ws_ros2/install/px4_msgs/include/px4_msgs/px4_msgs/msg/detail/sensor_gnss_status__type_support.hpp\n'}
[0.849358] (px4_msgs) StdoutLine: {'line': b'-- Up-to-date: /home/nicolas/ws_ros2/install/px4_msgs/include/px4_msgs/px4_msgs/msg/detail/vehicle_rates_setpoint__type_support.hpp\n'}
[0.849387] (px4_msgs) StdoutLine: {'line': b'-- Up-to-date: /home/nicolas/ws_ros2/install/px4_msgs/include/px4_msgs/px4_msgs/msg/detail/sensor_mag__type_support.hpp\n'}
[0.849415] (px4_msgs) StdoutLine: {'line': b'-- Up-to-date: /home/nicolas/ws_ros2/install/px4_msgs/include/px4_msgs/px4_msgs/msg/detail/mode_completed__traits.hpp\n'}
[0.849444] (px4_msgs) StdoutLine: {'line': b'-- Up-to-date: /home/nicolas/ws_ros2/install/px4_msgs/include/px4_msgs/px4_msgs/msg/detail/fuel_tank_status__struct.hpp\n'}
[0.849482] (px4_msgs) StdoutLine: {'line': b'-- Up-to-date: /home/nicolas/ws_ros2/install/px4_msgs/include/px4_msgs/px4_msgs/msg/detail/autotune_attitude_control_status__traits.hpp\n'}
[0.849510] (px4_msgs) StdoutLine: {'line': b'-- Up-to-date: /home/nicolas/ws_ros2/install/px4_msgs/include/px4_msgs/px4_msgs/msg/detail/vehicle_optical_flow__struct.hpp\n'}
[0.849550] (px4_msgs) StdoutLine: {'line': b'-- Up-to-date: /home/nicolas/ws_ros2/install/px4_msgs/include/px4_msgs/px4_msgs/msg/detail/camera_trigger__traits.hpp\n'}
[0.849586] (px4_msgs) StdoutLine: {'line': b'-- Up-to-date: /home/nicolas/ws_ros2/install/px4_msgs/include/px4_msgs/px4_msgs/msg/detail/estimator_innovations__type_support.hpp\n'}
[0.849630] (px4_msgs) StdoutLine: {'line': b'-- Up-to-date: /home/nicolas/ws_ros2/install/px4_msgs/include/px4_msgs/px4_msgs/msg/detail/transponder_report__builder.hpp\n'}
[0.849667] (px4_msgs) StdoutLine: {'line': b'-- Up-to-date: /home/nicolas/ws_ros2/install/px4_msgs/include/px4_msgs/px4_msgs/msg/detail/actuator_outputs__traits.hpp\n'}
[0.849702] (px4_msgs) StdoutLine: {'line': b'-- Up-to-date: /home/nicolas/ws_ros2/install/px4_msgs/include/px4_msgs/px4_msgs/msg/detail/rover_throttle_setpoint__type_support.hpp\n'}
[0.849749] (px4_msgs) StdoutLine: {'line': b'-- Up-to-date: /home/nicolas/ws_ros2/install/px4_msgs/include/px4_msgs/px4_msgs/msg/detail/gimbal_manager_status__type_support.hpp\n'}
[0.849792] (px4_msgs) StdoutLine: {'line': b'-- Up-to-date: /home/nicolas/ws_ros2/install/px4_msgs/include/px4_msgs/px4_msgs/msg/detail/parameter_set_used_request__type_support.hpp\n'}
[0.849829] (px4_msgs) StdoutLine: {'line': b'-- Up-to-date: /home/nicolas/ws_ros2/install/px4_msgs/include/px4_msgs/px4_msgs/msg/detail/debug_vect__traits.hpp\n'}
[0.849865] (px4_msgs) StdoutLine: {'line': b'-- Up-to-date: /home/nicolas/ws_ros2/install/px4_msgs/include/px4_msgs/px4_msgs/msg/detail/landing_target_pose__builder.hpp\n'}
[0.849908] (px4_msgs) StdoutLine: {'line': b'-- Up-to-date: /home/nicolas/ws_ros2/install/px4_msgs/include/px4_msgs/px4_msgs/msg/detail/orbit_status__builder.hpp\n'}
[0.849949] (px4_msgs) StdoutLine: {'line': b'-- Up-to-date: /home/nicolas/ws_ros2/install/px4_msgs/include/px4_msgs/px4_msgs/msg/detail/vehicle_command_ack__struct.hpp\n'}
[0.849979] (px4_msgs) StdoutLine: {'line': b'-- Up-to-date: /home/nicolas/ws_ros2/install/px4_msgs/include/px4_msgs/px4_msgs/msg/detail/rtl_status__struct.hpp\n'}
[0.850013] (px4_msgs) StdoutLine: {'line': b'-- Up-to-date: /home/nicolas/ws_ros2/install/px4_msgs/include/px4_msgs/px4_msgs/msg/detail/actuator_outputs__builder.hpp\n'}
[0.850042] (px4_msgs) StdoutLine: {'line': b'-- Up-to-date: /home/nicolas/ws_ros2/install/px4_msgs/include/px4_msgs/px4_msgs/msg/detail/open_drone_id_system__type_support.hpp\n'}
[0.850070] (px4_msgs) StdoutLine: {'line': b'-- Up-to-date: /home/nicolas/ws_ros2/install/px4_msgs/include/px4_msgs/px4_msgs/msg/detail/orbit_status__struct.hpp\n'}
[0.850097] (px4_msgs) StdoutLine: {'line': b'-- Up-to-date: /home/nicolas/ws_ros2/install/px4_msgs/include/px4_msgs/px4_msgs/msg/detail/vehicle_constraints__type_support.hpp\n'}
[0.850126] (px4_msgs) StdoutLine: {'line': b'-- Up-to-date: /home/nicolas/ws_ros2/install/px4_msgs/include/px4_msgs/px4_msgs/msg/detail/heater_status__builder.hpp\n'}
[0.850154] (px4_msgs) StdoutLine: {'line': b'-- Up-to-date: /home/nicolas/ws_ros2/install/px4_msgs/include/px4_msgs/px4_msgs/msg/detail/gimbal_controls__builder.hpp\n'}
[0.850182] (px4_msgs) StdoutLine: {'line': b'-- Up-to-date: /home/nicolas/ws_ros2/install/px4_msgs/include/px4_msgs/px4_msgs/msg/detail/sensor_uwb__type_support.hpp\n'}
[0.850210] (px4_msgs) StdoutLine: {'line': b'-- Up-to-date: /home/nicolas/ws_ros2/install/px4_msgs/include/px4_msgs/px4_msgs/msg/detail/register_ext_component_reply__traits.hpp\n'}
[0.850238] (px4_msgs) StdoutLine: {'line': b'-- Up-to-date: /home/nicolas/ws_ros2/install/px4_msgs/include/px4_msgs/px4_msgs/msg/detail/iridiumsbd_status__type_support.hpp\n'}
[0.850266] (px4_msgs) StdoutLine: {'line': b'-- Up-to-date: /home/nicolas/ws_ros2/install/px4_msgs/include/px4_msgs/px4_msgs/msg/detail/irlock_report__traits.hpp\n'}
[0.850294] (px4_msgs) StdoutLine: {'line': b'-- Up-to-date: /home/nicolas/ws_ros2/install/px4_msgs/include/px4_msgs/px4_msgs/msg/detail/differential_pressure__type_support.hpp\n'}
[0.850325] (px4_msgs) StdoutLine: {'line': b'-- Up-to-date: /home/nicolas/ws_ros2/install/px4_msgs/include/px4_msgs/px4_msgs/msg/detail/gps_inject_data__struct.hpp\n'}
[0.850352] (px4_msgs) StdoutLine: {'line': b'-- Up-to-date: /home/nicolas/ws_ros2/install/px4_msgs/include/px4_msgs/px4_msgs/msg/detail/sensor_accel__type_support.hpp\n'}
[0.850381] (px4_msgs) StdoutLine: {'line': b'-- Up-to-date: /home/nicolas/ws_ros2/install/px4_msgs/include/px4_msgs/px4_msgs/msg/detail/estimator_bias3d__traits.hpp\n'}
[0.850409] (px4_msgs) StdoutLine: {'line': b'-- Up-to-date: /home/nicolas/ws_ros2/install/px4_msgs/include/px4_msgs/px4_msgs/msg/detail/adc_report__traits.hpp\n'}
[0.850437] (px4_msgs) StdoutLine: {'line': b'-- Up-to-date: /home/nicolas/ws_ros2/install/px4_msgs/include/px4_msgs/px4_msgs/msg/detail/sensor_gyro_fft__struct.hpp\n'}
[0.850465] (px4_msgs) StdoutLine: {'line': b'-- Up-to-date: /home/nicolas/ws_ros2/install/px4_msgs/include/px4_msgs/px4_msgs/msg/detail/mode_completed__builder.hpp\n'}
[0.850494] (px4_msgs) StdoutLine: {'line': b'-- Up-to-date: /home/nicolas/ws_ros2/install/px4_msgs/include/px4_msgs/px4_msgs/msg/detail/sensor_baro__traits.hpp\n'}
[0.850522] (px4_msgs) StdoutLine: {'line': b'-- Up-to-date: /home/nicolas/ws_ros2/install/px4_msgs/include/px4_msgs/px4_msgs/msg/detail/message_format_request__traits.hpp\n'}
[0.850551] (px4_msgs) StdoutLine: {'line': b'-- Up-to-date: /home/nicolas/ws_ros2/install/px4_msgs/include/px4_msgs/px4_msgs/msg/detail/vehicle_land_detected__builder.hpp\n'}
[0.850579] (px4_msgs) StdoutLine: {'line': b'-- Up-to-date: /home/nicolas/ws_ros2/install/px4_msgs/include/px4_msgs/px4_msgs/msg/detail/debug_vect__struct.hpp\n'}
[0.850607] (px4_msgs) StdoutLine: {'line': b'-- Up-to-date: /home/nicolas/ws_ros2/install/px4_msgs/include/px4_msgs/px4_msgs/msg/detail/gpio_config__type_support.hpp\n'}
[0.850636] (px4_msgs) StdoutLine: {'line': b'-- Up-to-date: /home/nicolas/ws_ros2/install/px4_msgs/include/px4_msgs/px4_msgs/msg/detail/fixed_wing_lateral_status__traits.hpp\n'}
[0.850666] (px4_msgs) StdoutLine: {'line': b'-- Up-to-date: /home/nicolas/ws_ros2/install/px4_msgs/include/px4_msgs/px4_msgs/msg/detail/heater_status__type_support.hpp\n'}
[0.850696] (px4_msgs) StdoutLine: {'line': b'-- Up-to-date: /home/nicolas/ws_ros2/install/px4_msgs/include/px4_msgs/px4_msgs/msg/detail/sensor_airflow__struct.hpp\n'}
[0.850727] (px4_msgs) StdoutLine: {'line': b'-- Up-to-date: /home/nicolas/ws_ros2/install/px4_msgs/include/px4_msgs/px4_msgs/msg/detail/landing_target_innovations__traits.hpp\n'}
[0.850764] (px4_msgs) StdoutLine: {'line': b'-- Up-to-date: /home/nicolas/ws_ros2/install/px4_msgs/include/px4_msgs/px4_msgs/msg/detail/gimbal_device_attitude_status__type_support.hpp\n'}
[0.850792] (px4_msgs) StdoutLine: {'line': b'-- Up-to-date: /home/nicolas/ws_ros2/install/px4_msgs/include/px4_msgs/px4_msgs/msg/detail/estimator_states__traits.hpp\n'}
[0.850821] (px4_msgs) StdoutLine: {'line': b'-- Up-to-date: /home/nicolas/ws_ros2/install/px4_msgs/include/px4_msgs/px4_msgs/msg/detail/rover_attitude_status__type_support.hpp\n'}
[0.850850] (px4_msgs) StdoutLine: {'line': b'-- Up-to-date: /home/nicolas/ws_ros2/install/px4_msgs/include/px4_msgs/px4_msgs/msg/detail/system_power__type_support.hpp\n'}
[0.850878] (px4_msgs) StdoutLine: {'line': b'-- Up-to-date: /home/nicolas/ws_ros2/install/px4_msgs/include/px4_msgs/px4_msgs/msg/detail/generator_status__builder.hpp\n'}
[0.850908] (px4_msgs) StdoutLine: {'line': b'-- Up-to-date: /home/nicolas/ws_ros2/install/px4_msgs/include/px4_msgs/px4_msgs/msg/detail/estimator_gps_status__builder.hpp\n'}
[0.851095] (px4_msgs) StdoutLine: {'line': b'-- Up-to-date: /home/nicolas/ws_ros2/install/px4_msgs/include/px4_msgs/px4_msgs/msg/detail/dronecan_node_status__type_support.hpp\n'}
[0.851160] (px4_msgs) StdoutLine: {'line': b'-- Up-to-date: /home/nicolas/ws_ros2/install/px4_msgs/include/px4_msgs/px4_msgs/msg/detail/airspeed_wind__builder.hpp\n'}
[0.851197] (px4_msgs) StdoutLine: {'line': b'-- Up-to-date: /home/nicolas/ws_ros2/install/px4_msgs/include/px4_msgs/px4_msgs/msg/detail/log_message__builder.hpp\n'}
[0.851233] (px4_msgs) StdoutLine: {'line': b'-- Up-to-date: /home/nicolas/ws_ros2/install/px4_msgs/include/px4_msgs/px4_msgs/msg/detail/collision_constraints__traits.hpp\n'}
[0.851265] (px4_msgs) StdoutLine: {'line': b'-- Up-to-date: /home/nicolas/ws_ros2/install/px4_msgs/include/px4_msgs/px4_msgs/msg/detail/pwm_input__struct.hpp\n'}
[0.851299] (px4_msgs) StdoutLine: {'line': b'-- Up-to-date: /home/nicolas/ws_ros2/install/px4_msgs/include/px4_msgs/px4_msgs/msg/detail/parameter_reset_request__type_support.hpp\n'}
[0.851330] (px4_msgs) StdoutLine: {'line': b'-- Up-to-date: /home/nicolas/ws_ros2/install/px4_msgs/include/px4_msgs/px4_msgs/msg/detail/vehicle_imu_status__type_support.hpp\n'}
[0.851361] (px4_msgs) StdoutLine: {'line': b'-- Up-to-date: /home/nicolas/ws_ros2/install/px4_msgs/include/px4_msgs/px4_msgs/msg/detail/vehicle_thrust_setpoint__builder.hpp\n'}
[0.851391] (px4_msgs) StdoutLine: {'line': b'-- Up-to-date: /home/nicolas/ws_ros2/install/px4_msgs/include/px4_msgs/px4_msgs/msg/detail/radio_status__type_support.hpp\n'}
[0.851420] (px4_msgs) StdoutLine: {'line': b'-- Up-to-date: /home/nicolas/ws_ros2/install/px4_msgs/include/px4_msgs/px4_msgs/msg/detail/vehicle_imu__type_support.hpp\n'}
[0.851450] (px4_msgs) StdoutLine: {'line': b'-- Up-to-date: /home/nicolas/ws_ros2/install/px4_msgs/include/px4_msgs/px4_msgs/msg/detail/action_request__traits.hpp\n'}
[0.851480] (px4_msgs) StdoutLine: {'line': b'-- Up-to-date: /home/nicolas/ws_ros2/install/px4_msgs/include/px4_msgs/px4_msgs/msg/detail/gpio_request__builder.hpp\n'}
[0.851509] (px4_msgs) StdoutLine: {'line': b'-- Up-to-date: /home/nicolas/ws_ros2/install/px4_msgs/include/px4_msgs/px4_msgs/msg/detail/hover_thrust_estimate__builder.hpp\n'}
[0.851538] (px4_msgs) StdoutLine: {'line': b'-- Up-to-date: /home/nicolas/ws_ros2/install/px4_msgs/include/px4_msgs/px4_msgs/msg/detail/follow_target__type_support.hpp\n'}
[0.851567] (px4_msgs) StdoutLine: {'line': b'-- Up-to-date: /home/nicolas/ws_ros2/install/px4_msgs/include/px4_msgs/px4_msgs/msg/detail/airspeed_validated__traits.hpp\n'}
[0.851595] (px4_msgs) StdoutLine: {'line': b'-- Up-to-date: /home/nicolas/ws_ros2/install/px4_msgs/include/px4_msgs/px4_msgs/msg/detail/rc_parameter_map__struct.hpp\n'}
[0.851625] (px4_msgs) StdoutLine: {'line': b'-- Up-to-date: /home/nicolas/ws_ros2/install/px4_msgs/include/px4_msgs/px4_msgs/msg/detail/open_drone_id_arm_status__struct.hpp\n'}
[0.851655] (px4_msgs) StdoutLine: {'line': b'-- Up-to-date: /home/nicolas/ws_ros2/install/px4_msgs/include/px4_msgs/px4_msgs/msg/detail/gimbal_manager_status__traits.hpp\n'}
[0.851684] (px4_msgs) StdoutLine: {'line': b'-- Up-to-date: /home/nicolas/ws_ros2/install/px4_msgs/include/px4_msgs/px4_msgs/msg/detail/gimbal_device_set_attitude__struct.hpp\n'}
[0.851714] (px4_msgs) StdoutLine: {'line': b'-- Up-to-date: /home/nicolas/ws_ros2/install/px4_msgs/include/px4_msgs/px4_msgs/msg/detail/airspeed_validated__builder.hpp\n'}
[0.851752] (px4_msgs) StdoutLine: {'line': b'-- Up-to-date: /home/nicolas/ws_ros2/install/px4_msgs/include/px4_msgs/px4_msgs/msg/detail/gimbal_manager_set_manual_control__type_support.hpp\n'}
[0.851781] (px4_msgs) StdoutLine: {'line': b'-- Up-to-date: /home/nicolas/ws_ros2/install/px4_msgs/include/px4_msgs/px4_msgs/msg/detail/sensor_selection__traits.hpp\n'}
[0.851810] (px4_msgs) StdoutLine: {'line': b'-- Up-to-date: /home/nicolas/ws_ros2/install/px4_msgs/include/px4_msgs/px4_msgs/msg/detail/sensor_hygrometer__struct.hpp\n'}
[0.851845] (px4_msgs) StdoutLine: {'line': b'-- Up-to-date: /home/nicolas/ws_ros2/install/px4_msgs/include/px4_msgs/px4_msgs/msg/detail/airspeed_wind__struct.hpp\n'}
[0.851875] (px4_msgs) StdoutLine: {'line': b'-- Up-to-date: /home/nicolas/ws_ros2/install/px4_msgs/include/px4_msgs/px4_msgs/msg/detail/failsafe_flags__builder.hpp\n'}
[0.851904] (px4_msgs) StdoutLine: {'line': b'-- Up-to-date: /home/nicolas/ws_ros2/install/px4_msgs/include/px4_msgs/px4_msgs/msg/detail/input_rc__type_support.hpp\n'}
[0.851943] (px4_msgs) StdoutLine: {'line': b'-- Up-to-date: /home/nicolas/ws_ros2/install/px4_msgs/include/px4_msgs/px4_msgs/msg/detail/sensor_accel_fifo__struct.hpp\n'}
[0.851976] (px4_msgs) StdoutLine: {'line': b'-- Up-to-date: /home/nicolas/ws_ros2/install/px4_msgs/include/px4_msgs/px4_msgs/msg/detail/vtol_vehicle_status__type_support.hpp\n'}
[0.852006] (px4_msgs) StdoutLine: {'line': b'-- Up-to-date: /home/nicolas/ws_ros2/install/px4_msgs/include/px4_msgs/px4_msgs/msg/detail/parameter_update__struct.hpp\n'}
[0.852035] (px4_msgs) StdoutLine: {'line': b'-- Up-to-date: /home/nicolas/ws_ros2/install/px4_msgs/include/px4_msgs/px4_msgs/msg/detail/input_rc__builder.hpp\n'}
[0.852064] (px4_msgs) StdoutLine: {'line': b'-- Up-to-date: /home/nicolas/ws_ros2/install/px4_msgs/include/px4_msgs/px4_msgs/msg/detail/debug_value__builder.hpp\n'}
[0.852093] (px4_msgs) StdoutLine: {'line': b'-- Up-to-date: /home/nicolas/ws_ros2/install/px4_msgs/include/px4_msgs/px4_msgs/msg/detail/vehicle_optical_flow_vel__type_support.hpp\n'}
[0.852121] (px4_msgs) StdoutLine: {'line': b'-- Up-to-date: /home/nicolas/ws_ros2/install/px4_msgs/include/px4_msgs/px4_msgs/msg/detail/rover_throttle_setpoint__traits.hpp\n'}
[0.852150] (px4_msgs) StdoutLine: {'line': b'-- Up-to-date: /home/nicolas/ws_ros2/install/px4_msgs/include/px4_msgs/px4_msgs/msg/detail/sensor_baro__builder.hpp\n'}
[0.852185] (px4_msgs) StdoutLine: {'line': b'-- Up-to-date: /home/nicolas/ws_ros2/install/px4_msgs/include/px4_msgs/px4_msgs/msg/detail/control_allocator_status__type_support.hpp\n'}
[0.852213] (px4_msgs) StdoutLine: {'line': b'-- Up-to-date: /home/nicolas/ws_ros2/install/px4_msgs/include/px4_msgs/px4_msgs/msg/detail/vehicle_imu__struct.hpp\n'}
[0.852242] (px4_msgs) StdoutLine: {'line': b'-- Up-to-date: /home/nicolas/ws_ros2/install/px4_msgs/include/px4_msgs/px4_msgs/msg/detail/pwm_input__builder.hpp\n'}
[0.852271] (px4_msgs) StdoutLine: {'line': b'-- Up-to-date: /home/nicolas/ws_ros2/install/px4_msgs/include/px4_msgs/px4_msgs/msg/detail/tune_control__type_support.hpp\n'}
[0.852300] (px4_msgs) StdoutLine: {'line': b'-- Up-to-date: /home/nicolas/ws_ros2/install/px4_msgs/include/px4_msgs/px4_msgs/msg/detail/rover_rate_setpoint__struct.hpp\n'}
[0.852328] (px4_msgs) StdoutLine: {'line': b'-- Up-to-date: /home/nicolas/ws_ros2/install/px4_msgs/include/px4_msgs/px4_msgs/msg/detail/logger_status__builder.hpp\n'}
[0.852355] (px4_msgs) StdoutLine: {'line': b'-- Up-to-date: /home/nicolas/ws_ros2/install/px4_msgs/include/px4_msgs/px4_msgs/msg/detail/gripper__type_support.hpp\n'}
[0.852384] (px4_msgs) StdoutLine: {'line': b'-- Up-to-date: /home/nicolas/ws_ros2/install/px4_msgs/include/px4_msgs/px4_msgs/msg/detail/internal_combustion_engine_status__struct.hpp\n'}
[0.852412] (px4_msgs) StdoutLine: {'line': b'-- Up-to-date: /home/nicolas/ws_ros2/install/px4_msgs/include/px4_msgs/px4_msgs/msg/detail/rover_speed_status__builder.hpp\n'}
[0.852440] (px4_msgs) StdoutLine: {'line': b'-- Up-to-date: /home/nicolas/ws_ros2/install/px4_msgs/include/px4_msgs/px4_msgs/msg/detail/irlock_report__builder.hpp\n'}
[0.852468] (px4_msgs) StdoutLine: {'line': b'-- Up-to-date: /home/nicolas/ws_ros2/install/px4_msgs/include/px4_msgs/px4_msgs/msg/detail/mavlink_tunnel__builder.hpp\n'}
[0.852497] (px4_msgs) StdoutLine: {'line': b'-- Up-to-date: /home/nicolas/ws_ros2/install/px4_msgs/include/px4_msgs/px4_msgs/msg/detail/vehicle_roi__type_support.hpp\n'}
[0.852525] (px4_msgs) StdoutLine: {'line': b'-- Up-to-date: /home/nicolas/ws_ros2/install/px4_msgs/include/px4_msgs/px4_msgs/msg/detail/fixed_wing_runway_control__type_support.hpp\n'}
[0.852552] (px4_msgs) StdoutLine: {'line': b'-- Up-to-date: /home/nicolas/ws_ros2/install/px4_msgs/include/px4_msgs/px4_msgs/msg/detail/distance_sensor_mode_change_request__struct.hpp\n'}
[0.852581] (px4_msgs) StdoutLine: {'line': b'-- Up-to-date: /home/nicolas/ws_ros2/install/px4_msgs/include/px4_msgs/px4_msgs/msg/detail/estimator_bias3d__struct.hpp\n'}
[0.852609] (px4_msgs) StdoutLine: {'line': b'-- Up-to-date: /home/nicolas/ws_ros2/install/px4_msgs/include/px4_msgs/px4_msgs/msg/detail/vehicle_angular_velocity__type_support.hpp\n'}
[0.852636] (px4_msgs) StdoutLine: {'line': b'-- Up-to-date: /home/nicolas/ws_ros2/install/px4_msgs/include/px4_msgs/px4_msgs/msg/detail/parameter_update__traits.hpp\n'}
[0.852667] (px4_msgs) StdoutLine: {'line': b'-- Up-to-date: /home/nicolas/ws_ros2/install/px4_msgs/include/px4_msgs/px4_msgs/msg/detail/mavlink_log__builder.hpp\n'}
[0.852704] (px4_msgs) StdoutLine: {'line': b'-- Up-to-date: /home/nicolas/ws_ros2/install/px4_msgs/include/px4_msgs/px4_msgs/msg/detail/esc_status__struct.hpp\n'}
[0.852734] (px4_msgs) StdoutLine: {'line': b'-- Up-to-date: /home/nicolas/ws_ros2/install/px4_msgs/include/px4_msgs/px4_msgs/msg/detail/sensor_accel__struct.hpp\n'}
[0.852762] (px4_msgs) StdoutLine: {'line': b'-- Up-to-date: /home/nicolas/ws_ros2/install/px4_msgs/include/px4_msgs/px4_msgs/msg/detail/sensor_gyro_fifo__type_support.hpp\n'}
[0.852793] (px4_msgs) StdoutLine: {'line': b'-- Up-to-date: /home/nicolas/ws_ros2/install/px4_msgs/include/px4_msgs/px4_msgs/msg/detail/gps_dump__builder.hpp\n'}
[0.852822] (px4_msgs) StdoutLine: {'line': b'-- Up-to-date: /home/nicolas/ws_ros2/install/px4_msgs/include/px4_msgs/px4_msgs/msg/detail/orb_test__struct.hpp\n'}
[0.852850] (px4_msgs) StdoutLine: {'line': b'-- Up-to-date: /home/nicolas/ws_ros2/install/px4_msgs/include/px4_msgs/px4_msgs/msg/detail/ulog_stream_ack__struct.hpp\n'}
[0.852879] (px4_msgs) StdoutLine: {'line': b'-- Up-to-date: /home/nicolas/ws_ros2/install/px4_msgs/include/px4_msgs/px4_msgs/msg/detail/collision_constraints__builder.hpp\n'}
[0.852907] (px4_msgs) StdoutLine: {'line': b'-- Up-to-date: /home/nicolas/ws_ros2/install/px4_msgs/include/px4_msgs/px4_msgs/msg/detail/manual_control_switches__builder.hpp\n'}
[0.852942] (px4_msgs) StdoutLine: {'line': b'-- Up-to-date: /home/nicolas/ws_ros2/install/px4_msgs/include/px4_msgs/px4_msgs/msg/detail/sensor_correction__type_support.hpp\n'}
[0.852971] (px4_msgs) StdoutLine: {'line': b'-- Up-to-date: /home/nicolas/ws_ros2/install/px4_msgs/include/px4_msgs/px4_msgs/msg/detail/fixed_wing_lateral_status__type_support.hpp\n'}
[0.853004] (px4_msgs) StdoutLine: {'line': b'-- Up-to-date: /home/nicolas/ws_ros2/install/px4_msgs/include/px4_msgs/px4_msgs/msg/detail/camera_status__type_support.hpp\n'}
[0.853033] (px4_msgs) StdoutLine: {'line': b'-- Up-to-date: /home/nicolas/ws_ros2/install/px4_msgs/include/px4_msgs/px4_msgs/msg/detail/fixed_wing_longitudinal_setpoint__builder.hpp\n'}
[0.853061] (px4_msgs) StdoutLine: {'line': b'-- Up-to-date: /home/nicolas/ws_ros2/install/px4_msgs/include/px4_msgs/px4_msgs/msg/detail/follow_target_status__struct.hpp\n'}
[0.853089] (px4_msgs) StdoutLine: {'line': b'-- Up-to-date: /home/nicolas/ws_ros2/install/px4_msgs/include/px4_msgs/px4_msgs/msg/detail/vehicle_optical_flow_vel__struct.hpp\n'}
[0.853118] (px4_msgs) StdoutLine: {'line': b'-- Up-to-date: /home/nicolas/ws_ros2/install/px4_msgs/include/px4_msgs/px4_msgs/msg/detail/ekf2_timestamps__struct.hpp\n'}
[0.853146] (px4_msgs) StdoutLine: {'line': b'-- Up-to-date: /home/nicolas/ws_ros2/install/px4_msgs/include/px4_msgs/px4_msgs/msg/detail/satellite_info__traits.hpp\n'}
[0.853179] (px4_msgs) StdoutLine: {'line': b'-- Up-to-date: /home/nicolas/ws_ros2/install/px4_msgs/include/px4_msgs/px4_msgs/msg/detail/actuator_controls_status__builder.hpp\n'}
[0.853208] (px4_msgs) StdoutLine: {'line': b'-- Up-to-date: /home/nicolas/ws_ros2/install/px4_msgs/include/px4_msgs/px4_msgs/msg/detail/camera_status__builder.hpp\n'}
[0.853236] (px4_msgs) StdoutLine: {'line': b'-- Up-to-date: /home/nicolas/ws_ros2/install/px4_msgs/include/px4_msgs/px4_msgs/msg/detail/gpio_request__traits.hpp\n'}
[0.853263] (px4_msgs) StdoutLine: {'line': b'-- Up-to-date: /home/nicolas/ws_ros2/install/px4_msgs/include/px4_msgs/px4_msgs/msg/detail/vehicle_attitude_setpoint__builder.hpp\n'}
[0.853292] (px4_msgs) StdoutLine: {'line': b'-- Up-to-date: /home/nicolas/ws_ros2/install/px4_msgs/include/px4_msgs/px4_msgs/msg/detail/landing_gear__struct.hpp\n'}
[0.853320] (px4_msgs) StdoutLine: {'line': b'-- Up-to-date: /home/nicolas/ws_ros2/install/px4_msgs/include/px4_msgs/px4_msgs/msg/detail/vehicle_command_ack__type_support.hpp\n'}
[0.853348] (px4_msgs) StdoutLine: {'line': b'-- Up-to-date: /home/nicolas/ws_ros2/install/px4_msgs/include/px4_msgs/px4_msgs/msg/detail/power_button_state__struct.hpp\n'}
[0.853378] (px4_msgs) StdoutLine: {'line': b'-- Up-to-date: /home/nicolas/ws_ros2/install/px4_msgs/include/px4_msgs/px4_msgs/msg/detail/system_power__struct.hpp\n'}
[0.853406] (px4_msgs) StdoutLine: {'line': b'-- Up-to-date: /home/nicolas/ws_ros2/install/px4_msgs/include/px4_msgs/px4_msgs/msg/detail/battery_status__builder.hpp\n'}
[0.853434] (px4_msgs) StdoutLine: {'line': b'-- Up-to-date: /home/nicolas/ws_ros2/install/px4_msgs/include/px4_msgs/px4_msgs/msg/detail/estimator_sensor_bias__struct.hpp\n'}
[0.853464] (px4_msgs) StdoutLine: {'line': b'-- Up-to-date: /home/nicolas/ws_ros2/install/px4_msgs/include/px4_msgs/px4_msgs/msg/detail/dronecan_node_status__struct.hpp\n'}
[0.853493] (px4_msgs) StdoutLine: {'line': b'-- Up-to-date: /home/nicolas/ws_ros2/install/px4_msgs/include/px4_msgs/px4_msgs/msg/detail/follow_target_estimator__builder.hpp\n'}
[0.853521] (px4_msgs) StdoutLine: {'line': b'-- Up-to-date: /home/nicolas/ws_ros2/install/px4_msgs/include/px4_msgs/px4_msgs/msg/detail/camera_trigger__builder.hpp\n'}
[0.853549] (px4_msgs) StdoutLine: {'line': b'-- Up-to-date: /home/nicolas/ws_ros2/install/px4_msgs/include/px4_msgs/px4_msgs/msg/detail/orb_test__builder.hpp\n'}
[0.853577] (px4_msgs) StdoutLine: {'line': b'-- Up-to-date: /home/nicolas/ws_ros2/install/px4_msgs/include/px4_msgs/px4_msgs/msg/detail/gimbal_manager_set_attitude__struct.hpp\n'}
[0.853606] (px4_msgs) StdoutLine: {'line': b'-- Up-to-date: /home/nicolas/ws_ros2/install/px4_msgs/include/px4_msgs/px4_msgs/msg/detail/normalized_unsigned_setpoint__builder.hpp\n'}
[0.853634] (px4_msgs) StdoutLine: {'line': b'-- Up-to-date: /home/nicolas/ws_ros2/install/px4_msgs/include/px4_msgs/px4_msgs/msg/detail/sensor_selection__builder.hpp\n'}
[0.853662] (px4_msgs) StdoutLine: {'line': b'-- Up-to-date: /home/nicolas/ws_ros2/install/px4_msgs/include/px4_msgs/px4_msgs/msg/detail/vehicle_thrust_setpoint__type_support.hpp\n'}
[0.853693] (px4_msgs) StdoutLine: {'line': b'-- Up-to-date: /home/nicolas/ws_ros2/install/px4_msgs/include/px4_msgs/px4_msgs/msg/detail/sensor_mag__traits.hpp\n'}
[0.853721] (px4_msgs) StdoutLine: {'line': b'-- Up-to-date: /home/nicolas/ws_ros2/install/px4_msgs/include/px4_msgs/px4_msgs/msg/detail/debug_key_value__traits.hpp\n'}
[0.853748] (px4_msgs) StdoutLine: {'line': b'-- Up-to-date: /home/nicolas/ws_ros2/install/px4_msgs/include/px4_msgs/px4_msgs/msg/detail/sensor_selection__struct.hpp\n'}
[0.853776] (px4_msgs) StdoutLine: {'line': b'-- Up-to-date: /home/nicolas/ws_ros2/install/px4_msgs/include/px4_msgs/px4_msgs/msg/detail/tiltrotor_extra_controls__type_support.hpp\n'}
[0.853804] (px4_msgs) StdoutLine: {'line': b'-- Up-to-date: /home/nicolas/ws_ros2/install/px4_msgs/include/px4_msgs/px4_msgs/msg/detail/iridiumsbd_status__traits.hpp\n'}
[0.853833] (px4_msgs) StdoutLine: {'line': b'-- Up-to-date: /home/nicolas/ws_ros2/install/px4_msgs/include/px4_msgs/px4_msgs/msg/detail/open_drone_id_operator_id__traits.hpp\n'}
[0.853861] (px4_msgs) StdoutLine: {'line': b'-- Up-to-date: /home/nicolas/ws_ros2/install/px4_msgs/include/px4_msgs/px4_msgs/msg/detail/camera_capture__builder.hpp\n'}
[0.853890] (px4_msgs) StdoutLine: {'line': b'-- Up-to-date: /home/nicolas/ws_ros2/install/px4_msgs/include/px4_msgs/px4_msgs/msg/detail/trajectory_setpoint__builder.hpp\n'}
[0.853924] (px4_msgs) StdoutLine: {'line': b'-- Up-to-date: /home/nicolas/ws_ros2/install/px4_msgs/include/px4_msgs/px4_msgs/msg/detail/rtl_status__traits.hpp\n'}
[0.853955] (px4_msgs) StdoutLine: {'line': b'-- Up-to-date: /home/nicolas/ws_ros2/install/px4_msgs/include/px4_msgs/px4_msgs/msg/detail/autotune_attitude_control_status__struct.hpp\n'}
[0.853985] (px4_msgs) StdoutLine: {'line': b'-- Up-to-date: /home/nicolas/ws_ros2/install/px4_msgs/include/px4_msgs/px4_msgs/msg/detail/mount_orientation__traits.hpp\n'}
[0.854014] (px4_msgs) StdoutLine: {'line': b'-- Up-to-date: /home/nicolas/ws_ros2/install/px4_msgs/include/px4_msgs/px4_msgs/msg/detail/vehicle_local_position_setpoint__type_support.hpp\n'}
[0.854045] (px4_msgs) StdoutLine: {'line': b'-- Up-to-date: /home/nicolas/ws_ros2/install/px4_msgs/include/px4_msgs/px4_msgs/msg/detail/mount_orientation__struct.hpp\n'}
[0.854073] (px4_msgs) StdoutLine: {'line': b'-- Up-to-date: /home/nicolas/ws_ros2/install/px4_msgs/include/px4_msgs/px4_msgs/msg/detail/rc_channels__builder.hpp\n'}
[0.854102] (px4_msgs) StdoutLine: {'line': b'-- Up-to-date: /home/nicolas/ws_ros2/install/px4_msgs/include/px4_msgs/px4_msgs/msg/detail/actuator_controls_status__type_support.hpp\n'}
[0.854135] (px4_msgs) StdoutLine: {'line': b'-- Up-to-date: /home/nicolas/ws_ros2/install/px4_msgs/include/px4_msgs/px4_msgs/msg/detail/estimator_aid_source2d__type_support.hpp\n'}
[0.854163] (px4_msgs) StdoutLine: {'line': b'-- Up-to-date: /home/nicolas/ws_ros2/install/px4_msgs/include/px4_msgs/px4_msgs/msg/detail/event__traits.hpp\n'}
[0.854191] (px4_msgs) StdoutLine: {'line': b'-- Up-to-date: /home/nicolas/ws_ros2/install/px4_msgs/include/px4_msgs/px4_msgs/msg/detail/gimbal_controls__type_support.hpp\n'}
[0.854219] (px4_msgs) StdoutLine: {'line': b'-- Up-to-date: /home/nicolas/ws_ros2/install/px4_msgs/include/px4_msgs/px4_msgs/msg/detail/sensor_gnss_relative__struct.hpp\n'}
[0.854247] (px4_msgs) StdoutLine: {'line': b'-- Up-to-date: /home/nicolas/ws_ros2/install/px4_msgs/include/px4_msgs/px4_msgs/msg/detail/mission__traits.hpp\n'}
[0.854275] (px4_msgs) StdoutLine: {'line': b'-- Up-to-date: /home/nicolas/ws_ros2/install/px4_msgs/include/px4_msgs/px4_msgs/msg/detail/rover_position_setpoint__type_support.hpp\n'}
[0.854304] (px4_msgs) StdoutLine: {'line': b'-- Up-to-date: /home/nicolas/ws_ros2/install/px4_msgs/include/px4_msgs/px4_msgs/msg/detail/gimbal_controls__struct.hpp\n'}
[0.854333] (px4_msgs) StdoutLine: {'line': b'-- Up-to-date: /home/nicolas/ws_ros2/install/px4_msgs/include/px4_msgs/px4_msgs/msg/detail/position_controller_status__struct.hpp\n'}
[0.854361] (px4_msgs) StdoutLine: {'line': b'-- Up-to-date: /home/nicolas/ws_ros2/install/px4_msgs/include/px4_msgs/px4_msgs/msg/detail/radio_status__traits.hpp\n'}
[0.854390] (px4_msgs) StdoutLine: {'line': b'-- Up-to-date: /home/nicolas/ws_ros2/install/px4_msgs/include/px4_msgs/px4_msgs/msg/detail/vehicle_land_detected__type_support.hpp\n'}
[0.854419] (px4_msgs) StdoutLine: {'line': b'-- Up-to-date: /home/nicolas/ws_ros2/install/px4_msgs/include/px4_msgs/px4_msgs/msg/detail/distance_sensor__struct.hpp\n'}
[0.854447] (px4_msgs) StdoutLine: {'line': b'-- Up-to-date: /home/nicolas/ws_ros2/install/px4_msgs/include/px4_msgs/px4_msgs/msg/detail/navigator_status__builder.hpp\n'}
[0.854475] (px4_msgs) StdoutLine: {'line': b'-- Up-to-date: /home/nicolas/ws_ros2/install/px4_msgs/include/px4_msgs/px4_msgs/msg/detail/dataman_response__struct.hpp\n'}
[0.854503] (px4_msgs) StdoutLine: {'line': b'-- Up-to-date: /home/nicolas/ws_ros2/install/px4_msgs/include/px4_msgs/px4_msgs/msg/detail/debug_key_value__type_support.hpp\n'}
[0.854532] (px4_msgs) StdoutLine: {'line': b'-- Up-to-date: /home/nicolas/ws_ros2/install/px4_msgs/include/px4_msgs/px4_msgs/msg/detail/power_button_state__builder.hpp\n'}
[0.854565] (px4_msgs) StdoutLine: {'line': b'-- Up-to-date: /home/nicolas/ws_ros2/install/px4_msgs/include/px4_msgs/px4_msgs/msg/detail/mission_result__type_support.hpp\n'}
[0.854593] (px4_msgs) StdoutLine: {'line': b'-- Up-to-date: /home/nicolas/ws_ros2/install/px4_msgs/include/px4_msgs/px4_msgs/msg/detail/generator_status__traits.hpp\n'}
[0.854622] (px4_msgs) StdoutLine: {'line': b'-- Up-to-date: /home/nicolas/ws_ros2/install/px4_msgs/include/px4_msgs/px4_msgs/msg/detail/sensor_gnss_relative__traits.hpp\n'}
[0.854649] (px4_msgs) StdoutLine: {'line': b'-- Up-to-date: /home/nicolas/ws_ros2/install/px4_msgs/include/px4_msgs/px4_msgs/msg/detail/sensor_combined__type_support.hpp\n'}
[0.854677] (px4_msgs) StdoutLine: {'line': b'-- Up-to-date: /home/nicolas/ws_ros2/install/px4_msgs/include/px4_msgs/px4_msgs/msg/detail/vehicle_command__type_support.hpp\n'}
[0.854705] (px4_msgs) StdoutLine: {'line': b'-- Up-to-date: /home/nicolas/ws_ros2/install/px4_msgs/include/px4_msgs/px4_msgs/msg/detail/parameter_update__type_support.hpp\n'}
[0.854735] (px4_msgs) StdoutLine: {'line': b'-- Up-to-date: /home/nicolas/ws_ros2/install/px4_msgs/include/px4_msgs/px4_msgs/msg/detail/airspeed_validated__type_support.hpp\n'}
[0.854763] (px4_msgs) StdoutLine: {'line': b'-- Up-to-date: /home/nicolas/ws_ros2/install/px4_msgs/include/px4_msgs/px4_msgs/msg/detail/action_request__type_support.hpp\n'}
[0.854792] (px4_msgs) StdoutLine: {'line': b'-- Up-to-date: /home/nicolas/ws_ros2/install/px4_msgs/include/px4_msgs/px4_msgs/msg/detail/gpio_out__builder.hpp\n'}
[0.854820] (px4_msgs) StdoutLine: {'line': b'-- Up-to-date: /home/nicolas/ws_ros2/install/px4_msgs/include/px4_msgs/px4_msgs/msg/detail/parameter_set_used_request__traits.hpp\n'}
[0.854850] (px4_msgs) StdoutLine: {'line': b'-- Up-to-date: /home/nicolas/ws_ros2/install/px4_msgs/include/px4_msgs/px4_msgs/msg/detail/rate_ctrl_status__type_support.hpp\n'}
[0.854878] (px4_msgs) StdoutLine: {'line': b'-- Up-to-date: /home/nicolas/ws_ros2/install/px4_msgs/include/px4_msgs/px4_msgs/msg/detail/sensor_uwb__builder.hpp\n'}
[0.854906] (px4_msgs) StdoutLine: {'line': b'-- Up-to-date: /home/nicolas/ws_ros2/install/px4_msgs/include/px4_msgs/px4_msgs/msg/detail/trajectory_setpoint6dof__builder.hpp\n'}
[0.854945] (px4_msgs) StdoutLine: {'line': b'-- Up-to-date: /home/nicolas/ws_ros2/install/px4_msgs/include/px4_msgs/px4_msgs/msg/detail/landing_target_innovations__struct.hpp\n'}
[0.854974] (px4_msgs) StdoutLine: {'line': b'-- Up-to-date: /home/nicolas/ws_ros2/install/px4_msgs/include/px4_msgs/px4_msgs/msg/detail/estimator_event_flags__traits.hpp\n'}
[0.855002] (px4_msgs) StdoutLine: {'line': b'-- Up-to-date: /home/nicolas/ws_ros2/install/px4_msgs/include/px4_msgs/px4_msgs/msg/detail/ekf2_timestamps__traits.hpp\n'}
[0.855029] (px4_msgs) StdoutLine: {'line': b'-- Up-to-date: /home/nicolas/ws_ros2/install/px4_msgs/include/px4_msgs/px4_msgs/msg/detail/actuator_armed__builder.hpp\n'}
[0.855056] (px4_msgs) StdoutLine: {'line': b'-- Up-to-date: /home/nicolas/ws_ros2/install/px4_msgs/include/px4_msgs/px4_msgs/msg/detail/sensors_status__struct.hpp\n'}
[0.855090] (px4_msgs) StdoutLine: {'line': b'-- Up-to-date: /home/nicolas/ws_ros2/install/px4_msgs/include/px4_msgs/px4_msgs/msg/detail/rover_rate_status__traits.hpp\n'}
[0.855118] (px4_msgs) StdoutLine: {'line': b'-- Up-to-date: /home/nicolas/ws_ros2/install/px4_msgs/include/px4_msgs/px4_msgs/msg/detail/can_interface_status__builder.hpp\n'}
[0.855147] (px4_msgs) StdoutLine: {'line': b'-- Up-to-date: /home/nicolas/ws_ros2/install/px4_msgs/include/px4_msgs/px4_msgs/msg/detail/follow_target_status__traits.hpp\n'}
[0.855175] (px4_msgs) StdoutLine: {'line': b'-- Up-to-date: /home/nicolas/ws_ros2/install/px4_msgs/include/px4_msgs/px4_msgs/msg/detail/sensor_combined__builder.hpp\n'}
[0.855203] (px4_msgs) StdoutLine: {'line': b'-- Up-to-date: /home/nicolas/ws_ros2/install/px4_msgs/include/px4_msgs/px4_msgs/msg/detail/mag_worker_data__builder.hpp\n'}
[0.855230] (px4_msgs) StdoutLine: {'line': b'-- Up-to-date: /home/nicolas/ws_ros2/install/px4_msgs/include/px4_msgs/px4_msgs/msg/detail/open_drone_id_system__builder.hpp\n'}
[0.855258] (px4_msgs) StdoutLine: {'line': b'-- Up-to-date: /home/nicolas/ws_ros2/install/px4_msgs/include/px4_msgs/px4_msgs/msg/detail/internal_combustion_engine_status__type_support.hpp\n'}
[0.855286] (px4_msgs) StdoutLine: {'line': b'-- Up-to-date: /home/nicolas/ws_ros2/install/px4_msgs/include/px4_msgs/px4_msgs/msg/detail/led_control__builder.hpp\n'}
[0.855317] (px4_msgs) StdoutLine: {'line': b'-- Up-to-date: /home/nicolas/ws_ros2/install/px4_msgs/include/px4_msgs/px4_msgs/msg/detail/open_drone_id_operator_id__struct.hpp\n'}
[0.855345] (px4_msgs) StdoutLine: {'line': b'-- Up-to-date: /home/nicolas/ws_ros2/install/px4_msgs/include/px4_msgs/px4_msgs/msg/detail/sensors_status__traits.hpp\n'}
[0.855373] (px4_msgs) StdoutLine: {'line': b'-- Up-to-date: /home/nicolas/ws_ros2/install/px4_msgs/include/px4_msgs/px4_msgs/msg/detail/position_controller_landing_status__builder.hpp\n'}
[0.855401] (px4_msgs) StdoutLine: {'line': b'-- Up-to-date: /home/nicolas/ws_ros2/install/px4_msgs/include/px4_msgs/px4_msgs/msg/detail/mavlink_tunnel__struct.hpp\n'}
[0.855431] (px4_msgs) StdoutLine: {'line': b'-- Up-to-date: /home/nicolas/ws_ros2/install/px4_msgs/include/px4_msgs/px4_msgs/msg/detail/vehicle_global_position__builder.hpp\n'}
[0.855462] (px4_msgs) StdoutLine: {'line': b'-- Up-to-date: /home/nicolas/ws_ros2/install/px4_msgs/include/px4_msgs/px4_msgs/msg/detail/vehicle_magnetometer__struct.hpp\n'}
[0.855490] (px4_msgs) StdoutLine: {'line': b'-- Up-to-date: /home/nicolas/ws_ros2/install/px4_msgs/include/px4_msgs/px4_msgs/msg/detail/onboard_computer_status__type_support.hpp\n'}
[0.855519] (px4_msgs) StdoutLine: {'line': b'-- Up-to-date: /home/nicolas/ws_ros2/install/px4_msgs/include/px4_msgs/px4_msgs/msg/detail/sensor_gps__type_support.hpp\n'}
[0.855548] (px4_msgs) StdoutLine: {'line': b'-- Up-to-date: /home/nicolas/ws_ros2/install/px4_msgs/include/px4_msgs/px4_msgs/msg/detail/sensor_accel__builder.hpp\n'}
[0.855576] (px4_msgs) StdoutLine: {'line': b'-- Up-to-date: /home/nicolas/ws_ros2/install/px4_msgs/include/px4_msgs/px4_msgs/msg/detail/sensor_optical_flow__traits.hpp\n'}
[0.855604] (px4_msgs) StdoutLine: {'line': b'-- Up-to-date: /home/nicolas/ws_ros2/install/px4_msgs/include/px4_msgs/px4_msgs/msg/detail/dronecan_node_status__builder.hpp\n'}
[0.855632] (px4_msgs) StdoutLine: {'line': b'-- Up-to-date: /home/nicolas/ws_ros2/install/px4_msgs/include/px4_msgs/px4_msgs/msg/detail/rover_speed_setpoint__struct.hpp\n'}
[0.855660] (px4_msgs) StdoutLine: {'line': b'-- Up-to-date: /home/nicolas/ws_ros2/install/px4_msgs/include/px4_msgs/px4_msgs/msg/detail/timesync_status__builder.hpp\n'}
[0.855687] (px4_msgs) StdoutLine: {'line': b'-- Up-to-date: /home/nicolas/ws_ros2/install/px4_msgs/include/px4_msgs/px4_msgs/msg/detail/manual_control_switches__type_support.hpp\n'}
[0.855716] (px4_msgs) StdoutLine: {'line': b'-- Up-to-date: /home/nicolas/ws_ros2/install/px4_msgs/include/px4_msgs/px4_msgs/msg/detail/tecs_status__type_support.hpp\n'}
[0.855743] (px4_msgs) StdoutLine: {'line': b'-- Up-to-date: /home/nicolas/ws_ros2/install/px4_msgs/include/px4_msgs/px4_msgs/msg/detail/rover_position_setpoint__builder.hpp\n'}
[0.855773] (px4_msgs) StdoutLine: {'line': b'-- Up-to-date: /home/nicolas/ws_ros2/install/px4_msgs/include/px4_msgs/px4_msgs/msg/detail/sensor_preflight_mag__type_support.hpp\n'}
[0.855801] (px4_msgs) StdoutLine: {'line': b'-- Up-to-date: /home/nicolas/ws_ros2/install/px4_msgs/include/px4_msgs/px4_msgs/msg/detail/uavcan_parameter_value__builder.hpp\n'}
[0.855830] (px4_msgs) StdoutLine: {'line': b'-- Up-to-date: /home/nicolas/ws_ros2/install/px4_msgs/include/px4_msgs/px4_msgs/msg/detail/estimator_selector_status__builder.hpp\n'}
[0.855857] (px4_msgs) StdoutLine: {'line': b'-- Up-to-date: /home/nicolas/ws_ros2/install/px4_msgs/include/px4_msgs/px4_msgs/msg/detail/health_report__builder.hpp\n'}
[0.855885] (px4_msgs) StdoutLine: {'line': b'-- Up-to-date: /home/nicolas/ws_ros2/install/px4_msgs/include/px4_msgs/px4_msgs/msg/detail/vehicle_magnetometer__traits.hpp\n'}
[0.855914] (px4_msgs) StdoutLine: {'line': b'-- Up-to-date: /home/nicolas/ws_ros2/install/px4_msgs/include/px4_msgs/px4_msgs/msg/detail/open_drone_id_system__struct.hpp\n'}
[0.855949] (px4_msgs) StdoutLine: {'line': b'-- Up-to-date: /home/nicolas/ws_ros2/install/px4_msgs/include/px4_msgs/px4_msgs/msg/detail/ping__builder.hpp\n'}
[0.855977] (px4_msgs) StdoutLine: {'line': b'-- Up-to-date: /home/nicolas/ws_ros2/install/px4_msgs/include/px4_msgs/px4_msgs/msg/detail/control_allocator_status__struct.hpp\n'}
[0.856006] (px4_msgs) StdoutLine: {'line': b'-- Up-to-date: /home/nicolas/ws_ros2/install/px4_msgs/include/px4_msgs/px4_msgs/msg/detail/sensor_mag__builder.hpp\n'}
[0.856038] (px4_msgs) StdoutLine: {'line': b'-- Up-to-date: /home/nicolas/ws_ros2/install/px4_msgs/include/px4_msgs/px4_msgs/msg/detail/follow_target__traits.hpp\n'}
[0.856066] (px4_msgs) StdoutLine: {'line': b'-- Up-to-date: /home/nicolas/ws_ros2/install/px4_msgs/include/px4_msgs/px4_msgs/msg/detail/vehicle_attitude_setpoint__traits.hpp\n'}
[0.856095] (px4_msgs) StdoutLine: {'line': b'-- Up-to-date: /home/nicolas/ws_ros2/install/px4_msgs/include/px4_msgs/px4_msgs/msg/detail/iridiumsbd_status__struct.hpp\n'}
[0.856125] (px4_msgs) StdoutLine: {'line': b'-- Up-to-date: /home/nicolas/ws_ros2/install/px4_msgs/include/px4_msgs/px4_msgs/msg/detail/irlock_report__type_support.hpp\n'}
[0.856153] (px4_msgs) StdoutLine: {'line': b'-- Up-to-date: /home/nicolas/ws_ros2/install/px4_msgs/include/px4_msgs/px4_msgs/msg/detail/actuator_servos_trim__struct.hpp\n'}
[0.856181] (px4_msgs) StdoutLine: {'line': b'-- Up-to-date: /home/nicolas/ws_ros2/install/px4_msgs/include/px4_msgs/px4_msgs/msg/detail/logger_status__type_support.hpp\n'}
[0.856210] (px4_msgs) StdoutLine: {'line': b'-- Up-to-date: /home/nicolas/ws_ros2/install/px4_msgs/include/px4_msgs/px4_msgs/msg/detail/onboard_computer_status__builder.hpp\n'}
[0.856239] (px4_msgs) StdoutLine: {'line': b'-- Up-to-date: /home/nicolas/ws_ros2/install/px4_msgs/include/px4_msgs/px4_msgs/msg/detail/gpio_request__struct.hpp\n'}
[0.856267] (px4_msgs) StdoutLine: {'line': b'-- Up-to-date: /home/nicolas/ws_ros2/install/px4_msgs/include/px4_msgs/px4_msgs/msg/detail/rover_throttle_setpoint__builder.hpp\n'}
[0.856295] (px4_msgs) StdoutLine: {'line': b'-- Up-to-date: /home/nicolas/ws_ros2/install/px4_msgs/include/px4_msgs/px4_msgs/msg/detail/follow_target_estimator__type_support.hpp\n'}
[0.856323] (px4_msgs) StdoutLine: {'line': b'-- Up-to-date: /home/nicolas/ws_ros2/install/px4_msgs/include/px4_msgs/px4_msgs/msg/detail/figure_eight_status__struct.hpp\n'}
[0.856353] (px4_msgs) StdoutLine: {'line': b'-- Up-to-date: /home/nicolas/ws_ros2/install/px4_msgs/include/px4_msgs/px4_msgs/msg/detail/ekf2_timestamps__builder.hpp\n'}
[0.856381] (px4_msgs) StdoutLine: {'line': b'-- Up-to-date: /home/nicolas/ws_ros2/install/px4_msgs/include/px4_msgs/px4_msgs/msg/detail/vehicle_acceleration__type_support.hpp\n'}
[0.856410] (px4_msgs) StdoutLine: {'line': b'-- Up-to-date: /home/nicolas/ws_ros2/install/px4_msgs/include/px4_msgs/px4_msgs/msg/detail/camera_status__traits.hpp\n'}
[0.856438] (px4_msgs) StdoutLine: {'line': b'-- Up-to-date: /home/nicolas/ws_ros2/install/px4_msgs/include/px4_msgs/px4_msgs/msg/detail/takeoff_status__builder.hpp\n'}
[0.856466] (px4_msgs) StdoutLine: {'line': b'-- Up-to-date: /home/nicolas/ws_ros2/install/px4_msgs/include/px4_msgs/px4_msgs/msg/detail/landing_gear_wheel__traits.hpp\n'}
[0.856493] (px4_msgs) StdoutLine: {'line': b'-- Up-to-date: /home/nicolas/ws_ros2/install/px4_msgs/include/px4_msgs/px4_msgs/msg/detail/vehicle_angular_acceleration_setpoint__builder.hpp\n'}
[0.856521] (px4_msgs) StdoutLine: {'line': b'-- Up-to-date: /home/nicolas/ws_ros2/install/px4_msgs/include/px4_msgs/px4_msgs/msg/detail/sensor_hygrometer__traits.hpp\n'}
[0.856549] (px4_msgs) StdoutLine: {'line': b'-- Up-to-date: /home/nicolas/ws_ros2/install/px4_msgs/include/px4_msgs/px4_msgs/msg/detail/transponder_report__type_support.hpp\n'}
[0.856578] (px4_msgs) StdoutLine: {'line': b'-- Up-to-date: /home/nicolas/ws_ros2/install/px4_msgs/include/px4_msgs/px4_msgs/msg/detail/gimbal_manager_set_manual_control__traits.hpp\n'}
[0.856606] (px4_msgs) StdoutLine: {'line': b'-- Up-to-date: /home/nicolas/ws_ros2/install/px4_msgs/include/px4_msgs/px4_msgs/msg/detail/tiltrotor_extra_controls__struct.hpp\n'}
[0.856634] (px4_msgs) StdoutLine: {'line': b'-- Up-to-date: /home/nicolas/ws_ros2/install/px4_msgs/include/px4_msgs/px4_msgs/msg/detail/gpio_out__traits.hpp\n'}
[0.856661] (px4_msgs) StdoutLine: {'line': b'-- Up-to-date: /home/nicolas/ws_ros2/install/px4_msgs/include/px4_msgs/px4_msgs/msg/detail/vehicle_attitude__traits.hpp\n'}
[0.856691] (px4_msgs) StdoutLine: {'line': b'-- Up-to-date: /home/nicolas/ws_ros2/install/px4_msgs/include/px4_msgs/px4_msgs/msg/detail/orb_test_medium__traits.hpp\n'}
[0.856719] (px4_msgs) StdoutLine: {'line': b'-- Up-to-date: /home/nicolas/ws_ros2/install/px4_msgs/include/px4_msgs/px4_msgs/msg/detail/rc_channels__type_support.hpp\n'}
[0.856747] (px4_msgs) StdoutLine: {'line': b'-- Up-to-date: /home/nicolas/ws_ros2/install/px4_msgs/include/px4_msgs/px4_msgs/msg/detail/landing_gear_wheel__type_support.hpp\n'}
[0.856778] (px4_msgs) StdoutLine: {'line': b'-- Up-to-date: /home/nicolas/ws_ros2/install/px4_msgs/include/px4_msgs/px4_msgs/msg/detail/estimator_aid_source1d__type_support.hpp\n'}
[0.856806] (px4_msgs) StdoutLine: {'line': b'-- Up-to-date: /home/nicolas/ws_ros2/install/px4_msgs/include/px4_msgs/px4_msgs/msg/detail/parameter_reset_request__struct.hpp\n'}
[0.856833] (px4_msgs) StdoutLine: {'line': b'-- Up-to-date: /home/nicolas/ws_ros2/install/px4_msgs/include/px4_msgs/px4_msgs/msg/detail/goto_setpoint__traits.hpp\n'}
[0.856861] (px4_msgs) StdoutLine: {'line': b'-- Up-to-date: /home/nicolas/ws_ros2/install/px4_msgs/include/px4_msgs/px4_msgs/msg/detail/debug_vect__type_support.hpp\n'}
[0.856893] (px4_msgs) StdoutLine: {'line': b'-- Up-to-date: /home/nicolas/ws_ros2/install/px4_msgs/include/px4_msgs/px4_msgs/msg/detail/vehicle_command__struct.hpp\n'}
[0.856928] (px4_msgs) StdoutLine: {'line': b'-- Up-to-date: /home/nicolas/ws_ros2/install/px4_msgs/include/px4_msgs/px4_msgs/msg/detail/sensors_status__builder.hpp\n'}
[0.856959] (px4_msgs) StdoutLine: {'line': b'-- Up-to-date: /home/nicolas/ws_ros2/install/px4_msgs/include/px4_msgs/px4_msgs/msg/detail/obstacle_distance__traits.hpp\n'}
[0.856993] (px4_msgs) StdoutLine: {'line': b'-- Up-to-date: /home/nicolas/ws_ros2/install/px4_msgs/include/px4_msgs/px4_msgs/msg/detail/rover_speed_status__type_support.hpp\n'}
[0.857020] (px4_msgs) StdoutLine: {'line': b'-- Up-to-date: /home/nicolas/ws_ros2/install/px4_msgs/include/px4_msgs/px4_msgs/msg/detail/actuator_servos__type_support.hpp\n'}
[0.857049] (px4_msgs) StdoutLine: {'line': b'-- Up-to-date: /home/nicolas/ws_ros2/install/px4_msgs/include/px4_msgs/px4_msgs/msg/detail/differential_pressure__builder.hpp\n'}
[0.857077] (px4_msgs) StdoutLine: {'line': b'-- Up-to-date: /home/nicolas/ws_ros2/install/px4_msgs/include/px4_msgs/px4_msgs/msg/detail/mission__type_support.hpp\n'}
[0.857106] (px4_msgs) StdoutLine: {'line': b'-- Up-to-date: /home/nicolas/ws_ros2/install/px4_msgs/include/px4_msgs/px4_msgs/msg/detail/trajectory_setpoint6dof__type_support.hpp\n'}
[0.857135] (px4_msgs) StdoutLine: {'line': b'-- Up-to-date: /home/nicolas/ws_ros2/install/px4_msgs/include/px4_msgs/px4_msgs/msg/detail/rover_position_setpoint__traits.hpp\n'}
[0.857166] (px4_msgs) StdoutLine: {'line': b'-- Up-to-date: /home/nicolas/ws_ros2/install/px4_msgs/include/px4_msgs/px4_msgs/msg/detail/neural_control__builder.hpp\n'}
[0.857195] (px4_msgs) StdoutLine: {'line': b'-- Up-to-date: /home/nicolas/ws_ros2/install/px4_msgs/include/px4_msgs/px4_msgs/msg/detail/estimator_states__builder.hpp\n'}
[0.857224] (px4_msgs) StdoutLine: {'line': b'-- Up-to-date: /home/nicolas/ws_ros2/install/px4_msgs/include/px4_msgs/px4_msgs/msg/detail/debug_key_value__builder.hpp\n'}
[0.857255] (px4_msgs) StdoutLine: {'line': b'-- Up-to-date: /home/nicolas/ws_ros2/install/px4_msgs/include/px4_msgs/px4_msgs/msg/detail/vehicle_acceleration__struct.hpp\n'}
[0.857285] (px4_msgs) StdoutLine: {'line': b'-- Up-to-date: /home/nicolas/ws_ros2/install/px4_msgs/include/px4_msgs/px4_msgs/msg/detail/power_monitor__type_support.hpp\n'}
[0.857313] (px4_msgs) StdoutLine: {'line': b'-- Up-to-date: /home/nicolas/ws_ros2/install/px4_msgs/include/px4_msgs/px4_msgs/msg/detail/parameter_set_used_request__struct.hpp\n'}
[0.857341] (px4_msgs) StdoutLine: {'line': b'-- Up-to-date: /home/nicolas/ws_ros2/install/px4_msgs/include/px4_msgs/px4_msgs/msg/detail/orb_test_medium__type_support.hpp\n'}
[0.857369] (px4_msgs) StdoutLine: {'line': b'-- Up-to-date: /home/nicolas/ws_ros2/install/px4_msgs/include/px4_msgs/px4_msgs/msg/detail/vehicle_imu_status__builder.hpp\n'}
[0.857398] (px4_msgs) StdoutLine: {'line': b'-- Up-to-date: /home/nicolas/ws_ros2/install/px4_msgs/include/px4_msgs/px4_msgs/msg/detail/parameter_update__builder.hpp\n'}
[0.857427] (px4_msgs) StdoutLine: {'line': b'-- Up-to-date: /home/nicolas/ws_ros2/install/px4_msgs/include/px4_msgs/px4_msgs/msg/detail/vehicle_local_position_setpoint__builder.hpp\n'}
[0.857456] (px4_msgs) StdoutLine: {'line': b'-- Up-to-date: /home/nicolas/ws_ros2/install/px4_msgs/include/px4_msgs/px4_msgs/msg/detail/rover_attitude_status__struct.hpp\n'}
[0.857488] (px4_msgs) StdoutLine: {'line': b'-- Up-to-date: /home/nicolas/ws_ros2/install/px4_msgs/include/px4_msgs/px4_msgs/msg/detail/estimator_sensor_bias__type_support.hpp\n'}
[0.857518] (px4_msgs) StdoutLine: {'line': b'-- Up-to-date: /home/nicolas/ws_ros2/install/px4_msgs/include/px4_msgs/px4_msgs/msg/detail/actuator_servos__builder.hpp\n'}
[0.857547] (px4_msgs) StdoutLine: {'line': b'-- Up-to-date: /home/nicolas/ws_ros2/install/px4_msgs/include/px4_msgs/px4_msgs/msg/detail/orbit_status__type_support.hpp\n'}
[0.857576] (px4_msgs) StdoutLine: {'line': b'-- Up-to-date: /home/nicolas/ws_ros2/install/px4_msgs/include/px4_msgs/px4_msgs/msg/detail/battery_info__type_support.hpp\n'}
[0.857605] (px4_msgs) StdoutLine: {'line': b'-- Up-to-date: /home/nicolas/ws_ros2/install/px4_msgs/include/px4_msgs/px4_msgs/msg/detail/transponder_report__traits.hpp\n'}
[0.857635] (px4_msgs) StdoutLine: {'line': b'-- Up-to-date: /home/nicolas/ws_ros2/install/px4_msgs/include/px4_msgs/px4_msgs/msg/detail/pps_capture__traits.hpp\n'}
[0.857665] (px4_msgs) StdoutLine: {'line': b'-- Up-to-date: /home/nicolas/ws_ros2/install/px4_msgs/include/px4_msgs/px4_msgs/msg/detail/adc_report__builder.hpp\n'}
[0.857693] (px4_msgs) StdoutLine: {'line': b'-- Up-to-date: /home/nicolas/ws_ros2/install/px4_msgs/include/px4_msgs/px4_msgs/msg/detail/position_setpoint__type_support.hpp\n'}
[0.857722] (px4_msgs) StdoutLine: {'line': b'-- Up-to-date: /home/nicolas/ws_ros2/install/px4_msgs/include/px4_msgs/px4_msgs/msg/detail/pps_capture__builder.hpp\n'}
[0.857751] (px4_msgs) StdoutLine: {'line': b'-- Up-to-date: /home/nicolas/ws_ros2/install/px4_msgs/include/px4_msgs/px4_msgs/msg/detail/rover_speed_setpoint__type_support.hpp\n'}
[0.857780] (px4_msgs) StdoutLine: {'line': b'-- Up-to-date: /home/nicolas/ws_ros2/install/px4_msgs/include/px4_msgs/px4_msgs/msg/detail/position_controller_status__traits.hpp\n'}
[0.857809] (px4_msgs) StdoutLine: {'line': b'-- Up-to-date: /home/nicolas/ws_ros2/install/px4_msgs/include/px4_msgs/px4_msgs/msg/detail/actuator_test__builder.hpp\n'}
[0.857838] (px4_msgs) StdoutLine: {'line': b'-- Up-to-date: /home/nicolas/ws_ros2/install/px4_msgs/include/px4_msgs/px4_msgs/msg/detail/vehicle_status__traits.hpp\n'}
[0.857866] (px4_msgs) StdoutLine: {'line': b'-- Up-to-date: /home/nicolas/ws_ros2/install/px4_msgs/include/px4_msgs/px4_msgs/msg/detail/vehicle_global_position__type_support.hpp\n'}
[0.857896] (px4_msgs) StdoutLine: {'line': b'-- Up-to-date: /home/nicolas/ws_ros2/install/px4_msgs/include/px4_msgs/px4_msgs/msg/detail/tecs_status__traits.hpp\n'}
[0.857930] (px4_msgs) StdoutLine: {'line': b'-- Up-to-date: /home/nicolas/ws_ros2/install/px4_msgs/include/px4_msgs/px4_msgs/msg/detail/gimbal_manager_set_manual_control__builder.hpp\n'}
[0.857967] (px4_msgs) StdoutLine: {'line': b'-- Up-to-date: /home/nicolas/ws_ros2/install/px4_msgs/include/px4_msgs/px4_msgs/msg/detail/orbit_status__traits.hpp\n'}
[0.857997] (px4_msgs) StdoutLine: {'line': b'-- Up-to-date: /home/nicolas/ws_ros2/install/px4_msgs/include/px4_msgs/px4_msgs/msg/detail/figure_eight_status__traits.hpp\n'}
[0.858026] (px4_msgs) StdoutLine: {'line': b'-- Up-to-date: /home/nicolas/ws_ros2/install/px4_msgs/include/px4_msgs/px4_msgs/msg/detail/tune_control__builder.hpp\n'}
[0.858055] (px4_msgs) StdoutLine: {'line': b'-- Up-to-date: /home/nicolas/ws_ros2/install/px4_msgs/include/px4_msgs/px4_msgs/msg/detail/actuator_outputs__struct.hpp\n'}
[0.858085] (px4_msgs) StdoutLine: {'line': b'-- Up-to-date: /home/nicolas/ws_ros2/install/px4_msgs/include/px4_msgs/px4_msgs/msg/detail/button_event__type_support.hpp\n'}
[0.858116] (px4_msgs) StdoutLine: {'line': b'-- Up-to-date: /home/nicolas/ws_ros2/install/px4_msgs/include/px4_msgs/px4_msgs/msg/detail/vehicle_air_data__builder.hpp\n'}
[0.858145] (px4_msgs) StdoutLine: {'line': b'-- Up-to-date: /home/nicolas/ws_ros2/install/px4_msgs/include/px4_msgs/px4_msgs/msg/detail/onboard_computer_status__traits.hpp\n'}
[0.858179] (px4_msgs) StdoutLine: {'line': b'-- Up-to-date: /home/nicolas/ws_ros2/install/px4_msgs/include/px4_msgs/px4_msgs/msg/detail/health_report__type_support.hpp\n'}
[0.858211] (px4_msgs) StdoutLine: {'line': b'-- Up-to-date: /home/nicolas/ws_ros2/install/px4_msgs/include/px4_msgs/px4_msgs/msg/detail/sensor_airflow__type_support.hpp\n'}
[0.858240] (px4_msgs) StdoutLine: {'line': b'-- Up-to-date: /home/nicolas/ws_ros2/install/px4_msgs/include/px4_msgs/px4_msgs/msg/detail/parameter_reset_request__traits.hpp\n'}
[0.858269] (px4_msgs) StdoutLine: {'line': b'-- Up-to-date: /home/nicolas/ws_ros2/install/px4_msgs/include/px4_msgs/px4_msgs/msg/detail/gimbal_device_set_attitude__builder.hpp\n'}
[0.858298] (px4_msgs) StdoutLine: {'line': b'-- Up-to-date: /home/nicolas/ws_ros2/install/px4_msgs/include/px4_msgs/px4_msgs/msg/detail/uavcan_parameter_request__traits.hpp\n'}
[0.858326] (px4_msgs) StdoutLine: {'line': b'-- Up-to-date: /home/nicolas/ws_ros2/install/px4_msgs/include/px4_msgs/px4_msgs/msg/detail/event__struct.hpp\n'}
[0.858355] (px4_msgs) StdoutLine: {'line': b'-- Up-to-date: /home/nicolas/ws_ros2/install/px4_msgs/include/px4_msgs/px4_msgs/msg/detail/open_drone_id_self_id__type_support.hpp\n'}
[0.858384] (px4_msgs) StdoutLine: {'line': b'-- Up-to-date: /home/nicolas/ws_ros2/install/px4_msgs/include/px4_msgs/px4_msgs/msg/detail/vehicle_roi__builder.hpp\n'}
[0.858413] (px4_msgs) StdoutLine: {'line': b'-- Up-to-date: /home/nicolas/ws_ros2/install/px4_msgs/include/px4_msgs/px4_msgs/msg/detail/sensor_accel_fifo__builder.hpp\n'}
[0.858441] (px4_msgs) StdoutLine: {'line': b'-- Up-to-date: /home/nicolas/ws_ros2/install/px4_msgs/include/px4_msgs/px4_msgs/msg/detail/parameter_set_value_response__type_support.hpp\n'}
[0.858470] (px4_msgs) StdoutLine: {'line': b'-- Up-to-date: /home/nicolas/ws_ros2/install/px4_msgs/include/px4_msgs/px4_msgs/msg/detail/vehicle_optical_flow__type_support.hpp\n'}
[0.858499] (px4_msgs) StdoutLine: {'line': b'-- Up-to-date: /home/nicolas/ws_ros2/install/px4_msgs/include/px4_msgs/px4_msgs/msg/detail/arming_check_request__type_support.hpp\n'}
[0.858528] (px4_msgs) StdoutLine: {'line': b'-- Up-to-date: /home/nicolas/ws_ros2/install/px4_msgs/include/px4_msgs/px4_msgs/msg/detail/follow_target__builder.hpp\n'}
[0.858556] (px4_msgs) StdoutLine: {'line': b'-- Up-to-date: /home/nicolas/ws_ros2/install/px4_msgs/include/px4_msgs/px4_msgs/msg/detail/led_control__type_support.hpp\n'}
[0.858587] (px4_msgs) StdoutLine: {'line': b'-- Up-to-date: /home/nicolas/ws_ros2/install/px4_msgs/include/px4_msgs/px4_msgs/msg/detail/vehicle_air_data__traits.hpp\n'}
[0.858616] (px4_msgs) StdoutLine: {'line': b'-- Up-to-date: /home/nicolas/ws_ros2/install/px4_msgs/include/px4_msgs/px4_msgs/msg/detail/log_message__type_support.hpp\n'}
[0.858645] (px4_msgs) StdoutLine: {'line': b'-- Up-to-date: /home/nicolas/ws_ros2/install/px4_msgs/include/px4_msgs/px4_msgs/msg/detail/estimator_aid_source1d__builder.hpp\n'}
[0.858674] (px4_msgs) StdoutLine: {'line': b'-- Up-to-date: /home/nicolas/ws_ros2/install/px4_msgs/include/px4_msgs/px4_msgs/msg/detail/wind__builder.hpp\n'}
[0.858704] (px4_msgs) StdoutLine: {'line': b'-- Up-to-date: /home/nicolas/ws_ros2/install/px4_msgs/include/px4_msgs/px4_msgs/msg/detail/uavcan_parameter_request__type_support.hpp\n'}
[0.858733] (px4_msgs) StdoutLine: {'line': b'-- Up-to-date: /home/nicolas/ws_ros2/install/px4_msgs/include/px4_msgs/px4_msgs/msg/detail/fixed_wing_lateral_setpoint__traits.hpp\n'}
[0.858762] (px4_msgs) StdoutLine: {'line': b'-- Up-to-date: /home/nicolas/ws_ros2/install/px4_msgs/include/px4_msgs/px4_msgs/msg/detail/gimbal_manager_set_manual_control__struct.hpp\n'}
[0.858791] (px4_msgs) StdoutLine: {'line': b'-- Up-to-date: /home/nicolas/ws_ros2/install/px4_msgs/include/px4_msgs/px4_msgs/msg/detail/fixed_wing_lateral_guidance_status__traits.hpp\n'}
[0.858821] (px4_msgs) StdoutLine: {'line': b'-- Up-to-date: /home/nicolas/ws_ros2/install/px4_msgs/include/px4_msgs/px4_msgs/msg/detail/ping__type_support.hpp\n'}
[0.858849] (px4_msgs) StdoutLine: {'line': b'-- Up-to-date: /home/nicolas/ws_ros2/install/px4_msgs/include/px4_msgs/px4_msgs/msg/detail/pps_capture__type_support.hpp\n'}
[0.858881] (px4_msgs) StdoutLine: {'line': b'-- Up-to-date: /home/nicolas/ws_ros2/install/px4_msgs/include/px4_msgs/px4_msgs/msg/detail/mission_result__traits.hpp\n'}
[0.858910] (px4_msgs) StdoutLine: {'line': b'-- Up-to-date: /home/nicolas/ws_ros2/install/px4_msgs/include/px4_msgs/px4_msgs/msg/detail/open_drone_id_self_id__traits.hpp\n'}
[0.858952] (px4_msgs) StdoutLine: {'line': b'-- Up-to-date: /home/nicolas/ws_ros2/install/px4_msgs/include/px4_msgs/px4_msgs/msg/detail/rover_attitude_setpoint__type_support.hpp\n'}
[0.858983] (px4_msgs) StdoutLine: {'line': b'-- Up-to-date: /home/nicolas/ws_ros2/install/px4_msgs/include/px4_msgs/px4_msgs/msg/detail/vehicle_angular_velocity__struct.hpp\n'}
[0.859013] (px4_msgs) StdoutLine: {'line': b'-- Up-to-date: /home/nicolas/ws_ros2/install/px4_msgs/include/px4_msgs/px4_msgs/msg/detail/vehicle_odometry__builder.hpp\n'}
[0.859043] (px4_msgs) StdoutLine: {'line': b'-- Up-to-date: /home/nicolas/ws_ros2/install/px4_msgs/include/px4_msgs/px4_msgs/msg/detail/fixed_wing_lateral_status__struct.hpp\n'}
[0.859076] (px4_msgs) StdoutLine: {'line': b'-- Up-to-date: /home/nicolas/ws_ros2/install/px4_msgs/include/px4_msgs/px4_msgs/msg/detail/estimator_status_flags__type_support.hpp\n'}
[0.859106] (px4_msgs) StdoutLine: {'line': b'-- Up-to-date: /home/nicolas/ws_ros2/install/px4_msgs/include/px4_msgs/px4_msgs/msg/detail/gimbal_device_information__struct.hpp\n'}
[0.859136] (px4_msgs) StdoutLine: {'line': b'-- Up-to-date: /home/nicolas/ws_ros2/install/px4_msgs/include/px4_msgs/px4_msgs/msg/detail/led_control__traits.hpp\n'}
[0.859165] (px4_msgs) StdoutLine: {'line': b'-- Up-to-date: /home/nicolas/ws_ros2/install/px4_msgs/include/px4_msgs/px4_msgs/msg/detail/vehicle_angular_velocity__traits.hpp\n'}
[0.859195] (px4_msgs) StdoutLine: {'line': b'-- Up-to-date: /home/nicolas/ws_ros2/install/px4_msgs/include/px4_msgs/px4_msgs/msg/detail/camera_capture__struct.hpp\n'}
[0.859224] (px4_msgs) StdoutLine: {'line': b'-- Up-to-date: /home/nicolas/ws_ros2/install/px4_msgs/include/px4_msgs/px4_msgs/msg/detail/adc_report__struct.hpp\n'}
[0.859253] (px4_msgs) StdoutLine: {'line': b'-- Up-to-date: /home/nicolas/ws_ros2/install/px4_msgs/include/px4_msgs/px4_msgs/msg/detail/vehicle_imu_status__traits.hpp\n'}
[0.859282] (px4_msgs) StdoutLine: {'line': b'-- Up-to-date: /home/nicolas/ws_ros2/install/px4_msgs/include/px4_msgs/px4_msgs/msg/detail/longitudinal_control_configuration__type_support.hpp\n'}
[0.859312] (px4_msgs) StdoutLine: {'line': b'-- Up-to-date: /home/nicolas/ws_ros2/install/px4_msgs/include/px4_msgs/px4_msgs/msg/detail/unregister_ext_component__traits.hpp\n'}
[0.859341] (px4_msgs) StdoutLine: {'line': b'-- Up-to-date: /home/nicolas/ws_ros2/install/px4_msgs/include/px4_msgs/px4_msgs/msg/detail/trajectory_setpoint__struct.hpp\n'}
[0.859370] (px4_msgs) StdoutLine: {'line': b'-- Up-to-date: /home/nicolas/ws_ros2/install/px4_msgs/include/px4_msgs/px4_msgs/msg/detail/flight_phase_estimation__type_support.hpp\n'}
[0.859399] (px4_msgs) StdoutLine: {'line': b'-- Up-to-date: /home/nicolas/ws_ros2/install/px4_msgs/include/px4_msgs/px4_msgs/msg/detail/debug_key_value__struct.hpp\n'}
[0.859428] (px4_msgs) StdoutLine: {'line': b'-- Up-to-date: /home/nicolas/ws_ros2/install/px4_msgs/include/px4_msgs/px4_msgs/msg/detail/ulog_stream_ack__traits.hpp\n'}
[0.859457] (px4_msgs) StdoutLine: {'line': b'-- Up-to-date: /home/nicolas/ws_ros2/install/px4_msgs/include/px4_msgs/px4_msgs/msg/detail/actuator_motors__type_support.hpp\n'}
[0.859487] (px4_msgs) StdoutLine: {'line': b'-- Up-to-date: /home/nicolas/ws_ros2/install/px4_msgs/include/px4_msgs/px4_msgs/msg/detail/estimator_selector_status__type_support.hpp\n'}
[0.859516] (px4_msgs) StdoutLine: {'line': b'-- Up-to-date: /home/nicolas/ws_ros2/install/px4_msgs/include/px4_msgs/px4_msgs/msg/detail/orb_test_large__builder.hpp\n'}
[0.859546] (px4_msgs) StdoutLine: {'line': b'-- Up-to-date: /home/nicolas/ws_ros2/install/px4_msgs/include/px4_msgs/px4_msgs/msg/detail/vehicle_imu__traits.hpp\n'}
[0.859575] (px4_msgs) StdoutLine: {'line': b'-- Up-to-date: /home/nicolas/ws_ros2/install/px4_msgs/include/px4_msgs/px4_msgs/msg/detail/fixed_wing_lateral_status__builder.hpp\n'}
[0.859605] (px4_msgs) StdoutLine: {'line': b'-- Up-to-date: /home/nicolas/ws_ros2/install/px4_msgs/include/px4_msgs/px4_msgs/msg/detail/power_button_state__traits.hpp\n'}
[0.859634] (px4_msgs) StdoutLine: {'line': b'-- Up-to-date: /home/nicolas/ws_ros2/install/px4_msgs/include/px4_msgs/px4_msgs/msg/detail/vehicle_torque_setpoint__struct.hpp\n'}
[0.859663] (px4_msgs) StdoutLine: {'line': b'-- Up-to-date: /home/nicolas/ws_ros2/install/px4_msgs/include/px4_msgs/px4_msgs/msg/detail/failure_detector_status__struct.hpp\n'}
[0.859693] (px4_msgs) StdoutLine: {'line': b'-- Up-to-date: /home/nicolas/ws_ros2/install/px4_msgs/include/px4_msgs/px4_msgs/msg/detail/sensors_status_imu__traits.hpp\n'}
[0.859722] (px4_msgs) StdoutLine: {'line': b'-- Up-to-date: /home/nicolas/ws_ros2/install/px4_msgs/include/px4_msgs/px4_msgs/msg/detail/rover_position_setpoint__struct.hpp\n'}
[0.859752] (px4_msgs) StdoutLine: {'line': b'-- Up-to-date: /home/nicolas/ws_ros2/install/px4_msgs/include/px4_msgs/px4_msgs/msg/detail/gimbal_device_information__builder.hpp\n'}
[0.859781] (px4_msgs) StdoutLine: {'line': b'-- Up-to-date: /home/nicolas/ws_ros2/install/px4_msgs/include/px4_msgs/px4_msgs/msg/detail/rover_rate_status__struct.hpp\n'}
[0.859811] (px4_msgs) StdoutLine: {'line': b'-- Up-to-date: /home/nicolas/ws_ros2/install/px4_msgs/include/px4_msgs/px4_msgs/msg/detail/goto_setpoint__type_support.hpp\n'}
[0.859841] (px4_msgs) StdoutLine: {'line': b'-- Up-to-date: /home/nicolas/ws_ros2/install/px4_msgs/include/px4_msgs/px4_msgs/msg/detail/can_interface_status__type_support.hpp\n'}
[0.859870] (px4_msgs) StdoutLine: {'line': b'-- Up-to-date: /home/nicolas/ws_ros2/install/px4_msgs/include/px4_msgs/px4_msgs/msg/detail/gps_dump__struct.hpp\n'}
[0.859898] (px4_msgs) StdoutLine: {'line': b'-- Up-to-date: /home/nicolas/ws_ros2/install/px4_msgs/include/px4_msgs/px4_msgs/msg/detail/vehicle_acceleration__builder.hpp\n'}
[0.859937] (px4_msgs) StdoutLine: {'line': b'-- Up-to-date: /home/nicolas/ws_ros2/install/px4_msgs/include/px4_msgs/px4_msgs/msg/detail/sensor_gps__builder.hpp\n'}
[0.859967] (px4_msgs) StdoutLine: {'line': b'-- Up-to-date: /home/nicolas/ws_ros2/install/px4_msgs/include/px4_msgs/px4_msgs/msg/detail/vehicle_optical_flow_vel__builder.hpp\n'}
[0.859999] (px4_msgs) StdoutLine: {'line': b'-- Up-to-date: /home/nicolas/ws_ros2/install/px4_msgs/include/px4_msgs/px4_msgs/msg/detail/vtol_vehicle_status__traits.hpp\n'}
[0.860029] (px4_msgs) StdoutLine: {'line': b'-- Up-to-date: /home/nicolas/ws_ros2/install/px4_msgs/include/px4_msgs/px4_msgs/msg/detail/estimator_bias3d__builder.hpp\n'}
[0.860058] (px4_msgs) StdoutLine: {'line': b'-- Up-to-date: /home/nicolas/ws_ros2/install/px4_msgs/include/px4_msgs/px4_msgs/msg/detail/button_event__builder.hpp\n'}
[0.860088] (px4_msgs) StdoutLine: {'line': b'-- Up-to-date: /home/nicolas/ws_ros2/install/px4_msgs/include/px4_msgs/px4_msgs/msg/detail/orb_test_large__type_support.hpp\n'}
[0.860117] (px4_msgs) StdoutLine: {'line': b'-- Up-to-date: /home/nicolas/ws_ros2/install/px4_msgs/include/px4_msgs/px4_msgs/msg/detail/pps_capture__struct.hpp\n'}
[0.860146] (px4_msgs) StdoutLine: {'line': b'-- Up-to-date: /home/nicolas/ws_ros2/install/px4_msgs/include/px4_msgs/px4_msgs/msg/detail/register_ext_component_request__type_support.hpp\n'}
[0.860176] (px4_msgs) StdoutLine: {'line': b'-- Up-to-date: /home/nicolas/ws_ros2/install/px4_msgs/include/px4_msgs/px4_msgs/msg/detail/lateral_control_configuration__builder.hpp\n'}
[0.860205] (px4_msgs) StdoutLine: {'line': b'-- Up-to-date: /home/nicolas/ws_ros2/install/px4_msgs/include/px4_msgs/px4_msgs/msg/detail/estimator_aid_source1d__traits.hpp\n'}
[0.860234] (px4_msgs) StdoutLine: {'line': b'-- Up-to-date: /home/nicolas/ws_ros2/install/px4_msgs/include/px4_msgs/px4_msgs/msg/detail/open_drone_id_self_id__builder.hpp\n'}
[0.860262] (px4_msgs) StdoutLine: {'line': b'-- Up-to-date: /home/nicolas/ws_ros2/install/px4_msgs/include/px4_msgs/px4_msgs/msg/detail/estimator_innovations__traits.hpp\n'}
[0.860293] (px4_msgs) StdoutLine: {'line': b'-- Up-to-date: /home/nicolas/ws_ros2/install/px4_msgs/include/px4_msgs/px4_msgs/msg/detail/sensor_gyro_fft__builder.hpp\n'}
[0.860321] (px4_msgs) StdoutLine: {'line': b'-- Up-to-date: /home/nicolas/ws_ros2/install/px4_msgs/include/px4_msgs/px4_msgs/msg/detail/follow_target_status__builder.hpp\n'}
[0.860349] (px4_msgs) StdoutLine: {'line': b'-- Up-to-date: /home/nicolas/ws_ros2/install/px4_msgs/include/px4_msgs/px4_msgs/msg/detail/vehicle_local_position_setpoint__traits.hpp\n'}
[0.860377] (px4_msgs) StdoutLine: {'line': b'-- Up-to-date: /home/nicolas/ws_ros2/install/px4_msgs/include/px4_msgs/px4_msgs/msg/detail/input_rc__struct.hpp\n'}
[0.860406] (px4_msgs) StdoutLine: {'line': b'-- Up-to-date: /home/nicolas/ws_ros2/install/px4_msgs/include/px4_msgs/px4_msgs/msg/detail/rtl_time_estimate__type_support.hpp\n'}
[0.860435] (px4_msgs) StdoutLine: {'line': b'-- Up-to-date: /home/nicolas/ws_ros2/install/px4_msgs/include/px4_msgs/px4_msgs/msg/detail/sensor_baro__type_support.hpp\n'}
[0.860464] (px4_msgs) StdoutLine: {'line': b'-- Up-to-date: /home/nicolas/ws_ros2/install/px4_msgs/include/px4_msgs/px4_msgs/msg/detail/failsafe_flags__struct.hpp\n'}
[0.860492] (px4_msgs) StdoutLine: {'line': b'-- Up-to-date: /home/nicolas/ws_ros2/install/px4_msgs/include/px4_msgs/px4_msgs/msg/detail/message_format_request__struct.hpp\n'}
[0.860522] (px4_msgs) StdoutLine: {'line': b'-- Up-to-date: /home/nicolas/ws_ros2/install/px4_msgs/include/px4_msgs/px4_msgs/msg/detail/sensor_mag__struct.hpp\n'}
[0.860554] (px4_msgs) StdoutLine: {'line': b'-- Up-to-date: /home/nicolas/ws_ros2/install/px4_msgs/include/px4_msgs/px4_msgs/msg/detail/rover_rate_status__type_support.hpp\n'}
[0.860586] (px4_msgs) StdoutLine: {'line': b'-- Up-to-date: /home/nicolas/ws_ros2/install/px4_msgs/include/px4_msgs/px4_msgs/msg/detail/sensor_gyro__traits.hpp\n'}
[0.860619] (px4_msgs) StdoutLine: {'line': b'-- Up-to-date: /home/nicolas/ws_ros2/install/px4_msgs/include/px4_msgs/px4_msgs/msg/detail/debug_value__struct.hpp\n'}
[0.860651] (px4_msgs) StdoutLine: {'line': b'-- Up-to-date: /home/nicolas/ws_ros2/install/px4_msgs/include/px4_msgs/px4_msgs/msg/detail/rc_parameter_map__builder.hpp\n'}
[0.860684] (px4_msgs) StdoutLine: {'line': b'-- Up-to-date: /home/nicolas/ws_ros2/install/px4_msgs/include/px4_msgs/px4_msgs/msg/detail/register_ext_component_reply__type_support.hpp\n'}
[0.860717] (px4_msgs) StdoutLine: {'line': b'-- Up-to-date: /home/nicolas/ws_ros2/install/px4_msgs/include/px4_msgs/px4_msgs/msg/detail/airspeed__traits.hpp\n'}
[0.860746] (px4_msgs) StdoutLine: {'line': b'-- Up-to-date: /home/nicolas/ws_ros2/install/px4_msgs/include/px4_msgs/px4_msgs/msg/detail/vehicle_torque_setpoint__type_support.hpp\n'}
[0.860777] (px4_msgs) StdoutLine: {'line': b'-- Up-to-date: /home/nicolas/ws_ros2/install/px4_msgs/include/px4_msgs/px4_msgs/msg/detail/ekf2_timestamps__type_support.hpp\n'}
[0.860806] (px4_msgs) StdoutLine: {'line': b'-- Up-to-date: /home/nicolas/ws_ros2/install/px4_msgs/include/px4_msgs/px4_msgs/msg/detail/vehicle_imu_status__struct.hpp\n'}
[0.860836] (px4_msgs) StdoutLine: {'line': b'-- Up-to-date: /home/nicolas/ws_ros2/install/px4_msgs/include/px4_msgs/px4_msgs/msg/detail/action_request__struct.hpp\n'}
[0.860864] (px4_msgs) StdoutLine: {'line': b'-- Up-to-date: /home/nicolas/ws_ros2/install/px4_msgs/include/px4_msgs/px4_msgs/msg/detail/log_message__traits.hpp\n'}
[0.860893] (px4_msgs) StdoutLine: {'line': b'-- Up-to-date: /home/nicolas/ws_ros2/install/px4_msgs/include/px4_msgs/px4_msgs/msg/detail/gimbal_device_information__traits.hpp\n'}
[0.860934] (px4_msgs) StdoutLine: {'line': b'-- Up-to-date: /home/nicolas/ws_ros2/install/px4_msgs/include/px4_msgs/px4_msgs/msg/detail/health_report__struct.hpp\n'}
[0.860966] (px4_msgs) StdoutLine: {'line': b'-- Up-to-date: /home/nicolas/ws_ros2/install/px4_msgs/include/px4_msgs/px4_msgs/msg/detail/sensor_optical_flow__struct.hpp\n'}
[0.860995] (px4_msgs) StdoutLine: {'line': b'-- Up-to-date: /home/nicolas/ws_ros2/install/px4_msgs/include/px4_msgs/px4_msgs/msg/detail/message_format_request__builder.hpp\n'}
[0.861027] (px4_msgs) StdoutLine: {'line': b'-- Up-to-date: /home/nicolas/ws_ros2/install/px4_msgs/include/px4_msgs/px4_msgs/msg/detail/sensor_accel_fifo__type_support.hpp\n'}
[0.861057] (px4_msgs) StdoutLine: {'line': b'-- Up-to-date: /home/nicolas/ws_ros2/install/px4_msgs/include/px4_msgs/px4_msgs/msg/detail/mission__struct.hpp\n'}
[0.861086] (px4_msgs) StdoutLine: {'line': b'-- Up-to-date: /home/nicolas/ws_ros2/install/px4_msgs/include/px4_msgs/px4_msgs/msg/detail/takeoff_status__struct.hpp\n'}
[0.861116] (px4_msgs) StdoutLine: {'line': b'-- Up-to-date: /home/nicolas/ws_ros2/install/px4_msgs/include/px4_msgs/px4_msgs/msg/detail/gimbal_device_set_attitude__type_support.hpp\n'}
[0.861146] (px4_msgs) StdoutLine: {'line': b'-- Up-to-date: /home/nicolas/ws_ros2/install/px4_msgs/include/px4_msgs/px4_msgs/msg/detail/vehicle_command_ack__builder.hpp\n'}
[0.861177] (px4_msgs) StdoutLine: {'line': b'-- Up-to-date: /home/nicolas/ws_ros2/install/px4_msgs/include/px4_msgs/px4_msgs/msg/detail/open_drone_id_arm_status__builder.hpp\n'}
[0.861207] (px4_msgs) StdoutLine: {'line': b'-- Up-to-date: /home/nicolas/ws_ros2/install/px4_msgs/include/px4_msgs/px4_msgs/msg/detail/wheel_encoders__traits.hpp\n'}
[0.861238] (px4_msgs) StdoutLine: {'line': b'-- Up-to-date: /home/nicolas/ws_ros2/install/px4_msgs/include/px4_msgs/px4_msgs/msg/detail/sensor_gyro_fifo__traits.hpp\n'}
[0.861267] (px4_msgs) StdoutLine: {'line': b'-- Up-to-date: /home/nicolas/ws_ros2/install/px4_msgs/include/px4_msgs/px4_msgs/msg/detail/yaw_estimator_status__builder.hpp\n'}
[0.861297] (px4_msgs) StdoutLine: {'line': b'-- Up-to-date: /home/nicolas/ws_ros2/install/px4_msgs/include/px4_msgs/px4_msgs/msg/detail/estimator_innovations__builder.hpp\n'}
[0.861327] (px4_msgs) StdoutLine: {'line': b'-- Up-to-date: /home/nicolas/ws_ros2/install/px4_msgs/include/px4_msgs/px4_msgs/msg/detail/unregister_ext_component__struct.hpp\n'}
[0.861356] (px4_msgs) StdoutLine: {'line': b'-- Up-to-date: /home/nicolas/ws_ros2/install/px4_msgs/include/px4_msgs/px4_msgs/msg/detail/estimator_states__type_support.hpp\n'}
[0.861385] (px4_msgs) StdoutLine: {'line': b'-- Up-to-date: /home/nicolas/ws_ros2/install/px4_msgs/include/px4_msgs/px4_msgs/msg/detail/home_position__traits.hpp\n'}
[0.861414] (px4_msgs) StdoutLine: {'line': b'-- Up-to-date: /home/nicolas/ws_ros2/install/px4_msgs/include/px4_msgs/px4_msgs/msg/detail/parameter_set_value_response__traits.hpp\n'}
[0.861443] (px4_msgs) StdoutLine: {'line': b'-- Up-to-date: /home/nicolas/ws_ros2/install/px4_msgs/include/px4_msgs/px4_msgs/msg/detail/vehicle_control_mode__type_support.hpp\n'}
[0.861473] (px4_msgs) StdoutLine: {'line': b'-- Up-to-date: /home/nicolas/ws_ros2/install/px4_msgs/include/px4_msgs/px4_msgs/msg/detail/home_position__builder.hpp\n'}
[0.861502] (px4_msgs) StdoutLine: {'line': b'-- Up-to-date: /home/nicolas/ws_ros2/install/px4_msgs/include/px4_msgs/px4_msgs/msg/detail/estimator_status__traits.hpp\n'}
[0.861530] (px4_msgs) StdoutLine: {'line': b'-- Up-to-date: /home/nicolas/ws_ros2/install/px4_msgs/include/px4_msgs/px4_msgs/msg/detail/unregister_ext_component__builder.hpp\n'}
[0.861559] (px4_msgs) StdoutLine: {'line': b'-- Up-to-date: /home/nicolas/ws_ros2/install/px4_msgs/include/px4_msgs/px4_msgs/msg/detail/vtol_vehicle_status__struct.hpp\n'}
[0.861587] (px4_msgs) StdoutLine: {'line': b'-- Up-to-date: /home/nicolas/ws_ros2/install/px4_msgs/include/px4_msgs/px4_msgs/msg/detail/position_controller_landing_status__type_support.hpp\n'}
[0.861617] (px4_msgs) StdoutLine: {'line': b'-- Up-to-date: /home/nicolas/ws_ros2/install/px4_msgs/include/px4_msgs/px4_msgs/msg/detail/position_setpoint_triplet__type_support.hpp\n'}
[0.861647] (px4_msgs) StdoutLine: {'line': b'-- Up-to-date: /home/nicolas/ws_ros2/install/px4_msgs/include/px4_msgs/px4_msgs/msg/detail/mag_worker_data__traits.hpp\n'}
[0.861676] (px4_msgs) StdoutLine: {'line': b'-- Up-to-date: /home/nicolas/ws_ros2/install/px4_msgs/include/px4_msgs/px4_msgs/msg/detail/magnetometer_bias_estimate__type_support.hpp\n'}
[0.861705] (px4_msgs) StdoutLine: {'line': b'-- Up-to-date: /home/nicolas/ws_ros2/install/px4_msgs/include/px4_msgs/px4_msgs/msg/detail/arming_check_reply__type_support.hpp\n'}
[0.861738] (px4_msgs) StdoutLine: {'line': b'-- Up-to-date: /home/nicolas/ws_ros2/install/px4_msgs/include/px4_msgs/px4_msgs/msg/detail/landing_gear__builder.hpp\n'}
[0.861767] (px4_msgs) StdoutLine: {'line': b'-- Up-to-date: /home/nicolas/ws_ros2/install/px4_msgs/include/px4_msgs/px4_msgs/msg/detail/radio_status__builder.hpp\n'}
[0.861796] (px4_msgs) StdoutLine: {'line': b'-- Up-to-date: /home/nicolas/ws_ros2/install/px4_msgs/include/px4_msgs/px4_msgs/msg/detail/estimator_aid_source1d__struct.hpp\n'}
[0.861824] (px4_msgs) StdoutLine: {'line': b'-- Up-to-date: /home/nicolas/ws_ros2/install/px4_msgs/include/px4_msgs/px4_msgs/msg/detail/longitudinal_control_configuration__struct.hpp\n'}
[0.861856] (px4_msgs) StdoutLine: {'line': b'-- Up-to-date: /home/nicolas/ws_ros2/install/px4_msgs/include/px4_msgs/px4_msgs/msg/detail/sensor_correction__builder.hpp\n'}
[0.861885] (px4_msgs) StdoutLine: {'line': b'-- Up-to-date: /home/nicolas/ws_ros2/install/px4_msgs/include/px4_msgs/px4_msgs/msg/detail/hover_thrust_estimate__type_support.hpp\n'}
[0.861923] (px4_msgs) StdoutLine: {'line': b'-- Up-to-date: /home/nicolas/ws_ros2/install/px4_msgs/include/px4_msgs/px4_msgs/msg/detail/position_setpoint_triplet__struct.hpp\n'}
[0.861955] (px4_msgs) StdoutLine: {'line': b'-- Up-to-date: /home/nicolas/ws_ros2/install/px4_msgs/include/px4_msgs/px4_msgs/msg/detail/manual_control_setpoint__struct.hpp\n'}
[0.861984] (px4_msgs) StdoutLine: {'line': b'-- Up-to-date: /home/nicolas/ws_ros2/install/px4_msgs/include/px4_msgs/px4_msgs/msg/detail/vtol_vehicle_status__builder.hpp\n'}
[0.862013] (px4_msgs) StdoutLine: {'line': b'-- Up-to-date: /home/nicolas/ws_ros2/install/px4_msgs/include/px4_msgs/px4_msgs/msg/detail/autotune_attitude_control_status__builder.hpp\n'}
[0.862042] (px4_msgs) StdoutLine: {'line': b'-- Up-to-date: /home/nicolas/ws_ros2/install/px4_msgs/include/px4_msgs/px4_msgs/msg/detail/actuator_test__struct.hpp\n'}
[0.862072] (px4_msgs) StdoutLine: {'line': b'-- Up-to-date: /home/nicolas/ws_ros2/install/px4_msgs/include/px4_msgs/px4_msgs/msg/detail/position_controller_landing_status__traits.hpp\n'}
[0.862101] (px4_msgs) StdoutLine: {'line': b'-- Up-to-date: /home/nicolas/ws_ros2/install/px4_msgs/include/px4_msgs/px4_msgs/msg/detail/actuator_test__type_support.hpp\n'}
[0.862130] (px4_msgs) StdoutLine: {'line': b'-- Up-to-date: /home/nicolas/ws_ros2/install/px4_msgs/include/px4_msgs/px4_msgs/msg/detail/rtl_time_estimate__traits.hpp\n'}
[0.862159] (px4_msgs) StdoutLine: {'line': b'-- Up-to-date: /home/nicolas/ws_ros2/install/px4_msgs/include/px4_msgs/px4_msgs/msg/detail/arming_check_request__builder.hpp\n'}
[0.862189] (px4_msgs) StdoutLine: {'line': b'-- Up-to-date: /home/nicolas/ws_ros2/install/px4_msgs/include/px4_msgs/px4_msgs/msg/detail/parameter_set_value_response__struct.hpp\n'}
[0.862217] (px4_msgs) StdoutLine: {'line': b'-- Up-to-date: /home/nicolas/ws_ros2/install/px4_msgs/include/px4_msgs/px4_msgs/msg/detail/sensor_gyro_fifo__builder.hpp\n'}
[0.862246] (px4_msgs) StdoutLine: {'line': b'-- Up-to-date: /home/nicolas/ws_ros2/install/px4_msgs/include/px4_msgs/px4_msgs/msg/detail/pure_pursuit_status__traits.hpp\n'}
[0.862275] (px4_msgs) StdoutLine: {'line': b'-- Up-to-date: /home/nicolas/ws_ros2/install/px4_msgs/include/px4_msgs/px4_msgs/msg/detail/vehicle_command__builder.hpp\n'}
[0.862304] (px4_msgs) StdoutLine: {'line': b'-- Up-to-date: /home/nicolas/ws_ros2/install/px4_msgs/include/px4_msgs/px4_msgs/msg/detail/landing_gear__traits.hpp\n'}
[0.862333] (px4_msgs) StdoutLine: {'line': b'-- Up-to-date: /home/nicolas/ws_ros2/install/px4_msgs/include/px4_msgs/px4_msgs/msg/detail/battery_info__builder.hpp\n'}
[0.862362] (px4_msgs) StdoutLine: {'line': b'-- Up-to-date: /home/nicolas/ws_ros2/install/px4_msgs/include/px4_msgs/px4_msgs/msg/detail/rover_attitude_setpoint__builder.hpp\n'}
[0.862390] (px4_msgs) StdoutLine: {'line': b'-- Up-to-date: /home/nicolas/ws_ros2/install/px4_msgs/include/px4_msgs/px4_msgs/msg/detail/uavcan_parameter_request__builder.hpp\n'}
[0.862422] (px4_msgs) StdoutLine: {'line': b'-- Up-to-date: /home/nicolas/ws_ros2/install/px4_msgs/include/px4_msgs/px4_msgs/msg/detail/fixed_wing_lateral_setpoint__builder.hpp\n'}
[0.862450] (px4_msgs) StdoutLine: {'line': b'-- Up-to-date: /home/nicolas/ws_ros2/install/px4_msgs/include/px4_msgs/px4_msgs/msg/detail/system_power__builder.hpp\n'}
[0.862479] (px4_msgs) StdoutLine: {'line': b'-- Up-to-date: /home/nicolas/ws_ros2/install/px4_msgs/include/px4_msgs/px4_msgs/msg/detail/uavcan_parameter_value__traits.hpp\n'}
[0.862508] (px4_msgs) StdoutLine: {'line': b'-- Up-to-date: /home/nicolas/ws_ros2/install/px4_msgs/include/px4_msgs/px4_msgs/msg/detail/rc_parameter_map__type_support.hpp\n'}
[0.862537] (px4_msgs) StdoutLine: {'line': b'-- Up-to-date: /home/nicolas/ws_ros2/install/px4_msgs/include/px4_msgs/px4_msgs/msg/detail/geofence_status__builder.hpp\n'}
[0.862567] (px4_msgs) StdoutLine: {'line': b'-- Up-to-date: /home/nicolas/ws_ros2/install/px4_msgs/include/px4_msgs/px4_msgs/msg/detail/internal_combustion_engine_control__type_support.hpp\n'}
[0.862596] (px4_msgs) StdoutLine: {'line': b'-- Up-to-date: /home/nicolas/ws_ros2/install/px4_msgs/include/px4_msgs/px4_msgs/msg/detail/vehicle_attitude__struct.hpp\n'}
[0.862625] (px4_msgs) StdoutLine: {'line': b'-- Up-to-date: /home/nicolas/ws_ros2/install/px4_msgs/include/px4_msgs/px4_msgs/msg/detail/sensor_gyro_fft__traits.hpp\n'}
[0.862655] (px4_msgs) StdoutLine: {'line': b'-- Up-to-date: /home/nicolas/ws_ros2/install/px4_msgs/include/px4_msgs/px4_msgs/msg/detail/gimbal_device_attitude_status__builder.hpp\n'}
[0.862684] (px4_msgs) StdoutLine: {'line': b'-- Up-to-date: /home/nicolas/ws_ros2/install/px4_msgs/include/px4_msgs/px4_msgs/msg/detail/ping__traits.hpp\n'}
[0.862713] (px4_msgs) StdoutLine: {'line': b'-- Up-to-date: /home/nicolas/ws_ros2/install/px4_msgs/include/px4_msgs/px4_msgs/msg/detail/vehicle_constraints__struct.hpp\n'}
[0.862744] (px4_msgs) StdoutLine: {'line': b'-- Up-to-date: /home/nicolas/ws_ros2/install/px4_msgs/include/px4_msgs/px4_msgs/msg/detail/estimator_aid_source3d__traits.hpp\n'}
[0.862773] (px4_msgs) StdoutLine: {'line': b'-- Up-to-date: /home/nicolas/ws_ros2/install/px4_msgs/include/px4_msgs/px4_msgs/msg/detail/event__builder.hpp\n'}
[0.862802] (px4_msgs) StdoutLine: {'line': b'-- Up-to-date: /home/nicolas/ws_ros2/install/px4_msgs/include/px4_msgs/px4_msgs/msg/detail/debug_value__type_support.hpp\n'}
[0.862831] (px4_msgs) StdoutLine: {'line': b'-- Up-to-date: /home/nicolas/ws_ros2/install/px4_msgs/include/px4_msgs/px4_msgs/msg/detail/vehicle_local_position__type_support.hpp\n'}
[0.862859] (px4_msgs) StdoutLine: {'line': b'-- Up-to-date: /home/nicolas/ws_ros2/install/px4_msgs/include/px4_msgs/px4_msgs/msg/detail/actuator_motors__traits.hpp\n'}
[0.862892] (px4_msgs) StdoutLine: {'line': b'-- Up-to-date: /home/nicolas/ws_ros2/install/px4_msgs/include/px4_msgs/px4_msgs/msg/detail/cellular_status__traits.hpp\n'}
[0.862925] (px4_msgs) StdoutLine: {'line': b'-- Up-to-date: /home/nicolas/ws_ros2/install/px4_msgs/include/px4_msgs/px4_msgs/msg/detail/rover_speed_status__struct.hpp\n'}
[0.862957] (px4_msgs) StdoutLine: {'line': b'-- Up-to-date: /home/nicolas/ws_ros2/install/px4_msgs/include/px4_msgs/px4_msgs/msg/detail/landing_target_pose__struct.hpp\n'}
[0.862986] (px4_msgs) StdoutLine: {'line': b'-- Up-to-date: /home/nicolas/ws_ros2/install/px4_msgs/include/px4_msgs/px4_msgs/msg/detail/neural_control__type_support.hpp\n'}
[0.863014] (px4_msgs) StdoutLine: {'line': b'-- Up-to-date: /home/nicolas/ws_ros2/install/px4_msgs/include/px4_msgs/px4_msgs/msg/detail/actuator_servos__traits.hpp\n'}
[0.863044] (px4_msgs) StdoutLine: {'line': b'-- Up-to-date: /home/nicolas/ws_ros2/install/px4_msgs/include/px4_msgs/px4_msgs/msg/detail/camera_trigger__type_support.hpp\n'}
[0.863073] (px4_msgs) StdoutLine: {'line': b'-- Up-to-date: /home/nicolas/ws_ros2/install/px4_msgs/include/px4_msgs/px4_msgs/msg/detail/wind__struct.hpp\n'}
[0.863101] (px4_msgs) StdoutLine: {'line': b'-- Up-to-date: /home/nicolas/ws_ros2/install/px4_msgs/include/px4_msgs/px4_msgs/msg/detail/heater_status__struct.hpp\n'}
[0.863132] (px4_msgs) StdoutLine: {'line': b'-- Up-to-date: /home/nicolas/ws_ros2/install/px4_msgs/include/px4_msgs/px4_msgs/msg/detail/px4io_status__traits.hpp\n'}
[0.863162] (px4_msgs) StdoutLine: {'line': b'-- Up-to-date: /home/nicolas/ws_ros2/install/px4_msgs/include/px4_msgs/px4_msgs/msg/detail/rover_rate_setpoint__type_support.hpp\n'}
[0.863191] (px4_msgs) StdoutLine: {'line': b'-- Up-to-date: /home/nicolas/ws_ros2/install/px4_msgs/include/px4_msgs/px4_msgs/msg/detail/sensor_correction__traits.hpp\n'}
[0.863221] (px4_msgs) StdoutLine: {'line': b'-- Up-to-date: /home/nicolas/ws_ros2/install/px4_msgs/include/px4_msgs/px4_msgs/msg/detail/neural_control__struct.hpp\n'}
[0.863249] (px4_msgs) StdoutLine: {'line': b'-- Up-to-date: /home/nicolas/ws_ros2/install/px4_msgs/include/px4_msgs/px4_msgs/msg/detail/gpio_out__struct.hpp\n'}
[0.863278] (px4_msgs) StdoutLine: {'line': b'-- Up-to-date: /home/nicolas/ws_ros2/install/px4_msgs/include/px4_msgs/px4_msgs/msg/detail/qshell_req__builder.hpp\n'}
[0.863307] (px4_msgs) StdoutLine: {'line': b'-- Up-to-date: /home/nicolas/ws_ros2/install/px4_msgs/include/px4_msgs/px4_msgs/msg/detail/gps_dump__traits.hpp\n'}
[0.863336] (px4_msgs) StdoutLine: {'line': b'-- Up-to-date: /home/nicolas/ws_ros2/install/px4_msgs/include/px4_msgs/px4_msgs/msg/detail/navigator_status__struct.hpp\n'}
[0.863364] (px4_msgs) StdoutLine: {'line': b'-- Up-to-date: /home/nicolas/ws_ros2/install/px4_msgs/include/px4_msgs/px4_msgs/msg/detail/cpuload__traits.hpp\n'}
[0.863392] (px4_msgs) StdoutLine: {'line': b'-- Up-to-date: /home/nicolas/ws_ros2/install/px4_msgs/include/px4_msgs/px4_msgs/msg/detail/sensor_baro__struct.hpp\n'}
[0.863422] (px4_msgs) StdoutLine: {'line': b'-- Up-to-date: /home/nicolas/ws_ros2/install/px4_msgs/include/px4_msgs/px4_msgs/msg/detail/vehicle_attitude__type_support.hpp\n'}
[0.863450] (px4_msgs) StdoutLine: {'line': b'-- Up-to-date: /home/nicolas/ws_ros2/install/px4_msgs/include/px4_msgs/px4_msgs/msg/detail/rtl_time_estimate__builder.hpp\n'}
[0.863479] (px4_msgs) StdoutLine: {'line': b'-- Up-to-date: /home/nicolas/ws_ros2/install/px4_msgs/include/px4_msgs/px4_msgs/msg/detail/timesync_status__struct.hpp\n'}
[0.863508] (px4_msgs) StdoutLine: {'line': b'-- Up-to-date: /home/nicolas/ws_ros2/install/px4_msgs/include/px4_msgs/px4_msgs/msg/detail/rc_parameter_map__traits.hpp\n'}
[0.863537] (px4_msgs) StdoutLine: {'line': b'-- Up-to-date: /home/nicolas/ws_ros2/install/px4_msgs/include/px4_msgs/px4_msgs/msg/detail/gps_dump__type_support.hpp\n'}
[0.863566] (px4_msgs) StdoutLine: {'line': b'-- Up-to-date: /home/nicolas/ws_ros2/install/px4_msgs/include/px4_msgs/px4_msgs/msg/detail/yaw_estimator_status__type_support.hpp\n'}
[0.863595] (px4_msgs) StdoutLine: {'line': b'-- Up-to-date: /home/nicolas/ws_ros2/install/px4_msgs/include/px4_msgs/px4_msgs/msg/detail/fixed_wing_lateral_guidance_status__type_support.hpp\n'}
[0.863624] (px4_msgs) StdoutLine: {'line': b'-- Up-to-date: /home/nicolas/ws_ros2/install/px4_msgs/include/px4_msgs/px4_msgs/msg/detail/collision_constraints__struct.hpp\n'}
[0.863653] (px4_msgs) StdoutLine: {'line': b'-- Up-to-date: /home/nicolas/ws_ros2/install/px4_msgs/include/px4_msgs/px4_msgs/msg/detail/gpio_in__type_support.hpp\n'}
[0.863685] (px4_msgs) StdoutLine: {'line': b'-- Up-to-date: /home/nicolas/ws_ros2/install/px4_msgs/include/px4_msgs/px4_msgs/msg/detail/uavcan_parameter_value__struct.hpp\n'}
[0.863714] (px4_msgs) StdoutLine: {'line': b'-- Up-to-date: /home/nicolas/ws_ros2/install/px4_msgs/include/px4_msgs/px4_msgs/msg/detail/follow_target__struct.hpp\n'}
[0.863743] (px4_msgs) StdoutLine: {'line': b'-- Up-to-date: /home/nicolas/ws_ros2/install/px4_msgs/include/px4_msgs/px4_msgs/msg/detail/vehicle_thrust_setpoint__struct.hpp\n'}
[0.863772] (px4_msgs) StdoutLine: {'line': b'-- Up-to-date: /home/nicolas/ws_ros2/install/px4_msgs/include/px4_msgs/px4_msgs/msg/detail/satellite_info__type_support.hpp\n'}
[0.863801] (px4_msgs) StdoutLine: {'line': b'-- Up-to-date: /home/nicolas/ws_ros2/install/px4_msgs/include/px4_msgs/px4_msgs/msg/detail/vehicle_control_mode__struct.hpp\n'}
[0.863832] (px4_msgs) StdoutLine: {'line': b'-- Up-to-date: /home/nicolas/ws_ros2/install/px4_msgs/include/px4_msgs/px4_msgs/msg/detail/estimator_event_flags__builder.hpp\n'}
[0.863861] (px4_msgs) StdoutLine: {'line': b'-- Up-to-date: /home/nicolas/ws_ros2/install/px4_msgs/include/px4_msgs/px4_msgs/msg/detail/vehicle_magnetometer__builder.hpp\n'}
[0.863895] (px4_msgs) StdoutLine: {'line': b'-- Up-to-date: /home/nicolas/ws_ros2/install/px4_msgs/include/px4_msgs/px4_msgs/msg/detail/vehicle_angular_acceleration_setpoint__type_support.hpp\n'}
[0.863928] (px4_msgs) StdoutLine: {'line': b'-- Up-to-date: /home/nicolas/ws_ros2/install/px4_msgs/include/px4_msgs/px4_msgs/msg/detail/vehicle_status__builder.hpp\n'}
[0.863958] (px4_msgs) StdoutLine: {'line': b'-- Up-to-date: /home/nicolas/ws_ros2/install/px4_msgs/include/px4_msgs/px4_msgs/msg/detail/gpio_out__type_support.hpp\n'}
[0.863988] (px4_msgs) StdoutLine: {'line': b'-- Up-to-date: /home/nicolas/ws_ros2/install/px4_msgs/include/px4_msgs/px4_msgs/msg/detail/register_ext_component_request__traits.hpp\n'}
[0.864018] (px4_msgs) StdoutLine: {'line': b'-- Up-to-date: /home/nicolas/ws_ros2/install/px4_msgs/include/px4_msgs/px4_msgs/msg/detail/sensor_airflow__builder.hpp\n'}
[0.864046] (px4_msgs) StdoutLine: {'line': b'-- Up-to-date: /home/nicolas/ws_ros2/install/px4_msgs/include/px4_msgs/px4_msgs/msg/detail/open_drone_id_arm_status__type_support.hpp\n'}
[0.864075] (px4_msgs) StdoutLine: {'line': b'-- Up-to-date: /home/nicolas/ws_ros2/install/px4_msgs/include/px4_msgs/px4_msgs/msg/detail/vehicle_global_position__traits.hpp\n'}
[0.864104] (px4_msgs) StdoutLine: {'line': b'-- Up-to-date: /home/nicolas/ws_ros2/install/px4_msgs/include/px4_msgs/px4_msgs/msg/detail/config_overrides__type_support.hpp\n'}
[0.864133] (px4_msgs) StdoutLine: {'line': b'-- Up-to-date: /home/nicolas/ws_ros2/install/px4_msgs/include/px4_msgs/px4_msgs/msg/detail/landing_gear__type_support.hpp\n'}
[0.864162] (px4_msgs) StdoutLine: {'line': b'-- Up-to-date: /home/nicolas/ws_ros2/install/px4_msgs/include/px4_msgs/px4_msgs/msg/detail/distance_sensor__traits.hpp\n'}
[0.864190] (px4_msgs) StdoutLine: {'line': b'-- Up-to-date: /home/nicolas/ws_ros2/install/px4_msgs/include/px4_msgs/px4_msgs/msg/detail/transponder_report__struct.hpp\n'}
[0.864218] (px4_msgs) StdoutLine: {'line': b'-- Up-to-date: /home/nicolas/ws_ros2/install/px4_msgs/include/px4_msgs/px4_msgs/msg/detail/sensor_uwb__struct.hpp\n'}
[0.864247] (px4_msgs) StdoutLine: {'line': b'-- Up-to-date: /home/nicolas/ws_ros2/install/px4_msgs/include/px4_msgs/px4_msgs/msg/detail/fixed_wing_lateral_setpoint__type_support.hpp\n'}
[0.864276] (px4_msgs) StdoutLine: {'line': b'-- Up-to-date: /home/nicolas/ws_ros2/install/px4_msgs/include/px4_msgs/px4_msgs/msg/detail/message_format_response__struct.hpp\n'}
[0.864305] (px4_msgs) StdoutLine: {'line': b'-- Up-to-date: /home/nicolas/ws_ros2/install/px4_msgs/include/px4_msgs/px4_msgs/msg/detail/input_rc__traits.hpp\n'}
[0.864334] (px4_msgs) StdoutLine: {'line': b'-- Up-to-date: /home/nicolas/ws_ros2/install/px4_msgs/include/px4_msgs/px4_msgs/msg/detail/mission__builder.hpp\n'}
[0.864363] (px4_msgs) StdoutLine: {'line': b'-- Up-to-date: /home/nicolas/ws_ros2/install/px4_msgs/include/px4_msgs/px4_msgs/msg/detail/landing_target_innovations__builder.hpp\n'}
[0.864392] (px4_msgs) StdoutLine: {'line': b'-- Up-to-date: /home/nicolas/ws_ros2/install/px4_msgs/include/px4_msgs/px4_msgs/msg/detail/vehicle_magnetometer__type_support.hpp\n'}
[0.864423] (px4_msgs) StdoutLine: {'line': b'-- Up-to-date: /home/nicolas/ws_ros2/install/px4_msgs/include/px4_msgs/px4_msgs/msg/detail/gps_inject_data__traits.hpp\n'}
[0.864456] (px4_msgs) StdoutLine: {'line': b'-- Up-to-date: /home/nicolas/ws_ros2/install/px4_msgs/include/px4_msgs/px4_msgs/msg/detail/vehicle_land_detected__struct.hpp\n'}
[0.864488] (px4_msgs) StdoutLine: {'line': b'-- Up-to-date: /home/nicolas/ws_ros2/install/px4_msgs/include/px4_msgs/px4_msgs/msg/detail/estimator_gps_status__traits.hpp\n'}
[0.864519] (px4_msgs) StdoutLine: {'line': b'-- Up-to-date: /home/nicolas/ws_ros2/install/px4_msgs/include/px4_msgs/px4_msgs/msg/detail/message_format_request__type_support.hpp\n'}
[0.864553] (px4_msgs) StdoutLine: {'line': b'-- Up-to-date: /home/nicolas/ws_ros2/install/px4_msgs/include/px4_msgs/px4_msgs/msg/detail/mount_orientation__builder.hpp\n'}
[0.864587] (px4_msgs) StdoutLine: {'line': b'-- Up-to-date: /home/nicolas/ws_ros2/install/px4_msgs/include/px4_msgs/px4_msgs/msg/detail/vehicle_control_mode__builder.hpp\n'}
[0.864619] (px4_msgs) StdoutLine: {'line': b'-- Up-to-date: /home/nicolas/ws_ros2/install/px4_msgs/include/px4_msgs/px4_msgs/msg/detail/open_drone_id_operator_id__builder.hpp\n'}
[0.864650] (px4_msgs) StdoutLine: {'line': b'-- Up-to-date: /home/nicolas/ws_ros2/install/px4_msgs/include/px4_msgs/px4_msgs/msg/detail/cpuload__type_support.hpp\n'}
[0.864681] (px4_msgs) StdoutLine: {'line': b'-- Up-to-date: /home/nicolas/ws_ros2/install/px4_msgs/include/px4_msgs/px4_msgs/msg/detail/pwm_input__type_support.hpp\n'}
[0.864714] (px4_msgs) StdoutLine: {'line': b'-- Up-to-date: /home/nicolas/ws_ros2/install/px4_msgs/include/px4_msgs/px4_msgs/msg/detail/obstacle_distance__type_support.hpp\n'}
[0.864746] (px4_msgs) StdoutLine: {'line': b'-- Up-to-date: /home/nicolas/ws_ros2/install/px4_msgs/include/px4_msgs/px4_msgs/msg/detail/generator_status__type_support.hpp\n'}
[0.864778] (px4_msgs) StdoutLine: {'line': b'-- Up-to-date: /home/nicolas/ws_ros2/install/px4_msgs/include/px4_msgs/px4_msgs/msg/detail/register_ext_component_reply__struct.hpp\n'}
[0.864809] (px4_msgs) StdoutLine: {'line': b'-- Up-to-date: /home/nicolas/ws_ros2/install/px4_msgs/include/px4_msgs/px4_msgs/msg/detail/debug_array__struct.hpp\n'}
[0.864840] (px4_msgs) StdoutLine: {'line': b'-- Up-to-date: /home/nicolas/ws_ros2/install/px4_msgs/include/px4_msgs/px4_msgs/msg/detail/dataman_request__type_support.hpp\n'}
[0.864872] (px4_msgs) StdoutLine: {'line': b'-- Up-to-date: /home/nicolas/ws_ros2/install/px4_msgs/include/px4_msgs/px4_msgs/msg/detail/internal_combustion_engine_status__traits.hpp\n'}
[0.864911] (px4_msgs) StdoutLine: {'line': b'-- Up-to-date: /home/nicolas/ws_ros2/install/px4_msgs/include/px4_msgs/px4_msgs/msg/detail/velocity_limits__traits.hpp\n'}
[0.864949] (px4_msgs) StdoutLine: {'line': b'-- Up-to-date: /home/nicolas/ws_ros2/install/px4_msgs/include/px4_msgs/px4_msgs/msg/detail/rover_steering_setpoint__type_support.hpp\n'}
[0.864982] (px4_msgs) StdoutLine: {'line': b'-- Up-to-date: /home/nicolas/ws_ros2/install/px4_msgs/include/px4_msgs/px4_msgs/msg/detail/rover_speed_setpoint__traits.hpp\n'}
[0.865014] (px4_msgs) StdoutLine: {'line': b'-- Up-to-date: /home/nicolas/ws_ros2/install/px4_msgs/include/px4_msgs/px4_msgs/msg/detail/fuel_tank_status__builder.hpp\n'}
[0.865045] (px4_msgs) StdoutLine: {'line': b'-- Up-to-date: /home/nicolas/ws_ros2/install/px4_msgs/include/px4_msgs/px4_msgs/msg/detail/yaw_estimator_status__struct.hpp\n'}
[0.865077] (px4_msgs) StdoutLine: {'line': b'-- Up-to-date: /home/nicolas/ws_ros2/install/px4_msgs/include/px4_msgs/px4_msgs/msg/detail/satellite_info__struct.hpp\n'}
[0.865108] (px4_msgs) StdoutLine: {'line': b'-- Up-to-date: /home/nicolas/ws_ros2/install/px4_msgs/include/px4_msgs/px4_msgs/msg/detail/message_format_response__builder.hpp\n'}
[0.865139] (px4_msgs) StdoutLine: {'line': b'-- Up-to-date: /home/nicolas/ws_ros2/install/px4_msgs/include/px4_msgs/px4_msgs/msg/detail/magnetometer_bias_estimate__traits.hpp\n'}
[0.865171] (px4_msgs) StdoutLine: {'line': b'-- Up-to-date: /home/nicolas/ws_ros2/install/px4_msgs/include/px4_msgs/px4_msgs/msg/detail/vehicle_command_ack__traits.hpp\n'}
[0.865202] (px4_msgs) StdoutLine: {'line': b'-- Up-to-date: /home/nicolas/ws_ros2/install/px4_msgs/include/px4_msgs/px4_msgs/msg/detail/fuel_tank_status__type_support.hpp\n'}
[0.865234] (px4_msgs) StdoutLine: {'line': b'-- Up-to-date: /home/nicolas/ws_ros2/install/px4_msgs/include/px4_msgs/px4_msgs/msg/detail/arming_check_reply__struct.hpp\n'}
[0.865266] (px4_msgs) StdoutLine: {'line': b'-- Up-to-date: /home/nicolas/ws_ros2/install/px4_msgs/include/px4_msgs/px4_msgs/msg/detail/qshell_retval__struct.hpp\n'}
[0.865301] (px4_msgs) StdoutLine: {'line': b'-- Up-to-date: /home/nicolas/ws_ros2/install/px4_msgs/include/px4_msgs/px4_msgs/msg/detail/rover_speed_status__traits.hpp\n'}
[0.865333] (px4_msgs) StdoutLine: {'line': b'-- Up-to-date: /home/nicolas/ws_ros2/install/px4_msgs/include/px4_msgs/px4_msgs/msg/detail/gpio_request__type_support.hpp\n'}
[0.865364] (px4_msgs) StdoutLine: {'line': b'-- Up-to-date: /home/nicolas/ws_ros2/install/px4_msgs/include/px4_msgs/px4_msgs/msg/detail/gimbal_manager_set_attitude__type_support.hpp\n'}
[0.865396] (px4_msgs) StdoutLine: {'line': b'-- Up-to-date: /home/nicolas/ws_ros2/install/px4_msgs/include/px4_msgs/px4_msgs/msg/detail/estimator_bias__traits.hpp\n'}
[0.865427] (px4_msgs) StdoutLine: {'line': b'-- Up-to-date: /home/nicolas/ws_ros2/install/px4_msgs/include/px4_msgs/px4_msgs/msg/detail/navigator_mission_item__type_support.hpp\n'}
[0.865460] (px4_msgs) StdoutLine: {'line': b'-- Up-to-date: /home/nicolas/ws_ros2/install/px4_msgs/include/px4_msgs/px4_msgs/msg/detail/debug_array__builder.hpp\n'}
[0.865493] (px4_msgs) StdoutLine: {'line': b'-- Up-to-date: /home/nicolas/ws_ros2/install/px4_msgs/include/px4_msgs/px4_msgs/msg/detail/uavcan_parameter_value__type_support.hpp\n'}
[0.865523] (px4_msgs) StdoutLine: {'line': b'-- Up-to-date: /home/nicolas/ws_ros2/install/px4_msgs/include/px4_msgs/px4_msgs/msg/detail/launch_detection_status__traits.hpp\n'}
[0.865552] (px4_msgs) StdoutLine: {'line': b'-- Up-to-date: /home/nicolas/ws_ros2/install/px4_msgs/include/px4_msgs/px4_msgs/msg/detail/estimator_selector_status__struct.hpp\n'}
[0.865585] (px4_msgs) StdoutLine: {'line': b'-- Up-to-date: /home/nicolas/ws_ros2/install/px4_msgs/include/px4_msgs/px4_msgs/msg/detail/geofence_result__traits.hpp\n'}
[0.865614] (px4_msgs) StdoutLine: {'line': b'-- Up-to-date: /home/nicolas/ws_ros2/install/px4_msgs/include/px4_msgs/px4_msgs/msg/detail/logger_status__traits.hpp\n'}
[0.865644] (px4_msgs) StdoutLine: {'line': b'-- Up-to-date: /home/nicolas/ws_ros2/install/px4_msgs/include/px4_msgs/px4_msgs/msg/detail/estimator_event_flags__type_support.hpp\n'}
[0.865674] (px4_msgs) StdoutLine: {'line': b'-- Up-to-date: /home/nicolas/ws_ros2/install/px4_msgs/include/px4_msgs/px4_msgs/msg/detail/gpio_config__builder.hpp\n'}
[0.865703] (px4_msgs) StdoutLine: {'line': b'-- Up-to-date: /home/nicolas/ws_ros2/install/px4_msgs/include/px4_msgs/px4_msgs/msg/detail/cellular_status__type_support.hpp\n'}
[0.865733] (px4_msgs) StdoutLine: {'line': b'-- Up-to-date: /home/nicolas/ws_ros2/install/px4_msgs/include/px4_msgs/px4_msgs/msg/detail/sensor_accel_fifo__traits.hpp\n'}
[0.865762] (px4_msgs) StdoutLine: {'line': b'-- Up-to-date: /home/nicolas/ws_ros2/install/px4_msgs/include/px4_msgs/px4_msgs/msg/detail/logger_status__struct.hpp\n'}
[0.865793] (px4_msgs) StdoutLine: {'line': b'-- Up-to-date: /home/nicolas/ws_ros2/install/px4_msgs/include/px4_msgs/px4_msgs/msg/detail/tecs_status__struct.hpp\n'}
[0.865823] (px4_msgs) StdoutLine: {'line': b'-- Up-to-date: /home/nicolas/ws_ros2/install/px4_msgs/include/px4_msgs/px4_msgs/msg/detail/ulog_stream__type_support.hpp\n'}
[0.865852] (px4_msgs) StdoutLine: {'line': b'-- Up-to-date: /home/nicolas/ws_ros2/install/px4_msgs/include/px4_msgs/px4_msgs/msg/detail/landing_target_innovations__type_support.hpp\n'}
[0.865883] (px4_msgs) StdoutLine: {'line': b'-- Up-to-date: /home/nicolas/ws_ros2/install/px4_msgs/include/px4_msgs/px4_msgs/msg/detail/arming_check_request__struct.hpp\n'}
[0.865912] (px4_msgs) StdoutLine: {'line': b'-- Up-to-date: /home/nicolas/ws_ros2/install/px4_msgs/include/px4_msgs/px4_msgs/msg/detail/vehicle_odometry__traits.hpp\n'}
[0.865954] (px4_msgs) StdoutLine: {'line': b'-- Up-to-date: /home/nicolas/ws_ros2/install/px4_msgs/include/px4_msgs/px4_msgs/msg/detail/dataman_request__struct.hpp\n'}
[0.865986] (px4_msgs) StdoutLine: {'line': b'-- Up-to-date: /home/nicolas/ws_ros2/install/px4_msgs/include/px4_msgs/px4_msgs/msg/detail/launch_detection_status__type_support.hpp\n'}
[0.866016] (px4_msgs) StdoutLine: {'line': b'-- Up-to-date: /home/nicolas/ws_ros2/install/px4_msgs/include/px4_msgs/px4_msgs/msg/detail/px4io_status__struct.hpp\n'}
[0.866048] (px4_msgs) StdoutLine: {'line': b'-- Up-to-date: /home/nicolas/ws_ros2/install/px4_msgs/include/px4_msgs/px4_msgs/msg/detail/vehicle_acceleration__traits.hpp\n'}
[0.866078] (px4_msgs) StdoutLine: {'line': b'-- Up-to-date: /home/nicolas/ws_ros2/install/px4_msgs/include/px4_msgs/px4_msgs/msg/detail/landing_target_pose__type_support.hpp\n'}
[0.866109] (px4_msgs) StdoutLine: {'line': b'-- Up-to-date: /home/nicolas/ws_ros2/install/px4_msgs/include/px4_msgs/px4_msgs/msg/detail/battery_status__traits.hpp\n'}
[0.866140] (px4_msgs) StdoutLine: {'line': b'-- Up-to-date: /home/nicolas/ws_ros2/install/px4_msgs/include/px4_msgs/px4_msgs/msg/detail/rover_attitude_status__traits.hpp\n'}
[0.866170] (px4_msgs) StdoutLine: {'line': b'-- Up-to-date: /home/nicolas/ws_ros2/install/px4_msgs/include/px4_msgs/px4_msgs/msg/detail/qshell_retval__type_support.hpp\n'}
[0.866199] (px4_msgs) StdoutLine: {'line': b'-- Up-to-date: /home/nicolas/ws_ros2/install/px4_msgs/include/px4_msgs/px4_msgs/msg/detail/mavlink_log__type_support.hpp\n'}
[0.866229] (px4_msgs) StdoutLine: {'line': b'-- Up-to-date: /home/nicolas/ws_ros2/install/px4_msgs/include/px4_msgs/px4_msgs/msg/detail/airspeed__type_support.hpp\n'}
[0.866266] (px4_msgs) StdoutLine: {'line': b'-- Up-to-date: /home/nicolas/ws_ros2/install/px4_msgs/include/px4_msgs/px4_msgs/msg/detail/onboard_computer_status__struct.hpp\n'}
[0.866313] (px4_msgs) StdoutLine: {'line': b'-- Up-to-date: /home/nicolas/ws_ros2/install/px4_msgs/include/px4_msgs/px4_msgs/msg/detail/vehicle_status__struct.hpp\n'}
[0.866349] (px4_msgs) StdoutLine: {'line': b'-- Up-to-date: /home/nicolas/ws_ros2/install/px4_msgs/include/px4_msgs/px4_msgs/msg/detail/position_setpoint_triplet__builder.hpp\n'}
[0.866383] (px4_msgs) StdoutLine: {'line': b'-- Up-to-date: /home/nicolas/ws_ros2/install/px4_msgs/include/px4_msgs/px4_msgs/msg/detail/parameter_set_value_request__builder.hpp\n'}
[0.866418] (px4_msgs) StdoutLine: {'line': b'-- Up-to-date: /home/nicolas/ws_ros2/install/px4_msgs/include/px4_msgs/px4_msgs/msg/detail/actuator_outputs__type_support.hpp\n'}
[0.866451] (px4_msgs) StdoutLine: {'line': b'-- Up-to-date: /home/nicolas/ws_ros2/install/px4_msgs/include/px4_msgs/px4_msgs/msg/detail/hover_thrust_estimate__struct.hpp\n'}
[0.866486] (px4_msgs) StdoutLine: {'line': b'-- Up-to-date: /home/nicolas/ws_ros2/install/px4_msgs/include/px4_msgs/px4_msgs/msg/detail/differential_pressure__struct.hpp\n'}
[0.866520] (px4_msgs) StdoutLine: {'line': b'-- Up-to-date: /home/nicolas/ws_ros2/install/px4_msgs/include/px4_msgs/px4_msgs/msg/detail/esc_report__builder.hpp\n'}
[0.866553] (px4_msgs) StdoutLine: {'line': b'-- Up-to-date: /home/nicolas/ws_ros2/install/px4_msgs/include/px4_msgs/px4_msgs/msg/detail/wheel_encoders__type_support.hpp\n'}
[0.866631] (px4_msgs) StdoutLine: {'line': b'-- Up-to-date: /home/nicolas/ws_ros2/install/px4_msgs/include/px4_msgs/px4_msgs/msg/detail/ulog_stream_ack__type_support.hpp\n'}
[0.866664] (px4_msgs) StdoutLine: {'line': b'-- Up-to-date: /home/nicolas/ws_ros2/install/px4_msgs/include/px4_msgs/px4_msgs/msg/detail/trajectory_setpoint__traits.hpp\n'}
[0.866695] (px4_msgs) StdoutLine: {'line': b'-- Up-to-date: /home/nicolas/ws_ros2/install/px4_msgs/include/px4_msgs/px4_msgs/msg/detail/home_position__struct.hpp\n'}
[0.866725] (px4_msgs) StdoutLine: {'line': b'-- Up-to-date: /home/nicolas/ws_ros2/install/px4_msgs/include/px4_msgs/px4_msgs/msg/detail/vehicle_rates_setpoint__builder.hpp\n'}
[0.866756] (px4_msgs) StdoutLine: {'line': b'-- Up-to-date: /home/nicolas/ws_ros2/install/px4_msgs/include/px4_msgs/px4_msgs/msg/detail/battery_info__struct.hpp\n'}
[0.866786] (px4_msgs) StdoutLine: {'line': b'-- Up-to-date: /home/nicolas/ws_ros2/install/px4_msgs/include/px4_msgs/px4_msgs/msg/detail/orb_test_large__traits.hpp\n'}
[0.866816] (px4_msgs) StdoutLine: {'line': b'-- Up-to-date: /home/nicolas/ws_ros2/install/px4_msgs/include/px4_msgs/px4_msgs/msg/detail/rate_ctrl_status__struct.hpp\n'}
[0.866845] (px4_msgs) StdoutLine: {'line': b'-- Up-to-date: /home/nicolas/ws_ros2/install/px4_msgs/include/px4_msgs/px4_msgs/msg/detail/vehicle_angular_acceleration_setpoint__struct.hpp\n'}
[0.866879] (px4_msgs) StdoutLine: {'line': b'-- Up-to-date: /home/nicolas/ws_ros2/install/px4_msgs/include/px4_msgs/px4_msgs/msg/detail/sensor_gnss_status__builder.hpp\n'}
[0.866908] (px4_msgs) StdoutLine: {'line': b'-- Up-to-date: /home/nicolas/ws_ros2/install/px4_msgs/include/px4_msgs/px4_msgs/msg/detail/irlock_report__struct.hpp\n'}
[0.866946] (px4_msgs) StdoutLine: {'line': b'-- Up-to-date: /home/nicolas/ws_ros2/install/px4_msgs/include/px4_msgs/px4_msgs/msg/detail/magnetometer_bias_estimate__builder.hpp\n'}
[0.866977] (px4_msgs) StdoutLine: {'line': b'-- Up-to-date: /home/nicolas/ws_ros2/install/px4_msgs/include/px4_msgs/px4_msgs/msg/detail/offboard_control_mode__struct.hpp\n'}
[0.867007] (px4_msgs) StdoutLine: {'line': b'-- Up-to-date: /home/nicolas/ws_ros2/install/px4_msgs/include/px4_msgs/px4_msgs/msg/detail/sensor_preflight_mag__struct.hpp\n'}
[0.867037] (px4_msgs) StdoutLine: {'line': b'-- Up-to-date: /home/nicolas/ws_ros2/install/px4_msgs/include/px4_msgs/px4_msgs/msg/detail/sensor_combined__traits.hpp\n'}
[0.867074] (px4_msgs) StdoutLine: {'line': b'-- Up-to-date: /home/nicolas/ws_ros2/install/px4_msgs/include/px4_msgs/px4_msgs/msg/detail/generator_status__struct.hpp\n'}
[0.867103] (px4_msgs) StdoutLine: {'line': b'-- Up-to-date: /home/nicolas/ws_ros2/install/px4_msgs/include/px4_msgs/px4_msgs/msg/detail/flight_phase_estimation__builder.hpp\n'}
[0.867133] (px4_msgs) StdoutLine: {'line': b'-- Up-to-date: /home/nicolas/ws_ros2/install/px4_msgs/include/px4_msgs/px4_msgs/msg/detail/sensor_gyro_fifo__struct.hpp\n'}
[0.867163] (px4_msgs) StdoutLine: {'line': b'-- Up-to-date: /home/nicolas/ws_ros2/install/px4_msgs/include/px4_msgs/px4_msgs/msg/detail/arming_check_reply__builder.hpp\n'}
[0.867193] (px4_msgs) StdoutLine: {'line': b'-- Up-to-date: /home/nicolas/ws_ros2/install/px4_msgs/include/px4_msgs/px4_msgs/msg/detail/can_interface_status__traits.hpp\n'}
[0.867222] (px4_msgs) StdoutLine: {'line': b'-- Up-to-date: /home/nicolas/ws_ros2/install/px4_msgs/include/px4_msgs/px4_msgs/msg/detail/launch_detection_status__struct.hpp\n'}
[0.867253] (px4_msgs) StdoutLine: {'line': b'-- Up-to-date: /home/nicolas/ws_ros2/install/px4_msgs/include/px4_msgs/px4_msgs/msg/detail/gpio_config__struct.hpp\n'}
[0.867282] (px4_msgs) StdoutLine: {'line': b'-- Up-to-date: /home/nicolas/ws_ros2/install/px4_msgs/include/px4_msgs/px4_msgs/msg/detail/rover_rate_setpoint__traits.hpp\n'}
[0.867312] (px4_msgs) StdoutLine: {'line': b'-- Up-to-date: /home/nicolas/ws_ros2/install/px4_msgs/include/px4_msgs/px4_msgs/msg/detail/rate_ctrl_status__builder.hpp\n'}
[0.867342] (px4_msgs) StdoutLine: {'line': b'-- Up-to-date: /home/nicolas/ws_ros2/install/px4_msgs/include/px4_msgs/px4_msgs/msg/detail/open_drone_id_system__traits.hpp\n'}
[0.867371] (px4_msgs) StdoutLine: {'line': b'-- Up-to-date: /home/nicolas/ws_ros2/install/px4_msgs/include/px4_msgs/px4_msgs/msg/detail/gripper__struct.hpp\n'}
[0.867401] (px4_msgs) StdoutLine: {'line': b'-- Up-to-date: /home/nicolas/ws_ros2/install/px4_msgs/include/px4_msgs/px4_msgs/msg/detail/navigator_mission_item__traits.hpp\n'}
[0.867431] (px4_msgs) StdoutLine: {'line': b'-- Up-to-date: /home/nicolas/ws_ros2/install/px4_msgs/include/px4_msgs/px4_msgs/msg/detail/rover_attitude_setpoint__struct.hpp\n'}
[0.867460] (px4_msgs) StdoutLine: {'line': b'-- Up-to-date: /home/nicolas/ws_ros2/install/px4_msgs/include/px4_msgs/px4_msgs/msg/detail/debug_array__type_support.hpp\n'}
[0.867490] (px4_msgs) StdoutLine: {'line': b'-- Up-to-date: /home/nicolas/ws_ros2/install/px4_msgs/include/px4_msgs/px4_msgs/msg/detail/debug_value__traits.hpp\n'}
[0.867519] (px4_msgs) StdoutLine: {'line': b'-- Up-to-date: /home/nicolas/ws_ros2/install/px4_msgs/include/px4_msgs/px4_msgs/msg/detail/sensor_correction__struct.hpp\n'}
[0.867549] (px4_msgs) StdoutLine: {'line': b'-- Up-to-date: /home/nicolas/ws_ros2/install/px4_msgs/include/px4_msgs/px4_msgs/msg/detail/qshell_req__struct.hpp\n'}
[0.867582] (px4_msgs) StdoutLine: {'line': b'-- Up-to-date: /home/nicolas/ws_ros2/install/px4_msgs/include/px4_msgs/px4_msgs/msg/detail/sensor_accel__traits.hpp\n'}
[0.867616] (px4_msgs) StdoutLine: {'line': b'-- Up-to-date: /home/nicolas/ws_ros2/install/px4_msgs/include/px4_msgs/px4_msgs/msg/detail/mode_completed__type_support.hpp\n'}
[0.867646] (px4_msgs) StdoutLine: {'line': b'-- Up-to-date: /home/nicolas/ws_ros2/install/px4_msgs/include/px4_msgs/px4_msgs/msg/detail/launch_detection_status__builder.hpp\n'}
[0.867677] (px4_msgs) StdoutLine: {'line': b'-- Up-to-date: /home/nicolas/ws_ros2/install/px4_msgs/include/px4_msgs/px4_msgs/msg/detail/health_report__traits.hpp\n'}
[0.867708] (px4_msgs) StdoutLine: {'line': b'-- Up-to-date: /home/nicolas/ws_ros2/install/px4_msgs/include/px4_msgs/px4_msgs/msg/detail/estimator_aid_source3d__struct.hpp\n'}
[0.867739] (px4_msgs) StdoutLine: {'line': b'-- Up-to-date: /home/nicolas/ws_ros2/install/px4_msgs/include/px4_msgs/px4_msgs/msg/detail/power_monitor__builder.hpp\n'}
[0.867769] (px4_msgs) StdoutLine: {'line': b'-- Up-to-date: /home/nicolas/ws_ros2/install/px4_msgs/include/px4_msgs/px4_msgs/msg/detail/estimator_gps_status__struct.hpp\n'}
[0.867800] (px4_msgs) StdoutLine: {'line': b'-- Up-to-date: /home/nicolas/ws_ros2/install/px4_msgs/include/px4_msgs/px4_msgs/msg/detail/rover_attitude_setpoint__traits.hpp\n'}
[0.867831] (px4_msgs) StdoutLine: {'line': b'-- Up-to-date: /home/nicolas/ws_ros2/install/px4_msgs/include/px4_msgs/px4_msgs/msg/detail/vehicle_roi__traits.hpp\n'}
[0.867861] (px4_msgs) StdoutLine: {'line': b'-- Up-to-date: /home/nicolas/ws_ros2/install/px4_msgs/include/px4_msgs/px4_msgs/msg/detail/satellite_info__builder.hpp\n'}
[0.867893] (px4_msgs) StdoutLine: {'line': b'-- Up-to-date: /home/nicolas/ws_ros2/install/px4_msgs/include/px4_msgs/px4_msgs/msg/detail/qshell_req__type_support.hpp\n'}
[0.867931] (px4_msgs) StdoutLine: {'line': b'-- Up-to-date: /home/nicolas/ws_ros2/install/px4_msgs/include/px4_msgs/px4_msgs/msg/detail/telemetry_status__struct.hpp\n'}
[0.867964] (px4_msgs) StdoutLine: {'line': b'-- Up-to-date: /home/nicolas/ws_ros2/install/px4_msgs/include/px4_msgs/px4_msgs/msg/detail/esc_report__struct.hpp\n'}
[0.867995] (px4_msgs) StdoutLine: {'line': b'-- Up-to-date: /home/nicolas/ws_ros2/install/px4_msgs/include/px4_msgs/px4_msgs/msg/detail/trajectory_setpoint__type_support.hpp\n'}
[0.868025] (px4_msgs) StdoutLine: {'line': b'-- Up-to-date: /home/nicolas/ws_ros2/install/px4_msgs/include/px4_msgs/px4_msgs/msg/detail/fixed_wing_longitudinal_setpoint__traits.hpp\n'}
[0.868057] (px4_msgs) StdoutLine: {'line': b'-- Up-to-date: /home/nicolas/ws_ros2/install/px4_msgs/include/px4_msgs/px4_msgs/msg/detail/autotune_attitude_control_status__type_support.hpp\n'}
[0.868094] (px4_msgs) StdoutLine: {'line': b'-- Up-to-date: /home/nicolas/ws_ros2/install/px4_msgs/include/px4_msgs/px4_msgs/msg/detail/trajectory_setpoint6dof__struct.hpp\n'}
[0.868125] (px4_msgs) StdoutLine: {'line': b'-- Up-to-date: /home/nicolas/ws_ros2/install/px4_msgs/include/px4_msgs/px4_msgs/msg/detail/takeoff_status__traits.hpp\n'}
[0.868156] (px4_msgs) StdoutLine: {'line': b'-- Up-to-date: /home/nicolas/ws_ros2/install/px4_msgs/include/px4_msgs/px4_msgs/msg/detail/task_stack_info__builder.hpp\n'}
[0.868187] (px4_msgs) StdoutLine: {'line': b'-- Up-to-date: /home/nicolas/ws_ros2/install/px4_msgs/include/px4_msgs/px4_msgs/msg/detail/camera_status__struct.hpp\n'}
[0.868219] (px4_msgs) StdoutLine: {'line': b'-- Up-to-date: /home/nicolas/ws_ros2/install/px4_msgs/include/px4_msgs/px4_msgs/msg/detail/estimator_status_flags__traits.hpp\n'}
[0.868251] (px4_msgs) StdoutLine: {'line': b'-- Up-to-date: /home/nicolas/ws_ros2/install/px4_msgs/include/px4_msgs/px4_msgs/msg/detail/parameter_set_value_response__builder.hpp\n'}
[0.868283] (px4_msgs) StdoutLine: {'line': b'-- Up-to-date: /home/nicolas/ws_ros2/install/px4_msgs/include/px4_msgs/px4_msgs/msg/detail/collision_constraints__type_support.hpp\n'}
[0.868314] (px4_msgs) StdoutLine: {'line': b'-- Up-to-date: /home/nicolas/ws_ros2/install/px4_msgs/include/px4_msgs/px4_msgs/msg/detail/gripper__traits.hpp\n'}
[0.868344] (px4_msgs) StdoutLine: {'line': b'-- Up-to-date: /home/nicolas/ws_ros2/install/px4_msgs/include/px4_msgs/px4_msgs/msg/detail/gimbal_device_attitude_status__traits.hpp\n'}
[0.868381] (px4_msgs) StdoutLine: {'line': b'-- Up-to-date: /home/nicolas/ws_ros2/install/px4_msgs/include/px4_msgs/px4_msgs/msg/detail/flight_phase_estimation__struct.hpp\n'}
[0.868412] (px4_msgs) StdoutLine: {'line': b'-- Up-to-date: /home/nicolas/ws_ros2/install/px4_msgs/include/px4_msgs/px4_msgs/msg/detail/mavlink_tunnel__traits.hpp\n'}
[0.868442] (px4_msgs) StdoutLine: {'line': b'-- Up-to-date: /home/nicolas/ws_ros2/install/px4_msgs/include/px4_msgs/px4_msgs/msg/detail/internal_combustion_engine_control__builder.hpp\n'}
[0.868473] (px4_msgs) StdoutLine: {'line': b'-- Up-to-date: /home/nicolas/ws_ros2/install/px4_msgs/include/px4_msgs/px4_msgs/msg/detail/gimbal_device_set_attitude__traits.hpp\n'}
[0.868502] (px4_msgs) StdoutLine: {'line': b'-- Up-to-date: /home/nicolas/ws_ros2/install/px4_msgs/include/px4_msgs/px4_msgs/msg/detail/offboard_control_mode__traits.hpp\n'}
[0.868532] (px4_msgs) StdoutLine: {'line': b'-- Up-to-date: /home/nicolas/ws_ros2/install/px4_msgs/include/px4_msgs/px4_msgs/msg/detail/vehicle_local_position__traits.hpp\n'}
[0.868565] (px4_msgs) StdoutLine: {'line': b'-- Up-to-date: /home/nicolas/ws_ros2/install/px4_msgs/include/px4_msgs/px4_msgs/msg/detail/pure_pursuit_status__struct.hpp\n'}
[0.868595] (px4_msgs) StdoutLine: {'line': b'-- Up-to-date: /home/nicolas/ws_ros2/install/px4_msgs/include/px4_msgs/px4_msgs/msg/detail/navigator_status__traits.hpp\n'}
[0.868624] (px4_msgs) StdoutLine: {'line': b'-- Up-to-date: /home/nicolas/ws_ros2/install/px4_msgs/include/px4_msgs/px4_msgs/msg/detail/unregister_ext_component__type_support.hpp\n'}
[0.868653] (px4_msgs) StdoutLine: {'line': b'-- Up-to-date: /home/nicolas/ws_ros2/install/px4_msgs/include/px4_msgs/px4_msgs/msg/detail/dataman_response__type_support.hpp\n'}
[0.868683] (px4_msgs) StdoutLine: {'line': b'-- Up-to-date: /home/nicolas/ws_ros2/install/px4_msgs/include/px4_msgs/px4_msgs/msg/detail/manual_control_switches__struct.hpp\n'}
[0.868713] (px4_msgs) StdoutLine: {'line': b'-- Up-to-date: /home/nicolas/ws_ros2/install/px4_msgs/include/px4_msgs/px4_msgs/msg/detail/vehicle_air_data__struct.hpp\n'}
[0.868744] (px4_msgs) StdoutLine: {'line': b'-- Up-to-date: /home/nicolas/ws_ros2/install/px4_msgs/include/px4_msgs/px4_msgs/msg/detail/follow_target_estimator__struct.hpp\n'}
[0.868773] (px4_msgs) StdoutLine: {'line': b'-- Up-to-date: /home/nicolas/ws_ros2/install/px4_msgs/include/px4_msgs/px4_msgs/msg/gimbal_manager_status.hpp\n'}
[0.868803] (px4_msgs) StdoutLine: {'line': b'-- Up-to-date: /home/nicolas/ws_ros2/install/px4_msgs/include/px4_msgs/px4_msgs/msg/dronecan_node_status.hpp\n'}
[0.868834] (px4_msgs) StdoutLine: {'line': b'-- Up-to-date: /home/nicolas/ws_ros2/install/px4_msgs/include/px4_msgs/px4_msgs/msg/unregister_ext_component.hpp\n'}
[0.868870] (px4_msgs) StdoutLine: {'line': b'-- Up-to-date: /home/nicolas/ws_ros2/install/px4_msgs/include/px4_msgs/px4_msgs/msg/sensor_gnss_status.hpp\n'}
[0.868900] (px4_msgs) StdoutLine: {'line': b'-- Up-to-date: /home/nicolas/ws_ros2/install/px4_msgs/include/px4_msgs/px4_msgs/msg/vehicle_optical_flow_vel.hpp\n'}
[0.868934] (px4_msgs) StdoutLine: {'line': b'-- Up-to-date: /home/nicolas/ws_ros2/install/px4_msgs/include/px4_msgs/px4_msgs/msg/gps_inject_data.hpp\n'}
[0.868966] (px4_msgs) StdoutLine: {'line': b'-- Up-to-date: /home/nicolas/ws_ros2/install/px4_msgs/include/px4_msgs/px4_msgs/msg/normalized_unsigned_setpoint.hpp\n'}
[0.868996] (px4_msgs) StdoutLine: {'line': b'-- Up-to-date: /home/nicolas/ws_ros2/install/px4_msgs/include/px4_msgs/px4_msgs/msg/fixed_wing_lateral_setpoint.hpp\n'}
[0.869025] (px4_msgs) StdoutLine: {'line': b'-- Up-to-date: /home/nicolas/ws_ros2/install/px4_msgs/include/px4_msgs/px4_msgs/msg/mag_worker_data.hpp\n'}
[0.869056] (px4_msgs) StdoutLine: {'line': b'-- Up-to-date: /home/nicolas/ws_ros2/install/px4_msgs/include/px4_msgs/px4_msgs/msg/flight_phase_estimation.hpp\n'}
[0.869085] (px4_msgs) StdoutLine: {'line': b'-- Up-to-date: /home/nicolas/ws_ros2/install/px4_msgs/include/px4_msgs/px4_msgs/msg/fixed_wing_longitudinal_setpoint.hpp\n'}
[0.869117] (px4_msgs) StdoutLine: {'line': b'-- Up-to-date: /home/nicolas/ws_ros2/install/px4_msgs/include/px4_msgs/px4_msgs/msg/ping.hpp\n'}
[0.869151] (px4_msgs) StdoutLine: {'line': b'-- Up-to-date: /home/nicolas/ws_ros2/install/px4_msgs/include/px4_msgs/px4_msgs/msg/distance_sensor_mode_change_request.hpp\n'}
[0.869181] (px4_msgs) StdoutLine: {'line': b'-- Up-to-date: /home/nicolas/ws_ros2/install/px4_msgs/include/px4_msgs/px4_msgs/msg/generator_status.hpp\n'}
[0.869211] (px4_msgs) StdoutLine: {'line': b'-- Up-to-date: /home/nicolas/ws_ros2/install/px4_msgs/include/px4_msgs/px4_msgs/msg/sensor_combined.hpp\n'}
[0.869241] (px4_msgs) StdoutLine: {'line': b'-- Up-to-date: /home/nicolas/ws_ros2/install/px4_msgs/include/px4_msgs/px4_msgs/msg/geofence_status.hpp\n'}
[0.869271] (px4_msgs) StdoutLine: {'line': b'-- Up-to-date: /home/nicolas/ws_ros2/install/px4_msgs/include/px4_msgs/px4_msgs/msg/trajectory_setpoint6dof.hpp\n'}
[0.869300] (px4_msgs) StdoutLine: {'line': b'-- Up-to-date: /home/nicolas/ws_ros2/install/px4_msgs/include/px4_msgs/px4_msgs/msg/rc_channels.hpp\n'}
[0.869331] (px4_msgs) StdoutLine: {'line': b'-- Up-to-date: /home/nicolas/ws_ros2/install/px4_msgs/include/px4_msgs/px4_msgs/msg/sensor_accel.hpp\n'}
[0.869361] (px4_msgs) StdoutLine: {'line': b'-- Up-to-date: /home/nicolas/ws_ros2/install/px4_msgs/include/px4_msgs/px4_msgs/msg/sensor_gyro.hpp\n'}
[0.869391] (px4_msgs) StdoutLine: {'line': b'-- Up-to-date: /home/nicolas/ws_ros2/install/px4_msgs/include/px4_msgs/px4_msgs/msg/actuator_servos_trim.hpp\n'}
[0.869421] (px4_msgs) StdoutLine: {'line': b'-- Up-to-date: /home/nicolas/ws_ros2/install/px4_msgs/include/px4_msgs/px4_msgs/msg/estimator_sensor_bias.hpp\n'}
[0.869451] (px4_msgs) StdoutLine: {'line': b'-- Up-to-date: /home/nicolas/ws_ros2/install/px4_msgs/include/px4_msgs/px4_msgs/msg/adc_report.hpp\n'}
[0.869480] (px4_msgs) StdoutLine: {'line': b'-- Up-to-date: /home/nicolas/ws_ros2/install/px4_msgs/include/px4_msgs/px4_msgs/msg/sensor_gyro_fft.hpp\n'}
[0.869510] (px4_msgs) StdoutLine: {'line': b'-- Up-to-date: /home/nicolas/ws_ros2/install/px4_msgs/include/px4_msgs/px4_msgs/msg/radio_status.hpp\n'}
[0.869540] (px4_msgs) StdoutLine: {'line': b'-- Up-to-date: /home/nicolas/ws_ros2/install/px4_msgs/include/px4_msgs/px4_msgs/msg/vehicle_land_detected.hpp\n'}
[0.869569] (px4_msgs) StdoutLine: {'line': b'-- Up-to-date: /home/nicolas/ws_ros2/install/px4_msgs/include/px4_msgs/px4_msgs/msg/rover_position_setpoint.hpp\n'}
[0.869602] (px4_msgs) StdoutLine: {'line': b'-- Up-to-date: /home/nicolas/ws_ros2/install/px4_msgs/include/px4_msgs/px4_msgs/msg/button_event.hpp\n'}
[0.869632] (px4_msgs) StdoutLine: {'line': b'-- Up-to-date: /home/nicolas/ws_ros2/install/px4_msgs/include/px4_msgs/px4_msgs/msg/mode_completed.hpp\n'}
[0.869662] (px4_msgs) StdoutLine: {'line': b'-- Up-to-date: /home/nicolas/ws_ros2/install/px4_msgs/include/px4_msgs/px4_msgs/msg/sensor_baro.hpp\n'}
[0.869691] (px4_msgs) StdoutLine: {'line': b'-- Up-to-date: /home/nicolas/ws_ros2/install/px4_msgs/include/px4_msgs/px4_msgs/msg/rtl_status.hpp\n'}
[0.869731] (px4_msgs) StdoutLine: {'line': b'-- Up-to-date: /home/nicolas/ws_ros2/install/px4_msgs/include/px4_msgs/px4_msgs/msg/vehicle_odometry.hpp\n'}
[0.869777] (px4_msgs) StdoutLine: {'line': b'-- Up-to-date: /home/nicolas/ws_ros2/install/px4_msgs/include/px4_msgs/px4_msgs/msg/dataman_request.hpp\n'}
[0.869825] (px4_msgs) StdoutLine: {'line': b'-- Up-to-date: /home/nicolas/ws_ros2/install/px4_msgs/include/px4_msgs/px4_msgs/msg/sensor_selection.hpp\n'}
[0.869879] (px4_msgs) StdoutLine: {'line': b'-- Up-to-date: /home/nicolas/ws_ros2/install/px4_msgs/include/px4_msgs/px4_msgs/msg/uavcan_parameter_request.hpp\n'}
[0.869986] (px4_msgs) StdoutLine: {'line': b'-- Up-to-date: /home/nicolas/ws_ros2/install/px4_msgs/include/px4_msgs/px4_msgs/msg/parameter_set_value_response.hpp\n'}
[0.870063] (px4_msgs) StdoutLine: {'line': b'-- Up-to-date: /home/nicolas/ws_ros2/install/px4_msgs/include/px4_msgs/px4_msgs/msg/event.hpp\n'}
[0.870108] (px4_msgs) StdoutLine: {'line': b'-- Up-to-date: /home/nicolas/ws_ros2/install/px4_msgs/include/px4_msgs/px4_msgs/msg/position_setpoint.hpp\n'}
[0.870144] (px4_msgs) StdoutLine: {'line': b'-- Up-to-date: /home/nicolas/ws_ros2/install/px4_msgs/include/px4_msgs/px4_msgs/msg/failsafe_flags.hpp\n'}
[0.870177] (px4_msgs) StdoutLine: {'line': b'-- Up-to-date: /home/nicolas/ws_ros2/install/px4_msgs/include/px4_msgs/px4_msgs/msg/rover_speed_status.hpp\n'}
[0.870211] (px4_msgs) StdoutLine: {'line': b'-- Up-to-date: /home/nicolas/ws_ros2/install/px4_msgs/include/px4_msgs/px4_msgs/msg/estimator_aid_source3d.hpp\n'}
[0.870242] (px4_msgs) StdoutLine: {'line': b'-- Up-to-date: /home/nicolas/ws_ros2/install/px4_msgs/include/px4_msgs/px4_msgs/msg/parameter_set_used_request.hpp\n'}
[0.870275] (px4_msgs) StdoutLine: {'line': b'-- Up-to-date: /home/nicolas/ws_ros2/install/px4_msgs/include/px4_msgs/px4_msgs/msg/orb_test_medium.hpp\n'}
[0.870307] (px4_msgs) StdoutLine: {'line': b'-- Up-to-date: /home/nicolas/ws_ros2/install/px4_msgs/include/px4_msgs/px4_msgs/msg/gimbal_manager_set_manual_control.hpp\n'}
[0.870339] (px4_msgs) StdoutLine: {'line': b'-- Up-to-date: /home/nicolas/ws_ros2/install/px4_msgs/include/px4_msgs/px4_msgs/msg/can_interface_status.hpp\n'}
[0.870370] (px4_msgs) StdoutLine: {'line': b'-- Up-to-date: /home/nicolas/ws_ros2/install/px4_msgs/include/px4_msgs/px4_msgs/msg/vehicle_control_mode.hpp\n'}
[0.870401] (px4_msgs) StdoutLine: {'line': b'-- Up-to-date: /home/nicolas/ws_ros2/install/px4_msgs/include/px4_msgs/px4_msgs/msg/lateral_control_configuration.hpp\n'}
[0.870431] (px4_msgs) StdoutLine: {'line': b'-- Up-to-date: /home/nicolas/ws_ros2/install/px4_msgs/include/px4_msgs/px4_msgs/msg/vehicle_acceleration.hpp\n'}
[0.870461] (px4_msgs) StdoutLine: {'line': b'-- Up-to-date: /home/nicolas/ws_ros2/install/px4_msgs/include/px4_msgs/px4_msgs/msg/open_drone_id_system.hpp\n'}
[0.870492] (px4_msgs) StdoutLine: {'line': b'-- Up-to-date: /home/nicolas/ws_ros2/install/px4_msgs/include/px4_msgs/px4_msgs/msg/estimator_aid_source2d.hpp\n'}
[0.870522] (px4_msgs) StdoutLine: {'line': b'-- Up-to-date: /home/nicolas/ws_ros2/install/px4_msgs/include/px4_msgs/px4_msgs/msg/vehicle_roi.hpp\n'}
[0.870559] (px4_msgs) StdoutLine: {'line': b'-- Up-to-date: /home/nicolas/ws_ros2/install/px4_msgs/include/px4_msgs/px4_msgs/msg/iridiumsbd_status.hpp\n'}
[0.870589] (px4_msgs) StdoutLine: {'line': b'-- Up-to-date: /home/nicolas/ws_ros2/install/px4_msgs/include/px4_msgs/px4_msgs/msg/arming_check_request.hpp\n'}
[0.870620] (px4_msgs) StdoutLine: {'line': b'-- Up-to-date: /home/nicolas/ws_ros2/install/px4_msgs/include/px4_msgs/px4_msgs/msg/debug_array.hpp\n'}
[0.870650] (px4_msgs) StdoutLine: {'line': b'-- Up-to-date: /home/nicolas/ws_ros2/install/px4_msgs/include/px4_msgs/px4_msgs/msg/fixed_wing_lateral_guidance_status.hpp\n'}
[0.870681] (px4_msgs) StdoutLine: {'line': b'-- Up-to-date: /home/nicolas/ws_ros2/install/px4_msgs/include/px4_msgs/px4_msgs/msg/trajectory_setpoint.hpp\n'}
[0.870710] (px4_msgs) StdoutLine: {'line': b'-- Up-to-date: /home/nicolas/ws_ros2/install/px4_msgs/include/px4_msgs/px4_msgs/msg/sensors_status.hpp\n'}
[0.870741] (px4_msgs) StdoutLine: {'line': b'-- Up-to-date: /home/nicolas/ws_ros2/install/px4_msgs/include/px4_msgs/px4_msgs/msg/gpio_out.hpp\n'}
[0.870775] (px4_msgs) StdoutLine: {'line': b'-- Up-to-date: /home/nicolas/ws_ros2/install/px4_msgs/include/px4_msgs/px4_msgs/msg/transponder_report.hpp\n'}
[0.870809] (px4_msgs) StdoutLine: {'line': b'-- Up-to-date: /home/nicolas/ws_ros2/install/px4_msgs/include/px4_msgs/px4_msgs/msg/cpuload.hpp\n'}
[0.870844] (px4_msgs) StdoutLine: {'line': b'-- Up-to-date: /home/nicolas/ws_ros2/install/px4_msgs/include/px4_msgs/px4_msgs/msg/estimator_status.hpp\n'}
[0.870878] (px4_msgs) StdoutLine: {'line': b'-- Up-to-date: /home/nicolas/ws_ros2/install/px4_msgs/include/px4_msgs/px4_msgs/msg/rc_parameter_map.hpp\n'}
[0.870938] (px4_msgs) StdoutLine: {'line': b'-- Up-to-date: /home/nicolas/ws_ros2/install/px4_msgs/include/px4_msgs/px4_msgs/msg/rover_attitude_status.hpp\n'}
[0.870977] (px4_msgs) StdoutLine: {'line': b'-- Up-to-date: /home/nicolas/ws_ros2/install/px4_msgs/include/px4_msgs/px4_msgs/msg/estimator_bias.hpp\n'}
[0.871012] (px4_msgs) StdoutLine: {'line': b'-- Up-to-date: /home/nicolas/ws_ros2/install/px4_msgs/include/px4_msgs/px4_msgs/msg/mavlink_tunnel.hpp\n'}
[0.871044] (px4_msgs) StdoutLine: {'line': b'-- Up-to-date: /home/nicolas/ws_ros2/install/px4_msgs/include/px4_msgs/px4_msgs/msg/parameter_reset_request.hpp\n'}
[0.871076] (px4_msgs) StdoutLine: {'line': b'-- Up-to-date: /home/nicolas/ws_ros2/install/px4_msgs/include/px4_msgs/px4_msgs/msg/tune_control.hpp\n'}
[0.871116] (px4_msgs) StdoutLine: {'line': b'-- Up-to-date: /home/nicolas/ws_ros2/install/px4_msgs/include/px4_msgs/px4_msgs/msg/gpio_config.hpp\n'}
[0.871148] (px4_msgs) StdoutLine: {'line': b'-- Up-to-date: /home/nicolas/ws_ros2/install/px4_msgs/include/px4_msgs/px4_msgs/msg/vtol_vehicle_status.hpp\n'}
[0.871181] (px4_msgs) StdoutLine: {'line': b'-- Up-to-date: /home/nicolas/ws_ros2/install/px4_msgs/include/px4_msgs/px4_msgs/msg/navigator_mission_item.hpp\n'}
[0.871212] (px4_msgs) StdoutLine: {'line': b'-- Up-to-date: /home/nicolas/ws_ros2/install/px4_msgs/include/px4_msgs/px4_msgs/msg/navigator_status.hpp\n'}
[0.871243] (px4_msgs) StdoutLine: {'line': b'-- Up-to-date: /home/nicolas/ws_ros2/install/px4_msgs/include/px4_msgs/px4_msgs/msg/battery_status.hpp\n'}
[0.871274] (px4_msgs) StdoutLine: {'line': b'-- Up-to-date: /home/nicolas/ws_ros2/install/px4_msgs/include/px4_msgs/px4_msgs/msg/vehicle_angular_velocity.hpp\n'}
[0.871305] (px4_msgs) StdoutLine: {'line': b'-- Up-to-date: /home/nicolas/ws_ros2/install/px4_msgs/include/px4_msgs/px4_msgs/msg/pwm_input.hpp\n'}
[0.871335] (px4_msgs) StdoutLine: {'line': b'-- Up-to-date: /home/nicolas/ws_ros2/install/px4_msgs/include/px4_msgs/px4_msgs/msg/satellite_info.hpp\n'}
[0.871366] (px4_msgs) StdoutLine: {'line': b'-- Up-to-date: /home/nicolas/ws_ros2/install/px4_msgs/include/px4_msgs/px4_msgs/msg/sensor_mag.hpp\n'}
[0.871396] (px4_msgs) StdoutLine: {'line': b'-- Up-to-date: /home/nicolas/ws_ros2/install/px4_msgs/include/px4_msgs/px4_msgs/msg/sensor_correction.hpp\n'}
[0.871426] (px4_msgs) StdoutLine: {'line': b'-- Up-to-date: /home/nicolas/ws_ros2/install/px4_msgs/include/px4_msgs/px4_msgs/msg/position_controller_status.hpp\n'}
[0.871457] (px4_msgs) StdoutLine: {'line': b'-- Up-to-date: /home/nicolas/ws_ros2/install/px4_msgs/include/px4_msgs/px4_msgs/msg/qshell_retval.hpp\n'}
[0.871488] (px4_msgs) StdoutLine: {'line': b'-- Up-to-date: /home/nicolas/ws_ros2/install/px4_msgs/include/px4_msgs/px4_msgs/msg/qshell_req.hpp\n'}
[0.871518] (px4_msgs) StdoutLine: {'line': b'-- Up-to-date: /home/nicolas/ws_ros2/install/px4_msgs/include/px4_msgs/px4_msgs/msg/vehicle_rates_setpoint.hpp\n'}
[0.871548] (px4_msgs) StdoutLine: {'line': b'-- Up-to-date: /home/nicolas/ws_ros2/install/px4_msgs/include/px4_msgs/px4_msgs/msg/takeoff_status.hpp\n'}
[0.871578] (px4_msgs) StdoutLine: {'line': b'-- Up-to-date: /home/nicolas/ws_ros2/install/px4_msgs/include/px4_msgs/px4_msgs/msg/open_drone_id_operator_id.hpp\n'}
[0.871608] (px4_msgs) StdoutLine: {'line': b'-- Up-to-date: /home/nicolas/ws_ros2/install/px4_msgs/include/px4_msgs/px4_msgs/msg/ulog_stream_ack.hpp\n'}
[0.871637] (px4_msgs) StdoutLine: {'line': b'-- Up-to-date: /home/nicolas/ws_ros2/install/px4_msgs/include/px4_msgs/px4_msgs/msg/collision_constraints.hpp\n'}
[0.871668] (px4_msgs) StdoutLine: {'line': b'-- Up-to-date: /home/nicolas/ws_ros2/install/px4_msgs/include/px4_msgs/px4_msgs/msg/position_controller_landing_status.hpp\n'}
[0.871698] (px4_msgs) StdoutLine: {'line': b'-- Up-to-date: /home/nicolas/ws_ros2/install/px4_msgs/include/px4_msgs/px4_msgs/msg/vehicle_command.hpp\n'}
[0.871728] (px4_msgs) StdoutLine: {'line': b'-- Up-to-date: /home/nicolas/ws_ros2/install/px4_msgs/include/px4_msgs/px4_msgs/msg/estimator_selector_status.hpp\n'}
[0.871759] (px4_msgs) StdoutLine: {'line': b'-- Up-to-date: /home/nicolas/ws_ros2/install/px4_msgs/include/px4_msgs/px4_msgs/msg/esc_status.hpp\n'}
[0.871795] (px4_msgs) StdoutLine: {'line': b'-- Up-to-date: /home/nicolas/ws_ros2/install/px4_msgs/include/px4_msgs/px4_msgs/msg/uavcan_parameter_value.hpp\n'}
[0.871830] (px4_msgs) StdoutLine: {'line': b'-- Up-to-date: /home/nicolas/ws_ros2/install/px4_msgs/include/px4_msgs/px4_msgs/msg/wheel_encoders.hpp\n'}
[0.871864] (px4_msgs) StdoutLine: {'line': b'-- Up-to-date: /home/nicolas/ws_ros2/install/px4_msgs/include/px4_msgs/px4_msgs/msg/magnetometer_bias_estimate.hpp\n'}
[0.871897] (px4_msgs) StdoutLine: {'line': b'-- Up-to-date: /home/nicolas/ws_ros2/install/px4_msgs/include/px4_msgs/px4_msgs/msg/rover_attitude_setpoint.hpp\n'}
[0.871933] (px4_msgs) StdoutLine: {'line': b'-- Up-to-date: /home/nicolas/ws_ros2/install/px4_msgs/include/px4_msgs/px4_msgs/msg/rosidl_generator_cpp__visibility_control.hpp\n'}
[0.871968] (px4_msgs) StdoutLine: {'line': b'-- Up-to-date: /home/nicolas/ws_ros2/install/px4_msgs/include/px4_msgs/px4_msgs/msg/register_ext_component_request.hpp\n'}
[0.872001] (px4_msgs) StdoutLine: {'line': b'-- Up-to-date: /home/nicolas/ws_ros2/install/px4_msgs/include/px4_msgs/px4_msgs/msg/ekf2_timestamps.hpp\n'}
[0.872033] (px4_msgs) StdoutLine: {'line': b'-- Up-to-date: /home/nicolas/ws_ros2/install/px4_msgs/include/px4_msgs/px4_msgs/msg/vehicle_local_position_setpoint.hpp\n'}
[0.872093] (px4_msgs) StdoutLine: {'line': b'-- Up-to-date: /home/nicolas/ws_ros2/install/px4_msgs/include/px4_msgs/px4_msgs/msg/failure_detector_status.hpp\n'}
[0.872132] (px4_msgs) StdoutLine: {'line': b'-- Up-to-date: /home/nicolas/ws_ros2/install/px4_msgs/include/px4_msgs/px4_msgs/msg/launch_detection_status.hpp\n'}
[0.872163] (px4_msgs) StdoutLine: {'line': b'-- Up-to-date: /home/nicolas/ws_ros2/install/px4_msgs/include/px4_msgs/px4_msgs/msg/differential_pressure.hpp\n'}
[0.872194] (px4_msgs) StdoutLine: {'line': b'-- Up-to-date: /home/nicolas/ws_ros2/install/px4_msgs/include/px4_msgs/px4_msgs/msg/sensor_accel_fifo.hpp\n'}
[0.872224] (px4_msgs) StdoutLine: {'line': b'-- Up-to-date: /home/nicolas/ws_ros2/install/px4_msgs/include/px4_msgs/px4_msgs/msg/actuator_controls_status.hpp\n'}
[0.872254] (px4_msgs) StdoutLine: {'line': b'-- Up-to-date: /home/nicolas/ws_ros2/install/px4_msgs/include/px4_msgs/px4_msgs/msg/estimator_status_flags.hpp\n'}
[0.872283] (px4_msgs) StdoutLine: {'line': b'-- Up-to-date: /home/nicolas/ws_ros2/install/px4_msgs/include/px4_msgs/px4_msgs/msg/irlock_report.hpp\n'}
[0.872312] (px4_msgs) StdoutLine: {'line': b'-- Up-to-date: /home/nicolas/ws_ros2/install/px4_msgs/include/px4_msgs/px4_msgs/msg/pps_capture.hpp\n'}
[0.872343] (px4_msgs) StdoutLine: {'line': b'-- Up-to-date: /home/nicolas/ws_ros2/install/px4_msgs/include/px4_msgs/px4_msgs/msg/camera_status.hpp\n'}
[0.872374] (px4_msgs) StdoutLine: {'line': b'-- Up-to-date: /home/nicolas/ws_ros2/install/px4_msgs/include/px4_msgs/px4_msgs/msg/manual_control_switches.hpp\n'}
[0.872404] (px4_msgs) StdoutLine: {'line': b'-- Up-to-date: /home/nicolas/ws_ros2/install/px4_msgs/include/px4_msgs/px4_msgs/msg/logger_status.hpp\n'}
[0.872432] (px4_msgs) StdoutLine: {'line': b'-- Up-to-date: /home/nicolas/ws_ros2/install/px4_msgs/include/px4_msgs/px4_msgs/msg/rover_speed_setpoint.hpp\n'}
[0.872461] (px4_msgs) StdoutLine: {'line': b'-- Up-to-date: /home/nicolas/ws_ros2/install/px4_msgs/include/px4_msgs/px4_msgs/msg/actuator_servos.hpp\n'}
[0.872491] (px4_msgs) StdoutLine: {'line': b'-- Up-to-date: /home/nicolas/ws_ros2/install/px4_msgs/include/px4_msgs/px4_msgs/msg/camera_capture.hpp\n'}
[0.872546] (px4_msgs) StdoutLine: {'line': b'-- Up-to-date: /home/nicolas/ws_ros2/install/px4_msgs/include/px4_msgs/px4_msgs/msg/config_overrides.hpp\n'}
[0.872577] (px4_msgs) StdoutLine: {'line': b'-- Up-to-date: /home/nicolas/ws_ros2/install/px4_msgs/include/px4_msgs/px4_msgs/msg/power_monitor.hpp\n'}
[0.872607] (px4_msgs) StdoutLine: {'line': b'-- Up-to-date: /home/nicolas/ws_ros2/install/px4_msgs/include/px4_msgs/px4_msgs/msg/arming_check_reply.hpp\n'}
[0.872636] (px4_msgs) StdoutLine: {'line': b'-- Up-to-date: /home/nicolas/ws_ros2/install/px4_msgs/include/px4_msgs/px4_msgs/msg/vehicle_status.hpp\n'}
[0.872666] (px4_msgs) StdoutLine: {'line': b'-- Up-to-date: /home/nicolas/ws_ros2/install/px4_msgs/include/px4_msgs/px4_msgs/msg/message_format_request.hpp\n'}
[0.872698] (px4_msgs) StdoutLine: {'line': b'-- Up-to-date: /home/nicolas/ws_ros2/install/px4_msgs/include/px4_msgs/px4_msgs/msg/mount_orientation.hpp\n'}
[0.872729] (px4_msgs) StdoutLine: {'line': b'-- Up-to-date: /home/nicolas/ws_ros2/install/px4_msgs/include/px4_msgs/px4_msgs/msg/vehicle_angular_acceleration_setpoint.hpp\n'}
[0.872760] (px4_msgs) StdoutLine: {'line': b'-- Up-to-date: /home/nicolas/ws_ros2/install/px4_msgs/include/px4_msgs/px4_msgs/msg/actuator_armed.hpp\n'}
[0.872789] (px4_msgs) StdoutLine: {'line': b'-- Up-to-date: /home/nicolas/ws_ros2/install/px4_msgs/include/px4_msgs/px4_msgs/msg/vehicle_imu_status.hpp\n'}
[0.872819] (px4_msgs) StdoutLine: {'line': b'-- Up-to-date: /home/nicolas/ws_ros2/install/px4_msgs/include/px4_msgs/px4_msgs/msg/fixed_wing_lateral_status.hpp\n'}
[0.872847] (px4_msgs) StdoutLine: {'line': b'-- Up-to-date: /home/nicolas/ws_ros2/install/px4_msgs/include/px4_msgs/px4_msgs/msg/onboard_computer_status.hpp\n'}
[0.872877] (px4_msgs) StdoutLine: {'line': b'-- Up-to-date: /home/nicolas/ws_ros2/install/px4_msgs/include/px4_msgs/px4_msgs/msg/estimator_event_flags.hpp\n'}
[0.872907] (px4_msgs) StdoutLine: {'line': b'-- Up-to-date: /home/nicolas/ws_ros2/install/px4_msgs/include/px4_msgs/px4_msgs/msg/estimator_aid_source1d.hpp\n'}
[0.872944] (px4_msgs) StdoutLine: {'line': b'-- Up-to-date: /home/nicolas/ws_ros2/install/px4_msgs/include/px4_msgs/px4_msgs/msg/vehicle_torque_setpoint.hpp\n'}
[0.872975] (px4_msgs) StdoutLine: {'line': b'-- Up-to-date: /home/nicolas/ws_ros2/install/px4_msgs/include/px4_msgs/px4_msgs/msg/estimator_gps_status.hpp\n'}
[0.873005] (px4_msgs) StdoutLine: {'line': b'-- Up-to-date: /home/nicolas/ws_ros2/install/px4_msgs/include/px4_msgs/px4_msgs/msg/follow_target_status.hpp\n'}
[0.873040] (px4_msgs) StdoutLine: {'line': b'-- Up-to-date: /home/nicolas/ws_ros2/install/px4_msgs/include/px4_msgs/px4_msgs/msg/heater_status.hpp\n'}
[0.873070] (px4_msgs) StdoutLine: {'line': b'-- Up-to-date: /home/nicolas/ws_ros2/install/px4_msgs/include/px4_msgs/px4_msgs/msg/gimbal_controls.hpp\n'}
[0.873099] (px4_msgs) StdoutLine: {'line': b'-- Up-to-date: /home/nicolas/ws_ros2/install/px4_msgs/include/px4_msgs/px4_msgs/msg/px4io_status.hpp\n'}
[0.873129] (px4_msgs) StdoutLine: {'line': b'-- Up-to-date: /home/nicolas/ws_ros2/install/px4_msgs/include/px4_msgs/px4_msgs/msg/landing_gear_wheel.hpp\n'}
[0.873161] (px4_msgs) StdoutLine: {'line': b'-- Up-to-date: /home/nicolas/ws_ros2/install/px4_msgs/include/px4_msgs/px4_msgs/msg/sensor_gyro_fifo.hpp\n'}
[0.873213] (px4_msgs) StdoutLine: {'line': b'-- Up-to-date: /home/nicolas/ws_ros2/install/px4_msgs/include/px4_msgs/px4_msgs/msg/sensor_optical_flow.hpp\n'}
[0.873245] (px4_msgs) StdoutLine: {'line': b'-- Up-to-date: /home/nicolas/ws_ros2/install/px4_msgs/include/px4_msgs/px4_msgs/msg/power_button_state.hpp\n'}
[0.873275] (px4_msgs) StdoutLine: {'line': b'-- Up-to-date: /home/nicolas/ws_ros2/install/px4_msgs/include/px4_msgs/px4_msgs/msg/wind.hpp\n'}
[0.873305] (px4_msgs) StdoutLine: {'line': b'-- Up-to-date: /home/nicolas/ws_ros2/install/px4_msgs/include/px4_msgs/px4_msgs/msg/actuator_motors.hpp\n'}
[0.873334] (px4_msgs) StdoutLine: {'line': b'-- Up-to-date: /home/nicolas/ws_ros2/install/px4_msgs/include/px4_msgs/px4_msgs/msg/dataman_response.hpp\n'}
[0.873365] (px4_msgs) StdoutLine: {'line': b'-- Up-to-date: /home/nicolas/ws_ros2/install/px4_msgs/include/px4_msgs/px4_msgs/msg/estimator_bias3d.hpp\n'}
[0.873394] (px4_msgs) StdoutLine: {'line': b'-- Up-to-date: /home/nicolas/ws_ros2/install/px4_msgs/include/px4_msgs/px4_msgs/msg/sensor_airflow.hpp\n'}
[0.873423] (px4_msgs) StdoutLine: {'line': b'-- Up-to-date: /home/nicolas/ws_ros2/install/px4_msgs/include/px4_msgs/px4_msgs/msg/rate_ctrl_status.hpp\n'}
[0.873453] (px4_msgs) StdoutLine: {'line': b'-- Up-to-date: /home/nicolas/ws_ros2/install/px4_msgs/include/px4_msgs/px4_msgs/msg/battery_info.hpp\n'}
[0.873485] (px4_msgs) StdoutLine: {'line': b'-- Up-to-date: /home/nicolas/ws_ros2/install/px4_msgs/include/px4_msgs/px4_msgs/msg/hover_thrust_estimate.hpp\n'}
[0.873532] (px4_msgs) StdoutLine: {'line': b'-- Up-to-date: /home/nicolas/ws_ros2/install/px4_msgs/include/px4_msgs/px4_msgs/msg/rpm.hpp\n'}
[0.873563] (px4_msgs) StdoutLine: {'line': b'-- Up-to-date: /home/nicolas/ws_ros2/install/px4_msgs/include/px4_msgs/px4_msgs/msg/gimbal_device_attitude_status.hpp\n'}
[0.873592] (px4_msgs) StdoutLine: {'line': b'-- Up-to-date: /home/nicolas/ws_ros2/install/px4_msgs/include/px4_msgs/px4_msgs/msg/vehicle_attitude_setpoint.hpp\n'}
[0.873622] (px4_msgs) StdoutLine: {'line': b'-- Up-to-date: /home/nicolas/ws_ros2/install/px4_msgs/include/px4_msgs/px4_msgs/msg/gimbal_device_set_attitude.hpp\n'}
[0.873652] (px4_msgs) StdoutLine: {'line': b'-- Up-to-date: /home/nicolas/ws_ros2/install/px4_msgs/include/px4_msgs/px4_msgs/msg/health_report.hpp\n'}
[0.873681] (px4_msgs) StdoutLine: {'line': b'-- Up-to-date: /home/nicolas/ws_ros2/install/px4_msgs/include/px4_msgs/px4_msgs/msg/vehicle_local_position.hpp\n'}
[0.873714] (px4_msgs) StdoutLine: {'line': b'-- Up-to-date: /home/nicolas/ws_ros2/install/px4_msgs/include/px4_msgs/px4_msgs/msg/vehicle_optical_flow.hpp\n'}
[0.873748] (px4_msgs) StdoutLine: {'line': b'-- Up-to-date: /home/nicolas/ws_ros2/install/px4_msgs/include/px4_msgs/px4_msgs/msg/estimator_states.hpp\n'}
[0.873781] (px4_msgs) StdoutLine: {'line': b'-- Up-to-date: /home/nicolas/ws_ros2/install/px4_msgs/include/px4_msgs/px4_msgs/msg/gpio_request.hpp\n'}
[0.873813] (px4_msgs) StdoutLine: {'line': b'-- Up-to-date: /home/nicolas/ws_ros2/install/px4_msgs/include/px4_msgs/px4_msgs/msg/tecs_status.hpp\n'}
[0.873846] (px4_msgs) StdoutLine: {'line': b'-- Up-to-date: /home/nicolas/ws_ros2/install/px4_msgs/include/px4_msgs/px4_msgs/msg/mission_result.hpp\n'}
[0.873879] (px4_msgs) StdoutLine: {'line': b'-- Up-to-date: /home/nicolas/ws_ros2/install/px4_msgs/include/px4_msgs/px4_msgs/msg/mission.hpp\n'}
[0.873912] (px4_msgs) StdoutLine: {'line': b'-- Up-to-date: /home/nicolas/ws_ros2/install/px4_msgs/include/px4_msgs/px4_msgs/msg/actuator_test.hpp\n'}
[0.873951] (px4_msgs) StdoutLine: {'line': b'-- Up-to-date: /home/nicolas/ws_ros2/install/px4_msgs/include/px4_msgs/px4_msgs/msg/control_allocator_status.hpp\n'}
[0.873984] (px4_msgs) StdoutLine: {'line': b'-- Up-to-date: /home/nicolas/ws_ros2/install/px4_msgs/include/px4_msgs/px4_msgs/msg/timesync_status.hpp\n'}
[0.874018] (px4_msgs) StdoutLine: {'line': b'-- Up-to-date: /home/nicolas/ws_ros2/install/px4_msgs/include/px4_msgs/px4_msgs/msg/esc_report.hpp\n'}
[0.874050] (px4_msgs) StdoutLine: {'line': b'-- Up-to-date: /home/nicolas/ws_ros2/install/px4_msgs/include/px4_msgs/px4_msgs/msg/message_format_response.hpp\n'}
[0.874084] (px4_msgs) StdoutLine: {'line': b'-- Up-to-date: /home/nicolas/ws_ros2/install/px4_msgs/include/px4_msgs/px4_msgs/msg/goto_setpoint.hpp\n'}
[0.874117] (px4_msgs) StdoutLine: {'line': b'-- Up-to-date: /home/nicolas/ws_ros2/install/px4_msgs/include/px4_msgs/px4_msgs/msg/geofence_result.hpp\n'}
[0.874149] (px4_msgs) StdoutLine: {'line': b'-- Up-to-date: /home/nicolas/ws_ros2/install/px4_msgs/include/px4_msgs/px4_msgs/msg/orb_test.hpp\n'}
[0.874182] (px4_msgs) StdoutLine: {'line': b'-- Up-to-date: /home/nicolas/ws_ros2/install/px4_msgs/include/px4_msgs/px4_msgs/msg/open_drone_id_self_id.hpp\n'}
[0.874214] (px4_msgs) StdoutLine: {'line': b'-- Up-to-date: /home/nicolas/ws_ros2/install/px4_msgs/include/px4_msgs/px4_msgs/msg/landing_gear.hpp\n'}
[0.874247] (px4_msgs) StdoutLine: {'line': b'-- Up-to-date: /home/nicolas/ws_ros2/install/px4_msgs/include/px4_msgs/px4_msgs/msg/vehicle_air_data.hpp\n'}
[0.874296] (px4_msgs) StdoutLine: {'line': b'-- Up-to-date: /home/nicolas/ws_ros2/install/px4_msgs/include/px4_msgs/px4_msgs/msg/ulog_stream.hpp\n'}
[0.874358] (px4_msgs) StdoutLine: {'line': b'-- Up-to-date: /home/nicolas/ws_ros2/install/px4_msgs/include/px4_msgs/px4_msgs/msg/vehicle_constraints.hpp\n'}
[0.874388] (px4_msgs) StdoutLine: {'line': b'-- Up-to-date: /home/nicolas/ws_ros2/install/px4_msgs/include/px4_msgs/px4_msgs/msg/sensor_uwb.hpp\n'}
[0.874418] (px4_msgs) StdoutLine: {'line': b'-- Up-to-date: /home/nicolas/ws_ros2/install/px4_msgs/include/px4_msgs/px4_msgs\n'}
[0.874453] (px4_msgs) StdoutLine: {'line': b'-- Up-to-date: /home/nicolas/ws_ros2/install/px4_msgs/include/px4_msgs/px4_msgs/srv\n'}
[0.874483] (px4_msgs) StdoutLine: {'line': b'-- Up-to-date: /home/nicolas/ws_ros2/install/px4_msgs/include/px4_msgs/px4_msgs/srv/detail\n'}
[0.874512] (px4_msgs) StdoutLine: {'line': b'-- Up-to-date: /home/nicolas/ws_ros2/install/px4_msgs/include/px4_msgs/px4_msgs/srv/detail/vehicle_command__rosidl_typesupport_fastrtps_cpp.hpp\n'}
[0.874558] (px4_msgs) StdoutLine: {'line': b'-- Up-to-date: /home/nicolas/ws_ros2/install/px4_msgs/include/px4_msgs/px4_msgs/srv/detail/dds_fastrtps\n'}
[0.874588] (px4_msgs) StdoutLine: {'line': b'-- Up-to-date: /home/nicolas/ws_ros2/install/px4_msgs/include/px4_msgs/px4_msgs/msg\n'}
[0.874617] (px4_msgs) StdoutLine: {'line': b'-- Up-to-date: /home/nicolas/ws_ros2/install/px4_msgs/include/px4_msgs/px4_msgs/msg/detail\n'}
[0.874647] (px4_msgs) StdoutLine: {'line': b'-- Up-to-date: /home/nicolas/ws_ros2/install/px4_msgs/include/px4_msgs/px4_msgs/msg/detail/failure_detector_status__rosidl_typesupport_fastrtps_cpp.hpp\n'}
[0.874678] (px4_msgs) StdoutLine: {'line': b'-- Up-to-date: /home/nicolas/ws_ros2/install/px4_msgs/include/px4_msgs/px4_msgs/msg/detail/iridiumsbd_status__rosidl_typesupport_fastrtps_cpp.hpp\n'}
[0.874708] (px4_msgs) StdoutLine: {'line': b'-- Up-to-date: /home/nicolas/ws_ros2/install/px4_msgs/include/px4_msgs/px4_msgs/msg/detail/sensor_gps__rosidl_typesupport_fastrtps_cpp.hpp\n'}
[0.874740] (px4_msgs) StdoutLine: {'line': b'-- Up-to-date: /home/nicolas/ws_ros2/install/px4_msgs/include/px4_msgs/px4_msgs/msg/detail/autotune_attitude_control_status__rosidl_typesupport_fastrtps_cpp.hpp\n'}
[0.874773] (px4_msgs) StdoutLine: {'line': b'-- Up-to-date: /home/nicolas/ws_ros2/install/px4_msgs/include/px4_msgs/px4_msgs/msg/detail/vehicle_angular_acceleration_setpoint__rosidl_typesupport_fastrtps_cpp.hpp\n'}
[0.874805] (px4_msgs) StdoutLine: {'line': b'-- Up-to-date: /home/nicolas/ws_ros2/install/px4_msgs/include/px4_msgs/px4_msgs/msg/detail/airspeed_wind__rosidl_typesupport_fastrtps_cpp.hpp\n'}
[0.874838] (px4_msgs) StdoutLine: {'line': b'-- Up-to-date: /home/nicolas/ws_ros2/install/px4_msgs/include/px4_msgs/px4_msgs/msg/detail/longitudinal_control_configuration__rosidl_typesupport_fastrtps_cpp.hpp\n'}
[0.874871] (px4_msgs) StdoutLine: {'line': b'-- Up-to-date: /home/nicolas/ws_ros2/install/px4_msgs/include/px4_msgs/px4_msgs/msg/detail/gpio_request__rosidl_typesupport_fastrtps_cpp.hpp\n'}
[0.874904] (px4_msgs) StdoutLine: {'line': b'-- Up-to-date: /home/nicolas/ws_ros2/install/px4_msgs/include/px4_msgs/px4_msgs/msg/detail/task_stack_info__rosidl_typesupport_fastrtps_cpp.hpp\n'}
[0.874943] (px4_msgs) StdoutLine: {'line': b'-- Up-to-date: /home/nicolas/ws_ros2/install/px4_msgs/include/px4_msgs/px4_msgs/msg/detail/mount_orientation__rosidl_typesupport_fastrtps_cpp.hpp\n'}
[0.874977] (px4_msgs) StdoutLine: {'line': b'-- Up-to-date: /home/nicolas/ws_ros2/install/px4_msgs/include/px4_msgs/px4_msgs/msg/detail/sensor_uwb__rosidl_typesupport_fastrtps_cpp.hpp\n'}
[0.875009] (px4_msgs) StdoutLine: {'line': b'-- Up-to-date: /home/nicolas/ws_ros2/install/px4_msgs/include/px4_msgs/px4_msgs/msg/detail/register_ext_component_request__rosidl_typesupport_fastrtps_cpp.hpp\n'}
[0.875043] (px4_msgs) StdoutLine: {'line': b'-- Up-to-date: /home/nicolas/ws_ros2/install/px4_msgs/include/px4_msgs/px4_msgs/msg/detail/vehicle_odometry__rosidl_typesupport_fastrtps_cpp.hpp\n'}
[0.875076] (px4_msgs) StdoutLine: {'line': b'-- Up-to-date: /home/nicolas/ws_ros2/install/px4_msgs/include/px4_msgs/px4_msgs/msg/detail/rpm__rosidl_typesupport_fastrtps_cpp.hpp\n'}
[0.875109] (px4_msgs) StdoutLine: {'line': b'-- Up-to-date: /home/nicolas/ws_ros2/install/px4_msgs/include/px4_msgs/px4_msgs/msg/detail/adc_report__rosidl_typesupport_fastrtps_cpp.hpp\n'}
[0.875142] (px4_msgs) StdoutLine: {'line': b'-- Up-to-date: /home/nicolas/ws_ros2/install/px4_msgs/include/px4_msgs/px4_msgs/msg/detail/button_event__rosidl_typesupport_fastrtps_cpp.hpp\n'}
[0.875199] (px4_msgs) StdoutLine: {'line': b'-- Up-to-date: /home/nicolas/ws_ros2/install/px4_msgs/include/px4_msgs/px4_msgs/msg/detail/position_setpoint_triplet__rosidl_typesupport_fastrtps_cpp.hpp\n'}
[0.875229] (px4_msgs) StdoutLine: {'line': b'-- Up-to-date: /home/nicolas/ws_ros2/install/px4_msgs/include/px4_msgs/px4_msgs/msg/detail/sensors_status__rosidl_typesupport_fastrtps_cpp.hpp\n'}
[0.875258] (px4_msgs) StdoutLine: {'line': b'-- Up-to-date: /home/nicolas/ws_ros2/install/px4_msgs/include/px4_msgs/px4_msgs/msg/detail/vehicle_land_detected__rosidl_typesupport_fastrtps_cpp.hpp\n'}
[0.875287] (px4_msgs) StdoutLine: {'line': b'-- Up-to-date: /home/nicolas/ws_ros2/install/px4_msgs/include/px4_msgs/px4_msgs/msg/detail/rover_speed_setpoint__rosidl_typesupport_fastrtps_cpp.hpp\n'}
[0.875317] (px4_msgs) StdoutLine: {'line': b'-- Up-to-date: /home/nicolas/ws_ros2/install/px4_msgs/include/px4_msgs/px4_msgs/msg/detail/vehicle_air_data__rosidl_typesupport_fastrtps_cpp.hpp\n'}
[0.875347] (px4_msgs) StdoutLine: {'line': b'-- Up-to-date: /home/nicolas/ws_ros2/install/px4_msgs/include/px4_msgs/px4_msgs/msg/detail/power_button_state__rosidl_typesupport_fastrtps_cpp.hpp\n'}
[0.875402] (px4_msgs) StdoutLine: {'line': b'-- Up-to-date: /home/nicolas/ws_ros2/install/px4_msgs/include/px4_msgs/px4_msgs/msg/detail/trajectory_setpoint__rosidl_typesupport_fastrtps_cpp.hpp\n'}
[0.875432] (px4_msgs) StdoutLine: {'line': b'-- Up-to-date: /home/nicolas/ws_ros2/install/px4_msgs/include/px4_msgs/px4_msgs/msg/detail/gpio_out__rosidl_typesupport_fastrtps_cpp.hpp\n'}
[0.875461] (px4_msgs) StdoutLine: {'line': b'-- Up-to-date: /home/nicolas/ws_ros2/install/px4_msgs/include/px4_msgs/px4_msgs/msg/detail/fixed_wing_lateral_guidance_status__rosidl_typesupport_fastrtps_cpp.hpp\n'}
[0.875492] (px4_msgs) StdoutLine: {'line': b'-- Up-to-date: /home/nicolas/ws_ros2/install/px4_msgs/include/px4_msgs/px4_msgs/msg/detail/fixed_wing_longitudinal_setpoint__rosidl_typesupport_fastrtps_cpp.hpp\n'}
[0.875522] (px4_msgs) StdoutLine: {'line': b'-- Up-to-date: /home/nicolas/ws_ros2/install/px4_msgs/include/px4_msgs/px4_msgs/msg/detail/led_control__rosidl_typesupport_fastrtps_cpp.hpp\n'}
[0.875551] (px4_msgs) StdoutLine: {'line': b'-- Up-to-date: /home/nicolas/ws_ros2/install/px4_msgs/include/px4_msgs/px4_msgs/msg/detail/px4io_status__rosidl_typesupport_fastrtps_cpp.hpp\n'}
[0.875581] (px4_msgs) StdoutLine: {'line': b'-- Up-to-date: /home/nicolas/ws_ros2/install/px4_msgs/include/px4_msgs/px4_msgs/msg/detail/system_power__rosidl_typesupport_fastrtps_cpp.hpp\n'}
[0.875611] (px4_msgs) StdoutLine: {'line': b'-- Up-to-date: /home/nicolas/ws_ros2/install/px4_msgs/include/px4_msgs/px4_msgs/msg/detail/sensor_hygrometer__rosidl_typesupport_fastrtps_cpp.hpp\n'}
[0.875640] (px4_msgs) StdoutLine: {'line': b'-- Up-to-date: /home/nicolas/ws_ros2/install/px4_msgs/include/px4_msgs/px4_msgs/msg/detail/vehicle_local_position_setpoint__rosidl_typesupport_fastrtps_cpp.hpp\n'}
[0.875670] (px4_msgs) StdoutLine: {'line': b'-- Up-to-date: /home/nicolas/ws_ros2/install/px4_msgs/include/px4_msgs/px4_msgs/msg/detail/orbit_status__rosidl_typesupport_fastrtps_cpp.hpp\n'}
[0.875699] (px4_msgs) StdoutLine: {'line': b'-- Up-to-date: /home/nicolas/ws_ros2/install/px4_msgs/include/px4_msgs/px4_msgs/msg/detail/gimbal_manager_set_manual_control__rosidl_typesupport_fastrtps_cpp.hpp\n'}
[0.875732] (px4_msgs) StdoutLine: {'line': b'-- Up-to-date: /home/nicolas/ws_ros2/install/px4_msgs/include/px4_msgs/px4_msgs/msg/detail/uavcan_parameter_value__rosidl_typesupport_fastrtps_cpp.hpp\n'}
[0.875766] (px4_msgs) StdoutLine: {'line': b'-- Up-to-date: /home/nicolas/ws_ros2/install/px4_msgs/include/px4_msgs/px4_msgs/msg/detail/geofence_status__rosidl_typesupport_fastrtps_cpp.hpp\n'}
[0.875799] (px4_msgs) StdoutLine: {'line': b'-- Up-to-date: /home/nicolas/ws_ros2/install/px4_msgs/include/px4_msgs/px4_msgs/msg/detail/camera_trigger__rosidl_typesupport_fastrtps_cpp.hpp\n'}
[0.875832] (px4_msgs) StdoutLine: {'line': b'-- Up-to-date: /home/nicolas/ws_ros2/install/px4_msgs/include/px4_msgs/px4_msgs/msg/detail/sensor_gyro__rosidl_typesupport_fastrtps_cpp.hpp\n'}
[0.875889] (px4_msgs) StdoutLine: {'line': b'-- Up-to-date: /home/nicolas/ws_ros2/install/px4_msgs/include/px4_msgs/px4_msgs/msg/detail/vehicle_local_position__rosidl_typesupport_fastrtps_cpp.hpp\n'}
[0.875923] (px4_msgs) StdoutLine: {'line': b'-- Up-to-date: /home/nicolas/ws_ros2/install/px4_msgs/include/px4_msgs/px4_msgs/msg/detail/estimator_states__rosidl_typesupport_fastrtps_cpp.hpp\n'}
[0.875956] (px4_msgs) StdoutLine: {'line': b'-- Up-to-date: /home/nicolas/ws_ros2/install/px4_msgs/include/px4_msgs/px4_msgs/msg/detail/generator_status__rosidl_typesupport_fastrtps_cpp.hpp\n'}
[0.875987] (px4_msgs) StdoutLine: {'line': b'-- Up-to-date: /home/nicolas/ws_ros2/install/px4_msgs/include/px4_msgs/px4_msgs/msg/detail/estimator_aid_source3d__rosidl_typesupport_fastrtps_cpp.hpp\n'}
[0.876019] (px4_msgs) StdoutLine: {'line': b'-- Up-to-date: /home/nicolas/ws_ros2/install/px4_msgs/include/px4_msgs/px4_msgs/msg/detail/gpio_in__rosidl_typesupport_fastrtps_cpp.hpp\n'}
[0.876050] (px4_msgs) StdoutLine: {'line': b'-- Up-to-date: /home/nicolas/ws_ros2/install/px4_msgs/include/px4_msgs/px4_msgs/msg/detail/estimator_status_flags__rosidl_typesupport_fastrtps_cpp.hpp\n'}
[0.876080] (px4_msgs) StdoutLine: {'line': b'-- Up-to-date: /home/nicolas/ws_ros2/install/px4_msgs/include/px4_msgs/px4_msgs/msg/detail/estimator_bias3d__rosidl_typesupport_fastrtps_cpp.hpp\n'}
[0.876110] (px4_msgs) StdoutLine: {'line': b'-- Up-to-date: /home/nicolas/ws_ros2/install/px4_msgs/include/px4_msgs/px4_msgs/msg/detail/ulog_stream__rosidl_typesupport_fastrtps_cpp.hpp\n'}
[0.876140] (px4_msgs) StdoutLine: {'line': b'-- Up-to-date: /home/nicolas/ws_ros2/install/px4_msgs/include/px4_msgs/px4_msgs/msg/detail/sensors_status_imu__rosidl_typesupport_fastrtps_cpp.hpp\n'}
[0.876173] (px4_msgs) StdoutLine: {'line': b'-- Up-to-date: /home/nicolas/ws_ros2/install/px4_msgs/include/px4_msgs/px4_msgs/msg/detail/rover_steering_setpoint__rosidl_typesupport_fastrtps_cpp.hpp\n'}
[0.876209] (px4_msgs) StdoutLine: {'line': b'-- Up-to-date: /home/nicolas/ws_ros2/install/px4_msgs/include/px4_msgs/px4_msgs/msg/detail/logger_status__rosidl_typesupport_fastrtps_cpp.hpp\n'}
[0.876261] (px4_msgs) StdoutLine: {'line': b'-- Up-to-date: /home/nicolas/ws_ros2/install/px4_msgs/include/px4_msgs/px4_msgs/msg/detail/failsafe_flags__rosidl_typesupport_fastrtps_cpp.hpp\n'}
[0.876293] (px4_msgs) StdoutLine: {'line': b'-- Up-to-date: /home/nicolas/ws_ros2/install/px4_msgs/include/px4_msgs/px4_msgs/msg/detail/lateral_control_configuration__rosidl_typesupport_fastrtps_cpp.hpp\n'}
[0.876330] (px4_msgs) StdoutLine: {'line': b'-- Up-to-date: /home/nicolas/ws_ros2/install/px4_msgs/include/px4_msgs/px4_msgs/msg/detail/estimator_gps_status__rosidl_typesupport_fastrtps_cpp.hpp\n'}
[0.876361] (px4_msgs) StdoutLine: {'line': b'-- Up-to-date: /home/nicolas/ws_ros2/install/px4_msgs/include/px4_msgs/px4_msgs/msg/detail/rc_parameter_map__rosidl_typesupport_fastrtps_cpp.hpp\n'}
[0.876391] (px4_msgs) StdoutLine: {'line': b'-- Up-to-date: /home/nicolas/ws_ros2/install/px4_msgs/include/px4_msgs/px4_msgs/msg/detail/gps_inject_data__rosidl_typesupport_fastrtps_cpp.hpp\n'}
[0.876421] (px4_msgs) StdoutLine: {'line': b'-- Up-to-date: /home/nicolas/ws_ros2/install/px4_msgs/include/px4_msgs/px4_msgs/msg/detail/vehicle_imu__rosidl_typesupport_fastrtps_cpp.hpp\n'}
[0.876452] (px4_msgs) StdoutLine: {'line': b'-- Up-to-date: /home/nicolas/ws_ros2/install/px4_msgs/include/px4_msgs/px4_msgs/msg/detail/sensor_correction__rosidl_typesupport_fastrtps_cpp.hpp\n'}
[0.876483] (px4_msgs) StdoutLine: {'line': b'-- Up-to-date: /home/nicolas/ws_ros2/install/px4_msgs/include/px4_msgs/px4_msgs/msg/detail/sensor_selection__rosidl_typesupport_fastrtps_cpp.hpp\n'}
[0.876513] (px4_msgs) StdoutLine: {'line': b'-- Up-to-date: /home/nicolas/ws_ros2/install/px4_msgs/include/px4_msgs/px4_msgs/msg/detail/actuator_servos_trim__rosidl_typesupport_fastrtps_cpp.hpp\n'}
[0.876545] (px4_msgs) StdoutLine: {'line': b'-- Up-to-date: /home/nicolas/ws_ros2/install/px4_msgs/include/px4_msgs/px4_msgs/msg/detail/heater_status__rosidl_typesupport_fastrtps_cpp.hpp\n'}
[0.876593] (px4_msgs) StdoutLine: {'line': b'-- Up-to-date: /home/nicolas/ws_ros2/install/px4_msgs/include/px4_msgs/px4_msgs/msg/detail/sensor_gyro_fft__rosidl_typesupport_fastrtps_cpp.hpp\n'}
[0.876623] (px4_msgs) StdoutLine: {'line': b'-- Up-to-date: /home/nicolas/ws_ros2/install/px4_msgs/include/px4_msgs/px4_msgs/msg/detail/landing_gear_wheel__rosidl_typesupport_fastrtps_cpp.hpp\n'}
[0.876653] (px4_msgs) StdoutLine: {'line': b'-- Up-to-date: /home/nicolas/ws_ros2/install/px4_msgs/include/px4_msgs/px4_msgs/msg/detail/internal_combustion_engine_status__rosidl_typesupport_fastrtps_cpp.hpp\n'}
[0.876684] (px4_msgs) StdoutLine: {'line': b'-- Up-to-date: /home/nicolas/ws_ros2/install/px4_msgs/include/px4_msgs/px4_msgs/msg/detail/vehicle_command__rosidl_typesupport_fastrtps_cpp.hpp\n'}
[0.876714] (px4_msgs) StdoutLine: {'line': b'-- Up-to-date: /home/nicolas/ws_ros2/install/px4_msgs/include/px4_msgs/px4_msgs/msg/detail/follow_target__rosidl_typesupport_fastrtps_cpp.hpp\n'}
[0.876746] (px4_msgs) StdoutLine: {'line': b'-- Up-to-date: /home/nicolas/ws_ros2/install/px4_msgs/include/px4_msgs/px4_msgs/msg/detail/vehicle_acceleration__rosidl_typesupport_fastrtps_cpp.hpp\n'}
[0.876778] (px4_msgs) StdoutLine: {'line': b'-- Up-to-date: /home/nicolas/ws_ros2/install/px4_msgs/include/px4_msgs/px4_msgs/msg/detail/ekf2_timestamps__rosidl_typesupport_fastrtps_cpp.hpp\n'}
[0.876811] (px4_msgs) StdoutLine: {'line': b'-- Up-to-date: /home/nicolas/ws_ros2/install/px4_msgs/include/px4_msgs/px4_msgs/msg/detail/trajectory_setpoint6dof__rosidl_typesupport_fastrtps_cpp.hpp\n'}
[0.876843] (px4_msgs) StdoutLine: {'line': b'-- Up-to-date: /home/nicolas/ws_ros2/install/px4_msgs/include/px4_msgs/px4_msgs/msg/detail/sensor_preflight_mag__rosidl_typesupport_fastrtps_cpp.hpp\n'}
[0.876876] (px4_msgs) StdoutLine: {'line': b'-- Up-to-date: /home/nicolas/ws_ros2/install/px4_msgs/include/px4_msgs/px4_msgs/msg/detail/estimator_innovations__rosidl_typesupport_fastrtps_cpp.hpp\n'}
[0.876909] (px4_msgs) StdoutLine: {'line': b'-- Up-to-date: /home/nicolas/ws_ros2/install/px4_msgs/include/px4_msgs/px4_msgs/msg/detail/timesync_status__rosidl_typesupport_fastrtps_cpp.hpp\n'}
[0.876952] (px4_msgs) StdoutLine: {'line': b'-- Up-to-date: /home/nicolas/ws_ros2/install/px4_msgs/include/px4_msgs/px4_msgs/msg/detail/wheel_encoders__rosidl_typesupport_fastrtps_cpp.hpp\n'}
[0.876987] (px4_msgs) StdoutLine: {'line': b'-- Up-to-date: /home/nicolas/ws_ros2/install/px4_msgs/include/px4_msgs/px4_msgs/msg/detail/tune_control__rosidl_typesupport_fastrtps_cpp.hpp\n'}
[0.877021] (px4_msgs) StdoutLine: {'line': b'-- Up-to-date: /home/nicolas/ws_ros2/install/px4_msgs/include/px4_msgs/px4_msgs/msg/detail/follow_target_estimator__rosidl_typesupport_fastrtps_cpp.hpp\n'}
[0.877054] (px4_msgs) StdoutLine: {'line': b'-- Up-to-date: /home/nicolas/ws_ros2/install/px4_msgs/include/px4_msgs/px4_msgs/msg/detail/camera_capture__rosidl_typesupport_fastrtps_cpp.hpp\n'}
[0.877086] (px4_msgs) StdoutLine: {'line': b'-- Up-to-date: /home/nicolas/ws_ros2/install/px4_msgs/include/px4_msgs/px4_msgs/msg/detail/mavlink_log__rosidl_typesupport_fastrtps_cpp.hpp\n'}
[0.877119] (px4_msgs) StdoutLine: {'line': b'-- Up-to-date: /home/nicolas/ws_ros2/install/px4_msgs/include/px4_msgs/px4_msgs/msg/detail/gimbal_manager_status__rosidl_typesupport_fastrtps_cpp.hpp\n'}
[0.877177] (px4_msgs) StdoutLine: {'line': b'-- Up-to-date: /home/nicolas/ws_ros2/install/px4_msgs/include/px4_msgs/px4_msgs/msg/detail/estimator_aid_source1d__rosidl_typesupport_fastrtps_cpp.hpp\n'}
[0.877211] (px4_msgs) StdoutLine: {'line': b'-- Up-to-date: /home/nicolas/ws_ros2/install/px4_msgs/include/px4_msgs/px4_msgs/msg/detail/debug_value__rosidl_typesupport_fastrtps_cpp.hpp\n'}
[0.877246] (px4_msgs) StdoutLine: {'line': b'-- Up-to-date: /home/nicolas/ws_ros2/install/px4_msgs/include/px4_msgs/px4_msgs/msg/detail/orb_test_medium__rosidl_typesupport_fastrtps_cpp.hpp\n'}
[0.877300] (px4_msgs) StdoutLine: {'line': b'-- Up-to-date: /home/nicolas/ws_ros2/install/px4_msgs/include/px4_msgs/px4_msgs/msg/detail/onboard_computer_status__rosidl_typesupport_fastrtps_cpp.hpp\n'}
[0.877334] (px4_msgs) StdoutLine: {'line': b'-- Up-to-date: /home/nicolas/ws_ros2/install/px4_msgs/include/px4_msgs/px4_msgs/msg/detail/cellular_status__rosidl_typesupport_fastrtps_cpp.hpp\n'}
[0.877364] (px4_msgs) StdoutLine: {'line': b'-- Up-to-date: /home/nicolas/ws_ros2/install/px4_msgs/include/px4_msgs/px4_msgs/msg/detail/dds_fastrtps\n'}
[0.877395] (px4_msgs) StdoutLine: {'line': b'-- Up-to-date: /home/nicolas/ws_ros2/install/px4_msgs/include/px4_msgs/px4_msgs/msg/detail/vtol_vehicle_status__rosidl_typesupport_fastrtps_cpp.hpp\n'}
[0.877426] (px4_msgs) StdoutLine: {'line': b'-- Up-to-date: /home/nicolas/ws_ros2/install/px4_msgs/include/px4_msgs/px4_msgs/msg/detail/gimbal_device_attitude_status__rosidl_typesupport_fastrtps_cpp.hpp\n'}
[0.877457] (px4_msgs) StdoutLine: {'line': b'-- Up-to-date: /home/nicolas/ws_ros2/install/px4_msgs/include/px4_msgs/px4_msgs/msg/detail/vehicle_optical_flow__rosidl_typesupport_fastrtps_cpp.hpp\n'}
[0.877487] (px4_msgs) StdoutLine: {'line': b'-- Up-to-date: /home/nicolas/ws_ros2/install/px4_msgs/include/px4_msgs/px4_msgs/msg/detail/control_allocator_status__rosidl_typesupport_fastrtps_cpp.hpp\n'}
[0.877517] (px4_msgs) StdoutLine: {'line': b'-- Up-to-date: /home/nicolas/ws_ros2/install/px4_msgs/include/px4_msgs/px4_msgs/msg/detail/landing_target_innovations__rosidl_typesupport_fastrtps_cpp.hpp\n'}
[0.877549] (px4_msgs) StdoutLine: {'line': b'-- Up-to-date: /home/nicolas/ws_ros2/install/px4_msgs/include/px4_msgs/px4_msgs/msg/detail/position_controller_landing_status__rosidl_typesupport_fastrtps_cpp.hpp\n'}
[0.877594] (px4_msgs) StdoutLine: {'line': b'-- Up-to-date: /home/nicolas/ws_ros2/install/px4_msgs/include/px4_msgs/px4_msgs/msg/detail/pps_capture__rosidl_typesupport_fastrtps_cpp.hpp\n'}
[0.877625] (px4_msgs) StdoutLine: {'line': b'-- Up-to-date: /home/nicolas/ws_ros2/install/px4_msgs/include/px4_msgs/px4_msgs/msg/detail/follow_target_status__rosidl_typesupport_fastrtps_cpp.hpp\n'}
[0.877655] (px4_msgs) StdoutLine: {'line': b'-- Up-to-date: /home/nicolas/ws_ros2/install/px4_msgs/include/px4_msgs/px4_msgs/msg/detail/rover_position_setpoint__rosidl_typesupport_fastrtps_cpp.hpp\n'}
[0.877687] (px4_msgs) StdoutLine: {'line': b'-- Up-to-date: /home/nicolas/ws_ros2/install/px4_msgs/include/px4_msgs/px4_msgs/msg/detail/sensor_accel_fifo__rosidl_typesupport_fastrtps_cpp.hpp\n'}
[0.877718] (px4_msgs) StdoutLine: {'line': b'-- Up-to-date: /home/nicolas/ws_ros2/install/px4_msgs/include/px4_msgs/px4_msgs/msg/detail/input_rc__rosidl_typesupport_fastrtps_cpp.hpp\n'}
[0.877749] (px4_msgs) StdoutLine: {'line': b'-- Up-to-date: /home/nicolas/ws_ros2/install/px4_msgs/include/px4_msgs/px4_msgs/msg/detail/register_ext_component_reply__rosidl_typesupport_fastrtps_cpp.hpp\n'}
[0.877781] (px4_msgs) StdoutLine: {'line': b'-- Up-to-date: /home/nicolas/ws_ros2/install/px4_msgs/include/px4_msgs/px4_msgs/msg/detail/position_setpoint__rosidl_typesupport_fastrtps_cpp.hpp\n'}
[0.877814] (px4_msgs) StdoutLine: {'line': b'-- Up-to-date: /home/nicolas/ws_ros2/install/px4_msgs/include/px4_msgs/px4_msgs/msg/detail/rover_rate_setpoint__rosidl_typesupport_fastrtps_cpp.hpp\n'}
[0.877847] (px4_msgs) StdoutLine: {'line': b'-- Up-to-date: /home/nicolas/ws_ros2/install/px4_msgs/include/px4_msgs/px4_msgs/msg/detail/rtl_time_estimate__rosidl_typesupport_fastrtps_cpp.hpp\n'}
[0.877880] (px4_msgs) StdoutLine: {'line': b'-- Up-to-date: /home/nicolas/ws_ros2/install/px4_msgs/include/px4_msgs/px4_msgs/msg/detail/transponder_report__rosidl_typesupport_fastrtps_cpp.hpp\n'}
[0.877913] (px4_msgs) StdoutLine: {'line': b'-- Up-to-date: /home/nicolas/ws_ros2/install/px4_msgs/include/px4_msgs/px4_msgs/msg/detail/offboard_control_mode__rosidl_typesupport_fastrtps_cpp.hpp\n'}
[0.877951] (px4_msgs) StdoutLine: {'line': b'-- Up-to-date: /home/nicolas/ws_ros2/install/px4_msgs/include/px4_msgs/px4_msgs/msg/detail/orb_test__rosidl_typesupport_fastrtps_cpp.hpp\n'}
[0.877983] (px4_msgs) StdoutLine: {'line': b'-- Up-to-date: /home/nicolas/ws_ros2/install/px4_msgs/include/px4_msgs/px4_msgs/msg/detail/launch_detection_status__rosidl_typesupport_fastrtps_cpp.hpp\n'}
[0.878039] (px4_msgs) StdoutLine: {'line': b'-- Up-to-date: /home/nicolas/ws_ros2/install/px4_msgs/include/px4_msgs/px4_msgs/msg/detail/can_interface_status__rosidl_typesupport_fastrtps_cpp.hpp\n'}
[0.878072] (px4_msgs) StdoutLine: {'line': b'-- Up-to-date: /home/nicolas/ws_ros2/install/px4_msgs/include/px4_msgs/px4_msgs/msg/detail/uavcan_parameter_request__rosidl_typesupport_fastrtps_cpp.hpp\n'}
[0.878103] (px4_msgs) StdoutLine: {'line': b'-- Up-to-date: /home/nicolas/ws_ros2/install/px4_msgs/include/px4_msgs/px4_msgs/msg/detail/pure_pursuit_status__rosidl_typesupport_fastrtps_cpp.hpp\n'}
[0.878133] (px4_msgs) StdoutLine: {'line': b'-- Up-to-date: /home/nicolas/ws_ros2/install/px4_msgs/include/px4_msgs/px4_msgs/msg/detail/irlock_report__rosidl_typesupport_fastrtps_cpp.hpp\n'}
[0.878163] (px4_msgs) StdoutLine: {'line': b'-- Up-to-date: /home/nicolas/ws_ros2/install/px4_msgs/include/px4_msgs/px4_msgs/msg/detail/flight_phase_estimation__rosidl_typesupport_fastrtps_cpp.hpp\n'}
[0.878193] (px4_msgs) StdoutLine: {'line': b'-- Up-to-date: /home/nicolas/ws_ros2/install/px4_msgs/include/px4_msgs/px4_msgs/msg/detail/esc_status__rosidl_typesupport_fastrtps_cpp.hpp\n'}
[0.878243] (px4_msgs) StdoutLine: {'line': b'-- Up-to-date: /home/nicolas/ws_ros2/install/px4_msgs/include/px4_msgs/px4_msgs/msg/detail/event__rosidl_typesupport_fastrtps_cpp.hpp\n'}
[0.878273] (px4_msgs) StdoutLine: {'line': b'-- Up-to-date: /home/nicolas/ws_ros2/install/px4_msgs/include/px4_msgs/px4_msgs/msg/detail/rover_rate_status__rosidl_typesupport_fastrtps_cpp.hpp\n'}
[0.878304] (px4_msgs) StdoutLine: {'line': b'-- Up-to-date: /home/nicolas/ws_ros2/install/px4_msgs/include/px4_msgs/px4_msgs/msg/detail/manual_control_switches__rosidl_typesupport_fastrtps_cpp.hpp\n'}
[0.878334] (px4_msgs) StdoutLine: {'line': b'-- Up-to-date: /home/nicolas/ws_ros2/install/px4_msgs/include/px4_msgs/px4_msgs/msg/detail/estimator_sensor_bias__rosidl_typesupport_fastrtps_cpp.hpp\n'}
[0.878364] (px4_msgs) StdoutLine: {'line': b'-- Up-to-date: /home/nicolas/ws_ros2/install/px4_msgs/include/px4_msgs/px4_msgs/msg/detail/actuator_armed__rosidl_typesupport_fastrtps_cpp.hpp\n'}
[0.878393] (px4_msgs) StdoutLine: {'line': b'-- Up-to-date: /home/nicolas/ws_ros2/install/px4_msgs/include/px4_msgs/px4_msgs/msg/detail/sensor_gnss_relative__rosidl_typesupport_fastrtps_cpp.hpp\n'}
[0.878424] (px4_msgs) StdoutLine: {'line': b'-- Up-to-date: /home/nicolas/ws_ros2/install/px4_msgs/include/px4_msgs/px4_msgs/msg/detail/figure_eight_status__rosidl_typesupport_fastrtps_cpp.hpp\n'}
[0.878455] (px4_msgs) StdoutLine: {'line': b'-- Up-to-date: /home/nicolas/ws_ros2/install/px4_msgs/include/px4_msgs/px4_msgs/msg/detail/vehicle_magnetometer__rosidl_typesupport_fastrtps_cpp.hpp\n'}
[0.878484] (px4_msgs) StdoutLine: {'line': b'-- Up-to-date: /home/nicolas/ws_ros2/install/px4_msgs/include/px4_msgs/px4_msgs/msg/detail/goto_setpoint__rosidl_typesupport_fastrtps_cpp.hpp\n'}
[0.878513] (px4_msgs) StdoutLine: {'line': b'-- Up-to-date: /home/nicolas/ws_ros2/install/px4_msgs/include/px4_msgs/px4_msgs/msg/detail/debug_array__rosidl_typesupport_fastrtps_cpp.hpp\n'}
[0.878543] (px4_msgs) StdoutLine: {'line': b'-- Up-to-date: /home/nicolas/ws_ros2/install/px4_msgs/include/px4_msgs/px4_msgs/msg/detail/vehicle_torque_setpoint__rosidl_typesupport_fastrtps_cpp.hpp\n'}
[0.878573] (px4_msgs) StdoutLine: {'line': b'-- Up-to-date: /home/nicolas/ws_ros2/install/px4_msgs/include/px4_msgs/px4_msgs/msg/detail/rate_ctrl_status__rosidl_typesupport_fastrtps_cpp.hpp\n'}
[0.878604] (px4_msgs) StdoutLine: {'line': b'-- Up-to-date: /home/nicolas/ws_ros2/install/px4_msgs/include/px4_msgs/px4_msgs/msg/detail/tiltrotor_extra_controls__rosidl_typesupport_fastrtps_cpp.hpp\n'}
[0.878636] (px4_msgs) StdoutLine: {'line': b'-- Up-to-date: /home/nicolas/ws_ros2/install/px4_msgs/include/px4_msgs/px4_msgs/msg/detail/vehicle_constraints__rosidl_typesupport_fastrtps_cpp.hpp\n'}
[0.878670] (px4_msgs) StdoutLine: {'line': b'-- Up-to-date: /home/nicolas/ws_ros2/install/px4_msgs/include/px4_msgs/px4_msgs/msg/detail/fixed_wing_runway_control__rosidl_typesupport_fastrtps_cpp.hpp\n'}
[0.878719] (px4_msgs) StdoutLine: {'line': b'-- Up-to-date: /home/nicolas/ws_ros2/install/px4_msgs/include/px4_msgs/px4_msgs/msg/detail/vehicle_optical_flow_vel__rosidl_typesupport_fastrtps_cpp.hpp\n'}
[0.878752] (px4_msgs) StdoutLine: {'line': b'-- Up-to-date: /home/nicolas/ws_ros2/install/px4_msgs/include/px4_msgs/px4_msgs/msg/detail/vehicle_attitude_setpoint__rosidl_typesupport_fastrtps_cpp.hpp\n'}
[0.878786] (px4_msgs) StdoutLine: {'line': b'-- Up-to-date: /home/nicolas/ws_ros2/install/px4_msgs/include/px4_msgs/px4_msgs/msg/detail/magnetometer_bias_estimate__rosidl_typesupport_fastrtps_cpp.hpp\n'}
[0.878833] (px4_msgs) StdoutLine: {'line': b'-- Up-to-date: /home/nicolas/ws_ros2/install/px4_msgs/include/px4_msgs/px4_msgs/msg/detail/camera_status__rosidl_typesupport_fastrtps_cpp.hpp\n'}
[0.878866] (px4_msgs) StdoutLine: {'line': b'-- Up-to-date: /home/nicolas/ws_ros2/install/px4_msgs/include/px4_msgs/px4_msgs/msg/detail/dronecan_node_status__rosidl_typesupport_fastrtps_cpp.hpp\n'}
[0.878897] (px4_msgs) StdoutLine: {'line': b'-- Up-to-date: /home/nicolas/ws_ros2/install/px4_msgs/include/px4_msgs/px4_msgs/msg/detail/navigator_status__rosidl_typesupport_fastrtps_cpp.hpp\n'}
[0.878935] (px4_msgs) StdoutLine: {'line': b'-- Up-to-date: /home/nicolas/ws_ros2/install/px4_msgs/include/px4_msgs/px4_msgs/msg/detail/vehicle_attitude__rosidl_typesupport_fastrtps_cpp.hpp\n'}
[0.878967] (px4_msgs) StdoutLine: {'line': b'-- Up-to-date: /home/nicolas/ws_ros2/install/px4_msgs/include/px4_msgs/px4_msgs/msg/detail/ulog_stream_ack__rosidl_typesupport_fastrtps_cpp.hpp\n'}
[0.878998] (px4_msgs) StdoutLine: {'line': b'-- Up-to-date: /home/nicolas/ws_ros2/install/px4_msgs/include/px4_msgs/px4_msgs/msg/detail/orb_test_large__rosidl_typesupport_fastrtps_cpp.hpp\n'}
[0.879028] (px4_msgs) StdoutLine: {'line': b'-- Up-to-date: /home/nicolas/ws_ros2/install/px4_msgs/include/px4_msgs/px4_msgs/msg/detail/sensor_gnss_status__rosidl_typesupport_fastrtps_cpp.hpp\n'}
[0.879074] (px4_msgs) StdoutLine: {'line': b'-- Up-to-date: /home/nicolas/ws_ros2/install/px4_msgs/include/px4_msgs/px4_msgs/msg/detail/fixed_wing_lateral_status__rosidl_typesupport_fastrtps_cpp.hpp\n'}
[0.879105] (px4_msgs) StdoutLine: {'line': b'-- Up-to-date: /home/nicolas/ws_ros2/install/px4_msgs/include/px4_msgs/px4_msgs/msg/detail/actuator_controls_status__rosidl_typesupport_fastrtps_cpp.hpp\n'}
[0.879140] (px4_msgs) StdoutLine: {'line': b'-- Up-to-date: /home/nicolas/ws_ros2/install/px4_msgs/include/px4_msgs/px4_msgs/msg/detail/sensor_baro__rosidl_typesupport_fastrtps_cpp.hpp\n'}
[0.879170] (px4_msgs) StdoutLine: {'line': b'-- Up-to-date: /home/nicolas/ws_ros2/install/px4_msgs/include/px4_msgs/px4_msgs/msg/detail/home_position__rosidl_typesupport_fastrtps_cpp.hpp\n'}
[0.879200] (px4_msgs) StdoutLine: {'line': b'-- Up-to-date: /home/nicolas/ws_ros2/install/px4_msgs/include/px4_msgs/px4_msgs/msg/detail/gripper__rosidl_typesupport_fastrtps_cpp.hpp\n'}
[0.879231] (px4_msgs) StdoutLine: {'line': b'-- Up-to-date: /home/nicolas/ws_ros2/install/px4_msgs/include/px4_msgs/px4_msgs/msg/detail/fuel_tank_status__rosidl_typesupport_fastrtps_cpp.hpp\n'}
[0.879260] (px4_msgs) StdoutLine: {'line': b'-- Up-to-date: /home/nicolas/ws_ros2/install/px4_msgs/include/px4_msgs/px4_msgs/msg/detail/satellite_info__rosidl_typesupport_fastrtps_cpp.hpp\n'}
[0.879293] (px4_msgs) StdoutLine: {'line': b'-- Up-to-date: /home/nicolas/ws_ros2/install/px4_msgs/include/px4_msgs/px4_msgs/msg/detail/parameter_set_value_response__rosidl_typesupport_fastrtps_cpp.hpp\n'}
[0.879325] (px4_msgs) StdoutLine: {'line': b'-- Up-to-date: /home/nicolas/ws_ros2/install/px4_msgs/include/px4_msgs/px4_msgs/msg/detail/distance_sensor_mode_change_request__rosidl_typesupport_fastrtps_cpp.hpp\n'}
[0.879357] (px4_msgs) StdoutLine: {'line': b'-- Up-to-date: /home/nicolas/ws_ros2/install/px4_msgs/include/px4_msgs/px4_msgs/msg/detail/config_overrides__rosidl_typesupport_fastrtps_cpp.hpp\n'}
[0.879390] (px4_msgs) StdoutLine: {'line': b'-- Up-to-date: /home/nicolas/ws_ros2/install/px4_msgs/include/px4_msgs/px4_msgs/msg/detail/differential_pressure__rosidl_typesupport_fastrtps_cpp.hpp\n'}
[0.879438] (px4_msgs) StdoutLine: {'line': b'-- Up-to-date: /home/nicolas/ws_ros2/install/px4_msgs/include/px4_msgs/px4_msgs/msg/detail/battery_status__rosidl_typesupport_fastrtps_cpp.hpp\n'}
[0.879468] (px4_msgs) StdoutLine: {'line': b'-- Up-to-date: /home/nicolas/ws_ros2/install/px4_msgs/include/px4_msgs/px4_msgs/msg/detail/geofence_result__rosidl_typesupport_fastrtps_cpp.hpp\n'}
[0.879498] (px4_msgs) StdoutLine: {'line': b'-- Up-to-date: /home/nicolas/ws_ros2/install/px4_msgs/include/px4_msgs/px4_msgs/msg/detail/airspeed_validated__rosidl_typesupport_fastrtps_cpp.hpp\n'}
[0.879528] (px4_msgs) StdoutLine: {'line': b'-- Up-to-date: /home/nicolas/ws_ros2/install/px4_msgs/include/px4_msgs/px4_msgs/msg/detail/normalized_unsigned_setpoint__rosidl_typesupport_fastrtps_cpp.hpp\n'}
[0.879557] (px4_msgs) StdoutLine: {'line': b'-- Up-to-date: /home/nicolas/ws_ros2/install/px4_msgs/include/px4_msgs/px4_msgs/msg/detail/power_monitor__rosidl_typesupport_fastrtps_cpp.hpp\n'}
[0.879587] (px4_msgs) StdoutLine: {'line': b'-- Up-to-date: /home/nicolas/ws_ros2/install/px4_msgs/include/px4_msgs/px4_msgs/msg/detail/battery_info__rosidl_typesupport_fastrtps_cpp.hpp\n'}
[0.879616] (px4_msgs) StdoutLine: {'line': b'-- Up-to-date: /home/nicolas/ws_ros2/install/px4_msgs/include/px4_msgs/px4_msgs/msg/detail/open_drone_id_operator_id__rosidl_typesupport_fastrtps_cpp.hpp\n'}
[0.879647] (px4_msgs) StdoutLine: {'line': b'-- Up-to-date: /home/nicolas/ws_ros2/install/px4_msgs/include/px4_msgs/px4_msgs/msg/detail/manual_control_setpoint__rosidl_typesupport_fastrtps_cpp.hpp\n'}
[0.879679] (px4_msgs) StdoutLine: {'line': b'-- Up-to-date: /home/nicolas/ws_ros2/install/px4_msgs/include/px4_msgs/px4_msgs/msg/detail/sensor_gyro_fifo__rosidl_typesupport_fastrtps_cpp.hpp\n'}
[0.879711] (px4_msgs) StdoutLine: {'line': b'-- Up-to-date: /home/nicolas/ws_ros2/install/px4_msgs/include/px4_msgs/px4_msgs/msg/detail/gimbal_device_information__rosidl_typesupport_fastrtps_cpp.hpp\n'}
[0.879743] (px4_msgs) StdoutLine: {'line': b'-- Up-to-date: /home/nicolas/ws_ros2/install/px4_msgs/include/px4_msgs/px4_msgs/msg/detail/mag_worker_data__rosidl_typesupport_fastrtps_cpp.hpp\n'}
[0.879792] (px4_msgs) StdoutLine: {'line': b'-- Up-to-date: /home/nicolas/ws_ros2/install/px4_msgs/include/px4_msgs/px4_msgs/msg/detail/rtl_status__rosidl_typesupport_fastrtps_cpp.hpp\n'}
[0.879824] (px4_msgs) StdoutLine: {'line': b'-- Up-to-date: /home/nicolas/ws_ros2/install/px4_msgs/include/px4_msgs/px4_msgs/msg/detail/landing_gear__rosidl_typesupport_fastrtps_cpp.hpp\n'}
[0.879855] (px4_msgs) StdoutLine: {'line': b'-- Up-to-date: /home/nicolas/ws_ros2/install/px4_msgs/include/px4_msgs/px4_msgs/msg/detail/rover_attitude_setpoint__rosidl_typesupport_fastrtps_cpp.hpp\n'}
[0.879887] (px4_msgs) StdoutLine: {'line': b'-- Up-to-date: /home/nicolas/ws_ros2/install/px4_msgs/include/px4_msgs/px4_msgs/msg/detail/dataman_request__rosidl_typesupport_fastrtps_cpp.hpp\n'}
[0.879922] (px4_msgs) StdoutLine: {'line': b'-- Up-to-date: /home/nicolas/ws_ros2/install/px4_msgs/include/px4_msgs/px4_msgs/msg/detail/vehicle_roi__rosidl_typesupport_fastrtps_cpp.hpp\n'}
[0.879958] (px4_msgs) StdoutLine: {'line': b'-- Up-to-date: /home/nicolas/ws_ros2/install/px4_msgs/include/px4_msgs/px4_msgs/msg/detail/takeoff_status__rosidl_typesupport_fastrtps_cpp.hpp\n'}
[0.879990] (px4_msgs) StdoutLine: {'line': b'-- Up-to-date: /home/nicolas/ws_ros2/install/px4_msgs/include/px4_msgs/px4_msgs/msg/detail/qshell_retval__rosidl_typesupport_fastrtps_cpp.hpp\n'}
[0.880023] (px4_msgs) StdoutLine: {'line': b'-- Up-to-date: /home/nicolas/ws_ros2/install/px4_msgs/include/px4_msgs/px4_msgs/msg/detail/estimator_event_flags__rosidl_typesupport_fastrtps_cpp.hpp\n'}
[0.880060] (px4_msgs) StdoutLine: {'line': b'-- Up-to-date: /home/nicolas/ws_ros2/install/px4_msgs/include/px4_msgs/px4_msgs/msg/detail/health_report__rosidl_typesupport_fastrtps_cpp.hpp\n'}
[0.880092] (px4_msgs) StdoutLine: {'line': b'-- Up-to-date: /home/nicolas/ws_ros2/install/px4_msgs/include/px4_msgs/px4_msgs/msg/detail/debug_key_value__rosidl_typesupport_fastrtps_cpp.hpp\n'}
[0.880149] (px4_msgs) StdoutLine: {'line': b'-- Up-to-date: /home/nicolas/ws_ros2/install/px4_msgs/include/px4_msgs/px4_msgs/msg/detail/mission_result__rosidl_typesupport_fastrtps_cpp.hpp\n'}
[0.880178] (px4_msgs) StdoutLine: {'line': b'-- Up-to-date: /home/nicolas/ws_ros2/install/px4_msgs/include/px4_msgs/px4_msgs/msg/detail/gimbal_controls__rosidl_typesupport_fastrtps_cpp.hpp\n'}
[0.880207] (px4_msgs) StdoutLine: {'line': b'-- Up-to-date: /home/nicolas/ws_ros2/install/px4_msgs/include/px4_msgs/px4_msgs/msg/detail/vehicle_control_mode__rosidl_typesupport_fastrtps_cpp.hpp\n'}
[0.880237] (px4_msgs) StdoutLine: {'line': b'-- Up-to-date: /home/nicolas/ws_ros2/install/px4_msgs/include/px4_msgs/px4_msgs/msg/detail/rover_throttle_setpoint__rosidl_typesupport_fastrtps_cpp.hpp\n'}
[0.880268] (px4_msgs) StdoutLine: {'line': b'-- Up-to-date: /home/nicolas/ws_ros2/install/px4_msgs/include/px4_msgs/px4_msgs/msg/detail/estimator_bias__rosidl_typesupport_fastrtps_cpp.hpp\n'}
[0.880300] (px4_msgs) StdoutLine: {'line': b'-- Up-to-date: /home/nicolas/ws_ros2/install/px4_msgs/include/px4_msgs/px4_msgs/msg/detail/airspeed__rosidl_typesupport_fastrtps_cpp.hpp\n'}
[0.880333] (px4_msgs) StdoutLine: {'line': b'-- Up-to-date: /home/nicolas/ws_ros2/install/px4_msgs/include/px4_msgs/px4_msgs/msg/detail/gimbal_manager_set_attitude__rosidl_typesupport_fastrtps_cpp.hpp\n'}
[0.880366] (px4_msgs) StdoutLine: {'line': b'-- Up-to-date: /home/nicolas/ws_ros2/install/px4_msgs/include/px4_msgs/px4_msgs/msg/detail/wind__rosidl_typesupport_fastrtps_cpp.hpp\n'}
[0.880398] (px4_msgs) StdoutLine: {'line': b'-- Up-to-date: /home/nicolas/ws_ros2/install/px4_msgs/include/px4_msgs/px4_msgs/msg/detail/parameter_set_used_request__rosidl_typesupport_fastrtps_cpp.hpp\n'}
[0.880430] (px4_msgs) StdoutLine: {'line': b'-- Up-to-date: /home/nicolas/ws_ros2/install/px4_msgs/include/px4_msgs/px4_msgs/msg/detail/distance_sensor__rosidl_typesupport_fastrtps_cpp.hpp\n'}
[0.880463] (px4_msgs) StdoutLine: {'line': b'-- Up-to-date: /home/nicolas/ws_ros2/install/px4_msgs/include/px4_msgs/px4_msgs/msg/detail/vehicle_imu_status__rosidl_typesupport_fastrtps_cpp.hpp\n'}
[0.880494] (px4_msgs) StdoutLine: {'line': b'-- Up-to-date: /home/nicolas/ws_ros2/install/px4_msgs/include/px4_msgs/px4_msgs/msg/detail/telemetry_status__rosidl_typesupport_fastrtps_cpp.hpp\n'}
[0.880526] (px4_msgs) StdoutLine: {'line': b'-- Up-to-date: /home/nicolas/ws_ros2/install/px4_msgs/include/px4_msgs/px4_msgs/msg/detail/qshell_req__rosidl_typesupport_fastrtps_cpp.hpp\n'}
[0.880558] (px4_msgs) StdoutLine: {'line': b'-- Up-to-date: /home/nicolas/ws_ros2/install/px4_msgs/include/px4_msgs/px4_msgs/msg/detail/parameter_reset_request__rosidl_typesupport_fastrtps_cpp.hpp\n'}
[0.880592] (px4_msgs) StdoutLine: {'line': b'-- Up-to-date: /home/nicolas/ws_ros2/install/px4_msgs/include/px4_msgs/px4_msgs/msg/detail/open_drone_id_self_id__rosidl_typesupport_fastrtps_cpp.hpp\n'}
[0.880624] (px4_msgs) StdoutLine: {'line': b'-- Up-to-date: /home/nicolas/ws_ros2/install/px4_msgs/include/px4_msgs/px4_msgs/msg/detail/vehicle_thrust_setpoint__rosidl_typesupport_fastrtps_cpp.hpp\n'}
[0.880656] (px4_msgs) StdoutLine: {'line': b'-- Up-to-date: /home/nicolas/ws_ros2/install/px4_msgs/include/px4_msgs/px4_msgs/msg/detail/rover_attitude_status__rosidl_typesupport_fastrtps_cpp.hpp\n'}
[0.880690] (px4_msgs) StdoutLine: {'line': b'-- Up-to-date: /home/nicolas/ws_ros2/install/px4_msgs/include/px4_msgs/px4_msgs/msg/detail/obstacle_distance__rosidl_typesupport_fastrtps_cpp.hpp\n'}
[0.880722] (px4_msgs) StdoutLine: {'line': b'-- Up-to-date: /home/nicolas/ws_ros2/install/px4_msgs/include/px4_msgs/px4_msgs/msg/detail/vehicle_command_ack__rosidl_typesupport_fastrtps_cpp.hpp\n'}
[0.880754] (px4_msgs) StdoutLine: {'line': b'-- Up-to-date: /home/nicolas/ws_ros2/install/px4_msgs/include/px4_msgs/px4_msgs/msg/detail/velocity_limits__rosidl_typesupport_fastrtps_cpp.hpp\n'}
[0.880785] (px4_msgs) StdoutLine: {'line': b'-- Up-to-date: /home/nicolas/ws_ros2/install/px4_msgs/include/px4_msgs/px4_msgs/msg/detail/gps_dump__rosidl_typesupport_fastrtps_cpp.hpp\n'}
[0.880842] (px4_msgs) StdoutLine: {'line': b'-- Up-to-date: /home/nicolas/ws_ros2/install/px4_msgs/include/px4_msgs/px4_msgs/msg/detail/actuator_test__rosidl_typesupport_fastrtps_cpp.hpp\n'}
[0.880876] (px4_msgs) StdoutLine: {'line': b'-- Up-to-date: /home/nicolas/ws_ros2/install/px4_msgs/include/px4_msgs/px4_msgs/msg/detail/vehicle_rates_setpoint__rosidl_typesupport_fastrtps_cpp.hpp\n'}
[0.880908] (px4_msgs) StdoutLine: {'line': b'-- Up-to-date: /home/nicolas/ws_ros2/install/px4_msgs/include/px4_msgs/px4_msgs/msg/detail/dataman_response__rosidl_typesupport_fastrtps_cpp.hpp\n'}
[0.880946] (px4_msgs) StdoutLine: {'line': b'-- Up-to-date: /home/nicolas/ws_ros2/install/px4_msgs/include/px4_msgs/px4_msgs/msg/detail/hover_thrust_estimate__rosidl_typesupport_fastrtps_cpp.hpp\n'}
[0.880979] (px4_msgs) StdoutLine: {'line': b'-- Up-to-date: /home/nicolas/ws_ros2/install/px4_msgs/include/px4_msgs/px4_msgs/msg/detail/sensor_accel__rosidl_typesupport_fastrtps_cpp.hpp\n'}
[0.881031] (px4_msgs) StdoutLine: {'line': b'-- Up-to-date: /home/nicolas/ws_ros2/install/px4_msgs/include/px4_msgs/px4_msgs/msg/detail/radio_status__rosidl_typesupport_fastrtps_cpp.hpp\n'}
[0.881077] (px4_msgs) StdoutLine: {'line': b'-- Up-to-date: /home/nicolas/ws_ros2/install/px4_msgs/include/px4_msgs/px4_msgs/msg/detail/gimbal_device_set_attitude__rosidl_typesupport_fastrtps_cpp.hpp\n'}
[0.881108] (px4_msgs) StdoutLine: {'line': b'-- Up-to-date: /home/nicolas/ws_ros2/install/px4_msgs/include/px4_msgs/px4_msgs/msg/detail/sensor_airflow__rosidl_typesupport_fastrtps_cpp.hpp\n'}
[0.881138] (px4_msgs) StdoutLine: {'line': b'-- Up-to-date: /home/nicolas/ws_ros2/install/px4_msgs/include/px4_msgs/px4_msgs/msg/detail/vehicle_status__rosidl_typesupport_fastrtps_cpp.hpp\n'}
[0.881168] (px4_msgs) StdoutLine: {'line': b'-- Up-to-date: /home/nicolas/ws_ros2/install/px4_msgs/include/px4_msgs/px4_msgs/msg/detail/parameter_set_value_request__rosidl_typesupport_fastrtps_cpp.hpp\n'}
[0.881197] (px4_msgs) StdoutLine: {'line': b'-- Up-to-date: /home/nicolas/ws_ros2/install/px4_msgs/include/px4_msgs/px4_msgs/msg/detail/estimator_selector_status__rosidl_typesupport_fastrtps_cpp.hpp\n'}
[0.881227] (px4_msgs) StdoutLine: {'line': b'-- Up-to-date: /home/nicolas/ws_ros2/install/px4_msgs/include/px4_msgs/px4_msgs/msg/detail/log_message__rosidl_typesupport_fastrtps_cpp.hpp\n'}
[0.881257] (px4_msgs) StdoutLine: {'line': b'-- Up-to-date: /home/nicolas/ws_ros2/install/px4_msgs/include/px4_msgs/px4_msgs/msg/detail/cpuload__rosidl_typesupport_fastrtps_cpp.hpp\n'}
[0.881286] (px4_msgs) StdoutLine: {'line': b'-- Up-to-date: /home/nicolas/ws_ros2/install/px4_msgs/include/px4_msgs/px4_msgs/msg/detail/sensor_combined__rosidl_typesupport_fastrtps_cpp.hpp\n'}
[0.881318] (px4_msgs) StdoutLine: {'line': b'-- Up-to-date: /home/nicolas/ws_ros2/install/px4_msgs/include/px4_msgs/px4_msgs/msg/detail/unregister_ext_component__rosidl_typesupport_fastrtps_cpp.hpp\n'}
[0.881349] (px4_msgs) StdoutLine: {'line': b'-- Up-to-date: /home/nicolas/ws_ros2/install/px4_msgs/include/px4_msgs/px4_msgs/msg/detail/estimator_aid_source2d__rosidl_typesupport_fastrtps_cpp.hpp\n'}
[0.881381] (px4_msgs) StdoutLine: {'line': b'-- Up-to-date: /home/nicolas/ws_ros2/install/px4_msgs/include/px4_msgs/px4_msgs/msg/detail/debug_vect__rosidl_typesupport_fastrtps_cpp.hpp\n'}
[0.881427] (px4_msgs) StdoutLine: {'line': b'-- Up-to-date: /home/nicolas/ws_ros2/install/px4_msgs/include/px4_msgs/px4_msgs/msg/detail/open_drone_id_arm_status__rosidl_typesupport_fastrtps_cpp.hpp\n'}
[0.881457] (px4_msgs) StdoutLine: {'line': b'-- Up-to-date: /home/nicolas/ws_ros2/install/px4_msgs/include/px4_msgs/px4_msgs/msg/detail/pwm_input__rosidl_typesupport_fastrtps_cpp.hpp\n'}
[0.881487] (px4_msgs) StdoutLine: {'line': b'-- Up-to-date: /home/nicolas/ws_ros2/install/px4_msgs/include/px4_msgs/px4_msgs/msg/detail/arming_check_reply__rosidl_typesupport_fastrtps_cpp.hpp\n'}
[0.881516] (px4_msgs) StdoutLine: {'line': b'-- Up-to-date: /home/nicolas/ws_ros2/install/px4_msgs/include/px4_msgs/px4_msgs/msg/detail/fixed_wing_lateral_setpoint__rosidl_typesupport_fastrtps_cpp.hpp\n'}
[0.881549] (px4_msgs) StdoutLine: {'line': b'-- Up-to-date: /home/nicolas/ws_ros2/install/px4_msgs/include/px4_msgs/px4_msgs/msg/detail/position_controller_status__rosidl_typesupport_fastrtps_cpp.hpp\n'}
[0.881582] (px4_msgs) StdoutLine: {'line': b'-- Up-to-date: /home/nicolas/ws_ros2/install/px4_msgs/include/px4_msgs/px4_msgs/msg/detail/estimator_status__rosidl_typesupport_fastrtps_cpp.hpp\n'}
[0.881611] (px4_msgs) StdoutLine: {'line': b'-- Up-to-date: /home/nicolas/ws_ros2/install/px4_msgs/include/px4_msgs/px4_msgs/msg/detail/mavlink_tunnel__rosidl_typesupport_fastrtps_cpp.hpp\n'}
[0.881640] (px4_msgs) StdoutLine: {'line': b'-- Up-to-date: /home/nicolas/ws_ros2/install/px4_msgs/include/px4_msgs/px4_msgs/msg/detail/rover_speed_status__rosidl_typesupport_fastrtps_cpp.hpp\n'}
[0.881671] (px4_msgs) StdoutLine: {'line': b'-- Up-to-date: /home/nicolas/ws_ros2/install/px4_msgs/include/px4_msgs/px4_msgs/msg/detail/yaw_estimator_status__rosidl_typesupport_fastrtps_cpp.hpp\n'}
[0.881703] (px4_msgs) StdoutLine: {'line': b'-- Up-to-date: /home/nicolas/ws_ros2/install/px4_msgs/include/px4_msgs/px4_msgs/msg/detail/rc_channels__rosidl_typesupport_fastrtps_cpp.hpp\n'}
[0.881734] (px4_msgs) StdoutLine: {'line': b'-- Up-to-date: /home/nicolas/ws_ros2/install/px4_msgs/include/px4_msgs/px4_msgs/msg/detail/neural_control__rosidl_typesupport_fastrtps_cpp.hpp\n'}
[0.881764] (px4_msgs) StdoutLine: {'line': b'-- Up-to-date: /home/nicolas/ws_ros2/install/px4_msgs/include/px4_msgs/px4_msgs/msg/detail/ping__rosidl_typesupport_fastrtps_cpp.hpp\n'}
[0.881796] (px4_msgs) StdoutLine: {'line': b'-- Up-to-date: /home/nicolas/ws_ros2/install/px4_msgs/include/px4_msgs/px4_msgs/msg/detail/message_format_response__rosidl_typesupport_fastrtps_cpp.hpp\n'}
[0.881828] (px4_msgs) StdoutLine: {'line': b'-- Up-to-date: /home/nicolas/ws_ros2/install/px4_msgs/include/px4_msgs/px4_msgs/msg/detail/actuator_servos__rosidl_typesupport_fastrtps_cpp.hpp\n'}
[0.881860] (px4_msgs) StdoutLine: {'line': b'-- Up-to-date: /home/nicolas/ws_ros2/install/px4_msgs/include/px4_msgs/px4_msgs/msg/detail/vehicle_global_position__rosidl_typesupport_fastrtps_cpp.hpp\n'}
[0.881892] (px4_msgs) StdoutLine: {'line': b'-- Up-to-date: /home/nicolas/ws_ros2/install/px4_msgs/include/px4_msgs/px4_msgs/msg/detail/message_format_request__rosidl_typesupport_fastrtps_cpp.hpp\n'}
[0.881945] (px4_msgs) StdoutLine: {'line': b'-- Up-to-date: /home/nicolas/ws_ros2/install/px4_msgs/include/px4_msgs/px4_msgs/msg/detail/landing_target_pose__rosidl_typesupport_fastrtps_cpp.hpp\n'}
[0.881977] (px4_msgs) StdoutLine: {'line': b'-- Up-to-date: /home/nicolas/ws_ros2/install/px4_msgs/include/px4_msgs/px4_msgs/msg/detail/sensor_optical_flow__rosidl_typesupport_fastrtps_cpp.hpp\n'}
[0.882022] (px4_msgs) StdoutLine: {'line': b'-- Up-to-date: /home/nicolas/ws_ros2/install/px4_msgs/include/px4_msgs/px4_msgs/msg/detail/vehicle_angular_velocity__rosidl_typesupport_fastrtps_cpp.hpp\n'}
[0.882051] (px4_msgs) StdoutLine: {'line': b'-- Up-to-date: /home/nicolas/ws_ros2/install/px4_msgs/include/px4_msgs/px4_msgs/msg/detail/actuator_motors__rosidl_typesupport_fastrtps_cpp.hpp\n'}
[0.882082] (px4_msgs) StdoutLine: {'line': b'-- Up-to-date: /home/nicolas/ws_ros2/install/px4_msgs/include/px4_msgs/px4_msgs/msg/detail/arming_check_request__rosidl_typesupport_fastrtps_cpp.hpp\n'}
[0.882114] (px4_msgs) StdoutLine: {'line': b'-- Up-to-date: /home/nicolas/ws_ros2/install/px4_msgs/include/px4_msgs/px4_msgs/msg/detail/gpio_config__rosidl_typesupport_fastrtps_cpp.hpp\n'}
[0.882145] (px4_msgs) StdoutLine: {'line': b'-- Up-to-date: /home/nicolas/ws_ros2/install/px4_msgs/include/px4_msgs/px4_msgs/msg/detail/sensor_mag__rosidl_typesupport_fastrtps_cpp.hpp\n'}
[0.882177] (px4_msgs) StdoutLine: {'line': b'-- Up-to-date: /home/nicolas/ws_ros2/install/px4_msgs/include/px4_msgs/px4_msgs/msg/detail/action_request__rosidl_typesupport_fastrtps_cpp.hpp\n'}
[0.882208] (px4_msgs) StdoutLine: {'line': b'-- Up-to-date: /home/nicolas/ws_ros2/install/px4_msgs/include/px4_msgs/px4_msgs/msg/detail/actuator_outputs__rosidl_typesupport_fastrtps_cpp.hpp\n'}
[0.882256] (px4_msgs) StdoutLine: {'line': b'-- Up-to-date: /home/nicolas/ws_ros2/install/px4_msgs/include/px4_msgs/px4_msgs/msg/detail/mode_completed__rosidl_typesupport_fastrtps_cpp.hpp\n'}
[0.882285] (px4_msgs) StdoutLine: {'line': b'-- Up-to-date: /home/nicolas/ws_ros2/install/px4_msgs/include/px4_msgs/px4_msgs/msg/detail/internal_combustion_engine_control__rosidl_typesupport_fastrtps_cpp.hpp\n'}
[0.882315] (px4_msgs) StdoutLine: {'line': b'-- Up-to-date: /home/nicolas/ws_ros2/install/px4_msgs/include/px4_msgs/px4_msgs/msg/detail/parameter_update__rosidl_typesupport_fastrtps_cpp.hpp\n'}
[0.882343] (px4_msgs) StdoutLine: {'line': b'-- Up-to-date: /home/nicolas/ws_ros2/install/px4_msgs/include/px4_msgs/px4_msgs/msg/detail/tecs_status__rosidl_typesupport_fastrtps_cpp.hpp\n'}
[0.882372] (px4_msgs) StdoutLine: {'line': b'-- Up-to-date: /home/nicolas/ws_ros2/install/px4_msgs/include/px4_msgs/px4_msgs/msg/detail/esc_report__rosidl_typesupport_fastrtps_cpp.hpp\n'}
[0.882401] (px4_msgs) StdoutLine: {'line': b'-- Up-to-date: /home/nicolas/ws_ros2/install/px4_msgs/include/px4_msgs/px4_msgs/msg/detail/collision_constraints__rosidl_typesupport_fastrtps_cpp.hpp\n'}
[0.882429] (px4_msgs) StdoutLine: {'line': b'-- Up-to-date: /home/nicolas/ws_ros2/install/px4_msgs/include/px4_msgs/px4_msgs/msg/detail/mission__rosidl_typesupport_fastrtps_cpp.hpp\n'}
[0.882475] (px4_msgs) StdoutLine: {'line': b'-- Up-to-date: /home/nicolas/ws_ros2/install/px4_msgs/include/px4_msgs/px4_msgs/msg/detail/gimbal_manager_information__rosidl_typesupport_fastrtps_cpp.hpp\n'}
[0.882505] (px4_msgs) StdoutLine: {'line': b'-- Up-to-date: /home/nicolas/ws_ros2/install/px4_msgs/include/px4_msgs/px4_msgs/msg/detail/navigator_mission_item__rosidl_typesupport_fastrtps_cpp.hpp\n'}
[0.882533] (px4_msgs) StdoutLine: {'line': b'-- Up-to-date: /home/nicolas/ws_ros2/install/px4_msgs/include/px4_msgs/px4_msgs/msg/detail/open_drone_id_system__rosidl_typesupport_fastrtps_cpp.hpp\n'}
[0.882562] (px4_msgs) StdoutLine: {'line': b'-- Up-to-date: /home/nicolas/ws_ros2/install/px4_msgs/include/px4_msgs/px4_msgs/msg/rosidl_typesupport_fastrtps_cpp__visibility_control.h\n'}
[0.882591] (px4_msgs) StdoutLine: {'line': b'-- Up-to-date: /home/nicolas/ws_ros2/install/px4_msgs/lib/libpx4_msgs__rosidl_typesupport_fastrtps_cpp.so\n'}
[0.882620] (px4_msgs) StdoutLine: {'line': b'-- Up-to-date: /home/nicolas/ws_ros2/install/px4_msgs/include/px4_msgs/px4_msgs\n'}
[0.882648] (px4_msgs) StdoutLine: {'line': b'-- Up-to-date: /home/nicolas/ws_ros2/install/px4_msgs/include/px4_msgs/px4_msgs/srv\n'}
[0.882677] (px4_msgs) StdoutLine: {'line': b'-- Up-to-date: /home/nicolas/ws_ros2/install/px4_msgs/include/px4_msgs/px4_msgs/srv/detail\n'}
[0.882706] (px4_msgs) StdoutLine: {'line': b'-- Up-to-date: /home/nicolas/ws_ros2/install/px4_msgs/include/px4_msgs/px4_msgs/srv/detail/vehicle_command__rosidl_typesupport_introspection_c.h\n'}
[0.882735] (px4_msgs) StdoutLine: {'line': b'-- Up-to-date: /home/nicolas/ws_ros2/install/px4_msgs/include/px4_msgs/px4_msgs/srv/detail/vehicle_command__type_support.c\n'}
[0.882765] (px4_msgs) StdoutLine: {'line': b'-- Up-to-date: /home/nicolas/ws_ros2/install/px4_msgs/include/px4_msgs/px4_msgs/msg\n'}
[0.882794] (px4_msgs) StdoutLine: {'line': b'-- Up-to-date: /home/nicolas/ws_ros2/install/px4_msgs/include/px4_msgs/px4_msgs/msg/detail\n'}
[0.882847] (px4_msgs) StdoutLine: {'line': b'-- Up-to-date: /home/nicolas/ws_ros2/install/px4_msgs/include/px4_msgs/px4_msgs/msg/detail/vehicle_thrust_setpoint__type_support.c\n'}
[0.882877] (px4_msgs) StdoutLine: {'line': b'-- Up-to-date: /home/nicolas/ws_ros2/install/px4_msgs/include/px4_msgs/px4_msgs/msg/detail/sensor_baro__type_support.c\n'}
[0.882906] (px4_msgs) StdoutLine: {'line': b'-- Up-to-date: /home/nicolas/ws_ros2/install/px4_msgs/include/px4_msgs/px4_msgs/msg/detail/arming_check_reply__rosidl_typesupport_introspection_c.h\n'}
[0.882955] (px4_msgs) StdoutLine: {'line': b'-- Up-to-date: /home/nicolas/ws_ros2/install/px4_msgs/include/px4_msgs/px4_msgs/msg/detail/sensor_gyro_fft__rosidl_typesupport_introspection_c.h\n'}
[0.882989] (px4_msgs) StdoutLine: {'line': b'-- Up-to-date: /home/nicolas/ws_ros2/install/px4_msgs/include/px4_msgs/px4_msgs/msg/detail/gpio_request__type_support.c\n'}
[0.883020] (px4_msgs) StdoutLine: {'line': b'-- Up-to-date: /home/nicolas/ws_ros2/install/px4_msgs/include/px4_msgs/px4_msgs/msg/detail/landing_gear__type_support.c\n'}
[0.883052] (px4_msgs) StdoutLine: {'line': b'-- Up-to-date: /home/nicolas/ws_ros2/install/px4_msgs/include/px4_msgs/px4_msgs/msg/detail/satellite_info__type_support.c\n'}
[0.883084] (px4_msgs) StdoutLine: {'line': b'-- Up-to-date: /home/nicolas/ws_ros2/install/px4_msgs/include/px4_msgs/px4_msgs/msg/detail/distance_sensor__rosidl_typesupport_introspection_c.h\n'}
[0.883116] (px4_msgs) StdoutLine: {'line': b'-- Up-to-date: /home/nicolas/ws_ros2/install/px4_msgs/include/px4_msgs/px4_msgs/msg/detail/manual_control_setpoint__rosidl_typesupport_introspection_c.h\n'}
[0.883148] (px4_msgs) StdoutLine: {'line': b'-- Up-to-date: /home/nicolas/ws_ros2/install/px4_msgs/include/px4_msgs/px4_msgs/msg/detail/gpio_config__type_support.c\n'}
[0.883180] (px4_msgs) StdoutLine: {'line': b'-- Up-to-date: /home/nicolas/ws_ros2/install/px4_msgs/include/px4_msgs/px4_msgs/msg/detail/ekf2_timestamps__type_support.c\n'}
[0.883212] (px4_msgs) StdoutLine: {'line': b'-- Up-to-date: /home/nicolas/ws_ros2/install/px4_msgs/include/px4_msgs/px4_msgs/msg/detail/ulog_stream__type_support.c\n'}
[0.883243] (px4_msgs) StdoutLine: {'line': b'-- Up-to-date: /home/nicolas/ws_ros2/install/px4_msgs/include/px4_msgs/px4_msgs/msg/detail/debug_vect__type_support.c\n'}
[0.883275] (px4_msgs) StdoutLine: {'line': b'-- Up-to-date: /home/nicolas/ws_ros2/install/px4_msgs/include/px4_msgs/px4_msgs/msg/detail/vehicle_angular_acceleration_setpoint__type_support.c\n'}
[0.883306] (px4_msgs) StdoutLine: {'line': b'-- Up-to-date: /home/nicolas/ws_ros2/install/px4_msgs/include/px4_msgs/px4_msgs/msg/detail/fuel_tank_status__type_support.c\n'}
[0.883338] (px4_msgs) StdoutLine: {'line': b'-- Up-to-date: /home/nicolas/ws_ros2/install/px4_msgs/include/px4_msgs/px4_msgs/msg/detail/rover_throttle_setpoint__rosidl_typesupport_introspection_c.h\n'}
[0.883370] (px4_msgs) StdoutLine: {'line': b'-- Up-to-date: /home/nicolas/ws_ros2/install/px4_msgs/include/px4_msgs/px4_msgs/msg/detail/follow_target_status__rosidl_typesupport_introspection_c.h\n'}
[0.883402] (px4_msgs) StdoutLine: {'line': b'-- Up-to-date: /home/nicolas/ws_ros2/install/px4_msgs/include/px4_msgs/px4_msgs/msg/detail/vehicle_control_mode__type_support.c\n'}
[0.883437] (px4_msgs) StdoutLine: {'line': b'-- Up-to-date: /home/nicolas/ws_ros2/install/px4_msgs/include/px4_msgs/px4_msgs/msg/detail/actuator_servos__rosidl_typesupport_introspection_c.h\n'}
[0.883470] (px4_msgs) StdoutLine: {'line': b'-- Up-to-date: /home/nicolas/ws_ros2/install/px4_msgs/include/px4_msgs/px4_msgs/msg/detail/arming_check_reply__type_support.c\n'}
[0.883503] (px4_msgs) StdoutLine: {'line': b'-- Up-to-date: /home/nicolas/ws_ros2/install/px4_msgs/include/px4_msgs/px4_msgs/msg/detail/vehicle_angular_acceleration_setpoint__rosidl_typesupport_introspection_c.h\n'}
[0.883534] (px4_msgs) StdoutLine: {'line': b'-- Up-to-date: /home/nicolas/ws_ros2/install/px4_msgs/include/px4_msgs/px4_msgs/msg/detail/register_ext_component_reply__rosidl_typesupport_introspection_c.h\n'}
[0.883566] (px4_msgs) StdoutLine: {'line': b'-- Up-to-date: /home/nicolas/ws_ros2/install/px4_msgs/include/px4_msgs/px4_msgs/msg/detail/can_interface_status__type_support.c\n'}
[0.883597] (px4_msgs) StdoutLine: {'line': b'-- Up-to-date: /home/nicolas/ws_ros2/install/px4_msgs/include/px4_msgs/px4_msgs/msg/detail/rover_throttle_setpoint__type_support.c\n'}
[0.883628] (px4_msgs) StdoutLine: {'line': b'-- Up-to-date: /home/nicolas/ws_ros2/install/px4_msgs/include/px4_msgs/px4_msgs/msg/detail/airspeed__rosidl_typesupport_introspection_c.h\n'}
[0.883660] (px4_msgs) StdoutLine: {'line': b'-- Up-to-date: /home/nicolas/ws_ros2/install/px4_msgs/include/px4_msgs/px4_msgs/msg/detail/gpio_request__rosidl_typesupport_introspection_c.h\n'}
[0.883718] (px4_msgs) StdoutLine: {'line': b'-- Up-to-date: /home/nicolas/ws_ros2/install/px4_msgs/include/px4_msgs/px4_msgs/msg/detail/gimbal_manager_status__type_support.c\n'}
[0.883748] (px4_msgs) StdoutLine: {'line': b'-- Up-to-date: /home/nicolas/ws_ros2/install/px4_msgs/include/px4_msgs/px4_msgs/msg/detail/sensor_accel_fifo__type_support.c\n'}
[0.883777] (px4_msgs) StdoutLine: {'line': b'-- Up-to-date: /home/nicolas/ws_ros2/install/px4_msgs/include/px4_msgs/px4_msgs/msg/detail/rc_channels__type_support.c\n'}
[0.883806] (px4_msgs) StdoutLine: {'line': b'-- Up-to-date: /home/nicolas/ws_ros2/install/px4_msgs/include/px4_msgs/px4_msgs/msg/detail/gimbal_device_information__type_support.c\n'}
[0.883835] (px4_msgs) StdoutLine: {'line': b'-- Up-to-date: /home/nicolas/ws_ros2/install/px4_msgs/include/px4_msgs/px4_msgs/msg/detail/mode_completed__rosidl_typesupport_introspection_c.h\n'}
[0.883866] (px4_msgs) StdoutLine: {'line': b'-- Up-to-date: /home/nicolas/ws_ros2/install/px4_msgs/include/px4_msgs/px4_msgs/msg/detail/rover_position_setpoint__type_support.c\n'}
[0.883924] (px4_msgs) StdoutLine: {'line': b'-- Up-to-date: /home/nicolas/ws_ros2/install/px4_msgs/include/px4_msgs/px4_msgs/msg/detail/message_format_response__rosidl_typesupport_introspection_c.h\n'}
[0.883961] (px4_msgs) StdoutLine: {'line': b'-- Up-to-date: /home/nicolas/ws_ros2/install/px4_msgs/include/px4_msgs/px4_msgs/msg/detail/estimator_innovations__rosidl_typesupport_introspection_c.h\n'}
[0.883991] (px4_msgs) StdoutLine: {'line': b'-- Up-to-date: /home/nicolas/ws_ros2/install/px4_msgs/include/px4_msgs/px4_msgs/msg/detail/power_button_state__type_support.c\n'}
[0.884020] (px4_msgs) StdoutLine: {'line': b'-- Up-to-date: /home/nicolas/ws_ros2/install/px4_msgs/include/px4_msgs/px4_msgs/msg/detail/register_ext_component_request__type_support.c\n'}
[0.884051] (px4_msgs) StdoutLine: {'line': b'-- Up-to-date: /home/nicolas/ws_ros2/install/px4_msgs/include/px4_msgs/px4_msgs/msg/detail/vehicle_attitude_setpoint__rosidl_typesupport_introspection_c.h\n'}
[0.884106] (px4_msgs) StdoutLine: {'line': b'-- Up-to-date: /home/nicolas/ws_ros2/install/px4_msgs/include/px4_msgs/px4_msgs/msg/detail/tecs_status__rosidl_typesupport_introspection_c.h\n'}
[0.884135] (px4_msgs) StdoutLine: {'line': b'-- Up-to-date: /home/nicolas/ws_ros2/install/px4_msgs/include/px4_msgs/px4_msgs/msg/detail/hover_thrust_estimate__rosidl_typesupport_introspection_c.h\n'}
[0.884171] (px4_msgs) StdoutLine: {'line': b'-- Up-to-date: /home/nicolas/ws_ros2/install/px4_msgs/include/px4_msgs/px4_msgs/msg/detail/control_allocator_status__type_support.c\n'}
[0.884201] (px4_msgs) StdoutLine: {'line': b'-- Up-to-date: /home/nicolas/ws_ros2/install/px4_msgs/include/px4_msgs/px4_msgs/msg/detail/debug_key_value__type_support.c\n'}
[0.884230] (px4_msgs) StdoutLine: {'line': b'-- Up-to-date: /home/nicolas/ws_ros2/install/px4_msgs/include/px4_msgs/px4_msgs/msg/detail/gps_dump__rosidl_typesupport_introspection_c.h\n'}
[0.884260] (px4_msgs) StdoutLine: {'line': b'-- Up-to-date: /home/nicolas/ws_ros2/install/px4_msgs/include/px4_msgs/px4_msgs/msg/detail/vehicle_magnetometer__type_support.c\n'}
[0.884292] (px4_msgs) StdoutLine: {'line': b'-- Up-to-date: /home/nicolas/ws_ros2/install/px4_msgs/include/px4_msgs/px4_msgs/msg/detail/estimator_gps_status__type_support.c\n'}
[0.884323] (px4_msgs) StdoutLine: {'line': b'-- Up-to-date: /home/nicolas/ws_ros2/install/px4_msgs/include/px4_msgs/px4_msgs/msg/detail/dronecan_node_status__rosidl_typesupport_introspection_c.h\n'}
[0.884355] (px4_msgs) StdoutLine: {'line': b'-- Up-to-date: /home/nicolas/ws_ros2/install/px4_msgs/include/px4_msgs/px4_msgs/msg/detail/heater_status__type_support.c\n'}
[0.884406] (px4_msgs) StdoutLine: {'line': b'-- Up-to-date: /home/nicolas/ws_ros2/install/px4_msgs/include/px4_msgs/px4_msgs/msg/detail/pwm_input__type_support.c\n'}
[0.884435] (px4_msgs) StdoutLine: {'line': b'-- Up-to-date: /home/nicolas/ws_ros2/install/px4_msgs/include/px4_msgs/px4_msgs/msg/detail/estimator_aid_source2d__type_support.c\n'}
[0.884467] (px4_msgs) StdoutLine: {'line': b'-- Up-to-date: /home/nicolas/ws_ros2/install/px4_msgs/include/px4_msgs/px4_msgs/msg/detail/gpio_in__type_support.c\n'}
[0.884499] (px4_msgs) StdoutLine: {'line': b'-- Up-to-date: /home/nicolas/ws_ros2/install/px4_msgs/include/px4_msgs/px4_msgs/msg/detail/position_setpoint_triplet__rosidl_typesupport_introspection_c.h\n'}
[0.884530] (px4_msgs) StdoutLine: {'line': b'-- Up-to-date: /home/nicolas/ws_ros2/install/px4_msgs/include/px4_msgs/px4_msgs/msg/detail/vehicle_global_position__type_support.c\n'}
[0.884562] (px4_msgs) StdoutLine: {'line': b'-- Up-to-date: /home/nicolas/ws_ros2/install/px4_msgs/include/px4_msgs/px4_msgs/msg/detail/mission_result__rosidl_typesupport_introspection_c.h\n'}
[0.884594] (px4_msgs) StdoutLine: {'line': b'-- Up-to-date: /home/nicolas/ws_ros2/install/px4_msgs/include/px4_msgs/px4_msgs/msg/detail/vehicle_imu_status__rosidl_typesupport_introspection_c.h\n'}
[0.884626] (px4_msgs) StdoutLine: {'line': b'-- Up-to-date: /home/nicolas/ws_ros2/install/px4_msgs/include/px4_msgs/px4_msgs/msg/detail/distance_sensor_mode_change_request__type_support.c\n'}
[0.884658] (px4_msgs) StdoutLine: {'line': b'-- Up-to-date: /home/nicolas/ws_ros2/install/px4_msgs/include/px4_msgs/px4_msgs/msg/detail/launch_detection_status__rosidl_typesupport_introspection_c.h\n'}
[0.884689] (px4_msgs) StdoutLine: {'line': b'-- Up-to-date: /home/nicolas/ws_ros2/install/px4_msgs/include/px4_msgs/px4_msgs/msg/detail/geofence_result__type_support.c\n'}
[0.884721] (px4_msgs) StdoutLine: {'line': b'-- Up-to-date: /home/nicolas/ws_ros2/install/px4_msgs/include/px4_msgs/px4_msgs/msg/detail/estimator_states__rosidl_typesupport_introspection_c.h\n'}
[0.884753] (px4_msgs) StdoutLine: {'line': b'-- Up-to-date: /home/nicolas/ws_ros2/install/px4_msgs/include/px4_msgs/px4_msgs/msg/detail/geofence_status__rosidl_typesupport_introspection_c.h\n'}
[0.884784] (px4_msgs) StdoutLine: {'line': b'-- Up-to-date: /home/nicolas/ws_ros2/install/px4_msgs/include/px4_msgs/px4_msgs/msg/detail/fixed_wing_lateral_setpoint__rosidl_typesupport_introspection_c.h\n'}
[0.884816] (px4_msgs) StdoutLine: {'line': b'-- Up-to-date: /home/nicolas/ws_ros2/install/px4_msgs/include/px4_msgs/px4_msgs/msg/detail/mission_result__type_support.c\n'}
[0.884848] (px4_msgs) StdoutLine: {'line': b'-- Up-to-date: /home/nicolas/ws_ros2/install/px4_msgs/include/px4_msgs/px4_msgs/msg/detail/estimator_states__type_support.c\n'}
[0.884879] (px4_msgs) StdoutLine: {'line': b'-- Up-to-date: /home/nicolas/ws_ros2/install/px4_msgs/include/px4_msgs/px4_msgs/msg/detail/vehicle_local_position_setpoint__rosidl_typesupport_introspection_c.h\n'}
[0.884911] (px4_msgs) StdoutLine: {'line': b'-- Up-to-date: /home/nicolas/ws_ros2/install/px4_msgs/include/px4_msgs/px4_msgs/msg/detail/airspeed_validated__rosidl_typesupport_introspection_c.h\n'}
[0.884974] (px4_msgs) StdoutLine: {'line': b'-- Up-to-date: /home/nicolas/ws_ros2/install/px4_msgs/include/px4_msgs/px4_msgs/msg/detail/rover_steering_setpoint__type_support.c\n'}
[0.885006] (px4_msgs) StdoutLine: {'line': b'-- Up-to-date: /home/nicolas/ws_ros2/install/px4_msgs/include/px4_msgs/px4_msgs/msg/detail/fixed_wing_longitudinal_setpoint__rosidl_typesupport_introspection_c.h\n'}
[0.885036] (px4_msgs) StdoutLine: {'line': b'-- Up-to-date: /home/nicolas/ws_ros2/install/px4_msgs/include/px4_msgs/px4_msgs/msg/detail/onboard_computer_status__rosidl_typesupport_introspection_c.h\n'}
[0.885069] (px4_msgs) StdoutLine: {'line': b'-- Up-to-date: /home/nicolas/ws_ros2/install/px4_msgs/include/px4_msgs/px4_msgs/msg/detail/battery_info__type_support.c\n'}
[0.885101] (px4_msgs) StdoutLine: {'line': b'-- Up-to-date: /home/nicolas/ws_ros2/install/px4_msgs/include/px4_msgs/px4_msgs/msg/detail/estimator_bias3d__rosidl_typesupport_introspection_c.h\n'}
[0.885134] (px4_msgs) StdoutLine: {'line': b'-- Up-to-date: /home/nicolas/ws_ros2/install/px4_msgs/include/px4_msgs/px4_msgs/msg/detail/tune_control__rosidl_typesupport_introspection_c.h\n'}
[0.885165] (px4_msgs) StdoutLine: {'line': b'-- Up-to-date: /home/nicolas/ws_ros2/install/px4_msgs/include/px4_msgs/px4_msgs/msg/detail/estimator_event_flags__type_support.c\n'}
[0.885200] (px4_msgs) StdoutLine: {'line': b'-- Up-to-date: /home/nicolas/ws_ros2/install/px4_msgs/include/px4_msgs/px4_msgs/msg/detail/vtol_vehicle_status__rosidl_typesupport_introspection_c.h\n'}
[0.885232] (px4_msgs) StdoutLine: {'line': b'-- Up-to-date: /home/nicolas/ws_ros2/install/px4_msgs/include/px4_msgs/px4_msgs/msg/detail/fixed_wing_runway_control__rosidl_typesupport_introspection_c.h\n'}
[0.885264] (px4_msgs) StdoutLine: {'line': b'-- Up-to-date: /home/nicolas/ws_ros2/install/px4_msgs/include/px4_msgs/px4_msgs/msg/detail/mavlink_log__rosidl_typesupport_introspection_c.h\n'}
[0.885298] (px4_msgs) StdoutLine: {'line': b'-- Up-to-date: /home/nicolas/ws_ros2/install/px4_msgs/include/px4_msgs/px4_msgs/msg/detail/airspeed__type_support.c\n'}
[0.885330] (px4_msgs) StdoutLine: {'line': b'-- Up-to-date: /home/nicolas/ws_ros2/install/px4_msgs/include/px4_msgs/px4_msgs/msg/detail/landing_gear_wheel__type_support.c\n'}
[0.885362] (px4_msgs) StdoutLine: {'line': b'-- Up-to-date: /home/nicolas/ws_ros2/install/px4_msgs/include/px4_msgs/px4_msgs/msg/detail/vehicle_local_position__type_support.c\n'}
[0.885394] (px4_msgs) StdoutLine: {'line': b'-- Up-to-date: /home/nicolas/ws_ros2/install/px4_msgs/include/px4_msgs/px4_msgs/msg/detail/debug_array__type_support.c\n'}
[0.885426] (px4_msgs) StdoutLine: {'line': b'-- Up-to-date: /home/nicolas/ws_ros2/install/px4_msgs/include/px4_msgs/px4_msgs/msg/detail/rover_rate_status__rosidl_typesupport_introspection_c.h\n'}
[0.885457] (px4_msgs) StdoutLine: {'line': b'-- Up-to-date: /home/nicolas/ws_ros2/install/px4_msgs/include/px4_msgs/px4_msgs/msg/detail/estimator_event_flags__rosidl_typesupport_introspection_c.h\n'}
[0.885489] (px4_msgs) StdoutLine: {'line': b'-- Up-to-date: /home/nicolas/ws_ros2/install/px4_msgs/include/px4_msgs/px4_msgs/msg/detail/dataman_request__rosidl_typesupport_introspection_c.h\n'}
[0.885520] (px4_msgs) StdoutLine: {'line': b'-- Up-to-date: /home/nicolas/ws_ros2/install/px4_msgs/include/px4_msgs/px4_msgs/msg/detail/follow_target_estimator__rosidl_typesupport_introspection_c.h\n'}
[0.885552] (px4_msgs) StdoutLine: {'line': b'-- Up-to-date: /home/nicolas/ws_ros2/install/px4_msgs/include/px4_msgs/px4_msgs/msg/detail/open_drone_id_operator_id__type_support.c\n'}
[0.885584] (px4_msgs) StdoutLine: {'line': b'-- Up-to-date: /home/nicolas/ws_ros2/install/px4_msgs/include/px4_msgs/px4_msgs/msg/detail/orb_test_large__type_support.c\n'}
[0.885615] (px4_msgs) StdoutLine: {'line': b'-- Up-to-date: /home/nicolas/ws_ros2/install/px4_msgs/include/px4_msgs/px4_msgs/msg/detail/estimator_gps_status__rosidl_typesupport_introspection_c.h\n'}
[0.885648] (px4_msgs) StdoutLine: {'line': b'-- Up-to-date: /home/nicolas/ws_ros2/install/px4_msgs/include/px4_msgs/px4_msgs/msg/detail/collision_constraints__type_support.c\n'}
[0.885680] (px4_msgs) StdoutLine: {'line': b'-- Up-to-date: /home/nicolas/ws_ros2/install/px4_msgs/include/px4_msgs/px4_msgs/msg/detail/orb_test_medium__type_support.c\n'}
[0.885711] (px4_msgs) StdoutLine: {'line': b'-- Up-to-date: /home/nicolas/ws_ros2/install/px4_msgs/include/px4_msgs/px4_msgs/msg/detail/rtl_status__type_support.c\n'}
[0.885743] (px4_msgs) StdoutLine: {'line': b'-- Up-to-date: /home/nicolas/ws_ros2/install/px4_msgs/include/px4_msgs/px4_msgs/msg/detail/mode_completed__type_support.c\n'}
[0.885775] (px4_msgs) StdoutLine: {'line': b'-- Up-to-date: /home/nicolas/ws_ros2/install/px4_msgs/include/px4_msgs/px4_msgs/msg/detail/actuator_outputs__rosidl_typesupport_introspection_c.h\n'}
[0.885807] (px4_msgs) StdoutLine: {'line': b'-- Up-to-date: /home/nicolas/ws_ros2/install/px4_msgs/include/px4_msgs/px4_msgs/msg/detail/sensor_preflight_mag__rosidl_typesupport_introspection_c.h\n'}
[0.885839] (px4_msgs) StdoutLine: {'line': b'-- Up-to-date: /home/nicolas/ws_ros2/install/px4_msgs/include/px4_msgs/px4_msgs/msg/detail/parameter_set_value_request__rosidl_typesupport_introspection_c.h\n'}
[0.885871] (px4_msgs) StdoutLine: {'line': b'-- Up-to-date: /home/nicolas/ws_ros2/install/px4_msgs/include/px4_msgs/px4_msgs/msg/detail/vehicle_attitude_setpoint__type_support.c\n'}
[0.885936] (px4_msgs) StdoutLine: {'line': b'-- Up-to-date: /home/nicolas/ws_ros2/install/px4_msgs/include/px4_msgs/px4_msgs/msg/detail/vehicle_optical_flow__rosidl_typesupport_introspection_c.h\n'}
[0.885972] (px4_msgs) StdoutLine: {'line': b'-- Up-to-date: /home/nicolas/ws_ros2/install/px4_msgs/include/px4_msgs/px4_msgs/msg/detail/orbit_status__type_support.c\n'}
[0.886002] (px4_msgs) StdoutLine: {'line': b'-- Up-to-date: /home/nicolas/ws_ros2/install/px4_msgs/include/px4_msgs/px4_msgs/msg/detail/vehicle_attitude__type_support.c\n'}
[0.886031] (px4_msgs) StdoutLine: {'line': b'-- Up-to-date: /home/nicolas/ws_ros2/install/px4_msgs/include/px4_msgs/px4_msgs/msg/detail/rover_attitude_setpoint__rosidl_typesupport_introspection_c.h\n'}
[0.886062] (px4_msgs) StdoutLine: {'line': b'-- Up-to-date: /home/nicolas/ws_ros2/install/px4_msgs/include/px4_msgs/px4_msgs/msg/detail/gimbal_controls__type_support.c\n'}
[0.886095] (px4_msgs) StdoutLine: {'line': b'-- Up-to-date: /home/nicolas/ws_ros2/install/px4_msgs/include/px4_msgs/px4_msgs/msg/detail/rover_speed_status__rosidl_typesupport_introspection_c.h\n'}
[0.886127] (px4_msgs) StdoutLine: {'line': b'-- Up-to-date: /home/nicolas/ws_ros2/install/px4_msgs/include/px4_msgs/px4_msgs/msg/detail/debug_key_value__rosidl_typesupport_introspection_c.h\n'}
[0.886159] (px4_msgs) StdoutLine: {'line': b'-- Up-to-date: /home/nicolas/ws_ros2/install/px4_msgs/include/px4_msgs/px4_msgs/msg/detail/sensor_gnss_status__rosidl_typesupport_introspection_c.h\n'}
[0.886193] (px4_msgs) StdoutLine: {'line': b'-- Up-to-date: /home/nicolas/ws_ros2/install/px4_msgs/include/px4_msgs/px4_msgs/msg/detail/estimator_selector_status__rosidl_typesupport_introspection_c.h\n'}
[0.886244] (px4_msgs) StdoutLine: {'line': b'-- Up-to-date: /home/nicolas/ws_ros2/install/px4_msgs/include/px4_msgs/px4_msgs/msg/detail/debug_vect__rosidl_typesupport_introspection_c.h\n'}
[0.886277] (px4_msgs) StdoutLine: {'line': b'-- Up-to-date: /home/nicolas/ws_ros2/install/px4_msgs/include/px4_msgs/px4_msgs/msg/detail/sensor_gnss_status__type_support.c\n'}
[0.886309] (px4_msgs) StdoutLine: {'line': b'-- Up-to-date: /home/nicolas/ws_ros2/install/px4_msgs/include/px4_msgs/px4_msgs/msg/detail/open_drone_id_self_id__type_support.c\n'}
[0.886341] (px4_msgs) StdoutLine: {'line': b'-- Up-to-date: /home/nicolas/ws_ros2/install/px4_msgs/include/px4_msgs/px4_msgs/msg/detail/launch_detection_status__type_support.c\n'}
[0.886373] (px4_msgs) StdoutLine: {'line': b'-- Up-to-date: /home/nicolas/ws_ros2/install/px4_msgs/include/px4_msgs/px4_msgs/msg/detail/position_controller_landing_status__rosidl_typesupport_introspection_c.h\n'}
[0.886405] (px4_msgs) StdoutLine: {'line': b'-- Up-to-date: /home/nicolas/ws_ros2/install/px4_msgs/include/px4_msgs/px4_msgs/msg/detail/vehicle_attitude__rosidl_typesupport_introspection_c.h\n'}
[0.886436] (px4_msgs) StdoutLine: {'line': b'-- Up-to-date: /home/nicolas/ws_ros2/install/px4_msgs/include/px4_msgs/px4_msgs/msg/detail/adc_report__type_support.c\n'}
[0.886469] (px4_msgs) StdoutLine: {'line': b'-- Up-to-date: /home/nicolas/ws_ros2/install/px4_msgs/include/px4_msgs/px4_msgs/msg/detail/sensor_optical_flow__rosidl_typesupport_introspection_c.h\n'}
[0.886500] (px4_msgs) StdoutLine: {'line': b'-- Up-to-date: /home/nicolas/ws_ros2/install/px4_msgs/include/px4_msgs/px4_msgs/msg/detail/telemetry_status__rosidl_typesupport_introspection_c.h\n'}
[0.886532] (px4_msgs) StdoutLine: {'line': b'-- Up-to-date: /home/nicolas/ws_ros2/install/px4_msgs/include/px4_msgs/px4_msgs/msg/detail/gpio_out__type_support.c\n'}
[0.886564] (px4_msgs) StdoutLine: {'line': b'-- Up-to-date: /home/nicolas/ws_ros2/install/px4_msgs/include/px4_msgs/px4_msgs/msg/detail/vehicle_rates_setpoint__rosidl_typesupport_introspection_c.h\n'}
[0.886596] (px4_msgs) StdoutLine: {'line': b'-- Up-to-date: /home/nicolas/ws_ros2/install/px4_msgs/include/px4_msgs/px4_msgs/msg/detail/actuator_motors__type_support.c\n'}
[0.886628] (px4_msgs) StdoutLine: {'line': b'-- Up-to-date: /home/nicolas/ws_ros2/install/px4_msgs/include/px4_msgs/px4_msgs/msg/detail/wind__rosidl_typesupport_introspection_c.h\n'}
[0.886662] (px4_msgs) StdoutLine: {'line': b'-- Up-to-date: /home/nicolas/ws_ros2/install/px4_msgs/include/px4_msgs/px4_msgs/msg/detail/position_controller_status__rosidl_typesupport_introspection_c.h\n'}
[0.886694] (px4_msgs) StdoutLine: {'line': b'-- Up-to-date: /home/nicolas/ws_ros2/install/px4_msgs/include/px4_msgs/px4_msgs/msg/detail/yaw_estimator_status__rosidl_typesupport_introspection_c.h\n'}
[0.886727] (px4_msgs) StdoutLine: {'line': b'-- Up-to-date: /home/nicolas/ws_ros2/install/px4_msgs/include/px4_msgs/px4_msgs/msg/detail/home_position__rosidl_typesupport_introspection_c.h\n'}
[0.886759] (px4_msgs) StdoutLine: {'line': b'-- Up-to-date: /home/nicolas/ws_ros2/install/px4_msgs/include/px4_msgs/px4_msgs/msg/detail/rover_position_setpoint__rosidl_typesupport_introspection_c.h\n'}
[0.886790] (px4_msgs) StdoutLine: {'line': b'-- Up-to-date: /home/nicolas/ws_ros2/install/px4_msgs/include/px4_msgs/px4_msgs/msg/detail/sensors_status_imu__rosidl_typesupport_introspection_c.h\n'}
[0.886827] (px4_msgs) StdoutLine: {'line': b'-- Up-to-date: /home/nicolas/ws_ros2/install/px4_msgs/include/px4_msgs/px4_msgs/msg/detail/collision_constraints__rosidl_typesupport_introspection_c.h\n'}
[0.886858] (px4_msgs) StdoutLine: {'line': b'-- Up-to-date: /home/nicolas/ws_ros2/install/px4_msgs/include/px4_msgs/px4_msgs/msg/detail/internal_combustion_engine_control__rosidl_typesupport_introspection_c.h\n'}
[0.886890] (px4_msgs) StdoutLine: {'line': b'-- Up-to-date: /home/nicolas/ws_ros2/install/px4_msgs/include/px4_msgs/px4_msgs/msg/detail/actuator_servos_trim__type_support.c\n'}
[0.886958] (px4_msgs) StdoutLine: {'line': b'-- Up-to-date: /home/nicolas/ws_ros2/install/px4_msgs/include/px4_msgs/px4_msgs/msg/detail/magnetometer_bias_estimate__rosidl_typesupport_introspection_c.h\n'}
[0.886989] (px4_msgs) StdoutLine: {'line': b'-- Up-to-date: /home/nicolas/ws_ros2/install/px4_msgs/include/px4_msgs/px4_msgs/msg/detail/vehicle_odometry__rosidl_typesupport_introspection_c.h\n'}
[0.887018] (px4_msgs) StdoutLine: {'line': b'-- Up-to-date: /home/nicolas/ws_ros2/install/px4_msgs/include/px4_msgs/px4_msgs/msg/detail/airspeed_validated__type_support.c\n'}
[0.887049] (px4_msgs) StdoutLine: {'line': b'-- Up-to-date: /home/nicolas/ws_ros2/install/px4_msgs/include/px4_msgs/px4_msgs/msg/detail/irlock_report__type_support.c\n'}
[0.887081] (px4_msgs) StdoutLine: {'line': b'-- Up-to-date: /home/nicolas/ws_ros2/install/px4_msgs/include/px4_msgs/px4_msgs/msg/detail/position_controller_status__type_support.c\n'}
[0.887113] (px4_msgs) StdoutLine: {'line': b'-- Up-to-date: /home/nicolas/ws_ros2/install/px4_msgs/include/px4_msgs/px4_msgs/msg/detail/parameter_set_value_request__type_support.c\n'}
[0.887145] (px4_msgs) StdoutLine: {'line': b'-- Up-to-date: /home/nicolas/ws_ros2/install/px4_msgs/include/px4_msgs/px4_msgs/msg/detail/sensor_gyro__type_support.c\n'}
[0.887179] (px4_msgs) StdoutLine: {'line': b'-- Up-to-date: /home/nicolas/ws_ros2/install/px4_msgs/include/px4_msgs/px4_msgs/msg/detail/gripper__type_support.c\n'}
[0.887212] (px4_msgs) StdoutLine: {'line': b'-- Up-to-date: /home/nicolas/ws_ros2/install/px4_msgs/include/px4_msgs/px4_msgs/msg/detail/goto_setpoint__type_support.c\n'}
[0.887245] (px4_msgs) StdoutLine: {'line': b'-- Up-to-date: /home/nicolas/ws_ros2/install/px4_msgs/include/px4_msgs/px4_msgs/msg/detail/input_rc__type_support.c\n'}
[0.887277] (px4_msgs) StdoutLine: {'line': b'-- Up-to-date: /home/nicolas/ws_ros2/install/px4_msgs/include/px4_msgs/px4_msgs/msg/detail/dronecan_node_status__type_support.c\n'}
[0.887310] (px4_msgs) StdoutLine: {'line': b'-- Up-to-date: /home/nicolas/ws_ros2/install/px4_msgs/include/px4_msgs/px4_msgs/msg/detail/goto_setpoint__rosidl_typesupport_introspection_c.h\n'}
[0.887342] (px4_msgs) StdoutLine: {'line': b'-- Up-to-date: /home/nicolas/ws_ros2/install/px4_msgs/include/px4_msgs/px4_msgs/msg/detail/position_setpoint__rosidl_typesupport_introspection_c.h\n'}
[0.887374] (px4_msgs) StdoutLine: {'line': b'-- Up-to-date: /home/nicolas/ws_ros2/install/px4_msgs/include/px4_msgs/px4_msgs/msg/detail/vehicle_rates_setpoint__type_support.c\n'}
[0.887409] (px4_msgs) StdoutLine: {'line': b'-- Up-to-date: /home/nicolas/ws_ros2/install/px4_msgs/include/px4_msgs/px4_msgs/msg/detail/gpio_config__rosidl_typesupport_introspection_c.h\n'}
[0.887442] (px4_msgs) StdoutLine: {'line': b'-- Up-to-date: /home/nicolas/ws_ros2/install/px4_msgs/include/px4_msgs/px4_msgs/msg/detail/manual_control_switches__type_support.c\n'}
[0.887474] (px4_msgs) StdoutLine: {'line': b'-- Up-to-date: /home/nicolas/ws_ros2/install/px4_msgs/include/px4_msgs/px4_msgs/msg/detail/wind__type_support.c\n'}
[0.887506] (px4_msgs) StdoutLine: {'line': b'-- Up-to-date: /home/nicolas/ws_ros2/install/px4_msgs/include/px4_msgs/px4_msgs/msg/detail/offboard_control_mode__rosidl_typesupport_introspection_c.h\n'}
[0.887538] (px4_msgs) StdoutLine: {'line': b'-- Up-to-date: /home/nicolas/ws_ros2/install/px4_msgs/include/px4_msgs/px4_msgs/msg/detail/sensor_correction__rosidl_typesupport_introspection_c.h\n'}
[0.887570] (px4_msgs) StdoutLine: {'line': b'-- Up-to-date: /home/nicolas/ws_ros2/install/px4_msgs/include/px4_msgs/px4_msgs/msg/detail/manual_control_switches__rosidl_typesupport_introspection_c.h\n'}
[0.887602] (px4_msgs) StdoutLine: {'line': b'-- Up-to-date: /home/nicolas/ws_ros2/install/px4_msgs/include/px4_msgs/px4_msgs/msg/detail/event__type_support.c\n'}
[0.887634] (px4_msgs) StdoutLine: {'line': b'-- Up-to-date: /home/nicolas/ws_ros2/install/px4_msgs/include/px4_msgs/px4_msgs/msg/detail/battery_status__rosidl_typesupport_introspection_c.h\n'}
[0.887666] (px4_msgs) StdoutLine: {'line': b'-- Up-to-date: /home/nicolas/ws_ros2/install/px4_msgs/include/px4_msgs/px4_msgs/msg/detail/vehicle_optical_flow_vel__type_support.c\n'}
[0.887700] (px4_msgs) StdoutLine: {'line': b'-- Up-to-date: /home/nicolas/ws_ros2/install/px4_msgs/include/px4_msgs/px4_msgs/msg/detail/rate_ctrl_status__type_support.c\n'}
[0.887732] (px4_msgs) StdoutLine: {'line': b'-- Up-to-date: /home/nicolas/ws_ros2/install/px4_msgs/include/px4_msgs/px4_msgs/msg/detail/rover_rate_setpoint__rosidl_typesupport_introspection_c.h\n'}
[0.887765] (px4_msgs) StdoutLine: {'line': b'-- Up-to-date: /home/nicolas/ws_ros2/install/px4_msgs/include/px4_msgs/px4_msgs/msg/detail/rover_attitude_status__rosidl_typesupport_introspection_c.h\n'}
[0.887797] (px4_msgs) StdoutLine: {'line': b'-- Up-to-date: /home/nicolas/ws_ros2/install/px4_msgs/include/px4_msgs/px4_msgs/msg/detail/neural_control__rosidl_typesupport_introspection_c.h\n'}
[0.887829] (px4_msgs) StdoutLine: {'line': b'-- Up-to-date: /home/nicolas/ws_ros2/install/px4_msgs/include/px4_msgs/px4_msgs/msg/detail/rover_speed_status__type_support.c\n'}
[0.887861] (px4_msgs) StdoutLine: {'line': b'-- Up-to-date: /home/nicolas/ws_ros2/install/px4_msgs/include/px4_msgs/px4_msgs/msg/detail/sensor_gnss_relative__rosidl_typesupport_introspection_c.h\n'}
[0.887893] (px4_msgs) StdoutLine: {'line': b'-- Up-to-date: /home/nicolas/ws_ros2/install/px4_msgs/include/px4_msgs/px4_msgs/msg/detail/vehicle_air_data__rosidl_typesupport_introspection_c.h\n'}
[0.887962] (px4_msgs) StdoutLine: {'line': b'-- Up-to-date: /home/nicolas/ws_ros2/install/px4_msgs/include/px4_msgs/px4_msgs/msg/detail/autotune_attitude_control_status__type_support.c\n'}
[0.888000] (px4_msgs) StdoutLine: {'line': b'-- Up-to-date: /home/nicolas/ws_ros2/install/px4_msgs/include/px4_msgs/px4_msgs/msg/detail/follow_target__type_support.c\n'}
[0.888030] (px4_msgs) StdoutLine: {'line': b'-- Up-to-date: /home/nicolas/ws_ros2/install/px4_msgs/include/px4_msgs/px4_msgs/msg/detail/ulog_stream_ack__type_support.c\n'}
[0.888060] (px4_msgs) StdoutLine: {'line': b'-- Up-to-date: /home/nicolas/ws_ros2/install/px4_msgs/include/px4_msgs/px4_msgs/msg/detail/vehicle_roi__type_support.c\n'}
[0.888091] (px4_msgs) StdoutLine: {'line': b'-- Up-to-date: /home/nicolas/ws_ros2/install/px4_msgs/include/px4_msgs/px4_msgs/msg/detail/gimbal_device_set_attitude__rosidl_typesupport_introspection_c.h\n'}
[0.888140] (px4_msgs) StdoutLine: {'line': b'-- Up-to-date: /home/nicolas/ws_ros2/install/px4_msgs/include/px4_msgs/px4_msgs/msg/detail/sensor_selection__rosidl_typesupport_introspection_c.h\n'}
[0.888173] (px4_msgs) StdoutLine: {'line': b'-- Up-to-date: /home/nicolas/ws_ros2/install/px4_msgs/include/px4_msgs/px4_msgs/msg/detail/gimbal_device_attitude_status__type_support.c\n'}
[0.888203] (px4_msgs) StdoutLine: {'line': b'-- Up-to-date: /home/nicolas/ws_ros2/install/px4_msgs/include/px4_msgs/px4_msgs/msg/detail/actuator_armed__rosidl_typesupport_introspection_c.h\n'}
[0.888232] (px4_msgs) StdoutLine: {'line': b'-- Up-to-date: /home/nicolas/ws_ros2/install/px4_msgs/include/px4_msgs/px4_msgs/msg/detail/rpm__rosidl_typesupport_introspection_c.h\n'}
[0.888263] (px4_msgs) StdoutLine: {'line': b'-- Up-to-date: /home/nicolas/ws_ros2/install/px4_msgs/include/px4_msgs/px4_msgs/msg/detail/rover_speed_setpoint__type_support.c\n'}
[0.888292] (px4_msgs) StdoutLine: {'line': b'-- Up-to-date: /home/nicolas/ws_ros2/install/px4_msgs/include/px4_msgs/px4_msgs/msg/detail/vehicle_local_position_setpoint__type_support.c\n'}
[0.888323] (px4_msgs) StdoutLine: {'line': b'-- Up-to-date: /home/nicolas/ws_ros2/install/px4_msgs/include/px4_msgs/px4_msgs/msg/detail/vehicle_air_data__type_support.c\n'}
[0.888355] (px4_msgs) StdoutLine: {'line': b'-- Up-to-date: /home/nicolas/ws_ros2/install/px4_msgs/include/px4_msgs/px4_msgs/msg/detail/sensor_mag__type_support.c\n'}
[0.888387] (px4_msgs) StdoutLine: {'line': b'-- Up-to-date: /home/nicolas/ws_ros2/install/px4_msgs/include/px4_msgs/px4_msgs/msg/detail/gimbal_manager_set_manual_control__type_support.c\n'}
[0.888419] (px4_msgs) StdoutLine: {'line': b'-- Up-to-date: /home/nicolas/ws_ros2/install/px4_msgs/include/px4_msgs/px4_msgs/msg/detail/vehicle_constraints__type_support.c\n'}
[0.888450] (px4_msgs) StdoutLine: {'line': b'-- Up-to-date: /home/nicolas/ws_ros2/install/px4_msgs/include/px4_msgs/px4_msgs/msg/detail/tiltrotor_extra_controls__rosidl_typesupport_introspection_c.h\n'}
[0.888482] (px4_msgs) StdoutLine: {'line': b'-- Up-to-date: /home/nicolas/ws_ros2/install/px4_msgs/include/px4_msgs/px4_msgs/msg/detail/actuator_controls_status__type_support.c\n'}
[0.888514] (px4_msgs) StdoutLine: {'line': b'-- Up-to-date: /home/nicolas/ws_ros2/install/px4_msgs/include/px4_msgs/px4_msgs/msg/detail/orbit_status__rosidl_typesupport_introspection_c.h\n'}
[0.888545] (px4_msgs) StdoutLine: {'line': b'-- Up-to-date: /home/nicolas/ws_ros2/install/px4_msgs/include/px4_msgs/px4_msgs/msg/detail/distance_sensor_mode_change_request__rosidl_typesupport_introspection_c.h\n'}
[0.888576] (px4_msgs) StdoutLine: {'line': b'-- Up-to-date: /home/nicolas/ws_ros2/install/px4_msgs/include/px4_msgs/px4_msgs/msg/detail/rtl_time_estimate__rosidl_typesupport_introspection_c.h\n'}
[0.888609] (px4_msgs) StdoutLine: {'line': b'-- Up-to-date: /home/nicolas/ws_ros2/install/px4_msgs/include/px4_msgs/px4_msgs/msg/detail/sensor_gnss_relative__type_support.c\n'}
[0.888641] (px4_msgs) StdoutLine: {'line': b'-- Up-to-date: /home/nicolas/ws_ros2/install/px4_msgs/include/px4_msgs/px4_msgs/msg/detail/follow_target_estimator__type_support.c\n'}
[0.888672] (px4_msgs) StdoutLine: {'line': b'-- Up-to-date: /home/nicolas/ws_ros2/install/px4_msgs/include/px4_msgs/px4_msgs/msg/detail/power_button_state__rosidl_typesupport_introspection_c.h\n'}
[0.888704] (px4_msgs) StdoutLine: {'line': b'-- Up-to-date: /home/nicolas/ws_ros2/install/px4_msgs/include/px4_msgs/px4_msgs/msg/detail/action_request__rosidl_typesupport_introspection_c.h\n'}
[0.888735] (px4_msgs) StdoutLine: {'line': b'-- Up-to-date: /home/nicolas/ws_ros2/install/px4_msgs/include/px4_msgs/px4_msgs/msg/detail/lateral_control_configuration__rosidl_typesupport_introspection_c.h\n'}
[0.888768] (px4_msgs) StdoutLine: {'line': b'-- Up-to-date: /home/nicolas/ws_ros2/install/px4_msgs/include/px4_msgs/px4_msgs/msg/detail/estimator_innovations__type_support.c\n'}
[0.888799] (px4_msgs) StdoutLine: {'line': b'-- Up-to-date: /home/nicolas/ws_ros2/install/px4_msgs/include/px4_msgs/px4_msgs/msg/detail/flight_phase_estimation__rosidl_typesupport_introspection_c.h\n'}
[0.888849] (px4_msgs) StdoutLine: {'line': b'-- Up-to-date: /home/nicolas/ws_ros2/install/px4_msgs/include/px4_msgs/px4_msgs/msg/detail/gpio_in__rosidl_typesupport_introspection_c.h\n'}
[0.888888] (px4_msgs) StdoutLine: {'line': b'-- Up-to-date: /home/nicolas/ws_ros2/install/px4_msgs/include/px4_msgs/px4_msgs/msg/detail/battery_status__type_support.c\n'}
[0.888923] (px4_msgs) StdoutLine: {'line': b'-- Up-to-date: /home/nicolas/ws_ros2/install/px4_msgs/include/px4_msgs/px4_msgs/msg/detail/can_interface_status__rosidl_typesupport_introspection_c.h\n'}
[0.888984] (px4_msgs) StdoutLine: {'line': b'-- Up-to-date: /home/nicolas/ws_ros2/install/px4_msgs/include/px4_msgs/px4_msgs/msg/detail/satellite_info__rosidl_typesupport_introspection_c.h\n'}
[0.889015] (px4_msgs) StdoutLine: {'line': b'-- Up-to-date: /home/nicolas/ws_ros2/install/px4_msgs/include/px4_msgs/px4_msgs/msg/detail/battery_info__rosidl_typesupport_introspection_c.h\n'}
[0.889044] (px4_msgs) StdoutLine: {'line': b'-- Up-to-date: /home/nicolas/ws_ros2/install/px4_msgs/include/px4_msgs/px4_msgs/msg/detail/fixed_wing_lateral_status__rosidl_typesupport_introspection_c.h\n'}
[0.889077] (px4_msgs) StdoutLine: {'line': b'-- Up-to-date: /home/nicolas/ws_ros2/install/px4_msgs/include/px4_msgs/px4_msgs/msg/detail/hover_thrust_estimate__type_support.c\n'}
[0.889106] (px4_msgs) StdoutLine: {'line': b'-- Up-to-date: /home/nicolas/ws_ros2/install/px4_msgs/include/px4_msgs/px4_msgs/msg/detail/landing_gear_wheel__rosidl_typesupport_introspection_c.h\n'}
[0.889135] (px4_msgs) StdoutLine: {'line': b'-- Up-to-date: /home/nicolas/ws_ros2/install/px4_msgs/include/px4_msgs/px4_msgs/msg/detail/telemetry_status__type_support.c\n'}
[0.889163] (px4_msgs) StdoutLine: {'line': b'-- Up-to-date: /home/nicolas/ws_ros2/install/px4_msgs/include/px4_msgs/px4_msgs/msg/detail/estimator_bias3d__type_support.c\n'}
[0.889192] (px4_msgs) StdoutLine: {'line': b'-- Up-to-date: /home/nicolas/ws_ros2/install/px4_msgs/include/px4_msgs/px4_msgs/msg/detail/logger_status__type_support.c\n'}
[0.889222] (px4_msgs) StdoutLine: {'line': b'-- Up-to-date: /home/nicolas/ws_ros2/install/px4_msgs/include/px4_msgs/px4_msgs/msg/detail/longitudinal_control_configuration__rosidl_typesupport_introspection_c.h\n'}
[0.889251] (px4_msgs) StdoutLine: {'line': b'-- Up-to-date: /home/nicolas/ws_ros2/install/px4_msgs/include/px4_msgs/px4_msgs/msg/detail/failure_detector_status__rosidl_typesupport_introspection_c.h\n'}
[0.889284] (px4_msgs) StdoutLine: {'line': b'-- Up-to-date: /home/nicolas/ws_ros2/install/px4_msgs/include/px4_msgs/px4_msgs/msg/detail/unregister_ext_component__rosidl_typesupport_introspection_c.h\n'}
[0.889317] (px4_msgs) StdoutLine: {'line': b'-- Up-to-date: /home/nicolas/ws_ros2/install/px4_msgs/include/px4_msgs/px4_msgs/msg/detail/open_drone_id_arm_status__rosidl_typesupport_introspection_c.h\n'}
[0.889349] (px4_msgs) StdoutLine: {'line': b'-- Up-to-date: /home/nicolas/ws_ros2/install/px4_msgs/include/px4_msgs/px4_msgs/msg/detail/landing_target_pose__rosidl_typesupport_introspection_c.h\n'}
[0.889381] (px4_msgs) StdoutLine: {'line': b'-- Up-to-date: /home/nicolas/ws_ros2/install/px4_msgs/include/px4_msgs/px4_msgs/msg/detail/debug_array__rosidl_typesupport_introspection_c.h\n'}
[0.889413] (px4_msgs) StdoutLine: {'line': b'-- Up-to-date: /home/nicolas/ws_ros2/install/px4_msgs/include/px4_msgs/px4_msgs/msg/detail/takeoff_status__rosidl_typesupport_introspection_c.h\n'}
[0.889445] (px4_msgs) StdoutLine: {'line': b'-- Up-to-date: /home/nicolas/ws_ros2/install/px4_msgs/include/px4_msgs/px4_msgs/msg/detail/pps_capture__type_support.c\n'}
[0.889477] (px4_msgs) StdoutLine: {'line': b'-- Up-to-date: /home/nicolas/ws_ros2/install/px4_msgs/include/px4_msgs/px4_msgs/msg/detail/vehicle_magnetometer__rosidl_typesupport_introspection_c.h\n'}
[0.889509] (px4_msgs) StdoutLine: {'line': b'-- Up-to-date: /home/nicolas/ws_ros2/install/px4_msgs/include/px4_msgs/px4_msgs/msg/detail/register_ext_component_reply__type_support.c\n'}
[0.889540] (px4_msgs) StdoutLine: {'line': b'-- Up-to-date: /home/nicolas/ws_ros2/install/px4_msgs/include/px4_msgs/px4_msgs/msg/detail/unregister_ext_component__type_support.c\n'}
[0.889596] (px4_msgs) StdoutLine: {'line': b'-- Up-to-date: /home/nicolas/ws_ros2/install/px4_msgs/include/px4_msgs/px4_msgs/msg/detail/sensor_accel__rosidl_typesupport_introspection_c.h\n'}
[0.889624] (px4_msgs) StdoutLine: {'line': b'-- Up-to-date: /home/nicolas/ws_ros2/install/px4_msgs/include/px4_msgs/px4_msgs/msg/detail/rate_ctrl_status__rosidl_typesupport_introspection_c.h\n'}
[0.889653] (px4_msgs) StdoutLine: {'line': b'-- Up-to-date: /home/nicolas/ws_ros2/install/px4_msgs/include/px4_msgs/px4_msgs/msg/detail/lateral_control_configuration__type_support.c\n'}
[0.889682] (px4_msgs) StdoutLine: {'line': b'-- Up-to-date: /home/nicolas/ws_ros2/install/px4_msgs/include/px4_msgs/px4_msgs/msg/detail/gimbal_manager_information__type_support.c\n'}
[0.889714] (px4_msgs) StdoutLine: {'line': b'-- Up-to-date: /home/nicolas/ws_ros2/install/px4_msgs/include/px4_msgs/px4_msgs/msg/detail/qshell_retval__type_support.c\n'}
[0.889745] (px4_msgs) StdoutLine: {'line': b'-- Up-to-date: /home/nicolas/ws_ros2/install/px4_msgs/include/px4_msgs/px4_msgs/msg/detail/vehicle_global_position__rosidl_typesupport_introspection_c.h\n'}
[0.889777] (px4_msgs) StdoutLine: {'line': b'-- Up-to-date: /home/nicolas/ws_ros2/install/px4_msgs/include/px4_msgs/px4_msgs/msg/detail/arming_check_request__rosidl_typesupport_introspection_c.h\n'}
[0.889809] (px4_msgs) StdoutLine: {'line': b'-- Up-to-date: /home/nicolas/ws_ros2/install/px4_msgs/include/px4_msgs/px4_msgs/msg/detail/fixed_wing_lateral_guidance_status__type_support.c\n'}
[0.889842] (px4_msgs) StdoutLine: {'line': b'-- Up-to-date: /home/nicolas/ws_ros2/install/px4_msgs/include/px4_msgs/px4_msgs/msg/detail/sensor_airflow__rosidl_typesupport_introspection_c.h\n'}
[0.889874] (px4_msgs) StdoutLine: {'line': b'-- Up-to-date: /home/nicolas/ws_ros2/install/px4_msgs/include/px4_msgs/px4_msgs/msg/detail/rover_attitude_status__type_support.c\n'}
[0.889928] (px4_msgs) StdoutLine: {'line': b'-- Up-to-date: /home/nicolas/ws_ros2/install/px4_msgs/include/px4_msgs/px4_msgs/msg/detail/landing_target_innovations__type_support.c\n'}
[0.889962] (px4_msgs) StdoutLine: {'line': b'-- Up-to-date: /home/nicolas/ws_ros2/install/px4_msgs/include/px4_msgs/px4_msgs/msg/detail/rover_attitude_setpoint__type_support.c\n'}
[0.889991] (px4_msgs) StdoutLine: {'line': b'-- Up-to-date: /home/nicolas/ws_ros2/install/px4_msgs/include/px4_msgs/px4_msgs/msg/detail/longitudinal_control_configuration__type_support.c\n'}
[0.890019] (px4_msgs) StdoutLine: {'line': b'-- Up-to-date: /home/nicolas/ws_ros2/install/px4_msgs/include/px4_msgs/px4_msgs/msg/detail/generator_status__type_support.c\n'}
[0.890048] (px4_msgs) StdoutLine: {'line': b'-- Up-to-date: /home/nicolas/ws_ros2/install/px4_msgs/include/px4_msgs/px4_msgs/msg/detail/internal_combustion_engine_status__type_support.c\n'}
[0.890080] (px4_msgs) StdoutLine: {'line': b'-- Up-to-date: /home/nicolas/ws_ros2/install/px4_msgs/include/px4_msgs/px4_msgs/msg/detail/camera_trigger__rosidl_typesupport_introspection_c.h\n'}
[0.890126] (px4_msgs) StdoutLine: {'line': b'-- Up-to-date: /home/nicolas/ws_ros2/install/px4_msgs/include/px4_msgs/px4_msgs/msg/detail/open_drone_id_self_id__rosidl_typesupport_introspection_c.h\n'}
[0.890155] (px4_msgs) StdoutLine: {'line': b'-- Up-to-date: /home/nicolas/ws_ros2/install/px4_msgs/include/px4_msgs/px4_msgs/msg/detail/rpm__type_support.c\n'}
[0.890184] (px4_msgs) StdoutLine: {'line': b'-- Up-to-date: /home/nicolas/ws_ros2/install/px4_msgs/include/px4_msgs/px4_msgs/msg/detail/distance_sensor__type_support.c\n'}
[0.890213] (px4_msgs) StdoutLine: {'line': b'-- Up-to-date: /home/nicolas/ws_ros2/install/px4_msgs/include/px4_msgs/px4_msgs/msg/detail/pure_pursuit_status__rosidl_typesupport_introspection_c.h\n'}
[0.890241] (px4_msgs) StdoutLine: {'line': b'-- Up-to-date: /home/nicolas/ws_ros2/install/px4_msgs/include/px4_msgs/px4_msgs/msg/detail/log_message__type_support.c\n'}
[0.890272] (px4_msgs) StdoutLine: {'line': b'-- Up-to-date: /home/nicolas/ws_ros2/install/px4_msgs/include/px4_msgs/px4_msgs/msg/detail/rc_parameter_map__rosidl_typesupport_introspection_c.h\n'}
[0.890306] (px4_msgs) StdoutLine: {'line': b'-- Up-to-date: /home/nicolas/ws_ros2/install/px4_msgs/include/px4_msgs/px4_msgs/msg/detail/internal_combustion_engine_status__rosidl_typesupport_introspection_c.h\n'}
[0.890337] (px4_msgs) StdoutLine: {'line': b'-- Up-to-date: /home/nicolas/ws_ros2/install/px4_msgs/include/px4_msgs/px4_msgs/msg/detail/geofence_status__type_support.c\n'}
[0.890370] (px4_msgs) StdoutLine: {'line': b'-- Up-to-date: /home/nicolas/ws_ros2/install/px4_msgs/include/px4_msgs/px4_msgs/msg/detail/debug_value__type_support.c\n'}
[0.890401] (px4_msgs) StdoutLine: {'line': b'-- Up-to-date: /home/nicolas/ws_ros2/install/px4_msgs/include/px4_msgs/px4_msgs/msg/detail/sensor_uwb__type_support.c\n'}
[0.890432] (px4_msgs) StdoutLine: {'line': b'-- Up-to-date: /home/nicolas/ws_ros2/install/px4_msgs/include/px4_msgs/px4_msgs/msg/detail/power_monitor__type_support.c\n'}
[0.890463] (px4_msgs) StdoutLine: {'line': b'-- Up-to-date: /home/nicolas/ws_ros2/install/px4_msgs/include/px4_msgs/px4_msgs/msg/detail/camera_status__type_support.c\n'}
[0.890495] (px4_msgs) StdoutLine: {'line': b'-- Up-to-date: /home/nicolas/ws_ros2/install/px4_msgs/include/px4_msgs/px4_msgs/msg/detail/sensor_gyro_fifo__type_support.c\n'}
[0.890527] (px4_msgs) StdoutLine: {'line': b'-- Up-to-date: /home/nicolas/ws_ros2/install/px4_msgs/include/px4_msgs/px4_msgs/msg/detail/action_request__type_support.c\n'}
[0.890559] (px4_msgs) StdoutLine: {'line': b'-- Up-to-date: /home/nicolas/ws_ros2/install/px4_msgs/include/px4_msgs/px4_msgs/msg/detail/trajectory_setpoint__rosidl_typesupport_introspection_c.h\n'}
[0.890591] (px4_msgs) StdoutLine: {'line': b'-- Up-to-date: /home/nicolas/ws_ros2/install/px4_msgs/include/px4_msgs/px4_msgs/msg/detail/parameter_update__rosidl_typesupport_introspection_c.h\n'}
[0.890623] (px4_msgs) StdoutLine: {'line': b'-- Up-to-date: /home/nicolas/ws_ros2/install/px4_msgs/include/px4_msgs/px4_msgs/msg/detail/magnetometer_bias_estimate__type_support.c\n'}
[0.890655] (px4_msgs) StdoutLine: {'line': b'-- Up-to-date: /home/nicolas/ws_ros2/install/px4_msgs/include/px4_msgs/px4_msgs/msg/detail/failsafe_flags__rosidl_typesupport_introspection_c.h\n'}
[0.890686] (px4_msgs) StdoutLine: {'line': b'-- Up-to-date: /home/nicolas/ws_ros2/install/px4_msgs/include/px4_msgs/px4_msgs/msg/detail/qshell_retval__rosidl_typesupport_introspection_c.h\n'}
[0.890717] (px4_msgs) StdoutLine: {'line': b'-- Up-to-date: /home/nicolas/ws_ros2/install/px4_msgs/include/px4_msgs/px4_msgs/msg/detail/figure_eight_status__rosidl_typesupport_introspection_c.h\n'}
[0.890748] (px4_msgs) StdoutLine: {'line': b'-- Up-to-date: /home/nicolas/ws_ros2/install/px4_msgs/include/px4_msgs/px4_msgs/msg/detail/vehicle_land_detected__type_support.c\n'}
[0.890780] (px4_msgs) StdoutLine: {'line': b'-- Up-to-date: /home/nicolas/ws_ros2/install/px4_msgs/include/px4_msgs/px4_msgs/msg/detail/vehicle_imu__type_support.c\n'}
[0.890812] (px4_msgs) StdoutLine: {'line': b'-- Up-to-date: /home/nicolas/ws_ros2/install/px4_msgs/include/px4_msgs/px4_msgs/msg/detail/trajectory_setpoint__type_support.c\n'}
[0.890843] (px4_msgs) StdoutLine: {'line': b'-- Up-to-date: /home/nicolas/ws_ros2/install/px4_msgs/include/px4_msgs/px4_msgs/msg/detail/system_power__rosidl_typesupport_introspection_c.h\n'}
[0.890878] (px4_msgs) StdoutLine: {'line': b'-- Up-to-date: /home/nicolas/ws_ros2/install/px4_msgs/include/px4_msgs/px4_msgs/msg/detail/vehicle_status__rosidl_typesupport_introspection_c.h\n'}
[0.890915] (px4_msgs) StdoutLine: {'line': b'-- Up-to-date: /home/nicolas/ws_ros2/install/px4_msgs/include/px4_msgs/px4_msgs/msg/detail/orb_test_medium__rosidl_typesupport_introspection_c.h\n'}
[0.890952] (px4_msgs) StdoutLine: {'line': b'-- Up-to-date: /home/nicolas/ws_ros2/install/px4_msgs/include/px4_msgs/px4_msgs/msg/detail/event__rosidl_typesupport_introspection_c.h\n'}
[0.890984] (px4_msgs) StdoutLine: {'line': b'-- Up-to-date: /home/nicolas/ws_ros2/install/px4_msgs/include/px4_msgs/px4_msgs/msg/detail/sensor_hygrometer__rosidl_typesupport_introspection_c.h\n'}
[0.891033] (px4_msgs) StdoutLine: {'line': b'-- Up-to-date: /home/nicolas/ws_ros2/install/px4_msgs/include/px4_msgs/px4_msgs/msg/detail/estimator_status__rosidl_typesupport_introspection_c.h\n'}
[0.891066] (px4_msgs) StdoutLine: {'line': b'-- Up-to-date: /home/nicolas/ws_ros2/install/px4_msgs/include/px4_msgs/px4_msgs/msg/detail/wheel_encoders__type_support.c\n'}
[0.891098] (px4_msgs) StdoutLine: {'line': b'-- Up-to-date: /home/nicolas/ws_ros2/install/px4_msgs/include/px4_msgs/px4_msgs/msg/detail/mag_worker_data__rosidl_typesupport_introspection_c.h\n'}
[0.891129] (px4_msgs) StdoutLine: {'line': b'-- Up-to-date: /home/nicolas/ws_ros2/install/px4_msgs/include/px4_msgs/px4_msgs/msg/detail/sensor_gyro_fft__type_support.c\n'}
[0.891161] (px4_msgs) StdoutLine: {'line': b'-- Up-to-date: /home/nicolas/ws_ros2/install/px4_msgs/include/px4_msgs/px4_msgs/msg/detail/actuator_motors__rosidl_typesupport_introspection_c.h\n'}
[0.891193] (px4_msgs) StdoutLine: {'line': b'-- Up-to-date: /home/nicolas/ws_ros2/install/px4_msgs/include/px4_msgs/px4_msgs/msg/detail/ulog_stream_ack__rosidl_typesupport_introspection_c.h\n'}
[0.891224] (px4_msgs) StdoutLine: {'line': b'-- Up-to-date: /home/nicolas/ws_ros2/install/px4_msgs/include/px4_msgs/px4_msgs/msg/detail/estimator_sensor_bias__rosidl_typesupport_introspection_c.h\n'}
[0.891256] (px4_msgs) StdoutLine: {'line': b'-- Up-to-date: /home/nicolas/ws_ros2/install/px4_msgs/include/px4_msgs/px4_msgs/msg/detail/actuator_armed__type_support.c\n'}
[0.891288] (px4_msgs) StdoutLine: {'line': b'-- Up-to-date: /home/nicolas/ws_ros2/install/px4_msgs/include/px4_msgs/px4_msgs/msg/detail/figure_eight_status__type_support.c\n'}
[0.891319] (px4_msgs) StdoutLine: {'line': b'-- Up-to-date: /home/nicolas/ws_ros2/install/px4_msgs/include/px4_msgs/px4_msgs/msg/detail/ping__rosidl_typesupport_introspection_c.h\n'}
[0.891351] (px4_msgs) StdoutLine: {'line': b'-- Up-to-date: /home/nicolas/ws_ros2/install/px4_msgs/include/px4_msgs/px4_msgs/msg/detail/vehicle_command_ack__type_support.c\n'}
[0.891382] (px4_msgs) StdoutLine: {'line': b'-- Up-to-date: /home/nicolas/ws_ros2/install/px4_msgs/include/px4_msgs/px4_msgs/msg/detail/button_event__rosidl_typesupport_introspection_c.h\n'}
[0.891415] (px4_msgs) StdoutLine: {'line': b'-- Up-to-date: /home/nicolas/ws_ros2/install/px4_msgs/include/px4_msgs/px4_msgs/msg/detail/failsafe_flags__type_support.c\n'}
[0.891447] (px4_msgs) StdoutLine: {'line': b'-- Up-to-date: /home/nicolas/ws_ros2/install/px4_msgs/include/px4_msgs/px4_msgs/msg/detail/orb_test__type_support.c\n'}
[0.891479] (px4_msgs) StdoutLine: {'line': b'-- Up-to-date: /home/nicolas/ws_ros2/install/px4_msgs/include/px4_msgs/px4_msgs/msg/detail/rtl_time_estimate__type_support.c\n'}
[0.891511] (px4_msgs) StdoutLine: {'line': b'-- Up-to-date: /home/nicolas/ws_ros2/install/px4_msgs/include/px4_msgs/px4_msgs/msg/detail/mag_worker_data__type_support.c\n'}
[0.891542] (px4_msgs) StdoutLine: {'line': b'-- Up-to-date: /home/nicolas/ws_ros2/install/px4_msgs/include/px4_msgs/px4_msgs/msg/detail/input_rc__rosidl_typesupport_introspection_c.h\n'}
[0.891574] (px4_msgs) StdoutLine: {'line': b'-- Up-to-date: /home/nicolas/ws_ros2/install/px4_msgs/include/px4_msgs/px4_msgs/msg/detail/internal_combustion_engine_control__type_support.c\n'}
[0.891605] (px4_msgs) StdoutLine: {'line': b'-- Up-to-date: /home/nicolas/ws_ros2/install/px4_msgs/include/px4_msgs/px4_msgs/msg/detail/estimator_status_flags__type_support.c\n'}
[0.891636] (px4_msgs) StdoutLine: {'line': b'-- Up-to-date: /home/nicolas/ws_ros2/install/px4_msgs/include/px4_msgs/px4_msgs/msg/detail/flight_phase_estimation__type_support.c\n'}
[0.891668] (px4_msgs) StdoutLine: {'line': b'-- Up-to-date: /home/nicolas/ws_ros2/install/px4_msgs/include/px4_msgs/px4_msgs/msg/detail/timesync_status__rosidl_typesupport_introspection_c.h\n'}
[0.891700] (px4_msgs) StdoutLine: {'line': b'-- Up-to-date: /home/nicolas/ws_ros2/install/px4_msgs/include/px4_msgs/px4_msgs/msg/detail/esc_report__type_support.c\n'}
[0.891731] (px4_msgs) StdoutLine: {'line': b'-- Up-to-date: /home/nicolas/ws_ros2/install/px4_msgs/include/px4_msgs/px4_msgs/msg/detail/open_drone_id_system__type_support.c\n'}
[0.891799] (px4_msgs) StdoutLine: {'line': b'-- Up-to-date: /home/nicolas/ws_ros2/install/px4_msgs/include/px4_msgs/px4_msgs/msg/detail/actuator_servos__type_support.c\n'}
[0.891829] (px4_msgs) StdoutLine: {'line': b'-- Up-to-date: /home/nicolas/ws_ros2/install/px4_msgs/include/px4_msgs/px4_msgs/msg/detail/rover_rate_status__type_support.c\n'}
[0.891868] (px4_msgs) StdoutLine: {'line': b'-- Up-to-date: /home/nicolas/ws_ros2/install/px4_msgs/include/px4_msgs/px4_msgs/msg/detail/fuel_tank_status__rosidl_typesupport_introspection_c.h\n'}
[0.891898] (px4_msgs) StdoutLine: {'line': b'-- Up-to-date: /home/nicolas/ws_ros2/install/px4_msgs/include/px4_msgs/px4_msgs/msg/detail/log_message__rosidl_typesupport_introspection_c.h\n'}
[0.891938] (px4_msgs) StdoutLine: {'line': b'-- Up-to-date: /home/nicolas/ws_ros2/install/px4_msgs/include/px4_msgs/px4_msgs/msg/detail/parameter_update__type_support.c\n'}
[0.891970] (px4_msgs) StdoutLine: {'line': b'-- Up-to-date: /home/nicolas/ws_ros2/install/px4_msgs/include/px4_msgs/px4_msgs/msg/detail/debug_value__rosidl_typesupport_introspection_c.h\n'}
[0.891999] (px4_msgs) StdoutLine: {'line': b'-- Up-to-date: /home/nicolas/ws_ros2/install/px4_msgs/include/px4_msgs/px4_msgs/msg/detail/fixed_wing_runway_control__type_support.c\n'}
[0.892028] (px4_msgs) StdoutLine: {'line': b'-- Up-to-date: /home/nicolas/ws_ros2/install/px4_msgs/include/px4_msgs/px4_msgs/msg/detail/message_format_request__rosidl_typesupport_introspection_c.h\n'}
[0.892057] (px4_msgs) StdoutLine: {'line': b'-- Up-to-date: /home/nicolas/ws_ros2/install/px4_msgs/include/px4_msgs/px4_msgs/msg/detail/estimator_status_flags__rosidl_typesupport_introspection_c.h\n'}
[0.892085] (px4_msgs) StdoutLine: {'line': b'-- Up-to-date: /home/nicolas/ws_ros2/install/px4_msgs/include/px4_msgs/px4_msgs/msg/detail/esc_status__rosidl_typesupport_introspection_c.h\n'}
[0.892117] (px4_msgs) StdoutLine: {'line': b'-- Up-to-date: /home/nicolas/ws_ros2/install/px4_msgs/include/px4_msgs/px4_msgs/msg/detail/rover_rate_setpoint__type_support.c\n'}
[0.892149] (px4_msgs) StdoutLine: {'line': b'-- Up-to-date: /home/nicolas/ws_ros2/install/px4_msgs/include/px4_msgs/px4_msgs/msg/detail/uavcan_parameter_value__type_support.c\n'}
[0.892180] (px4_msgs) StdoutLine: {'line': b'-- Up-to-date: /home/nicolas/ws_ros2/install/px4_msgs/include/px4_msgs/px4_msgs/msg/detail/orb_test_large__rosidl_typesupport_introspection_c.h\n'}
[0.892211] (px4_msgs) StdoutLine: {'line': b'-- Up-to-date: /home/nicolas/ws_ros2/install/px4_msgs/include/px4_msgs/px4_msgs/msg/detail/sensor_gps__type_support.c\n'}
[0.892242] (px4_msgs) StdoutLine: {'line': b'-- Up-to-date: /home/nicolas/ws_ros2/install/px4_msgs/include/px4_msgs/px4_msgs/msg/detail/cellular_status__type_support.c\n'}
[0.892273] (px4_msgs) StdoutLine: {'line': b'-- Up-to-date: /home/nicolas/ws_ros2/install/px4_msgs/include/px4_msgs/px4_msgs/msg/detail/vehicle_torque_setpoint__rosidl_typesupport_introspection_c.h\n'}
[0.892305] (px4_msgs) StdoutLine: {'line': b'-- Up-to-date: /home/nicolas/ws_ros2/install/px4_msgs/include/px4_msgs/px4_msgs/msg/detail/transponder_report__rosidl_typesupport_introspection_c.h\n'}
[0.892336] (px4_msgs) StdoutLine: {'line': b'-- Up-to-date: /home/nicolas/ws_ros2/install/px4_msgs/include/px4_msgs/px4_msgs/msg/detail/navigator_mission_item__type_support.c\n'}
[0.892367] (px4_msgs) StdoutLine: {'line': b'-- Up-to-date: /home/nicolas/ws_ros2/install/px4_msgs/include/px4_msgs/px4_msgs/msg/detail/airspeed_wind__rosidl_typesupport_introspection_c.h\n'}
[0.892398] (px4_msgs) StdoutLine: {'line': b'-- Up-to-date: /home/nicolas/ws_ros2/install/px4_msgs/include/px4_msgs/px4_msgs/msg/detail/vehicle_acceleration__type_support.c\n'}
[0.892429] (px4_msgs) StdoutLine: {'line': b'-- Up-to-date: /home/nicolas/ws_ros2/install/px4_msgs/include/px4_msgs/px4_msgs/msg/detail/estimator_sensor_bias__type_support.c\n'}
[0.892462] (px4_msgs) StdoutLine: {'line': b'-- Up-to-date: /home/nicolas/ws_ros2/install/px4_msgs/include/px4_msgs/px4_msgs/msg/detail/gimbal_device_set_attitude__type_support.c\n'}
[0.892518] (px4_msgs) StdoutLine: {'line': b'-- Up-to-date: /home/nicolas/ws_ros2/install/px4_msgs/include/px4_msgs/px4_msgs/msg/detail/vehicle_angular_velocity__type_support.c\n'}
[0.892550] (px4_msgs) StdoutLine: {'line': b'-- Up-to-date: /home/nicolas/ws_ros2/install/px4_msgs/include/px4_msgs/px4_msgs/msg/detail/vehicle_optical_flow__type_support.c\n'}
[0.892582] (px4_msgs) StdoutLine: {'line': b'-- Up-to-date: /home/nicolas/ws_ros2/install/px4_msgs/include/px4_msgs/px4_msgs/msg/detail/gimbal_device_information__rosidl_typesupport_introspection_c.h\n'}
[0.892614] (px4_msgs) StdoutLine: {'line': b'-- Up-to-date: /home/nicolas/ws_ros2/install/px4_msgs/include/px4_msgs/px4_msgs/msg/detail/cellular_status__rosidl_typesupport_introspection_c.h\n'}
[0.892646] (px4_msgs) StdoutLine: {'line': b'-- Up-to-date: /home/nicolas/ws_ros2/install/px4_msgs/include/px4_msgs/px4_msgs/msg/detail/parameter_reset_request__type_support.c\n'}
[0.892678] (px4_msgs) StdoutLine: {'line': b'-- Up-to-date: /home/nicolas/ws_ros2/install/px4_msgs/include/px4_msgs/px4_msgs/msg/detail/vehicle_roi__rosidl_typesupport_introspection_c.h\n'}
[0.892709] (px4_msgs) StdoutLine: {'line': b'-- Up-to-date: /home/nicolas/ws_ros2/install/px4_msgs/include/px4_msgs/px4_msgs/msg/detail/actuator_outputs__type_support.c\n'}
[0.892740] (px4_msgs) StdoutLine: {'line': b'-- Up-to-date: /home/nicolas/ws_ros2/install/px4_msgs/include/px4_msgs/px4_msgs/msg/detail/trajectory_setpoint6dof__type_support.c\n'}
[0.892796] (px4_msgs) StdoutLine: {'line': b'-- Up-to-date: /home/nicolas/ws_ros2/install/px4_msgs/include/px4_msgs/px4_msgs/msg/detail/register_ext_component_request__rosidl_typesupport_introspection_c.h\n'}
[0.892826] (px4_msgs) StdoutLine: {'line': b'-- Up-to-date: /home/nicolas/ws_ros2/install/px4_msgs/include/px4_msgs/px4_msgs/msg/detail/ekf2_timestamps__rosidl_typesupport_introspection_c.h\n'}
[0.892855] (px4_msgs) StdoutLine: {'line': b'-- Up-to-date: /home/nicolas/ws_ros2/install/px4_msgs/include/px4_msgs/px4_msgs/msg/detail/autotune_attitude_control_status__rosidl_typesupport_introspection_c.h\n'}
[0.892884] (px4_msgs) StdoutLine: {'line': b'-- Up-to-date: /home/nicolas/ws_ros2/install/px4_msgs/include/px4_msgs/px4_msgs/msg/detail/velocity_limits__type_support.c\n'}
[0.892924] (px4_msgs) StdoutLine: {'line': b'-- Up-to-date: /home/nicolas/ws_ros2/install/px4_msgs/include/px4_msgs/px4_msgs/msg/detail/position_controller_landing_status__type_support.c\n'}
[0.892957] (px4_msgs) StdoutLine: {'line': b'-- Up-to-date: /home/nicolas/ws_ros2/install/px4_msgs/include/px4_msgs/px4_msgs/msg/detail/estimator_aid_source1d__rosidl_typesupport_introspection_c.h\n'}
[0.892987] (px4_msgs) StdoutLine: {'line': b'-- Up-to-date: /home/nicolas/ws_ros2/install/px4_msgs/include/px4_msgs/px4_msgs/msg/detail/sensor_combined__rosidl_typesupport_introspection_c.h\n'}
[0.893018] (px4_msgs) StdoutLine: {'line': b'-- Up-to-date: /home/nicolas/ws_ros2/install/px4_msgs/include/px4_msgs/px4_msgs/msg/detail/cpuload__rosidl_typesupport_introspection_c.h\n'}
[0.893046] (px4_msgs) StdoutLine: {'line': b'-- Up-to-date: /home/nicolas/ws_ros2/install/px4_msgs/include/px4_msgs/px4_msgs/msg/detail/camera_trigger__type_support.c\n'}
[0.893075] (px4_msgs) StdoutLine: {'line': b'-- Up-to-date: /home/nicolas/ws_ros2/install/px4_msgs/include/px4_msgs/px4_msgs/msg/detail/sensor_uwb__rosidl_typesupport_introspection_c.h\n'}
[0.893104] (px4_msgs) StdoutLine: {'line': b'-- Up-to-date: /home/nicolas/ws_ros2/install/px4_msgs/include/px4_msgs/px4_msgs/msg/detail/dataman_response__rosidl_typesupport_introspection_c.h\n'}
[0.893149] (px4_msgs) StdoutLine: {'line': b'-- Up-to-date: /home/nicolas/ws_ros2/install/px4_msgs/include/px4_msgs/px4_msgs/msg/detail/navigator_status__type_support.c\n'}
[0.893178] (px4_msgs) StdoutLine: {'line': b'-- Up-to-date: /home/nicolas/ws_ros2/install/px4_msgs/include/px4_msgs/px4_msgs/msg/detail/takeoff_status__type_support.c\n'}
[0.893208] (px4_msgs) StdoutLine: {'line': b'-- Up-to-date: /home/nicolas/ws_ros2/install/px4_msgs/include/px4_msgs/px4_msgs/msg/detail/sensors_status__rosidl_typesupport_introspection_c.h\n'}
[0.893240] (px4_msgs) StdoutLine: {'line': b'-- Up-to-date: /home/nicolas/ws_ros2/install/px4_msgs/include/px4_msgs/px4_msgs/msg/detail/vehicle_command__rosidl_typesupport_introspection_c.h\n'}
[0.893270] (px4_msgs) StdoutLine: {'line': b'-- Up-to-date: /home/nicolas/ws_ros2/install/px4_msgs/include/px4_msgs/px4_msgs/msg/detail/vehicle_acceleration__rosidl_typesupport_introspection_c.h\n'}
[0.893299] (px4_msgs) StdoutLine: {'line': b'-- Up-to-date: /home/nicolas/ws_ros2/install/px4_msgs/include/px4_msgs/px4_msgs/msg/detail/gimbal_manager_status__rosidl_typesupport_introspection_c.h\n'}
[0.893330] (px4_msgs) StdoutLine: {'line': b'-- Up-to-date: /home/nicolas/ws_ros2/install/px4_msgs/include/px4_msgs/px4_msgs/msg/detail/irlock_report__rosidl_typesupport_introspection_c.h\n'}
[0.893361] (px4_msgs) StdoutLine: {'line': b'-- Up-to-date: /home/nicolas/ws_ros2/install/px4_msgs/include/px4_msgs/px4_msgs/msg/detail/vehicle_command_ack__rosidl_typesupport_introspection_c.h\n'}
[0.893394] (px4_msgs) StdoutLine: {'line': b'-- Up-to-date: /home/nicolas/ws_ros2/install/px4_msgs/include/px4_msgs/px4_msgs/msg/detail/vehicle_constraints__rosidl_typesupport_introspection_c.h\n'}
[0.893426] (px4_msgs) StdoutLine: {'line': b'-- Up-to-date: /home/nicolas/ws_ros2/install/px4_msgs/include/px4_msgs/px4_msgs/msg/detail/vehicle_odometry__type_support.c\n'}
[0.893457] (px4_msgs) StdoutLine: {'line': b'-- Up-to-date: /home/nicolas/ws_ros2/install/px4_msgs/include/px4_msgs/px4_msgs/msg/detail/manual_control_setpoint__type_support.c\n'}
[0.893489] (px4_msgs) StdoutLine: {'line': b'-- Up-to-date: /home/nicolas/ws_ros2/install/px4_msgs/include/px4_msgs/px4_msgs/msg/detail/sensor_gyro__rosidl_typesupport_introspection_c.h\n'}
[0.893535] (px4_msgs) StdoutLine: {'line': b'-- Up-to-date: /home/nicolas/ws_ros2/install/px4_msgs/include/px4_msgs/px4_msgs/msg/detail/message_format_request__type_support.c\n'}
[0.893568] (px4_msgs) StdoutLine: {'line': b'-- Up-to-date: /home/nicolas/ws_ros2/install/px4_msgs/include/px4_msgs/px4_msgs/msg/detail/parameter_set_used_request__rosidl_typesupport_introspection_c.h\n'}
[0.893600] (px4_msgs) StdoutLine: {'line': b'-- Up-to-date: /home/nicolas/ws_ros2/install/px4_msgs/include/px4_msgs/px4_msgs/msg/detail/normalized_unsigned_setpoint__type_support.c\n'}
[0.893633] (px4_msgs) StdoutLine: {'line': b'-- Up-to-date: /home/nicolas/ws_ros2/install/px4_msgs/include/px4_msgs/px4_msgs/msg/detail/rc_channels__rosidl_typesupport_introspection_c.h\n'}
[0.893682] (px4_msgs) StdoutLine: {'line': b'-- Up-to-date: /home/nicolas/ws_ros2/install/px4_msgs/include/px4_msgs/px4_msgs/msg/detail/actuator_test__rosidl_typesupport_introspection_c.h\n'}
[0.893712] (px4_msgs) StdoutLine: {'line': b'-- Up-to-date: /home/nicolas/ws_ros2/install/px4_msgs/include/px4_msgs/px4_msgs/msg/detail/gimbal_controls__rosidl_typesupport_introspection_c.h\n'}
[0.893741] (px4_msgs) StdoutLine: {'line': b'-- Up-to-date: /home/nicolas/ws_ros2/install/px4_msgs/include/px4_msgs/px4_msgs/msg/detail/arming_check_request__type_support.c\n'}
[0.893770] (px4_msgs) StdoutLine: {'line': b'-- Up-to-date: /home/nicolas/ws_ros2/install/px4_msgs/include/px4_msgs/px4_msgs/msg/detail/pwm_input__rosidl_typesupport_introspection_c.h\n'}
[0.893802] (px4_msgs) StdoutLine: {'line': b'-- Up-to-date: /home/nicolas/ws_ros2/install/px4_msgs/include/px4_msgs/px4_msgs/msg/detail/tiltrotor_extra_controls__type_support.c\n'}
[0.893836] (px4_msgs) StdoutLine: {'line': b'-- Up-to-date: /home/nicolas/ws_ros2/install/px4_msgs/include/px4_msgs/px4_msgs/msg/detail/sensors_status__type_support.c\n'}
[0.893896] (px4_msgs) StdoutLine: {'line': b'-- Up-to-date: /home/nicolas/ws_ros2/install/px4_msgs/include/px4_msgs/px4_msgs/msg/detail/camera_status__rosidl_typesupport_introspection_c.h\n'}
[0.893933] (px4_msgs) StdoutLine: {'line': b'-- Up-to-date: /home/nicolas/ws_ros2/install/px4_msgs/include/px4_msgs/px4_msgs/msg/detail/dataman_response__type_support.c\n'}
[0.893967] (px4_msgs) StdoutLine: {'line': b'-- Up-to-date: /home/nicolas/ws_ros2/install/px4_msgs/include/px4_msgs/px4_msgs/msg/detail/actuator_servos_trim__rosidl_typesupport_introspection_c.h\n'}
[0.894001] (px4_msgs) StdoutLine: {'line': b'-- Up-to-date: /home/nicolas/ws_ros2/install/px4_msgs/include/px4_msgs/px4_msgs/msg/detail/differential_pressure__rosidl_typesupport_introspection_c.h\n'}
[0.894030] (px4_msgs) StdoutLine: {'line': b'-- Up-to-date: /home/nicolas/ws_ros2/install/px4_msgs/include/px4_msgs/px4_msgs/msg/detail/radio_status__rosidl_typesupport_introspection_c.h\n'}
[0.894060] (px4_msgs) StdoutLine: {'line': b'-- Up-to-date: /home/nicolas/ws_ros2/install/px4_msgs/include/px4_msgs/px4_msgs/msg/detail/actuator_test__type_support.c\n'}
[0.894091] (px4_msgs) StdoutLine: {'line': b'-- Up-to-date: /home/nicolas/ws_ros2/install/px4_msgs/include/px4_msgs/px4_msgs/msg/detail/pure_pursuit_status__type_support.c\n'}
[0.894120] (px4_msgs) StdoutLine: {'line': b'-- Up-to-date: /home/nicolas/ws_ros2/install/px4_msgs/include/px4_msgs/px4_msgs/msg/detail/estimator_status__type_support.c\n'}
[0.894151] (px4_msgs) StdoutLine: {'line': b'-- Up-to-date: /home/nicolas/ws_ros2/install/px4_msgs/include/px4_msgs/px4_msgs/msg/detail/position_setpoint__type_support.c\n'}
[0.894182] (px4_msgs) StdoutLine: {'line': b'-- Up-to-date: /home/nicolas/ws_ros2/install/px4_msgs/include/px4_msgs/px4_msgs/msg/detail/sensor_baro__rosidl_typesupport_introspection_c.h\n'}
[0.894212] (px4_msgs) StdoutLine: {'line': b'-- Up-to-date: /home/nicolas/ws_ros2/install/px4_msgs/include/px4_msgs/px4_msgs/msg/detail/mount_orientation__type_support.c\n'}
[0.894243] (px4_msgs) StdoutLine: {'line': b'-- Up-to-date: /home/nicolas/ws_ros2/install/px4_msgs/include/px4_msgs/px4_msgs/msg/detail/iridiumsbd_status__type_support.c\n'}
[0.894275] (px4_msgs) StdoutLine: {'line': b'-- Up-to-date: /home/nicolas/ws_ros2/install/px4_msgs/include/px4_msgs/px4_msgs/msg/detail/actuator_controls_status__rosidl_typesupport_introspection_c.h\n'}
[0.894306] (px4_msgs) StdoutLine: {'line': b'-- Up-to-date: /home/nicolas/ws_ros2/install/px4_msgs/include/px4_msgs/px4_msgs/msg/detail/radio_status__type_support.c\n'}
[0.894340] (px4_msgs) StdoutLine: {'line': b'-- Up-to-date: /home/nicolas/ws_ros2/install/px4_msgs/include/px4_msgs/px4_msgs/msg/detail/adc_report__rosidl_typesupport_introspection_c.h\n'}
[0.894375] (px4_msgs) StdoutLine: {'line': b'-- Up-to-date: /home/nicolas/ws_ros2/install/px4_msgs/include/px4_msgs/px4_msgs/msg/detail/sensor_correction__type_support.c\n'}
[0.894410] (px4_msgs) StdoutLine: {'line': b'-- Up-to-date: /home/nicolas/ws_ros2/install/px4_msgs/include/px4_msgs/px4_msgs/msg/detail/vehicle_torque_setpoint__type_support.c\n'}
[0.894442] (px4_msgs) StdoutLine: {'line': b'-- Up-to-date: /home/nicolas/ws_ros2/install/px4_msgs/include/px4_msgs/px4_msgs/msg/detail/mavlink_tunnel__type_support.c\n'}
[0.894474] (px4_msgs) StdoutLine: {'line': b'-- Up-to-date: /home/nicolas/ws_ros2/install/px4_msgs/include/px4_msgs/px4_msgs/msg/detail/vtol_vehicle_status__type_support.c\n'}
[0.894506] (px4_msgs) StdoutLine: {'line': b'-- Up-to-date: /home/nicolas/ws_ros2/install/px4_msgs/include/px4_msgs/px4_msgs/msg/detail/iridiumsbd_status__rosidl_typesupport_introspection_c.h\n'}
[0.894538] (px4_msgs) StdoutLine: {'line': b'-- Up-to-date: /home/nicolas/ws_ros2/install/px4_msgs/include/px4_msgs/px4_msgs/msg/detail/gripper__rosidl_typesupport_introspection_c.h\n'}
[0.894571] (px4_msgs) StdoutLine: {'line': b'-- Up-to-date: /home/nicolas/ws_ros2/install/px4_msgs/include/px4_msgs/px4_msgs/msg/detail/health_report__type_support.c\n'}
[0.894604] (px4_msgs) StdoutLine: {'line': b'-- Up-to-date: /home/nicolas/ws_ros2/install/px4_msgs/include/px4_msgs/px4_msgs/msg/detail/estimator_aid_source2d__rosidl_typesupport_introspection_c.h\n'}
[0.894664] (px4_msgs) StdoutLine: {'line': b'-- Up-to-date: /home/nicolas/ws_ros2/install/px4_msgs/include/px4_msgs/px4_msgs/msg/detail/gimbal_manager_information__rosidl_typesupport_introspection_c.h\n'}
[0.894696] (px4_msgs) StdoutLine: {'line': b'-- Up-to-date: /home/nicolas/ws_ros2/install/px4_msgs/include/px4_msgs/px4_msgs/msg/detail/vehicle_angular_velocity__rosidl_typesupport_introspection_c.h\n'}
[0.894728] (px4_msgs) StdoutLine: {'line': b'-- Up-to-date: /home/nicolas/ws_ros2/install/px4_msgs/include/px4_msgs/px4_msgs/msg/detail/power_monitor__rosidl_typesupport_introspection_c.h\n'}
[0.894758] (px4_msgs) StdoutLine: {'line': b'-- Up-to-date: /home/nicolas/ws_ros2/install/px4_msgs/include/px4_msgs/px4_msgs/msg/detail/led_control__rosidl_typesupport_introspection_c.h\n'}
[0.894787] (px4_msgs) StdoutLine: {'line': b'-- Up-to-date: /home/nicolas/ws_ros2/install/px4_msgs/include/px4_msgs/px4_msgs/msg/detail/airspeed_wind__type_support.c\n'}
[0.894831] (px4_msgs) StdoutLine: {'line': b'-- Up-to-date: /home/nicolas/ws_ros2/install/px4_msgs/include/px4_msgs/px4_msgs/msg/detail/velocity_limits__rosidl_typesupport_introspection_c.h\n'}
[0.894861] (px4_msgs) StdoutLine: {'line': b'-- Up-to-date: /home/nicolas/ws_ros2/install/px4_msgs/include/px4_msgs/px4_msgs/msg/detail/estimator_aid_source1d__type_support.c\n'}
[0.894890] (px4_msgs) StdoutLine: {'line': b'-- Up-to-date: /home/nicolas/ws_ros2/install/px4_msgs/include/px4_msgs/px4_msgs/msg/detail/vehicle_imu_status__type_support.c\n'}
[0.894930] (px4_msgs) StdoutLine: {'line': b'-- Up-to-date: /home/nicolas/ws_ros2/install/px4_msgs/include/px4_msgs/px4_msgs/msg/detail/vehicle_command__type_support.c\n'}
[0.894967] (px4_msgs) StdoutLine: {'line': b'-- Up-to-date: /home/nicolas/ws_ros2/install/px4_msgs/include/px4_msgs/px4_msgs/msg/detail/landing_gear__rosidl_typesupport_introspection_c.h\n'}
[0.894996] (px4_msgs) StdoutLine: {'line': b'-- Up-to-date: /home/nicolas/ws_ros2/install/px4_msgs/include/px4_msgs/px4_msgs/msg/detail/gps_dump__type_support.c\n'}
[0.895026] (px4_msgs) StdoutLine: {'line': b'-- Up-to-date: /home/nicolas/ws_ros2/install/px4_msgs/include/px4_msgs/px4_msgs/msg/detail/open_drone_id_system__rosidl_typesupport_introspection_c.h\n'}
[0.895055] (px4_msgs) StdoutLine: {'line': b'-- Up-to-date: /home/nicolas/ws_ros2/install/px4_msgs/include/px4_msgs/px4_msgs/msg/detail/neural_control__type_support.c\n'}
[0.895084] (px4_msgs) StdoutLine: {'line': b'-- Up-to-date: /home/nicolas/ws_ros2/install/px4_msgs/include/px4_msgs/px4_msgs/msg/detail/orb_test__rosidl_typesupport_introspection_c.h\n'}
[0.895113] (px4_msgs) StdoutLine: {'line': b'-- Up-to-date: /home/nicolas/ws_ros2/install/px4_msgs/include/px4_msgs/px4_msgs/msg/detail/sensor_selection__type_support.c\n'}
[0.895143] (px4_msgs) StdoutLine: {'line': b'-- Up-to-date: /home/nicolas/ws_ros2/install/px4_msgs/include/px4_msgs/px4_msgs/msg/detail/fixed_wing_longitudinal_setpoint__type_support.c\n'}
[0.895172] (px4_msgs) StdoutLine: {'line': b'-- Up-to-date: /home/nicolas/ws_ros2/install/px4_msgs/include/px4_msgs/px4_msgs/msg/detail/vehicle_local_position__rosidl_typesupport_introspection_c.h\n'}
[0.895203] (px4_msgs) StdoutLine: {'line': b'-- Up-to-date: /home/nicolas/ws_ros2/install/px4_msgs/include/px4_msgs/px4_msgs/msg/detail/fixed_wing_lateral_setpoint__type_support.c\n'}
[0.895234] (px4_msgs) StdoutLine: {'line': b'-- Up-to-date: /home/nicolas/ws_ros2/install/px4_msgs/include/px4_msgs/px4_msgs/msg/detail/landing_target_innovations__rosidl_typesupport_introspection_c.h\n'}
[0.895266] (px4_msgs) StdoutLine: {'line': b'-- Up-to-date: /home/nicolas/ws_ros2/install/px4_msgs/include/px4_msgs/px4_msgs/msg/detail/system_power__type_support.c\n'}
[0.895298] (px4_msgs) StdoutLine: {'line': b'-- Up-to-date: /home/nicolas/ws_ros2/install/px4_msgs/include/px4_msgs/px4_msgs/msg/detail/control_allocator_status__rosidl_typesupport_introspection_c.h\n'}
[0.895329] (px4_msgs) StdoutLine: {'line': b'-- Up-to-date: /home/nicolas/ws_ros2/install/px4_msgs/include/px4_msgs/px4_msgs/msg/detail/parameter_set_used_request__type_support.c\n'}
[0.895361] (px4_msgs) StdoutLine: {'line': b'-- Up-to-date: /home/nicolas/ws_ros2/install/px4_msgs/include/px4_msgs/px4_msgs/msg/detail/config_overrides__rosidl_typesupport_introspection_c.h\n'}
[0.895393] (px4_msgs) StdoutLine: {'line': b'-- Up-to-date: /home/nicolas/ws_ros2/install/px4_msgs/include/px4_msgs/px4_msgs/msg/detail/estimator_aid_source3d__type_support.c\n'}
[0.895441] (px4_msgs) StdoutLine: {'line': b'-- Up-to-date: /home/nicolas/ws_ros2/install/px4_msgs/include/px4_msgs/px4_msgs/msg/detail/wheel_encoders__rosidl_typesupport_introspection_c.h\n'}
[0.895470] (px4_msgs) StdoutLine: {'line': b'-- Up-to-date: /home/nicolas/ws_ros2/install/px4_msgs/include/px4_msgs/px4_msgs/msg/detail/esc_report__rosidl_typesupport_introspection_c.h\n'}
[0.895500] (px4_msgs) StdoutLine: {'line': b'-- Up-to-date: /home/nicolas/ws_ros2/install/px4_msgs/include/px4_msgs/px4_msgs/msg/detail/offboard_control_mode__type_support.c\n'}
[0.895529] (px4_msgs) StdoutLine: {'line': b'-- Up-to-date: /home/nicolas/ws_ros2/install/px4_msgs/include/px4_msgs/px4_msgs/msg/detail/health_report__rosidl_typesupport_introspection_c.h\n'}
[0.895564] (px4_msgs) StdoutLine: {'line': b'-- Up-to-date: /home/nicolas/ws_ros2/install/px4_msgs/include/px4_msgs/px4_msgs/msg/detail/follow_target__rosidl_typesupport_introspection_c.h\n'}
[0.895596] (px4_msgs) StdoutLine: {'line': b'-- Up-to-date: /home/nicolas/ws_ros2/install/px4_msgs/include/px4_msgs/px4_msgs/msg/detail/task_stack_info__rosidl_typesupport_introspection_c.h\n'}
[0.895627] (px4_msgs) StdoutLine: {'line': b'-- Up-to-date: /home/nicolas/ws_ros2/install/px4_msgs/include/px4_msgs/px4_msgs/msg/detail/rtl_status__rosidl_typesupport_introspection_c.h\n'}
[0.895660] (px4_msgs) StdoutLine: {'line': b'-- Up-to-date: /home/nicolas/ws_ros2/install/px4_msgs/include/px4_msgs/px4_msgs/msg/detail/uavcan_parameter_value__rosidl_typesupport_introspection_c.h\n'}
[0.895691] (px4_msgs) StdoutLine: {'line': b'-- Up-to-date: /home/nicolas/ws_ros2/install/px4_msgs/include/px4_msgs/px4_msgs/msg/detail/gimbal_manager_set_attitude__rosidl_typesupport_introspection_c.h\n'}
[0.895724] (px4_msgs) StdoutLine: {'line': b'-- Up-to-date: /home/nicolas/ws_ros2/install/px4_msgs/include/px4_msgs/px4_msgs/msg/detail/sensor_accel__type_support.c\n'}
[0.895755] (px4_msgs) StdoutLine: {'line': b'-- Up-to-date: /home/nicolas/ws_ros2/install/px4_msgs/include/px4_msgs/px4_msgs/msg/detail/mavlink_log__type_support.c\n'}
[0.895787] (px4_msgs) StdoutLine: {'line': b'-- Up-to-date: /home/nicolas/ws_ros2/install/px4_msgs/include/px4_msgs/px4_msgs/msg/detail/camera_capture__rosidl_typesupport_introspection_c.h\n'}
[0.895818] (px4_msgs) StdoutLine: {'line': b'-- Up-to-date: /home/nicolas/ws_ros2/install/px4_msgs/include/px4_msgs/px4_msgs/msg/detail/parameter_set_value_response__type_support.c\n'}
[0.895851] (px4_msgs) StdoutLine: {'line': b'-- Up-to-date: /home/nicolas/ws_ros2/install/px4_msgs/include/px4_msgs/px4_msgs/msg/detail/vehicle_thrust_setpoint__rosidl_typesupport_introspection_c.h\n'}
[0.895902] (px4_msgs) StdoutLine: {'line': b'-- Up-to-date: /home/nicolas/ws_ros2/install/px4_msgs/include/px4_msgs/px4_msgs/msg/detail/sensor_mag__rosidl_typesupport_introspection_c.h\n'}
[0.895940] (px4_msgs) StdoutLine: {'line': b'-- Up-to-date: /home/nicolas/ws_ros2/install/px4_msgs/include/px4_msgs/px4_msgs/msg/detail/rover_speed_setpoint__rosidl_typesupport_introspection_c.h\n'}
[0.895979] (px4_msgs) StdoutLine: {'line': b'-- Up-to-date: /home/nicolas/ws_ros2/install/px4_msgs/include/px4_msgs/px4_msgs/msg/detail/vehicle_status__type_support.c\n'}
[0.896013] (px4_msgs) StdoutLine: {'line': b'-- Up-to-date: /home/nicolas/ws_ros2/install/px4_msgs/include/px4_msgs/px4_msgs/msg/detail/gimbal_manager_set_attitude__type_support.c\n'}
[0.896046] (px4_msgs) StdoutLine: {'line': b'-- Up-to-date: /home/nicolas/ws_ros2/install/px4_msgs/include/px4_msgs/px4_msgs/msg/detail/px4io_status__rosidl_typesupport_introspection_c.h\n'}
[0.896077] (px4_msgs) StdoutLine: {'line': b'-- Up-to-date: /home/nicolas/ws_ros2/install/px4_msgs/include/px4_msgs/px4_msgs/msg/detail/ping__type_support.c\n'}
[0.896109] (px4_msgs) StdoutLine: {'line': b'-- Up-to-date: /home/nicolas/ws_ros2/install/px4_msgs/include/px4_msgs/px4_msgs/msg/detail/gpio_out__rosidl_typesupport_introspection_c.h\n'}
[0.896141] (px4_msgs) StdoutLine: {'line': b'-- Up-to-date: /home/nicolas/ws_ros2/install/px4_msgs/include/px4_msgs/px4_msgs/msg/detail/navigator_status__rosidl_typesupport_introspection_c.h\n'}
[0.896196] (px4_msgs) StdoutLine: {'line': b'-- Up-to-date: /home/nicolas/ws_ros2/install/px4_msgs/include/px4_msgs/px4_msgs/msg/detail/mission__type_support.c\n'}
[0.896228] (px4_msgs) StdoutLine: {'line': b'-- Up-to-date: /home/nicolas/ws_ros2/install/px4_msgs/include/px4_msgs/px4_msgs/msg/detail/uavcan_parameter_request__rosidl_typesupport_introspection_c.h\n'}
[0.896257] (px4_msgs) StdoutLine: {'line': b'-- Up-to-date: /home/nicolas/ws_ros2/install/px4_msgs/include/px4_msgs/px4_msgs/msg/detail/px4io_status__type_support.c\n'}
[0.896287] (px4_msgs) StdoutLine: {'line': b'-- Up-to-date: /home/nicolas/ws_ros2/install/px4_msgs/include/px4_msgs/px4_msgs/msg/detail/mavlink_tunnel__rosidl_typesupport_introspection_c.h\n'}
[0.896316] (px4_msgs) StdoutLine: {'line': b'-- Up-to-date: /home/nicolas/ws_ros2/install/px4_msgs/include/px4_msgs/px4_msgs/msg/detail/gps_inject_data__type_support.c\n'}
[0.896358] (px4_msgs) StdoutLine: {'line': b'-- Up-to-date: /home/nicolas/ws_ros2/install/px4_msgs/include/px4_msgs/px4_msgs/msg/detail/mission__rosidl_typesupport_introspection_c.h\n'}
[0.896389] (px4_msgs) StdoutLine: {'line': b'-- Up-to-date: /home/nicolas/ws_ros2/install/px4_msgs/include/px4_msgs/px4_msgs/msg/detail/tune_control__type_support.c\n'}
[0.896418] (px4_msgs) StdoutLine: {'line': b'-- Up-to-date: /home/nicolas/ws_ros2/install/px4_msgs/include/px4_msgs/px4_msgs/msg/detail/estimator_selector_status__type_support.c\n'}
[0.896447] (px4_msgs) StdoutLine: {'line': b'-- Up-to-date: /home/nicolas/ws_ros2/install/px4_msgs/include/px4_msgs/px4_msgs/msg/detail/sensor_preflight_mag__type_support.c\n'}
[0.896476] (px4_msgs) StdoutLine: {'line': b'-- Up-to-date: /home/nicolas/ws_ros2/install/px4_msgs/include/px4_msgs/px4_msgs/msg/detail/rover_steering_setpoint__rosidl_typesupport_introspection_c.h\n'}
[0.896508] (px4_msgs) StdoutLine: {'line': b'-- Up-to-date: /home/nicolas/ws_ros2/install/px4_msgs/include/px4_msgs/px4_msgs/msg/detail/rc_parameter_map__type_support.c\n'}
[0.896538] (px4_msgs) StdoutLine: {'line': b'-- Up-to-date: /home/nicolas/ws_ros2/install/px4_msgs/include/px4_msgs/px4_msgs/msg/detail/landing_target_pose__type_support.c\n'}
[0.896569] (px4_msgs) StdoutLine: {'line': b'-- Up-to-date: /home/nicolas/ws_ros2/install/px4_msgs/include/px4_msgs/px4_msgs/msg/detail/timesync_status__type_support.c\n'}
[0.896601] (px4_msgs) StdoutLine: {'line': b'-- Up-to-date: /home/nicolas/ws_ros2/install/px4_msgs/include/px4_msgs/px4_msgs/msg/detail/mount_orientation__rosidl_typesupport_introspection_c.h\n'}
[0.896632] (px4_msgs) StdoutLine: {'line': b'-- Up-to-date: /home/nicolas/ws_ros2/install/px4_msgs/include/px4_msgs/px4_msgs/msg/detail/heater_status__rosidl_typesupport_introspection_c.h\n'}
[0.896664] (px4_msgs) StdoutLine: {'line': b'-- Up-to-date: /home/nicolas/ws_ros2/install/px4_msgs/include/px4_msgs/px4_msgs/msg/detail/fixed_wing_lateral_status__type_support.c\n'}
[0.896696] (px4_msgs) StdoutLine: {'line': b'-- Up-to-date: /home/nicolas/ws_ros2/install/px4_msgs/include/px4_msgs/px4_msgs/msg/detail/obstacle_distance__rosidl_typesupport_introspection_c.h\n'}
[0.896729] (px4_msgs) StdoutLine: {'line': b'-- Up-to-date: /home/nicolas/ws_ros2/install/px4_msgs/include/px4_msgs/px4_msgs/msg/detail/failure_detector_status__type_support.c\n'}
[0.896761] (px4_msgs) StdoutLine: {'line': b'-- Up-to-date: /home/nicolas/ws_ros2/install/px4_msgs/include/px4_msgs/px4_msgs/msg/detail/sensors_status_imu__type_support.c\n'}
[0.896792] (px4_msgs) StdoutLine: {'line': b'-- Up-to-date: /home/nicolas/ws_ros2/install/px4_msgs/include/px4_msgs/px4_msgs/msg/detail/vehicle_control_mode__rosidl_typesupport_introspection_c.h\n'}
[0.896825] (px4_msgs) StdoutLine: {'line': b'-- Up-to-date: /home/nicolas/ws_ros2/install/px4_msgs/include/px4_msgs/px4_msgs/msg/detail/gimbal_manager_set_manual_control__rosidl_typesupport_introspection_c.h\n'}
[0.896857] (px4_msgs) StdoutLine: {'line': b'-- Up-to-date: /home/nicolas/ws_ros2/install/px4_msgs/include/px4_msgs/px4_msgs/msg/detail/parameter_set_value_response__rosidl_typesupport_introspection_c.h\n'}
[0.896910] (px4_msgs) StdoutLine: {'line': b'-- Up-to-date: /home/nicolas/ws_ros2/install/px4_msgs/include/px4_msgs/px4_msgs/msg/detail/camera_capture__type_support.c\n'}
[0.896947] (px4_msgs) StdoutLine: {'line': b'-- Up-to-date: /home/nicolas/ws_ros2/install/px4_msgs/include/px4_msgs/px4_msgs/msg/detail/vehicle_optical_flow_vel__rosidl_typesupport_introspection_c.h\n'}
[0.896980] (px4_msgs) StdoutLine: {'line': b'-- Up-to-date: /home/nicolas/ws_ros2/install/px4_msgs/include/px4_msgs/px4_msgs/msg/detail/fixed_wing_lateral_guidance_status__rosidl_typesupport_introspection_c.h\n'}
[0.897012] (px4_msgs) StdoutLine: {'line': b'-- Up-to-date: /home/nicolas/ws_ros2/install/px4_msgs/include/px4_msgs/px4_msgs/msg/detail/qshell_req__rosidl_typesupport_introspection_c.h\n'}
[0.897045] (px4_msgs) StdoutLine: {'line': b'-- Up-to-date: /home/nicolas/ws_ros2/install/px4_msgs/include/px4_msgs/px4_msgs/msg/detail/estimator_bias__type_support.c\n'}
[0.897077] (px4_msgs) StdoutLine: {'line': b'-- Up-to-date: /home/nicolas/ws_ros2/install/px4_msgs/include/px4_msgs/px4_msgs/msg/detail/sensor_hygrometer__type_support.c\n'}
[0.897109] (px4_msgs) StdoutLine: {'line': b'-- Up-to-date: /home/nicolas/ws_ros2/install/px4_msgs/include/px4_msgs/px4_msgs/msg/detail/dataman_request__type_support.c\n'}
[0.897140] (px4_msgs) StdoutLine: {'line': b'-- Up-to-date: /home/nicolas/ws_ros2/install/px4_msgs/include/px4_msgs/px4_msgs/msg/detail/obstacle_distance__type_support.c\n'}
[0.897172] (px4_msgs) StdoutLine: {'line': b'-- Up-to-date: /home/nicolas/ws_ros2/install/px4_msgs/include/px4_msgs/px4_msgs/msg/detail/sensor_combined__type_support.c\n'}
[0.897203] (px4_msgs) StdoutLine: {'line': b'-- Up-to-date: /home/nicolas/ws_ros2/install/px4_msgs/include/px4_msgs/px4_msgs/msg/detail/trajectory_setpoint6dof__rosidl_typesupport_introspection_c.h\n'}
[0.897235] (px4_msgs) StdoutLine: {'line': b'-- Up-to-date: /home/nicolas/ws_ros2/install/px4_msgs/include/px4_msgs/px4_msgs/msg/detail/parameter_reset_request__rosidl_typesupport_introspection_c.h\n'}
[0.897268] (px4_msgs) StdoutLine: {'line': b'-- Up-to-date: /home/nicolas/ws_ros2/install/px4_msgs/include/px4_msgs/px4_msgs/msg/detail/normalized_unsigned_setpoint__rosidl_typesupport_introspection_c.h\n'}
[0.897300] (px4_msgs) StdoutLine: {'line': b'-- Up-to-date: /home/nicolas/ws_ros2/install/px4_msgs/include/px4_msgs/px4_msgs/msg/detail/vehicle_land_detected__rosidl_typesupport_introspection_c.h\n'}
[0.897331] (px4_msgs) StdoutLine: {'line': b'-- Up-to-date: /home/nicolas/ws_ros2/install/px4_msgs/include/px4_msgs/px4_msgs/msg/detail/button_event__type_support.c\n'}
[0.897363] (px4_msgs) StdoutLine: {'line': b'-- Up-to-date: /home/nicolas/ws_ros2/install/px4_msgs/include/px4_msgs/px4_msgs/msg/detail/gps_inject_data__rosidl_typesupport_introspection_c.h\n'}
[0.897394] (px4_msgs) StdoutLine: {'line': b'-- Up-to-date: /home/nicolas/ws_ros2/install/px4_msgs/include/px4_msgs/px4_msgs/msg/detail/navigator_mission_item__rosidl_typesupport_introspection_c.h\n'}
[0.897428] (px4_msgs) StdoutLine: {'line': b'-- Up-to-date: /home/nicolas/ws_ros2/install/px4_msgs/include/px4_msgs/px4_msgs/msg/detail/estimator_aid_source3d__rosidl_typesupport_introspection_c.h\n'}
[0.897461] (px4_msgs) StdoutLine: {'line': b'-- Up-to-date: /home/nicolas/ws_ros2/install/px4_msgs/include/px4_msgs/px4_msgs/msg/detail/message_format_response__type_support.c\n'}
[0.897492] (px4_msgs) StdoutLine: {'line': b'-- Up-to-date: /home/nicolas/ws_ros2/install/px4_msgs/include/px4_msgs/px4_msgs/msg/detail/gimbal_device_attitude_status__rosidl_typesupport_introspection_c.h\n'}
[0.897524] (px4_msgs) StdoutLine: {'line': b'-- Up-to-date: /home/nicolas/ws_ros2/install/px4_msgs/include/px4_msgs/px4_msgs/msg/detail/esc_status__type_support.c\n'}
[0.897556] (px4_msgs) StdoutLine: {'line': b'-- Up-to-date: /home/nicolas/ws_ros2/install/px4_msgs/include/px4_msgs/px4_msgs/msg/detail/vehicle_imu__rosidl_typesupport_introspection_c.h\n'}
[0.897587] (px4_msgs) StdoutLine: {'line': b'-- Up-to-date: /home/nicolas/ws_ros2/install/px4_msgs/include/px4_msgs/px4_msgs/msg/detail/open_drone_id_operator_id__rosidl_typesupport_introspection_c.h\n'}
[0.897637] (px4_msgs) StdoutLine: {'line': b'-- Up-to-date: /home/nicolas/ws_ros2/install/px4_msgs/include/px4_msgs/px4_msgs/msg/detail/sensor_optical_flow__type_support.c\n'}
[0.897669] (px4_msgs) StdoutLine: {'line': b'-- Up-to-date: /home/nicolas/ws_ros2/install/px4_msgs/include/px4_msgs/px4_msgs/msg/detail/sensor_gps__rosidl_typesupport_introspection_c.h\n'}
[0.897701] (px4_msgs) StdoutLine: {'line': b'-- Up-to-date: /home/nicolas/ws_ros2/install/px4_msgs/include/px4_msgs/px4_msgs/msg/detail/sensor_accel_fifo__rosidl_typesupport_introspection_c.h\n'}
[0.897734] (px4_msgs) StdoutLine: {'line': b'-- Up-to-date: /home/nicolas/ws_ros2/install/px4_msgs/include/px4_msgs/px4_msgs/msg/detail/estimator_bias__rosidl_typesupport_introspection_c.h\n'}
[0.897766] (px4_msgs) StdoutLine: {'line': b'-- Up-to-date: /home/nicolas/ws_ros2/install/px4_msgs/include/px4_msgs/px4_msgs/msg/detail/ulog_stream__rosidl_typesupport_introspection_c.h\n'}
[0.897798] (px4_msgs) StdoutLine: {'line': b'-- Up-to-date: /home/nicolas/ws_ros2/install/px4_msgs/include/px4_msgs/px4_msgs/msg/detail/position_setpoint_triplet__type_support.c\n'}
[0.897829] (px4_msgs) StdoutLine: {'line': b'-- Up-to-date: /home/nicolas/ws_ros2/install/px4_msgs/include/px4_msgs/px4_msgs/msg/detail/sensor_gyro_fifo__rosidl_typesupport_introspection_c.h\n'}
[0.897885] (px4_msgs) StdoutLine: {'line': b'-- Up-to-date: /home/nicolas/ws_ros2/install/px4_msgs/include/px4_msgs/px4_msgs/msg/detail/uavcan_parameter_request__type_support.c\n'}
[0.897919] (px4_msgs) StdoutLine: {'line': b'-- Up-to-date: /home/nicolas/ws_ros2/install/px4_msgs/include/px4_msgs/px4_msgs/msg/detail/task_stack_info__type_support.c\n'}
[0.897954] (px4_msgs) StdoutLine: {'line': b'-- Up-to-date: /home/nicolas/ws_ros2/install/px4_msgs/include/px4_msgs/px4_msgs/msg/detail/config_overrides__type_support.c\n'}
[0.897986] (px4_msgs) StdoutLine: {'line': b'-- Up-to-date: /home/nicolas/ws_ros2/install/px4_msgs/include/px4_msgs/px4_msgs/msg/detail/differential_pressure__type_support.c\n'}
[0.898018] (px4_msgs) StdoutLine: {'line': b'-- Up-to-date: /home/nicolas/ws_ros2/install/px4_msgs/include/px4_msgs/px4_msgs/msg/detail/transponder_report__type_support.c\n'}
[0.898050] (px4_msgs) StdoutLine: {'line': b'-- Up-to-date: /home/nicolas/ws_ros2/install/px4_msgs/include/px4_msgs/px4_msgs/msg/detail/onboard_computer_status__type_support.c\n'}
[0.898081] (px4_msgs) StdoutLine: {'line': b'-- Up-to-date: /home/nicolas/ws_ros2/install/px4_msgs/include/px4_msgs/px4_msgs/msg/detail/cpuload__type_support.c\n'}
[0.898113] (px4_msgs) StdoutLine: {'line': b'-- Up-to-date: /home/nicolas/ws_ros2/install/px4_msgs/include/px4_msgs/px4_msgs/msg/detail/qshell_req__type_support.c\n'}
[0.898144] (px4_msgs) StdoutLine: {'line': b'-- Up-to-date: /home/nicolas/ws_ros2/install/px4_msgs/include/px4_msgs/px4_msgs/msg/detail/open_drone_id_arm_status__type_support.c\n'}
[0.898176] (px4_msgs) StdoutLine: {'line': b'-- Up-to-date: /home/nicolas/ws_ros2/install/px4_msgs/include/px4_msgs/px4_msgs/msg/detail/pps_capture__rosidl_typesupport_introspection_c.h\n'}
[0.898207] (px4_msgs) StdoutLine: {'line': b'-- Up-to-date: /home/nicolas/ws_ros2/install/px4_msgs/include/px4_msgs/px4_msgs/msg/detail/follow_target_status__type_support.c\n'}
[0.898239] (px4_msgs) StdoutLine: {'line': b'-- Up-to-date: /home/nicolas/ws_ros2/install/px4_msgs/include/px4_msgs/px4_msgs/msg/detail/generator_status__rosidl_typesupport_introspection_c.h\n'}
[0.898270] (px4_msgs) StdoutLine: {'line': b'-- Up-to-date: /home/nicolas/ws_ros2/install/px4_msgs/include/px4_msgs/px4_msgs/msg/detail/tecs_status__type_support.c\n'}
[0.898302] (px4_msgs) StdoutLine: {'line': b'-- Up-to-date: /home/nicolas/ws_ros2/install/px4_msgs/include/px4_msgs/px4_msgs/msg/detail/led_control__type_support.c\n'}
[0.898335] (px4_msgs) StdoutLine: {'line': b'-- Up-to-date: /home/nicolas/ws_ros2/install/px4_msgs/include/px4_msgs/px4_msgs/msg/detail/yaw_estimator_status__type_support.c\n'}
[0.898388] (px4_msgs) StdoutLine: {'line': b'-- Up-to-date: /home/nicolas/ws_ros2/install/px4_msgs/include/px4_msgs/px4_msgs/msg/detail/logger_status__rosidl_typesupport_introspection_c.h\n'}
[0.898421] (px4_msgs) StdoutLine: {'line': b'-- Up-to-date: /home/nicolas/ws_ros2/install/px4_msgs/include/px4_msgs/px4_msgs/msg/detail/geofence_result__rosidl_typesupport_introspection_c.h\n'}
[0.898473] (px4_msgs) StdoutLine: {'line': b'-- Up-to-date: /home/nicolas/ws_ros2/install/px4_msgs/include/px4_msgs/px4_msgs/msg/detail/home_position__type_support.c\n'}
[0.898504] (px4_msgs) StdoutLine: {'line': b'-- Up-to-date: /home/nicolas/ws_ros2/install/px4_msgs/include/px4_msgs/px4_msgs/msg/detail/sensor_airflow__type_support.c\n'}
[0.898534] (px4_msgs) StdoutLine: {'line': b'-- Up-to-date: /home/nicolas/ws_ros2/install/px4_msgs/include/px4_msgs/px4_msgs/msg/rosidl_typesupport_introspection_c__visibility_control.h\n'}
[0.898562] (px4_msgs) StdoutLine: {'line': b'-- Up-to-date: /home/nicolas/ws_ros2/install/px4_msgs/lib/libpx4_msgs__rosidl_typesupport_introspection_c.so\n'}
[0.898592] (px4_msgs) StdoutLine: {'line': b'-- Up-to-date: /home/nicolas/ws_ros2/install/px4_msgs/lib/libpx4_msgs__rosidl_typesupport_c.so\n'}
[0.898647] (px4_msgs) StdoutLine: {'line': b'-- Up-to-date: /home/nicolas/ws_ros2/install/px4_msgs/include/px4_msgs/px4_msgs\n'}
[0.898676] (px4_msgs) StdoutLine: {'line': b'-- Up-to-date: /home/nicolas/ws_ros2/install/px4_msgs/include/px4_msgs/px4_msgs/srv\n'}
[0.898704] (px4_msgs) StdoutLine: {'line': b'-- Up-to-date: /home/nicolas/ws_ros2/install/px4_msgs/include/px4_msgs/px4_msgs/srv/detail\n'}
[0.898734] (px4_msgs) StdoutLine: {'line': b'-- Up-to-date: /home/nicolas/ws_ros2/install/px4_msgs/include/px4_msgs/px4_msgs/srv/detail/vehicle_command__rosidl_typesupport_introspection_cpp.hpp\n'}
[0.898763] (px4_msgs) StdoutLine: {'line': b'-- Up-to-date: /home/nicolas/ws_ros2/install/px4_msgs/include/px4_msgs/px4_msgs/srv/detail/vehicle_command__type_support.cpp\n'}
[0.898797] (px4_msgs) StdoutLine: {'line': b'-- Up-to-date: /home/nicolas/ws_ros2/install/px4_msgs/include/px4_msgs/px4_msgs/msg\n'}
[0.898832] (px4_msgs) StdoutLine: {'line': b'-- Up-to-date: /home/nicolas/ws_ros2/install/px4_msgs/include/px4_msgs/px4_msgs/msg/detail\n'}
[0.898866] (px4_msgs) StdoutLine: {'line': b'-- Up-to-date: /home/nicolas/ws_ros2/install/px4_msgs/include/px4_msgs/px4_msgs/msg/detail/open_drone_id_operator_id__type_support.cpp\n'}
[0.898907] (px4_msgs) StdoutLine: {'line': b'-- Up-to-date: /home/nicolas/ws_ros2/install/px4_msgs/include/px4_msgs/px4_msgs/msg/detail/fixed_wing_lateral_guidance_status__rosidl_typesupport_introspection_cpp.hpp\n'}
[0.898946] (px4_msgs) StdoutLine: {'line': b'-- Up-to-date: /home/nicolas/ws_ros2/install/px4_msgs/include/px4_msgs/px4_msgs/msg/detail/takeoff_status__rosidl_typesupport_introspection_cpp.hpp\n'}
[0.898982] (px4_msgs) StdoutLine: {'line': b'-- Up-to-date: /home/nicolas/ws_ros2/install/px4_msgs/include/px4_msgs/px4_msgs/msg/detail/sensor_hygrometer__type_support.cpp\n'}
[0.899039] (px4_msgs) StdoutLine: {'line': b'-- Up-to-date: /home/nicolas/ws_ros2/install/px4_msgs/include/px4_msgs/px4_msgs/msg/detail/differential_pressure__type_support.cpp\n'}
[0.899069] (px4_msgs) StdoutLine: {'line': b'-- Up-to-date: /home/nicolas/ws_ros2/install/px4_msgs/include/px4_msgs/px4_msgs/msg/detail/uavcan_parameter_value__type_support.cpp\n'}
[0.899098] (px4_msgs) StdoutLine: {'line': b'-- Up-to-date: /home/nicolas/ws_ros2/install/px4_msgs/include/px4_msgs/px4_msgs/msg/detail/sensor_baro__type_support.cpp\n'}
[0.899128] (px4_msgs) StdoutLine: {'line': b'-- Up-to-date: /home/nicolas/ws_ros2/install/px4_msgs/include/px4_msgs/px4_msgs/msg/detail/camera_trigger__type_support.cpp\n'}
[0.899164] (px4_msgs) StdoutLine: {'line': b'-- Up-to-date: /home/nicolas/ws_ros2/install/px4_msgs/include/px4_msgs/px4_msgs/msg/detail/estimator_aid_source2d__rosidl_typesupport_introspection_cpp.hpp\n'}
[0.899197] (px4_msgs) StdoutLine: {'line': b'-- Up-to-date: /home/nicolas/ws_ros2/install/px4_msgs/include/px4_msgs/px4_msgs/msg/detail/fixed_wing_longitudinal_setpoint__type_support.cpp\n'}
[0.899246] (px4_msgs) StdoutLine: {'line': b'-- Up-to-date: /home/nicolas/ws_ros2/install/px4_msgs/include/px4_msgs/px4_msgs/msg/detail/failure_detector_status__rosidl_typesupport_introspection_cpp.hpp\n'}
[0.899276] (px4_msgs) StdoutLine: {'line': b'-- Up-to-date: /home/nicolas/ws_ros2/install/px4_msgs/include/px4_msgs/px4_msgs/msg/detail/actuator_motors__rosidl_typesupport_introspection_cpp.hpp\n'}
[0.899306] (px4_msgs) StdoutLine: {'line': b'-- Up-to-date: /home/nicolas/ws_ros2/install/px4_msgs/include/px4_msgs/px4_msgs/msg/detail/iridiumsbd_status__rosidl_typesupport_introspection_cpp.hpp\n'}
[0.899337] (px4_msgs) StdoutLine: {'line': b'-- Up-to-date: /home/nicolas/ws_ros2/install/px4_msgs/include/px4_msgs/px4_msgs/msg/detail/ekf2_timestamps__rosidl_typesupport_introspection_cpp.hpp\n'}
[0.899366] (px4_msgs) StdoutLine: {'line': b'-- Up-to-date: /home/nicolas/ws_ros2/install/px4_msgs/include/px4_msgs/px4_msgs/msg/detail/vehicle_magnetometer__rosidl_typesupport_introspection_cpp.hpp\n'}
[0.899396] (px4_msgs) StdoutLine: {'line': b'-- Up-to-date: /home/nicolas/ws_ros2/install/px4_msgs/include/px4_msgs/px4_msgs/msg/detail/gimbal_device_attitude_status__rosidl_typesupport_introspection_cpp.hpp\n'}
[0.899428] (px4_msgs) StdoutLine: {'line': b'-- Up-to-date: /home/nicolas/ws_ros2/install/px4_msgs/include/px4_msgs/px4_msgs/msg/detail/estimator_innovations__type_support.cpp\n'}
[0.899459] (px4_msgs) StdoutLine: {'line': b'-- Up-to-date: /home/nicolas/ws_ros2/install/px4_msgs/include/px4_msgs/px4_msgs/msg/detail/vehicle_attitude__rosidl_typesupport_introspection_cpp.hpp\n'}
[0.899488] (px4_msgs) StdoutLine: {'line': b'-- Up-to-date: /home/nicolas/ws_ros2/install/px4_msgs/include/px4_msgs/px4_msgs/msg/detail/vehicle_thrust_setpoint__rosidl_typesupport_introspection_cpp.hpp\n'}
[0.899518] (px4_msgs) StdoutLine: {'line': b'-- Up-to-date: /home/nicolas/ws_ros2/install/px4_msgs/include/px4_msgs/px4_msgs/msg/detail/telemetry_status__type_support.cpp\n'}
[0.899552] (px4_msgs) StdoutLine: {'line': b'-- Up-to-date: /home/nicolas/ws_ros2/install/px4_msgs/include/px4_msgs/px4_msgs/msg/detail/vehicle_air_data__rosidl_typesupport_introspection_cpp.hpp\n'}
[0.899585] (px4_msgs) StdoutLine: {'line': b'-- Up-to-date: /home/nicolas/ws_ros2/install/px4_msgs/include/px4_msgs/px4_msgs/msg/detail/sensor_gnss_relative__rosidl_typesupport_introspection_cpp.hpp\n'}
[0.899617] (px4_msgs) StdoutLine: {'line': b'-- Up-to-date: /home/nicolas/ws_ros2/install/px4_msgs/include/px4_msgs/px4_msgs/msg/detail/can_interface_status__rosidl_typesupport_introspection_cpp.hpp\n'}
[0.899649] (px4_msgs) StdoutLine: {'line': b'-- Up-to-date: /home/nicolas/ws_ros2/install/px4_msgs/include/px4_msgs/px4_msgs/msg/detail/open_drone_id_self_id__rosidl_typesupport_introspection_cpp.hpp\n'}
[0.899708] (px4_msgs) StdoutLine: {'line': b'-- Up-to-date: /home/nicolas/ws_ros2/install/px4_msgs/include/px4_msgs/px4_msgs/msg/detail/vehicle_angular_velocity__type_support.cpp\n'}
[0.899739] (px4_msgs) StdoutLine: {'line': b'-- Up-to-date: /home/nicolas/ws_ros2/install/px4_msgs/include/px4_msgs/px4_msgs/msg/detail/longitudinal_control_configuration__rosidl_typesupport_introspection_cpp.hpp\n'}
[0.899790] (px4_msgs) StdoutLine: {'line': b'-- Up-to-date: /home/nicolas/ws_ros2/install/px4_msgs/include/px4_msgs/px4_msgs/msg/detail/uavcan_parameter_value__rosidl_typesupport_introspection_cpp.hpp\n'}
[0.899820] (px4_msgs) StdoutLine: {'line': b'-- Up-to-date: /home/nicolas/ws_ros2/install/px4_msgs/include/px4_msgs/px4_msgs/msg/detail/radio_status__rosidl_typesupport_introspection_cpp.hpp\n'}
[0.899849] (px4_msgs) StdoutLine: {'line': b'-- Up-to-date: /home/nicolas/ws_ros2/install/px4_msgs/include/px4_msgs/px4_msgs/msg/detail/radio_status__type_support.cpp\n'}
[0.899879] (px4_msgs) StdoutLine: {'line': b'-- Up-to-date: /home/nicolas/ws_ros2/install/px4_msgs/include/px4_msgs/px4_msgs/msg/detail/esc_report__rosidl_typesupport_introspection_cpp.hpp\n'}
[0.899908] (px4_msgs) StdoutLine: {'line': b'-- Up-to-date: /home/nicolas/ws_ros2/install/px4_msgs/include/px4_msgs/px4_msgs/msg/detail/vehicle_rates_setpoint__rosidl_typesupport_introspection_cpp.hpp\n'}
[0.899946] (px4_msgs) StdoutLine: {'line': b'-- Up-to-date: /home/nicolas/ws_ros2/install/px4_msgs/include/px4_msgs/px4_msgs/msg/detail/gimbal_device_attitude_status__type_support.cpp\n'}
[0.899982] (px4_msgs) StdoutLine: {'line': b'-- Up-to-date: /home/nicolas/ws_ros2/install/px4_msgs/include/px4_msgs/px4_msgs/msg/detail/estimator_event_flags__rosidl_typesupport_introspection_cpp.hpp\n'}
[0.900017] (px4_msgs) StdoutLine: {'line': b'-- Up-to-date: /home/nicolas/ws_ros2/install/px4_msgs/include/px4_msgs/px4_msgs/msg/detail/normalized_unsigned_setpoint__type_support.cpp\n'}
[0.900057] (px4_msgs) StdoutLine: {'line': b'-- Up-to-date: /home/nicolas/ws_ros2/install/px4_msgs/include/px4_msgs/px4_msgs/msg/detail/vehicle_rates_setpoint__type_support.cpp\n'}
[0.900090] (px4_msgs) StdoutLine: {'line': b'-- Up-to-date: /home/nicolas/ws_ros2/install/px4_msgs/include/px4_msgs/px4_msgs/msg/detail/control_allocator_status__type_support.cpp\n'}
[0.900123] (px4_msgs) StdoutLine: {'line': b'-- Up-to-date: /home/nicolas/ws_ros2/install/px4_msgs/include/px4_msgs/px4_msgs/msg/detail/irlock_report__type_support.cpp\n'}
[0.900155] (px4_msgs) StdoutLine: {'line': b'-- Up-to-date: /home/nicolas/ws_ros2/install/px4_msgs/include/px4_msgs/px4_msgs/msg/detail/gimbal_manager_set_attitude__type_support.cpp\n'}
[0.900186] (px4_msgs) StdoutLine: {'line': b'-- Up-to-date: /home/nicolas/ws_ros2/install/px4_msgs/include/px4_msgs/px4_msgs/msg/detail/battery_info__type_support.cpp\n'}
[0.900217] (px4_msgs) StdoutLine: {'line': b'-- Up-to-date: /home/nicolas/ws_ros2/install/px4_msgs/include/px4_msgs/px4_msgs/msg/detail/heater_status__rosidl_typesupport_introspection_cpp.hpp\n'}
[0.900250] (px4_msgs) StdoutLine: {'line': b'-- Up-to-date: /home/nicolas/ws_ros2/install/px4_msgs/include/px4_msgs/px4_msgs/msg/detail/button_event__rosidl_typesupport_introspection_cpp.hpp\n'}
[0.900283] (px4_msgs) StdoutLine: {'line': b'-- Up-to-date: /home/nicolas/ws_ros2/install/px4_msgs/include/px4_msgs/px4_msgs/msg/detail/distance_sensor_mode_change_request__type_support.cpp\n'}
[0.900316] (px4_msgs) StdoutLine: {'line': b'-- Up-to-date: /home/nicolas/ws_ros2/install/px4_msgs/include/px4_msgs/px4_msgs/msg/detail/sensor_uwb__type_support.cpp\n'}
[0.900351] (px4_msgs) StdoutLine: {'line': b'-- Up-to-date: /home/nicolas/ws_ros2/install/px4_msgs/include/px4_msgs/px4_msgs/msg/detail/vehicle_control_mode__type_support.cpp\n'}
[0.900384] (px4_msgs) StdoutLine: {'line': b'-- Up-to-date: /home/nicolas/ws_ros2/install/px4_msgs/include/px4_msgs/px4_msgs/msg/detail/vehicle_status__rosidl_typesupport_introspection_cpp.hpp\n'}
[0.900416] (px4_msgs) StdoutLine: {'line': b'-- Up-to-date: /home/nicolas/ws_ros2/install/px4_msgs/include/px4_msgs/px4_msgs/msg/detail/sensor_gnss_status__type_support.cpp\n'}
[0.900448] (px4_msgs) StdoutLine: {'line': b'-- Up-to-date: /home/nicolas/ws_ros2/install/px4_msgs/include/px4_msgs/px4_msgs/msg/detail/tune_control__type_support.cpp\n'}
[0.900479] (px4_msgs) StdoutLine: {'line': b'-- Up-to-date: /home/nicolas/ws_ros2/install/px4_msgs/include/px4_msgs/px4_msgs/msg/detail/vehicle_control_mode__rosidl_typesupport_introspection_cpp.hpp\n'}
[0.900512] (px4_msgs) StdoutLine: {'line': b'-- Up-to-date: /home/nicolas/ws_ros2/install/px4_msgs/include/px4_msgs/px4_msgs/msg/detail/fixed_wing_lateral_setpoint__type_support.cpp\n'}
[0.900545] (px4_msgs) StdoutLine: {'line': b'-- Up-to-date: /home/nicolas/ws_ros2/install/px4_msgs/include/px4_msgs/px4_msgs/msg/detail/sensors_status__type_support.cpp\n'}
[0.900577] (px4_msgs) StdoutLine: {'line': b'-- Up-to-date: /home/nicolas/ws_ros2/install/px4_msgs/include/px4_msgs/px4_msgs/msg/detail/sensor_uwb__rosidl_typesupport_introspection_cpp.hpp\n'}
[0.900611] (px4_msgs) StdoutLine: {'line': b'-- Up-to-date: /home/nicolas/ws_ros2/install/px4_msgs/include/px4_msgs/px4_msgs/msg/detail/hover_thrust_estimate__type_support.cpp\n'}
[0.900644] (px4_msgs) StdoutLine: {'line': b'-- Up-to-date: /home/nicolas/ws_ros2/install/px4_msgs/include/px4_msgs/px4_msgs/msg/detail/debug_array__rosidl_typesupport_introspection_cpp.hpp\n'}
[0.900706] (px4_msgs) StdoutLine: {'line': b'-- Up-to-date: /home/nicolas/ws_ros2/install/px4_msgs/include/px4_msgs/px4_msgs/msg/detail/velocity_limits__type_support.cpp\n'}
[0.900738] (px4_msgs) StdoutLine: {'line': b'-- Up-to-date: /home/nicolas/ws_ros2/install/px4_msgs/include/px4_msgs/px4_msgs/msg/detail/trajectory_setpoint6dof__rosidl_typesupport_introspection_cpp.hpp\n'}
[0.900771] (px4_msgs) StdoutLine: {'line': b'-- Up-to-date: /home/nicolas/ws_ros2/install/px4_msgs/include/px4_msgs/px4_msgs/msg/detail/sensor_airflow__type_support.cpp\n'}
[0.900802] (px4_msgs) StdoutLine: {'line': b'-- Up-to-date: /home/nicolas/ws_ros2/install/px4_msgs/include/px4_msgs/px4_msgs/msg/detail/estimator_sensor_bias__type_support.cpp\n'}
[0.900837] (px4_msgs) StdoutLine: {'line': b'-- Up-to-date: /home/nicolas/ws_ros2/install/px4_msgs/include/px4_msgs/px4_msgs/msg/detail/satellite_info__type_support.cpp\n'}
[0.900869] (px4_msgs) StdoutLine: {'line': b'-- Up-to-date: /home/nicolas/ws_ros2/install/px4_msgs/include/px4_msgs/px4_msgs/msg/detail/rover_attitude_status__rosidl_typesupport_introspection_cpp.hpp\n'}
[0.900902] (px4_msgs) StdoutLine: {'line': b'-- Up-to-date: /home/nicolas/ws_ros2/install/px4_msgs/include/px4_msgs/px4_msgs/msg/detail/figure_eight_status__rosidl_typesupport_introspection_cpp.hpp\n'}
[0.900940] (px4_msgs) StdoutLine: {'line': b'-- Up-to-date: /home/nicolas/ws_ros2/install/px4_msgs/include/px4_msgs/px4_msgs/msg/detail/airspeed_validated__rosidl_typesupport_introspection_cpp.hpp\n'}
[0.900974] (px4_msgs) StdoutLine: {'line': b'-- Up-to-date: /home/nicolas/ws_ros2/install/px4_msgs/include/px4_msgs/px4_msgs/msg/detail/manual_control_switches__rosidl_typesupport_introspection_cpp.hpp\n'}
[0.901042] (px4_msgs) StdoutLine: {'line': b'-- Up-to-date: /home/nicolas/ws_ros2/install/px4_msgs/include/px4_msgs/px4_msgs/msg/detail/gimbal_device_set_attitude__type_support.cpp\n'}
[0.901075] (px4_msgs) StdoutLine: {'line': b'-- Up-to-date: /home/nicolas/ws_ros2/install/px4_msgs/include/px4_msgs/px4_msgs/msg/detail/uavcan_parameter_request__rosidl_typesupport_introspection_cpp.hpp\n'}
[0.901109] (-) TimerEvent: {}
[0.901207] (px4_msgs) StdoutLine: {'line': b'-- Up-to-date: /home/nicolas/ws_ros2/install/px4_msgs/include/px4_msgs/px4_msgs/msg/detail/logger_status__type_support.cpp\n'}
[0.901253] (px4_msgs) StdoutLine: {'line': b'-- Up-to-date: /home/nicolas/ws_ros2/install/px4_msgs/include/px4_msgs/px4_msgs/msg/detail/distance_sensor__type_support.cpp\n'}
[0.901287] (px4_msgs) StdoutLine: {'line': b'-- Up-to-date: /home/nicolas/ws_ros2/install/px4_msgs/include/px4_msgs/px4_msgs/msg/detail/sensor_selection__type_support.cpp\n'}
[0.901319] (px4_msgs) StdoutLine: {'line': b'-- Up-to-date: /home/nicolas/ws_ros2/install/px4_msgs/include/px4_msgs/px4_msgs/msg/detail/sensors_status_imu__type_support.cpp\n'}
[0.901351] (px4_msgs) StdoutLine: {'line': b'-- Up-to-date: /home/nicolas/ws_ros2/install/px4_msgs/include/px4_msgs/px4_msgs/msg/detail/sensors_status__rosidl_typesupport_introspection_cpp.hpp\n'}
[0.901383] (px4_msgs) StdoutLine: {'line': b'-- Up-to-date: /home/nicolas/ws_ros2/install/px4_msgs/include/px4_msgs/px4_msgs/msg/detail/parameter_reset_request__type_support.cpp\n'}
[0.901414] (px4_msgs) StdoutLine: {'line': b'-- Up-to-date: /home/nicolas/ws_ros2/install/px4_msgs/include/px4_msgs/px4_msgs/msg/detail/vtol_vehicle_status__rosidl_typesupport_introspection_cpp.hpp\n'}
[0.901468] (px4_msgs) StdoutLine: {'line': b'-- Up-to-date: /home/nicolas/ws_ros2/install/px4_msgs/include/px4_msgs/px4_msgs/msg/detail/collision_constraints__type_support.cpp\n'}
[0.901500] (px4_msgs) StdoutLine: {'line': b'-- Up-to-date: /home/nicolas/ws_ros2/install/px4_msgs/include/px4_msgs/px4_msgs/msg/detail/sensor_accel_fifo__type_support.cpp\n'}
[0.901530] (px4_msgs) StdoutLine: {'line': b'-- Up-to-date: /home/nicolas/ws_ros2/install/px4_msgs/include/px4_msgs/px4_msgs/msg/detail/orb_test_medium__rosidl_typesupport_introspection_cpp.hpp\n'}
[0.901560] (px4_msgs) StdoutLine: {'line': b'-- Up-to-date: /home/nicolas/ws_ros2/install/px4_msgs/include/px4_msgs/px4_msgs/msg/detail/airspeed_validated__type_support.cpp\n'}
[0.901593] (px4_msgs) StdoutLine: {'line': b'-- Up-to-date: /home/nicolas/ws_ros2/install/px4_msgs/include/px4_msgs/px4_msgs/msg/detail/collision_constraints__rosidl_typesupport_introspection_cpp.hpp\n'}
[0.901623] (px4_msgs) StdoutLine: {'line': b'-- Up-to-date: /home/nicolas/ws_ros2/install/px4_msgs/include/px4_msgs/px4_msgs/msg/detail/position_setpoint__rosidl_typesupport_introspection_cpp.hpp\n'}
[0.901653] (px4_msgs) StdoutLine: {'line': b'-- Up-to-date: /home/nicolas/ws_ros2/install/px4_msgs/include/px4_msgs/px4_msgs/msg/detail/pure_pursuit_status__type_support.cpp\n'}
[0.901683] (px4_msgs) StdoutLine: {'line': b'-- Up-to-date: /home/nicolas/ws_ros2/install/px4_msgs/include/px4_msgs/px4_msgs/msg/detail/estimator_aid_source3d__type_support.cpp\n'}
[0.901712] (px4_msgs) StdoutLine: {'line': b'-- Up-to-date: /home/nicolas/ws_ros2/install/px4_msgs/include/px4_msgs/px4_msgs/msg/detail/vehicle_imu_status__type_support.cpp\n'}
[0.901744] (px4_msgs) StdoutLine: {'line': b'-- Up-to-date: /home/nicolas/ws_ros2/install/px4_msgs/include/px4_msgs/px4_msgs/msg/detail/estimator_selector_status__rosidl_typesupport_introspection_cpp.hpp\n'}
[0.901784] (px4_msgs) StdoutLine: {'line': b'-- Up-to-date: /home/nicolas/ws_ros2/install/px4_msgs/include/px4_msgs/px4_msgs/msg/detail/home_position__rosidl_typesupport_introspection_cpp.hpp\n'}
[0.901814] (px4_msgs) StdoutLine: {'line': b'-- Up-to-date: /home/nicolas/ws_ros2/install/px4_msgs/include/px4_msgs/px4_msgs/msg/detail/gripper__rosidl_typesupport_introspection_cpp.hpp\n'}
[0.901844] (px4_msgs) StdoutLine: {'line': b'-- Up-to-date: /home/nicolas/ws_ros2/install/px4_msgs/include/px4_msgs/px4_msgs/msg/detail/gimbal_device_information__type_support.cpp\n'}
[0.901874] (px4_msgs) StdoutLine: {'line': b'-- Up-to-date: /home/nicolas/ws_ros2/install/px4_msgs/include/px4_msgs/px4_msgs/msg/detail/ulog_stream__rosidl_typesupport_introspection_cpp.hpp\n'}
[0.901904] (px4_msgs) StdoutLine: {'line': b'-- Up-to-date: /home/nicolas/ws_ros2/install/px4_msgs/include/px4_msgs/px4_msgs/msg/detail/vehicle_thrust_setpoint__type_support.cpp\n'}
[0.901944] (px4_msgs) StdoutLine: {'line': b'-- Up-to-date: /home/nicolas/ws_ros2/install/px4_msgs/include/px4_msgs/px4_msgs/msg/detail/debug_vect__rosidl_typesupport_introspection_cpp.hpp\n'}
[0.901978] (px4_msgs) StdoutLine: {'line': b'-- Up-to-date: /home/nicolas/ws_ros2/install/px4_msgs/include/px4_msgs/px4_msgs/msg/detail/satellite_info__rosidl_typesupport_introspection_cpp.hpp\n'}
[0.902030] (px4_msgs) StdoutLine: {'line': b'-- Up-to-date: /home/nicolas/ws_ros2/install/px4_msgs/include/px4_msgs/px4_msgs/msg/detail/actuator_armed__type_support.cpp\n'}
[0.902063] (px4_msgs) StdoutLine: {'line': b'-- Up-to-date: /home/nicolas/ws_ros2/install/px4_msgs/include/px4_msgs/px4_msgs/msg/detail/actuator_test__rosidl_typesupport_introspection_cpp.hpp\n'}
[0.902093] (px4_msgs) StdoutLine: {'line': b'-- Up-to-date: /home/nicolas/ws_ros2/install/px4_msgs/include/px4_msgs/px4_msgs/msg/detail/fixed_wing_lateral_setpoint__rosidl_typesupport_introspection_cpp.hpp\n'}
[0.902131] (px4_msgs) StdoutLine: {'line': b'-- Up-to-date: /home/nicolas/ws_ros2/install/px4_msgs/include/px4_msgs/px4_msgs/msg/detail/vehicle_angular_acceleration_setpoint__rosidl_typesupport_introspection_cpp.hpp\n'}
[0.902162] (px4_msgs) StdoutLine: {'line': b'-- Up-to-date: /home/nicolas/ws_ros2/install/px4_msgs/include/px4_msgs/px4_msgs/msg/detail/task_stack_info__rosidl_typesupport_introspection_cpp.hpp\n'}
[0.902193] (px4_msgs) StdoutLine: {'line': b'-- Up-to-date: /home/nicolas/ws_ros2/install/px4_msgs/include/px4_msgs/px4_msgs/msg/detail/log_message__type_support.cpp\n'}
[0.902223] (px4_msgs) StdoutLine: {'line': b'-- Up-to-date: /home/nicolas/ws_ros2/install/px4_msgs/include/px4_msgs/px4_msgs/msg/detail/estimator_status__rosidl_typesupport_introspection_cpp.hpp\n'}
[0.902254] (px4_msgs) StdoutLine: {'line': b'-- Up-to-date: /home/nicolas/ws_ros2/install/px4_msgs/include/px4_msgs/px4_msgs/msg/detail/wind__type_support.cpp\n'}
[0.902288] (px4_msgs) StdoutLine: {'line': b'-- Up-to-date: /home/nicolas/ws_ros2/install/px4_msgs/include/px4_msgs/px4_msgs/msg/detail/sensor_combined__type_support.cpp\n'}
[0.902322] (px4_msgs) StdoutLine: {'line': b'-- Up-to-date: /home/nicolas/ws_ros2/install/px4_msgs/include/px4_msgs/px4_msgs/msg/detail/vehicle_command__rosidl_typesupport_introspection_cpp.hpp\n'}
[0.902358] (px4_msgs) StdoutLine: {'line': b'-- Up-to-date: /home/nicolas/ws_ros2/install/px4_msgs/include/px4_msgs/px4_msgs/msg/detail/follow_target_estimator__type_support.cpp\n'}
[0.902409] (px4_msgs) StdoutLine: {'line': b'-- Up-to-date: /home/nicolas/ws_ros2/install/px4_msgs/include/px4_msgs/px4_msgs/msg/detail/gimbal_controls__rosidl_typesupport_introspection_cpp.hpp\n'}
[0.902442] (px4_msgs) StdoutLine: {'line': b'-- Up-to-date: /home/nicolas/ws_ros2/install/px4_msgs/include/px4_msgs/px4_msgs/msg/detail/tecs_status__type_support.cpp\n'}
[0.902475] (px4_msgs) StdoutLine: {'line': b'-- Up-to-date: /home/nicolas/ws_ros2/install/px4_msgs/include/px4_msgs/px4_msgs/msg/detail/sensor_preflight_mag__rosidl_typesupport_introspection_cpp.hpp\n'}
[0.902511] (px4_msgs) StdoutLine: {'line': b'-- Up-to-date: /home/nicolas/ws_ros2/install/px4_msgs/include/px4_msgs/px4_msgs/msg/detail/rc_channels__type_support.cpp\n'}
[0.902544] (px4_msgs) StdoutLine: {'line': b'-- Up-to-date: /home/nicolas/ws_ros2/install/px4_msgs/include/px4_msgs/px4_msgs/msg/detail/rover_speed_setpoint__type_support.cpp\n'}
[0.902577] (px4_msgs) StdoutLine: {'line': b'-- Up-to-date: /home/nicolas/ws_ros2/install/px4_msgs/include/px4_msgs/px4_msgs/msg/detail/transponder_report__rosidl_typesupport_introspection_cpp.hpp\n'}
[0.902610] (px4_msgs) StdoutLine: {'line': b'-- Up-to-date: /home/nicolas/ws_ros2/install/px4_msgs/include/px4_msgs/px4_msgs/msg/detail/dataman_response__type_support.cpp\n'}
[0.902643] (px4_msgs) StdoutLine: {'line': b'-- Up-to-date: /home/nicolas/ws_ros2/install/px4_msgs/include/px4_msgs/px4_msgs/msg/detail/gps_dump__type_support.cpp\n'}
[0.902676] (px4_msgs) StdoutLine: {'line': b'-- Up-to-date: /home/nicolas/ws_ros2/install/px4_msgs/include/px4_msgs/px4_msgs/msg/detail/gps_dump__rosidl_typesupport_introspection_cpp.hpp\n'}
[0.902709] (px4_msgs) StdoutLine: {'line': b'-- Up-to-date: /home/nicolas/ws_ros2/install/px4_msgs/include/px4_msgs/px4_msgs/msg/detail/launch_detection_status__rosidl_typesupport_introspection_cpp.hpp\n'}
[0.902743] (px4_msgs) StdoutLine: {'line': b'-- Up-to-date: /home/nicolas/ws_ros2/install/px4_msgs/include/px4_msgs/px4_msgs/msg/detail/mavlink_tunnel__type_support.cpp\n'}
[0.902776] (px4_msgs) StdoutLine: {'line': b'-- Up-to-date: /home/nicolas/ws_ros2/install/px4_msgs/include/px4_msgs/px4_msgs/msg/detail/position_controller_status__type_support.cpp\n'}
[0.902810] (px4_msgs) StdoutLine: {'line': b'-- Up-to-date: /home/nicolas/ws_ros2/install/px4_msgs/include/px4_msgs/px4_msgs/msg/detail/mavlink_log__rosidl_typesupport_introspection_cpp.hpp\n'}
[0.902843] (px4_msgs) StdoutLine: {'line': b'-- Up-to-date: /home/nicolas/ws_ros2/install/px4_msgs/include/px4_msgs/px4_msgs/msg/detail/neural_control__rosidl_typesupport_introspection_cpp.hpp\n'}
[0.902880] (px4_msgs) StdoutLine: {'line': b'-- Up-to-date: /home/nicolas/ws_ros2/install/px4_msgs/include/px4_msgs/px4_msgs/msg/detail/generator_status__type_support.cpp\n'}
[0.902919] (px4_msgs) StdoutLine: {'line': b'-- Up-to-date: /home/nicolas/ws_ros2/install/px4_msgs/include/px4_msgs/px4_msgs/msg/detail/vehicle_optical_flow__type_support.cpp\n'}
[0.902957] (px4_msgs) StdoutLine: {'line': b'-- Up-to-date: /home/nicolas/ws_ros2/install/px4_msgs/include/px4_msgs/px4_msgs/msg/detail/sensor_gnss_status__rosidl_typesupport_introspection_cpp.hpp\n'}
[0.902991] (px4_msgs) StdoutLine: {'line': b'-- Up-to-date: /home/nicolas/ws_ros2/install/px4_msgs/include/px4_msgs/px4_msgs/msg/detail/actuator_servos_trim__type_support.cpp\n'}
[0.903026] (px4_msgs) StdoutLine: {'line': b'-- Up-to-date: /home/nicolas/ws_ros2/install/px4_msgs/include/px4_msgs/px4_msgs/msg/detail/gps_inject_data__rosidl_typesupport_introspection_cpp.hpp\n'}
[0.903088] (px4_msgs) StdoutLine: {'line': b'-- Up-to-date: /home/nicolas/ws_ros2/install/px4_msgs/include/px4_msgs/px4_msgs/msg/detail/estimator_aid_source1d__type_support.cpp\n'}
[0.903120] (px4_msgs) StdoutLine: {'line': b'-- Up-to-date: /home/nicolas/ws_ros2/install/px4_msgs/include/px4_msgs/px4_msgs/msg/detail/debug_array__type_support.cpp\n'}
[0.903151] (px4_msgs) StdoutLine: {'line': b'-- Up-to-date: /home/nicolas/ws_ros2/install/px4_msgs/include/px4_msgs/px4_msgs/msg/detail/airspeed__rosidl_typesupport_introspection_cpp.hpp\n'}
[0.903189] (px4_msgs) StdoutLine: {'line': b'-- Up-to-date: /home/nicolas/ws_ros2/install/px4_msgs/include/px4_msgs/px4_msgs/msg/detail/fixed_wing_lateral_status__rosidl_typesupport_introspection_cpp.hpp\n'}
[0.903221] (px4_msgs) StdoutLine: {'line': b'-- Up-to-date: /home/nicolas/ws_ros2/install/px4_msgs/include/px4_msgs/px4_msgs/msg/detail/camera_status__rosidl_typesupport_introspection_cpp.hpp\n'}
[0.903275] (px4_msgs) StdoutLine: {'line': b'-- Up-to-date: /home/nicolas/ws_ros2/install/px4_msgs/include/px4_msgs/px4_msgs/msg/detail/arming_check_request__rosidl_typesupport_introspection_cpp.hpp\n'}
[0.903307] (px4_msgs) StdoutLine: {'line': b'-- Up-to-date: /home/nicolas/ws_ros2/install/px4_msgs/include/px4_msgs/px4_msgs/msg/detail/gpio_out__rosidl_typesupport_introspection_cpp.hpp\n'}
[0.903339] (px4_msgs) StdoutLine: {'line': b'-- Up-to-date: /home/nicolas/ws_ros2/install/px4_msgs/include/px4_msgs/px4_msgs/msg/detail/ulog_stream_ack__rosidl_typesupport_introspection_cpp.hpp\n'}
[0.903373] (px4_msgs) StdoutLine: {'line': b'-- Up-to-date: /home/nicolas/ws_ros2/install/px4_msgs/include/px4_msgs/px4_msgs/msg/detail/manual_control_switches__type_support.cpp\n'}
[0.903405] (px4_msgs) StdoutLine: {'line': b'-- Up-to-date: /home/nicolas/ws_ros2/install/px4_msgs/include/px4_msgs/px4_msgs/msg/detail/fixed_wing_runway_control__rosidl_typesupport_introspection_cpp.hpp\n'}
[0.903435] (px4_msgs) StdoutLine: {'line': b'-- Up-to-date: /home/nicolas/ws_ros2/install/px4_msgs/include/px4_msgs/px4_msgs/msg/detail/rover_throttle_setpoint__rosidl_typesupport_introspection_cpp.hpp\n'}
[0.903470] (px4_msgs) StdoutLine: {'line': b'-- Up-to-date: /home/nicolas/ws_ros2/install/px4_msgs/include/px4_msgs/px4_msgs/msg/detail/dataman_request__rosidl_typesupport_introspection_cpp.hpp\n'}
[0.903505] (px4_msgs) StdoutLine: {'line': b'-- Up-to-date: /home/nicolas/ws_ros2/install/px4_msgs/include/px4_msgs/px4_msgs/msg/detail/vehicle_magnetometer__type_support.cpp\n'}
[0.903544] (px4_msgs) StdoutLine: {'line': b'-- Up-to-date: /home/nicolas/ws_ros2/install/px4_msgs/include/px4_msgs/px4_msgs/msg/detail/actuator_servos_trim__rosidl_typesupport_introspection_cpp.hpp\n'}
[0.903582] (px4_msgs) StdoutLine: {'line': b'-- Up-to-date: /home/nicolas/ws_ros2/install/px4_msgs/include/px4_msgs/px4_msgs/msg/detail/cellular_status__rosidl_typesupport_introspection_cpp.hpp\n'}
[0.903618] (px4_msgs) StdoutLine: {'line': b'-- Up-to-date: /home/nicolas/ws_ros2/install/px4_msgs/include/px4_msgs/px4_msgs/msg/detail/neural_control__type_support.cpp\n'}
[0.903654] (px4_msgs) StdoutLine: {'line': b'-- Up-to-date: /home/nicolas/ws_ros2/install/px4_msgs/include/px4_msgs/px4_msgs/msg/detail/esc_status__rosidl_typesupport_introspection_cpp.hpp\n'}
[0.903689] (px4_msgs) StdoutLine: {'line': b'-- Up-to-date: /home/nicolas/ws_ros2/install/px4_msgs/include/px4_msgs/px4_msgs/msg/detail/timesync_status__type_support.cpp\n'}
[0.903726] (px4_msgs) StdoutLine: {'line': b'-- Up-to-date: /home/nicolas/ws_ros2/install/px4_msgs/include/px4_msgs/px4_msgs/msg/detail/arming_check_reply__rosidl_typesupport_introspection_cpp.hpp\n'}
[0.903760] (px4_msgs) StdoutLine: {'line': b'-- Up-to-date: /home/nicolas/ws_ros2/install/px4_msgs/include/px4_msgs/px4_msgs/msg/detail/vehicle_acceleration__rosidl_typesupport_introspection_cpp.hpp\n'}
[0.903793] (px4_msgs) StdoutLine: {'line': b'-- Up-to-date: /home/nicolas/ws_ros2/install/px4_msgs/include/px4_msgs/px4_msgs/msg/detail/internal_combustion_engine_control__rosidl_typesupport_introspection_cpp.hpp\n'}
[0.903830] (px4_msgs) StdoutLine: {'line': b'-- Up-to-date: /home/nicolas/ws_ros2/install/px4_msgs/include/px4_msgs/px4_msgs/msg/detail/health_report__rosidl_typesupport_introspection_cpp.hpp\n'}
[0.903863] (px4_msgs) StdoutLine: {'line': b'-- Up-to-date: /home/nicolas/ws_ros2/install/px4_msgs/include/px4_msgs/px4_msgs/msg/detail/parameter_set_value_request__type_support.cpp\n'}
[0.903900] (px4_msgs) StdoutLine: {'line': b'-- Up-to-date: /home/nicolas/ws_ros2/install/px4_msgs/include/px4_msgs/px4_msgs/msg/detail/tiltrotor_extra_controls__type_support.cpp\n'}
[0.903943] (px4_msgs) StdoutLine: {'line': b'-- Up-to-date: /home/nicolas/ws_ros2/install/px4_msgs/include/px4_msgs/px4_msgs/msg/detail/gimbal_manager_status__type_support.cpp\n'}
[0.903991] (px4_msgs) StdoutLine: {'line': b'-- Up-to-date: /home/nicolas/ws_ros2/install/px4_msgs/include/px4_msgs/px4_msgs/msg/detail/power_monitor__rosidl_typesupport_introspection_cpp.hpp\n'}
[0.904027] (px4_msgs) StdoutLine: {'line': b'-- Up-to-date: /home/nicolas/ws_ros2/install/px4_msgs/include/px4_msgs/px4_msgs/msg/detail/autotune_attitude_control_status__type_support.cpp\n'}
[0.904061] (px4_msgs) StdoutLine: {'line': b'-- Up-to-date: /home/nicolas/ws_ros2/install/px4_msgs/include/px4_msgs/px4_msgs/msg/detail/open_drone_id_self_id__type_support.cpp\n'}
[0.904097] (px4_msgs) StdoutLine: {'line': b'-- Up-to-date: /home/nicolas/ws_ros2/install/px4_msgs/include/px4_msgs/px4_msgs/msg/detail/airspeed_wind__rosidl_typesupport_introspection_cpp.hpp\n'}
[0.904131] (px4_msgs) StdoutLine: {'line': b'-- Up-to-date: /home/nicolas/ws_ros2/install/px4_msgs/include/px4_msgs/px4_msgs/msg/detail/orb_test__type_support.cpp\n'}
[0.904164] (px4_msgs) StdoutLine: {'line': b'-- Up-to-date: /home/nicolas/ws_ros2/install/px4_msgs/include/px4_msgs/px4_msgs/msg/detail/landing_gear__rosidl_typesupport_introspection_cpp.hpp\n'}
[0.904199] (px4_msgs) StdoutLine: {'line': b'-- Up-to-date: /home/nicolas/ws_ros2/install/px4_msgs/include/px4_msgs/px4_msgs/msg/detail/vehicle_angular_velocity__rosidl_typesupport_introspection_cpp.hpp\n'}
[0.904261] (px4_msgs) StdoutLine: {'line': b'-- Up-to-date: /home/nicolas/ws_ros2/install/px4_msgs/include/px4_msgs/px4_msgs/msg/detail/rc_parameter_map__type_support.cpp\n'}
[0.904295] (px4_msgs) StdoutLine: {'line': b'-- Up-to-date: /home/nicolas/ws_ros2/install/px4_msgs/include/px4_msgs/px4_msgs/msg/detail/vehicle_attitude__type_support.cpp\n'}
[0.904353] (px4_msgs) StdoutLine: {'line': b'-- Up-to-date: /home/nicolas/ws_ros2/install/px4_msgs/include/px4_msgs/px4_msgs/msg/detail/rtl_status__type_support.cpp\n'}
[0.904387] (px4_msgs) StdoutLine: {'line': b'-- Up-to-date: /home/nicolas/ws_ros2/install/px4_msgs/include/px4_msgs/px4_msgs/msg/detail/qshell_req__rosidl_typesupport_introspection_cpp.hpp\n'}
[0.904418] (px4_msgs) StdoutLine: {'line': b'-- Up-to-date: /home/nicolas/ws_ros2/install/px4_msgs/include/px4_msgs/px4_msgs/msg/detail/sensor_optical_flow__type_support.cpp\n'}
[0.904448] (px4_msgs) StdoutLine: {'line': b'-- Up-to-date: /home/nicolas/ws_ros2/install/px4_msgs/include/px4_msgs/px4_msgs/msg/detail/open_drone_id_system__rosidl_typesupport_introspection_cpp.hpp\n'}
[0.904479] (px4_msgs) StdoutLine: {'line': b'-- Up-to-date: /home/nicolas/ws_ros2/install/px4_msgs/include/px4_msgs/px4_msgs/msg/detail/dronecan_node_status__rosidl_typesupport_introspection_cpp.hpp\n'}
[0.904510] (px4_msgs) StdoutLine: {'line': b'-- Up-to-date: /home/nicolas/ws_ros2/install/px4_msgs/include/px4_msgs/px4_msgs/msg/detail/rc_channels__rosidl_typesupport_introspection_cpp.hpp\n'}
[0.904542] (px4_msgs) StdoutLine: {'line': b'-- Up-to-date: /home/nicolas/ws_ros2/install/px4_msgs/include/px4_msgs/px4_msgs/msg/detail/wheel_encoders__rosidl_typesupport_introspection_cpp.hpp\n'}
[0.904576] (px4_msgs) StdoutLine: {'line': b'-- Up-to-date: /home/nicolas/ws_ros2/install/px4_msgs/include/px4_msgs/px4_msgs/msg/detail/led_control__rosidl_typesupport_introspection_cpp.hpp\n'}
[0.904609] (px4_msgs) StdoutLine: {'line': b'-- Up-to-date: /home/nicolas/ws_ros2/install/px4_msgs/include/px4_msgs/px4_msgs/msg/detail/orb_test_large__type_support.cpp\n'}
[0.904667] (px4_msgs) StdoutLine: {'line': b'-- Up-to-date: /home/nicolas/ws_ros2/install/px4_msgs/include/px4_msgs/px4_msgs/msg/detail/actuator_test__type_support.cpp\n'}
[0.904697] (px4_msgs) StdoutLine: {'line': b'-- Up-to-date: /home/nicolas/ws_ros2/install/px4_msgs/include/px4_msgs/px4_msgs/msg/detail/actuator_outputs__rosidl_typesupport_introspection_cpp.hpp\n'}
[0.904733] (px4_msgs) StdoutLine: {'line': b'-- Up-to-date: /home/nicolas/ws_ros2/install/px4_msgs/include/px4_msgs/px4_msgs/msg/detail/fixed_wing_lateral_status__type_support.cpp\n'}
[0.904766] (px4_msgs) StdoutLine: {'line': b'-- Up-to-date: /home/nicolas/ws_ros2/install/px4_msgs/include/px4_msgs/px4_msgs/msg/detail/transponder_report__type_support.cpp\n'}
[0.904812] (px4_msgs) StdoutLine: {'line': b'-- Up-to-date: /home/nicolas/ws_ros2/install/px4_msgs/include/px4_msgs/px4_msgs/msg/detail/rtl_status__rosidl_typesupport_introspection_cpp.hpp\n'}
[0.904844] (px4_msgs) StdoutLine: {'line': b'-- Up-to-date: /home/nicolas/ws_ros2/install/px4_msgs/include/px4_msgs/px4_msgs/msg/detail/mag_worker_data__type_support.cpp\n'}
[0.904876] (px4_msgs) StdoutLine: {'line': b'-- Up-to-date: /home/nicolas/ws_ros2/install/px4_msgs/include/px4_msgs/px4_msgs/msg/detail/cpuload__type_support.cpp\n'}
[0.904910] (px4_msgs) StdoutLine: {'line': b'-- Up-to-date: /home/nicolas/ws_ros2/install/px4_msgs/include/px4_msgs/px4_msgs/msg/detail/lateral_control_configuration__type_support.cpp\n'}
[0.904950] (px4_msgs) StdoutLine: {'line': b'-- Up-to-date: /home/nicolas/ws_ros2/install/px4_msgs/include/px4_msgs/px4_msgs/msg/detail/rover_steering_setpoint__rosidl_typesupport_introspection_cpp.hpp\n'}
[0.904984] (px4_msgs) StdoutLine: {'line': b'-- Up-to-date: /home/nicolas/ws_ros2/install/px4_msgs/include/px4_msgs/px4_msgs/msg/detail/differential_pressure__rosidl_typesupport_introspection_cpp.hpp\n'}
[0.905016] (px4_msgs) StdoutLine: {'line': b'-- Up-to-date: /home/nicolas/ws_ros2/install/px4_msgs/include/px4_msgs/px4_msgs/msg/detail/adc_report__type_support.cpp\n'}
[0.905051] (px4_msgs) StdoutLine: {'line': b'-- Up-to-date: /home/nicolas/ws_ros2/install/px4_msgs/include/px4_msgs/px4_msgs/msg/detail/actuator_controls_status__rosidl_typesupport_introspection_cpp.hpp\n'}
[0.905094] (px4_msgs) StdoutLine: {'line': b'-- Up-to-date: /home/nicolas/ws_ros2/install/px4_msgs/include/px4_msgs/px4_msgs/msg/detail/vehicle_global_position__rosidl_typesupport_introspection_cpp.hpp\n'}
[0.905129] (px4_msgs) StdoutLine: {'line': b'-- Up-to-date: /home/nicolas/ws_ros2/install/px4_msgs/include/px4_msgs/px4_msgs/msg/detail/vehicle_local_position__type_support.cpp\n'}
[0.905163] (px4_msgs) StdoutLine: {'line': b'-- Up-to-date: /home/nicolas/ws_ros2/install/px4_msgs/include/px4_msgs/px4_msgs/msg/detail/wheel_encoders__type_support.cpp\n'}
[0.905196] (px4_msgs) StdoutLine: {'line': b'-- Up-to-date: /home/nicolas/ws_ros2/install/px4_msgs/include/px4_msgs/px4_msgs/msg/detail/uavcan_parameter_request__type_support.cpp\n'}
[0.905233] (px4_msgs) StdoutLine: {'line': b'-- Up-to-date: /home/nicolas/ws_ros2/install/px4_msgs/include/px4_msgs/px4_msgs/msg/detail/esc_status__type_support.cpp\n'}
[0.905266] (px4_msgs) StdoutLine: {'line': b'-- Up-to-date: /home/nicolas/ws_ros2/install/px4_msgs/include/px4_msgs/px4_msgs/msg/detail/geofence_status__rosidl_typesupport_introspection_cpp.hpp\n'}
[0.905326] (px4_msgs) StdoutLine: {'line': b'-- Up-to-date: /home/nicolas/ws_ros2/install/px4_msgs/include/px4_msgs/px4_msgs/msg/detail/gpio_in__type_support.cpp\n'}
[0.905357] (px4_msgs) StdoutLine: {'line': b'-- Up-to-date: /home/nicolas/ws_ros2/install/px4_msgs/include/px4_msgs/px4_msgs/msg/detail/failsafe_flags__type_support.cpp\n'}
[0.905391] (px4_msgs) StdoutLine: {'line': b'-- Up-to-date: /home/nicolas/ws_ros2/install/px4_msgs/include/px4_msgs/px4_msgs/msg/detail/pwm_input__rosidl_typesupport_introspection_cpp.hpp\n'}
[0.905427] (px4_msgs) StdoutLine: {'line': b'-- Up-to-date: /home/nicolas/ws_ros2/install/px4_msgs/include/px4_msgs/px4_msgs/msg/detail/parameter_update__rosidl_typesupport_introspection_cpp.hpp\n'}
[0.905472] (px4_msgs) StdoutLine: {'line': b'-- Up-to-date: /home/nicolas/ws_ros2/install/px4_msgs/include/px4_msgs/px4_msgs/msg/detail/estimator_states__rosidl_typesupport_introspection_cpp.hpp\n'}
[0.905504] (px4_msgs) StdoutLine: {'line': b'-- Up-to-date: /home/nicolas/ws_ros2/install/px4_msgs/include/px4_msgs/px4_msgs/msg/detail/orbit_status__type_support.cpp\n'}
[0.905535] (px4_msgs) StdoutLine: {'line': b'-- Up-to-date: /home/nicolas/ws_ros2/install/px4_msgs/include/px4_msgs/px4_msgs/msg/detail/distance_sensor__rosidl_typesupport_introspection_cpp.hpp\n'}
[0.905565] (px4_msgs) StdoutLine: {'line': b'-- Up-to-date: /home/nicolas/ws_ros2/install/px4_msgs/include/px4_msgs/px4_msgs/msg/detail/health_report__type_support.cpp\n'}
[0.905596] (px4_msgs) StdoutLine: {'line': b'-- Up-to-date: /home/nicolas/ws_ros2/install/px4_msgs/include/px4_msgs/px4_msgs/msg/detail/mission__rosidl_typesupport_introspection_cpp.hpp\n'}
[0.905630] (px4_msgs) StdoutLine: {'line': b'-- Up-to-date: /home/nicolas/ws_ros2/install/px4_msgs/include/px4_msgs/px4_msgs/msg/detail/gripper__type_support.cpp\n'}
[0.905664] (px4_msgs) StdoutLine: {'line': b'-- Up-to-date: /home/nicolas/ws_ros2/install/px4_msgs/include/px4_msgs/px4_msgs/msg/detail/sensor_accel_fifo__rosidl_typesupport_introspection_cpp.hpp\n'}
[0.905697] (px4_msgs) StdoutLine: {'line': b'-- Up-to-date: /home/nicolas/ws_ros2/install/px4_msgs/include/px4_msgs/px4_msgs/msg/detail/register_ext_component_request__type_support.cpp\n'}
[0.905730] (px4_msgs) StdoutLine: {'line': b'-- Up-to-date: /home/nicolas/ws_ros2/install/px4_msgs/include/px4_msgs/px4_msgs/msg/detail/geofence_result__rosidl_typesupport_introspection_cpp.hpp\n'}
[0.905764] (px4_msgs) StdoutLine: {'line': b'-- Up-to-date: /home/nicolas/ws_ros2/install/px4_msgs/include/px4_msgs/px4_msgs/msg/detail/px4io_status__type_support.cpp\n'}
[0.905818] (px4_msgs) StdoutLine: {'line': b'-- Up-to-date: /home/nicolas/ws_ros2/install/px4_msgs/include/px4_msgs/px4_msgs/msg/detail/qshell_retval__type_support.cpp\n'}
[0.905851] (px4_msgs) StdoutLine: {'line': b'-- Up-to-date: /home/nicolas/ws_ros2/install/px4_msgs/include/px4_msgs/px4_msgs/msg/detail/iridiumsbd_status__type_support.cpp\n'}
[0.905887] (px4_msgs) StdoutLine: {'line': b'-- Up-to-date: /home/nicolas/ws_ros2/install/px4_msgs/include/px4_msgs/px4_msgs/msg/detail/input_rc__rosidl_typesupport_introspection_cpp.hpp\n'}
[0.905925] (px4_msgs) StdoutLine: {'line': b'-- Up-to-date: /home/nicolas/ws_ros2/install/px4_msgs/include/px4_msgs/px4_msgs/msg/detail/vehicle_constraints__type_support.cpp\n'}
[0.905962] (px4_msgs) StdoutLine: {'line': b'-- Up-to-date: /home/nicolas/ws_ros2/install/px4_msgs/include/px4_msgs/px4_msgs/msg/detail/mount_orientation__type_support.cpp\n'}
[0.905996] (px4_msgs) StdoutLine: {'line': b'-- Up-to-date: /home/nicolas/ws_ros2/install/px4_msgs/include/px4_msgs/px4_msgs/msg/detail/gimbal_manager_information__rosidl_typesupport_introspection_cpp.hpp\n'}
[0.906030] (px4_msgs) StdoutLine: {'line': b'-- Up-to-date: /home/nicolas/ws_ros2/install/px4_msgs/include/px4_msgs/px4_msgs/msg/detail/unregister_ext_component__rosidl_typesupport_introspection_cpp.hpp\n'}
[0.906063] (px4_msgs) StdoutLine: {'line': b'-- Up-to-date: /home/nicolas/ws_ros2/install/px4_msgs/include/px4_msgs/px4_msgs/msg/detail/pps_capture__rosidl_typesupport_introspection_cpp.hpp\n'}
[0.906096] (px4_msgs) StdoutLine: {'line': b'-- Up-to-date: /home/nicolas/ws_ros2/install/px4_msgs/include/px4_msgs/px4_msgs/msg/detail/parameter_update__type_support.cpp\n'}
[0.906133] (px4_msgs) StdoutLine: {'line': b'-- Up-to-date: /home/nicolas/ws_ros2/install/px4_msgs/include/px4_msgs/px4_msgs/msg/detail/cpuload__rosidl_typesupport_introspection_cpp.hpp\n'}
[0.906167] (px4_msgs) StdoutLine: {'line': b'-- Up-to-date: /home/nicolas/ws_ros2/install/px4_msgs/include/px4_msgs/px4_msgs/msg/detail/open_drone_id_operator_id__rosidl_typesupport_introspection_cpp.hpp\n'}
[0.906201] (px4_msgs) StdoutLine: {'line': b'-- Up-to-date: /home/nicolas/ws_ros2/install/px4_msgs/include/px4_msgs/px4_msgs/msg/detail/esc_report__type_support.cpp\n'}
[0.906249] (px4_msgs) StdoutLine: {'line': b'-- Up-to-date: /home/nicolas/ws_ros2/install/px4_msgs/include/px4_msgs/px4_msgs/msg/detail/follow_target__rosidl_typesupport_introspection_cpp.hpp\n'}
[0.906282] (px4_msgs) StdoutLine: {'line': b'-- Up-to-date: /home/nicolas/ws_ros2/install/px4_msgs/include/px4_msgs/px4_msgs/msg/detail/follow_target_status__rosidl_typesupport_introspection_cpp.hpp\n'}
[0.906314] (px4_msgs) StdoutLine: {'line': b'-- Up-to-date: /home/nicolas/ws_ros2/install/px4_msgs/include/px4_msgs/px4_msgs/msg/detail/sensor_preflight_mag__type_support.cpp\n'}
[0.906345] (px4_msgs) StdoutLine: {'line': b'-- Up-to-date: /home/nicolas/ws_ros2/install/px4_msgs/include/px4_msgs/px4_msgs/msg/detail/irlock_report__rosidl_typesupport_introspection_cpp.hpp\n'}
[0.906385] (px4_msgs) StdoutLine: {'line': b'-- Up-to-date: /home/nicolas/ws_ros2/install/px4_msgs/include/px4_msgs/px4_msgs/msg/detail/rover_throttle_setpoint__type_support.cpp\n'}
[0.906416] (px4_msgs) StdoutLine: {'line': b'-- Up-to-date: /home/nicolas/ws_ros2/install/px4_msgs/include/px4_msgs/px4_msgs/msg/detail/can_interface_status__type_support.cpp\n'}
[0.906448] (px4_msgs) StdoutLine: {'line': b'-- Up-to-date: /home/nicolas/ws_ros2/install/px4_msgs/include/px4_msgs/px4_msgs/msg/detail/mode_completed__type_support.cpp\n'}
[0.906483] (px4_msgs) StdoutLine: {'line': b'-- Up-to-date: /home/nicolas/ws_ros2/install/px4_msgs/include/px4_msgs/px4_msgs/msg/detail/position_controller_status__rosidl_typesupport_introspection_cpp.hpp\n'}
[0.906517] (px4_msgs) StdoutLine: {'line': b'-- Up-to-date: /home/nicolas/ws_ros2/install/px4_msgs/include/px4_msgs/px4_msgs/msg/detail/logger_status__rosidl_typesupport_introspection_cpp.hpp\n'}
[0.906551] (px4_msgs) StdoutLine: {'line': b'-- Up-to-date: /home/nicolas/ws_ros2/install/px4_msgs/include/px4_msgs/px4_msgs/msg/detail/register_ext_component_request__rosidl_typesupport_introspection_cpp.hpp\n'}
[0.906584] (px4_msgs) StdoutLine: {'line': b'-- Up-to-date: /home/nicolas/ws_ros2/install/px4_msgs/include/px4_msgs/px4_msgs/msg/detail/launch_detection_status__type_support.cpp\n'}
[0.906617] (px4_msgs) StdoutLine: {'line': b'-- Up-to-date: /home/nicolas/ws_ros2/install/px4_msgs/include/px4_msgs/px4_msgs/msg/detail/navigator_mission_item__rosidl_typesupport_introspection_cpp.hpp\n'}
[0.906651] (px4_msgs) StdoutLine: {'line': b'-- Up-to-date: /home/nicolas/ws_ros2/install/px4_msgs/include/px4_msgs/px4_msgs/msg/detail/internal_combustion_engine_status__type_support.cpp\n'}
[0.906684] (px4_msgs) StdoutLine: {'line': b'-- Up-to-date: /home/nicolas/ws_ros2/install/px4_msgs/include/px4_msgs/px4_msgs/msg/detail/rover_rate_status__rosidl_typesupport_introspection_cpp.hpp\n'}
[0.906720] (px4_msgs) StdoutLine: {'line': b'-- Up-to-date: /home/nicolas/ws_ros2/install/px4_msgs/include/px4_msgs/px4_msgs/msg/detail/vehicle_imu_status__rosidl_typesupport_introspection_cpp.hpp\n'}
[0.906753] (px4_msgs) StdoutLine: {'line': b'-- Up-to-date: /home/nicolas/ws_ros2/install/px4_msgs/include/px4_msgs/px4_msgs/msg/detail/vehicle_local_position_setpoint__type_support.cpp\n'}
[0.906787] (px4_msgs) StdoutLine: {'line': b'-- Up-to-date: /home/nicolas/ws_ros2/install/px4_msgs/include/px4_msgs/px4_msgs/msg/detail/estimator_bias__type_support.cpp\n'}
[0.906820] (px4_msgs) StdoutLine: {'line': b'-- Up-to-date: /home/nicolas/ws_ros2/install/px4_msgs/include/px4_msgs/px4_msgs/msg/detail/sensor_accel__type_support.cpp\n'}
[0.906855] (px4_msgs) StdoutLine: {'line': b'-- Up-to-date: /home/nicolas/ws_ros2/install/px4_msgs/include/px4_msgs/px4_msgs/msg/detail/vehicle_torque_setpoint__rosidl_typesupport_introspection_cpp.hpp\n'}
[0.906888] (px4_msgs) StdoutLine: {'line': b'-- Up-to-date: /home/nicolas/ws_ros2/install/px4_msgs/include/px4_msgs/px4_msgs/msg/detail/gimbal_manager_set_manual_control__rosidl_typesupport_introspection_cpp.hpp\n'}
[0.906942] (px4_msgs) StdoutLine: {'line': b'-- Up-to-date: /home/nicolas/ws_ros2/install/px4_msgs/include/px4_msgs/px4_msgs/msg/detail/input_rc__type_support.cpp\n'}
[0.906980] (px4_msgs) StdoutLine: {'line': b'-- Up-to-date: /home/nicolas/ws_ros2/install/px4_msgs/include/px4_msgs/px4_msgs/msg/detail/airspeed_wind__type_support.cpp\n'}
[0.907015] (px4_msgs) StdoutLine: {'line': b'-- Up-to-date: /home/nicolas/ws_ros2/install/px4_msgs/include/px4_msgs/px4_msgs/msg/detail/obstacle_distance__type_support.cpp\n'}
[0.907048] (px4_msgs) StdoutLine: {'line': b'-- Up-to-date: /home/nicolas/ws_ros2/install/px4_msgs/include/px4_msgs/px4_msgs/msg/detail/sensor_gyro_fifo__rosidl_typesupport_introspection_cpp.hpp\n'}
[0.907082] (px4_msgs) StdoutLine: {'line': b'-- Up-to-date: /home/nicolas/ws_ros2/install/px4_msgs/include/px4_msgs/px4_msgs/msg/detail/gimbal_manager_status__rosidl_typesupport_introspection_cpp.hpp\n'}
[0.907115] (px4_msgs) StdoutLine: {'line': b'-- Up-to-date: /home/nicolas/ws_ros2/install/px4_msgs/include/px4_msgs/px4_msgs/msg/detail/gimbal_controls__type_support.cpp\n'}
[0.907147] (px4_msgs) StdoutLine: {'line': b'-- Up-to-date: /home/nicolas/ws_ros2/install/px4_msgs/include/px4_msgs/px4_msgs/msg/detail/estimator_bias3d__type_support.cpp\n'}
[0.907181] (px4_msgs) StdoutLine: {'line': b'-- Up-to-date: /home/nicolas/ws_ros2/install/px4_msgs/include/px4_msgs/px4_msgs/msg/detail/system_power__rosidl_typesupport_introspection_cpp.hpp\n'}
[0.907213] (px4_msgs) StdoutLine: {'line': b'-- Up-to-date: /home/nicolas/ws_ros2/install/px4_msgs/include/px4_msgs/px4_msgs/msg/detail/position_controller_landing_status__rosidl_typesupport_introspection_cpp.hpp\n'}
[0.907246] (px4_msgs) StdoutLine: {'line': b'-- Up-to-date: /home/nicolas/ws_ros2/install/px4_msgs/include/px4_msgs/px4_msgs/msg/detail/airspeed__type_support.cpp\n'}
[0.907279] (px4_msgs) StdoutLine: {'line': b'-- Up-to-date: /home/nicolas/ws_ros2/install/px4_msgs/include/px4_msgs/px4_msgs/msg/detail/led_control__type_support.cpp\n'}
[0.907325] (px4_msgs) StdoutLine: {'line': b'-- Up-to-date: /home/nicolas/ws_ros2/install/px4_msgs/include/px4_msgs/px4_msgs/msg/detail/orb_test_medium__type_support.cpp\n'}
[0.907356] (px4_msgs) StdoutLine: {'line': b'-- Up-to-date: /home/nicolas/ws_ros2/install/px4_msgs/include/px4_msgs/px4_msgs/msg/detail/estimator_gps_status__type_support.cpp\n'}
[0.907404] (px4_msgs) StdoutLine: {'line': b'-- Up-to-date: /home/nicolas/ws_ros2/install/px4_msgs/include/px4_msgs/px4_msgs/msg/detail/config_overrides__rosidl_typesupport_introspection_cpp.hpp\n'}
[0.907436] (px4_msgs) StdoutLine: {'line': b'-- Up-to-date: /home/nicolas/ws_ros2/install/px4_msgs/include/px4_msgs/px4_msgs/msg/detail/vehicle_optical_flow_vel__type_support.cpp\n'}
[0.907467] (px4_msgs) StdoutLine: {'line': b'-- Up-to-date: /home/nicolas/ws_ros2/install/px4_msgs/include/px4_msgs/px4_msgs/msg/detail/dataman_request__type_support.cpp\n'}
[0.907498] (px4_msgs) StdoutLine: {'line': b'-- Up-to-date: /home/nicolas/ws_ros2/install/px4_msgs/include/px4_msgs/px4_msgs/msg/detail/sensor_gyro__type_support.cpp\n'}
[0.907529] (px4_msgs) StdoutLine: {'line': b'-- Up-to-date: /home/nicolas/ws_ros2/install/px4_msgs/include/px4_msgs/px4_msgs/msg/detail/parameter_set_used_request__type_support.cpp\n'}
[0.907560] (px4_msgs) StdoutLine: {'line': b'-- Up-to-date: /home/nicolas/ws_ros2/install/px4_msgs/include/px4_msgs/px4_msgs/msg/detail/heater_status__type_support.cpp\n'}
[0.907590] (px4_msgs) StdoutLine: {'line': b'-- Up-to-date: /home/nicolas/ws_ros2/install/px4_msgs/include/px4_msgs/px4_msgs/msg/detail/message_format_request__type_support.cpp\n'}
[0.907621] (px4_msgs) StdoutLine: {'line': b'-- Up-to-date: /home/nicolas/ws_ros2/install/px4_msgs/include/px4_msgs/px4_msgs/msg/detail/vtol_vehicle_status__type_support.cpp\n'}
[0.907652] (px4_msgs) StdoutLine: {'line': b'-- Up-to-date: /home/nicolas/ws_ros2/install/px4_msgs/include/px4_msgs/px4_msgs/msg/detail/control_allocator_status__rosidl_typesupport_introspection_cpp.hpp\n'}
[0.907683] (px4_msgs) StdoutLine: {'line': b'-- Up-to-date: /home/nicolas/ws_ros2/install/px4_msgs/include/px4_msgs/px4_msgs/msg/detail/rover_attitude_setpoint__rosidl_typesupport_introspection_cpp.hpp\n'}
[0.907715] (px4_msgs) StdoutLine: {'line': b'-- Up-to-date: /home/nicolas/ws_ros2/install/px4_msgs/include/px4_msgs/px4_msgs/msg/detail/sensor_correction__rosidl_typesupport_introspection_cpp.hpp\n'}
[0.907748] (px4_msgs) StdoutLine: {'line': b'-- Up-to-date: /home/nicolas/ws_ros2/install/px4_msgs/include/px4_msgs/px4_msgs/msg/detail/yaw_estimator_status__type_support.cpp\n'}
[0.907778] (px4_msgs) StdoutLine: {'line': b'-- Up-to-date: /home/nicolas/ws_ros2/install/px4_msgs/include/px4_msgs/px4_msgs/msg/detail/fuel_tank_status__type_support.cpp\n'}
[0.907809] (px4_msgs) StdoutLine: {'line': b'-- Up-to-date: /home/nicolas/ws_ros2/install/px4_msgs/include/px4_msgs/px4_msgs/msg/detail/trajectory_setpoint__rosidl_typesupport_introspection_cpp.hpp\n'}
[0.907841] (px4_msgs) StdoutLine: {'line': b'-- Up-to-date: /home/nicolas/ws_ros2/install/px4_msgs/include/px4_msgs/px4_msgs/msg/detail/parameter_set_used_request__rosidl_typesupport_introspection_cpp.hpp\n'}
[0.907880] (px4_msgs) StdoutLine: {'line': b'-- Up-to-date: /home/nicolas/ws_ros2/install/px4_msgs/include/px4_msgs/px4_msgs/msg/detail/estimator_sensor_bias__rosidl_typesupport_introspection_cpp.hpp\n'}
[0.907919] (px4_msgs) StdoutLine: {'line': b'-- Up-to-date: /home/nicolas/ws_ros2/install/px4_msgs/include/px4_msgs/px4_msgs/msg/detail/internal_combustion_engine_control__type_support.cpp\n'}
[0.907958] (px4_msgs) StdoutLine: {'line': b'-- Up-to-date: /home/nicolas/ws_ros2/install/px4_msgs/include/px4_msgs/px4_msgs/msg/detail/dronecan_node_status__type_support.cpp\n'}
[0.907992] (px4_msgs) StdoutLine: {'line': b'-- Up-to-date: /home/nicolas/ws_ros2/install/px4_msgs/include/px4_msgs/px4_msgs/msg/detail/gimbal_manager_set_manual_control__type_support.cpp\n'}
[0.908036] (px4_msgs) StdoutLine: {'line': b'-- Up-to-date: /home/nicolas/ws_ros2/install/px4_msgs/include/px4_msgs/px4_msgs/msg/detail/power_button_state__rosidl_typesupport_introspection_cpp.hpp\n'}
[0.908066] (px4_msgs) StdoutLine: {'line': b'-- Up-to-date: /home/nicolas/ws_ros2/install/px4_msgs/include/px4_msgs/px4_msgs/msg/detail/task_stack_info__type_support.cpp\n'}
[0.908098] (px4_msgs) StdoutLine: {'line': b'-- Up-to-date: /home/nicolas/ws_ros2/install/px4_msgs/include/px4_msgs/px4_msgs/msg/detail/ping__rosidl_typesupport_introspection_cpp.hpp\n'}
[0.908128] (px4_msgs) StdoutLine: {'line': b'-- Up-to-date: /home/nicolas/ws_ros2/install/px4_msgs/include/px4_msgs/px4_msgs/msg/detail/goto_setpoint__rosidl_typesupport_introspection_cpp.hpp\n'}
[0.908159] (px4_msgs) StdoutLine: {'line': b'-- Up-to-date: /home/nicolas/ws_ros2/install/px4_msgs/include/px4_msgs/px4_msgs/msg/detail/battery_status__type_support.cpp\n'}
[0.908189] (px4_msgs) StdoutLine: {'line': b'-- Up-to-date: /home/nicolas/ws_ros2/install/px4_msgs/include/px4_msgs/px4_msgs/msg/detail/debug_key_value__rosidl_typesupport_introspection_cpp.hpp\n'}
[0.908222] (px4_msgs) StdoutLine: {'line': b'-- Up-to-date: /home/nicolas/ws_ros2/install/px4_msgs/include/px4_msgs/px4_msgs/msg/detail/camera_status__type_support.cpp\n'}
[0.908268] (px4_msgs) StdoutLine: {'line': b'-- Up-to-date: /home/nicolas/ws_ros2/install/px4_msgs/include/px4_msgs/px4_msgs/msg/detail/vehicle_roi__rosidl_typesupport_introspection_cpp.hpp\n'}
[0.908299] (px4_msgs) StdoutLine: {'line': b'-- Up-to-date: /home/nicolas/ws_ros2/install/px4_msgs/include/px4_msgs/px4_msgs/msg/detail/open_drone_id_system__type_support.cpp\n'}
[0.908330] (px4_msgs) StdoutLine: {'line': b'-- Up-to-date: /home/nicolas/ws_ros2/install/px4_msgs/include/px4_msgs/px4_msgs/msg/detail/orb_test_large__rosidl_typesupport_introspection_cpp.hpp\n'}
[0.908360] (px4_msgs) StdoutLine: {'line': b'-- Up-to-date: /home/nicolas/ws_ros2/install/px4_msgs/include/px4_msgs/px4_msgs/msg/detail/landing_target_pose__type_support.cpp\n'}
[0.908397] (px4_msgs) StdoutLine: {'line': b'-- Up-to-date: /home/nicolas/ws_ros2/install/px4_msgs/include/px4_msgs/px4_msgs/msg/detail/mag_worker_data__rosidl_typesupport_introspection_cpp.hpp\n'}
[0.908427] (px4_msgs) StdoutLine: {'line': b'-- Up-to-date: /home/nicolas/ws_ros2/install/px4_msgs/include/px4_msgs/px4_msgs/msg/detail/ulog_stream_ack__type_support.cpp\n'}
[0.908461] (px4_msgs) StdoutLine: {'line': b'-- Up-to-date: /home/nicolas/ws_ros2/install/px4_msgs/include/px4_msgs/px4_msgs/msg/detail/vehicle_odometry__rosidl_typesupport_introspection_cpp.hpp\n'}
[0.908491] (px4_msgs) StdoutLine: {'line': b'-- Up-to-date: /home/nicolas/ws_ros2/install/px4_msgs/include/px4_msgs/px4_msgs/msg/detail/gpio_config__rosidl_typesupport_introspection_cpp.hpp\n'}
[0.908522] (px4_msgs) StdoutLine: {'line': b'-- Up-to-date: /home/nicolas/ws_ros2/install/px4_msgs/include/px4_msgs/px4_msgs/msg/detail/gps_inject_data__type_support.cpp\n'}
[0.908559] (px4_msgs) StdoutLine: {'line': b'-- Up-to-date: /home/nicolas/ws_ros2/install/px4_msgs/include/px4_msgs/px4_msgs/msg/detail/register_ext_component_reply__type_support.cpp\n'}
[0.908592] (px4_msgs) StdoutLine: {'line': b'-- Up-to-date: /home/nicolas/ws_ros2/install/px4_msgs/include/px4_msgs/px4_msgs/msg/detail/rate_ctrl_status__type_support.cpp\n'}
[0.908626] (px4_msgs) StdoutLine: {'line': b'-- Up-to-date: /home/nicolas/ws_ros2/install/px4_msgs/include/px4_msgs/px4_msgs/msg/detail/fixed_wing_runway_control__type_support.cpp\n'}
[0.908660] (px4_msgs) StdoutLine: {'line': b'-- Up-to-date: /home/nicolas/ws_ros2/install/px4_msgs/include/px4_msgs/px4_msgs/msg/detail/orbit_status__rosidl_typesupport_introspection_cpp.hpp\n'}
[0.908693] (px4_msgs) StdoutLine: {'line': b'-- Up-to-date: /home/nicolas/ws_ros2/install/px4_msgs/include/px4_msgs/px4_msgs/msg/detail/gpio_request__type_support.cpp\n'}
[0.908726] (px4_msgs) StdoutLine: {'line': b'-- Up-to-date: /home/nicolas/ws_ros2/install/px4_msgs/include/px4_msgs/px4_msgs/msg/detail/pure_pursuit_status__rosidl_typesupport_introspection_cpp.hpp\n'}
[0.908760] (px4_msgs) StdoutLine: {'line': b'-- Up-to-date: /home/nicolas/ws_ros2/install/px4_msgs/include/px4_msgs/px4_msgs/msg/detail/mission__type_support.cpp\n'}
[0.908792] (px4_msgs) StdoutLine: {'line': b'-- Up-to-date: /home/nicolas/ws_ros2/install/px4_msgs/include/px4_msgs/px4_msgs/msg/detail/rc_parameter_map__rosidl_typesupport_introspection_cpp.hpp\n'}
[0.908826] (px4_msgs) StdoutLine: {'line': b'-- Up-to-date: /home/nicolas/ws_ros2/install/px4_msgs/include/px4_msgs/px4_msgs/msg/detail/sensor_gyro__rosidl_typesupport_introspection_cpp.hpp\n'}
[0.908858] (px4_msgs) StdoutLine: {'line': b'-- Up-to-date: /home/nicolas/ws_ros2/install/px4_msgs/include/px4_msgs/px4_msgs/msg/detail/geofence_status__type_support.cpp\n'}
[0.908892] (px4_msgs) StdoutLine: {'line': b'-- Up-to-date: /home/nicolas/ws_ros2/install/px4_msgs/include/px4_msgs/px4_msgs/msg/detail/navigator_mission_item__type_support.cpp\n'}
[0.908939] (px4_msgs) StdoutLine: {'line': b'-- Up-to-date: /home/nicolas/ws_ros2/install/px4_msgs/include/px4_msgs/px4_msgs/msg/detail/rover_position_setpoint__type_support.cpp\n'}
[0.908986] (px4_msgs) StdoutLine: {'line': b'-- Up-to-date: /home/nicolas/ws_ros2/install/px4_msgs/include/px4_msgs/px4_msgs/msg/detail/action_request__rosidl_typesupport_introspection_cpp.hpp\n'}
[0.909021] (px4_msgs) StdoutLine: {'line': b'-- Up-to-date: /home/nicolas/ws_ros2/install/px4_msgs/include/px4_msgs/px4_msgs/msg/detail/parameter_set_value_response__type_support.cpp\n'}
[0.909056] (px4_msgs) StdoutLine: {'line': b'-- Up-to-date: /home/nicolas/ws_ros2/install/px4_msgs/include/px4_msgs/px4_msgs/msg/detail/sensor_combined__rosidl_typesupport_introspection_cpp.hpp\n'}
[0.909090] (px4_msgs) StdoutLine: {'line': b'-- Up-to-date: /home/nicolas/ws_ros2/install/px4_msgs/include/px4_msgs/px4_msgs/msg/detail/vehicle_land_detected__type_support.cpp\n'}
[0.909126] (px4_msgs) StdoutLine: {'line': b'-- Up-to-date: /home/nicolas/ws_ros2/install/px4_msgs/include/px4_msgs/px4_msgs/msg/detail/estimator_status_flags__type_support.cpp\n'}
[0.909159] (px4_msgs) StdoutLine: {'line': b'-- Up-to-date: /home/nicolas/ws_ros2/install/px4_msgs/include/px4_msgs/px4_msgs/msg/detail/sensor_optical_flow__rosidl_typesupport_introspection_cpp.hpp\n'}
[0.909192] (px4_msgs) StdoutLine: {'line': b'-- Up-to-date: /home/nicolas/ws_ros2/install/px4_msgs/include/px4_msgs/px4_msgs/msg/detail/vehicle_local_position__rosidl_typesupport_introspection_cpp.hpp\n'}
[0.909262] (px4_msgs) StdoutLine: {'line': b'-- Up-to-date: /home/nicolas/ws_ros2/install/px4_msgs/include/px4_msgs/px4_msgs/msg/detail/sensor_gnss_relative__type_support.cpp\n'}
[0.909294] (px4_msgs) StdoutLine: {'line': b'-- Up-to-date: /home/nicolas/ws_ros2/install/px4_msgs/include/px4_msgs/px4_msgs/msg/detail/sensor_gps__rosidl_typesupport_introspection_cpp.hpp\n'}
[0.909325] (px4_msgs) StdoutLine: {'line': b'-- Up-to-date: /home/nicolas/ws_ros2/install/px4_msgs/include/px4_msgs/px4_msgs/msg/detail/debug_value__rosidl_typesupport_introspection_cpp.hpp\n'}
[0.909367] (px4_msgs) StdoutLine: {'line': b'-- Up-to-date: /home/nicolas/ws_ros2/install/px4_msgs/include/px4_msgs/px4_msgs/msg/detail/tiltrotor_extra_controls__rosidl_typesupport_introspection_cpp.hpp\n'}
[0.909398] (px4_msgs) StdoutLine: {'line': b'-- Up-to-date: /home/nicolas/ws_ros2/install/px4_msgs/include/px4_msgs/px4_msgs/msg/detail/position_controller_landing_status__type_support.cpp\n'}
[0.909432] (px4_msgs) StdoutLine: {'line': b'-- Up-to-date: /home/nicolas/ws_ros2/install/px4_msgs/include/px4_msgs/px4_msgs/msg/detail/landing_target_innovations__type_support.cpp\n'}
[0.909463] (px4_msgs) StdoutLine: {'line': b'-- Up-to-date: /home/nicolas/ws_ros2/install/px4_msgs/include/px4_msgs/px4_msgs/msg/detail/message_format_response__rosidl_typesupport_introspection_cpp.hpp\n'}
[0.909493] (px4_msgs) StdoutLine: {'line': b'-- Up-to-date: /home/nicolas/ws_ros2/install/px4_msgs/include/px4_msgs/px4_msgs/msg/detail/landing_gear_wheel__rosidl_typesupport_introspection_cpp.hpp\n'}
[0.909525] (px4_msgs) StdoutLine: {'line': b'-- Up-to-date: /home/nicolas/ws_ros2/install/px4_msgs/include/px4_msgs/px4_msgs/msg/detail/camera_trigger__rosidl_typesupport_introspection_cpp.hpp\n'}
[0.909554] (px4_msgs) StdoutLine: {'line': b'-- Up-to-date: /home/nicolas/ws_ros2/install/px4_msgs/include/px4_msgs/px4_msgs/msg/detail/landing_target_pose__rosidl_typesupport_introspection_cpp.hpp\n'}
[0.909588] (px4_msgs) StdoutLine: {'line': b'-- Up-to-date: /home/nicolas/ws_ros2/install/px4_msgs/include/px4_msgs/px4_msgs/msg/detail/position_setpoint__type_support.cpp\n'}
[0.909621] (px4_msgs) StdoutLine: {'line': b'-- Up-to-date: /home/nicolas/ws_ros2/install/px4_msgs/include/px4_msgs/px4_msgs/msg/detail/cellular_status__type_support.cpp\n'}
[0.909654] (px4_msgs) StdoutLine: {'line': b'-- Up-to-date: /home/nicolas/ws_ros2/install/px4_msgs/include/px4_msgs/px4_msgs/msg/detail/sensor_mag__type_support.cpp\n'}
[0.909689] (px4_msgs) StdoutLine: {'line': b'-- Up-to-date: /home/nicolas/ws_ros2/install/px4_msgs/include/px4_msgs/px4_msgs/msg/detail/actuator_controls_status__type_support.cpp\n'}
[0.909723] (px4_msgs) StdoutLine: {'line': b'-- Up-to-date: /home/nicolas/ws_ros2/install/px4_msgs/include/px4_msgs/px4_msgs/msg/detail/arming_check_request__type_support.cpp\n'}
[0.909757] (px4_msgs) StdoutLine: {'line': b'-- Up-to-date: /home/nicolas/ws_ros2/install/px4_msgs/include/px4_msgs/px4_msgs/msg/detail/rate_ctrl_status__rosidl_typesupport_introspection_cpp.hpp\n'}
[0.909790] (px4_msgs) StdoutLine: {'line': b'-- Up-to-date: /home/nicolas/ws_ros2/install/px4_msgs/include/px4_msgs/px4_msgs/msg/detail/mission_result__type_support.cpp\n'}
[0.909824] (px4_msgs) StdoutLine: {'line': b'-- Up-to-date: /home/nicolas/ws_ros2/install/px4_msgs/include/px4_msgs/px4_msgs/msg/detail/orb_test__rosidl_typesupport_introspection_cpp.hpp\n'}
[0.909858] (px4_msgs) StdoutLine: {'line': b'-- Up-to-date: /home/nicolas/ws_ros2/install/px4_msgs/include/px4_msgs/px4_msgs/msg/detail/qshell_req__type_support.cpp\n'}
[0.909891] (px4_msgs) StdoutLine: {'line': b'-- Up-to-date: /home/nicolas/ws_ros2/install/px4_msgs/include/px4_msgs/px4_msgs/msg/detail/rover_speed_status__type_support.cpp\n'}
[0.909929] (px4_msgs) StdoutLine: {'line': b'-- Up-to-date: /home/nicolas/ws_ros2/install/px4_msgs/include/px4_msgs/px4_msgs/msg/detail/landing_gear__type_support.cpp\n'}
[0.909966] (px4_msgs) StdoutLine: {'line': b'-- Up-to-date: /home/nicolas/ws_ros2/install/px4_msgs/include/px4_msgs/px4_msgs/msg/detail/trajectory_setpoint__type_support.cpp\n'}
[0.910017] (px4_msgs) StdoutLine: {'line': b'-- Up-to-date: /home/nicolas/ws_ros2/install/px4_msgs/include/px4_msgs/px4_msgs/msg/detail/estimator_selector_status__type_support.cpp\n'}
[0.910048] (px4_msgs) StdoutLine: {'line': b'-- Up-to-date: /home/nicolas/ws_ros2/install/px4_msgs/include/px4_msgs/px4_msgs/msg/detail/parameter_set_value_response__rosidl_typesupport_introspection_cpp.hpp\n'}
[0.910081] (px4_msgs) StdoutLine: {'line': b'-- Up-to-date: /home/nicolas/ws_ros2/install/px4_msgs/include/px4_msgs/px4_msgs/msg/detail/manual_control_setpoint__rosidl_typesupport_introspection_cpp.hpp\n'}
[0.910114] (px4_msgs) StdoutLine: {'line': b'-- Up-to-date: /home/nicolas/ws_ros2/install/px4_msgs/include/px4_msgs/px4_msgs/msg/detail/actuator_servos__type_support.cpp\n'}
[0.910147] (px4_msgs) StdoutLine: {'line': b'-- Up-to-date: /home/nicolas/ws_ros2/install/px4_msgs/include/px4_msgs/px4_msgs/msg/detail/mavlink_log__type_support.cpp\n'}
[0.910180] (px4_msgs) StdoutLine: {'line': b'-- Up-to-date: /home/nicolas/ws_ros2/install/px4_msgs/include/px4_msgs/px4_msgs/msg/detail/rpm__type_support.cpp\n'}
[0.910225] (px4_msgs) StdoutLine: {'line': b'-- Up-to-date: /home/nicolas/ws_ros2/install/px4_msgs/include/px4_msgs/px4_msgs/msg/detail/vehicle_odometry__type_support.cpp\n'}
[0.910256] (px4_msgs) StdoutLine: {'line': b'-- Up-to-date: /home/nicolas/ws_ros2/install/px4_msgs/include/px4_msgs/px4_msgs/msg/detail/timesync_status__rosidl_typesupport_introspection_cpp.hpp\n'}
[0.910288] (px4_msgs) StdoutLine: {'line': b'-- Up-to-date: /home/nicolas/ws_ros2/install/px4_msgs/include/px4_msgs/px4_msgs/msg/detail/estimator_innovations__rosidl_typesupport_introspection_cpp.hpp\n'}
[0.910318] (px4_msgs) StdoutLine: {'line': b'-- Up-to-date: /home/nicolas/ws_ros2/install/px4_msgs/include/px4_msgs/px4_msgs/msg/detail/vehicle_global_position__type_support.cpp\n'}
[0.910348] (px4_msgs) StdoutLine: {'line': b'-- Up-to-date: /home/nicolas/ws_ros2/install/px4_msgs/include/px4_msgs/px4_msgs/msg/detail/gpio_config__type_support.cpp\n'}
[0.910379] (px4_msgs) StdoutLine: {'line': b'-- Up-to-date: /home/nicolas/ws_ros2/install/px4_msgs/include/px4_msgs/px4_msgs/msg/detail/fixed_wing_lateral_guidance_status__type_support.cpp\n'}
[0.910409] (px4_msgs) StdoutLine: {'line': b'-- Up-to-date: /home/nicolas/ws_ros2/install/px4_msgs/include/px4_msgs/px4_msgs/msg/detail/pps_capture__type_support.cpp\n'}
[0.910440] (px4_msgs) StdoutLine: {'line': b'-- Up-to-date: /home/nicolas/ws_ros2/install/px4_msgs/include/px4_msgs/px4_msgs/msg/detail/vehicle_air_data__type_support.cpp\n'}
[0.910487] (px4_msgs) StdoutLine: {'line': b'-- Up-to-date: /home/nicolas/ws_ros2/install/px4_msgs/include/px4_msgs/px4_msgs/msg/detail/vehicle_optical_flow__rosidl_typesupport_introspection_cpp.hpp\n'}
[0.910517] (px4_msgs) StdoutLine: {'line': b'-- Up-to-date: /home/nicolas/ws_ros2/install/px4_msgs/include/px4_msgs/px4_msgs/msg/detail/arming_check_reply__type_support.cpp\n'}
[0.910549] (px4_msgs) StdoutLine: {'line': b'-- Up-to-date: /home/nicolas/ws_ros2/install/px4_msgs/include/px4_msgs/px4_msgs/msg/detail/offboard_control_mode__rosidl_typesupport_introspection_cpp.hpp\n'}
[0.910579] (px4_msgs) StdoutLine: {'line': b'-- Up-to-date: /home/nicolas/ws_ros2/install/px4_msgs/include/px4_msgs/px4_msgs/msg/detail/rpm__rosidl_typesupport_introspection_cpp.hpp\n'}
[0.910609] (px4_msgs) StdoutLine: {'line': b'-- Up-to-date: /home/nicolas/ws_ros2/install/px4_msgs/include/px4_msgs/px4_msgs/msg/detail/battery_status__rosidl_typesupport_introspection_cpp.hpp\n'}
[0.910641] (px4_msgs) StdoutLine: {'line': b'-- Up-to-date: /home/nicolas/ws_ros2/install/px4_msgs/include/px4_msgs/px4_msgs/msg/detail/estimator_gps_status__rosidl_typesupport_introspection_cpp.hpp\n'}
[0.910672] (px4_msgs) StdoutLine: {'line': b'-- Up-to-date: /home/nicolas/ws_ros2/install/px4_msgs/include/px4_msgs/px4_msgs/msg/detail/ulog_stream__type_support.cpp\n'}
[0.910701] (px4_msgs) StdoutLine: {'line': b'-- Up-to-date: /home/nicolas/ws_ros2/install/px4_msgs/include/px4_msgs/px4_msgs/msg/detail/longitudinal_control_configuration__type_support.cpp\n'}
[0.910734] (px4_msgs) StdoutLine: {'line': b'-- Up-to-date: /home/nicolas/ws_ros2/install/px4_msgs/include/px4_msgs/px4_msgs/msg/detail/landing_gear_wheel__type_support.cpp\n'}
[0.910765] (px4_msgs) StdoutLine: {'line': b'-- Up-to-date: /home/nicolas/ws_ros2/install/px4_msgs/include/px4_msgs/px4_msgs/msg/detail/sensor_correction__type_support.cpp\n'}
[0.910795] (px4_msgs) StdoutLine: {'line': b'-- Up-to-date: /home/nicolas/ws_ros2/install/px4_msgs/include/px4_msgs/px4_msgs/msg/detail/debug_vect__type_support.cpp\n'}
[0.910827] (px4_msgs) StdoutLine: {'line': b'-- Up-to-date: /home/nicolas/ws_ros2/install/px4_msgs/include/px4_msgs/px4_msgs/msg/detail/register_ext_component_reply__rosidl_typesupport_introspection_cpp.hpp\n'}
[0.910862] (px4_msgs) StdoutLine: {'line': b'-- Up-to-date: /home/nicolas/ws_ros2/install/px4_msgs/include/px4_msgs/px4_msgs/msg/detail/vehicle_attitude_setpoint__type_support.cpp\n'}
[0.910896] (px4_msgs) StdoutLine: {'line': b'-- Up-to-date: /home/nicolas/ws_ros2/install/px4_msgs/include/px4_msgs/px4_msgs/msg/detail/vehicle_command_ack__rosidl_typesupport_introspection_cpp.hpp\n'}
[0.910950] (px4_msgs) StdoutLine: {'line': b'-- Up-to-date: /home/nicolas/ws_ros2/install/px4_msgs/include/px4_msgs/px4_msgs/msg/detail/config_overrides__type_support.cpp\n'}
[0.910984] (px4_msgs) StdoutLine: {'line': b'-- Up-to-date: /home/nicolas/ws_ros2/install/px4_msgs/include/px4_msgs/px4_msgs/msg/detail/tune_control__rosidl_typesupport_introspection_cpp.hpp\n'}
[0.911014] (px4_msgs) StdoutLine: {'line': b'-- Up-to-date: /home/nicolas/ws_ros2/install/px4_msgs/include/px4_msgs/px4_msgs/msg/detail/rover_attitude_setpoint__type_support.cpp\n'}
[0.911045] (px4_msgs) StdoutLine: {'line': b'-- Up-to-date: /home/nicolas/ws_ros2/install/px4_msgs/include/px4_msgs/px4_msgs/msg/detail/normalized_unsigned_setpoint__rosidl_typesupport_introspection_cpp.hpp\n'}
[0.911075] (px4_msgs) StdoutLine: {'line': b'-- Up-to-date: /home/nicolas/ws_ros2/install/px4_msgs/include/px4_msgs/px4_msgs/msg/detail/dataman_response__rosidl_typesupport_introspection_cpp.hpp\n'}
[0.911107] (px4_msgs) StdoutLine: {'line': b'-- Up-to-date: /home/nicolas/ws_ros2/install/px4_msgs/include/px4_msgs/px4_msgs/msg/detail/sensor_accel__rosidl_typesupport_introspection_cpp.hpp\n'}
[0.911140] (px4_msgs) StdoutLine: {'line': b'-- Up-to-date: /home/nicolas/ws_ros2/install/px4_msgs/include/px4_msgs/px4_msgs/msg/detail/vehicle_torque_setpoint__type_support.cpp\n'}
[0.911171] (px4_msgs) StdoutLine: {'line': b'-- Up-to-date: /home/nicolas/ws_ros2/install/px4_msgs/include/px4_msgs/px4_msgs/msg/detail/sensor_gps__type_support.cpp\n'}
[0.911203] (px4_msgs) StdoutLine: {'line': b'-- Up-to-date: /home/nicolas/ws_ros2/install/px4_msgs/include/px4_msgs/px4_msgs/msg/detail/mission_result__rosidl_typesupport_introspection_cpp.hpp\n'}
[0.911233] (px4_msgs) StdoutLine: {'line': b'-- Up-to-date: /home/nicolas/ws_ros2/install/px4_msgs/include/px4_msgs/px4_msgs/msg/detail/rover_attitude_status__type_support.cpp\n'}
[0.911268] (px4_msgs) StdoutLine: {'line': b'-- Up-to-date: /home/nicolas/ws_ros2/install/px4_msgs/include/px4_msgs/px4_msgs/msg/detail/power_monitor__type_support.cpp\n'}
[0.911307] (px4_msgs) StdoutLine: {'line': b'-- Up-to-date: /home/nicolas/ws_ros2/install/px4_msgs/include/px4_msgs/px4_msgs/msg/detail/tecs_status__rosidl_typesupport_introspection_cpp.hpp\n'}
[0.911355] (px4_msgs) StdoutLine: {'line': b'-- Up-to-date: /home/nicolas/ws_ros2/install/px4_msgs/include/px4_msgs/px4_msgs/msg/detail/sensor_airflow__rosidl_typesupport_introspection_cpp.hpp\n'}
[0.911388] (px4_msgs) StdoutLine: {'line': b'-- Up-to-date: /home/nicolas/ws_ros2/install/px4_msgs/include/px4_msgs/px4_msgs/msg/detail/onboard_computer_status__rosidl_typesupport_introspection_cpp.hpp\n'}
[0.911420] (px4_msgs) StdoutLine: {'line': b'-- Up-to-date: /home/nicolas/ws_ros2/install/px4_msgs/include/px4_msgs/px4_msgs/msg/detail/parameter_reset_request__rosidl_typesupport_introspection_cpp.hpp\n'}
[0.911459] (px4_msgs) StdoutLine: {'line': b'-- Up-to-date: /home/nicolas/ws_ros2/install/px4_msgs/include/px4_msgs/px4_msgs/msg/detail/fuel_tank_status__rosidl_typesupport_introspection_cpp.hpp\n'}
[0.911497] (px4_msgs) StdoutLine: {'line': b'-- Up-to-date: /home/nicolas/ws_ros2/install/px4_msgs/include/px4_msgs/px4_msgs/msg/detail/pwm_input__type_support.cpp\n'}
[0.911527] (px4_msgs) StdoutLine: {'line': b'-- Up-to-date: /home/nicolas/ws_ros2/install/px4_msgs/include/px4_msgs/px4_msgs/msg/detail/unregister_ext_component__type_support.cpp\n'}
[0.911558] (px4_msgs) StdoutLine: {'line': b'-- Up-to-date: /home/nicolas/ws_ros2/install/px4_msgs/include/px4_msgs/px4_msgs/msg/detail/rover_rate_status__type_support.cpp\n'}
[0.911590] (px4_msgs) StdoutLine: {'line': b'-- Up-to-date: /home/nicolas/ws_ros2/install/px4_msgs/include/px4_msgs/px4_msgs/msg/detail/offboard_control_mode__type_support.cpp\n'}
[0.911622] (px4_msgs) StdoutLine: {'line': b'-- Up-to-date: /home/nicolas/ws_ros2/install/px4_msgs/include/px4_msgs/px4_msgs/msg/detail/estimator_states__type_support.cpp\n'}
[0.911656] (px4_msgs) StdoutLine: {'line': b'-- Up-to-date: /home/nicolas/ws_ros2/install/px4_msgs/include/px4_msgs/px4_msgs/msg/detail/magnetometer_bias_estimate__type_support.cpp\n'}
[0.911689] (px4_msgs) StdoutLine: {'line': b'-- Up-to-date: /home/nicolas/ws_ros2/install/px4_msgs/include/px4_msgs/px4_msgs/msg/detail/sensor_mag__rosidl_typesupport_introspection_cpp.hpp\n'}
[0.911722] (px4_msgs) StdoutLine: {'line': b'-- Up-to-date: /home/nicolas/ws_ros2/install/px4_msgs/include/px4_msgs/px4_msgs/msg/detail/rover_rate_setpoint__rosidl_typesupport_introspection_cpp.hpp\n'}
[0.911756] (px4_msgs) StdoutLine: {'line': b'-- Up-to-date: /home/nicolas/ws_ros2/install/px4_msgs/include/px4_msgs/px4_msgs/msg/detail/ping__type_support.cpp\n'}
[0.911789] (px4_msgs) StdoutLine: {'line': b'-- Up-to-date: /home/nicolas/ws_ros2/install/px4_msgs/include/px4_msgs/px4_msgs/msg/detail/camera_capture__type_support.cpp\n'}
[0.911824] (px4_msgs) StdoutLine: {'line': b'-- Up-to-date: /home/nicolas/ws_ros2/install/px4_msgs/include/px4_msgs/px4_msgs/msg/detail/velocity_limits__rosidl_typesupport_introspection_cpp.hpp\n'}
[0.911857] (px4_msgs) StdoutLine: {'line': b'-- Up-to-date: /home/nicolas/ws_ros2/install/px4_msgs/include/px4_msgs/px4_msgs/msg/detail/fixed_wing_longitudinal_setpoint__rosidl_typesupport_introspection_cpp.hpp\n'}
[0.911890] (px4_msgs) StdoutLine: {'line': b'-- Up-to-date: /home/nicolas/ws_ros2/install/px4_msgs/include/px4_msgs/px4_msgs/msg/detail/sensor_gyro_fft__rosidl_typesupport_introspection_cpp.hpp\n'}
[0.911943] (px4_msgs) StdoutLine: {'line': b'-- Up-to-date: /home/nicolas/ws_ros2/install/px4_msgs/include/px4_msgs/px4_msgs/msg/detail/magnetometer_bias_estimate__rosidl_typesupport_introspection_cpp.hpp\n'}
[0.911979] (px4_msgs) StdoutLine: {'line': b'-- Up-to-date: /home/nicolas/ws_ros2/install/px4_msgs/include/px4_msgs/px4_msgs/msg/detail/follow_target__type_support.cpp\n'}
[0.912012] (px4_msgs) StdoutLine: {'line': b'-- Up-to-date: /home/nicolas/ws_ros2/install/px4_msgs/include/px4_msgs/px4_msgs/msg/detail/navigator_status__rosidl_typesupport_introspection_cpp.hpp\n'}
[0.912043] (px4_msgs) StdoutLine: {'line': b'-- Up-to-date: /home/nicolas/ws_ros2/install/px4_msgs/include/px4_msgs/px4_msgs/msg/detail/follow_target_status__type_support.cpp\n'}
[0.912077] (px4_msgs) StdoutLine: {'line': b'-- Up-to-date: /home/nicolas/ws_ros2/install/px4_msgs/include/px4_msgs/px4_msgs/msg/detail/gimbal_device_set_attitude__rosidl_typesupport_introspection_cpp.hpp\n'}
[0.912111] (px4_msgs) StdoutLine: {'line': b'-- Up-to-date: /home/nicolas/ws_ros2/install/px4_msgs/include/px4_msgs/px4_msgs/msg/detail/vehicle_angular_acceleration_setpoint__type_support.cpp\n'}
[0.912145] (px4_msgs) StdoutLine: {'line': b'-- Up-to-date: /home/nicolas/ws_ros2/install/px4_msgs/include/px4_msgs/px4_msgs/msg/detail/rover_rate_setpoint__type_support.cpp\n'}
[0.912177] (px4_msgs) StdoutLine: {'line': b'-- Up-to-date: /home/nicolas/ws_ros2/install/px4_msgs/include/px4_msgs/px4_msgs/msg/detail/vehicle_land_detected__rosidl_typesupport_introspection_cpp.hpp\n'}
[0.912220] (px4_msgs) StdoutLine: {'line': b'-- Up-to-date: /home/nicolas/ws_ros2/install/px4_msgs/include/px4_msgs/px4_msgs/msg/detail/obstacle_distance__rosidl_typesupport_introspection_cpp.hpp\n'}
[0.912250] (px4_msgs) StdoutLine: {'line': b'-- Up-to-date: /home/nicolas/ws_ros2/install/px4_msgs/include/px4_msgs/px4_msgs/msg/detail/vehicle_imu__type_support.cpp\n'}
[0.912280] (px4_msgs) StdoutLine: {'line': b'-- Up-to-date: /home/nicolas/ws_ros2/install/px4_msgs/include/px4_msgs/px4_msgs/msg/detail/flight_phase_estimation__rosidl_typesupport_introspection_cpp.hpp\n'}
[0.912311] (px4_msgs) StdoutLine: {'line': b'-- Up-to-date: /home/nicolas/ws_ros2/install/px4_msgs/include/px4_msgs/px4_msgs/msg/detail/vehicle_constraints__rosidl_typesupport_introspection_cpp.hpp\n'}
[0.912342] (px4_msgs) StdoutLine: {'line': b'-- Up-to-date: /home/nicolas/ws_ros2/install/px4_msgs/include/px4_msgs/px4_msgs/msg/detail/parameter_set_value_request__rosidl_typesupport_introspection_cpp.hpp\n'}
[0.912375] (px4_msgs) StdoutLine: {'line': b'-- Up-to-date: /home/nicolas/ws_ros2/install/px4_msgs/include/px4_msgs/px4_msgs/msg/detail/lateral_control_configuration__rosidl_typesupport_introspection_cpp.hpp\n'}
[0.912420] (px4_msgs) StdoutLine: {'line': b'-- Up-to-date: /home/nicolas/ws_ros2/install/px4_msgs/include/px4_msgs/px4_msgs/msg/detail/internal_combustion_engine_status__rosidl_typesupport_introspection_cpp.hpp\n'}
[0.912451] (px4_msgs) StdoutLine: {'line': b'-- Up-to-date: /home/nicolas/ws_ros2/install/px4_msgs/include/px4_msgs/px4_msgs/msg/detail/system_power__type_support.cpp\n'}
[0.912482] (px4_msgs) StdoutLine: {'line': b'-- Up-to-date: /home/nicolas/ws_ros2/install/px4_msgs/include/px4_msgs/px4_msgs/msg/detail/figure_eight_status__type_support.cpp\n'}
[0.912513] (px4_msgs) StdoutLine: {'line': b'-- Up-to-date: /home/nicolas/ws_ros2/install/px4_msgs/include/px4_msgs/px4_msgs/msg/detail/battery_info__rosidl_typesupport_introspection_cpp.hpp\n'}
[0.912545] (px4_msgs) StdoutLine: {'line': b'-- Up-to-date: /home/nicolas/ws_ros2/install/px4_msgs/include/px4_msgs/px4_msgs/msg/detail/message_format_request__rosidl_typesupport_introspection_cpp.hpp\n'}
[0.912577] (px4_msgs) StdoutLine: {'line': b'-- Up-to-date: /home/nicolas/ws_ros2/install/px4_msgs/include/px4_msgs/px4_msgs/msg/detail/event__type_support.cpp\n'}
[0.912608] (px4_msgs) StdoutLine: {'line': b'-- Up-to-date: /home/nicolas/ws_ros2/install/px4_msgs/include/px4_msgs/px4_msgs/msg/detail/gimbal_device_information__rosidl_typesupport_introspection_cpp.hpp\n'}
[0.912639] (px4_msgs) StdoutLine: {'line': b'-- Up-to-date: /home/nicolas/ws_ros2/install/px4_msgs/include/px4_msgs/px4_msgs/msg/detail/estimator_event_flags__type_support.cpp\n'}
[0.912669] (px4_msgs) StdoutLine: {'line': b'-- Up-to-date: /home/nicolas/ws_ros2/install/px4_msgs/include/px4_msgs/px4_msgs/msg/detail/vehicle_imu__rosidl_typesupport_introspection_cpp.hpp\n'}
[0.912701] (px4_msgs) StdoutLine: {'line': b'-- Up-to-date: /home/nicolas/ws_ros2/install/px4_msgs/include/px4_msgs/px4_msgs/msg/detail/hover_thrust_estimate__rosidl_typesupport_introspection_cpp.hpp\n'}
[0.912736] (px4_msgs) StdoutLine: {'line': b'-- Up-to-date: /home/nicolas/ws_ros2/install/px4_msgs/include/px4_msgs/px4_msgs/msg/detail/rtl_time_estimate__type_support.cpp\n'}
[0.912770] (px4_msgs) StdoutLine: {'line': b'-- Up-to-date: /home/nicolas/ws_ros2/install/px4_msgs/include/px4_msgs/px4_msgs/msg/detail/estimator_bias3d__rosidl_typesupport_introspection_cpp.hpp\n'}
[0.912802] (px4_msgs) StdoutLine: {'line': b'-- Up-to-date: /home/nicolas/ws_ros2/install/px4_msgs/include/px4_msgs/px4_msgs/msg/detail/rover_speed_status__rosidl_typesupport_introspection_cpp.hpp\n'}
[0.912835] (px4_msgs) StdoutLine: {'line': b'-- Up-to-date: /home/nicolas/ws_ros2/install/px4_msgs/include/px4_msgs/px4_msgs/msg/detail/vehicle_attitude_setpoint__rosidl_typesupport_introspection_cpp.hpp\n'}
[0.912868] (px4_msgs) StdoutLine: {'line': b'-- Up-to-date: /home/nicolas/ws_ros2/install/px4_msgs/include/px4_msgs/px4_msgs/msg/detail/telemetry_status__rosidl_typesupport_introspection_cpp.hpp\n'}
[0.912911] (px4_msgs) StdoutLine: {'line': b'-- Up-to-date: /home/nicolas/ws_ros2/install/px4_msgs/include/px4_msgs/px4_msgs/msg/detail/wind__rosidl_typesupport_introspection_cpp.hpp\n'}
[0.912950] (px4_msgs) StdoutLine: {'line': b'-- Up-to-date: /home/nicolas/ws_ros2/install/px4_msgs/include/px4_msgs/px4_msgs/msg/detail/actuator_motors__type_support.cpp\n'}
[0.912997] (px4_msgs) StdoutLine: {'line': b'-- Up-to-date: /home/nicolas/ws_ros2/install/px4_msgs/include/px4_msgs/px4_msgs/msg/detail/actuator_servos__rosidl_typesupport_introspection_cpp.hpp\n'}
[0.913028] (px4_msgs) StdoutLine: {'line': b'-- Up-to-date: /home/nicolas/ws_ros2/install/px4_msgs/include/px4_msgs/px4_msgs/msg/detail/follow_target_estimator__rosidl_typesupport_introspection_cpp.hpp\n'}
[0.913059] (px4_msgs) StdoutLine: {'line': b'-- Up-to-date: /home/nicolas/ws_ros2/install/px4_msgs/include/px4_msgs/px4_msgs/msg/detail/trajectory_setpoint6dof__type_support.cpp\n'}
[0.913090] (px4_msgs) StdoutLine: {'line': b'-- Up-to-date: /home/nicolas/ws_ros2/install/px4_msgs/include/px4_msgs/px4_msgs/msg/detail/debug_value__type_support.cpp\n'}
[0.913121] (px4_msgs) StdoutLine: {'line': b'-- Up-to-date: /home/nicolas/ws_ros2/install/px4_msgs/include/px4_msgs/px4_msgs/msg/detail/sensor_selection__rosidl_typesupport_introspection_cpp.hpp\n'}
[0.913153] (px4_msgs) StdoutLine: {'line': b'-- Up-to-date: /home/nicolas/ws_ros2/install/px4_msgs/include/px4_msgs/px4_msgs/msg/detail/takeoff_status__type_support.cpp\n'}
[0.913185] (px4_msgs) StdoutLine: {'line': b'-- Up-to-date: /home/nicolas/ws_ros2/install/px4_msgs/include/px4_msgs/px4_msgs/msg/detail/sensor_baro__rosidl_typesupport_introspection_cpp.hpp\n'}
[0.913219] (px4_msgs) StdoutLine: {'line': b'-- Up-to-date: /home/nicolas/ws_ros2/install/px4_msgs/include/px4_msgs/px4_msgs/msg/detail/gimbal_manager_set_attitude__rosidl_typesupport_introspection_cpp.hpp\n'}
[0.913252] (px4_msgs) StdoutLine: {'line': b'-- Up-to-date: /home/nicolas/ws_ros2/install/px4_msgs/include/px4_msgs/px4_msgs/msg/detail/autotune_attitude_control_status__rosidl_typesupport_introspection_cpp.hpp\n'}
[0.913285] (px4_msgs) StdoutLine: {'line': b'-- Up-to-date: /home/nicolas/ws_ros2/install/px4_msgs/include/px4_msgs/px4_msgs/msg/detail/sensor_gyro_fft__type_support.cpp\n'}
[0.913319] (px4_msgs) StdoutLine: {'line': b'-- Up-to-date: /home/nicolas/ws_ros2/install/px4_msgs/include/px4_msgs/px4_msgs/msg/detail/message_format_response__type_support.cpp\n'}
[0.913352] (px4_msgs) StdoutLine: {'line': b'-- Up-to-date: /home/nicolas/ws_ros2/install/px4_msgs/include/px4_msgs/px4_msgs/msg/detail/mount_orientation__rosidl_typesupport_introspection_cpp.hpp\n'}
[0.913406] (px4_msgs) StdoutLine: {'line': b'-- Up-to-date: /home/nicolas/ws_ros2/install/px4_msgs/include/px4_msgs/px4_msgs/msg/detail/qshell_retval__rosidl_typesupport_introspection_cpp.hpp\n'}
[0.913436] (px4_msgs) StdoutLine: {'line': b'-- Up-to-date: /home/nicolas/ws_ros2/install/px4_msgs/include/px4_msgs/px4_msgs/msg/detail/manual_control_setpoint__type_support.cpp\n'}
[0.913468] (px4_msgs) StdoutLine: {'line': b'-- Up-to-date: /home/nicolas/ws_ros2/install/px4_msgs/include/px4_msgs/px4_msgs/msg/detail/event__rosidl_typesupport_introspection_cpp.hpp\n'}
[0.913499] (px4_msgs) StdoutLine: {'line': b'-- Up-to-date: /home/nicolas/ws_ros2/install/px4_msgs/include/px4_msgs/px4_msgs/msg/detail/rtl_time_estimate__rosidl_typesupport_introspection_cpp.hpp\n'}
[0.913530] (px4_msgs) StdoutLine: {'line': b'-- Up-to-date: /home/nicolas/ws_ros2/install/px4_msgs/include/px4_msgs/px4_msgs/msg/detail/gpio_request__rosidl_typesupport_introspection_cpp.hpp\n'}
[0.913562] (px4_msgs) StdoutLine: {'line': b'-- Up-to-date: /home/nicolas/ws_ros2/install/px4_msgs/include/px4_msgs/px4_msgs/msg/detail/vehicle_command__type_support.cpp\n'}
[0.913592] (px4_msgs) StdoutLine: {'line': b'-- Up-to-date: /home/nicolas/ws_ros2/install/px4_msgs/include/px4_msgs/px4_msgs/msg/detail/landing_target_innovations__rosidl_typesupport_introspection_cpp.hpp\n'}
[0.913623] (px4_msgs) StdoutLine: {'line': b'-- Up-to-date: /home/nicolas/ws_ros2/install/px4_msgs/include/px4_msgs/px4_msgs/msg/detail/position_setpoint_triplet__rosidl_typesupport_introspection_cpp.hpp\n'}
[0.913657] (px4_msgs) StdoutLine: {'line': b'-- Up-to-date: /home/nicolas/ws_ros2/install/px4_msgs/include/px4_msgs/px4_msgs/msg/detail/ekf2_timestamps__type_support.cpp\n'}
[0.913688] (px4_msgs) StdoutLine: {'line': b'-- Up-to-date: /home/nicolas/ws_ros2/install/px4_msgs/include/px4_msgs/px4_msgs/msg/detail/estimator_status__type_support.cpp\n'}
[0.913719] (px4_msgs) StdoutLine: {'line': b'-- Up-to-date: /home/nicolas/ws_ros2/install/px4_msgs/include/px4_msgs/px4_msgs/msg/detail/vehicle_acceleration__type_support.cpp\n'}
[0.913750] (px4_msgs) StdoutLine: {'line': b'-- Up-to-date: /home/nicolas/ws_ros2/install/px4_msgs/include/px4_msgs/px4_msgs/msg/detail/rover_position_setpoint__rosidl_typesupport_introspection_cpp.hpp\n'}
[0.913783] (px4_msgs) StdoutLine: {'line': b'-- Up-to-date: /home/nicolas/ws_ros2/install/px4_msgs/include/px4_msgs/px4_msgs/msg/detail/geofence_result__type_support.cpp\n'}
[0.913817] (px4_msgs) StdoutLine: {'line': b'-- Up-to-date: /home/nicolas/ws_ros2/install/px4_msgs/include/px4_msgs/px4_msgs/msg/detail/estimator_aid_source2d__type_support.cpp\n'}
[0.913850] (px4_msgs) StdoutLine: {'line': b'-- Up-to-date: /home/nicolas/ws_ros2/install/px4_msgs/include/px4_msgs/px4_msgs/msg/detail/actuator_outputs__type_support.cpp\n'}
[0.913895] (px4_msgs) StdoutLine: {'line': b'-- Up-to-date: /home/nicolas/ws_ros2/install/px4_msgs/include/px4_msgs/px4_msgs/msg/detail/estimator_bias__rosidl_typesupport_introspection_cpp.hpp\n'}
[0.913932] (px4_msgs) StdoutLine: {'line': b'-- Up-to-date: /home/nicolas/ws_ros2/install/px4_msgs/include/px4_msgs/px4_msgs/msg/detail/vehicle_command_ack__type_support.cpp\n'}
[0.913966] (px4_msgs) StdoutLine: {'line': b'-- Up-to-date: /home/nicolas/ws_ros2/install/px4_msgs/include/px4_msgs/px4_msgs/msg/detail/rover_speed_setpoint__rosidl_typesupport_introspection_cpp.hpp\n'}
[0.913999] (px4_msgs) StdoutLine: {'line': b'-- Up-to-date: /home/nicolas/ws_ros2/install/px4_msgs/include/px4_msgs/px4_msgs/msg/detail/failure_detector_status__type_support.cpp\n'}
[0.914033] (px4_msgs) StdoutLine: {'line': b'-- Up-to-date: /home/nicolas/ws_ros2/install/px4_msgs/include/px4_msgs/px4_msgs/msg/detail/open_drone_id_arm_status__type_support.cpp\n'}
[0.914066] (px4_msgs) StdoutLine: {'line': b'-- Up-to-date: /home/nicolas/ws_ros2/install/px4_msgs/include/px4_msgs/px4_msgs/msg/detail/vehicle_optical_flow_vel__rosidl_typesupport_introspection_cpp.hpp\n'}
[0.914100] (px4_msgs) StdoutLine: {'line': b'-- Up-to-date: /home/nicolas/ws_ros2/install/px4_msgs/include/px4_msgs/px4_msgs/msg/detail/button_event__type_support.cpp\n'}
[0.914132] (px4_msgs) StdoutLine: {'line': b'-- Up-to-date: /home/nicolas/ws_ros2/install/px4_msgs/include/px4_msgs/px4_msgs/msg/detail/onboard_computer_status__type_support.cpp\n'}
[0.914165] (px4_msgs) StdoutLine: {'line': b'-- Up-to-date: /home/nicolas/ws_ros2/install/px4_msgs/include/px4_msgs/px4_msgs/msg/detail/adc_report__rosidl_typesupport_introspection_cpp.hpp\n'}
[0.914198] (px4_msgs) StdoutLine: {'line': b'-- Up-to-date: /home/nicolas/ws_ros2/install/px4_msgs/include/px4_msgs/px4_msgs/msg/detail/sensor_hygrometer__rosidl_typesupport_introspection_cpp.hpp\n'}
[0.914230] (px4_msgs) StdoutLine: {'line': b'-- Up-to-date: /home/nicolas/ws_ros2/install/px4_msgs/include/px4_msgs/px4_msgs/msg/detail/generator_status__rosidl_typesupport_introspection_cpp.hpp\n'}
[0.914263] (px4_msgs) StdoutLine: {'line': b'-- Up-to-date: /home/nicolas/ws_ros2/install/px4_msgs/include/px4_msgs/px4_msgs/msg/detail/vehicle_local_position_setpoint__rosidl_typesupport_introspection_cpp.hpp\n'}
[0.914296] (px4_msgs) StdoutLine: {'line': b'-- Up-to-date: /home/nicolas/ws_ros2/install/px4_msgs/include/px4_msgs/px4_msgs/msg/detail/vehicle_status__type_support.cpp\n'}
[0.914329] (px4_msgs) StdoutLine: {'line': b'-- Up-to-date: /home/nicolas/ws_ros2/install/px4_msgs/include/px4_msgs/px4_msgs/msg/detail/debug_key_value__type_support.cpp\n'}
[0.914378] (px4_msgs) StdoutLine: {'line': b'-- Up-to-date: /home/nicolas/ws_ros2/install/px4_msgs/include/px4_msgs/px4_msgs/msg/detail/failsafe_flags__rosidl_typesupport_introspection_cpp.hpp\n'}
[0.914411] (px4_msgs) StdoutLine: {'line': b'-- Up-to-date: /home/nicolas/ws_ros2/install/px4_msgs/include/px4_msgs/px4_msgs/msg/detail/estimator_aid_source3d__rosidl_typesupport_introspection_cpp.hpp\n'}
[0.914442] (px4_msgs) StdoutLine: {'line': b'-- Up-to-date: /home/nicolas/ws_ros2/install/px4_msgs/include/px4_msgs/px4_msgs/msg/detail/flight_phase_estimation__type_support.cpp\n'}
[0.914475] (px4_msgs) StdoutLine: {'line': b'-- Up-to-date: /home/nicolas/ws_ros2/install/px4_msgs/include/px4_msgs/px4_msgs/msg/detail/rover_steering_setpoint__type_support.cpp\n'}
[0.914509] (px4_msgs) StdoutLine: {'line': b'-- Up-to-date: /home/nicolas/ws_ros2/install/px4_msgs/include/px4_msgs/px4_msgs/msg/detail/yaw_estimator_status__rosidl_typesupport_introspection_cpp.hpp\n'}
[0.914541] (px4_msgs) StdoutLine: {'line': b'-- Up-to-date: /home/nicolas/ws_ros2/install/px4_msgs/include/px4_msgs/px4_msgs/msg/detail/power_button_state__type_support.cpp\n'}
[0.914573] (px4_msgs) StdoutLine: {'line': b'-- Up-to-date: /home/nicolas/ws_ros2/install/px4_msgs/include/px4_msgs/px4_msgs/msg/detail/vehicle_roi__type_support.cpp\n'}
[0.914607] (px4_msgs) StdoutLine: {'line': b'-- Up-to-date: /home/nicolas/ws_ros2/install/px4_msgs/include/px4_msgs/px4_msgs/msg/detail/navigator_status__type_support.cpp\n'}
[0.914639] (px4_msgs) StdoutLine: {'line': b'-- Up-to-date: /home/nicolas/ws_ros2/install/px4_msgs/include/px4_msgs/px4_msgs/msg/detail/gpio_in__rosidl_typesupport_introspection_cpp.hpp\n'}
[0.914672] (px4_msgs) StdoutLine: {'line': b'-- Up-to-date: /home/nicolas/ws_ros2/install/px4_msgs/include/px4_msgs/px4_msgs/msg/detail/goto_setpoint__type_support.cpp\n'}
[0.914704] (px4_msgs) StdoutLine: {'line': b'-- Up-to-date: /home/nicolas/ws_ros2/install/px4_msgs/include/px4_msgs/px4_msgs/msg/detail/distance_sensor_mode_change_request__rosidl_typesupport_introspection_cpp.hpp\n'}
[0.914737] (px4_msgs) StdoutLine: {'line': b'-- Up-to-date: /home/nicolas/ws_ros2/install/px4_msgs/include/px4_msgs/px4_msgs/msg/detail/home_position__type_support.cpp\n'}
[0.914769] (px4_msgs) StdoutLine: {'line': b'-- Up-to-date: /home/nicolas/ws_ros2/install/px4_msgs/include/px4_msgs/px4_msgs/msg/detail/gpio_out__type_support.cpp\n'}
[0.914801] (px4_msgs) StdoutLine: {'line': b'-- Up-to-date: /home/nicolas/ws_ros2/install/px4_msgs/include/px4_msgs/px4_msgs/msg/detail/sensor_gyro_fifo__type_support.cpp\n'}
[0.914849] (px4_msgs) StdoutLine: {'line': b'-- Up-to-date: /home/nicolas/ws_ros2/install/px4_msgs/include/px4_msgs/px4_msgs/msg/detail/gimbal_manager_information__type_support.cpp\n'}
[0.914880] (px4_msgs) StdoutLine: {'line': b'-- Up-to-date: /home/nicolas/ws_ros2/install/px4_msgs/include/px4_msgs/px4_msgs/msg/detail/estimator_status_flags__rosidl_typesupport_introspection_cpp.hpp\n'}
[0.914912] (px4_msgs) StdoutLine: {'line': b'-- Up-to-date: /home/nicolas/ws_ros2/install/px4_msgs/include/px4_msgs/px4_msgs/msg/detail/log_message__rosidl_typesupport_introspection_cpp.hpp\n'}
[0.914948] (px4_msgs) StdoutLine: {'line': b'-- Up-to-date: /home/nicolas/ws_ros2/install/px4_msgs/include/px4_msgs/px4_msgs/msg/detail/actuator_armed__rosidl_typesupport_introspection_cpp.hpp\n'}
[0.914979] (px4_msgs) StdoutLine: {'line': b'-- Up-to-date: /home/nicolas/ws_ros2/install/px4_msgs/include/px4_msgs/px4_msgs/msg/detail/open_drone_id_arm_status__rosidl_typesupport_introspection_cpp.hpp\n'}
[0.915011] (px4_msgs) StdoutLine: {'line': b'-- Up-to-date: /home/nicolas/ws_ros2/install/px4_msgs/include/px4_msgs/px4_msgs/msg/detail/px4io_status__rosidl_typesupport_introspection_cpp.hpp\n'}
[0.915042] (px4_msgs) StdoutLine: {'line': b'-- Up-to-date: /home/nicolas/ws_ros2/install/px4_msgs/include/px4_msgs/px4_msgs/msg/detail/camera_capture__rosidl_typesupport_introspection_cpp.hpp\n'}
[0.915075] (px4_msgs) StdoutLine: {'line': b'-- Up-to-date: /home/nicolas/ws_ros2/install/px4_msgs/include/px4_msgs/px4_msgs/msg/detail/action_request__type_support.cpp\n'}
[0.915107] (px4_msgs) StdoutLine: {'line': b'-- Up-to-date: /home/nicolas/ws_ros2/install/px4_msgs/include/px4_msgs/px4_msgs/msg/detail/sensors_status_imu__rosidl_typesupport_introspection_cpp.hpp\n'}
[0.915149] (px4_msgs) StdoutLine: {'line': b'-- Up-to-date: /home/nicolas/ws_ros2/install/px4_msgs/include/px4_msgs/px4_msgs/msg/detail/mode_completed__rosidl_typesupport_introspection_cpp.hpp\n'}
[0.915180] (px4_msgs) StdoutLine: {'line': b'-- Up-to-date: /home/nicolas/ws_ros2/install/px4_msgs/include/px4_msgs/px4_msgs/msg/detail/mavlink_tunnel__rosidl_typesupport_introspection_cpp.hpp\n'}
[0.915210] (px4_msgs) StdoutLine: {'line': b'-- Up-to-date: /home/nicolas/ws_ros2/install/px4_msgs/include/px4_msgs/px4_msgs/msg/detail/estimator_aid_source1d__rosidl_typesupport_introspection_cpp.hpp\n'}
[0.915241] (px4_msgs) StdoutLine: {'line': b'-- Up-to-date: /home/nicolas/ws_ros2/install/px4_msgs/include/px4_msgs/px4_msgs/msg/detail/position_setpoint_triplet__type_support.cpp\n'}
[0.915272] (px4_msgs) StdoutLine: {'line': b'-- Up-to-date: /home/nicolas/ws_ros2/install/px4_msgs/lib/libpx4_msgs__rosidl_typesupport_introspection_cpp.so\n'}
[0.915305] (px4_msgs) StdoutLine: {'line': b'-- Up-to-date: /home/nicolas/ws_ros2/install/px4_msgs/lib/libpx4_msgs__rosidl_typesupport_cpp.so\n'}
[0.915339] (px4_msgs) StdoutLine: {'line': b'-- Up-to-date: /home/nicolas/ws_ros2/install/px4_msgs/share/px4_msgs/environment/pythonpath.sh\n'}
[0.915385] (px4_msgs) StdoutLine: {'line': b'-- Up-to-date: /home/nicolas/ws_ros2/install/px4_msgs/share/px4_msgs/environment/pythonpath.dsv\n'}
[0.915416] (px4_msgs) StdoutLine: {'line': b'-- Up-to-date: /home/nicolas/ws_ros2/install/px4_msgs/local/lib/python3.10/dist-packages/px4_msgs-2.0.1-py3.10.egg-info\n'}
[0.915449] (px4_msgs) StdoutLine: {'line': b'-- Installing: /home/nicolas/ws_ros2/install/px4_msgs/local/lib/python3.10/dist-packages/px4_msgs-2.0.1-py3.10.egg-info/SOURCES.txt\n'}
[0.915485] (px4_msgs) StdoutLine: {'line': b'-- Installing: /home/nicolas/ws_ros2/install/px4_msgs/local/lib/python3.10/dist-packages/px4_msgs-2.0.1-py3.10.egg-info/top_level.txt\n'}
[0.915521] (px4_msgs) StdoutLine: {'line': b'-- Installing: /home/nicolas/ws_ros2/install/px4_msgs/local/lib/python3.10/dist-packages/px4_msgs-2.0.1-py3.10.egg-info/dependency_links.txt\n'}
[0.915559] (px4_msgs) StdoutLine: {'line': b'-- Installing: /home/nicolas/ws_ros2/install/px4_msgs/local/lib/python3.10/dist-packages/px4_msgs-2.0.1-py3.10.egg-info/PKG-INFO\n'}
[0.915596] (px4_msgs) StdoutLine: {'line': b'-- Up-to-date: /home/nicolas/ws_ros2/install/px4_msgs/local/lib/python3.10/dist-packages/px4_msgs\n'}
[0.915631] (px4_msgs) StdoutLine: {'line': b'-- Up-to-date: /home/nicolas/ws_ros2/install/px4_msgs/local/lib/python3.10/dist-packages/px4_msgs/px4_msgs_s__rosidl_typesupport_fastrtps_c.cpython-310-x86_64-linux-gnu.so\n'}
[0.915667] (px4_msgs) StdoutLine: {'line': b'-- Up-to-date: /home/nicolas/ws_ros2/install/px4_msgs/local/lib/python3.10/dist-packages/px4_msgs/__init__.py\n'}
[0.915701] (px4_msgs) StdoutLine: {'line': b'-- Up-to-date: /home/nicolas/ws_ros2/install/px4_msgs/local/lib/python3.10/dist-packages/px4_msgs/_px4_msgs_s.ep.rosidl_typesupport_introspection_c.c\n'}
[0.915735] (px4_msgs) StdoutLine: {'line': b'-- Up-to-date: /home/nicolas/ws_ros2/install/px4_msgs/local/lib/python3.10/dist-packages/px4_msgs/srv\n'}
[0.915769] (px4_msgs) StdoutLine: {'line': b'-- Up-to-date: /home/nicolas/ws_ros2/install/px4_msgs/local/lib/python3.10/dist-packages/px4_msgs/srv/__init__.py\n'}
[0.915803] (px4_msgs) StdoutLine: {'line': b'-- Up-to-date: /home/nicolas/ws_ros2/install/px4_msgs/local/lib/python3.10/dist-packages/px4_msgs/srv/_vehicle_command_s.c\n'}
[0.915849] (px4_msgs) StdoutLine: {'line': b'-- Up-to-date: /home/nicolas/ws_ros2/install/px4_msgs/local/lib/python3.10/dist-packages/px4_msgs/srv/_vehicle_command.py\n'}
[0.915882] (px4_msgs) StdoutLine: {'line': b'-- Up-to-date: /home/nicolas/ws_ros2/install/px4_msgs/local/lib/python3.10/dist-packages/px4_msgs/_px4_msgs_s.ep.rosidl_typesupport_c.c\n'}
[0.915921] (px4_msgs) StdoutLine: {'line': b'-- Up-to-date: /home/nicolas/ws_ros2/install/px4_msgs/local/lib/python3.10/dist-packages/px4_msgs/libpx4_msgs__rosidl_generator_py.so\n'}
[0.915971] (px4_msgs) StdoutLine: {'line': b'-- Up-to-date: /home/nicolas/ws_ros2/install/px4_msgs/local/lib/python3.10/dist-packages/px4_msgs/_px4_msgs_s.ep.rosidl_typesupport_fastrtps_c.c\n'}
[0.916006] (px4_msgs) StdoutLine: {'line': b'-- Up-to-date: /home/nicolas/ws_ros2/install/px4_msgs/local/lib/python3.10/dist-packages/px4_msgs/px4_msgs_s__rosidl_typesupport_c.cpython-310-x86_64-linux-gnu.so\n'}
[0.916039] (px4_msgs) StdoutLine: {'line': b'-- Up-to-date: /home/nicolas/ws_ros2/install/px4_msgs/local/lib/python3.10/dist-packages/px4_msgs/msg\n'}
[0.916074] (px4_msgs) StdoutLine: {'line': b'-- Up-to-date: /home/nicolas/ws_ros2/install/px4_msgs/local/lib/python3.10/dist-packages/px4_msgs/msg/_distance_sensor.py\n'}
[0.916108] (px4_msgs) StdoutLine: {'line': b'-- Up-to-date: /home/nicolas/ws_ros2/install/px4_msgs/local/lib/python3.10/dist-packages/px4_msgs/msg/_estimator_gps_status.py\n'}
[0.916144] (px4_msgs) StdoutLine: {'line': b'-- Up-to-date: /home/nicolas/ws_ros2/install/px4_msgs/local/lib/python3.10/dist-packages/px4_msgs/msg/_cpuload_s.c\n'}
[0.916179] (px4_msgs) StdoutLine: {'line': b'-- Up-to-date: /home/nicolas/ws_ros2/install/px4_msgs/local/lib/python3.10/dist-packages/px4_msgs/msg/_power_monitor.py\n'}
[0.916214] (px4_msgs) StdoutLine: {'line': b'-- Up-to-date: /home/nicolas/ws_ros2/install/px4_msgs/local/lib/python3.10/dist-packages/px4_msgs/msg/_debug_array_s.c\n'}
[0.916248] (px4_msgs) StdoutLine: {'line': b'-- Up-to-date: /home/nicolas/ws_ros2/install/px4_msgs/local/lib/python3.10/dist-packages/px4_msgs/msg/_velocity_limits.py\n'}
[0.916283] (px4_msgs) StdoutLine: {'line': b'-- Up-to-date: /home/nicolas/ws_ros2/install/px4_msgs/local/lib/python3.10/dist-packages/px4_msgs/msg/_gimbal_controls_s.c\n'}
[0.916318] (px4_msgs) StdoutLine: {'line': b'-- Up-to-date: /home/nicolas/ws_ros2/install/px4_msgs/local/lib/python3.10/dist-packages/px4_msgs/msg/_gripper_s.c\n'}
[0.916352] (px4_msgs) StdoutLine: {'line': b'-- Up-to-date: /home/nicolas/ws_ros2/install/px4_msgs/local/lib/python3.10/dist-packages/px4_msgs/msg/_open_drone_id_self_id.py\n'}
[0.916386] (px4_msgs) StdoutLine: {'line': b'-- Up-to-date: /home/nicolas/ws_ros2/install/px4_msgs/local/lib/python3.10/dist-packages/px4_msgs/msg/_estimator_event_flags_s.c\n'}
[0.916420] (px4_msgs) StdoutLine: {'line': b'-- Up-to-date: /home/nicolas/ws_ros2/install/px4_msgs/local/lib/python3.10/dist-packages/px4_msgs/msg/_actuator_test_s.c\n'}
[0.916454] (px4_msgs) StdoutLine: {'line': b'-- Up-to-date: /home/nicolas/ws_ros2/install/px4_msgs/local/lib/python3.10/dist-packages/px4_msgs/msg/_sensor_accel_fifo_s.c\n'}
[0.916488] (px4_msgs) StdoutLine: {'line': b'-- Up-to-date: /home/nicolas/ws_ros2/install/px4_msgs/local/lib/python3.10/dist-packages/px4_msgs/msg/_debug_value_s.c\n'}
[0.916522] (px4_msgs) StdoutLine: {'line': b'-- Up-to-date: /home/nicolas/ws_ros2/install/px4_msgs/local/lib/python3.10/dist-packages/px4_msgs/msg/_sensor_accel_s.c\n'}
[0.916574] (px4_msgs) StdoutLine: {'line': b'-- Up-to-date: /home/nicolas/ws_ros2/install/px4_msgs/local/lib/python3.10/dist-packages/px4_msgs/msg/_register_ext_component_request.py\n'}
[0.916609] (px4_msgs) StdoutLine: {'line': b'-- Up-to-date: /home/nicolas/ws_ros2/install/px4_msgs/local/lib/python3.10/dist-packages/px4_msgs/msg/_sensor_preflight_mag.py\n'}
[0.916644] (px4_msgs) StdoutLine: {'line': b'-- Up-to-date: /home/nicolas/ws_ros2/install/px4_msgs/local/lib/python3.10/dist-packages/px4_msgs/msg/_geofence_status_s.c\n'}
[0.916678] (px4_msgs) StdoutLine: {'line': b'-- Up-to-date: /home/nicolas/ws_ros2/install/px4_msgs/local/lib/python3.10/dist-packages/px4_msgs/msg/_parameter_reset_request_s.c\n'}
[0.916712] (px4_msgs) StdoutLine: {'line': b'-- Up-to-date: /home/nicolas/ws_ros2/install/px4_msgs/local/lib/python3.10/dist-packages/px4_msgs/msg/_cellular_status.py\n'}
[0.916746] (px4_msgs) StdoutLine: {'line': b'-- Up-to-date: /home/nicolas/ws_ros2/install/px4_msgs/local/lib/python3.10/dist-packages/px4_msgs/msg/_rover_throttle_setpoint.py\n'}
[0.916792] (px4_msgs) StdoutLine: {'line': b'-- Up-to-date: /home/nicolas/ws_ros2/install/px4_msgs/local/lib/python3.10/dist-packages/px4_msgs/msg/_sensor_correction_s.c\n'}
[0.916825] (px4_msgs) StdoutLine: {'line': b'-- Up-to-date: /home/nicolas/ws_ros2/install/px4_msgs/local/lib/python3.10/dist-packages/px4_msgs/msg/_parameter_set_used_request.py\n'}
[0.916857] (px4_msgs) StdoutLine: {'line': b'-- Up-to-date: /home/nicolas/ws_ros2/install/px4_msgs/local/lib/python3.10/dist-packages/px4_msgs/msg/_battery_status_s.c\n'}
[0.916888] (px4_msgs) StdoutLine: {'line': b'-- Up-to-date: /home/nicolas/ws_ros2/install/px4_msgs/local/lib/python3.10/dist-packages/px4_msgs/msg/_task_stack_info_s.c\n'}
[0.916924] (px4_msgs) StdoutLine: {'line': b'-- Up-to-date: /home/nicolas/ws_ros2/install/px4_msgs/local/lib/python3.10/dist-packages/px4_msgs/msg/_vehicle_air_data_s.c\n'}
[0.916972] (px4_msgs) StdoutLine: {'line': b'-- Up-to-date: /home/nicolas/ws_ros2/install/px4_msgs/local/lib/python3.10/dist-packages/px4_msgs/msg/_task_stack_info.py\n'}
[0.917005] (px4_msgs) StdoutLine: {'line': b'-- Up-to-date: /home/nicolas/ws_ros2/install/px4_msgs/local/lib/python3.10/dist-packages/px4_msgs/msg/_sensor_uwb_s.c\n'}
[0.917037] (px4_msgs) StdoutLine: {'line': b'-- Up-to-date: /home/nicolas/ws_ros2/install/px4_msgs/local/lib/python3.10/dist-packages/px4_msgs/msg/_landing_gear_s.c\n'}
[0.917068] (px4_msgs) StdoutLine: {'line': b'-- Up-to-date: /home/nicolas/ws_ros2/install/px4_msgs/local/lib/python3.10/dist-packages/px4_msgs/msg/_action_request.py\n'}
[0.917098] (px4_msgs) StdoutLine: {'line': b'-- Up-to-date: /home/nicolas/ws_ros2/install/px4_msgs/local/lib/python3.10/dist-packages/px4_msgs/msg/_vehicle_angular_velocity_s.c\n'}
[0.917128] (px4_msgs) StdoutLine: {'line': b'-- Up-to-date: /home/nicolas/ws_ros2/install/px4_msgs/local/lib/python3.10/dist-packages/px4_msgs/msg/_manual_control_switches.py\n'}
[0.917159] (px4_msgs) StdoutLine: {'line': b'-- Up-to-date: /home/nicolas/ws_ros2/install/px4_msgs/local/lib/python3.10/dist-packages/px4_msgs/msg/_estimator_status_s.c\n'}
[0.917191] (px4_msgs) StdoutLine: {'line': b'-- Up-to-date: /home/nicolas/ws_ros2/install/px4_msgs/local/lib/python3.10/dist-packages/px4_msgs/msg/_geofence_result.py\n'}
[0.917221] (px4_msgs) StdoutLine: {'line': b'-- Up-to-date: /home/nicolas/ws_ros2/install/px4_msgs/local/lib/python3.10/dist-packages/px4_msgs/msg/_manual_control_setpoint.py\n'}
[0.917251] (px4_msgs) StdoutLine: {'line': b'-- Up-to-date: /home/nicolas/ws_ros2/install/px4_msgs/local/lib/python3.10/dist-packages/px4_msgs/msg/_led_control_s.c\n'}
[0.917282] (px4_msgs) StdoutLine: {'line': b'-- Up-to-date: /home/nicolas/ws_ros2/install/px4_msgs/local/lib/python3.10/dist-packages/px4_msgs/msg/_figure_eight_status.py\n'}
[0.917312] (px4_msgs) StdoutLine: {'line': b'-- Up-to-date: /home/nicolas/ws_ros2/install/px4_msgs/local/lib/python3.10/dist-packages/px4_msgs/msg/_orb_test_medium_s.c\n'}
[0.917347] (px4_msgs) StdoutLine: {'line': b'-- Up-to-date: /home/nicolas/ws_ros2/install/px4_msgs/local/lib/python3.10/dist-packages/px4_msgs/msg/_gpio_request.py\n'}
[0.917379] (px4_msgs) StdoutLine: {'line': b'-- Up-to-date: /home/nicolas/ws_ros2/install/px4_msgs/local/lib/python3.10/dist-packages/px4_msgs/msg/_cpuload.py\n'}
[0.917413] (px4_msgs) StdoutLine: {'line': b'-- Up-to-date: /home/nicolas/ws_ros2/install/px4_msgs/local/lib/python3.10/dist-packages/px4_msgs/msg/_vehicle_acceleration.py\n'}
[0.917446] (px4_msgs) StdoutLine: {'line': b'-- Up-to-date: /home/nicolas/ws_ros2/install/px4_msgs/local/lib/python3.10/dist-packages/px4_msgs/msg/_esc_report_s.c\n'}
[0.917478] (px4_msgs) StdoutLine: {'line': b'-- Up-to-date: /home/nicolas/ws_ros2/install/px4_msgs/local/lib/python3.10/dist-packages/px4_msgs/msg/_sensor_gyro_fft.py\n'}
[0.917512] (px4_msgs) StdoutLine: {'line': b'-- Up-to-date: /home/nicolas/ws_ros2/install/px4_msgs/local/lib/python3.10/dist-packages/px4_msgs/msg/_sensor_gps_s.c\n'}
[0.917545] (px4_msgs) StdoutLine: {'line': b'-- Up-to-date: /home/nicolas/ws_ros2/install/px4_msgs/local/lib/python3.10/dist-packages/px4_msgs/msg/_vehicle_constraints_s.c\n'}
[0.917595] (px4_msgs) StdoutLine: {'line': b'-- Up-to-date: /home/nicolas/ws_ros2/install/px4_msgs/local/lib/python3.10/dist-packages/px4_msgs/msg/_input_rc_s.c\n'}
[0.917626] (px4_msgs) StdoutLine: {'line': b'-- Up-to-date: /home/nicolas/ws_ros2/install/px4_msgs/local/lib/python3.10/dist-packages/px4_msgs/msg/_vehicle_land_detected_s.c\n'}
[0.917658] (px4_msgs) StdoutLine: {'line': b'-- Up-to-date: /home/nicolas/ws_ros2/install/px4_msgs/local/lib/python3.10/dist-packages/px4_msgs/msg/_rover_rate_setpoint.py\n'}
[0.917694] (px4_msgs) StdoutLine: {'line': b'-- Up-to-date: /home/nicolas/ws_ros2/install/px4_msgs/local/lib/python3.10/dist-packages/px4_msgs/msg/_estimator_selector_status_s.c\n'}
[0.917724] (px4_msgs) StdoutLine: {'line': b'-- Up-to-date: /home/nicolas/ws_ros2/install/px4_msgs/local/lib/python3.10/dist-packages/px4_msgs/msg/_dronecan_node_status.py\n'}
[0.917755] (px4_msgs) StdoutLine: {'line': b'-- Up-to-date: /home/nicolas/ws_ros2/install/px4_msgs/local/lib/python3.10/dist-packages/px4_msgs/msg/_position_setpoint.py\n'}
[0.917796] (px4_msgs) StdoutLine: {'line': b'-- Up-to-date: /home/nicolas/ws_ros2/install/px4_msgs/local/lib/python3.10/dist-packages/px4_msgs/msg/_sensor_baro.py\n'}
[0.917830] (px4_msgs) StdoutLine: {'line': b'-- Up-to-date: /home/nicolas/ws_ros2/install/px4_msgs/local/lib/python3.10/dist-packages/px4_msgs/msg/_wind_s.c\n'}
[0.917864] (px4_msgs) StdoutLine: {'line': b'-- Up-to-date: /home/nicolas/ws_ros2/install/px4_msgs/local/lib/python3.10/dist-packages/px4_msgs/msg/_dataman_request_s.c\n'}
[0.917898] (px4_msgs) StdoutLine: {'line': b'-- Up-to-date: /home/nicolas/ws_ros2/install/px4_msgs/local/lib/python3.10/dist-packages/px4_msgs/msg/_rc_parameter_map.py\n'}
[0.917935] (px4_msgs) StdoutLine: {'line': b'-- Up-to-date: /home/nicolas/ws_ros2/install/px4_msgs/local/lib/python3.10/dist-packages/px4_msgs/msg/__init__.py\n'}
[0.917970] (px4_msgs) StdoutLine: {'line': b'-- Up-to-date: /home/nicolas/ws_ros2/install/px4_msgs/local/lib/python3.10/dist-packages/px4_msgs/msg/_actuator_servos_trim.py\n'}
[0.918015] (px4_msgs) StdoutLine: {'line': b'-- Up-to-date: /home/nicolas/ws_ros2/install/px4_msgs/local/lib/python3.10/dist-packages/px4_msgs/msg/_orbit_status.py\n'}
[0.918049] (px4_msgs) StdoutLine: {'line': b'-- Up-to-date: /home/nicolas/ws_ros2/install/px4_msgs/local/lib/python3.10/dist-packages/px4_msgs/msg/_px4io_status_s.c\n'}
[0.918082] (px4_msgs) StdoutLine: {'line': b'-- Up-to-date: /home/nicolas/ws_ros2/install/px4_msgs/local/lib/python3.10/dist-packages/px4_msgs/msg/_ekf2_timestamps.py\n'}
[0.918113] (px4_msgs) StdoutLine: {'line': b'-- Up-to-date: /home/nicolas/ws_ros2/install/px4_msgs/local/lib/python3.10/dist-packages/px4_msgs/msg/_rpm_s.c\n'}
[0.918146] (px4_msgs) StdoutLine: {'line': b'-- Up-to-date: /home/nicolas/ws_ros2/install/px4_msgs/local/lib/python3.10/dist-packages/px4_msgs/msg/_vehicle_imu_status_s.c\n'}
[0.918180] (px4_msgs) StdoutLine: {'line': b'-- Up-to-date: /home/nicolas/ws_ros2/install/px4_msgs/local/lib/python3.10/dist-packages/px4_msgs/msg/_vtol_vehicle_status.py\n'}
[0.918215] (px4_msgs) StdoutLine: {'line': b'-- Up-to-date: /home/nicolas/ws_ros2/install/px4_msgs/local/lib/python3.10/dist-packages/px4_msgs/msg/_sensor_gnss_status_s.c\n'}
[0.918249] (px4_msgs) StdoutLine: {'line': b'-- Up-to-date: /home/nicolas/ws_ros2/install/px4_msgs/local/lib/python3.10/dist-packages/px4_msgs/msg/_sensor_mag.py\n'}
[0.918283] (px4_msgs) StdoutLine: {'line': b'-- Up-to-date: /home/nicolas/ws_ros2/install/px4_msgs/local/lib/python3.10/dist-packages/px4_msgs/msg/_open_drone_id_system.py\n'}
[0.918316] (px4_msgs) StdoutLine: {'line': b'-- Up-to-date: /home/nicolas/ws_ros2/install/px4_msgs/local/lib/python3.10/dist-packages/px4_msgs/msg/_vehicle_control_mode.py\n'}
[0.918349] (px4_msgs) StdoutLine: {'line': b'-- Up-to-date: /home/nicolas/ws_ros2/install/px4_msgs/local/lib/python3.10/dist-packages/px4_msgs/msg/_gps_inject_data_s.c\n'}
[0.918383] (px4_msgs) StdoutLine: {'line': b'-- Up-to-date: /home/nicolas/ws_ros2/install/px4_msgs/local/lib/python3.10/dist-packages/px4_msgs/msg/_follow_target_status.py\n'}
[0.918436] (px4_msgs) StdoutLine: {'line': b'-- Up-to-date: /home/nicolas/ws_ros2/install/px4_msgs/local/lib/python3.10/dist-packages/px4_msgs/msg/_distance_sensor_s.c\n'}
[0.918469] (px4_msgs) StdoutLine: {'line': b'-- Up-to-date: /home/nicolas/ws_ros2/install/px4_msgs/local/lib/python3.10/dist-packages/px4_msgs/msg/_gimbal_manager_information.py\n'}
[0.918502] (px4_msgs) StdoutLine: {'line': b'-- Up-to-date: /home/nicolas/ws_ros2/install/px4_msgs/local/lib/python3.10/dist-packages/px4_msgs/msg/_gimbal_controls.py\n'}
[0.918533] (px4_msgs) StdoutLine: {'line': b'-- Up-to-date: /home/nicolas/ws_ros2/install/px4_msgs/local/lib/python3.10/dist-packages/px4_msgs/msg/_camera_status.py\n'}
[0.918565] (px4_msgs) StdoutLine: {'line': b'-- Up-to-date: /home/nicolas/ws_ros2/install/px4_msgs/local/lib/python3.10/dist-packages/px4_msgs/msg/_control_allocator_status_s.c\n'}
[0.918598] (px4_msgs) StdoutLine: {'line': b'-- Up-to-date: /home/nicolas/ws_ros2/install/px4_msgs/local/lib/python3.10/dist-packages/px4_msgs/msg/_rover_position_setpoint.py\n'}
[0.918632] (px4_msgs) StdoutLine: {'line': b'-- Up-to-date: /home/nicolas/ws_ros2/install/px4_msgs/local/lib/python3.10/dist-packages/px4_msgs/msg/_uavcan_parameter_request_s.c\n'}
[0.918665] (px4_msgs) StdoutLine: {'line': b'-- Up-to-date: /home/nicolas/ws_ros2/install/px4_msgs/local/lib/python3.10/dist-packages/px4_msgs/msg/_vehicle_local_position_setpoint_s.c\n'}
[0.918698] (px4_msgs) StdoutLine: {'line': b'-- Up-to-date: /home/nicolas/ws_ros2/install/px4_msgs/local/lib/python3.10/dist-packages/px4_msgs/msg/_rc_channels.py\n'}
[0.918733] (px4_msgs) StdoutLine: {'line': b'-- Up-to-date: /home/nicolas/ws_ros2/install/px4_msgs/local/lib/python3.10/dist-packages/px4_msgs/msg/_mission_result_s.c\n'}
[0.918766] (px4_msgs) StdoutLine: {'line': b'-- Up-to-date: /home/nicolas/ws_ros2/install/px4_msgs/local/lib/python3.10/dist-packages/px4_msgs/msg/_transponder_report.py\n'}
[0.918800] (px4_msgs) StdoutLine: {'line': b'-- Up-to-date: /home/nicolas/ws_ros2/install/px4_msgs/local/lib/python3.10/dist-packages/px4_msgs/msg/_rover_rate_status.py\n'}
[0.918853] (px4_msgs) StdoutLine: {'line': b'-- Up-to-date: /home/nicolas/ws_ros2/install/px4_msgs/local/lib/python3.10/dist-packages/px4_msgs/msg/_fuel_tank_status_s.c\n'}
[0.918885] (px4_msgs) StdoutLine: {'line': b'-- Up-to-date: /home/nicolas/ws_ros2/install/px4_msgs/local/lib/python3.10/dist-packages/px4_msgs/msg/_geofence_result_s.c\n'}
[0.918919] (px4_msgs) StdoutLine: {'line': b'-- Up-to-date: /home/nicolas/ws_ros2/install/px4_msgs/local/lib/python3.10/dist-packages/px4_msgs/msg/_iridiumsbd_status_s.c\n'}
[0.918954] (px4_msgs) StdoutLine: {'line': b'-- Up-to-date: /home/nicolas/ws_ros2/install/px4_msgs/local/lib/python3.10/dist-packages/px4_msgs/msg/_wheel_encoders_s.c\n'}
[0.918985] (px4_msgs) StdoutLine: {'line': b'-- Up-to-date: /home/nicolas/ws_ros2/install/px4_msgs/local/lib/python3.10/dist-packages/px4_msgs/msg/_landing_target_pose_s.c\n'}
[0.919016] (px4_msgs) StdoutLine: {'line': b'-- Up-to-date: /home/nicolas/ws_ros2/install/px4_msgs/local/lib/python3.10/dist-packages/px4_msgs/msg/_actuator_armed.py\n'}
[0.919050] (px4_msgs) StdoutLine: {'line': b'-- Up-to-date: /home/nicolas/ws_ros2/install/px4_msgs/local/lib/python3.10/dist-packages/px4_msgs/msg/_system_power.py\n'}
[0.919082] (px4_msgs) StdoutLine: {'line': b'-- Up-to-date: /home/nicolas/ws_ros2/install/px4_msgs/local/lib/python3.10/dist-packages/px4_msgs/msg/_vehicle_thrust_setpoint.py\n'}
[0.919113] (px4_msgs) StdoutLine: {'line': b'-- Up-to-date: /home/nicolas/ws_ros2/install/px4_msgs/local/lib/python3.10/dist-packages/px4_msgs/msg/_landing_gear_wheel.py\n'}
[0.919144] (px4_msgs) StdoutLine: {'line': b'-- Up-to-date: /home/nicolas/ws_ros2/install/px4_msgs/local/lib/python3.10/dist-packages/px4_msgs/msg/_rc_parameter_map_s.c\n'}
[0.919173] (px4_msgs) StdoutLine: {'line': b'-- Up-to-date: /home/nicolas/ws_ros2/install/px4_msgs/local/lib/python3.10/dist-packages/px4_msgs/msg/_gripper.py\n'}
[0.919208] (px4_msgs) StdoutLine: {'line': b'-- Up-to-date: /home/nicolas/ws_ros2/install/px4_msgs/local/lib/python3.10/dist-packages/px4_msgs/msg/_rtl_time_estimate.py\n'}
[0.919278] (px4_msgs) StdoutLine: {'line': b'-- Up-to-date: /home/nicolas/ws_ros2/install/px4_msgs/local/lib/python3.10/dist-packages/px4_msgs/msg/_parameter_set_value_request_s.c\n'}
[0.919313] (px4_msgs) StdoutLine: {'line': b'-- Up-to-date: /home/nicolas/ws_ros2/install/px4_msgs/local/lib/python3.10/dist-packages/px4_msgs/msg/_vehicle_control_mode_s.c\n'}
[0.919345] (px4_msgs) StdoutLine: {'line': b'-- Up-to-date: /home/nicolas/ws_ros2/install/px4_msgs/local/lib/python3.10/dist-packages/px4_msgs/msg/_orb_test.py\n'}
[0.919378] (px4_msgs) StdoutLine: {'line': b'-- Up-to-date: /home/nicolas/ws_ros2/install/px4_msgs/local/lib/python3.10/dist-packages/px4_msgs/msg/_fuel_tank_status.py\n'}
[0.919410] (px4_msgs) StdoutLine: {'line': b'-- Up-to-date: /home/nicolas/ws_ros2/install/px4_msgs/local/lib/python3.10/dist-packages/px4_msgs/msg/_tiltrotor_extra_controls_s.c\n'}
[0.919444] (px4_msgs) StdoutLine: {'line': b'-- Up-to-date: /home/nicolas/ws_ros2/install/px4_msgs/local/lib/python3.10/dist-packages/px4_msgs/msg/_rtl_time_estimate_s.c\n'}
[0.919478] (px4_msgs) StdoutLine: {'line': b'-- Up-to-date: /home/nicolas/ws_ros2/install/px4_msgs/local/lib/python3.10/dist-packages/px4_msgs/msg/_sensor_gps.py\n'}
[0.919514] (px4_msgs) StdoutLine: {'line': b'-- Up-to-date: /home/nicolas/ws_ros2/install/px4_msgs/local/lib/python3.10/dist-packages/px4_msgs/msg/_rover_rate_status_s.c\n'}
[0.919547] (px4_msgs) StdoutLine: {'line': b'-- Up-to-date: /home/nicolas/ws_ros2/install/px4_msgs/local/lib/python3.10/dist-packages/px4_msgs/msg/_fixed_wing_lateral_guidance_status.py\n'}
[0.919580] (px4_msgs) StdoutLine: {'line': b'-- Up-to-date: /home/nicolas/ws_ros2/install/px4_msgs/local/lib/python3.10/dist-packages/px4_msgs/msg/_transponder_report_s.c\n'}
[0.919613] (px4_msgs) StdoutLine: {'line': b'-- Up-to-date: /home/nicolas/ws_ros2/install/px4_msgs/local/lib/python3.10/dist-packages/px4_msgs/msg/_actuator_servos_s.c\n'}
[0.919646] (px4_msgs) StdoutLine: {'line': b'-- Up-to-date: /home/nicolas/ws_ros2/install/px4_msgs/local/lib/python3.10/dist-packages/px4_msgs/msg/_gimbal_device_information.py\n'}
[0.919679] (px4_msgs) StdoutLine: {'line': b'-- Up-to-date: /home/nicolas/ws_ros2/install/px4_msgs/local/lib/python3.10/dist-packages/px4_msgs/msg/_failsafe_flags_s.c\n'}
[0.919712] (px4_msgs) StdoutLine: {'line': b'-- Up-to-date: /home/nicolas/ws_ros2/install/px4_msgs/local/lib/python3.10/dist-packages/px4_msgs/msg/_takeoff_status.py\n'}
[0.919745] (px4_msgs) StdoutLine: {'line': b'-- Up-to-date: /home/nicolas/ws_ros2/install/px4_msgs/local/lib/python3.10/dist-packages/px4_msgs/msg/_debug_array.py\n'}
[0.919779] (px4_msgs) StdoutLine: {'line': b'-- Up-to-date: /home/nicolas/ws_ros2/install/px4_msgs/local/lib/python3.10/dist-packages/px4_msgs/msg/_rover_attitude_status.py\n'}
[0.919812] (px4_msgs) StdoutLine: {'line': b'-- Up-to-date: /home/nicolas/ws_ros2/install/px4_msgs/local/lib/python3.10/dist-packages/px4_msgs/msg/_heater_status.py\n'}
[0.919845] (px4_msgs) StdoutLine: {'line': b'-- Up-to-date: /home/nicolas/ws_ros2/install/px4_msgs/local/lib/python3.10/dist-packages/px4_msgs/msg/_vehicle_odometry_s.c\n'}
[0.919888] (px4_msgs) StdoutLine: {'line': b'-- Up-to-date: /home/nicolas/ws_ros2/install/px4_msgs/local/lib/python3.10/dist-packages/px4_msgs/msg/_onboard_computer_status_s.c\n'}
[0.919925] (px4_msgs) StdoutLine: {'line': b'-- Up-to-date: /home/nicolas/ws_ros2/install/px4_msgs/local/lib/python3.10/dist-packages/px4_msgs/msg/_actuator_motors.py\n'}
[0.919960] (px4_msgs) StdoutLine: {'line': b'-- Up-to-date: /home/nicolas/ws_ros2/install/px4_msgs/local/lib/python3.10/dist-packages/px4_msgs/msg/_rover_speed_setpoint.py\n'}
[0.920015] (px4_msgs) StdoutLine: {'line': b'-- Up-to-date: /home/nicolas/ws_ros2/install/px4_msgs/local/lib/python3.10/dist-packages/px4_msgs/msg/_gimbal_manager_set_manual_control.py\n'}
[0.920050] (px4_msgs) StdoutLine: {'line': b'-- Up-to-date: /home/nicolas/ws_ros2/install/px4_msgs/local/lib/python3.10/dist-packages/px4_msgs/msg/_parameter_update_s.c\n'}
[0.920085] (px4_msgs) StdoutLine: {'line': b'-- Up-to-date: /home/nicolas/ws_ros2/install/px4_msgs/local/lib/python3.10/dist-packages/px4_msgs/msg/_airspeed_wind_s.c\n'}
[0.920116] (px4_msgs) StdoutLine: {'line': b'-- Up-to-date: /home/nicolas/ws_ros2/install/px4_msgs/local/lib/python3.10/dist-packages/px4_msgs/msg/_failure_detector_status.py\n'}
[0.920151] (px4_msgs) StdoutLine: {'line': b'-- Up-to-date: /home/nicolas/ws_ros2/install/px4_msgs/local/lib/python3.10/dist-packages/px4_msgs/msg/_arming_check_reply.py\n'}
[0.920182] (px4_msgs) StdoutLine: {'line': b'-- Up-to-date: /home/nicolas/ws_ros2/install/px4_msgs/local/lib/python3.10/dist-packages/px4_msgs/msg/_arming_check_reply_s.c\n'}
[0.920212] (px4_msgs) StdoutLine: {'line': b'-- Up-to-date: /home/nicolas/ws_ros2/install/px4_msgs/local/lib/python3.10/dist-packages/px4_msgs/msg/_actuator_test.py\n'}
[0.920242] (px4_msgs) StdoutLine: {'line': b'-- Up-to-date: /home/nicolas/ws_ros2/install/px4_msgs/local/lib/python3.10/dist-packages/px4_msgs/msg/_battery_info.py\n'}
[0.920274] (px4_msgs) StdoutLine: {'line': b'-- Up-to-date: /home/nicolas/ws_ros2/install/px4_msgs/local/lib/python3.10/dist-packages/px4_msgs/msg/_gpio_in.py\n'}
[0.920307] (px4_msgs) StdoutLine: {'line': b'-- Up-to-date: /home/nicolas/ws_ros2/install/px4_msgs/local/lib/python3.10/dist-packages/px4_msgs/msg/_airspeed_validated_s.c\n'}
[0.920341] (px4_msgs) StdoutLine: {'line': b'-- Up-to-date: /home/nicolas/ws_ros2/install/px4_msgs/local/lib/python3.10/dist-packages/px4_msgs/msg/_vehicle_optical_flow_s.c\n'}
[0.920375] (px4_msgs) StdoutLine: {'line': b'-- Up-to-date: /home/nicolas/ws_ros2/install/px4_msgs/local/lib/python3.10/dist-packages/px4_msgs/msg/_irlock_report.py\n'}
[0.920409] (px4_msgs) StdoutLine: {'line': b'-- Up-to-date: /home/nicolas/ws_ros2/install/px4_msgs/local/lib/python3.10/dist-packages/px4_msgs/msg/_message_format_request_s.c\n'}
[0.920443] (px4_msgs) StdoutLine: {'line': b'-- Up-to-date: /home/nicolas/ws_ros2/install/px4_msgs/local/lib/python3.10/dist-packages/px4_msgs/msg/_gimbal_device_information_s.c\n'}
[0.920476] (px4_msgs) StdoutLine: {'line': b'-- Up-to-date: /home/nicolas/ws_ros2/install/px4_msgs/local/lib/python3.10/dist-packages/px4_msgs/msg/_estimator_bias3d.py\n'}
[0.920510] (px4_msgs) StdoutLine: {'line': b'-- Up-to-date: /home/nicolas/ws_ros2/install/px4_msgs/local/lib/python3.10/dist-packages/px4_msgs/msg/_vehicle_angular_acceleration_setpoint_s.c\n'}
[0.920545] (px4_msgs) StdoutLine: {'line': b'-- Up-to-date: /home/nicolas/ws_ros2/install/px4_msgs/local/lib/python3.10/dist-packages/px4_msgs/msg/_generator_status_s.c\n'}
[0.920578] (px4_msgs) StdoutLine: {'line': b'-- Up-to-date: /home/nicolas/ws_ros2/install/px4_msgs/local/lib/python3.10/dist-packages/px4_msgs/msg/_vehicle_thrust_setpoint_s.c\n'}
[0.920611] (px4_msgs) StdoutLine: {'line': b'-- Up-to-date: /home/nicolas/ws_ros2/install/px4_msgs/local/lib/python3.10/dist-packages/px4_msgs/msg/_camera_status_s.c\n'}
[0.920644] (px4_msgs) StdoutLine: {'line': b'-- Up-to-date: /home/nicolas/ws_ros2/install/px4_msgs/local/lib/python3.10/dist-packages/px4_msgs/msg/_rover_rate_setpoint_s.c\n'}
[0.920677] (px4_msgs) StdoutLine: {'line': b'-- Up-to-date: /home/nicolas/ws_ros2/install/px4_msgs/local/lib/python3.10/dist-packages/px4_msgs/msg/_sensor_gnss_relative.py\n'}
[0.920710] (px4_msgs) StdoutLine: {'line': b'-- Up-to-date: /home/nicolas/ws_ros2/install/px4_msgs/local/lib/python3.10/dist-packages/px4_msgs/msg/_pwm_input_s.c\n'}
[0.920743] (px4_msgs) StdoutLine: {'line': b'-- Up-to-date: /home/nicolas/ws_ros2/install/px4_msgs/local/lib/python3.10/dist-packages/px4_msgs/msg/_unregister_ext_component.py\n'}
[0.920776] (px4_msgs) StdoutLine: {'line': b'-- Up-to-date: /home/nicolas/ws_ros2/install/px4_msgs/local/lib/python3.10/dist-packages/px4_msgs/msg/_landing_target_pose.py\n'}
[0.920809] (px4_msgs) StdoutLine: {'line': b'-- Up-to-date: /home/nicolas/ws_ros2/install/px4_msgs/local/lib/python3.10/dist-packages/px4_msgs/msg/_open_drone_id_system_s.c\n'}
[0.920859] (px4_msgs) StdoutLine: {'line': b'-- Up-to-date: /home/nicolas/ws_ros2/install/px4_msgs/local/lib/python3.10/dist-packages/px4_msgs/msg/_pps_capture.py\n'}
[0.920891] (px4_msgs) StdoutLine: {'line': b'-- Up-to-date: /home/nicolas/ws_ros2/install/px4_msgs/local/lib/python3.10/dist-packages/px4_msgs/msg/_airspeed_s.c\n'}
[0.920927] (px4_msgs) StdoutLine: {'line': b'-- Up-to-date: /home/nicolas/ws_ros2/install/px4_msgs/local/lib/python3.10/dist-packages/px4_msgs/msg/_mission_result.py\n'}
[0.920961] (px4_msgs) StdoutLine: {'line': b'-- Up-to-date: /home/nicolas/ws_ros2/install/px4_msgs/local/lib/python3.10/dist-packages/px4_msgs/msg/_navigator_status.py\n'}
[0.920995] (px4_msgs) StdoutLine: {'line': b'-- Up-to-date: /home/nicolas/ws_ros2/install/px4_msgs/local/lib/python3.10/dist-packages/px4_msgs/msg/_navigator_mission_item.py\n'}
[0.921030] (px4_msgs) StdoutLine: {'line': b'-- Up-to-date: /home/nicolas/ws_ros2/install/px4_msgs/local/lib/python3.10/dist-packages/px4_msgs/msg/_can_interface_status.py\n'}
[0.921063] (px4_msgs) StdoutLine: {'line': b'-- Up-to-date: /home/nicolas/ws_ros2/install/px4_msgs/local/lib/python3.10/dist-packages/px4_msgs/msg/_action_request_s.c\n'}
[0.921095] (px4_msgs) StdoutLine: {'line': b'-- Up-to-date: /home/nicolas/ws_ros2/install/px4_msgs/local/lib/python3.10/dist-packages/px4_msgs/msg/_vehicle_command_ack.py\n'}
[0.921143] (px4_msgs) StdoutLine: {'line': b'-- Up-to-date: /home/nicolas/ws_ros2/install/px4_msgs/local/lib/python3.10/dist-packages/px4_msgs/msg/_qshell_req.py\n'}
[0.921178] (px4_msgs) StdoutLine: {'line': b'-- Up-to-date: /home/nicolas/ws_ros2/install/px4_msgs/local/lib/python3.10/dist-packages/px4_msgs/msg/_vehicle_imu_status.py\n'}
[0.921210] (px4_msgs) StdoutLine: {'line': b'-- Up-to-date: /home/nicolas/ws_ros2/install/px4_msgs/local/lib/python3.10/dist-packages/px4_msgs/msg/_orbit_status_s.c\n'}
[0.921241] (px4_msgs) StdoutLine: {'line': b'-- Up-to-date: /home/nicolas/ws_ros2/install/px4_msgs/local/lib/python3.10/dist-packages/px4_msgs/msg/_estimator_event_flags.py\n'}
[0.921273] (px4_msgs) StdoutLine: {'line': b'-- Up-to-date: /home/nicolas/ws_ros2/install/px4_msgs/local/lib/python3.10/dist-packages/px4_msgs/msg/_ulog_stream.py\n'}
[0.921304] (px4_msgs) StdoutLine: {'line': b'-- Up-to-date: /home/nicolas/ws_ros2/install/px4_msgs/local/lib/python3.10/dist-packages/px4_msgs/msg/_sensor_optical_flow_s.c\n'}
[0.921337] (px4_msgs) StdoutLine: {'line': b'-- Up-to-date: /home/nicolas/ws_ros2/install/px4_msgs/local/lib/python3.10/dist-packages/px4_msgs/msg/_gpio_out.py\n'}
[0.921370] (px4_msgs) StdoutLine: {'line': b'-- Up-to-date: /home/nicolas/ws_ros2/install/px4_msgs/local/lib/python3.10/dist-packages/px4_msgs/msg/_arming_check_request.py\n'}
[0.921403] (px4_msgs) StdoutLine: {'line': b'-- Up-to-date: /home/nicolas/ws_ros2/install/px4_msgs/local/lib/python3.10/dist-packages/px4_msgs/msg/_sensor_selection_s.c\n'}
[0.921436] (px4_msgs) StdoutLine: {'line': b'-- Up-to-date: /home/nicolas/ws_ros2/install/px4_msgs/local/lib/python3.10/dist-packages/px4_msgs/msg/_rover_attitude_status_s.c\n'}
[0.921470] (px4_msgs) StdoutLine: {'line': b'-- Up-to-date: /home/nicolas/ws_ros2/install/px4_msgs/local/lib/python3.10/dist-packages/px4_msgs/msg/_vehicle_command_s.c\n'}
[0.921503] (px4_msgs) StdoutLine: {'line': b'-- Up-to-date: /home/nicolas/ws_ros2/install/px4_msgs/local/lib/python3.10/dist-packages/px4_msgs/msg/_mode_completed_s.c\n'}
[0.921537] (px4_msgs) StdoutLine: {'line': b'-- Up-to-date: /home/nicolas/ws_ros2/install/px4_msgs/local/lib/python3.10/dist-packages/px4_msgs/msg/_gps_dump.py\n'}
[0.921571] (px4_msgs) StdoutLine: {'line': b'-- Up-to-date: /home/nicolas/ws_ros2/install/px4_msgs/local/lib/python3.10/dist-packages/px4_msgs/msg/_orb_test_s.c\n'}
[0.921604] (px4_msgs) StdoutLine: {'line': b'-- Up-to-date: /home/nicolas/ws_ros2/install/px4_msgs/local/lib/python3.10/dist-packages/px4_msgs/msg/_event.py\n'}
[0.921637] (px4_msgs) StdoutLine: {'line': b'-- Up-to-date: /home/nicolas/ws_ros2/install/px4_msgs/local/lib/python3.10/dist-packages/px4_msgs/msg/_gimbal_device_attitude_status.py\n'}
[0.921685] (px4_msgs) StdoutLine: {'line': b'-- Up-to-date: /home/nicolas/ws_ros2/install/px4_msgs/local/lib/python3.10/dist-packages/px4_msgs/msg/_mag_worker_data.py\n'}
[0.921716] (px4_msgs) StdoutLine: {'line': b'-- Up-to-date: /home/nicolas/ws_ros2/install/px4_msgs/local/lib/python3.10/dist-packages/px4_msgs/msg/_rover_speed_setpoint_s.c\n'}
[0.921747] (px4_msgs) StdoutLine: {'line': b'-- Up-to-date: /home/nicolas/ws_ros2/install/px4_msgs/local/lib/python3.10/dist-packages/px4_msgs/msg/_parameter_set_used_request_s.c\n'}
[0.921777] (px4_msgs) StdoutLine: {'line': b'-- Up-to-date: /home/nicolas/ws_ros2/install/px4_msgs/local/lib/python3.10/dist-packages/px4_msgs/msg/_vehicle_status_s.c\n'}
[0.921810] (px4_msgs) StdoutLine: {'line': b'-- Up-to-date: /home/nicolas/ws_ros2/install/px4_msgs/local/lib/python3.10/dist-packages/px4_msgs/msg/_estimator_sensor_bias_s.c\n'}
[0.921845] (px4_msgs) StdoutLine: {'line': b'-- Up-to-date: /home/nicolas/ws_ros2/install/px4_msgs/local/lib/python3.10/dist-packages/px4_msgs/msg/_irlock_report_s.c\n'}
[0.921878] (px4_msgs) StdoutLine: {'line': b'-- Up-to-date: /home/nicolas/ws_ros2/install/px4_msgs/local/lib/python3.10/dist-packages/px4_msgs/msg/_sensors_status_s.c\n'}
[0.921910] (px4_msgs) StdoutLine: {'line': b'-- Up-to-date: /home/nicolas/ws_ros2/install/px4_msgs/local/lib/python3.10/dist-packages/px4_msgs/msg/_vehicle_rates_setpoint.py\n'}
[0.921950] (px4_msgs) StdoutLine: {'line': b'-- Up-to-date: /home/nicolas/ws_ros2/install/px4_msgs/local/lib/python3.10/dist-packages/px4_msgs/msg/_camera_capture_s.c\n'}
[0.921983] (px4_msgs) StdoutLine: {'line': b'-- Up-to-date: /home/nicolas/ws_ros2/install/px4_msgs/local/lib/python3.10/dist-packages/px4_msgs/msg/_fixed_wing_longitudinal_setpoint_s.c\n'}
[0.922017] (px4_msgs) StdoutLine: {'line': b'-- Up-to-date: /home/nicolas/ws_ros2/install/px4_msgs/local/lib/python3.10/dist-packages/px4_msgs/msg/_register_ext_component_reply.py\n'}
[0.922051] (px4_msgs) StdoutLine: {'line': b'-- Up-to-date: /home/nicolas/ws_ros2/install/px4_msgs/local/lib/python3.10/dist-packages/px4_msgs/msg/_obstacle_distance.py\n'}
[0.922084] (px4_msgs) StdoutLine: {'line': b'-- Up-to-date: /home/nicolas/ws_ros2/install/px4_msgs/local/lib/python3.10/dist-packages/px4_msgs/msg/_mavlink_tunnel.py\n'}
[0.922116] (px4_msgs) StdoutLine: {'line': b'-- Up-to-date: /home/nicolas/ws_ros2/install/px4_msgs/local/lib/python3.10/dist-packages/px4_msgs/msg/_orb_test_large_s.c\n'}
[0.922149] (px4_msgs) StdoutLine: {'line': b'-- Up-to-date: /home/nicolas/ws_ros2/install/px4_msgs/local/lib/python3.10/dist-packages/px4_msgs/msg/_estimator_selector_status.py\n'}
[0.922182] (px4_msgs) StdoutLine: {'line': b'-- Up-to-date: /home/nicolas/ws_ros2/install/px4_msgs/local/lib/python3.10/dist-packages/px4_msgs/msg/_goto_setpoint_s.c\n'}
[0.922230] (px4_msgs) StdoutLine: {'line': b'-- Up-to-date: /home/nicolas/ws_ros2/install/px4_msgs/local/lib/python3.10/dist-packages/px4_msgs/msg/_actuator_controls_status_s.c\n'}
[0.922266] (px4_msgs) StdoutLine: {'line': b'-- Up-to-date: /home/nicolas/ws_ros2/install/px4_msgs/local/lib/python3.10/dist-packages/px4_msgs/msg/_pure_pursuit_status_s.c\n'}
[0.922298] (px4_msgs) StdoutLine: {'line': b'-- Up-to-date: /home/nicolas/ws_ros2/install/px4_msgs/local/lib/python3.10/dist-packages/px4_msgs/msg/_estimator_bias3d_s.c\n'}
[0.922328] (px4_msgs) StdoutLine: {'line': b'-- Up-to-date: /home/nicolas/ws_ros2/install/px4_msgs/local/lib/python3.10/dist-packages/px4_msgs/msg/_ekf2_timestamps_s.c\n'}
[0.922360] (px4_msgs) StdoutLine: {'line': b'-- Up-to-date: /home/nicolas/ws_ros2/install/px4_msgs/local/lib/python3.10/dist-packages/px4_msgs/msg/_vehicle_acceleration_s.c\n'}
[0.922391] (px4_msgs) StdoutLine: {'line': b'-- Up-to-date: /home/nicolas/ws_ros2/install/px4_msgs/local/lib/python3.10/dist-packages/px4_msgs/msg/_normalized_unsigned_setpoint.py\n'}
[0.922425] (px4_msgs) StdoutLine: {'line': b'-- Up-to-date: /home/nicolas/ws_ros2/install/px4_msgs/local/lib/python3.10/dist-packages/px4_msgs/msg/_orb_test_large.py\n'}
[0.922469] (px4_msgs) StdoutLine: {'line': b'-- Up-to-date: /home/nicolas/ws_ros2/install/px4_msgs/local/lib/python3.10/dist-packages/px4_msgs/msg/_actuator_armed_s.c\n'}
[0.922501] (px4_msgs) StdoutLine: {'line': b'-- Up-to-date: /home/nicolas/ws_ros2/install/px4_msgs/local/lib/python3.10/dist-packages/px4_msgs/msg/_position_setpoint_triplet_s.c\n'}
[0.922532] (px4_msgs) StdoutLine: {'line': b'-- Up-to-date: /home/nicolas/ws_ros2/install/px4_msgs/local/lib/python3.10/dist-packages/px4_msgs/msg/_estimator_bias_s.c\n'}
[0.922563] (px4_msgs) StdoutLine: {'line': b'-- Up-to-date: /home/nicolas/ws_ros2/install/px4_msgs/local/lib/python3.10/dist-packages/px4_msgs/msg/_power_button_state.py\n'}
[0.922594] (px4_msgs) StdoutLine: {'line': b'-- Up-to-date: /home/nicolas/ws_ros2/install/px4_msgs/local/lib/python3.10/dist-packages/px4_msgs/msg/_sensor_accel.py\n'}
[0.922627] (px4_msgs) StdoutLine: {'line': b'-- Up-to-date: /home/nicolas/ws_ros2/install/px4_msgs/local/lib/python3.10/dist-packages/px4_msgs/msg/_vehicle_air_data.py\n'}
[0.922660] (px4_msgs) StdoutLine: {'line': b'-- Up-to-date: /home/nicolas/ws_ros2/install/px4_msgs/local/lib/python3.10/dist-packages/px4_msgs/msg/_trajectory_setpoint6dof_s.c\n'}
[0.922694] (px4_msgs) StdoutLine: {'line': b'-- Up-to-date: /home/nicolas/ws_ros2/install/px4_msgs/local/lib/python3.10/dist-packages/px4_msgs/msg/_rc_channels_s.c\n'}
[0.922728] (px4_msgs) StdoutLine: {'line': b'-- Up-to-date: /home/nicolas/ws_ros2/install/px4_msgs/local/lib/python3.10/dist-packages/px4_msgs/msg/_navigator_status_s.c\n'}
[0.922770] (px4_msgs) StdoutLine: {'line': b'-- Up-to-date: /home/nicolas/ws_ros2/install/px4_msgs/local/lib/python3.10/dist-packages/px4_msgs/msg/_gimbal_manager_set_attitude.py\n'}
[0.922804] (px4_msgs) StdoutLine: {'line': b'-- Up-to-date: /home/nicolas/ws_ros2/install/px4_msgs/local/lib/python3.10/dist-packages/px4_msgs/msg/_estimator_gps_status_s.c\n'}
[0.922837] (px4_msgs) StdoutLine: {'line': b'-- Up-to-date: /home/nicolas/ws_ros2/install/px4_msgs/local/lib/python3.10/dist-packages/px4_msgs/msg/_gpio_request_s.c\n'}
[0.922871] (px4_msgs) StdoutLine: {'line': b'-- Up-to-date: /home/nicolas/ws_ros2/install/px4_msgs/local/lib/python3.10/dist-packages/px4_msgs/msg/_figure_eight_status_s.c\n'}
[0.922905] (px4_msgs) StdoutLine: {'line': b'-- Up-to-date: /home/nicolas/ws_ros2/install/px4_msgs/local/lib/python3.10/dist-packages/px4_msgs/msg/_uavcan_parameter_request.py\n'}
[0.922944] (px4_msgs) StdoutLine: {'line': b'-- Up-to-date: /home/nicolas/ws_ros2/install/px4_msgs/local/lib/python3.10/dist-packages/px4_msgs/msg/_open_drone_id_arm_status.py\n'}
[0.922977] (px4_msgs) StdoutLine: {'line': b'-- Up-to-date: /home/nicolas/ws_ros2/install/px4_msgs/local/lib/python3.10/dist-packages/px4_msgs/msg/_tune_control.py\n'}
[0.923010] (px4_msgs) StdoutLine: {'line': b'-- Up-to-date: /home/nicolas/ws_ros2/install/px4_msgs/local/lib/python3.10/dist-packages/px4_msgs/msg/_estimator_sensor_bias.py\n'}
[0.923043] (px4_msgs) StdoutLine: {'line': b'-- Up-to-date: /home/nicolas/ws_ros2/install/px4_msgs/local/lib/python3.10/dist-packages/px4_msgs/msg/_follow_target_estimator_s.c\n'}
[0.923076] (px4_msgs) StdoutLine: {'line': b'-- Up-to-date: /home/nicolas/ws_ros2/install/px4_msgs/local/lib/python3.10/dist-packages/px4_msgs/msg/_can_interface_status_s.c\n'}
[0.923108] (px4_msgs) StdoutLine: {'line': b'-- Up-to-date: /home/nicolas/ws_ros2/install/px4_msgs/local/lib/python3.10/dist-packages/px4_msgs/msg/_orb_test_medium.py\n'}
[0.923142] (px4_msgs) StdoutLine: {'line': b'-- Up-to-date: /home/nicolas/ws_ros2/install/px4_msgs/local/lib/python3.10/dist-packages/px4_msgs/msg/_mag_worker_data_s.c\n'}
[0.923174] (px4_msgs) StdoutLine: {'line': b'-- Up-to-date: /home/nicolas/ws_ros2/install/px4_msgs/local/lib/python3.10/dist-packages/px4_msgs/msg/_rover_position_setpoint_s.c\n'}
[0.923207] (px4_msgs) StdoutLine: {'line': b'-- Up-to-date: /home/nicolas/ws_ros2/install/px4_msgs/local/lib/python3.10/dist-packages/px4_msgs/msg/_landing_gear.py\n'}
[0.923240] (px4_msgs) StdoutLine: {'line': b'-- Up-to-date: /home/nicolas/ws_ros2/install/px4_msgs/local/lib/python3.10/dist-packages/px4_msgs/msg/_lateral_control_configuration.py\n'}
[0.923292] (px4_msgs) StdoutLine: {'line': b'-- Up-to-date: /home/nicolas/ws_ros2/install/px4_msgs/local/lib/python3.10/dist-packages/px4_msgs/msg/_rover_steering_setpoint.py\n'}
[0.923323] (px4_msgs) StdoutLine: {'line': b'-- Up-to-date: /home/nicolas/ws_ros2/install/px4_msgs/local/lib/python3.10/dist-packages/px4_msgs/msg/_estimator_aid_source1d_s.c\n'}
[0.923362] (px4_msgs) StdoutLine: {'line': b'-- Up-to-date: /home/nicolas/ws_ros2/install/px4_msgs/local/lib/python3.10/dist-packages/px4_msgs/msg/_sensor_airflow_s.c\n'}
[0.923392] (px4_msgs) StdoutLine: {'line': b'-- Up-to-date: /home/nicolas/ws_ros2/install/px4_msgs/local/lib/python3.10/dist-packages/px4_msgs/msg/_uavcan_parameter_value_s.c\n'}
[0.923423] (px4_msgs) StdoutLine: {'line': b'-- Up-to-date: /home/nicolas/ws_ros2/install/px4_msgs/local/lib/python3.10/dist-packages/px4_msgs/msg/_vehicle_optical_flow_vel_s.c\n'}
[0.923453] (px4_msgs) StdoutLine: {'line': b'-- Up-to-date: /home/nicolas/ws_ros2/install/px4_msgs/local/lib/python3.10/dist-packages/px4_msgs/msg/_lateral_control_configuration_s.c\n'}
[0.923486] (px4_msgs) StdoutLine: {'line': b'-- Up-to-date: /home/nicolas/ws_ros2/install/px4_msgs/local/lib/python3.10/dist-packages/px4_msgs/msg/_message_format_response.py\n'}
[0.923518] (px4_msgs) StdoutLine: {'line': b'-- Up-to-date: /home/nicolas/ws_ros2/install/px4_msgs/local/lib/python3.10/dist-packages/px4_msgs/msg/_estimator_innovations_s.c\n'}
[0.923552] (px4_msgs) StdoutLine: {'line': b'-- Up-to-date: /home/nicolas/ws_ros2/install/px4_msgs/local/lib/python3.10/dist-packages/px4_msgs/msg/_yaw_estimator_status_s.c\n'}
[0.923586] (px4_msgs) StdoutLine: {'line': b'-- Up-to-date: /home/nicolas/ws_ros2/install/px4_msgs/local/lib/python3.10/dist-packages/px4_msgs/msg/_vehicle_attitude.py\n'}
[0.923619] (px4_msgs) StdoutLine: {'line': b'-- Up-to-date: /home/nicolas/ws_ros2/install/px4_msgs/local/lib/python3.10/dist-packages/px4_msgs/msg/_dataman_response_s.c\n'}
[0.923652] (px4_msgs) StdoutLine: {'line': b'-- Up-to-date: /home/nicolas/ws_ros2/install/px4_msgs/local/lib/python3.10/dist-packages/px4_msgs/msg/_neural_control_s.c\n'}
[0.923684] (px4_msgs) StdoutLine: {'line': b'-- Up-to-date: /home/nicolas/ws_ros2/install/px4_msgs/local/lib/python3.10/dist-packages/px4_msgs/msg/_landing_gear_wheel_s.c\n'}
[0.923718] (px4_msgs) StdoutLine: {'line': b'-- Up-to-date: /home/nicolas/ws_ros2/install/px4_msgs/local/lib/python3.10/dist-packages/px4_msgs/msg/_actuator_servos_trim_s.c\n'}
[0.923751] (px4_msgs) StdoutLine: {'line': b'-- Up-to-date: /home/nicolas/ws_ros2/install/px4_msgs/local/lib/python3.10/dist-packages/px4_msgs/msg/_esc_status_s.c\n'}
[0.923783] (px4_msgs) StdoutLine: {'line': b'-- Up-to-date: /home/nicolas/ws_ros2/install/px4_msgs/local/lib/python3.10/dist-packages/px4_msgs/msg/_vehicle_attitude_setpoint_s.c\n'}
[0.923816] (px4_msgs) StdoutLine: {'line': b'-- Up-to-date: /home/nicolas/ws_ros2/install/px4_msgs/local/lib/python3.10/dist-packages/px4_msgs/msg/_sensor_correction.py\n'}
[0.923849] (px4_msgs) StdoutLine: {'line': b'-- Up-to-date: /home/nicolas/ws_ros2/install/px4_msgs/local/lib/python3.10/dist-packages/px4_msgs/msg/_launch_detection_status.py\n'}
[0.923882] (px4_msgs) StdoutLine: {'line': b'-- Up-to-date: /home/nicolas/ws_ros2/install/px4_msgs/local/lib/python3.10/dist-packages/px4_msgs/msg/_ulog_stream_ack.py\n'}
[0.923917] (px4_msgs) StdoutLine: {'line': b'-- Up-to-date: /home/nicolas/ws_ros2/install/px4_msgs/local/lib/python3.10/dist-packages/px4_msgs/msg/_rover_speed_status.py\n'}
[0.923953] (px4_msgs) StdoutLine: {'line': b'-- Up-to-date: /home/nicolas/ws_ros2/install/px4_msgs/local/lib/python3.10/dist-packages/px4_msgs/msg/_hover_thrust_estimate_s.c\n'}
[0.923986] (px4_msgs) StdoutLine: {'line': b'-- Up-to-date: /home/nicolas/ws_ros2/install/px4_msgs/local/lib/python3.10/dist-packages/px4_msgs/msg/_sensor_combined.py\n'}
[0.924019] (px4_msgs) StdoutLine: {'line': b'-- Up-to-date: /home/nicolas/ws_ros2/install/px4_msgs/local/lib/python3.10/dist-packages/px4_msgs/msg/_sensor_gyro_fifo_s.c\n'}
[0.924070] (px4_msgs) StdoutLine: {'line': b'-- Up-to-date: /home/nicolas/ws_ros2/install/px4_msgs/local/lib/python3.10/dist-packages/px4_msgs/msg/_rpm.py\n'}
[0.924103] (px4_msgs) StdoutLine: {'line': b'-- Up-to-date: /home/nicolas/ws_ros2/install/px4_msgs/local/lib/python3.10/dist-packages/px4_msgs/msg/_vehicle_angular_acceleration_setpoint.py\n'}
[0.924135] (px4_msgs) StdoutLine: {'line': b'-- Up-to-date: /home/nicolas/ws_ros2/install/px4_msgs/local/lib/python3.10/dist-packages/px4_msgs/msg/_button_event.py\n'}
[0.924166] (px4_msgs) StdoutLine: {'line': b'-- Up-to-date: /home/nicolas/ws_ros2/install/px4_msgs/local/lib/python3.10/dist-packages/px4_msgs/msg/_estimator_states_s.c\n'}
[0.924200] (px4_msgs) StdoutLine: {'line': b'-- Up-to-date: /home/nicolas/ws_ros2/install/px4_msgs/local/lib/python3.10/dist-packages/px4_msgs/msg/_actuator_outputs_s.c\n'}
[0.924233] (px4_msgs) StdoutLine: {'line': b'-- Up-to-date: /home/nicolas/ws_ros2/install/px4_msgs/local/lib/python3.10/dist-packages/px4_msgs/msg/_gimbal_device_set_attitude_s.c\n'}
[0.924266] (px4_msgs) StdoutLine: {'line': b'-- Up-to-date: /home/nicolas/ws_ros2/install/px4_msgs/local/lib/python3.10/dist-packages/px4_msgs/msg/_home_position_s.c\n'}
[0.924311] (px4_msgs) StdoutLine: {'line': b'-- Up-to-date: /home/nicolas/ws_ros2/install/px4_msgs/local/lib/python3.10/dist-packages/px4_msgs/msg/_vtol_vehicle_status_s.c\n'}
[0.924343] (px4_msgs) StdoutLine: {'line': b'-- Up-to-date: /home/nicolas/ws_ros2/install/px4_msgs/local/lib/python3.10/dist-packages/px4_msgs/msg/_camera_capture.py\n'}
[0.924375] (px4_msgs) StdoutLine: {'line': b'-- Up-to-date: /home/nicolas/ws_ros2/install/px4_msgs/local/lib/python3.10/dist-packages/px4_msgs/msg/_vehicle_status.py\n'}
[0.924407] (px4_msgs) StdoutLine: {'line': b'-- Up-to-date: /home/nicolas/ws_ros2/install/px4_msgs/local/lib/python3.10/dist-packages/px4_msgs/msg/_sensor_gyro_s.c\n'}
[0.924439] (px4_msgs) StdoutLine: {'line': b'-- Up-to-date: /home/nicolas/ws_ros2/install/px4_msgs/local/lib/python3.10/dist-packages/px4_msgs/msg/_sensors_status_imu_s.c\n'}
[0.924475] (px4_msgs) StdoutLine: {'line': b'-- Up-to-date: /home/nicolas/ws_ros2/install/px4_msgs/local/lib/python3.10/dist-packages/px4_msgs/msg/_landing_target_innovations.py\n'}
[0.924506] (px4_msgs) StdoutLine: {'line': b'-- Up-to-date: /home/nicolas/ws_ros2/install/px4_msgs/local/lib/python3.10/dist-packages/px4_msgs/msg/_vehicle_attitude_s.c\n'}
[0.924537] (px4_msgs) StdoutLine: {'line': b'-- Up-to-date: /home/nicolas/ws_ros2/install/px4_msgs/local/lib/python3.10/dist-packages/px4_msgs/msg/_airspeed_wind.py\n'}
[0.924579] (px4_msgs) StdoutLine: {'line': b'-- Up-to-date: /home/nicolas/ws_ros2/install/px4_msgs/local/lib/python3.10/dist-packages/px4_msgs/msg/_internal_combustion_engine_control_s.c\n'}
[0.924614] (px4_msgs) StdoutLine: {'line': b'-- Up-to-date: /home/nicolas/ws_ros2/install/px4_msgs/local/lib/python3.10/dist-packages/px4_msgs/msg/_rate_ctrl_status_s.c\n'}
[0.924646] (px4_msgs) StdoutLine: {'line': b'-- Up-to-date: /home/nicolas/ws_ros2/install/px4_msgs/local/lib/python3.10/dist-packages/px4_msgs/msg/_esc_status.py\n'}
[0.924678] (px4_msgs) StdoutLine: {'line': b'-- Up-to-date: /home/nicolas/ws_ros2/install/px4_msgs/local/lib/python3.10/dist-packages/px4_msgs/msg/_sensor_hygrometer.py\n'}
[0.924710] (px4_msgs) StdoutLine: {'line': b'-- Up-to-date: /home/nicolas/ws_ros2/install/px4_msgs/local/lib/python3.10/dist-packages/px4_msgs/msg/_vehicle_magnetometer.py\n'}
[0.924742] (px4_msgs) StdoutLine: {'line': b'-- Up-to-date: /home/nicolas/ws_ros2/install/px4_msgs/local/lib/python3.10/dist-packages/px4_msgs/msg/_wind.py\n'}
[0.924773] (px4_msgs) StdoutLine: {'line': b'-- Up-to-date: /home/nicolas/ws_ros2/install/px4_msgs/local/lib/python3.10/dist-packages/px4_msgs/msg/_estimator_aid_source2d_s.c\n'}
[0.924804] (px4_msgs) StdoutLine: {'line': b'-- Up-to-date: /home/nicolas/ws_ros2/install/px4_msgs/local/lib/python3.10/dist-packages/px4_msgs/msg/_collision_constraints_s.c\n'}
[0.924836] (px4_msgs) StdoutLine: {'line': b'-- Up-to-date: /home/nicolas/ws_ros2/install/px4_msgs/local/lib/python3.10/dist-packages/px4_msgs/msg/_radio_status.py\n'}
[0.924869] (px4_msgs) StdoutLine: {'line': b'-- Up-to-date: /home/nicolas/ws_ros2/install/px4_msgs/local/lib/python3.10/dist-packages/px4_msgs/msg/_trajectory_setpoint_s.c\n'}
[0.924902] (px4_msgs) StdoutLine: {'line': b'-- Up-to-date: /home/nicolas/ws_ros2/install/px4_msgs/local/lib/python3.10/dist-packages/px4_msgs/msg/_battery_status.py\n'}
[0.924939] (px4_msgs) StdoutLine: {'line': b'-- Up-to-date: /home/nicolas/ws_ros2/install/px4_msgs/local/lib/python3.10/dist-packages/px4_msgs/msg/_hover_thrust_estimate.py\n'}
[0.924974] (px4_msgs) StdoutLine: {'line': b'-- Up-to-date: /home/nicolas/ws_ros2/install/px4_msgs/local/lib/python3.10/dist-packages/px4_msgs/msg/_vehicle_attitude_setpoint.py\n'}
[0.925008] (px4_msgs) StdoutLine: {'line': b'-- Up-to-date: /home/nicolas/ws_ros2/install/px4_msgs/local/lib/python3.10/dist-packages/px4_msgs/msg/_ping_s.c\n'}
[0.925043] (px4_msgs) StdoutLine: {'line': b'-- Up-to-date: /home/nicolas/ws_ros2/install/px4_msgs/local/lib/python3.10/dist-packages/px4_msgs/msg/_airspeed.py\n'}
[0.925120] (px4_msgs) StdoutLine: {'line': b'-- Up-to-date: /home/nicolas/ws_ros2/install/px4_msgs/local/lib/python3.10/dist-packages/px4_msgs/msg/_differential_pressure_s.c\n'}
[0.925155] (px4_msgs) StdoutLine: {'line': b'-- Up-to-date: /home/nicolas/ws_ros2/install/px4_msgs/local/lib/python3.10/dist-packages/px4_msgs/msg/_vehicle_optical_flow.py\n'}
[0.925190] (px4_msgs) StdoutLine: {'line': b'-- Up-to-date: /home/nicolas/ws_ros2/install/px4_msgs/local/lib/python3.10/dist-packages/px4_msgs/msg/_power_monitor_s.c\n'}
[0.925223] (px4_msgs) StdoutLine: {'line': b'-- Up-to-date: /home/nicolas/ws_ros2/install/px4_msgs/local/lib/python3.10/dist-packages/px4_msgs/msg/_sensors_status.py\n'}
[0.925256] (px4_msgs) StdoutLine: {'line': b'-- Up-to-date: /home/nicolas/ws_ros2/install/px4_msgs/local/lib/python3.10/dist-packages/px4_msgs/msg/_autotune_attitude_control_status_s.c\n'}
[0.925290] (px4_msgs) StdoutLine: {'line': b'-- Up-to-date: /home/nicolas/ws_ros2/install/px4_msgs/local/lib/python3.10/dist-packages/px4_msgs/msg/_vehicle_global_position_s.c\n'}
[0.925324] (px4_msgs) StdoutLine: {'line': b'-- Up-to-date: /home/nicolas/ws_ros2/install/px4_msgs/local/lib/python3.10/dist-packages/px4_msgs/msg/_config_overrides_s.c\n'}
[0.925360] (px4_msgs) StdoutLine: {'line': b'-- Up-to-date: /home/nicolas/ws_ros2/install/px4_msgs/local/lib/python3.10/dist-packages/px4_msgs/msg/_vehicle_magnetometer_s.c\n'}
[0.925394] (px4_msgs) StdoutLine: {'line': b'-- Up-to-date: /home/nicolas/ws_ros2/install/px4_msgs/local/lib/python3.10/dist-packages/px4_msgs/msg/_internal_combustion_engine_status_s.c\n'}
[0.925429] (px4_msgs) StdoutLine: {'line': b'-- Up-to-date: /home/nicolas/ws_ros2/install/px4_msgs/local/lib/python3.10/dist-packages/px4_msgs/msg/_home_position.py\n'}
[0.925462] (px4_msgs) StdoutLine: {'line': b'-- Up-to-date: /home/nicolas/ws_ros2/install/px4_msgs/local/lib/python3.10/dist-packages/px4_msgs/msg/_position_controller_landing_status_s.c\n'}
[0.925495] (px4_msgs) StdoutLine: {'line': b'-- Up-to-date: /home/nicolas/ws_ros2/install/px4_msgs/local/lib/python3.10/dist-packages/px4_msgs/msg/_adc_report.py\n'}
[0.925527] (px4_msgs) StdoutLine: {'line': b'-- Up-to-date: /home/nicolas/ws_ros2/install/px4_msgs/local/lib/python3.10/dist-packages/px4_msgs/msg/_sensor_selection.py\n'}
[0.925560] (px4_msgs) StdoutLine: {'line': b'-- Up-to-date: /home/nicolas/ws_ros2/install/px4_msgs/local/lib/python3.10/dist-packages/px4_msgs/msg/_timesync_status.py\n'}
[0.925627] (px4_msgs) StdoutLine: {'line': b'-- Up-to-date: /home/nicolas/ws_ros2/install/px4_msgs/local/lib/python3.10/dist-packages/px4_msgs/msg/_goto_setpoint.py\n'}
[0.925659] (px4_msgs) StdoutLine: {'line': b'-- Up-to-date: /home/nicolas/ws_ros2/install/px4_msgs/local/lib/python3.10/dist-packages/px4_msgs/msg/_heater_status_s.c\n'}
[0.925689] (px4_msgs) StdoutLine: {'line': b'-- Up-to-date: /home/nicolas/ws_ros2/install/px4_msgs/local/lib/python3.10/dist-packages/px4_msgs/msg/_mavlink_log_s.c\n'}
[0.925723] (px4_msgs) StdoutLine: {'line': b'-- Up-to-date: /home/nicolas/ws_ros2/install/px4_msgs/local/lib/python3.10/dist-packages/px4_msgs/msg/_rtl_status_s.c\n'}
[0.925753] (px4_msgs) StdoutLine: {'line': b'-- Up-to-date: /home/nicolas/ws_ros2/install/px4_msgs/local/lib/python3.10/dist-packages/px4_msgs/msg/_actuator_servos.py\n'}
[0.925785] (px4_msgs) StdoutLine: {'line': b'-- Up-to-date: /home/nicolas/ws_ros2/install/px4_msgs/local/lib/python3.10/dist-packages/px4_msgs/msg/_pure_pursuit_status.py\n'}
[0.925819] (px4_msgs) StdoutLine: {'line': b'-- Up-to-date: /home/nicolas/ws_ros2/install/px4_msgs/local/lib/python3.10/dist-packages/px4_msgs/msg/_qshell_req_s.c\n'}
[0.925852] (px4_msgs) StdoutLine: {'line': b'-- Up-to-date: /home/nicolas/ws_ros2/install/px4_msgs/local/lib/python3.10/dist-packages/px4_msgs/msg/_rover_speed_status_s.c\n'}
[0.925884] (px4_msgs) StdoutLine: {'line': b'-- Up-to-date: /home/nicolas/ws_ros2/install/px4_msgs/local/lib/python3.10/dist-packages/px4_msgs/msg/_gpio_out_s.c\n'}
[0.925921] (px4_msgs) StdoutLine: {'line': b'-- Up-to-date: /home/nicolas/ws_ros2/install/px4_msgs/local/lib/python3.10/dist-packages/px4_msgs/msg/_sensor_gyro.py\n'}
[0.925957] (px4_msgs) StdoutLine: {'line': b'-- Up-to-date: /home/nicolas/ws_ros2/install/px4_msgs/local/lib/python3.10/dist-packages/px4_msgs/msg/_message_format_response_s.c\n'}
[0.925992] (px4_msgs) StdoutLine: {'line': b'-- Up-to-date: /home/nicolas/ws_ros2/install/px4_msgs/local/lib/python3.10/dist-packages/px4_msgs/msg/_telemetry_status.py\n'}
[0.926026] (px4_msgs) StdoutLine: {'line': b'-- Up-to-date: /home/nicolas/ws_ros2/install/px4_msgs/local/lib/python3.10/dist-packages/px4_msgs/msg/_yaw_estimator_status.py\n'}
[0.926060] (px4_msgs) StdoutLine: {'line': b'-- Up-to-date: /home/nicolas/ws_ros2/install/px4_msgs/local/lib/python3.10/dist-packages/px4_msgs/msg/_autotune_attitude_control_status.py\n'}
[0.926095] (px4_msgs) StdoutLine: {'line': b'-- Up-to-date: /home/nicolas/ws_ros2/install/px4_msgs/local/lib/python3.10/dist-packages/px4_msgs/msg/_sensor_combined_s.c\n'}
[0.926128] (px4_msgs) StdoutLine: {'line': b'-- Up-to-date: /home/nicolas/ws_ros2/install/px4_msgs/local/lib/python3.10/dist-packages/px4_msgs/msg/_tiltrotor_extra_controls.py\n'}
[0.926164] (px4_msgs) StdoutLine: {'line': b'-- Up-to-date: /home/nicolas/ws_ros2/install/px4_msgs/local/lib/python3.10/dist-packages/px4_msgs/msg/_input_rc.py\n'}
[0.926197] (px4_msgs) StdoutLine: {'line': b'-- Up-to-date: /home/nicolas/ws_ros2/install/px4_msgs/local/lib/python3.10/dist-packages/px4_msgs/msg/_led_control.py\n'}
[0.926231] (px4_msgs) StdoutLine: {'line': b'-- Up-to-date: /home/nicolas/ws_ros2/install/px4_msgs/local/lib/python3.10/dist-packages/px4_msgs/msg/_vehicle_local_position_setpoint.py\n'}
[0.926265] (px4_msgs) StdoutLine: {'line': b'-- Up-to-date: /home/nicolas/ws_ros2/install/px4_msgs/local/lib/python3.10/dist-packages/px4_msgs/msg/_vehicle_land_detected.py\n'}
[0.926298] (px4_msgs) StdoutLine: {'line': b'-- Up-to-date: /home/nicolas/ws_ros2/install/px4_msgs/local/lib/python3.10/dist-packages/px4_msgs/msg/_mission.py\n'}
[0.926332] (px4_msgs) StdoutLine: {'line': b'-- Up-to-date: /home/nicolas/ws_ros2/install/px4_msgs/local/lib/python3.10/dist-packages/px4_msgs/msg/_health_report.py\n'}
[0.926365] (px4_msgs) StdoutLine: {'line': b'-- Up-to-date: /home/nicolas/ws_ros2/install/px4_msgs/local/lib/python3.10/dist-packages/px4_msgs/msg/_system_power_s.c\n'}
[0.926398] (px4_msgs) StdoutLine: {'line': b'-- Up-to-date: /home/nicolas/ws_ros2/install/px4_msgs/local/lib/python3.10/dist-packages/px4_msgs/msg/_debug_vect_s.c\n'}
[0.926434] (px4_msgs) StdoutLine: {'line': b'-- Up-to-date: /home/nicolas/ws_ros2/install/px4_msgs/local/lib/python3.10/dist-packages/px4_msgs/msg/_estimator_aid_source2d.py\n'}
[0.926467] (px4_msgs) StdoutLine: {'line': b'-- Up-to-date: /home/nicolas/ws_ros2/install/px4_msgs/local/lib/python3.10/dist-packages/px4_msgs/msg/_estimator_aid_source3d.py\n'}
[0.926500] (px4_msgs) StdoutLine: {'line': b'-- Up-to-date: /home/nicolas/ws_ros2/install/px4_msgs/local/lib/python3.10/dist-packages/px4_msgs/msg/_sensor_optical_flow.py\n'}
[0.926554] (px4_msgs) StdoutLine: {'line': b'-- Up-to-date: /home/nicolas/ws_ros2/install/px4_msgs/local/lib/python3.10/dist-packages/px4_msgs/msg/_position_controller_landing_status.py\n'}
[0.926588] (px4_msgs) StdoutLine: {'line': b'-- Up-to-date: /home/nicolas/ws_ros2/install/px4_msgs/local/lib/python3.10/dist-packages/px4_msgs/msg/_vehicle_imu_s.c\n'}
[0.926621] (px4_msgs) StdoutLine: {'line': b'-- Up-to-date: /home/nicolas/ws_ros2/install/px4_msgs/local/lib/python3.10/dist-packages/px4_msgs/msg/_timesync_status_s.c\n'}
[0.926654] (px4_msgs) StdoutLine: {'line': b'-- Up-to-date: /home/nicolas/ws_ros2/install/px4_msgs/local/lib/python3.10/dist-packages/px4_msgs/msg/_vehicle_imu.py\n'}
[0.926687] (px4_msgs) StdoutLine: {'line': b'-- Up-to-date: /home/nicolas/ws_ros2/install/px4_msgs/local/lib/python3.10/dist-packages/px4_msgs/msg/_vehicle_odometry.py\n'}
[0.926720] (px4_msgs) StdoutLine: {'line': b'-- Up-to-date: /home/nicolas/ws_ros2/install/px4_msgs/local/lib/python3.10/dist-packages/px4_msgs/msg/_arming_check_request_s.c\n'}
[0.926781] (px4_msgs) StdoutLine: {'line': b'-- Up-to-date: /home/nicolas/ws_ros2/install/px4_msgs/local/lib/python3.10/dist-packages/px4_msgs/msg/_ping.py\n'}
[0.926812] (px4_msgs) StdoutLine: {'line': b'-- Up-to-date: /home/nicolas/ws_ros2/install/px4_msgs/local/lib/python3.10/dist-packages/px4_msgs/msg/_vehicle_command.py\n'}
[0.926843] (px4_msgs) StdoutLine: {'line': b'-- Up-to-date: /home/nicolas/ws_ros2/install/px4_msgs/local/lib/python3.10/dist-packages/px4_msgs/msg/_fixed_wing_lateral_status_s.c\n'}
[0.926877] (px4_msgs) StdoutLine: {'line': b'-- Up-to-date: /home/nicolas/ws_ros2/install/px4_msgs/local/lib/python3.10/dist-packages/px4_msgs/msg/_telemetry_status_s.c\n'}
[0.926911] (px4_msgs) StdoutLine: {'line': b'-- Up-to-date: /home/nicolas/ws_ros2/install/px4_msgs/local/lib/python3.10/dist-packages/px4_msgs/msg/_vehicle_local_position_s.c\n'}
[0.926949] (px4_msgs) StdoutLine: {'line': b'-- Up-to-date: /home/nicolas/ws_ros2/install/px4_msgs/local/lib/python3.10/dist-packages/px4_msgs/msg/_sensor_gyro_fft_s.c\n'}
[0.926985] (px4_msgs) StdoutLine: {'line': b'-- Up-to-date: /home/nicolas/ws_ros2/install/px4_msgs/local/lib/python3.10/dist-packages/px4_msgs/msg/_gimbal_manager_status_s.c\n'}
[0.927019] (px4_msgs) StdoutLine: {'line': b'-- Up-to-date: /home/nicolas/ws_ros2/install/px4_msgs/local/lib/python3.10/dist-packages/px4_msgs/msg/_open_drone_id_self_id_s.c\n'}
[0.927052] (px4_msgs) StdoutLine: {'line': b'-- Up-to-date: /home/nicolas/ws_ros2/install/px4_msgs/local/lib/python3.10/dist-packages/px4_msgs/msg/_gimbal_manager_status.py\n'}
[0.927086] (px4_msgs) StdoutLine: {'line': b'-- Up-to-date: /home/nicolas/ws_ros2/install/px4_msgs/local/lib/python3.10/dist-packages/px4_msgs/msg/_ulog_stream_ack_s.c\n'}
[0.927120] (px4_msgs) StdoutLine: {'line': b'-- Up-to-date: /home/nicolas/ws_ros2/install/px4_msgs/local/lib/python3.10/dist-packages/px4_msgs/msg/_parameter_reset_request.py\n'}
[0.927154] (px4_msgs) StdoutLine: {'line': b'-- Up-to-date: /home/nicolas/ws_ros2/install/px4_msgs/local/lib/python3.10/dist-packages/px4_msgs/msg/_vehicle_local_position.py\n'}
[0.927189] (px4_msgs) StdoutLine: {'line': b'-- Up-to-date: /home/nicolas/ws_ros2/install/px4_msgs/local/lib/python3.10/dist-packages/px4_msgs/msg/_register_ext_component_reply_s.c\n'}
[0.927223] (px4_msgs) StdoutLine: {'line': b'-- Up-to-date: /home/nicolas/ws_ros2/install/px4_msgs/local/lib/python3.10/dist-packages/px4_msgs/msg/_sensor_gnss_status.py\n'}
[0.927257] (px4_msgs) StdoutLine: {'line': b'-- Up-to-date: /home/nicolas/ws_ros2/install/px4_msgs/local/lib/python3.10/dist-packages/px4_msgs/msg/_rover_attitude_setpoint.py\n'}
[0.927291] (px4_msgs) StdoutLine: {'line': b'-- Up-to-date: /home/nicolas/ws_ros2/install/px4_msgs/local/lib/python3.10/dist-packages/px4_msgs/msg/_estimator_bias.py\n'}
[0.927324] (px4_msgs) StdoutLine: {'line': b'-- Up-to-date: /home/nicolas/ws_ros2/install/px4_msgs/local/lib/python3.10/dist-packages/px4_msgs/msg/_cellular_status_s.c\n'}
[0.927392] (px4_msgs) StdoutLine: {'line': b'-- Up-to-date: /home/nicolas/ws_ros2/install/px4_msgs/local/lib/python3.10/dist-packages/px4_msgs/msg/_dataman_request.py\n'}
[0.927427] (px4_msgs) StdoutLine: {'line': b'-- Up-to-date: /home/nicolas/ws_ros2/install/px4_msgs/local/lib/python3.10/dist-packages/px4_msgs/msg/_fixed_wing_runway_control.py\n'}
[0.927462] (px4_msgs) StdoutLine: {'line': b'-- Up-to-date: /home/nicolas/ws_ros2/install/px4_msgs/local/lib/python3.10/dist-packages/px4_msgs/msg/_mode_completed.py\n'}
[0.927496] (px4_msgs) StdoutLine: {'line': b'-- Up-to-date: /home/nicolas/ws_ros2/install/px4_msgs/local/lib/python3.10/dist-packages/px4_msgs/msg/_px4io_status.py\n'}
[0.927531] (px4_msgs) StdoutLine: {'line': b'-- Up-to-date: /home/nicolas/ws_ros2/install/px4_msgs/local/lib/python3.10/dist-packages/px4_msgs/msg/_magnetometer_bias_estimate.py\n'}
[0.927564] (px4_msgs) StdoutLine: {'line': b'-- Up-to-date: /home/nicolas/ws_ros2/install/px4_msgs/local/lib/python3.10/dist-packages/px4_msgs/msg/_follow_target_status_s.c\n'}
[0.927598] (px4_msgs) StdoutLine: {'line': b'-- Up-to-date: /home/nicolas/ws_ros2/install/px4_msgs/local/lib/python3.10/dist-packages/px4_msgs/msg/_open_drone_id_operator_id_s.c\n'}
[0.927632] (px4_msgs) StdoutLine: {'line': b'-- Up-to-date: /home/nicolas/ws_ros2/install/px4_msgs/local/lib/python3.10/dist-packages/px4_msgs/msg/_fixed_wing_longitudinal_setpoint.py\n'}
[0.927675] (px4_msgs) StdoutLine: {'line': b'-- Up-to-date: /home/nicolas/ws_ros2/install/px4_msgs/local/lib/python3.10/dist-packages/px4_msgs/msg/_rover_attitude_setpoint_s.c\n'}
[0.927710] (px4_msgs) StdoutLine: {'line': b'-- Up-to-date: /home/nicolas/ws_ros2/install/px4_msgs/local/lib/python3.10/dist-packages/px4_msgs/msg/_vehicle_global_position.py\n'}
[0.927743] (px4_msgs) StdoutLine: {'line': b'-- Up-to-date: /home/nicolas/ws_ros2/install/px4_msgs/local/lib/python3.10/dist-packages/px4_msgs/msg/_takeoff_status_s.c\n'}
[0.927783] (px4_msgs) StdoutLine: {'line': b'-- Up-to-date: /home/nicolas/ws_ros2/install/px4_msgs/local/lib/python3.10/dist-packages/px4_msgs/msg/_geofence_status.py\n'}
[0.927821] (px4_msgs) StdoutLine: {'line': b'-- Up-to-date: /home/nicolas/ws_ros2/install/px4_msgs/local/lib/python3.10/dist-packages/px4_msgs/msg/_neural_control.py\n'}
[0.927856] (px4_msgs) StdoutLine: {'line': b'-- Up-to-date: /home/nicolas/ws_ros2/install/px4_msgs/local/lib/python3.10/dist-packages/px4_msgs/msg/_estimator_status_flags_s.c\n'}
[0.927890] (px4_msgs) StdoutLine: {'line': b'-- Up-to-date: /home/nicolas/ws_ros2/install/px4_msgs/local/lib/python3.10/dist-packages/px4_msgs/msg/_distance_sensor_mode_change_request.py\n'}
[0.927978] (px4_msgs) StdoutLine: {'line': b'-- Up-to-date: /home/nicolas/ws_ros2/install/px4_msgs/local/lib/python3.10/dist-packages/px4_msgs/msg/_estimator_status_flags.py\n'}
[0.928011] (px4_msgs) StdoutLine: {'line': b'-- Up-to-date: /home/nicolas/ws_ros2/install/px4_msgs/local/lib/python3.10/dist-packages/px4_msgs/msg/_rover_throttle_setpoint_s.c\n'}
[0.928042] (px4_msgs) StdoutLine: {'line': b'-- Up-to-date: /home/nicolas/ws_ros2/install/px4_msgs/local/lib/python3.10/dist-packages/px4_msgs/msg/_actuator_controls_status.py\n'}
[0.928074] (px4_msgs) StdoutLine: {'line': b'-- Up-to-date: /home/nicolas/ws_ros2/install/px4_msgs/local/lib/python3.10/dist-packages/px4_msgs/msg/_vehicle_torque_setpoint.py\n'}
[0.928104] (px4_msgs) StdoutLine: {'line': b'-- Up-to-date: /home/nicolas/ws_ros2/install/px4_msgs/local/lib/python3.10/dist-packages/px4_msgs/msg/_gpio_in_s.c\n'}
[0.928134] (px4_msgs) StdoutLine: {'line': b'-- Up-to-date: /home/nicolas/ws_ros2/install/px4_msgs/local/lib/python3.10/dist-packages/px4_msgs/msg/_internal_combustion_engine_control.py\n'}
[0.928164] (px4_msgs) StdoutLine: {'line': b'-- Up-to-date: /home/nicolas/ws_ros2/install/px4_msgs/local/lib/python3.10/dist-packages/px4_msgs/msg/_mount_orientation_s.c\n'}
[0.928197] (px4_msgs) StdoutLine: {'line': b'-- Up-to-date: /home/nicolas/ws_ros2/install/px4_msgs/local/lib/python3.10/dist-packages/px4_msgs/msg/_pps_capture_s.c\n'}
[0.928230] (px4_msgs) StdoutLine: {'line': b'-- Up-to-date: /home/nicolas/ws_ros2/install/px4_msgs/local/lib/python3.10/dist-packages/px4_msgs/msg/_gps_dump_s.c\n'}
[0.928283] (px4_msgs) StdoutLine: {'line': b'-- Up-to-date: /home/nicolas/ws_ros2/install/px4_msgs/local/lib/python3.10/dist-packages/px4_msgs/msg/_wheel_encoders.py\n'}
[0.928313] (px4_msgs) StdoutLine: {'line': b'-- Up-to-date: /home/nicolas/ws_ros2/install/px4_msgs/local/lib/python3.10/dist-packages/px4_msgs/msg/_trajectory_setpoint6dof.py\n'}
[0.928343] (px4_msgs) StdoutLine: {'line': b'-- Up-to-date: /home/nicolas/ws_ros2/install/px4_msgs/local/lib/python3.10/dist-packages/px4_msgs/msg/_offboard_control_mode.py\n'}
[0.928374] (px4_msgs) StdoutLine: {'line': b'-- Up-to-date: /home/nicolas/ws_ros2/install/px4_msgs/local/lib/python3.10/dist-packages/px4_msgs/msg/_navigator_mission_item_s.c\n'}
[0.928405] (px4_msgs) StdoutLine: {'line': b'-- Up-to-date: /home/nicolas/ws_ros2/install/px4_msgs/local/lib/python3.10/dist-packages/px4_msgs/msg/_fixed_wing_lateral_status.py\n'}
[0.928438] (px4_msgs) StdoutLine: {'line': b'-- Up-to-date: /home/nicolas/ws_ros2/install/px4_msgs/local/lib/python3.10/dist-packages/px4_msgs/msg/_vehicle_angular_velocity.py\n'}
[0.928471] (px4_msgs) StdoutLine: {'line': b'-- Up-to-date: /home/nicolas/ws_ros2/install/px4_msgs/local/lib/python3.10/dist-packages/px4_msgs/msg/_sensor_uwb.py\n'}
[0.928504] (px4_msgs) StdoutLine: {'line': b'-- Up-to-date: /home/nicolas/ws_ros2/install/px4_msgs/local/lib/python3.10/dist-packages/px4_msgs/msg/_rate_ctrl_status.py\n'}
[0.928539] (px4_msgs) StdoutLine: {'line': b'-- Up-to-date: /home/nicolas/ws_ros2/install/px4_msgs/local/lib/python3.10/dist-packages/px4_msgs/msg/_health_report_s.c\n'}
[0.928572] (px4_msgs) StdoutLine: {'line': b'-- Up-to-date: /home/nicolas/ws_ros2/install/px4_msgs/local/lib/python3.10/dist-packages/px4_msgs/msg/_control_allocator_status.py\n'}
[0.928607] (px4_msgs) StdoutLine: {'line': b'-- Up-to-date: /home/nicolas/ws_ros2/install/px4_msgs/local/lib/python3.10/dist-packages/px4_msgs/msg/_config_overrides.py\n'}
[0.928640] (px4_msgs) StdoutLine: {'line': b'-- Up-to-date: /home/nicolas/ws_ros2/install/px4_msgs/local/lib/python3.10/dist-packages/px4_msgs/msg/_longitudinal_control_configuration_s.c\n'}
[0.928673] (px4_msgs) StdoutLine: {'line': b'-- Up-to-date: /home/nicolas/ws_ros2/install/px4_msgs/local/lib/python3.10/dist-packages/px4_msgs/msg/_follow_target.py\n'}
[0.928705] (px4_msgs) StdoutLine: {'line': b'-- Up-to-date: /home/nicolas/ws_ros2/install/px4_msgs/local/lib/python3.10/dist-packages/px4_msgs/msg/_airspeed_validated.py\n'}
[0.928738] (px4_msgs) StdoutLine: {'line': b'-- Up-to-date: /home/nicolas/ws_ros2/install/px4_msgs/local/lib/python3.10/dist-packages/px4_msgs/msg/_actuator_outputs.py\n'}
[0.928771] (px4_msgs) StdoutLine: {'line': b'-- Up-to-date: /home/nicolas/ws_ros2/install/px4_msgs/local/lib/python3.10/dist-packages/px4_msgs/msg/_normalized_unsigned_setpoint_s.c\n'}
[0.928804] (px4_msgs) StdoutLine: {'line': b'-- Up-to-date: /home/nicolas/ws_ros2/install/px4_msgs/local/lib/python3.10/dist-packages/px4_msgs/msg/_launch_detection_status_s.c\n'}
[0.928837] (px4_msgs) StdoutLine: {'line': b'-- Up-to-date: /home/nicolas/ws_ros2/install/px4_msgs/local/lib/python3.10/dist-packages/px4_msgs/msg/_differential_pressure.py\n'}
[0.928871] (px4_msgs) StdoutLine: {'line': b'-- Up-to-date: /home/nicolas/ws_ros2/install/px4_msgs/local/lib/python3.10/dist-packages/px4_msgs/msg/_fixed_wing_runway_control_s.c\n'}
[0.928904] (px4_msgs) StdoutLine: {'line': b'-- Up-to-date: /home/nicolas/ws_ros2/install/px4_msgs/local/lib/python3.10/dist-packages/px4_msgs/msg/_failure_detector_status_s.c\n'}
[0.928948] (px4_msgs) StdoutLine: {'line': b'-- Up-to-date: /home/nicolas/ws_ros2/install/px4_msgs/local/lib/python3.10/dist-packages/px4_msgs/msg/_mission_s.c\n'}
[0.928982] (px4_msgs) StdoutLine: {'line': b'-- Up-to-date: /home/nicolas/ws_ros2/install/px4_msgs/local/lib/python3.10/dist-packages/px4_msgs/msg/_event_s.c\n'}
[0.929015] (px4_msgs) StdoutLine: {'line': b'-- Up-to-date: /home/nicolas/ws_ros2/install/px4_msgs/local/lib/python3.10/dist-packages/px4_msgs/msg/_tecs_status.py\n'}
[0.929074] (px4_msgs) StdoutLine: {'line': b'-- Up-to-date: /home/nicolas/ws_ros2/install/px4_msgs/local/lib/python3.10/dist-packages/px4_msgs/msg/_debug_value.py\n'}
[0.929108] (px4_msgs) StdoutLine: {'line': b'-- Up-to-date: /home/nicolas/ws_ros2/install/px4_msgs/local/lib/python3.10/dist-packages/px4_msgs/msg/_mavlink_tunnel_s.c\n'}
[0.929139] (px4_msgs) StdoutLine: {'line': b'-- Up-to-date: /home/nicolas/ws_ros2/install/px4_msgs/local/lib/python3.10/dist-packages/px4_msgs/msg/_sensor_accel_fifo.py\n'}
[0.929169] (px4_msgs) StdoutLine: {'line': b'-- Up-to-date: /home/nicolas/ws_ros2/install/px4_msgs/local/lib/python3.10/dist-packages/px4_msgs/msg/_open_drone_id_operator_id.py\n'}
[0.929199] (px4_msgs) StdoutLine: {'line': b'-- Up-to-date: /home/nicolas/ws_ros2/install/px4_msgs/local/lib/python3.10/dist-packages/px4_msgs/msg/_logger_status_s.c\n'}
[0.929229] (px4_msgs) StdoutLine: {'line': b'-- Up-to-date: /home/nicolas/ws_ros2/install/px4_msgs/local/lib/python3.10/dist-packages/px4_msgs/msg/_magnetometer_bias_estimate_s.c\n'}
[0.929261] (px4_msgs) StdoutLine: {'line': b'-- Up-to-date: /home/nicolas/ws_ros2/install/px4_msgs/local/lib/python3.10/dist-packages/px4_msgs/msg/_uavcan_parameter_value.py\n'}
[0.929296] (px4_msgs) StdoutLine: {'line': b'-- Up-to-date: /home/nicolas/ws_ros2/install/px4_msgs/local/lib/python3.10/dist-packages/px4_msgs/msg/_mavlink_log.py\n'}
[0.929329] (px4_msgs) StdoutLine: {'line': b'-- Up-to-date: /home/nicolas/ws_ros2/install/px4_msgs/local/lib/python3.10/dist-packages/px4_msgs/msg/_generator_status.py\n'}
[0.929362] (px4_msgs) StdoutLine: {'line': b'-- Up-to-date: /home/nicolas/ws_ros2/install/px4_msgs/local/lib/python3.10/dist-packages/px4_msgs/msg/_velocity_limits_s.c\n'}
[0.929395] (px4_msgs) StdoutLine: {'line': b'-- Up-to-date: /home/nicolas/ws_ros2/install/px4_msgs/local/lib/python3.10/dist-packages/px4_msgs/msg/_rover_steering_setpoint_s.c\n'}
[0.929429] (px4_msgs) StdoutLine: {'line': b'-- Up-to-date: /home/nicolas/ws_ros2/install/px4_msgs/local/lib/python3.10/dist-packages/px4_msgs/msg/_position_setpoint_s.c\n'}
[0.929462] (px4_msgs) StdoutLine: {'line': b'-- Up-to-date: /home/nicolas/ws_ros2/install/px4_msgs/local/lib/python3.10/dist-packages/px4_msgs/msg/_fixed_wing_lateral_setpoint_s.c\n'}
[0.929496] (px4_msgs) StdoutLine: {'line': b'-- Up-to-date: /home/nicolas/ws_ros2/install/px4_msgs/local/lib/python3.10/dist-packages/px4_msgs/msg/_debug_key_value.py\n'}
[0.929529] (px4_msgs) StdoutLine: {'line': b'-- Up-to-date: /home/nicolas/ws_ros2/install/px4_msgs/local/lib/python3.10/dist-packages/px4_msgs/msg/_vehicle_roi.py\n'}
[0.929562] (px4_msgs) StdoutLine: {'line': b'-- Up-to-date: /home/nicolas/ws_ros2/install/px4_msgs/local/lib/python3.10/dist-packages/px4_msgs/msg/_camera_trigger.py\n'}
[0.929596] (px4_msgs) StdoutLine: {'line': b'-- Up-to-date: /home/nicolas/ws_ros2/install/px4_msgs/local/lib/python3.10/dist-packages/px4_msgs/msg/_vehicle_constraints.py\n'}
[0.929630] (px4_msgs) StdoutLine: {'line': b'-- Up-to-date: /home/nicolas/ws_ros2/install/px4_msgs/local/lib/python3.10/dist-packages/px4_msgs/msg/_dronecan_node_status_s.c\n'}
[0.929667] (px4_msgs) StdoutLine: {'line': b'-- Up-to-date: /home/nicolas/ws_ros2/install/px4_msgs/local/lib/python3.10/dist-packages/px4_msgs/msg/_estimator_innovations.py\n'}
[0.929700] (px4_msgs) StdoutLine: {'line': b'-- Up-to-date: /home/nicolas/ws_ros2/install/px4_msgs/local/lib/python3.10/dist-packages/px4_msgs/msg/_collision_constraints.py\n'}
[0.929733] (px4_msgs) StdoutLine: {'line': b'-- Up-to-date: /home/nicolas/ws_ros2/install/px4_msgs/local/lib/python3.10/dist-packages/px4_msgs/msg/_iridiumsbd_status.py\n'}
[0.929766] (px4_msgs) StdoutLine: {'line': b'-- Up-to-date: /home/nicolas/ws_ros2/install/px4_msgs/local/lib/python3.10/dist-packages/px4_msgs/msg/_qshell_retval_s.c\n'}
[0.929799] (px4_msgs) StdoutLine: {'line': b'-- Up-to-date: /home/nicolas/ws_ros2/install/px4_msgs/local/lib/python3.10/dist-packages/px4_msgs/msg/_satellite_info_s.c\n'}
[0.929838] (px4_msgs) StdoutLine: {'line': b'-- Up-to-date: /home/nicolas/ws_ros2/install/px4_msgs/local/lib/python3.10/dist-packages/px4_msgs/msg/_landing_target_innovations_s.c\n'}
[0.929875] (px4_msgs) StdoutLine: {'line': b'-- Up-to-date: /home/nicolas/ws_ros2/install/px4_msgs/local/lib/python3.10/dist-packages/px4_msgs/msg/_internal_combustion_engine_status.py\n'}
[0.929908] (px4_msgs) StdoutLine: {'line': b'-- Up-to-date: /home/nicolas/ws_ros2/install/px4_msgs/local/lib/python3.10/dist-packages/px4_msgs/msg/_esc_report.py\n'}
[0.929948] (px4_msgs) StdoutLine: {'line': b'-- Up-to-date: /home/nicolas/ws_ros2/install/px4_msgs/local/lib/python3.10/dist-packages/px4_msgs/msg/_rtl_status.py\n'}
[0.929983] (px4_msgs) StdoutLine: {'line': b'-- Up-to-date: /home/nicolas/ws_ros2/install/px4_msgs/local/lib/python3.10/dist-packages/px4_msgs/msg/_sensor_mag_s.c\n'}
[0.930017] (px4_msgs) StdoutLine: {'line': b'-- Up-to-date: /home/nicolas/ws_ros2/install/px4_msgs/local/lib/python3.10/dist-packages/px4_msgs/msg/_onboard_computer_status.py\n'}
[0.930051] (px4_msgs) StdoutLine: {'line': b'-- Up-to-date: /home/nicolas/ws_ros2/install/px4_msgs/local/lib/python3.10/dist-packages/px4_msgs/msg/_estimator_aid_source1d.py\n'}
[0.930084] (px4_msgs) StdoutLine: {'line': b'-- Up-to-date: /home/nicolas/ws_ros2/install/px4_msgs/local/lib/python3.10/dist-packages/px4_msgs/msg/_distance_sensor_mode_change_request_s.c\n'}
[0.930118] (px4_msgs) StdoutLine: {'line': b'-- Up-to-date: /home/nicolas/ws_ros2/install/px4_msgs/local/lib/python3.10/dist-packages/px4_msgs/msg/_sensor_gyro_fifo.py\n'}
[0.930152] (px4_msgs) StdoutLine: {'line': b'-- Up-to-date: /home/nicolas/ws_ros2/install/px4_msgs/local/lib/python3.10/dist-packages/px4_msgs/msg/_obstacle_distance_s.c\n'}
[0.930220] (px4_msgs) StdoutLine: {'line': b'-- Up-to-date: /home/nicolas/ws_ros2/install/px4_msgs/local/lib/python3.10/dist-packages/px4_msgs/msg/_follow_target_estimator.py\n'}
[0.930252] (px4_msgs) StdoutLine: {'line': b'-- Up-to-date: /home/nicolas/ws_ros2/install/px4_msgs/local/lib/python3.10/dist-packages/px4_msgs/msg/_camera_trigger_s.c\n'}
[0.930283] (px4_msgs) StdoutLine: {'line': b'-- Up-to-date: /home/nicolas/ws_ros2/install/px4_msgs/local/lib/python3.10/dist-packages/px4_msgs/msg/_position_setpoint_triplet.py\n'}
[0.930314] (px4_msgs) StdoutLine: {'line': b'-- Up-to-date: /home/nicolas/ws_ros2/install/px4_msgs/local/lib/python3.10/dist-packages/px4_msgs/msg/_satellite_info.py\n'}
[0.930348] (px4_msgs) StdoutLine: {'line': b'-- Up-to-date: /home/nicolas/ws_ros2/install/px4_msgs/local/lib/python3.10/dist-packages/px4_msgs/msg/_flight_phase_estimation_s.c\n'}
[0.930383] (px4_msgs) StdoutLine: {'line': b'-- Up-to-date: /home/nicolas/ws_ros2/install/px4_msgs/local/lib/python3.10/dist-packages/px4_msgs/msg/_manual_control_setpoint_s.c\n'}
[0.930417] (px4_msgs) StdoutLine: {'line': b'-- Up-to-date: /home/nicolas/ws_ros2/install/px4_msgs/local/lib/python3.10/dist-packages/px4_msgs/msg/_trajectory_setpoint.py\n'}
[0.930451] (px4_msgs) StdoutLine: {'line': b'-- Up-to-date: /home/nicolas/ws_ros2/install/px4_msgs/local/lib/python3.10/dist-packages/px4_msgs/msg/_debug_vect.py\n'}
[0.930484] (px4_msgs) StdoutLine: {'line': b'-- Up-to-date: /home/nicolas/ws_ros2/install/px4_msgs/local/lib/python3.10/dist-packages/px4_msgs/msg/_estimator_aid_source3d_s.c\n'}
[0.930517] (px4_msgs) StdoutLine: {'line': b'-- Up-to-date: /home/nicolas/ws_ros2/install/px4_msgs/local/lib/python3.10/dist-packages/px4_msgs/msg/_gimbal_manager_set_attitude_s.c\n'}
[0.930551] (px4_msgs) StdoutLine: {'line': b'-- Up-to-date: /home/nicolas/ws_ros2/install/px4_msgs/local/lib/python3.10/dist-packages/px4_msgs/msg/_parameter_set_value_response_s.c\n'}
[0.930584] (px4_msgs) StdoutLine: {'line': b'-- Up-to-date: /home/nicolas/ws_ros2/install/px4_msgs/local/lib/python3.10/dist-packages/px4_msgs/msg/_mount_orientation.py\n'}
[0.930618] (px4_msgs) StdoutLine: {'line': b'-- Up-to-date: /home/nicolas/ws_ros2/install/px4_msgs/local/lib/python3.10/dist-packages/px4_msgs/msg/_parameter_set_value_response.py\n'}
[0.930652] (px4_msgs) StdoutLine: {'line': b'-- Up-to-date: /home/nicolas/ws_ros2/install/px4_msgs/local/lib/python3.10/dist-packages/px4_msgs/msg/_vehicle_optical_flow_vel.py\n'}
[0.930689] (px4_msgs) StdoutLine: {'line': b'-- Up-to-date: /home/nicolas/ws_ros2/install/px4_msgs/local/lib/python3.10/dist-packages/px4_msgs/msg/_unregister_ext_component_s.c\n'}
[0.930725] (px4_msgs) StdoutLine: {'line': b'-- Up-to-date: /home/nicolas/ws_ros2/install/px4_msgs/local/lib/python3.10/dist-packages/px4_msgs/msg/_log_message_s.c\n'}
[0.930758] (px4_msgs) StdoutLine: {'line': b'-- Up-to-date: /home/nicolas/ws_ros2/install/px4_msgs/local/lib/python3.10/dist-packages/px4_msgs/msg/_estimator_status.py\n'}
[0.930792] (px4_msgs) StdoutLine: {'line': b'-- Up-to-date: /home/nicolas/ws_ros2/install/px4_msgs/local/lib/python3.10/dist-packages/px4_msgs/msg/_sensor_airflow.py\n'}
[0.930825] (px4_msgs) StdoutLine: {'line': b'-- Up-to-date: /home/nicolas/ws_ros2/install/px4_msgs/local/lib/python3.10/dist-packages/px4_msgs/msg/_fixed_wing_lateral_setpoint.py\n'}
[0.930858] (px4_msgs) StdoutLine: {'line': b'-- Up-to-date: /home/nicolas/ws_ros2/install/px4_msgs/local/lib/python3.10/dist-packages/px4_msgs/msg/_estimator_states.py\n'}
[0.930891] (px4_msgs) StdoutLine: {'line': b'-- Up-to-date: /home/nicolas/ws_ros2/install/px4_msgs/local/lib/python3.10/dist-packages/px4_msgs/msg/_gimbal_device_attitude_status_s.c\n'}
[0.930961] (px4_msgs) StdoutLine: {'line': b'-- Up-to-date: /home/nicolas/ws_ros2/install/px4_msgs/local/lib/python3.10/dist-packages/px4_msgs/msg/_gpio_config.py\n'}
[0.930995] (px4_msgs) StdoutLine: {'line': b'-- Up-to-date: /home/nicolas/ws_ros2/install/px4_msgs/local/lib/python3.10/dist-packages/px4_msgs/msg/_flight_phase_estimation.py\n'}
[0.931025] (px4_msgs) StdoutLine: {'line': b'-- Up-to-date: /home/nicolas/ws_ros2/install/px4_msgs/local/lib/python3.10/dist-packages/px4_msgs/msg/_pwm_input.py\n'}
[0.931057] (px4_msgs) StdoutLine: {'line': b'-- Up-to-date: /home/nicolas/ws_ros2/install/px4_msgs/local/lib/python3.10/dist-packages/px4_msgs/msg/_tecs_status_s.c\n'}
[0.931087] (px4_msgs) StdoutLine: {'line': b'-- Up-to-date: /home/nicolas/ws_ros2/install/px4_msgs/local/lib/python3.10/dist-packages/px4_msgs/msg/_gpio_config_s.c\n'}
[0.931119] (px4_msgs) StdoutLine: {'line': b'-- Up-to-date: /home/nicolas/ws_ros2/install/px4_msgs/local/lib/python3.10/dist-packages/px4_msgs/msg/_sensors_status_imu.py\n'}
[0.931149] (px4_msgs) StdoutLine: {'line': b'-- Up-to-date: /home/nicolas/ws_ros2/install/px4_msgs/local/lib/python3.10/dist-packages/px4_msgs/msg/_position_controller_status_s.c\n'}
[0.931181] (px4_msgs) StdoutLine: {'line': b'-- Up-to-date: /home/nicolas/ws_ros2/install/px4_msgs/local/lib/python3.10/dist-packages/px4_msgs/msg/_log_message.py\n'}
[0.931213] (px4_msgs) StdoutLine: {'line': b'-- Up-to-date: /home/nicolas/ws_ros2/install/px4_msgs/local/lib/python3.10/dist-packages/px4_msgs/msg/_tune_control_s.c\n'}
[0.931260] (px4_msgs) StdoutLine: {'line': b'-- Up-to-date: /home/nicolas/ws_ros2/install/px4_msgs/local/lib/python3.10/dist-packages/px4_msgs/msg/_adc_report_s.c\n'}
[0.931292] (px4_msgs) StdoutLine: {'line': b'-- Up-to-date: /home/nicolas/ws_ros2/install/px4_msgs/local/lib/python3.10/dist-packages/px4_msgs/msg/_radio_status_s.c\n'}
[0.931323] (px4_msgs) StdoutLine: {'line': b'-- Up-to-date: /home/nicolas/ws_ros2/install/px4_msgs/local/lib/python3.10/dist-packages/px4_msgs/msg/_failsafe_flags.py\n'}
[0.931361] (px4_msgs) StdoutLine: {'line': b'-- Up-to-date: /home/nicolas/ws_ros2/install/px4_msgs/local/lib/python3.10/dist-packages/px4_msgs/msg/_vehicle_command_ack_s.c\n'}
[0.931392] (px4_msgs) StdoutLine: {'line': b'-- Up-to-date: /home/nicolas/ws_ros2/install/px4_msgs/local/lib/python3.10/dist-packages/px4_msgs/msg/_follow_target_s.c\n'}
[0.931424] (px4_msgs) StdoutLine: {'line': b'-- Up-to-date: /home/nicolas/ws_ros2/install/px4_msgs/local/lib/python3.10/dist-packages/px4_msgs/msg/_sensor_gnss_relative_s.c\n'}
[0.931454] (px4_msgs) StdoutLine: {'line': b'-- Up-to-date: /home/nicolas/ws_ros2/install/px4_msgs/local/lib/python3.10/dist-packages/px4_msgs/msg/_qshell_retval.py\n'}
[0.931489] (px4_msgs) StdoutLine: {'line': b'-- Up-to-date: /home/nicolas/ws_ros2/install/px4_msgs/local/lib/python3.10/dist-packages/px4_msgs/msg/_logger_status.py\n'}
[0.931520] (px4_msgs) StdoutLine: {'line': b'-- Up-to-date: /home/nicolas/ws_ros2/install/px4_msgs/local/lib/python3.10/dist-packages/px4_msgs/msg/_vehicle_roi_s.c\n'}
[0.931550] (px4_msgs) StdoutLine: {'line': b'-- Up-to-date: /home/nicolas/ws_ros2/install/px4_msgs/local/lib/python3.10/dist-packages/px4_msgs/msg/_fixed_wing_lateral_guidance_status_s.c\n'}
[0.931581] (px4_msgs) StdoutLine: {'line': b'-- Up-to-date: /home/nicolas/ws_ros2/install/px4_msgs/local/lib/python3.10/dist-packages/px4_msgs/msg/_parameter_set_value_request.py\n'}
[0.931612] (px4_msgs) StdoutLine: {'line': b'-- Up-to-date: /home/nicolas/ws_ros2/install/px4_msgs/local/lib/python3.10/dist-packages/px4_msgs/msg/_vehicle_rates_setpoint_s.c\n'}
[0.931650] (px4_msgs) StdoutLine: {'line': b'-- Up-to-date: /home/nicolas/ws_ros2/install/px4_msgs/local/lib/python3.10/dist-packages/px4_msgs/msg/_battery_info_s.c\n'}
[0.931684] (px4_msgs) StdoutLine: {'line': b'-- Up-to-date: /home/nicolas/ws_ros2/install/px4_msgs/local/lib/python3.10/dist-packages/px4_msgs/msg/_button_event_s.c\n'}
[0.931718] (px4_msgs) StdoutLine: {'line': b'-- Up-to-date: /home/nicolas/ws_ros2/install/px4_msgs/local/lib/python3.10/dist-packages/px4_msgs/msg/_sensor_preflight_mag_s.c\n'}
[0.931752] (px4_msgs) StdoutLine: {'line': b'-- Up-to-date: /home/nicolas/ws_ros2/install/px4_msgs/local/lib/python3.10/dist-packages/px4_msgs/msg/_sensor_hygrometer_s.c\n'}
[0.931811] (px4_msgs) StdoutLine: {'line': b'-- Up-to-date: /home/nicolas/ws_ros2/install/px4_msgs/local/lib/python3.10/dist-packages/px4_msgs/msg/_register_ext_component_request_s.c\n'}
[0.931845] (px4_msgs) StdoutLine: {'line': b'-- Up-to-date: /home/nicolas/ws_ros2/install/px4_msgs/local/lib/python3.10/dist-packages/px4_msgs/msg/_gimbal_device_set_attitude.py\n'}
[0.931877] (px4_msgs) StdoutLine: {'line': b'-- Up-to-date: /home/nicolas/ws_ros2/install/px4_msgs/local/lib/python3.10/dist-packages/px4_msgs/msg/_dataman_response.py\n'}
[0.931909] (px4_msgs) StdoutLine: {'line': b'-- Up-to-date: /home/nicolas/ws_ros2/install/px4_msgs/local/lib/python3.10/dist-packages/px4_msgs/msg/_manual_control_switches_s.c\n'}
[0.931945] (px4_msgs) StdoutLine: {'line': b'-- Up-to-date: /home/nicolas/ws_ros2/install/px4_msgs/local/lib/python3.10/dist-packages/px4_msgs/msg/_ulog_stream_s.c\n'}
[0.931977] (px4_msgs) StdoutLine: {'line': b'-- Up-to-date: /home/nicolas/ws_ros2/install/px4_msgs/local/lib/python3.10/dist-packages/px4_msgs/msg/_gimbal_manager_information_s.c\n'}
[0.932008] (px4_msgs) StdoutLine: {'line': b'-- Up-to-date: /home/nicolas/ws_ros2/install/px4_msgs/local/lib/python3.10/dist-packages/px4_msgs/msg/_actuator_motors_s.c\n'}
[0.932039] (px4_msgs) StdoutLine: {'line': b'-- Up-to-date: /home/nicolas/ws_ros2/install/px4_msgs/local/lib/python3.10/dist-packages/px4_msgs/msg/_open_drone_id_arm_status_s.c\n'}
[0.932070] (px4_msgs) StdoutLine: {'line': b'-- Up-to-date: /home/nicolas/ws_ros2/install/px4_msgs/local/lib/python3.10/dist-packages/px4_msgs/msg/_vehicle_torque_setpoint_s.c\n'}
[0.932101] (px4_msgs) StdoutLine: {'line': b'-- Up-to-date: /home/nicolas/ws_ros2/install/px4_msgs/local/lib/python3.10/dist-packages/px4_msgs/msg/_debug_key_value_s.c\n'}
[0.932131] (px4_msgs) StdoutLine: {'line': b'-- Up-to-date: /home/nicolas/ws_ros2/install/px4_msgs/local/lib/python3.10/dist-packages/px4_msgs/msg/_longitudinal_control_configuration.py\n'}
[0.932164] (px4_msgs) StdoutLine: {'line': b'-- Up-to-date: /home/nicolas/ws_ros2/install/px4_msgs/local/lib/python3.10/dist-packages/px4_msgs/msg/_power_button_state_s.c\n'}
[0.932197] (px4_msgs) StdoutLine: {'line': b'-- Up-to-date: /home/nicolas/ws_ros2/install/px4_msgs/local/lib/python3.10/dist-packages/px4_msgs/msg/_sensor_baro_s.c\n'}
[0.932231] (px4_msgs) StdoutLine: {'line': b'-- Up-to-date: /home/nicolas/ws_ros2/install/px4_msgs/local/lib/python3.10/dist-packages/px4_msgs/msg/_offboard_control_mode_s.c\n'}
[0.932267] (px4_msgs) StdoutLine: {'line': b'-- Up-to-date: /home/nicolas/ws_ros2/install/px4_msgs/local/lib/python3.10/dist-packages/px4_msgs/msg/_gimbal_manager_set_manual_control_s.c\n'}
[0.932300] (px4_msgs) StdoutLine: {'line': b'-- Up-to-date: /home/nicolas/ws_ros2/install/px4_msgs/local/lib/python3.10/dist-packages/px4_msgs/msg/_gps_inject_data.py\n'}
[0.932334] (px4_msgs) StdoutLine: {'line': b'-- Up-to-date: /home/nicolas/ws_ros2/install/px4_msgs/local/lib/python3.10/dist-packages/px4_msgs/msg/_position_controller_status.py\n'}
[0.932367] (px4_msgs) StdoutLine: {'line': b'-- Up-to-date: /home/nicolas/ws_ros2/install/px4_msgs/local/lib/python3.10/dist-packages/px4_msgs/msg/_message_format_request.py\n'}
[0.932402] (px4_msgs) StdoutLine: {'line': b'-- Up-to-date: /home/nicolas/ws_ros2/install/px4_msgs/local/lib/python3.10/dist-packages/px4_msgs/msg/_parameter_update.py\n'}
[0.932441] (px4_msgs) StdoutLine: {'line': b'-- Up-to-date: /home/nicolas/ws_ros2/install/px4_msgs/local/lib/python3.10/dist-packages/px4_msgs/px4_msgs_s__rosidl_typesupport_introspection_c.cpython-310-x86_64-linux-gnu.so\n'}
[0.932476] (px4_msgs) StdoutLine: {'line': b"Listing '/home/nicolas/ws_ros2/install/px4_msgs/local/lib/python3.10/dist-packages/px4_msgs'...\n"}
[0.932509] (px4_msgs) StdoutLine: {'line': b"Listing '/home/nicolas/ws_ros2/install/px4_msgs/local/lib/python3.10/dist-packages/px4_msgs/msg'...\n"}
[0.932545] (px4_msgs) StdoutLine: {'line': b"Listing '/home/nicolas/ws_ros2/install/px4_msgs/local/lib/python3.10/dist-packages/px4_msgs/srv'...\n"}
[0.932580] (px4_msgs) StdoutLine: {'line': b'-- Up-to-date: /home/nicolas/ws_ros2/install/px4_msgs/local/lib/python3.10/dist-packages/px4_msgs/px4_msgs_s__rosidl_typesupport_fastrtps_c.cpython-310-x86_64-linux-gnu.so\n'}
[0.932616] (px4_msgs) StdoutLine: {'line': b'-- Up-to-date: /home/nicolas/ws_ros2/install/px4_msgs/local/lib/python3.10/dist-packages/px4_msgs/px4_msgs_s__rosidl_typesupport_introspection_c.cpython-310-x86_64-linux-gnu.so\n'}
[0.932651] (px4_msgs) StdoutLine: {'line': b'-- Up-to-date: /home/nicolas/ws_ros2/install/px4_msgs/local/lib/python3.10/dist-packages/px4_msgs/px4_msgs_s__rosidl_typesupport_c.cpython-310-x86_64-linux-gnu.so\n'}
[0.932687] (px4_msgs) StdoutLine: {'line': b'-- Up-to-date: /home/nicolas/ws_ros2/install/px4_msgs/lib/libpx4_msgs__rosidl_generator_py.so\n'}
[0.932721] (px4_msgs) StdoutLine: {'line': b'-- Up-to-date: /home/nicolas/ws_ros2/install/px4_msgs/share/px4_msgs/msg/ActionRequest.idl\n'}
[0.932757] (px4_msgs) StdoutLine: {'line': b'-- Up-to-date: /home/nicolas/ws_ros2/install/px4_msgs/share/px4_msgs/msg/ActuatorArmed.idl\n'}
[0.932792] (px4_msgs) StdoutLine: {'line': b'-- Up-to-date: /home/nicolas/ws_ros2/install/px4_msgs/share/px4_msgs/msg/ActuatorControlsStatus.idl\n'}
[0.932859] (px4_msgs) StdoutLine: {'line': b'-- Up-to-date: /home/nicolas/ws_ros2/install/px4_msgs/share/px4_msgs/msg/ActuatorMotors.idl\n'}
[0.932897] (px4_msgs) StdoutLine: {'line': b'-- Up-to-date: /home/nicolas/ws_ros2/install/px4_msgs/share/px4_msgs/msg/ActuatorOutputs.idl\n'}
[0.932958] (px4_msgs) StdoutLine: {'line': b'-- Up-to-date: /home/nicolas/ws_ros2/install/px4_msgs/share/px4_msgs/msg/ActuatorServos.idl\n'}
[0.932994] (px4_msgs) StdoutLine: {'line': b'-- Up-to-date: /home/nicolas/ws_ros2/install/px4_msgs/share/px4_msgs/msg/ActuatorServosTrim.idl\n'}
[0.933028] (px4_msgs) StdoutLine: {'line': b'-- Up-to-date: /home/nicolas/ws_ros2/install/px4_msgs/share/px4_msgs/msg/ActuatorTest.idl\n'}
[0.933065] (px4_msgs) StdoutLine: {'line': b'-- Up-to-date: /home/nicolas/ws_ros2/install/px4_msgs/share/px4_msgs/msg/AdcReport.idl\n'}
[0.933100] (px4_msgs) StdoutLine: {'line': b'-- Up-to-date: /home/nicolas/ws_ros2/install/px4_msgs/share/px4_msgs/msg/Airspeed.idl\n'}
[0.933138] (px4_msgs) StdoutLine: {'line': b'-- Up-to-date: /home/nicolas/ws_ros2/install/px4_msgs/share/px4_msgs/msg/AirspeedValidated.idl\n'}
[0.933173] (px4_msgs) StdoutLine: {'line': b'-- Up-to-date: /home/nicolas/ws_ros2/install/px4_msgs/share/px4_msgs/msg/AirspeedWind.idl\n'}
[0.933209] (px4_msgs) StdoutLine: {'line': b'-- Up-to-date: /home/nicolas/ws_ros2/install/px4_msgs/share/px4_msgs/msg/ArmingCheckReply.idl\n'}
[0.933248] (px4_msgs) StdoutLine: {'line': b'-- Up-to-date: /home/nicolas/ws_ros2/install/px4_msgs/share/px4_msgs/msg/ArmingCheckRequest.idl\n'}
[0.933284] (px4_msgs) StdoutLine: {'line': b'-- Up-to-date: /home/nicolas/ws_ros2/install/px4_msgs/share/px4_msgs/msg/AutotuneAttitudeControlStatus.idl\n'}
[0.933319] (px4_msgs) StdoutLine: {'line': b'-- Up-to-date: /home/nicolas/ws_ros2/install/px4_msgs/share/px4_msgs/msg/BatteryInfo.idl\n'}
[0.933353] (px4_msgs) StdoutLine: {'line': b'-- Up-to-date: /home/nicolas/ws_ros2/install/px4_msgs/share/px4_msgs/msg/BatteryStatus.idl\n'}
[0.933388] (px4_msgs) StdoutLine: {'line': b'-- Up-to-date: /home/nicolas/ws_ros2/install/px4_msgs/share/px4_msgs/msg/ButtonEvent.idl\n'}
[0.933422] (px4_msgs) StdoutLine: {'line': b'-- Up-to-date: /home/nicolas/ws_ros2/install/px4_msgs/share/px4_msgs/msg/CameraCapture.idl\n'}
[0.933456] (px4_msgs) StdoutLine: {'line': b'-- Up-to-date: /home/nicolas/ws_ros2/install/px4_msgs/share/px4_msgs/msg/CameraStatus.idl\n'}
[0.933490] (px4_msgs) StdoutLine: {'line': b'-- Up-to-date: /home/nicolas/ws_ros2/install/px4_msgs/share/px4_msgs/msg/CameraTrigger.idl\n'}
[0.933524] (px4_msgs) StdoutLine: {'line': b'-- Up-to-date: /home/nicolas/ws_ros2/install/px4_msgs/share/px4_msgs/msg/CanInterfaceStatus.idl\n'}
[0.933559] (px4_msgs) StdoutLine: {'line': b'-- Up-to-date: /home/nicolas/ws_ros2/install/px4_msgs/share/px4_msgs/msg/CellularStatus.idl\n'}
[0.933592] (px4_msgs) StdoutLine: {'line': b'-- Up-to-date: /home/nicolas/ws_ros2/install/px4_msgs/share/px4_msgs/msg/CollisionConstraints.idl\n'}
[0.933626] (px4_msgs) StdoutLine: {'line': b'-- Up-to-date: /home/nicolas/ws_ros2/install/px4_msgs/share/px4_msgs/msg/ConfigOverrides.idl\n'}
[0.933660] (px4_msgs) StdoutLine: {'line': b'-- Up-to-date: /home/nicolas/ws_ros2/install/px4_msgs/share/px4_msgs/msg/ControlAllocatorStatus.idl\n'}
[0.933693] (px4_msgs) StdoutLine: {'line': b'-- Up-to-date: /home/nicolas/ws_ros2/install/px4_msgs/share/px4_msgs/msg/Cpuload.idl\n'}
[0.933727] (px4_msgs) StdoutLine: {'line': b'-- Up-to-date: /home/nicolas/ws_ros2/install/px4_msgs/share/px4_msgs/msg/DatamanRequest.idl\n'}
[0.933760] (px4_msgs) StdoutLine: {'line': b'-- Up-to-date: /home/nicolas/ws_ros2/install/px4_msgs/share/px4_msgs/msg/DatamanResponse.idl\n'}
[0.933792] (px4_msgs) StdoutLine: {'line': b'-- Up-to-date: /home/nicolas/ws_ros2/install/px4_msgs/share/px4_msgs/msg/DebugArray.idl\n'}
[0.933825] (px4_msgs) StdoutLine: {'line': b'-- Up-to-date: /home/nicolas/ws_ros2/install/px4_msgs/share/px4_msgs/msg/DebugKeyValue.idl\n'}
[0.933858] (px4_msgs) StdoutLine: {'line': b'-- Up-to-date: /home/nicolas/ws_ros2/install/px4_msgs/share/px4_msgs/msg/DebugValue.idl\n'}
[0.933890] (px4_msgs) StdoutLine: {'line': b'-- Up-to-date: /home/nicolas/ws_ros2/install/px4_msgs/share/px4_msgs/msg/DebugVect.idl\n'}
[0.933968] (px4_msgs) StdoutLine: {'line': b'-- Up-to-date: /home/nicolas/ws_ros2/install/px4_msgs/share/px4_msgs/msg/DifferentialPressure.idl\n'}
[0.934002] (px4_msgs) StdoutLine: {'line': b'-- Up-to-date: /home/nicolas/ws_ros2/install/px4_msgs/share/px4_msgs/msg/DistanceSensor.idl\n'}
[0.934035] (px4_msgs) StdoutLine: {'line': b'-- Up-to-date: /home/nicolas/ws_ros2/install/px4_msgs/share/px4_msgs/msg/DistanceSensorModeChangeRequest.idl\n'}
[0.934069] (px4_msgs) StdoutLine: {'line': b'-- Up-to-date: /home/nicolas/ws_ros2/install/px4_msgs/share/px4_msgs/msg/DronecanNodeStatus.idl\n'}
[0.934102] (px4_msgs) StdoutLine: {'line': b'-- Up-to-date: /home/nicolas/ws_ros2/install/px4_msgs/share/px4_msgs/msg/Ekf2Timestamps.idl\n'}
[0.934135] (px4_msgs) StdoutLine: {'line': b'-- Up-to-date: /home/nicolas/ws_ros2/install/px4_msgs/share/px4_msgs/msg/EscReport.idl\n'}
[0.934185] (px4_msgs) StdoutLine: {'line': b'-- Up-to-date: /home/nicolas/ws_ros2/install/px4_msgs/share/px4_msgs/msg/EscStatus.idl\n'}
[0.934217] (px4_msgs) StdoutLine: {'line': b'-- Up-to-date: /home/nicolas/ws_ros2/install/px4_msgs/share/px4_msgs/msg/EstimatorAidSource1d.idl\n'}
[0.934248] (px4_msgs) StdoutLine: {'line': b'-- Up-to-date: /home/nicolas/ws_ros2/install/px4_msgs/share/px4_msgs/msg/EstimatorAidSource2d.idl\n'}
[0.934283] (px4_msgs) StdoutLine: {'line': b'-- Up-to-date: /home/nicolas/ws_ros2/install/px4_msgs/share/px4_msgs/msg/EstimatorAidSource3d.idl\n'}
[0.934319] (px4_msgs) StdoutLine: {'line': b'-- Up-to-date: /home/nicolas/ws_ros2/install/px4_msgs/share/px4_msgs/msg/EstimatorBias.idl\n'}
[0.934353] (px4_msgs) StdoutLine: {'line': b'-- Up-to-date: /home/nicolas/ws_ros2/install/px4_msgs/share/px4_msgs/msg/EstimatorBias3d.idl\n'}
[0.934387] (px4_msgs) StdoutLine: {'line': b'-- Up-to-date: /home/nicolas/ws_ros2/install/px4_msgs/share/px4_msgs/msg/EstimatorEventFlags.idl\n'}
[0.934420] (px4_msgs) StdoutLine: {'line': b'-- Up-to-date: /home/nicolas/ws_ros2/install/px4_msgs/share/px4_msgs/msg/EstimatorGpsStatus.idl\n'}
[0.934453] (px4_msgs) StdoutLine: {'line': b'-- Up-to-date: /home/nicolas/ws_ros2/install/px4_msgs/share/px4_msgs/msg/EstimatorInnovations.idl\n'}
[0.934486] (px4_msgs) StdoutLine: {'line': b'-- Up-to-date: /home/nicolas/ws_ros2/install/px4_msgs/share/px4_msgs/msg/EstimatorSelectorStatus.idl\n'}
[0.934519] (px4_msgs) StdoutLine: {'line': b'-- Up-to-date: /home/nicolas/ws_ros2/install/px4_msgs/share/px4_msgs/msg/EstimatorSensorBias.idl\n'}
[0.934553] (px4_msgs) StdoutLine: {'line': b'-- Up-to-date: /home/nicolas/ws_ros2/install/px4_msgs/share/px4_msgs/msg/EstimatorStates.idl\n'}
[0.934586] (px4_msgs) StdoutLine: {'line': b'-- Up-to-date: /home/nicolas/ws_ros2/install/px4_msgs/share/px4_msgs/msg/EstimatorStatus.idl\n'}
[0.934619] (px4_msgs) StdoutLine: {'line': b'-- Up-to-date: /home/nicolas/ws_ros2/install/px4_msgs/share/px4_msgs/msg/EstimatorStatusFlags.idl\n'}
[0.934653] (px4_msgs) StdoutLine: {'line': b'-- Up-to-date: /home/nicolas/ws_ros2/install/px4_msgs/share/px4_msgs/msg/Event.idl\n'}
[0.934686] (px4_msgs) StdoutLine: {'line': b'-- Up-to-date: /home/nicolas/ws_ros2/install/px4_msgs/share/px4_msgs/msg/FailsafeFlags.idl\n'}
[0.934718] (px4_msgs) StdoutLine: {'line': b'-- Up-to-date: /home/nicolas/ws_ros2/install/px4_msgs/share/px4_msgs/msg/FailureDetectorStatus.idl\n'}
[0.934752] (px4_msgs) StdoutLine: {'line': b'-- Up-to-date: /home/nicolas/ws_ros2/install/px4_msgs/share/px4_msgs/msg/FigureEightStatus.idl\n'}
[0.934785] (px4_msgs) StdoutLine: {'line': b'-- Up-to-date: /home/nicolas/ws_ros2/install/px4_msgs/share/px4_msgs/msg/FixedWingLateralGuidanceStatus.idl\n'}
[0.934817] (px4_msgs) StdoutLine: {'line': b'-- Up-to-date: /home/nicolas/ws_ros2/install/px4_msgs/share/px4_msgs/msg/FixedWingLateralSetpoint.idl\n'}
[0.934851] (px4_msgs) StdoutLine: {'line': b'-- Up-to-date: /home/nicolas/ws_ros2/install/px4_msgs/share/px4_msgs/msg/FixedWingLateralStatus.idl\n'}
[0.934884] (px4_msgs) StdoutLine: {'line': b'-- Up-to-date: /home/nicolas/ws_ros2/install/px4_msgs/share/px4_msgs/msg/FixedWingLongitudinalSetpoint.idl\n'}
[0.934920] (px4_msgs) StdoutLine: {'line': b'-- Up-to-date: /home/nicolas/ws_ros2/install/px4_msgs/share/px4_msgs/msg/FixedWingRunwayControl.idl\n'}
[0.934957] (px4_msgs) StdoutLine: {'line': b'-- Up-to-date: /home/nicolas/ws_ros2/install/px4_msgs/share/px4_msgs/msg/FlightPhaseEstimation.idl\n'}
[0.934991] (px4_msgs) StdoutLine: {'line': b'-- Up-to-date: /home/nicolas/ws_ros2/install/px4_msgs/share/px4_msgs/msg/FollowTarget.idl\n'}
[0.935025] (px4_msgs) StdoutLine: {'line': b'-- Up-to-date: /home/nicolas/ws_ros2/install/px4_msgs/share/px4_msgs/msg/FollowTargetEstimator.idl\n'}
[0.935060] (px4_msgs) StdoutLine: {'line': b'-- Up-to-date: /home/nicolas/ws_ros2/install/px4_msgs/share/px4_msgs/msg/FollowTargetStatus.idl\n'}
[0.935095] (px4_msgs) StdoutLine: {'line': b'-- Up-to-date: /home/nicolas/ws_ros2/install/px4_msgs/share/px4_msgs/msg/FuelTankStatus.idl\n'}
[0.935132] (px4_msgs) StdoutLine: {'line': b'-- Up-to-date: /home/nicolas/ws_ros2/install/px4_msgs/share/px4_msgs/msg/GeneratorStatus.idl\n'}
[0.935167] (px4_msgs) StdoutLine: {'line': b'-- Up-to-date: /home/nicolas/ws_ros2/install/px4_msgs/share/px4_msgs/msg/GeofenceResult.idl\n'}
[0.935202] (px4_msgs) StdoutLine: {'line': b'-- Up-to-date: /home/nicolas/ws_ros2/install/px4_msgs/share/px4_msgs/msg/GeofenceStatus.idl\n'}
[0.935239] (px4_msgs) StdoutLine: {'line': b'-- Up-to-date: /home/nicolas/ws_ros2/install/px4_msgs/share/px4_msgs/msg/GimbalControls.idl\n'}
[0.935273] (px4_msgs) StdoutLine: {'line': b'-- Up-to-date: /home/nicolas/ws_ros2/install/px4_msgs/share/px4_msgs/msg/GimbalDeviceAttitudeStatus.idl\n'}
[0.935308] (px4_msgs) StdoutLine: {'line': b'-- Up-to-date: /home/nicolas/ws_ros2/install/px4_msgs/share/px4_msgs/msg/GimbalDeviceInformation.idl\n'}
[0.935342] (px4_msgs) StdoutLine: {'line': b'-- Up-to-date: /home/nicolas/ws_ros2/install/px4_msgs/share/px4_msgs/msg/GimbalDeviceSetAttitude.idl\n'}
[0.935378] (px4_msgs) StdoutLine: {'line': b'-- Up-to-date: /home/nicolas/ws_ros2/install/px4_msgs/share/px4_msgs/msg/GimbalManagerInformation.idl\n'}
[0.935435] (px4_msgs) StdoutLine: {'line': b'-- Up-to-date: /home/nicolas/ws_ros2/install/px4_msgs/share/px4_msgs/msg/GimbalManagerSetAttitude.idl\n'}
[0.935473] (px4_msgs) StdoutLine: {'line': b'-- Up-to-date: /home/nicolas/ws_ros2/install/px4_msgs/share/px4_msgs/msg/GimbalManagerSetManualControl.idl\n'}
[0.935509] (px4_msgs) StdoutLine: {'line': b'-- Up-to-date: /home/nicolas/ws_ros2/install/px4_msgs/share/px4_msgs/msg/GimbalManagerStatus.idl\n'}
[0.935543] (px4_msgs) StdoutLine: {'line': b'-- Up-to-date: /home/nicolas/ws_ros2/install/px4_msgs/share/px4_msgs/msg/GotoSetpoint.idl\n'}
[0.935578] (px4_msgs) StdoutLine: {'line': b'-- Up-to-date: /home/nicolas/ws_ros2/install/px4_msgs/share/px4_msgs/msg/GpioConfig.idl\n'}
[0.935613] (px4_msgs) StdoutLine: {'line': b'-- Up-to-date: /home/nicolas/ws_ros2/install/px4_msgs/share/px4_msgs/msg/GpioIn.idl\n'}
[0.935646] (px4_msgs) StdoutLine: {'line': b'-- Up-to-date: /home/nicolas/ws_ros2/install/px4_msgs/share/px4_msgs/msg/GpioOut.idl\n'}
[0.935713] (px4_msgs) StdoutLine: {'line': b'-- Up-to-date: /home/nicolas/ws_ros2/install/px4_msgs/share/px4_msgs/msg/GpioRequest.idl\n'}
[0.935752] (px4_msgs) StdoutLine: {'line': b'-- Up-to-date: /home/nicolas/ws_ros2/install/px4_msgs/share/px4_msgs/msg/GpsDump.idl\n'}
[0.935784] (px4_msgs) StdoutLine: {'line': b'-- Up-to-date: /home/nicolas/ws_ros2/install/px4_msgs/share/px4_msgs/msg/GpsInjectData.idl\n'}
[0.935815] (px4_msgs) StdoutLine: {'line': b'-- Up-to-date: /home/nicolas/ws_ros2/install/px4_msgs/share/px4_msgs/msg/Gripper.idl\n'}
[0.935846] (px4_msgs) StdoutLine: {'line': b'-- Up-to-date: /home/nicolas/ws_ros2/install/px4_msgs/share/px4_msgs/msg/HealthReport.idl\n'}
[0.935877] (px4_msgs) StdoutLine: {'line': b'-- Up-to-date: /home/nicolas/ws_ros2/install/px4_msgs/share/px4_msgs/msg/HeaterStatus.idl\n'}
[0.935908] (px4_msgs) StdoutLine: {'line': b'-- Up-to-date: /home/nicolas/ws_ros2/install/px4_msgs/share/px4_msgs/msg/HomePosition.idl\n'}
[0.935958] (px4_msgs) StdoutLine: {'line': b'-- Up-to-date: /home/nicolas/ws_ros2/install/px4_msgs/share/px4_msgs/msg/HoverThrustEstimate.idl\n'}
[0.935990] (px4_msgs) StdoutLine: {'line': b'-- Up-to-date: /home/nicolas/ws_ros2/install/px4_msgs/share/px4_msgs/msg/InputRc.idl\n'}
[0.936021] (px4_msgs) StdoutLine: {'line': b'-- Up-to-date: /home/nicolas/ws_ros2/install/px4_msgs/share/px4_msgs/msg/InternalCombustionEngineControl.idl\n'}
[0.936053] (px4_msgs) StdoutLine: {'line': b'-- Up-to-date: /home/nicolas/ws_ros2/install/px4_msgs/share/px4_msgs/msg/InternalCombustionEngineStatus.idl\n'}
[0.936083] (px4_msgs) StdoutLine: {'line': b'-- Up-to-date: /home/nicolas/ws_ros2/install/px4_msgs/share/px4_msgs/msg/IridiumsbdStatus.idl\n'}
[0.936115] (px4_msgs) StdoutLine: {'line': b'-- Up-to-date: /home/nicolas/ws_ros2/install/px4_msgs/share/px4_msgs/msg/IrlockReport.idl\n'}
[0.936146] (px4_msgs) StdoutLine: {'line': b'-- Up-to-date: /home/nicolas/ws_ros2/install/px4_msgs/share/px4_msgs/msg/LandingGear.idl\n'}
[0.936179] (px4_msgs) StdoutLine: {'line': b'-- Up-to-date: /home/nicolas/ws_ros2/install/px4_msgs/share/px4_msgs/msg/LandingGearWheel.idl\n'}
[0.936213] (px4_msgs) StdoutLine: {'line': b'-- Up-to-date: /home/nicolas/ws_ros2/install/px4_msgs/share/px4_msgs/msg/LandingTargetInnovations.idl\n'}
[0.936250] (px4_msgs) StdoutLine: {'line': b'-- Up-to-date: /home/nicolas/ws_ros2/install/px4_msgs/share/px4_msgs/msg/LandingTargetPose.idl\n'}
[0.936284] (px4_msgs) StdoutLine: {'line': b'-- Up-to-date: /home/nicolas/ws_ros2/install/px4_msgs/share/px4_msgs/msg/LateralControlConfiguration.idl\n'}
[0.936318] (px4_msgs) StdoutLine: {'line': b'-- Up-to-date: /home/nicolas/ws_ros2/install/px4_msgs/share/px4_msgs/msg/LaunchDetectionStatus.idl\n'}
[0.936364] (px4_msgs) StdoutLine: {'line': b'-- Up-to-date: /home/nicolas/ws_ros2/install/px4_msgs/share/px4_msgs/msg/LedControl.idl\n'}
[0.936395] (px4_msgs) StdoutLine: {'line': b'-- Up-to-date: /home/nicolas/ws_ros2/install/px4_msgs/share/px4_msgs/msg/LogMessage.idl\n'}
[0.936441] (px4_msgs) StdoutLine: {'line': b'-- Up-to-date: /home/nicolas/ws_ros2/install/px4_msgs/share/px4_msgs/msg/LoggerStatus.idl\n'}
[0.936471] (px4_msgs) StdoutLine: {'line': b'-- Up-to-date: /home/nicolas/ws_ros2/install/px4_msgs/share/px4_msgs/msg/LongitudinalControlConfiguration.idl\n'}
[0.936502] (px4_msgs) StdoutLine: {'line': b'-- Up-to-date: /home/nicolas/ws_ros2/install/px4_msgs/share/px4_msgs/msg/MagWorkerData.idl\n'}
[0.936534] (px4_msgs) StdoutLine: {'line': b'-- Up-to-date: /home/nicolas/ws_ros2/install/px4_msgs/share/px4_msgs/msg/MagnetometerBiasEstimate.idl\n'}
[0.936564] (px4_msgs) StdoutLine: {'line': b'-- Up-to-date: /home/nicolas/ws_ros2/install/px4_msgs/share/px4_msgs/msg/ManualControlSetpoint.idl\n'}
[0.936595] (px4_msgs) StdoutLine: {'line': b'-- Up-to-date: /home/nicolas/ws_ros2/install/px4_msgs/share/px4_msgs/msg/ManualControlSwitches.idl\n'}
[0.936625] (px4_msgs) StdoutLine: {'line': b'-- Up-to-date: /home/nicolas/ws_ros2/install/px4_msgs/share/px4_msgs/msg/MavlinkLog.idl\n'}
[0.936655] (px4_msgs) StdoutLine: {'line': b'-- Up-to-date: /home/nicolas/ws_ros2/install/px4_msgs/share/px4_msgs/msg/MavlinkTunnel.idl\n'}
[0.936686] (px4_msgs) StdoutLine: {'line': b'-- Up-to-date: /home/nicolas/ws_ros2/install/px4_msgs/share/px4_msgs/msg/MessageFormatRequest.idl\n'}
[0.936716] (px4_msgs) StdoutLine: {'line': b'-- Up-to-date: /home/nicolas/ws_ros2/install/px4_msgs/share/px4_msgs/msg/MessageFormatResponse.idl\n'}
[0.936747] (px4_msgs) StdoutLine: {'line': b'-- Up-to-date: /home/nicolas/ws_ros2/install/px4_msgs/share/px4_msgs/msg/Mission.idl\n'}
[0.936793] (px4_msgs) StdoutLine: {'line': b'-- Up-to-date: /home/nicolas/ws_ros2/install/px4_msgs/share/px4_msgs/msg/MissionResult.idl\n'}
[0.936823] (px4_msgs) StdoutLine: {'line': b'-- Up-to-date: /home/nicolas/ws_ros2/install/px4_msgs/share/px4_msgs/msg/ModeCompleted.idl\n'}
[0.936853] (px4_msgs) StdoutLine: {'line': b'-- Up-to-date: /home/nicolas/ws_ros2/install/px4_msgs/share/px4_msgs/msg/MountOrientation.idl\n'}
[0.936883] (px4_msgs) StdoutLine: {'line': b'-- Up-to-date: /home/nicolas/ws_ros2/install/px4_msgs/share/px4_msgs/msg/NavigatorMissionItem.idl\n'}
[0.936913] (px4_msgs) StdoutLine: {'line': b'-- Up-to-date: /home/nicolas/ws_ros2/install/px4_msgs/share/px4_msgs/msg/NavigatorStatus.idl\n'}
[0.936952] (px4_msgs) StdoutLine: {'line': b'-- Up-to-date: /home/nicolas/ws_ros2/install/px4_msgs/share/px4_msgs/msg/NeuralControl.idl\n'}
[0.936983] (px4_msgs) StdoutLine: {'line': b'-- Up-to-date: /home/nicolas/ws_ros2/install/px4_msgs/share/px4_msgs/msg/NormalizedUnsignedSetpoint.idl\n'}
[0.937033] (px4_msgs) StdoutLine: {'line': b'-- Up-to-date: /home/nicolas/ws_ros2/install/px4_msgs/share/px4_msgs/msg/ObstacleDistance.idl\n'}
[0.937064] (px4_msgs) StdoutLine: {'line': b'-- Up-to-date: /home/nicolas/ws_ros2/install/px4_msgs/share/px4_msgs/msg/OffboardControlMode.idl\n'}
[0.937094] (px4_msgs) StdoutLine: {'line': b'-- Up-to-date: /home/nicolas/ws_ros2/install/px4_msgs/share/px4_msgs/msg/OnboardComputerStatus.idl\n'}
[0.937124] (px4_msgs) StdoutLine: {'line': b'-- Up-to-date: /home/nicolas/ws_ros2/install/px4_msgs/share/px4_msgs/msg/OpenDroneIdArmStatus.idl\n'}
[0.937155] (px4_msgs) StdoutLine: {'line': b'-- Up-to-date: /home/nicolas/ws_ros2/install/px4_msgs/share/px4_msgs/msg/OpenDroneIdOperatorId.idl\n'}
[0.937185] (px4_msgs) StdoutLine: {'line': b'-- Up-to-date: /home/nicolas/ws_ros2/install/px4_msgs/share/px4_msgs/msg/OpenDroneIdSelfId.idl\n'}
[0.937217] (px4_msgs) StdoutLine: {'line': b'-- Up-to-date: /home/nicolas/ws_ros2/install/px4_msgs/share/px4_msgs/msg/OpenDroneIdSystem.idl\n'}
[0.937250] (px4_msgs) StdoutLine: {'line': b'-- Up-to-date: /home/nicolas/ws_ros2/install/px4_msgs/share/px4_msgs/msg/OrbTest.idl\n'}
[0.937283] (px4_msgs) StdoutLine: {'line': b'-- Up-to-date: /home/nicolas/ws_ros2/install/px4_msgs/share/px4_msgs/msg/OrbTestLarge.idl\n'}
[0.937315] (px4_msgs) StdoutLine: {'line': b'-- Up-to-date: /home/nicolas/ws_ros2/install/px4_msgs/share/px4_msgs/msg/OrbTestMedium.idl\n'}
[0.937349] (px4_msgs) StdoutLine: {'line': b'-- Up-to-date: /home/nicolas/ws_ros2/install/px4_msgs/share/px4_msgs/msg/OrbitStatus.idl\n'}
[0.937383] (px4_msgs) StdoutLine: {'line': b'-- Up-to-date: /home/nicolas/ws_ros2/install/px4_msgs/share/px4_msgs/msg/ParameterResetRequest.idl\n'}
[0.937417] (px4_msgs) StdoutLine: {'line': b'-- Up-to-date: /home/nicolas/ws_ros2/install/px4_msgs/share/px4_msgs/msg/ParameterSetUsedRequest.idl\n'}
[0.937452] (px4_msgs) StdoutLine: {'line': b'-- Up-to-date: /home/nicolas/ws_ros2/install/px4_msgs/share/px4_msgs/msg/ParameterSetValueRequest.idl\n'}
[0.937485] (px4_msgs) StdoutLine: {'line': b'-- Up-to-date: /home/nicolas/ws_ros2/install/px4_msgs/share/px4_msgs/msg/ParameterSetValueResponse.idl\n'}
[0.937520] (px4_msgs) StdoutLine: {'line': b'-- Up-to-date: /home/nicolas/ws_ros2/install/px4_msgs/share/px4_msgs/msg/ParameterUpdate.idl\n'}
[0.937553] (px4_msgs) StdoutLine: {'line': b'-- Up-to-date: /home/nicolas/ws_ros2/install/px4_msgs/share/px4_msgs/msg/Ping.idl\n'}
[0.937585] (px4_msgs) StdoutLine: {'line': b'-- Up-to-date: /home/nicolas/ws_ros2/install/px4_msgs/share/px4_msgs/msg/PositionControllerLandingStatus.idl\n'}
[0.937618] (px4_msgs) StdoutLine: {'line': b'-- Up-to-date: /home/nicolas/ws_ros2/install/px4_msgs/share/px4_msgs/msg/PositionControllerStatus.idl\n'}
[0.937651] (px4_msgs) StdoutLine: {'line': b'-- Up-to-date: /home/nicolas/ws_ros2/install/px4_msgs/share/px4_msgs/msg/PositionSetpoint.idl\n'}
[0.937684] (px4_msgs) StdoutLine: {'line': b'-- Up-to-date: /home/nicolas/ws_ros2/install/px4_msgs/share/px4_msgs/msg/PositionSetpointTriplet.idl\n'}
[0.937717] (px4_msgs) StdoutLine: {'line': b'-- Up-to-date: /home/nicolas/ws_ros2/install/px4_msgs/share/px4_msgs/msg/PowerButtonState.idl\n'}
[0.937751] (px4_msgs) StdoutLine: {'line': b'-- Up-to-date: /home/nicolas/ws_ros2/install/px4_msgs/share/px4_msgs/msg/PowerMonitor.idl\n'}
[0.937784] (px4_msgs) StdoutLine: {'line': b'-- Up-to-date: /home/nicolas/ws_ros2/install/px4_msgs/share/px4_msgs/msg/PpsCapture.idl\n'}
[0.937817] (px4_msgs) StdoutLine: {'line': b'-- Up-to-date: /home/nicolas/ws_ros2/install/px4_msgs/share/px4_msgs/msg/PurePursuitStatus.idl\n'}
[0.937849] (px4_msgs) StdoutLine: {'line': b'-- Up-to-date: /home/nicolas/ws_ros2/install/px4_msgs/share/px4_msgs/msg/PwmInput.idl\n'}
[0.937882] (px4_msgs) StdoutLine: {'line': b'-- Up-to-date: /home/nicolas/ws_ros2/install/px4_msgs/share/px4_msgs/msg/Px4ioStatus.idl\n'}
[0.937919] (px4_msgs) StdoutLine: {'line': b'-- Up-to-date: /home/nicolas/ws_ros2/install/px4_msgs/share/px4_msgs/msg/QshellReq.idl\n'}
[0.937957] (px4_msgs) StdoutLine: {'line': b'-- Up-to-date: /home/nicolas/ws_ros2/install/px4_msgs/share/px4_msgs/msg/QshellRetval.idl\n'}
[0.937992] (px4_msgs) StdoutLine: {'line': b'-- Up-to-date: /home/nicolas/ws_ros2/install/px4_msgs/share/px4_msgs/msg/RadioStatus.idl\n'}
[0.938026] (px4_msgs) StdoutLine: {'line': b'-- Up-to-date: /home/nicolas/ws_ros2/install/px4_msgs/share/px4_msgs/msg/RateCtrlStatus.idl\n'}
[0.938059] (px4_msgs) StdoutLine: {'line': b'-- Up-to-date: /home/nicolas/ws_ros2/install/px4_msgs/share/px4_msgs/msg/RcChannels.idl\n'}
[0.938092] (px4_msgs) StdoutLine: {'line': b'-- Up-to-date: /home/nicolas/ws_ros2/install/px4_msgs/share/px4_msgs/msg/RcParameterMap.idl\n'}
[0.938125] (px4_msgs) StdoutLine: {'line': b'-- Up-to-date: /home/nicolas/ws_ros2/install/px4_msgs/share/px4_msgs/msg/RegisterExtComponentReply.idl\n'}
[0.938177] (px4_msgs) StdoutLine: {'line': b'-- Up-to-date: /home/nicolas/ws_ros2/install/px4_msgs/share/px4_msgs/msg/RegisterExtComponentRequest.idl\n'}
[0.938211] (px4_msgs) StdoutLine: {'line': b'-- Up-to-date: /home/nicolas/ws_ros2/install/px4_msgs/share/px4_msgs/msg/RoverAttitudeSetpoint.idl\n'}
[0.938244] (px4_msgs) StdoutLine: {'line': b'-- Up-to-date: /home/nicolas/ws_ros2/install/px4_msgs/share/px4_msgs/msg/RoverAttitudeStatus.idl\n'}
[0.938277] (px4_msgs) StdoutLine: {'line': b'-- Up-to-date: /home/nicolas/ws_ros2/install/px4_msgs/share/px4_msgs/msg/RoverPositionSetpoint.idl\n'}
[0.938310] (px4_msgs) StdoutLine: {'line': b'-- Up-to-date: /home/nicolas/ws_ros2/install/px4_msgs/share/px4_msgs/msg/RoverRateSetpoint.idl\n'}
[0.938352] (px4_msgs) StdoutLine: {'line': b'-- Up-to-date: /home/nicolas/ws_ros2/install/px4_msgs/share/px4_msgs/msg/RoverRateStatus.idl\n'}
[0.938418] (px4_msgs) StdoutLine: {'line': b'-- Up-to-date: /home/nicolas/ws_ros2/install/px4_msgs/share/px4_msgs/msg/RoverSpeedSetpoint.idl\n'}
[0.938455] (px4_msgs) StdoutLine: {'line': b'-- Up-to-date: /home/nicolas/ws_ros2/install/px4_msgs/share/px4_msgs/msg/RoverSpeedStatus.idl\n'}
[0.938487] (px4_msgs) StdoutLine: {'line': b'-- Up-to-date: /home/nicolas/ws_ros2/install/px4_msgs/share/px4_msgs/msg/RoverSteeringSetpoint.idl\n'}
[0.938518] (px4_msgs) StdoutLine: {'line': b'-- Up-to-date: /home/nicolas/ws_ros2/install/px4_msgs/share/px4_msgs/msg/RoverThrottleSetpoint.idl\n'}
[0.938549] (px4_msgs) StdoutLine: {'line': b'-- Up-to-date: /home/nicolas/ws_ros2/install/px4_msgs/share/px4_msgs/msg/Rpm.idl\n'}
[0.938580] (px4_msgs) StdoutLine: {'line': b'-- Up-to-date: /home/nicolas/ws_ros2/install/px4_msgs/share/px4_msgs/msg/RtlStatus.idl\n'}
[0.938612] (px4_msgs) StdoutLine: {'line': b'-- Up-to-date: /home/nicolas/ws_ros2/install/px4_msgs/share/px4_msgs/msg/RtlTimeEstimate.idl\n'}
[0.938645] (px4_msgs) StdoutLine: {'line': b'-- Up-to-date: /home/nicolas/ws_ros2/install/px4_msgs/share/px4_msgs/msg/SatelliteInfo.idl\n'}
[0.938678] (px4_msgs) StdoutLine: {'line': b'-- Up-to-date: /home/nicolas/ws_ros2/install/px4_msgs/share/px4_msgs/msg/SensorAccel.idl\n'}
[0.938712] (px4_msgs) StdoutLine: {'line': b'-- Up-to-date: /home/nicolas/ws_ros2/install/px4_msgs/share/px4_msgs/msg/SensorAccelFifo.idl\n'}
[0.938745] (px4_msgs) StdoutLine: {'line': b'-- Up-to-date: /home/nicolas/ws_ros2/install/px4_msgs/share/px4_msgs/msg/SensorAirflow.idl\n'}
[0.938778] (px4_msgs) StdoutLine: {'line': b'-- Up-to-date: /home/nicolas/ws_ros2/install/px4_msgs/share/px4_msgs/msg/SensorBaro.idl\n'}
[0.938811] (px4_msgs) StdoutLine: {'line': b'-- Up-to-date: /home/nicolas/ws_ros2/install/px4_msgs/share/px4_msgs/msg/SensorCombined.idl\n'}
[0.938844] (px4_msgs) StdoutLine: {'line': b'-- Up-to-date: /home/nicolas/ws_ros2/install/px4_msgs/share/px4_msgs/msg/SensorCorrection.idl\n'}
[0.938877] (px4_msgs) StdoutLine: {'line': b'-- Up-to-date: /home/nicolas/ws_ros2/install/px4_msgs/share/px4_msgs/msg/SensorGnssRelative.idl\n'}
[0.938911] (px4_msgs) StdoutLine: {'line': b'-- Up-to-date: /home/nicolas/ws_ros2/install/px4_msgs/share/px4_msgs/msg/SensorGnssStatus.idl\n'}
[0.938950] (px4_msgs) StdoutLine: {'line': b'-- Up-to-date: /home/nicolas/ws_ros2/install/px4_msgs/share/px4_msgs/msg/SensorGps.idl\n'}
[0.938984] (px4_msgs) StdoutLine: {'line': b'-- Up-to-date: /home/nicolas/ws_ros2/install/px4_msgs/share/px4_msgs/msg/SensorGyro.idl\n'}
[0.939018] (px4_msgs) StdoutLine: {'line': b'-- Up-to-date: /home/nicolas/ws_ros2/install/px4_msgs/share/px4_msgs/msg/SensorGyroFft.idl\n'}
[0.939052] (px4_msgs) StdoutLine: {'line': b'-- Up-to-date: /home/nicolas/ws_ros2/install/px4_msgs/share/px4_msgs/msg/SensorGyroFifo.idl\n'}
[0.939086] (px4_msgs) StdoutLine: {'line': b'-- Up-to-date: /home/nicolas/ws_ros2/install/px4_msgs/share/px4_msgs/msg/SensorHygrometer.idl\n'}
[0.939119] (px4_msgs) StdoutLine: {'line': b'-- Up-to-date: /home/nicolas/ws_ros2/install/px4_msgs/share/px4_msgs/msg/SensorMag.idl\n'}
[0.939153] (px4_msgs) StdoutLine: {'line': b'-- Up-to-date: /home/nicolas/ws_ros2/install/px4_msgs/share/px4_msgs/msg/SensorOpticalFlow.idl\n'}
[0.939212] (px4_msgs) StdoutLine: {'line': b'-- Up-to-date: /home/nicolas/ws_ros2/install/px4_msgs/share/px4_msgs/msg/SensorPreflightMag.idl\n'}
[0.939244] (px4_msgs) StdoutLine: {'line': b'-- Up-to-date: /home/nicolas/ws_ros2/install/px4_msgs/share/px4_msgs/msg/SensorSelection.idl\n'}
[0.939274] (px4_msgs) StdoutLine: {'line': b'-- Up-to-date: /home/nicolas/ws_ros2/install/px4_msgs/share/px4_msgs/msg/SensorUwb.idl\n'}
[0.939305] (px4_msgs) StdoutLine: {'line': b'-- Up-to-date: /home/nicolas/ws_ros2/install/px4_msgs/share/px4_msgs/msg/SensorsStatus.idl\n'}
[0.939336] (px4_msgs) StdoutLine: {'line': b'-- Up-to-date: /home/nicolas/ws_ros2/install/px4_msgs/share/px4_msgs/msg/SensorsStatusImu.idl\n'}
[0.939368] (px4_msgs) StdoutLine: {'line': b'-- Up-to-date: /home/nicolas/ws_ros2/install/px4_msgs/share/px4_msgs/msg/SystemPower.idl\n'}
[0.939401] (px4_msgs) StdoutLine: {'line': b'-- Up-to-date: /home/nicolas/ws_ros2/install/px4_msgs/share/px4_msgs/msg/TakeoffStatus.idl\n'}
[0.939435] (px4_msgs) StdoutLine: {'line': b'-- Up-to-date: /home/nicolas/ws_ros2/install/px4_msgs/share/px4_msgs/msg/TaskStackInfo.idl\n'}
[0.939469] (px4_msgs) StdoutLine: {'line': b'-- Up-to-date: /home/nicolas/ws_ros2/install/px4_msgs/share/px4_msgs/msg/TecsStatus.idl\n'}
[0.939502] (px4_msgs) StdoutLine: {'line': b'-- Up-to-date: /home/nicolas/ws_ros2/install/px4_msgs/share/px4_msgs/msg/TelemetryStatus.idl\n'}
[0.939535] (px4_msgs) StdoutLine: {'line': b'-- Up-to-date: /home/nicolas/ws_ros2/install/px4_msgs/share/px4_msgs/msg/TiltrotorExtraControls.idl\n'}
[0.939569] (px4_msgs) StdoutLine: {'line': b'-- Up-to-date: /home/nicolas/ws_ros2/install/px4_msgs/share/px4_msgs/msg/TimesyncStatus.idl\n'}
[0.939602] (px4_msgs) StdoutLine: {'line': b'-- Up-to-date: /home/nicolas/ws_ros2/install/px4_msgs/share/px4_msgs/msg/TrajectorySetpoint.idl\n'}
[0.939635] (px4_msgs) StdoutLine: {'line': b'-- Up-to-date: /home/nicolas/ws_ros2/install/px4_msgs/share/px4_msgs/msg/TrajectorySetpoint6dof.idl\n'}
[0.939668] (px4_msgs) StdoutLine: {'line': b'-- Up-to-date: /home/nicolas/ws_ros2/install/px4_msgs/share/px4_msgs/msg/TransponderReport.idl\n'}
[0.939701] (px4_msgs) StdoutLine: {'line': b'-- Up-to-date: /home/nicolas/ws_ros2/install/px4_msgs/share/px4_msgs/msg/TuneControl.idl\n'}
[0.939735] (px4_msgs) StdoutLine: {'line': b'-- Up-to-date: /home/nicolas/ws_ros2/install/px4_msgs/share/px4_msgs/msg/UavcanParameterRequest.idl\n'}
[0.939794] (px4_msgs) StdoutLine: {'line': b'-- Up-to-date: /home/nicolas/ws_ros2/install/px4_msgs/share/px4_msgs/msg/UavcanParameterValue.idl\n'}
[0.939826] (px4_msgs) StdoutLine: {'line': b'-- Up-to-date: /home/nicolas/ws_ros2/install/px4_msgs/share/px4_msgs/msg/UlogStream.idl\n'}
[0.939859] (px4_msgs) StdoutLine: {'line': b'-- Up-to-date: /home/nicolas/ws_ros2/install/px4_msgs/share/px4_msgs/msg/UlogStreamAck.idl\n'}
[0.939894] (px4_msgs) StdoutLine: {'line': b'-- Up-to-date: /home/nicolas/ws_ros2/install/px4_msgs/share/px4_msgs/msg/UnregisterExtComponent.idl\n'}
[0.939932] (px4_msgs) StdoutLine: {'line': b'-- Up-to-date: /home/nicolas/ws_ros2/install/px4_msgs/share/px4_msgs/msg/VehicleAcceleration.idl\n'}
[0.939986] (px4_msgs) StdoutLine: {'line': b'-- Up-to-date: /home/nicolas/ws_ros2/install/px4_msgs/share/px4_msgs/msg/VehicleAirData.idl\n'}
[0.940017] (px4_msgs) StdoutLine: {'line': b'-- Up-to-date: /home/nicolas/ws_ros2/install/px4_msgs/share/px4_msgs/msg/VehicleAngularAccelerationSetpoint.idl\n'}
[0.940047] (px4_msgs) StdoutLine: {'line': b'-- Up-to-date: /home/nicolas/ws_ros2/install/px4_msgs/share/px4_msgs/msg/VehicleAngularVelocity.idl\n'}
[0.940077] (px4_msgs) StdoutLine: {'line': b'-- Up-to-date: /home/nicolas/ws_ros2/install/px4_msgs/share/px4_msgs/msg/VehicleAttitude.idl\n'}
[0.940107] (px4_msgs) StdoutLine: {'line': b'-- Up-to-date: /home/nicolas/ws_ros2/install/px4_msgs/share/px4_msgs/msg/VehicleAttitudeSetpoint.idl\n'}
[0.940145] (px4_msgs) StdoutLine: {'line': b'-- Up-to-date: /home/nicolas/ws_ros2/install/px4_msgs/share/px4_msgs/msg/VehicleCommand.idl\n'}
[0.940175] (px4_msgs) StdoutLine: {'line': b'-- Up-to-date: /home/nicolas/ws_ros2/install/px4_msgs/share/px4_msgs/msg/VehicleCommandAck.idl\n'}
[0.940209] (px4_msgs) StdoutLine: {'line': b'-- Up-to-date: /home/nicolas/ws_ros2/install/px4_msgs/share/px4_msgs/msg/VehicleConstraints.idl\n'}
[0.940242] (px4_msgs) StdoutLine: {'line': b'-- Up-to-date: /home/nicolas/ws_ros2/install/px4_msgs/share/px4_msgs/msg/VehicleControlMode.idl\n'}
[0.940275] (px4_msgs) StdoutLine: {'line': b'-- Up-to-date: /home/nicolas/ws_ros2/install/px4_msgs/share/px4_msgs/msg/VehicleGlobalPosition.idl\n'}
[0.940308] (px4_msgs) StdoutLine: {'line': b'-- Up-to-date: /home/nicolas/ws_ros2/install/px4_msgs/share/px4_msgs/msg/VehicleImu.idl\n'}
[0.940341] (px4_msgs) StdoutLine: {'line': b'-- Up-to-date: /home/nicolas/ws_ros2/install/px4_msgs/share/px4_msgs/msg/VehicleImuStatus.idl\n'}
[0.940373] (px4_msgs) StdoutLine: {'line': b'-- Up-to-date: /home/nicolas/ws_ros2/install/px4_msgs/share/px4_msgs/msg/VehicleLandDetected.idl\n'}
[0.940405] (px4_msgs) StdoutLine: {'line': b'-- Up-to-date: /home/nicolas/ws_ros2/install/px4_msgs/share/px4_msgs/msg/VehicleLocalPosition.idl\n'}
[0.940437] (px4_msgs) StdoutLine: {'line': b'-- Up-to-date: /home/nicolas/ws_ros2/install/px4_msgs/share/px4_msgs/msg/VehicleLocalPositionSetpoint.idl\n'}
[0.940470] (px4_msgs) StdoutLine: {'line': b'-- Up-to-date: /home/nicolas/ws_ros2/install/px4_msgs/share/px4_msgs/msg/VehicleMagnetometer.idl\n'}
[0.940502] (px4_msgs) StdoutLine: {'line': b'-- Up-to-date: /home/nicolas/ws_ros2/install/px4_msgs/share/px4_msgs/msg/VehicleOdometry.idl\n'}
[0.940535] (px4_msgs) StdoutLine: {'line': b'-- Up-to-date: /home/nicolas/ws_ros2/install/px4_msgs/share/px4_msgs/msg/VehicleOpticalFlow.idl\n'}
[0.940568] (px4_msgs) StdoutLine: {'line': b'-- Up-to-date: /home/nicolas/ws_ros2/install/px4_msgs/share/px4_msgs/msg/VehicleOpticalFlowVel.idl\n'}
[0.940601] (px4_msgs) StdoutLine: {'line': b'-- Up-to-date: /home/nicolas/ws_ros2/install/px4_msgs/share/px4_msgs/msg/VehicleRatesSetpoint.idl\n'}
[0.940633] (px4_msgs) StdoutLine: {'line': b'-- Up-to-date: /home/nicolas/ws_ros2/install/px4_msgs/share/px4_msgs/msg/VehicleRoi.idl\n'}
[0.940665] (px4_msgs) StdoutLine: {'line': b'-- Up-to-date: /home/nicolas/ws_ros2/install/px4_msgs/share/px4_msgs/msg/VehicleStatus.idl\n'}
[0.940698] (px4_msgs) StdoutLine: {'line': b'-- Up-to-date: /home/nicolas/ws_ros2/install/px4_msgs/share/px4_msgs/msg/VehicleThrustSetpoint.idl\n'}
[0.940731] (px4_msgs) StdoutLine: {'line': b'-- Up-to-date: /home/nicolas/ws_ros2/install/px4_msgs/share/px4_msgs/msg/VehicleTorqueSetpoint.idl\n'}
[0.940790] (px4_msgs) StdoutLine: {'line': b'-- Up-to-date: /home/nicolas/ws_ros2/install/px4_msgs/share/px4_msgs/msg/VelocityLimits.idl\n'}
[0.940821] (px4_msgs) StdoutLine: {'line': b'-- Up-to-date: /home/nicolas/ws_ros2/install/px4_msgs/share/px4_msgs/msg/VtolVehicleStatus.idl\n'}
[0.940858] (px4_msgs) StdoutLine: {'line': b'-- Up-to-date: /home/nicolas/ws_ros2/install/px4_msgs/share/px4_msgs/msg/WheelEncoders.idl\n'}
[0.940890] (px4_msgs) StdoutLine: {'line': b'-- Up-to-date: /home/nicolas/ws_ros2/install/px4_msgs/share/px4_msgs/msg/Wind.idl\n'}
[0.940923] (px4_msgs) StdoutLine: {'line': b'-- Up-to-date: /home/nicolas/ws_ros2/install/px4_msgs/share/px4_msgs/msg/YawEstimatorStatus.idl\n'}
[0.940959] (px4_msgs) StdoutLine: {'line': b'-- Up-to-date: /home/nicolas/ws_ros2/install/px4_msgs/share/px4_msgs/srv/VehicleCommand.idl\n'}
[0.940993] (px4_msgs) StdoutLine: {'line': b'-- Up-to-date: /home/nicolas/ws_ros2/install/px4_msgs/share/px4_msgs/msg/ActionRequest.msg\n'}
[0.941026] (px4_msgs) StdoutLine: {'line': b'-- Up-to-date: /home/nicolas/ws_ros2/install/px4_msgs/share/px4_msgs/msg/ActuatorArmed.msg\n'}
[0.941062] (px4_msgs) StdoutLine: {'line': b'-- Up-to-date: /home/nicolas/ws_ros2/install/px4_msgs/share/px4_msgs/msg/ActuatorControlsStatus.msg\n'}
[0.941098] (px4_msgs) StdoutLine: {'line': b'-- Up-to-date: /home/nicolas/ws_ros2/install/px4_msgs/share/px4_msgs/msg/ActuatorMotors.msg\n'}
[0.941135] (px4_msgs) StdoutLine: {'line': b'-- Up-to-date: /home/nicolas/ws_ros2/install/px4_msgs/share/px4_msgs/msg/ActuatorOutputs.msg\n'}
[0.941171] (px4_msgs) StdoutLine: {'line': b'-- Up-to-date: /home/nicolas/ws_ros2/install/px4_msgs/share/px4_msgs/msg/ActuatorServos.msg\n'}
[0.941205] (px4_msgs) StdoutLine: {'line': b'-- Up-to-date: /home/nicolas/ws_ros2/install/px4_msgs/share/px4_msgs/msg/ActuatorServosTrim.msg\n'}
[0.941239] (px4_msgs) StdoutLine: {'line': b'-- Up-to-date: /home/nicolas/ws_ros2/install/px4_msgs/share/px4_msgs/msg/ActuatorTest.msg\n'}
[0.941273] (px4_msgs) StdoutLine: {'line': b'-- Up-to-date: /home/nicolas/ws_ros2/install/px4_msgs/share/px4_msgs/msg/AdcReport.msg\n'}
[0.941307] (px4_msgs) StdoutLine: {'line': b'-- Up-to-date: /home/nicolas/ws_ros2/install/px4_msgs/share/px4_msgs/msg/Airspeed.msg\n'}
[0.941380] (px4_msgs) StdoutLine: {'line': b'-- Up-to-date: /home/nicolas/ws_ros2/install/px4_msgs/share/px4_msgs/msg/AirspeedValidated.msg\n'}
[0.941417] (px4_msgs) StdoutLine: {'line': b'-- Up-to-date: /home/nicolas/ws_ros2/install/px4_msgs/share/px4_msgs/msg/AirspeedWind.msg\n'}
[0.941527] (px4_msgs) StdoutLine: {'line': b'-- Up-to-date: /home/nicolas/ws_ros2/install/px4_msgs/share/px4_msgs/msg/ArmingCheckReply.msg\n'}
[0.941749] (px4_msgs) StdoutLine: {'line': b'-- Up-to-date: /home/nicolas/ws_ros2/install/px4_msgs/share/px4_msgs/msg/ArmingCheckRequest.msg\n'}
[0.942014] (px4_msgs) StdoutLine: {'line': b'-- Up-to-date: /home/nicolas/ws_ros2/install/px4_msgs/share/px4_msgs/msg/AutotuneAttitudeControlStatus.msg\n'}
[0.942444] (px4_msgs) StdoutLine: {'line': b'-- Up-to-date: /home/nicolas/ws_ros2/install/px4_msgs/share/px4_msgs/msg/BatteryInfo.msg\n'}
[0.942596] (px4_msgs) StdoutLine: {'line': b'-- Up-to-date: /home/nicolas/ws_ros2/install/px4_msgs/share/px4_msgs/msg/BatteryStatus.msg\n'}
[0.942830] (px4_msgs) StdoutLine: {'line': b'-- Up-to-date: /home/nicolas/ws_ros2/install/px4_msgs/share/px4_msgs/msg/ButtonEvent.msg\n'}
[0.943095] (px4_msgs) StdoutLine: {'line': b'-- Up-to-date: /home/nicolas/ws_ros2/install/px4_msgs/share/px4_msgs/msg/CameraCapture.msg\n'}
[0.943530] (px4_msgs) StdoutLine: {'line': b'-- Up-to-date: /home/nicolas/ws_ros2/install/px4_msgs/share/px4_msgs/msg/CameraStatus.msg\n'}
[0.943687] (px4_msgs) StdoutLine: {'line': b'-- Up-to-date: /home/nicolas/ws_ros2/install/px4_msgs/share/px4_msgs/msg/CameraTrigger.msg\n'}
[0.943935] (px4_msgs) StdoutLine: {'line': b'-- Up-to-date: /home/nicolas/ws_ros2/install/px4_msgs/share/px4_msgs/msg/CanInterfaceStatus.msg\n'}
[0.944226] (px4_msgs) StdoutLine: {'line': b'-- Up-to-date: /home/nicolas/ws_ros2/install/px4_msgs/share/px4_msgs/msg/CellularStatus.msg\n'}
[0.944653] (px4_msgs) StdoutLine: {'line': b'-- Up-to-date: /home/nicolas/ws_ros2/install/px4_msgs/share/px4_msgs/msg/CollisionConstraints.msg\n'}
[0.944809] (px4_msgs) StdoutLine: {'line': b'-- Up-to-date: /home/nicolas/ws_ros2/install/px4_msgs/share/px4_msgs/msg/ConfigOverrides.msg\n'}
[0.945038] (px4_msgs) StdoutLine: {'line': b'-- Up-to-date: /home/nicolas/ws_ros2/install/px4_msgs/share/px4_msgs/msg/ControlAllocatorStatus.msg\n'}
[0.945410] (px4_msgs) StdoutLine: {'line': b'-- Up-to-date: /home/nicolas/ws_ros2/install/px4_msgs/share/px4_msgs/msg/Cpuload.msg\n'}
[0.945844] (px4_msgs) StdoutLine: {'line': b'-- Up-to-date: /home/nicolas/ws_ros2/install/px4_msgs/share/px4_msgs/msg/DatamanRequest.msg\n'}
[0.946358] (px4_msgs) StdoutLine: {'line': b'-- Up-to-date: /home/nicolas/ws_ros2/install/px4_msgs/share/px4_msgs/msg/DatamanResponse.msg\n'}
[0.946450] (px4_msgs) StdoutLine: {'line': b'-- Up-to-date: /home/nicolas/ws_ros2/install/px4_msgs/share/px4_msgs/msg/DebugArray.msg\n'}
[0.946927] (px4_msgs) StdoutLine: {'line': b'-- Up-to-date: /home/nicolas/ws_ros2/install/px4_msgs/share/px4_msgs/msg/DebugKeyValue.msg\n'}
[0.947208] (px4_msgs) StdoutLine: {'line': b'-- Up-to-date: /home/nicolas/ws_ros2/install/px4_msgs/share/px4_msgs/msg/DebugValue.msg\n'}
[0.947443] (px4_msgs) StdoutLine: {'line': b'-- Up-to-date: /home/nicolas/ws_ros2/install/px4_msgs/share/px4_msgs/msg/DebugVect.msg\n'}
[0.947678] (px4_msgs) StdoutLine: {'line': b'-- Up-to-date: /home/nicolas/ws_ros2/install/px4_msgs/share/px4_msgs/msg/DifferentialPressure.msg\n'}
[0.947886] (px4_msgs) StdoutLine: {'line': b'-- Up-to-date: /home/nicolas/ws_ros2/install/px4_msgs/share/px4_msgs/msg/DistanceSensor.msg\n'}
[0.948330] (px4_msgs) StdoutLine: {'line': b'-- Up-to-date: /home/nicolas/ws_ros2/install/px4_msgs/share/px4_msgs/msg/DistanceSensorModeChangeRequest.msg\n'}
[0.948566] (px4_msgs) StdoutLine: {'line': b'-- Up-to-date: /home/nicolas/ws_ros2/install/px4_msgs/share/px4_msgs/msg/DronecanNodeStatus.msg\n'}
[0.948724] (px4_msgs) StdoutLine: {'line': b'-- Up-to-date: /home/nicolas/ws_ros2/install/px4_msgs/share/px4_msgs/msg/Ekf2Timestamps.msg\n'}
[0.949039] (px4_msgs) StdoutLine: {'line': b'-- Up-to-date: /home/nicolas/ws_ros2/install/px4_msgs/share/px4_msgs/msg/EscReport.msg\n'}
[0.949386] (px4_msgs) StdoutLine: {'line': b'-- Up-to-date: /home/nicolas/ws_ros2/install/px4_msgs/share/px4_msgs/msg/EscStatus.msg\n'}
[0.949585] (px4_msgs) StdoutLine: {'line': b'-- Up-to-date: /home/nicolas/ws_ros2/install/px4_msgs/share/px4_msgs/msg/EstimatorAidSource1d.msg\n'}
[0.949808] (px4_msgs) StdoutLine: {'line': b'-- Up-to-date: /home/nicolas/ws_ros2/install/px4_msgs/share/px4_msgs/msg/EstimatorAidSource2d.msg\n'}
[0.950071] (px4_msgs) StdoutLine: {'line': b'-- Up-to-date: /home/nicolas/ws_ros2/install/px4_msgs/share/px4_msgs/msg/EstimatorAidSource3d.msg\n'}
[0.950508] (px4_msgs) StdoutLine: {'line': b'-- Up-to-date: /home/nicolas/ws_ros2/install/px4_msgs/share/px4_msgs/msg/EstimatorBias.msg\n'}
[0.950671] (px4_msgs) StdoutLine: {'line': b'-- Up-to-date: /home/nicolas/ws_ros2/install/px4_msgs/share/px4_msgs/msg/EstimatorBias3d.msg\n'}
[0.950896] (px4_msgs) StdoutLine: {'line': b'-- Up-to-date: /home/nicolas/ws_ros2/install/px4_msgs/share/px4_msgs/msg/EstimatorEventFlags.msg\n'}
[0.951159] (px4_msgs) StdoutLine: {'line': b'-- Up-to-date: /home/nicolas/ws_ros2/install/px4_msgs/share/px4_msgs/msg/EstimatorGpsStatus.msg\n'}
[0.951598] (px4_msgs) StdoutLine: {'line': b'-- Up-to-date: /home/nicolas/ws_ros2/install/px4_msgs/share/px4_msgs/msg/EstimatorInnovations.msg\n'}
[0.951758] (px4_msgs) StdoutLine: {'line': b'-- Up-to-date: /home/nicolas/ws_ros2/install/px4_msgs/share/px4_msgs/msg/EstimatorSelectorStatus.msg\n'}
[0.951990] (px4_msgs) StdoutLine: {'line': b'-- Up-to-date: /home/nicolas/ws_ros2/install/px4_msgs/share/px4_msgs/msg/EstimatorSensorBias.msg\n'}
[0.952255] (px4_msgs) StdoutLine: {'line': b'-- Up-to-date: /home/nicolas/ws_ros2/install/px4_msgs/share/px4_msgs/msg/EstimatorStates.msg\n'}
[0.952672] (px4_msgs) StdoutLine: {'line': b'-- Up-to-date: /home/nicolas/ws_ros2/install/px4_msgs/share/px4_msgs/msg/EstimatorStatus.msg\n'}
[0.952845] (px4_msgs) StdoutLine: {'line': b'-- Up-to-date: /home/nicolas/ws_ros2/install/px4_msgs/share/px4_msgs/msg/EstimatorStatusFlags.msg\n'}
[0.953091] (px4_msgs) StdoutLine: {'line': b'-- Up-to-date: /home/nicolas/ws_ros2/install/px4_msgs/share/px4_msgs/msg/Event.msg\n'}
[0.953337] (px4_msgs) StdoutLine: {'line': b'-- Up-to-date: /home/nicolas/ws_ros2/install/px4_msgs/share/px4_msgs/msg/FailsafeFlags.msg\n'}
[0.953774] (px4_msgs) StdoutLine: {'line': b'-- Up-to-date: /home/nicolas/ws_ros2/install/px4_msgs/share/px4_msgs/msg/FailureDetectorStatus.msg\n'}
[0.954068] (px4_msgs) StdoutLine: {'line': b'-- Up-to-date: /home/nicolas/ws_ros2/install/px4_msgs/share/px4_msgs/msg/FigureEightStatus.msg\n'}
[0.954157] (px4_msgs) StdoutLine: {'line': b'-- Up-to-date: /home/nicolas/ws_ros2/install/px4_msgs/share/px4_msgs/msg/FixedWingLateralGuidanceStatus.msg\n'}
[0.954620] (px4_msgs) StdoutLine: {'line': b'-- Up-to-date: /home/nicolas/ws_ros2/install/px4_msgs/share/px4_msgs/msg/FixedWingLateralSetpoint.msg\n'}
[0.954910] (px4_msgs) StdoutLine: {'line': b'-- Up-to-date: /home/nicolas/ws_ros2/install/px4_msgs/share/px4_msgs/msg/FixedWingLateralStatus.msg\n'}
[0.955130] (px4_msgs) StdoutLine: {'line': b'-- Up-to-date: /home/nicolas/ws_ros2/install/px4_msgs/share/px4_msgs/msg/FixedWingLongitudinalSetpoint.msg\n'}
[0.955366] (px4_msgs) StdoutLine: {'line': b'-- Up-to-date: /home/nicolas/ws_ros2/install/px4_msgs/share/px4_msgs/msg/FixedWingRunwayControl.msg\n'}
[0.955610] (px4_msgs) StdoutLine: {'line': b'-- Up-to-date: /home/nicolas/ws_ros2/install/px4_msgs/share/px4_msgs/msg/FlightPhaseEstimation.msg\n'}
[0.956030] (px4_msgs) StdoutLine: {'line': b'-- Up-to-date: /home/nicolas/ws_ros2/install/px4_msgs/share/px4_msgs/msg/FollowTarget.msg\n'}
[0.956189] (px4_msgs) StdoutLine: {'line': b'-- Up-to-date: /home/nicolas/ws_ros2/install/px4_msgs/share/px4_msgs/msg/FollowTargetEstimator.msg\n'}
[0.956407] (px4_msgs) StdoutLine: {'line': b'-- Up-to-date: /home/nicolas/ws_ros2/install/px4_msgs/share/px4_msgs/msg/FollowTargetStatus.msg\n'}
[0.956658] (px4_msgs) StdoutLine: {'line': b'-- Up-to-date: /home/nicolas/ws_ros2/install/px4_msgs/share/px4_msgs/msg/FuelTankStatus.msg\n'}
[0.957017] (px4_msgs) StdoutLine: {'line': b'-- Up-to-date: /home/nicolas/ws_ros2/install/px4_msgs/share/px4_msgs/msg/GeneratorStatus.msg\n'}
[0.957236] (px4_msgs) StdoutLine: {'line': b'-- Up-to-date: /home/nicolas/ws_ros2/install/px4_msgs/share/px4_msgs/msg/GeofenceResult.msg\n'}
[0.957455] (px4_msgs) StdoutLine: {'line': b'-- Up-to-date: /home/nicolas/ws_ros2/install/px4_msgs/share/px4_msgs/msg/GeofenceStatus.msg\n'}
[0.957709] (px4_msgs) StdoutLine: {'line': b'-- Up-to-date: /home/nicolas/ws_ros2/install/px4_msgs/share/px4_msgs/msg/GimbalControls.msg\n'}
[0.958115] (px4_msgs) StdoutLine: {'line': b'-- Up-to-date: /home/nicolas/ws_ros2/install/px4_msgs/share/px4_msgs/msg/GimbalDeviceAttitudeStatus.msg\n'}
[0.958297] (px4_msgs) StdoutLine: {'line': b'-- Up-to-date: /home/nicolas/ws_ros2/install/px4_msgs/share/px4_msgs/msg/GimbalDeviceInformation.msg\n'}
[0.958517] (px4_msgs) StdoutLine: {'line': b'-- Up-to-date: /home/nicolas/ws_ros2/install/px4_msgs/share/px4_msgs/msg/GimbalDeviceSetAttitude.msg\n'}
[0.958769] (px4_msgs) StdoutLine: {'line': b'-- Up-to-date: /home/nicolas/ws_ros2/install/px4_msgs/share/px4_msgs/msg/GimbalManagerInformation.msg\n'}
[0.959135] (px4_msgs) StdoutLine: {'line': b'-- Up-to-date: /home/nicolas/ws_ros2/install/px4_msgs/share/px4_msgs/msg/GimbalManagerSetAttitude.msg\n'}
[0.959358] (px4_msgs) StdoutLine: {'line': b'-- Up-to-date: /home/nicolas/ws_ros2/install/px4_msgs/share/px4_msgs/msg/GimbalManagerSetManualControl.msg\n'}
[0.959577] (px4_msgs) StdoutLine: {'line': b'-- Up-to-date: /home/nicolas/ws_ros2/install/px4_msgs/share/px4_msgs/msg/GimbalManagerStatus.msg\n'}
[0.959830] (px4_msgs) StdoutLine: {'line': b'-- Up-to-date: /home/nicolas/ws_ros2/install/px4_msgs/share/px4_msgs/msg/GotoSetpoint.msg\n'}
[0.960208] (px4_msgs) StdoutLine: {'line': b'-- Up-to-date: /home/nicolas/ws_ros2/install/px4_msgs/share/px4_msgs/msg/GpioConfig.msg\n'}
[0.960654] (px4_msgs) StdoutLine: {'line': b'-- Up-to-date: /home/nicolas/ws_ros2/install/px4_msgs/share/px4_msgs/msg/GpioIn.msg\n'}
[0.960712] (px4_msgs) StdoutLine: {'line': b'-- Up-to-date: /home/nicolas/ws_ros2/install/px4_msgs/share/px4_msgs/msg/GpioOut.msg\n'}
[0.961076] (px4_msgs) StdoutLine: {'line': b'-- Up-to-date: /home/nicolas/ws_ros2/install/px4_msgs/share/px4_msgs/msg/GpioRequest.msg\n'}
[0.961512] (px4_msgs) StdoutLine: {'line': b'-- Up-to-date: /home/nicolas/ws_ros2/install/px4_msgs/share/px4_msgs/msg/GpsDump.msg\n'}
[0.961673] (px4_msgs) StdoutLine: {'line': b'-- Up-to-date: /home/nicolas/ws_ros2/install/px4_msgs/share/px4_msgs/msg/GpsInjectData.msg\n'}
[0.961902] (px4_msgs) StdoutLine: {'line': b'-- Up-to-date: /home/nicolas/ws_ros2/install/px4_msgs/share/px4_msgs/msg/Gripper.msg\n'}
[0.962167] (px4_msgs) StdoutLine: {'line': b'-- Up-to-date: /home/nicolas/ws_ros2/install/px4_msgs/share/px4_msgs/msg/HealthReport.msg\n'}
[0.962608] (px4_msgs) StdoutLine: {'line': b'-- Up-to-date: /home/nicolas/ws_ros2/install/px4_msgs/share/px4_msgs/msg/HeaterStatus.msg\n'}
[0.962767] (px4_msgs) StdoutLine: {'line': b'-- Up-to-date: /home/nicolas/ws_ros2/install/px4_msgs/share/px4_msgs/msg/HomePosition.msg\n'}
[0.962991] (px4_msgs) StdoutLine: {'line': b'-- Up-to-date: /home/nicolas/ws_ros2/install/px4_msgs/share/px4_msgs/msg/HoverThrustEstimate.msg\n'}
[0.963242] (px4_msgs) StdoutLine: {'line': b'-- Up-to-date: /home/nicolas/ws_ros2/install/px4_msgs/share/px4_msgs/msg/InputRc.msg\n'}
[0.963670] (px4_msgs) StdoutLine: {'line': b'-- Up-to-date: /home/nicolas/ws_ros2/install/px4_msgs/share/px4_msgs/msg/InternalCombustionEngineControl.msg\n'}
[0.963828] (px4_msgs) StdoutLine: {'line': b'-- Up-to-date: /home/nicolas/ws_ros2/install/px4_msgs/share/px4_msgs/msg/InternalCombustionEngineStatus.msg\n'}
[0.964052] (px4_msgs) StdoutLine: {'line': b'-- Up-to-date: /home/nicolas/ws_ros2/install/px4_msgs/share/px4_msgs/msg/IridiumsbdStatus.msg\n'}
[0.964306] (px4_msgs) StdoutLine: {'line': b'-- Up-to-date: /home/nicolas/ws_ros2/install/px4_msgs/share/px4_msgs/msg/IrlockReport.msg\n'}
[0.964736] (px4_msgs) StdoutLine: {'line': b'-- Up-to-date: /home/nicolas/ws_ros2/install/px4_msgs/share/px4_msgs/msg/LandingGear.msg\n'}
[0.964893] (px4_msgs) StdoutLine: {'line': b'-- Up-to-date: /home/nicolas/ws_ros2/install/px4_msgs/share/px4_msgs/msg/LandingGearWheel.msg\n'}
[0.965119] (px4_msgs) StdoutLine: {'line': b'-- Up-to-date: /home/nicolas/ws_ros2/install/px4_msgs/share/px4_msgs/msg/LandingTargetInnovations.msg\n'}
[0.965373] (px4_msgs) StdoutLine: {'line': b'-- Up-to-date: /home/nicolas/ws_ros2/install/px4_msgs/share/px4_msgs/msg/LandingTargetPose.msg\n'}
[0.965776] (px4_msgs) StdoutLine: {'line': b'-- Up-to-date: /home/nicolas/ws_ros2/install/px4_msgs/share/px4_msgs/msg/LateralControlConfiguration.msg\n'}
[0.965962] (px4_msgs) StdoutLine: {'line': b'-- Up-to-date: /home/nicolas/ws_ros2/install/px4_msgs/share/px4_msgs/msg/LaunchDetectionStatus.msg\n'}
[0.966184] (px4_msgs) StdoutLine: {'line': b'-- Up-to-date: /home/nicolas/ws_ros2/install/px4_msgs/share/px4_msgs/msg/LedControl.msg\n'}
[0.966439] (px4_msgs) StdoutLine: {'line': b'-- Up-to-date: /home/nicolas/ws_ros2/install/px4_msgs/share/px4_msgs/msg/LogMessage.msg\n'}
[0.966868] (px4_msgs) StdoutLine: {'line': b'-- Up-to-date: /home/nicolas/ws_ros2/install/px4_msgs/share/px4_msgs/msg/LoggerStatus.msg\n'}
[0.967032] (px4_msgs) StdoutLine: {'line': b'-- Up-to-date: /home/nicolas/ws_ros2/install/px4_msgs/share/px4_msgs/msg/LongitudinalControlConfiguration.msg\n'}
[0.967253] (px4_msgs) StdoutLine: {'line': b'-- Up-to-date: /home/nicolas/ws_ros2/install/px4_msgs/share/px4_msgs/msg/MagWorkerData.msg\n'}
[0.967510] (px4_msgs) StdoutLine: {'line': b'-- Up-to-date: /home/nicolas/ws_ros2/install/px4_msgs/share/px4_msgs/msg/MagnetometerBiasEstimate.msg\n'}
[0.967978] (px4_msgs) StdoutLine: {'line': b'-- Up-to-date: /home/nicolas/ws_ros2/install/px4_msgs/share/px4_msgs/msg/ManualControlSetpoint.msg\n'}
[0.968247] (px4_msgs) StdoutLine: {'line': b'-- Up-to-date: /home/nicolas/ws_ros2/install/px4_msgs/share/px4_msgs/msg/ManualControlSwitches.msg\n'}
[0.968334] (px4_msgs) StdoutLine: {'line': b'-- Up-to-date: /home/nicolas/ws_ros2/install/px4_msgs/share/px4_msgs/msg/MavlinkLog.msg\n'}
[0.968778] (px4_msgs) StdoutLine: {'line': b'-- Up-to-date: /home/nicolas/ws_ros2/install/px4_msgs/share/px4_msgs/msg/MavlinkTunnel.msg\n'}
[0.969085] (px4_msgs) StdoutLine: {'line': b'-- Up-to-date: /home/nicolas/ws_ros2/install/px4_msgs/share/px4_msgs/msg/MessageFormatRequest.msg\n'}
[0.969306] (px4_msgs) StdoutLine: {'line': b'-- Up-to-date: /home/nicolas/ws_ros2/install/px4_msgs/share/px4_msgs/msg/MessageFormatResponse.msg\n'}
[0.969523] (px4_msgs) StdoutLine: {'line': b'-- Up-to-date: /home/nicolas/ws_ros2/install/px4_msgs/share/px4_msgs/msg/Mission.msg\n'}
[0.969781] (px4_msgs) StdoutLine: {'line': b'-- Up-to-date: /home/nicolas/ws_ros2/install/px4_msgs/share/px4_msgs/msg/MissionResult.msg\n'}
[0.970217] (px4_msgs) StdoutLine: {'line': b'-- Up-to-date: /home/nicolas/ws_ros2/install/px4_msgs/share/px4_msgs/msg/ModeCompleted.msg\n'}
[0.970372] (px4_msgs) StdoutLine: {'line': b'-- Up-to-date: /home/nicolas/ws_ros2/install/px4_msgs/share/px4_msgs/msg/MountOrientation.msg\n'}
[0.970592] (px4_msgs) StdoutLine: {'line': b'-- Up-to-date: /home/nicolas/ws_ros2/install/px4_msgs/share/px4_msgs/msg/NavigatorMissionItem.msg\n'}
[0.970847] (px4_msgs) StdoutLine: {'line': b'-- Up-to-date: /home/nicolas/ws_ros2/install/px4_msgs/share/px4_msgs/msg/NavigatorStatus.msg\n'}
[0.971214] (px4_msgs) StdoutLine: {'line': b'-- Up-to-date: /home/nicolas/ws_ros2/install/px4_msgs/share/px4_msgs/msg/NeuralControl.msg\n'}
[0.971441] (px4_msgs) StdoutLine: {'line': b'-- Up-to-date: /home/nicolas/ws_ros2/install/px4_msgs/share/px4_msgs/msg/NormalizedUnsignedSetpoint.msg\n'}
[0.971661] (px4_msgs) StdoutLine: {'line': b'-- Up-to-date: /home/nicolas/ws_ros2/install/px4_msgs/share/px4_msgs/msg/ObstacleDistance.msg\n'}
[0.971914] (px4_msgs) StdoutLine: {'line': b'-- Up-to-date: /home/nicolas/ws_ros2/install/px4_msgs/share/px4_msgs/msg/OffboardControlMode.msg\n'}
[0.972319] (px4_msgs) StdoutLine: {'line': b'-- Up-to-date: /home/nicolas/ws_ros2/install/px4_msgs/share/px4_msgs/msg/OnboardComputerStatus.msg\n'}
[0.972503] (px4_msgs) StdoutLine: {'line': b'-- Up-to-date: /home/nicolas/ws_ros2/install/px4_msgs/share/px4_msgs/msg/OpenDroneIdArmStatus.msg\n'}
[0.972722] (px4_msgs) StdoutLine: {'line': b'-- Up-to-date: /home/nicolas/ws_ros2/install/px4_msgs/share/px4_msgs/msg/OpenDroneIdOperatorId.msg\n'}
[0.972985] (px4_msgs) StdoutLine: {'line': b'-- Up-to-date: /home/nicolas/ws_ros2/install/px4_msgs/share/px4_msgs/msg/OpenDroneIdSelfId.msg\n'}
[0.973413] (px4_msgs) StdoutLine: {'line': b'-- Up-to-date: /home/nicolas/ws_ros2/install/px4_msgs/share/px4_msgs/msg/OpenDroneIdSystem.msg\n'}
[0.973563] (px4_msgs) StdoutLine: {'line': b'-- Up-to-date: /home/nicolas/ws_ros2/install/px4_msgs/share/px4_msgs/msg/OrbTest.msg\n'}
[0.973784] (px4_msgs) StdoutLine: {'line': b'-- Up-to-date: /home/nicolas/ws_ros2/install/px4_msgs/share/px4_msgs/msg/OrbTestLarge.msg\n'}
[0.974054] (px4_msgs) StdoutLine: {'line': b'-- Up-to-date: /home/nicolas/ws_ros2/install/px4_msgs/share/px4_msgs/msg/OrbTestMedium.msg\n'}
[0.974496] (px4_msgs) StdoutLine: {'line': b'-- Up-to-date: /home/nicolas/ws_ros2/install/px4_msgs/share/px4_msgs/msg/OrbitStatus.msg\n'}
[0.974880] (px4_msgs) StdoutLine: {'line': b'-- Up-to-date: /home/nicolas/ws_ros2/install/px4_msgs/share/px4_msgs/msg/ParameterResetRequest.msg\n'}
[0.974948] (px4_msgs) StdoutLine: {'line': b'-- Up-to-date: /home/nicolas/ws_ros2/install/px4_msgs/share/px4_msgs/msg/ParameterSetUsedRequest.msg\n'}
[0.975355] (px4_msgs) StdoutLine: {'line': b'-- Up-to-date: /home/nicolas/ws_ros2/install/px4_msgs/share/px4_msgs/msg/ParameterSetValueRequest.msg\n'}
[0.975667] (px4_msgs) StdoutLine: {'line': b'-- Up-to-date: /home/nicolas/ws_ros2/install/px4_msgs/share/px4_msgs/msg/ParameterSetValueResponse.msg\n'}
[0.975870] (px4_msgs) StdoutLine: {'line': b'-- Up-to-date: /home/nicolas/ws_ros2/install/px4_msgs/share/px4_msgs/msg/ParameterUpdate.msg\n'}
[0.976095] (px4_msgs) StdoutLine: {'line': b'-- Up-to-date: /home/nicolas/ws_ros2/install/px4_msgs/share/px4_msgs/msg/Ping.msg\n'}
[0.976352] (px4_msgs) StdoutLine: {'line': b'-- Up-to-date: /home/nicolas/ws_ros2/install/px4_msgs/share/px4_msgs/msg/PositionControllerLandingStatus.msg\n'}
[0.976783] (px4_msgs) StdoutLine: {'line': b'-- Up-to-date: /home/nicolas/ws_ros2/install/px4_msgs/share/px4_msgs/msg/PositionControllerStatus.msg\n'}
[0.976943] (px4_msgs) StdoutLine: {'line': b'-- Up-to-date: /home/nicolas/ws_ros2/install/px4_msgs/share/px4_msgs/msg/PositionSetpoint.msg\n'}
[0.977165] (px4_msgs) StdoutLine: {'line': b'-- Up-to-date: /home/nicolas/ws_ros2/install/px4_msgs/share/px4_msgs/msg/PositionSetpointTriplet.msg\n'}
[0.977425] (px4_msgs) StdoutLine: {'line': b'-- Up-to-date: /home/nicolas/ws_ros2/install/px4_msgs/share/px4_msgs/msg/PowerButtonState.msg\n'}
[0.977870] (px4_msgs) StdoutLine: {'line': b'-- Up-to-date: /home/nicolas/ws_ros2/install/px4_msgs/share/px4_msgs/msg/PowerMonitor.msg\n'}
[0.978063] (px4_msgs) StdoutLine: {'line': b'-- Up-to-date: /home/nicolas/ws_ros2/install/px4_msgs/share/px4_msgs/msg/PpsCapture.msg\n'}
[0.978271] (px4_msgs) StdoutLine: {'line': b'-- Up-to-date: /home/nicolas/ws_ros2/install/px4_msgs/share/px4_msgs/msg/PurePursuitStatus.msg\n'}
[0.978528] (px4_msgs) StdoutLine: {'line': b'-- Up-to-date: /home/nicolas/ws_ros2/install/px4_msgs/share/px4_msgs/msg/PwmInput.msg\n'}
[0.978974] (px4_msgs) StdoutLine: {'line': b'-- Up-to-date: /home/nicolas/ws_ros2/install/px4_msgs/share/px4_msgs/msg/Px4ioStatus.msg\n'}
[0.979117] (px4_msgs) StdoutLine: {'line': b'-- Up-to-date: /home/nicolas/ws_ros2/install/px4_msgs/share/px4_msgs/msg/QshellReq.msg\n'}
[0.979341] (px4_msgs) StdoutLine: {'line': b'-- Up-to-date: /home/nicolas/ws_ros2/install/px4_msgs/share/px4_msgs/msg/QshellRetval.msg\n'}
[0.979618] (px4_msgs) StdoutLine: {'line': b'-- Up-to-date: /home/nicolas/ws_ros2/install/px4_msgs/share/px4_msgs/msg/RadioStatus.msg\n'}
[0.980012] (px4_msgs) StdoutLine: {'line': b'-- Up-to-date: /home/nicolas/ws_ros2/install/px4_msgs/share/px4_msgs/msg/RateCtrlStatus.msg\n'}
[0.980216] (px4_msgs) StdoutLine: {'line': b'-- Up-to-date: /home/nicolas/ws_ros2/install/px4_msgs/share/px4_msgs/msg/RcChannels.msg\n'}
[0.980428] (px4_msgs) StdoutLine: {'line': b'-- Up-to-date: /home/nicolas/ws_ros2/install/px4_msgs/share/px4_msgs/msg/RcParameterMap.msg\n'}
[0.980683] (px4_msgs) StdoutLine: {'line': b'-- Up-to-date: /home/nicolas/ws_ros2/install/px4_msgs/share/px4_msgs/msg/RegisterExtComponentReply.msg\n'}
[0.981370] (px4_msgs) StdoutLine: {'line': b'-- Up-to-date: /home/nicolas/ws_ros2/install/px4_msgs/share/px4_msgs/msg/RegisterExtComponentRequest.msg\n'}
[0.981558] (px4_msgs) StdoutLine: {'line': b'-- Up-to-date: /home/nicolas/ws_ros2/install/px4_msgs/share/px4_msgs/msg/RoverAttitudeSetpoint.msg\n'}
[0.981795] (px4_msgs) StdoutLine: {'line': b'-- Up-to-date: /home/nicolas/ws_ros2/install/px4_msgs/share/px4_msgs/msg/RoverAttitudeStatus.msg\n'}
[0.982086] (px4_msgs) StdoutLine: {'line': b'-- Up-to-date: /home/nicolas/ws_ros2/install/px4_msgs/share/px4_msgs/msg/RoverPositionSetpoint.msg\n'}
[0.982518] (px4_msgs) StdoutLine: {'line': b'-- Up-to-date: /home/nicolas/ws_ros2/install/px4_msgs/share/px4_msgs/msg/RoverRateSetpoint.msg\n'}
[0.982892] (px4_msgs) StdoutLine: {'line': b'-- Up-to-date: /home/nicolas/ws_ros2/install/px4_msgs/share/px4_msgs/msg/RoverRateStatus.msg\n'}
[0.982993] (px4_msgs) StdoutLine: {'line': b'-- Up-to-date: /home/nicolas/ws_ros2/install/px4_msgs/share/px4_msgs/msg/RoverSpeedSetpoint.msg\n'}
[0.983425] (px4_msgs) StdoutLine: {'line': b'-- Up-to-date: /home/nicolas/ws_ros2/install/px4_msgs/share/px4_msgs/msg/RoverSpeedStatus.msg\n'}
[0.983771] (px4_msgs) StdoutLine: {'line': b'-- Up-to-date: /home/nicolas/ws_ros2/install/px4_msgs/share/px4_msgs/msg/RoverSteeringSetpoint.msg\n'}
[0.983974] (px4_msgs) StdoutLine: {'line': b'-- Up-to-date: /home/nicolas/ws_ros2/install/px4_msgs/share/px4_msgs/msg/RoverThrottleSetpoint.msg\n'}
[0.984197] (px4_msgs) StdoutLine: {'line': b'-- Up-to-date: /home/nicolas/ws_ros2/install/px4_msgs/share/px4_msgs/msg/Rpm.msg\n'}
[0.984455] (px4_msgs) StdoutLine: {'line': b'-- Up-to-date: /home/nicolas/ws_ros2/install/px4_msgs/share/px4_msgs/msg/RtlStatus.msg\n'}
[0.984837] (px4_msgs) StdoutLine: {'line': b'-- Up-to-date: /home/nicolas/ws_ros2/install/px4_msgs/share/px4_msgs/msg/RtlTimeEstimate.msg\n'}
[0.985197] (px4_msgs) StdoutLine: {'line': b'-- Up-to-date: /home/nicolas/ws_ros2/install/px4_msgs/share/px4_msgs/msg/SatelliteInfo.msg\n'}
[0.985337] (px4_msgs) StdoutLine: {'line': b'-- Up-to-date: /home/nicolas/ws_ros2/install/px4_msgs/share/px4_msgs/msg/SensorAccel.msg\n'}
[0.985577] (px4_msgs) StdoutLine: {'line': b'-- Up-to-date: /home/nicolas/ws_ros2/install/px4_msgs/share/px4_msgs/msg/SensorAccelFifo.msg\n'}
[0.986030] (px4_msgs) StdoutLine: {'line': b'-- Up-to-date: /home/nicolas/ws_ros2/install/px4_msgs/share/px4_msgs/msg/SensorAirflow.msg\n'}
[0.986176] (px4_msgs) StdoutLine: {'line': b'-- Up-to-date: /home/nicolas/ws_ros2/install/px4_msgs/share/px4_msgs/msg/SensorBaro.msg\n'}
[0.986396] (px4_msgs) StdoutLine: {'line': b'-- Up-to-date: /home/nicolas/ws_ros2/install/px4_msgs/share/px4_msgs/msg/SensorCombined.msg\n'}
[0.986655] (px4_msgs) StdoutLine: {'line': b'-- Up-to-date: /home/nicolas/ws_ros2/install/px4_msgs/share/px4_msgs/msg/SensorCorrection.msg\n'}
[0.987068] (px4_msgs) StdoutLine: {'line': b'-- Up-to-date: /home/nicolas/ws_ros2/install/px4_msgs/share/px4_msgs/msg/SensorGnssRelative.msg\n'}
[0.987251] (px4_msgs) StdoutLine: {'line': b'-- Up-to-date: /home/nicolas/ws_ros2/install/px4_msgs/share/px4_msgs/msg/SensorGnssStatus.msg\n'}
[0.987471] (px4_msgs) StdoutLine: {'line': b'-- Up-to-date: /home/nicolas/ws_ros2/install/px4_msgs/share/px4_msgs/msg/SensorGps.msg\n'}
[0.987729] (px4_msgs) StdoutLine: {'line': b'-- Up-to-date: /home/nicolas/ws_ros2/install/px4_msgs/share/px4_msgs/msg/SensorGyro.msg\n'}
[0.988099] (px4_msgs) StdoutLine: {'line': b'-- Up-to-date: /home/nicolas/ws_ros2/install/px4_msgs/share/px4_msgs/msg/SensorGyroFft.msg\n'}
[0.988331] (px4_msgs) StdoutLine: {'line': b'-- Up-to-date: /home/nicolas/ws_ros2/install/px4_msgs/share/px4_msgs/msg/SensorGyroFifo.msg\n'}
[0.988545] (px4_msgs) StdoutLine: {'line': b'-- Up-to-date: /home/nicolas/ws_ros2/install/px4_msgs/share/px4_msgs/msg/SensorHygrometer.msg\n'}
[0.988805] (px4_msgs) StdoutLine: {'line': b'-- Up-to-date: /home/nicolas/ws_ros2/install/px4_msgs/share/px4_msgs/msg/SensorMag.msg\n'}
[0.989191] (px4_msgs) StdoutLine: {'line': b'-- Up-to-date: /home/nicolas/ws_ros2/install/px4_msgs/share/px4_msgs/msg/SensorOpticalFlow.msg\n'}
[0.989560] (px4_msgs) StdoutLine: {'line': b'-- Up-to-date: /home/nicolas/ws_ros2/install/px4_msgs/share/px4_msgs/msg/SensorPreflightMag.msg\n'}
[0.989654] (px4_msgs) StdoutLine: {'line': b'-- Up-to-date: /home/nicolas/ws_ros2/install/px4_msgs/share/px4_msgs/msg/SensorSelection.msg\n'}
[0.990045] (px4_msgs) StdoutLine: {'line': b'-- Up-to-date: /home/nicolas/ws_ros2/install/px4_msgs/share/px4_msgs/msg/SensorUwb.msg\n'}
[0.990420] (px4_msgs) StdoutLine: {'line': b'-- Up-to-date: /home/nicolas/ws_ros2/install/px4_msgs/share/px4_msgs/msg/SensorsStatus.msg\n'}
[0.990637] (px4_msgs) StdoutLine: {'line': b'-- Up-to-date: /home/nicolas/ws_ros2/install/px4_msgs/share/px4_msgs/msg/SensorsStatusImu.msg\n'}
[0.990868] (px4_msgs) StdoutLine: {'line': b'-- Up-to-date: /home/nicolas/ws_ros2/install/px4_msgs/share/px4_msgs/msg/SystemPower.msg\n'}
[0.991131] (px4_msgs) StdoutLine: {'line': b'-- Up-to-date: /home/nicolas/ws_ros2/install/px4_msgs/share/px4_msgs/msg/TakeoffStatus.msg\n'}
[0.991535] (px4_msgs) StdoutLine: {'line': b'-- Up-to-date: /home/nicolas/ws_ros2/install/px4_msgs/share/px4_msgs/msg/TaskStackInfo.msg\n'}
[0.991717] (px4_msgs) StdoutLine: {'line': b'-- Up-to-date: /home/nicolas/ws_ros2/install/px4_msgs/share/px4_msgs/msg/TecsStatus.msg\n'}
[0.991955] (px4_msgs) StdoutLine: {'line': b'-- Up-to-date: /home/nicolas/ws_ros2/install/px4_msgs/share/px4_msgs/msg/TelemetryStatus.msg\n'}
[0.992205] (px4_msgs) StdoutLine: {'line': b'-- Up-to-date: /home/nicolas/ws_ros2/install/px4_msgs/share/px4_msgs/msg/TiltrotorExtraControls.msg\n'}
[0.992610] (px4_msgs) StdoutLine: {'line': b'-- Up-to-date: /home/nicolas/ws_ros2/install/px4_msgs/share/px4_msgs/msg/TimesyncStatus.msg\n'}
[0.992793] (px4_msgs) StdoutLine: {'line': b'-- Up-to-date: /home/nicolas/ws_ros2/install/px4_msgs/share/px4_msgs/msg/TrajectorySetpoint.msg\n'}
[0.993026] (px4_msgs) StdoutLine: {'line': b'-- Up-to-date: /home/nicolas/ws_ros2/install/px4_msgs/share/px4_msgs/msg/TrajectorySetpoint6dof.msg\n'}
[0.993286] (px4_msgs) StdoutLine: {'line': b'-- Up-to-date: /home/nicolas/ws_ros2/install/px4_msgs/share/px4_msgs/msg/TransponderReport.msg\n'}
[0.993705] (px4_msgs) StdoutLine: {'line': b'-- Up-to-date: /home/nicolas/ws_ros2/install/px4_msgs/share/px4_msgs/msg/TuneControl.msg\n'}
[0.993880] (px4_msgs) StdoutLine: {'line': b'-- Up-to-date: /home/nicolas/ws_ros2/install/px4_msgs/share/px4_msgs/msg/UavcanParameterRequest.msg\n'}
[0.994117] (px4_msgs) StdoutLine: {'line': b'-- Up-to-date: /home/nicolas/ws_ros2/install/px4_msgs/share/px4_msgs/msg/UavcanParameterValue.msg\n'}
[0.994378] (px4_msgs) StdoutLine: {'line': b'-- Up-to-date: /home/nicolas/ws_ros2/install/px4_msgs/share/px4_msgs/msg/UlogStream.msg\n'}
[0.994788] (px4_msgs) StdoutLine: {'line': b'-- Up-to-date: /home/nicolas/ws_ros2/install/px4_msgs/share/px4_msgs/msg/UlogStreamAck.msg\n'}
[0.994977] (px4_msgs) StdoutLine: {'line': b'-- Up-to-date: /home/nicolas/ws_ros2/install/px4_msgs/share/px4_msgs/msg/UnregisterExtComponent.msg\n'}
[0.995198] (px4_msgs) StdoutLine: {'line': b'-- Up-to-date: /home/nicolas/ws_ros2/install/px4_msgs/share/px4_msgs/msg/VehicleAcceleration.msg\n'}
[0.995459] (px4_msgs) StdoutLine: {'line': b'-- Up-to-date: /home/nicolas/ws_ros2/install/px4_msgs/share/px4_msgs/msg/VehicleAirData.msg\n'}
[0.995864] (px4_msgs) StdoutLine: {'line': b'-- Up-to-date: /home/nicolas/ws_ros2/install/px4_msgs/share/px4_msgs/msg/VehicleAngularAccelerationSetpoint.msg\n'}
[0.996100] (px4_msgs) StdoutLine: {'line': b'-- Up-to-date: /home/nicolas/ws_ros2/install/px4_msgs/share/px4_msgs/msg/VehicleAngularVelocity.msg\n'}
[0.996322] (px4_msgs) StdoutLine: {'line': b'-- Up-to-date: /home/nicolas/ws_ros2/install/px4_msgs/share/px4_msgs/msg/VehicleAttitude.msg\n'}
[0.996546] (px4_msgs) StdoutLine: {'line': b'-- Up-to-date: /home/nicolas/ws_ros2/install/px4_msgs/share/px4_msgs/msg/VehicleAttitudeSetpoint.msg\n'}
[0.997031] (px4_msgs) StdoutLine: {'line': b'-- Up-to-date: /home/nicolas/ws_ros2/install/px4_msgs/share/px4_msgs/msg/VehicleCommand.msg\n'}
[0.997336] (px4_msgs) StdoutLine: {'line': b'-- Up-to-date: /home/nicolas/ws_ros2/install/px4_msgs/share/px4_msgs/msg/VehicleCommandAck.msg\n'}
[0.997463] (px4_msgs) StdoutLine: {'line': b'-- Up-to-date: /home/nicolas/ws_ros2/install/px4_msgs/share/px4_msgs/msg/VehicleConstraints.msg\n'}
[0.997781] (px4_msgs) StdoutLine: {'line': b'-- Up-to-date: /home/nicolas/ws_ros2/install/px4_msgs/share/px4_msgs/msg/VehicleControlMode.msg\n'}
[0.998148] (px4_msgs) StdoutLine: {'line': b'-- Up-to-date: /home/nicolas/ws_ros2/install/px4_msgs/share/px4_msgs/msg/VehicleGlobalPosition.msg\n'}
[0.998374] (px4_msgs) StdoutLine: {'line': b'-- Up-to-date: /home/nicolas/ws_ros2/install/px4_msgs/share/px4_msgs/msg/VehicleImu.msg\n'}
[0.998594] (px4_msgs) StdoutLine: {'line': b'-- Up-to-date: /home/nicolas/ws_ros2/install/px4_msgs/share/px4_msgs/msg/VehicleImuStatus.msg\n'}
[0.998861] (px4_msgs) StdoutLine: {'line': b'-- Up-to-date: /home/nicolas/ws_ros2/install/px4_msgs/share/px4_msgs/msg/VehicleLandDetected.msg\n'}
[0.999241] (px4_msgs) StdoutLine: {'line': b'-- Up-to-date: /home/nicolas/ws_ros2/install/px4_msgs/share/px4_msgs/msg/VehicleLocalPosition.msg\n'}
[0.999463] (px4_msgs) StdoutLine: {'line': b'-- Up-to-date: /home/nicolas/ws_ros2/install/px4_msgs/share/px4_msgs/msg/VehicleLocalPositionSetpoint.msg\n'}
[0.999686] (px4_msgs) StdoutLine: {'line': b'-- Up-to-date: /home/nicolas/ws_ros2/install/px4_msgs/share/px4_msgs/msg/VehicleMagnetometer.msg\n'}
[0.999944] (px4_msgs) StdoutLine: {'line': b'-- Up-to-date: /home/nicolas/ws_ros2/install/px4_msgs/share/px4_msgs/msg/VehicleOdometry.msg\n'}
[1.000319] (px4_msgs) StdoutLine: {'line': b'-- Up-to-date: /home/nicolas/ws_ros2/install/px4_msgs/share/px4_msgs/msg/VehicleOpticalFlow.msg\n'}
[1.000538] (px4_msgs) StdoutLine: {'line': b'-- Up-to-date: /home/nicolas/ws_ros2/install/px4_msgs/share/px4_msgs/msg/VehicleOpticalFlowVel.msg\n'}
[1.000765] (px4_msgs) StdoutLine: {'line': b'-- Up-to-date: /home/nicolas/ws_ros2/install/px4_msgs/share/px4_msgs/msg/VehicleRatesSetpoint.msg\n'}
[1.001031] (px4_msgs) StdoutLine: {'line': b'-- Up-to-date: /home/nicolas/ws_ros2/install/px4_msgs/share/px4_msgs/msg/VehicleRoi.msg\n'}
[1.001177] (-) TimerEvent: {}
[1.001398] (px4_msgs) StdoutLine: {'line': b'-- Up-to-date: /home/nicolas/ws_ros2/install/px4_msgs/share/px4_msgs/msg/VehicleStatus.msg\n'}
[1.001624] (px4_msgs) StdoutLine: {'line': b'-- Up-to-date: /home/nicolas/ws_ros2/install/px4_msgs/share/px4_msgs/msg/VehicleThrustSetpoint.msg\n'}
[1.001856] (px4_msgs) StdoutLine: {'line': b'-- Up-to-date: /home/nicolas/ws_ros2/install/px4_msgs/share/px4_msgs/msg/VehicleTorqueSetpoint.msg\n'}
[1.002115] (px4_msgs) StdoutLine: {'line': b'-- Up-to-date: /home/nicolas/ws_ros2/install/px4_msgs/share/px4_msgs/msg/VelocityLimits.msg\n'}
[1.002521] (px4_msgs) StdoutLine: {'line': b'-- Up-to-date: /home/nicolas/ws_ros2/install/px4_msgs/share/px4_msgs/msg/VtolVehicleStatus.msg\n'}
[1.002711] (px4_msgs) StdoutLine: {'line': b'-- Up-to-date: /home/nicolas/ws_ros2/install/px4_msgs/share/px4_msgs/msg/WheelEncoders.msg\n'}
[1.002941] (px4_msgs) StdoutLine: {'line': b'-- Up-to-date: /home/nicolas/ws_ros2/install/px4_msgs/share/px4_msgs/msg/Wind.msg\n'}
[1.003213] (px4_msgs) StdoutLine: {'line': b'-- Up-to-date: /home/nicolas/ws_ros2/install/px4_msgs/share/px4_msgs/msg/YawEstimatorStatus.msg\n'}
[1.003636] (px4_msgs) StdoutLine: {'line': b'-- Up-to-date: /home/nicolas/ws_ros2/install/px4_msgs/share/px4_msgs/srv/VehicleCommand.srv\n'}
[1.003971] (px4_msgs) StdoutLine: {'line': b'-- Up-to-date: /home/nicolas/ws_ros2/install/px4_msgs/share/px4_msgs/srv/VehicleCommand_Request.msg\n'}
[1.004073] (px4_msgs) StdoutLine: {'line': b'-- Up-to-date: /home/nicolas/ws_ros2/install/px4_msgs/share/px4_msgs/srv/VehicleCommand_Response.msg\n'}
[1.004507] (px4_msgs) StdoutLine: {'line': b'-- Up-to-date: /home/nicolas/ws_ros2/install/px4_msgs/share/ament_index/resource_index/package_run_dependencies/px4_msgs\n'}
[1.004843] (px4_msgs) StdoutLine: {'line': b'-- Up-to-date: /home/nicolas/ws_ros2/install/px4_msgs/share/ament_index/resource_index/parent_prefix_path/px4_msgs\n'}
[1.005088] (px4_msgs) StdoutLine: {'line': b'-- Up-to-date: /home/nicolas/ws_ros2/install/px4_msgs/share/px4_msgs/environment/ament_prefix_path.sh\n'}
[1.005317] (px4_msgs) StdoutLine: {'line': b'-- Up-to-date: /home/nicolas/ws_ros2/install/px4_msgs/share/px4_msgs/environment/ament_prefix_path.dsv\n'}
[1.005585] (px4_msgs) StdoutLine: {'line': b'-- Up-to-date: /home/nicolas/ws_ros2/install/px4_msgs/share/px4_msgs/environment/path.sh\n'}
[1.005960] (px4_msgs) StdoutLine: {'line': b'-- Up-to-date: /home/nicolas/ws_ros2/install/px4_msgs/share/px4_msgs/environment/path.dsv\n'}
[1.006180] (px4_msgs) StdoutLine: {'line': b'-- Up-to-date: /home/nicolas/ws_ros2/install/px4_msgs/share/px4_msgs/local_setup.bash\n'}
[1.006406] (px4_msgs) StdoutLine: {'line': b'-- Up-to-date: /home/nicolas/ws_ros2/install/px4_msgs/share/px4_msgs/local_setup.sh\n'}
[1.006669] (px4_msgs) StdoutLine: {'line': b'-- Up-to-date: /home/nicolas/ws_ros2/install/px4_msgs/share/px4_msgs/local_setup.zsh\n'}
[1.007043] (px4_msgs) StdoutLine: {'line': b'-- Up-to-date: /home/nicolas/ws_ros2/install/px4_msgs/share/px4_msgs/local_setup.dsv\n'}
[1.007263] (px4_msgs) StdoutLine: {'line': b'-- Installing: /home/nicolas/ws_ros2/install/px4_msgs/share/px4_msgs/package.dsv\n'}
[1.009248] (px4_msgs) StdoutLine: {'line': b'-- Up-to-date: /home/nicolas/ws_ros2/install/px4_msgs/share/ament_index/resource_index/packages/px4_msgs\n'}
[1.009849] (px4_msgs) StdoutLine: {'line': b'-- Up-to-date: /home/nicolas/ws_ros2/install/px4_msgs/share/px4_msgs/cmake/export_px4_msgs__rosidl_generator_cExport.cmake\n'}
[1.010201] (px4_msgs) StdoutLine: {'line': b'-- Up-to-date: /home/nicolas/ws_ros2/install/px4_msgs/share/px4_msgs/cmake/export_px4_msgs__rosidl_generator_cExport-noconfig.cmake\n'}
[1.010830] (px4_msgs) StdoutLine: {'line': b'-- Up-to-date: /home/nicolas/ws_ros2/install/px4_msgs/share/px4_msgs/cmake/export_px4_msgs__rosidl_typesupport_fastrtps_cExport.cmake\n'}
[1.011029] (px4_msgs) StdoutLine: {'line': b'-- Up-to-date: /home/nicolas/ws_ros2/install/px4_msgs/share/px4_msgs/cmake/export_px4_msgs__rosidl_typesupport_fastrtps_cExport-noconfig.cmake\n'}
[1.011645] (px4_msgs) StdoutLine: {'line': b'-- Up-to-date: /home/nicolas/ws_ros2/install/px4_msgs/share/px4_msgs/cmake/export_px4_msgs__rosidl_generator_cppExport.cmake\n'}
[1.012347] (px4_msgs) StdoutLine: {'line': b'-- Up-to-date: /home/nicolas/ws_ros2/install/px4_msgs/share/px4_msgs/cmake/export_px4_msgs__rosidl_typesupport_fastrtps_cppExport.cmake\n'}
[1.012576] (px4_msgs) StdoutLine: {'line': b'-- Up-to-date: /home/nicolas/ws_ros2/install/px4_msgs/share/px4_msgs/cmake/export_px4_msgs__rosidl_typesupport_fastrtps_cppExport-noconfig.cmake\n'}
[1.013144] (px4_msgs) StdoutLine: {'line': b'-- Up-to-date: /home/nicolas/ws_ros2/install/px4_msgs/share/px4_msgs/cmake/px4_msgs__rosidl_typesupport_introspection_cExport.cmake\n'}
[1.013366] (px4_msgs) StdoutLine: {'line': b'-- Up-to-date: /home/nicolas/ws_ros2/install/px4_msgs/share/px4_msgs/cmake/px4_msgs__rosidl_typesupport_introspection_cExport-noconfig.cmake\n'}
[1.014084] (px4_msgs) StdoutLine: {'line': b'-- Up-to-date: /home/nicolas/ws_ros2/install/px4_msgs/share/px4_msgs/cmake/px4_msgs__rosidl_typesupport_cExport.cmake\n'}
[1.014454] (px4_msgs) StdoutLine: {'line': b'-- Up-to-date: /home/nicolas/ws_ros2/install/px4_msgs/share/px4_msgs/cmake/px4_msgs__rosidl_typesupport_cExport-noconfig.cmake\n'}
[1.014907] (px4_msgs) StdoutLine: {'line': b'-- Up-to-date: /home/nicolas/ws_ros2/install/px4_msgs/share/px4_msgs/cmake/px4_msgs__rosidl_typesupport_introspection_cppExport.cmake\n'}
[1.015311] (px4_msgs) StdoutLine: {'line': b'-- Up-to-date: /home/nicolas/ws_ros2/install/px4_msgs/share/px4_msgs/cmake/px4_msgs__rosidl_typesupport_introspection_cppExport-noconfig.cmake\n'}
[1.015991] (px4_msgs) StdoutLine: {'line': b'-- Up-to-date: /home/nicolas/ws_ros2/install/px4_msgs/share/px4_msgs/cmake/px4_msgs__rosidl_typesupport_cppExport.cmake\n'}
[1.016202] (px4_msgs) StdoutLine: {'line': b'-- Up-to-date: /home/nicolas/ws_ros2/install/px4_msgs/share/px4_msgs/cmake/px4_msgs__rosidl_typesupport_cppExport-noconfig.cmake\n'}
[1.016794] (px4_msgs) StdoutLine: {'line': b'-- Up-to-date: /home/nicolas/ws_ros2/install/px4_msgs/share/px4_msgs/cmake/export_px4_msgs__rosidl_generator_pyExport.cmake\n'}
[1.017028] (px4_msgs) StdoutLine: {'line': b'-- Up-to-date: /home/nicolas/ws_ros2/install/px4_msgs/share/px4_msgs/cmake/export_px4_msgs__rosidl_generator_pyExport-noconfig.cmake\n'}
[1.017425] (px4_msgs) StdoutLine: {'line': b'-- Up-to-date: /home/nicolas/ws_ros2/install/px4_msgs/share/px4_msgs/cmake/rosidl_cmake-extras.cmake\n'}
[1.017633] (px4_msgs) StdoutLine: {'line': b'-- Up-to-date: /home/nicolas/ws_ros2/install/px4_msgs/share/px4_msgs/cmake/ament_cmake_export_dependencies-extras.cmake\n'}
[1.017860] (px4_msgs) StdoutLine: {'line': b'-- Up-to-date: /home/nicolas/ws_ros2/install/px4_msgs/share/px4_msgs/cmake/ament_cmake_export_include_directories-extras.cmake\n'}
[1.018129] (px4_msgs) StdoutLine: {'line': b'-- Up-to-date: /home/nicolas/ws_ros2/install/px4_msgs/share/px4_msgs/cmake/ament_cmake_export_libraries-extras.cmake\n'}
[1.018542] (px4_msgs) StdoutLine: {'line': b'-- Up-to-date: /home/nicolas/ws_ros2/install/px4_msgs/share/px4_msgs/cmake/ament_cmake_export_targets-extras.cmake\n'}
[1.018726] (px4_msgs) StdoutLine: {'line': b'-- Up-to-date: /home/nicolas/ws_ros2/install/px4_msgs/share/px4_msgs/cmake/rosidl_cmake_export_typesupport_targets-extras.cmake\n'}
[1.018955] (px4_msgs) StdoutLine: {'line': b'-- Up-to-date: /home/nicolas/ws_ros2/install/px4_msgs/share/px4_msgs/cmake/rosidl_cmake_export_typesupport_libraries-extras.cmake\n'}
[1.019227] (px4_msgs) StdoutLine: {'line': b'-- Up-to-date: /home/nicolas/ws_ros2/install/px4_msgs/share/px4_msgs/cmake/px4_msgsConfig.cmake\n'}
[1.019486] (px4_msgs) StdoutLine: {'line': b'-- Up-to-date: /home/nicolas/ws_ros2/install/px4_msgs/share/px4_msgs/cmake/px4_msgsConfig-version.cmake\n'}
[1.019617] (px4_msgs) StdoutLine: {'line': b'-- Up-to-date: /home/nicolas/ws_ros2/install/px4_msgs/share/px4_msgs/package.xml\n'}
[1.023283] (px4_msgs) CommandEnded: {'returncode': 0}
[1.040517] (px4_msgs) JobEnded: {'identifier': 'px4_msgs', 'rc': 0}
[1.041581] (px4_ros_com) JobStarted: {'identifier': 'px4_ros_com'}
[1.048031] (px4_ros_com) JobProgress: {'identifier': 'px4_ros_com', 'progress': 'cmake'}
[1.049276] (px4_ros_com) JobProgress: {'identifier': 'px4_ros_com', 'progress': 'build'}
[1.049356] (px4_ros_com) Command: {'cmd': ['/usr/bin/cmake', '--build', '/home/nicolas/ws_ros2/build/px4_ros_com', '--', '-j16', '-l16'], 'cwd': '/home/nicolas/ws_ros2/build/px4_ros_com', 'env': OrderedDict([('LESSOPEN', '| /usr/bin/lesspipe %s'), ('USER', 'nicolas'), ('LC_TIME', 'fr_FR.UTF-8'), ('XDG_SESSION_TYPE', 'x11'), ('SHLVL', '1'), ('LD_LIBRARY_PATH', '/home/nicolas/ws_ros2/install/px4_msgs/lib:/opt/ros/humble/opt/rviz_ogre_vendor/lib:/opt/ros/humble/lib/x86_64-linux-gnu:/opt/ros/humble/lib'), ('HOME', '/home/nicolas'), ('OLDPWD', '/home/nicolas'), ('DESKTOP_SESSION', 'ubuntu'), ('ROS_PYTHON_VERSION', '3'), ('GNOME_SHELL_SESSION_MODE', 'ubuntu'), ('GTK_MODULES', 'gail:atk-bridge'), ('LC_MONETARY', 'fr_FR.UTF-8'), ('SYSTEMD_EXEC_PID', '2027'), ('DBUS_SESSION_BUS_ADDRESS', 'unix:path=/run/user/1000/bus'), ('COLORTERM', 'truecolor'), ('ROS_DISTRO', 'humble'), ('GTK_IM_MODULE', 'ibus'), ('LOGNAME', 'nicolas'), ('_', '/usr/bin/colcon'), ('ROS_VERSION', '2'), ('XDG_SESSION_CLASS', 'user'), ('USERNAME', 'nicolas'), ('TERM', 'xterm-256color'), ('GNOME_DESKTOP_SESSION_ID', 'this-is-deprecated'), ('ROS_LOCALHOST_ONLY', '0'), ('WINDOWPATH', '2'), ('PATH', '/opt/ros/humble/bin:/home/nicolas/.local/bin:/usr/local/sbin:/usr/local/bin:/usr/sbin:/usr/bin:/sbin:/bin:/usr/games:/usr/local/games:/snap/bin:/snap/bin:/opt/xtensa-esp-elf/bin/'), ('SESSION_MANAGER', 'local/nicolas-Deputy-P60:@/tmp/.ICE-unix/2004,unix/nicolas-Deputy-P60:/tmp/.ICE-unix/2004'), ('XDG_MENU_PREFIX', 'gnome-'), ('LC_ADDRESS', 'fr_FR.UTF-8'), ('GNOME_TERMINAL_SCREEN', '/org/gnome/Terminal/screen/696021e5_049f_48dd_8a7d_6dc34b7a7d23'), ('XDG_RUNTIME_DIR', '/run/user/1000'), ('DISPLAY', ':1'), ('LANG', 'en_US.UTF-8'), ('XDG_CURRENT_DESKTOP', 'ubuntu:GNOME'), ('LC_TELEPHONE', 'fr_FR.UTF-8'), ('XMODIFIERS', '@im=ibus'), ('XDG_SESSION_DESKTOP', 'ubuntu'), ('XAUTHORITY', '/run/user/1000/gdm/Xauthority'), ('LS_COLORS', 'rs=0:di=01;34:ln=01;36:mh=00:pi=40;33:so=01;35:do=01;35:bd=40;33;01:cd=40;33;01:or=40;31;01:mi=00:su=37;41:sg=30;43:ca=30;41:tw=30;42:ow=34;42:st=37;44:ex=01;32:*.tar=01;31:*.tgz=01;31:*.arc=01;31:*.arj=01;31:*.taz=01;31:*.lha=01;31:*.lz4=01;31:*.lzh=01;31:*.lzma=01;31:*.tlz=01;31:*.txz=01;31:*.tzo=01;31:*.t7z=01;31:*.zip=01;31:*.z=01;31:*.dz=01;31:*.gz=01;31:*.lrz=01;31:*.lz=01;31:*.lzo=01;31:*.xz=01;31:*.zst=01;31:*.tzst=01;31:*.bz2=01;31:*.bz=01;31:*.tbz=01;31:*.tbz2=01;31:*.tz=01;31:*.deb=01;31:*.rpm=01;31:*.jar=01;31:*.war=01;31:*.ear=01;31:*.sar=01;31:*.rar=01;31:*.alz=01;31:*.ace=01;31:*.zoo=01;31:*.cpio=01;31:*.7z=01;31:*.rz=01;31:*.cab=01;31:*.wim=01;31:*.swm=01;31:*.dwm=01;31:*.esd=01;31:*.jpg=01;35:*.jpeg=01;35:*.mjpg=01;35:*.mjpeg=01;35:*.gif=01;35:*.bmp=01;35:*.pbm=01;35:*.pgm=01;35:*.ppm=01;35:*.tga=01;35:*.xbm=01;35:*.xpm=01;35:*.tif=01;35:*.tiff=01;35:*.png=01;35:*.svg=01;35:*.svgz=01;35:*.mng=01;35:*.pcx=01;35:*.mov=01;35:*.mpg=01;35:*.mpeg=01;35:*.m2v=01;35:*.mkv=01;35:*.webm=01;35:*.webp=01;35:*.ogm=01;35:*.mp4=01;35:*.m4v=01;35:*.mp4v=01;35:*.vob=01;35:*.qt=01;35:*.nuv=01;35:*.wmv=01;35:*.asf=01;35:*.rm=01;35:*.rmvb=01;35:*.flc=01;35:*.avi=01;35:*.fli=01;35:*.flv=01;35:*.gl=01;35:*.dl=01;35:*.xcf=01;35:*.xwd=01;35:*.yuv=01;35:*.cgm=01;35:*.emf=01;35:*.ogv=01;35:*.ogx=01;35:*.aac=00;36:*.au=00;36:*.flac=00;36:*.m4a=00;36:*.mid=00;36:*.midi=00;36:*.mka=00;36:*.mp3=00;36:*.mpc=00;36:*.ogg=00;36:*.ra=00;36:*.wav=00;36:*.oga=00;36:*.opus=00;36:*.spx=00;36:*.xspf=00;36:'), ('GNOME_TERMINAL_SERVICE', ':1.145'), ('SSH_AGENT_LAUNCHER', 'gnome-keyring'), ('SSH_AUTH_SOCK', '/run/user/1000/keyring/ssh'), ('AMENT_PREFIX_PATH', '/home/nicolas/ws_ros2/install/px4_msgs:/opt/ros/humble'), ('SHELL', '/bin/bash'), ('LC_NAME', 'fr_FR.UTF-8'), ('QT_ACCESSIBILITY', '1'), ('GDMSESSION', 'ubuntu'), ('LESSCLOSE', '/usr/bin/lesspipe %s %s'), ('LC_MEASUREMENT', 'fr_FR.UTF-8'), ('GPG_AGENT_INFO', '/run/user/1000/gnupg/S.gpg-agent:0:1'), ('LC_IDENTIFICATION', 'fr_FR.UTF-8'), ('QT_IM_MODULE', 'ibus'), ('PWD', '/home/nicolas/ws_ros2/build/px4_ros_com'), ('LC_ALL', 'en_US.UTF-8'), ('XDG_CONFIG_DIRS', '/etc/xdg/xdg-ubuntu:/etc/xdg'), ('XDG_DATA_DIRS', '/usr/share/ubuntu:/usr/share/gnome:/usr/local/share/:/usr/share/:/var/lib/snapd/desktop'), ('PYTHONPATH', '/home/nicolas/ws_ros2/install/px4_msgs/local/lib/python3.10/dist-packages:/opt/ros/humble/lib/python3.10/site-packages:/opt/ros/humble/local/lib/python3.10/dist-packages'), ('LC_NUMERIC', 'fr_FR.UTF-8'), ('LC_PAPER', 'fr_FR.UTF-8'), ('COLCON', '1'), ('VTE_VERSION', '6800'), ('CMAKE_PREFIX_PATH', '/home/nicolas/ws_ros2/install/px4_msgs:/opt/ros/humble')]), 'shell': False}
[1.094308] (px4_ros_com) StdoutLine: {'line': b'[  0%] Built target ament_cmake_python_copy_px4_ros_com\n'}
[1.098403] (px4_ros_com) StdoutLine: {'line': b'[ 16%] Built target frame_transforms\n'}
[1.099204] (px4_ros_com) StdoutLine: {'line': b'[ 33%] Built target debug_vect_advertiser\n'}
[1.099350] (px4_ros_com) StdoutLine: {'line': b'[ 50%] Built target vehicle_gps_position_listener\n'}
[1.099451] (px4_ros_com) StdoutLine: {'line': b'[ 66%] Built target offboard_control\n'}
[1.099540] (px4_ros_com) StdoutLine: {'line': b'[ 83%] Built target sensor_combined_listener\n'}
[1.101250] (-) TimerEvent: {}
[1.101387] (px4_ros_com) StdoutLine: {'line': b'[100%] Built target offboard_control_srv\n'}
[1.201365] (-) TimerEvent: {}
[1.265008] (px4_ros_com) StdoutLine: {'line': b'running egg_info\n'}
[1.265530] (px4_ros_com) StdoutLine: {'line': b'writing px4_ros_com.egg-info/PKG-INFO\n'}
[1.265573] (px4_ros_com) StdoutLine: {'line': b'writing dependency_links to px4_ros_com.egg-info/dependency_links.txt\n'}
[1.265661] (px4_ros_com) StdoutLine: {'line': b'writing top-level names to px4_ros_com.egg-info/top_level.txt\n'}
[1.267273] (px4_ros_com) StdoutLine: {'line': b"reading manifest file 'px4_ros_com.egg-info/SOURCES.txt'\n"}
[1.267910] (px4_ros_com) StdoutLine: {'line': b"writing manifest file 'px4_ros_com.egg-info/SOURCES.txt'\n"}
[1.288807] (px4_ros_com) StdoutLine: {'line': b'[100%] Built target ament_cmake_python_build_px4_ros_com_egg\n'}
[1.297432] (px4_ros_com) CommandEnded: {'returncode': 0}
[1.298491] (px4_ros_com) JobProgress: {'identifier': 'px4_ros_com', 'progress': 'install'}
[1.298706] (px4_ros_com) Command: {'cmd': ['/usr/bin/cmake', '--install', '/home/nicolas/ws_ros2/build/px4_ros_com'], 'cwd': '/home/nicolas/ws_ros2/build/px4_ros_com', 'env': OrderedDict([('LESSOPEN', '| /usr/bin/lesspipe %s'), ('USER', 'nicolas'), ('LC_TIME', 'fr_FR.UTF-8'), ('XDG_SESSION_TYPE', 'x11'), ('SHLVL', '1'), ('LD_LIBRARY_PATH', '/home/nicolas/ws_ros2/install/px4_msgs/lib:/opt/ros/humble/opt/rviz_ogre_vendor/lib:/opt/ros/humble/lib/x86_64-linux-gnu:/opt/ros/humble/lib'), ('HOME', '/home/nicolas'), ('OLDPWD', '/home/nicolas'), ('DESKTOP_SESSION', 'ubuntu'), ('ROS_PYTHON_VERSION', '3'), ('GNOME_SHELL_SESSION_MODE', 'ubuntu'), ('GTK_MODULES', 'gail:atk-bridge'), ('LC_MONETARY', 'fr_FR.UTF-8'), ('SYSTEMD_EXEC_PID', '2027'), ('DBUS_SESSION_BUS_ADDRESS', 'unix:path=/run/user/1000/bus'), ('COLORTERM', 'truecolor'), ('ROS_DISTRO', 'humble'), ('GTK_IM_MODULE', 'ibus'), ('LOGNAME', 'nicolas'), ('_', '/usr/bin/colcon'), ('ROS_VERSION', '2'), ('XDG_SESSION_CLASS', 'user'), ('USERNAME', 'nicolas'), ('TERM', 'xterm-256color'), ('GNOME_DESKTOP_SESSION_ID', 'this-is-deprecated'), ('ROS_LOCALHOST_ONLY', '0'), ('WINDOWPATH', '2'), ('PATH', '/opt/ros/humble/bin:/home/nicolas/.local/bin:/usr/local/sbin:/usr/local/bin:/usr/sbin:/usr/bin:/sbin:/bin:/usr/games:/usr/local/games:/snap/bin:/snap/bin:/opt/xtensa-esp-elf/bin/'), ('SESSION_MANAGER', 'local/nicolas-Deputy-P60:@/tmp/.ICE-unix/2004,unix/nicolas-Deputy-P60:/tmp/.ICE-unix/2004'), ('XDG_MENU_PREFIX', 'gnome-'), ('LC_ADDRESS', 'fr_FR.UTF-8'), ('GNOME_TERMINAL_SCREEN', '/org/gnome/Terminal/screen/696021e5_049f_48dd_8a7d_6dc34b7a7d23'), ('XDG_RUNTIME_DIR', '/run/user/1000'), ('DISPLAY', ':1'), ('LANG', 'en_US.UTF-8'), ('XDG_CURRENT_DESKTOP', 'ubuntu:GNOME'), ('LC_TELEPHONE', 'fr_FR.UTF-8'), ('XMODIFIERS', '@im=ibus'), ('XDG_SESSION_DESKTOP', 'ubuntu'), ('XAUTHORITY', '/run/user/1000/gdm/Xauthority'), ('LS_COLORS', 'rs=0:di=01;34:ln=01;36:mh=00:pi=40;33:so=01;35:do=01;35:bd=40;33;01:cd=40;33;01:or=40;31;01:mi=00:su=37;41:sg=30;43:ca=30;41:tw=30;42:ow=34;42:st=37;44:ex=01;32:*.tar=01;31:*.tgz=01;31:*.arc=01;31:*.arj=01;31:*.taz=01;31:*.lha=01;31:*.lz4=01;31:*.lzh=01;31:*.lzma=01;31:*.tlz=01;31:*.txz=01;31:*.tzo=01;31:*.t7z=01;31:*.zip=01;31:*.z=01;31:*.dz=01;31:*.gz=01;31:*.lrz=01;31:*.lz=01;31:*.lzo=01;31:*.xz=01;31:*.zst=01;31:*.tzst=01;31:*.bz2=01;31:*.bz=01;31:*.tbz=01;31:*.tbz2=01;31:*.tz=01;31:*.deb=01;31:*.rpm=01;31:*.jar=01;31:*.war=01;31:*.ear=01;31:*.sar=01;31:*.rar=01;31:*.alz=01;31:*.ace=01;31:*.zoo=01;31:*.cpio=01;31:*.7z=01;31:*.rz=01;31:*.cab=01;31:*.wim=01;31:*.swm=01;31:*.dwm=01;31:*.esd=01;31:*.jpg=01;35:*.jpeg=01;35:*.mjpg=01;35:*.mjpeg=01;35:*.gif=01;35:*.bmp=01;35:*.pbm=01;35:*.pgm=01;35:*.ppm=01;35:*.tga=01;35:*.xbm=01;35:*.xpm=01;35:*.tif=01;35:*.tiff=01;35:*.png=01;35:*.svg=01;35:*.svgz=01;35:*.mng=01;35:*.pcx=01;35:*.mov=01;35:*.mpg=01;35:*.mpeg=01;35:*.m2v=01;35:*.mkv=01;35:*.webm=01;35:*.webp=01;35:*.ogm=01;35:*.mp4=01;35:*.m4v=01;35:*.mp4v=01;35:*.vob=01;35:*.qt=01;35:*.nuv=01;35:*.wmv=01;35:*.asf=01;35:*.rm=01;35:*.rmvb=01;35:*.flc=01;35:*.avi=01;35:*.fli=01;35:*.flv=01;35:*.gl=01;35:*.dl=01;35:*.xcf=01;35:*.xwd=01;35:*.yuv=01;35:*.cgm=01;35:*.emf=01;35:*.ogv=01;35:*.ogx=01;35:*.aac=00;36:*.au=00;36:*.flac=00;36:*.m4a=00;36:*.mid=00;36:*.midi=00;36:*.mka=00;36:*.mp3=00;36:*.mpc=00;36:*.ogg=00;36:*.ra=00;36:*.wav=00;36:*.oga=00;36:*.opus=00;36:*.spx=00;36:*.xspf=00;36:'), ('GNOME_TERMINAL_SERVICE', ':1.145'), ('SSH_AGENT_LAUNCHER', 'gnome-keyring'), ('SSH_AUTH_SOCK', '/run/user/1000/keyring/ssh'), ('AMENT_PREFIX_PATH', '/home/nicolas/ws_ros2/install/px4_msgs:/opt/ros/humble'), ('SHELL', '/bin/bash'), ('LC_NAME', 'fr_FR.UTF-8'), ('QT_ACCESSIBILITY', '1'), ('GDMSESSION', 'ubuntu'), ('LESSCLOSE', '/usr/bin/lesspipe %s %s'), ('LC_MEASUREMENT', 'fr_FR.UTF-8'), ('GPG_AGENT_INFO', '/run/user/1000/gnupg/S.gpg-agent:0:1'), ('LC_IDENTIFICATION', 'fr_FR.UTF-8'), ('QT_IM_MODULE', 'ibus'), ('PWD', '/home/nicolas/ws_ros2/build/px4_ros_com'), ('LC_ALL', 'en_US.UTF-8'), ('XDG_CONFIG_DIRS', '/etc/xdg/xdg-ubuntu:/etc/xdg'), ('XDG_DATA_DIRS', '/usr/share/ubuntu:/usr/share/gnome:/usr/local/share/:/usr/share/:/var/lib/snapd/desktop'), ('PYTHONPATH', '/home/nicolas/ws_ros2/install/px4_msgs/local/lib/python3.10/dist-packages:/opt/ros/humble/lib/python3.10/site-packages:/opt/ros/humble/local/lib/python3.10/dist-packages'), ('LC_NUMERIC', 'fr_FR.UTF-8'), ('LC_PAPER', 'fr_FR.UTF-8'), ('COLCON', '1'), ('VTE_VERSION', '6800'), ('CMAKE_PREFIX_PATH', '/home/nicolas/ws_ros2/install/px4_msgs:/opt/ros/humble')]), 'shell': False}
[1.301456] (-) TimerEvent: {}
[1.305520] (px4_ros_com) StdoutLine: {'line': b'-- Install configuration: ""\n'}
[1.305985] (px4_ros_com) StdoutLine: {'line': b'-- Up-to-date: /home/nicolas/ws_ros2/install/px4_ros_com/lib/px4_ros_com/sensor_combined_listener\n'}
[1.306752] (px4_ros_com) StdoutLine: {'line': b'-- Up-to-date: /home/nicolas/ws_ros2/install/px4_ros_com/lib/px4_ros_com/vehicle_gps_position_listener\n'}
[1.307160] (px4_ros_com) StdoutLine: {'line': b'-- Up-to-date: /home/nicolas/ws_ros2/install/px4_ros_com/lib/px4_ros_com/debug_vect_advertiser\n'}
[1.307716] (px4_ros_com) StdoutLine: {'line': b'-- Up-to-date: /home/nicolas/ws_ros2/install/px4_ros_com/lib/px4_ros_com/offboard_control\n'}
[1.308332] (px4_ros_com) StdoutLine: {'line': b'-- Up-to-date: /home/nicolas/ws_ros2/install/px4_ros_com/lib/px4_ros_com/offboard_control_srv\n'}
[1.308368] (px4_ros_com) StdoutLine: {'line': b'-- Up-to-date: /home/nicolas/ws_ros2/install/px4_ros_com/share/px4_ros_com/environment/library_path.sh\n'}
[1.308399] (px4_ros_com) StdoutLine: {'line': b'-- Up-to-date: /home/nicolas/ws_ros2/install/px4_ros_com/share/px4_ros_com/environment/library_path.dsv\n'}
[1.308429] (px4_ros_com) StdoutLine: {'line': b'-- Up-to-date: /home/nicolas/ws_ros2/install/px4_ros_com/include/px4_ros_com\n'}
[1.308458] (px4_ros_com) StdoutLine: {'line': b'-- Up-to-date: /home/nicolas/ws_ros2/install/px4_ros_com/include/px4_ros_com/frame_transforms.h\n'}
[1.308896] (px4_ros_com) StdoutLine: {'line': b'-- Up-to-date: /home/nicolas/ws_ros2/install/px4_ros_com/lib/libframe_transforms.so\n'}
[1.308953] (px4_ros_com) StdoutLine: {'line': b'-- Up-to-date: /home/nicolas/ws_ros2/install/px4_ros_com/share/px4_ros_com//launch\n'}
[1.308986] (px4_ros_com) StdoutLine: {'line': b'-- Up-to-date: /home/nicolas/ws_ros2/install/px4_ros_com/share/px4_ros_com//launch/sensor_combined_listener.launch.py\n'}
[1.309041] (px4_ros_com) StdoutLine: {'line': b'-- Up-to-date: /home/nicolas/ws_ros2/install/px4_ros_com/share/px4_ros_com//launch/offboard_control_launch.yaml\n'}
[1.309074] (px4_ros_com) StdoutLine: {'line': b'-- Up-to-date: /home/nicolas/ws_ros2/install/px4_ros_com/share/px4_ros_com//test\n'}
[1.309106] (px4_ros_com) StdoutLine: {'line': b'-- Up-to-date: /home/nicolas/ws_ros2/install/px4_ros_com/share/px4_ros_com//test/test_output.py\n'}
[1.309161] (px4_ros_com) StdoutLine: {'line': b'-- Up-to-date: /home/nicolas/ws_ros2/install/px4_ros_com/share/px4_ros_com//test/__init__.py\n'}
[1.309193] (px4_ros_com) StdoutLine: {'line': b'-- Up-to-date: /home/nicolas/ws_ros2/install/px4_ros_com/share/px4_ros_com//test/pipeline_io_test.py\n'}
[1.309224] (px4_ros_com) StdoutLine: {'line': b'-- Up-to-date: /home/nicolas/ws_ros2/install/px4_ros_com/share/px4_ros_com//test/test_input.py\n'}
[1.309269] (px4_ros_com) StdoutLine: {'line': b'-- Up-to-date: /home/nicolas/ws_ros2/install/px4_ros_com/share/px4_ros_com/environment/pythonpath.sh\n'}
[1.309302] (px4_ros_com) StdoutLine: {'line': b'-- Up-to-date: /home/nicolas/ws_ros2/install/px4_ros_com/share/px4_ros_com/environment/pythonpath.dsv\n'}
[1.309333] (px4_ros_com) StdoutLine: {'line': b'-- Up-to-date: /home/nicolas/ws_ros2/install/px4_ros_com/local/lib/python3.10/dist-packages/px4_ros_com-0.1.0-py3.10.egg-info\n'}
[1.309380] (px4_ros_com) StdoutLine: {'line': b'-- Installing: /home/nicolas/ws_ros2/install/px4_ros_com/local/lib/python3.10/dist-packages/px4_ros_com-0.1.0-py3.10.egg-info/SOURCES.txt\n'}
[1.309411] (px4_ros_com) StdoutLine: {'line': b'-- Installing: /home/nicolas/ws_ros2/install/px4_ros_com/local/lib/python3.10/dist-packages/px4_ros_com-0.1.0-py3.10.egg-info/top_level.txt\n'}
[1.309440] (px4_ros_com) StdoutLine: {'line': b'-- Installing: /home/nicolas/ws_ros2/install/px4_ros_com/local/lib/python3.10/dist-packages/px4_ros_com-0.1.0-py3.10.egg-info/dependency_links.txt\n'}
[1.309468] (px4_ros_com) StdoutLine: {'line': b'-- Installing: /home/nicolas/ws_ros2/install/px4_ros_com/local/lib/python3.10/dist-packages/px4_ros_com-0.1.0-py3.10.egg-info/PKG-INFO\n'}
[1.309496] (px4_ros_com) StdoutLine: {'line': b'-- Up-to-date: /home/nicolas/ws_ros2/install/px4_ros_com/local/lib/python3.10/dist-packages/px4_ros_com\n'}
[1.309525] (px4_ros_com) StdoutLine: {'line': b'-- Up-to-date: /home/nicolas/ws_ros2/install/px4_ros_com/local/lib/python3.10/dist-packages/px4_ros_com/__init__.py\n'}
[1.309553] (px4_ros_com) StdoutLine: {'line': b'-- Up-to-date: /home/nicolas/ws_ros2/install/px4_ros_com/local/lib/python3.10/dist-packages/px4_ros_com/module_to_import.py\n'}
[1.333026] (px4_ros_com) StdoutLine: {'line': b"Listing '/home/nicolas/ws_ros2/install/px4_ros_com/local/lib/python3.10/dist-packages/px4_ros_com'...\n"}
[1.336177] (px4_ros_com) StdoutLine: {'line': b'-- Up-to-date: /home/nicolas/ws_ros2/install/px4_ros_com/lib/px4_ros_com/offboard_control.py\n'}
[1.336213] (px4_ros_com) StdoutLine: {'line': b'-- Up-to-date: /home/nicolas/ws_ros2/install/px4_ros_com/share/ament_index/resource_index/package_run_dependencies/px4_ros_com\n'}
[1.336243] (px4_ros_com) StdoutLine: {'line': b'-- Up-to-date: /home/nicolas/ws_ros2/install/px4_ros_com/share/ament_index/resource_index/parent_prefix_path/px4_ros_com\n'}
[1.336328] (px4_ros_com) StdoutLine: {'line': b'-- Up-to-date: /home/nicolas/ws_ros2/install/px4_ros_com/share/px4_ros_com/environment/ament_prefix_path.sh\n'}
[1.336359] (px4_ros_com) StdoutLine: {'line': b'-- Up-to-date: /home/nicolas/ws_ros2/install/px4_ros_com/share/px4_ros_com/environment/ament_prefix_path.dsv\n'}
[1.336387] (px4_ros_com) StdoutLine: {'line': b'-- Up-to-date: /home/nicolas/ws_ros2/install/px4_ros_com/share/px4_ros_com/environment/path.sh\n'}
[1.336415] (px4_ros_com) StdoutLine: {'line': b'-- Up-to-date: /home/nicolas/ws_ros2/install/px4_ros_com/share/px4_ros_com/environment/path.dsv\n'}
[1.336443] (px4_ros_com) StdoutLine: {'line': b'-- Up-to-date: /home/nicolas/ws_ros2/install/px4_ros_com/share/px4_ros_com/local_setup.bash\n'}
[1.336470] (px4_ros_com) StdoutLine: {'line': b'-- Up-to-date: /home/nicolas/ws_ros2/install/px4_ros_com/share/px4_ros_com/local_setup.sh\n'}
[1.336497] (px4_ros_com) StdoutLine: {'line': b'-- Up-to-date: /home/nicolas/ws_ros2/install/px4_ros_com/share/px4_ros_com/local_setup.zsh\n'}
[1.336524] (px4_ros_com) StdoutLine: {'line': b'-- Up-to-date: /home/nicolas/ws_ros2/install/px4_ros_com/share/px4_ros_com/local_setup.dsv\n'}
[1.336551] (px4_ros_com) StdoutLine: {'line': b'-- Installing: /home/nicolas/ws_ros2/install/px4_ros_com/share/px4_ros_com/package.dsv\n'}
[1.336796] (px4_ros_com) StdoutLine: {'line': b'-- Up-to-date: /home/nicolas/ws_ros2/install/px4_ros_com/share/ament_index/resource_index/packages/px4_ros_com\n'}
[1.336994] (px4_ros_com) StdoutLine: {'line': b'-- Up-to-date: /home/nicolas/ws_ros2/install/px4_ros_com/share/px4_ros_com/cmake/export_frame_transformsExport.cmake\n'}
[1.337131] (px4_ros_com) StdoutLine: {'line': b'-- Up-to-date: /home/nicolas/ws_ros2/install/px4_ros_com/share/px4_ros_com/cmake/export_frame_transformsExport-noconfig.cmake\n'}
[1.337252] (px4_ros_com) StdoutLine: {'line': b'-- Up-to-date: /home/nicolas/ws_ros2/install/px4_ros_com/share/px4_ros_com/cmake/ament_cmake_export_dependencies-extras.cmake\n'}
[1.337284] (px4_ros_com) StdoutLine: {'line': b'-- Up-to-date: /home/nicolas/ws_ros2/install/px4_ros_com/share/px4_ros_com/cmake/ament_cmake_export_targets-extras.cmake\n'}
[1.337313] (px4_ros_com) StdoutLine: {'line': b'-- Up-to-date: /home/nicolas/ws_ros2/install/px4_ros_com/share/px4_ros_com/cmake/ament_cmake_export_include_directories-extras.cmake\n'}
[1.337342] (px4_ros_com) StdoutLine: {'line': b'-- Up-to-date: /home/nicolas/ws_ros2/install/px4_ros_com/share/px4_ros_com/cmake/ament_cmake_export_libraries-extras.cmake\n'}
[1.337370] (px4_ros_com) StdoutLine: {'line': b'-- Up-to-date: /home/nicolas/ws_ros2/install/px4_ros_com/share/px4_ros_com/cmake/px4_ros_comConfig.cmake\n'}
[1.337397] (px4_ros_com) StdoutLine: {'line': b'-- Up-to-date: /home/nicolas/ws_ros2/install/px4_ros_com/share/px4_ros_com/cmake/px4_ros_comConfig-version.cmake\n'}
[1.337424] (px4_ros_com) StdoutLine: {'line': b'-- Up-to-date: /home/nicolas/ws_ros2/install/px4_ros_com/share/px4_ros_com/package.xml\n'}
[1.338626] (px4_ros_com) CommandEnded: {'returncode': 0}
[1.349300] (px4_ros_com) JobEnded: {'identifier': 'px4_ros_com', 'rc': 0}
[1.349734] (-) EventReactorShutdown: {}
