[0.000000] (-) TimerEvent: {}
[0.000347] (my_tf2_package) JobQueued: {'identifier': 'my_tf2_package', 'dependencies': OrderedDict()}
[0.000518] (px4_msgs) JobQueued: {'identifier': 'px4_msgs', 'dependencies': OrderedDict()}
[0.000577] (rtabmap_slam_pkg) JobQueued: {'identifier': 'rtabmap_slam_pkg', 'dependencies': OrderedDict()}
[0.000601] (px4_ros_com) JobQueued: {'identifier': 'px4_ros_com', 'dependencies': OrderedDict([('px4_msgs', '/home/nicolas/ws_ros2/install/px4_msgs')])}
[0.000667] (px4_msgs) JobStarted: {'identifier': 'px4_msgs'}
[0.003320] (my_tf2_package) JobStarted: {'identifier': 'my_tf2_package'}
[0.006207] (rtabmap_slam_pkg) JobStarted: {'identifier': 'rtabmap_slam_pkg'}
[0.008523] (px4_msgs) JobProgress: {'identifier': 'px4_msgs', 'progress': 'cmake'}
[0.008826] (px4_msgs) JobProgress: {'identifier': 'px4_msgs', 'progress': 'build'}
[0.009314] (px4_msgs) Command: {'cmd': ['/usr/bin/cmake', '--build', '/home/nicolas/ws_ros2/build/px4_msgs', '--', '-j16', '-l16'], 'cwd': '/home/nicolas/ws_ros2/build/px4_msgs', 'env': OrderedDict([('LESSOPEN', '| /usr/bin/lesspipe %s'), ('USER', 'nicolas'), ('LC_TIME', 'fr_FR.UTF-8'), ('XDG_SESSION_TYPE', 'x11'), ('SHLVL', '1'), ('LD_LIBRARY_PATH', '/opt/ros/humble/opt/rviz_ogre_vendor/lib:/opt/ros/humble/lib/x86_64-linux-gnu:/opt/ros/humble/lib'), ('HOME', '/home/nicolas'), ('OLDPWD', '/home/nicolas'), ('DESKTOP_SESSION', 'ubuntu'), ('ROS_PYTHON_VERSION', '3'), ('GNOME_SHELL_SESSION_MODE', 'ubuntu'), ('GTK_MODULES', 'gail:atk-bridge'), ('LC_MONETARY', 'fr_FR.UTF-8'), ('SYSTEMD_EXEC_PID', '2066'), ('DBUS_SESSION_BUS_ADDRESS', 'unix:path=/run/user/1000/bus'), ('COLORTERM', 'truecolor'), ('ROS_DISTRO', 'humble'), ('GTK_IM_MODULE', 'ibus'), ('LOGNAME', 'nicolas'), ('_', '/usr/bin/colcon'), ('ROS_VERSION', '2'), ('XDG_SESSION_CLASS', 'user'), ('USERNAME', 'nicolas'), ('TERM', 'xterm-256color'), ('GNOME_DESKTOP_SESSION_ID', 'this-is-deprecated'), ('ROS_LOCALHOST_ONLY', '0'), ('WINDOWPATH', '2'), ('PATH', '/opt/ros/humble/bin:/home/nicolas/.local/bin:/usr/local/sbin:/usr/local/bin:/usr/sbin:/usr/bin:/sbin:/bin:/usr/games:/usr/local/games:/snap/bin:/snap/bin:/opt/xtensa-esp-elf/bin/'), ('SESSION_MANAGER', 'local/nicolas-Deputy-P60:@/tmp/.ICE-unix/2041,unix/nicolas-Deputy-P60:/tmp/.ICE-unix/2041'), ('XDG_MENU_PREFIX', 'gnome-'), ('LC_ADDRESS', 'fr_FR.UTF-8'), ('GNOME_TERMINAL_SCREEN', '/org/gnome/Terminal/screen/67bb2182_95d7_49d0_b45b_5ef8ef3d1335'), ('XDG_RUNTIME_DIR', '/run/user/1000'), ('DISPLAY', ':1'), ('LANG', 'en_US.UTF-8'), ('XDG_CURRENT_DESKTOP', 'ubuntu:GNOME'), ('LC_TELEPHONE', 'fr_FR.UTF-8'), ('XMODIFIERS', '@im=ibus'), ('XDG_SESSION_DESKTOP', 'ubuntu'), ('XAUTHORITY', '/run/user/1000/gdm/Xauthority'), ('LS_COLORS', 'rs=0:di=01;34:ln=01;36:mh=00:pi=40;33:so=01;35:do=01;35:bd=40;33;01:cd=40;33;01:or=40;31;01:mi=00:su=37;41:sg=30;43:ca=30;41:tw=30;42:ow=34;42:st=37;44:ex=01;32:*.tar=01;31:*.tgz=01;31:*.arc=01;31:*.arj=01;31:*.taz=01;31:*.lha=01;31:*.lz4=01;31:*.lzh=01;31:*.lzma=01;31:*.tlz=01;31:*.txz=01;31:*.tzo=01;31:*.t7z=01;31:*.zip=01;31:*.z=01;31:*.dz=01;31:*.gz=01;31:*.lrz=01;31:*.lz=01;31:*.lzo=01;31:*.xz=01;31:*.zst=01;31:*.tzst=01;31:*.bz2=01;31:*.bz=01;31:*.tbz=01;31:*.tbz2=01;31:*.tz=01;31:*.deb=01;31:*.rpm=01;31:*.jar=01;31:*.war=01;31:*.ear=01;31:*.sar=01;31:*.rar=01;31:*.alz=01;31:*.ace=01;31:*.zoo=01;31:*.cpio=01;31:*.7z=01;31:*.rz=01;31:*.cab=01;31:*.wim=01;31:*.swm=01;31:*.dwm=01;31:*.esd=01;31:*.jpg=01;35:*.jpeg=01;35:*.mjpg=01;35:*.mjpeg=01;35:*.gif=01;35:*.bmp=01;35:*.pbm=01;35:*.pgm=01;35:*.ppm=01;35:*.tga=01;35:*.xbm=01;35:*.xpm=01;35:*.tif=01;35:*.tiff=01;35:*.png=01;35:*.svg=01;35:*.svgz=01;35:*.mng=01;35:*.pcx=01;35:*.mov=01;35:*.mpg=01;35:*.mpeg=01;35:*.m2v=01;35:*.mkv=01;35:*.webm=01;35:*.webp=01;35:*.ogm=01;35:*.mp4=01;35:*.m4v=01;35:*.mp4v=01;35:*.vob=01;35:*.qt=01;35:*.nuv=01;35:*.wmv=01;35:*.asf=01;35:*.rm=01;35:*.rmvb=01;35:*.flc=01;35:*.avi=01;35:*.fli=01;35:*.flv=01;35:*.gl=01;35:*.dl=01;35:*.xcf=01;35:*.xwd=01;35:*.yuv=01;35:*.cgm=01;35:*.emf=01;35:*.ogv=01;35:*.ogx=01;35:*.aac=00;36:*.au=00;36:*.flac=00;36:*.m4a=00;36:*.mid=00;36:*.midi=00;36:*.mka=00;36:*.mp3=00;36:*.mpc=00;36:*.ogg=00;36:*.ra=00;36:*.wav=00;36:*.oga=00;36:*.opus=00;36:*.spx=00;36:*.xspf=00;36:'), ('GNOME_TERMINAL_SERVICE', ':1.315'), ('SSH_AGENT_LAUNCHER', 'gnome-keyring'), ('SSH_AUTH_SOCK', '/run/user/1000/keyring/ssh'), ('AMENT_PREFIX_PATH', '/opt/ros/humble'), ('SHELL', '/bin/bash'), ('LC_NAME', 'fr_FR.UTF-8'), ('QT_ACCESSIBILITY', '1'), ('GDMSESSION', 'ubuntu'), ('LESSCLOSE', '/usr/bin/lesspipe %s %s'), ('LC_MEASUREMENT', 'fr_FR.UTF-8'), ('GPG_AGENT_INFO', '/run/user/1000/gnupg/S.gpg-agent:0:1'), ('LC_IDENTIFICATION', 'fr_FR.UTF-8'), ('QT_IM_MODULE', 'ibus'), ('PWD', '/home/nicolas/ws_ros2/build/px4_msgs'), ('LC_ALL', 'en_US.UTF-8'), ('XDG_CONFIG_DIRS', '/etc/xdg/xdg-ubuntu:/etc/xdg'), ('XDG_DATA_DIRS', '/usr/share/ubuntu:/usr/share/gnome:/usr/local/share/:/usr/share/:/var/lib/snapd/desktop'), ('PYTHONPATH', '/opt/ros/humble/lib/python3.10/site-packages:/opt/ros/humble/local/lib/python3.10/dist-packages'), ('LC_NUMERIC', 'fr_FR.UTF-8'), ('LC_PAPER', 'fr_FR.UTF-8'), ('COLCON', '1'), ('VTE_VERSION', '6800'), ('CMAKE_PREFIX_PATH', '/opt/ros/humble')]), 'shell': False}
[0.099597] (-) TimerEvent: {}
[0.163405] (rtabmap_slam_pkg) JobProgress: {'identifier': 'rtabmap_slam_pkg', 'progress': 'cmake'}
[0.164751] (rtabmap_slam_pkg) JobProgress: {'identifier': 'rtabmap_slam_pkg', 'progress': 'build'}
[0.164817] (rtabmap_slam_pkg) Command: {'cmd': ['/usr/bin/cmake', '--build', '/home/nicolas/ws_ros2/build/rtabmap_slam_pkg', '--', '-j16', '-l16'], 'cwd': '/home/nicolas/ws_ros2/build/rtabmap_slam_pkg', 'env': OrderedDict([('LESSOPEN', '| /usr/bin/lesspipe %s'), ('USER', 'nicolas'), ('LC_TIME', 'fr_FR.UTF-8'), ('XDG_SESSION_TYPE', 'x11'), ('SHLVL', '1'), ('LD_LIBRARY_PATH', '/opt/ros/humble/opt/rviz_ogre_vendor/lib:/opt/ros/humble/lib/x86_64-linux-gnu:/opt/ros/humble/lib'), ('HOME', '/home/nicolas'), ('OLDPWD', '/home/nicolas'), ('DESKTOP_SESSION', 'ubuntu'), ('ROS_PYTHON_VERSION', '3'), ('GNOME_SHELL_SESSION_MODE', 'ubuntu'), ('GTK_MODULES', 'gail:atk-bridge'), ('LC_MONETARY', 'fr_FR.UTF-8'), ('SYSTEMD_EXEC_PID', '2066'), ('DBUS_SESSION_BUS_ADDRESS', 'unix:path=/run/user/1000/bus'), ('COLORTERM', 'truecolor'), ('ROS_DISTRO', 'humble'), ('GTK_IM_MODULE', 'ibus'), ('LOGNAME', 'nicolas'), ('_', '/usr/bin/colcon'), ('ROS_VERSION', '2'), ('XDG_SESSION_CLASS', 'user'), ('USERNAME', 'nicolas'), ('TERM', 'xterm-256color'), ('GNOME_DESKTOP_SESSION_ID', 'this-is-deprecated'), ('ROS_LOCALHOST_ONLY', '0'), ('WINDOWPATH', '2'), ('PATH', '/opt/ros/humble/bin:/home/nicolas/.local/bin:/usr/local/sbin:/usr/local/bin:/usr/sbin:/usr/bin:/sbin:/bin:/usr/games:/usr/local/games:/snap/bin:/snap/bin:/opt/xtensa-esp-elf/bin/'), ('SESSION_MANAGER', 'local/nicolas-Deputy-P60:@/tmp/.ICE-unix/2041,unix/nicolas-Deputy-P60:/tmp/.ICE-unix/2041'), ('XDG_MENU_PREFIX', 'gnome-'), ('LC_ADDRESS', 'fr_FR.UTF-8'), ('GNOME_TERMINAL_SCREEN', '/org/gnome/Terminal/screen/67bb2182_95d7_49d0_b45b_5ef8ef3d1335'), ('XDG_RUNTIME_DIR', '/run/user/1000'), ('DISPLAY', ':1'), ('LANG', 'en_US.UTF-8'), ('XDG_CURRENT_DESKTOP', 'ubuntu:GNOME'), ('LC_TELEPHONE', 'fr_FR.UTF-8'), ('XMODIFIERS', '@im=ibus'), ('XDG_SESSION_DESKTOP', 'ubuntu'), ('XAUTHORITY', '/run/user/1000/gdm/Xauthority'), ('LS_COLORS', 'rs=0:di=01;34:ln=01;36:mh=00:pi=40;33:so=01;35:do=01;35:bd=40;33;01:cd=40;33;01:or=40;31;01:mi=00:su=37;41:sg=30;43:ca=30;41:tw=30;42:ow=34;42:st=37;44:ex=01;32:*.tar=01;31:*.tgz=01;31:*.arc=01;31:*.arj=01;31:*.taz=01;31:*.lha=01;31:*.lz4=01;31:*.lzh=01;31:*.lzma=01;31:*.tlz=01;31:*.txz=01;31:*.tzo=01;31:*.t7z=01;31:*.zip=01;31:*.z=01;31:*.dz=01;31:*.gz=01;31:*.lrz=01;31:*.lz=01;31:*.lzo=01;31:*.xz=01;31:*.zst=01;31:*.tzst=01;31:*.bz2=01;31:*.bz=01;31:*.tbz=01;31:*.tbz2=01;31:*.tz=01;31:*.deb=01;31:*.rpm=01;31:*.jar=01;31:*.war=01;31:*.ear=01;31:*.sar=01;31:*.rar=01;31:*.alz=01;31:*.ace=01;31:*.zoo=01;31:*.cpio=01;31:*.7z=01;31:*.rz=01;31:*.cab=01;31:*.wim=01;31:*.swm=01;31:*.dwm=01;31:*.esd=01;31:*.jpg=01;35:*.jpeg=01;35:*.mjpg=01;35:*.mjpeg=01;35:*.gif=01;35:*.bmp=01;35:*.pbm=01;35:*.pgm=01;35:*.ppm=01;35:*.tga=01;35:*.xbm=01;35:*.xpm=01;35:*.tif=01;35:*.tiff=01;35:*.png=01;35:*.svg=01;35:*.svgz=01;35:*.mng=01;35:*.pcx=01;35:*.mov=01;35:*.mpg=01;35:*.mpeg=01;35:*.m2v=01;35:*.mkv=01;35:*.webm=01;35:*.webp=01;35:*.ogm=01;35:*.mp4=01;35:*.m4v=01;35:*.mp4v=01;35:*.vob=01;35:*.qt=01;35:*.nuv=01;35:*.wmv=01;35:*.asf=01;35:*.rm=01;35:*.rmvb=01;35:*.flc=01;35:*.avi=01;35:*.fli=01;35:*.flv=01;35:*.gl=01;35:*.dl=01;35:*.xcf=01;35:*.xwd=01;35:*.yuv=01;35:*.cgm=01;35:*.emf=01;35:*.ogv=01;35:*.ogx=01;35:*.aac=00;36:*.au=00;36:*.flac=00;36:*.m4a=00;36:*.mid=00;36:*.midi=00;36:*.mka=00;36:*.mp3=00;36:*.mpc=00;36:*.ogg=00;36:*.ra=00;36:*.wav=00;36:*.oga=00;36:*.opus=00;36:*.spx=00;36:*.xspf=00;36:'), ('GNOME_TERMINAL_SERVICE', ':1.315'), ('SSH_AGENT_LAUNCHER', 'gnome-keyring'), ('SSH_AUTH_SOCK', '/run/user/1000/keyring/ssh'), ('AMENT_PREFIX_PATH', '/opt/ros/humble'), ('SHELL', '/bin/bash'), ('LC_NAME', 'fr_FR.UTF-8'), ('QT_ACCESSIBILITY', '1'), ('GDMSESSION', 'ubuntu'), ('LESSCLOSE', '/usr/bin/lesspipe %s %s'), ('LC_MEASUREMENT', 'fr_FR.UTF-8'), ('GPG_AGENT_INFO', '/run/user/1000/gnupg/S.gpg-agent:0:1'), ('LC_IDENTIFICATION', 'fr_FR.UTF-8'), ('QT_IM_MODULE', 'ibus'), ('PWD', '/home/nicolas/ws_ros2/build/rtabmap_slam_pkg'), ('LC_ALL', 'en_US.UTF-8'), ('XDG_CONFIG_DIRS', '/etc/xdg/xdg-ubuntu:/etc/xdg'), ('XDG_DATA_DIRS', '/usr/share/ubuntu:/usr/share/gnome:/usr/local/share/:/usr/share/:/var/lib/snapd/desktop'), ('PYTHONPATH', '/opt/ros/humble/lib/python3.10/site-packages:/opt/ros/humble/local/lib/python3.10/dist-packages'), ('LC_NUMERIC', 'fr_FR.UTF-8'), ('LC_PAPER', 'fr_FR.UTF-8'), ('COLCON', '1'), ('VTE_VERSION', '6800'), ('CMAKE_PREFIX_PATH', '/opt/ros/humble')]), 'shell': False}
[0.196780] (rtabmap_slam_pkg) CommandEnded: {'returncode': 0}
[0.197492] (rtabmap_slam_pkg) JobProgress: {'identifier': 'rtabmap_slam_pkg', 'progress': 'install'}
[0.199644] (-) TimerEvent: {}
[0.205513] (rtabmap_slam_pkg) Command: {'cmd': ['/usr/bin/cmake', '--install', '/home/nicolas/ws_ros2/build/rtabmap_slam_pkg'], 'cwd': '/home/nicolas/ws_ros2/build/rtabmap_slam_pkg', 'env': OrderedDict([('LESSOPEN', '| /usr/bin/lesspipe %s'), ('USER', 'nicolas'), ('LC_TIME', 'fr_FR.UTF-8'), ('XDG_SESSION_TYPE', 'x11'), ('SHLVL', '1'), ('LD_LIBRARY_PATH', '/opt/ros/humble/opt/rviz_ogre_vendor/lib:/opt/ros/humble/lib/x86_64-linux-gnu:/opt/ros/humble/lib'), ('HOME', '/home/nicolas'), ('OLDPWD', '/home/nicolas'), ('DESKTOP_SESSION', 'ubuntu'), ('ROS_PYTHON_VERSION', '3'), ('GNOME_SHELL_SESSION_MODE', 'ubuntu'), ('GTK_MODULES', 'gail:atk-bridge'), ('LC_MONETARY', 'fr_FR.UTF-8'), ('SYSTEMD_EXEC_PID', '2066'), ('DBUS_SESSION_BUS_ADDRESS', 'unix:path=/run/user/1000/bus'), ('COLORTERM', 'truecolor'), ('ROS_DISTRO', 'humble'), ('GTK_IM_MODULE', 'ibus'), ('LOGNAME', 'nicolas'), ('_', '/usr/bin/colcon'), ('ROS_VERSION', '2'), ('XDG_SESSION_CLASS', 'user'), ('USERNAME', 'nicolas'), ('TERM', 'xterm-256color'), ('GNOME_DESKTOP_SESSION_ID', 'this-is-deprecated'), ('ROS_LOCALHOST_ONLY', '0'), ('WINDOWPATH', '2'), ('PATH', '/opt/ros/humble/bin:/home/nicolas/.local/bin:/usr/local/sbin:/usr/local/bin:/usr/sbin:/usr/bin:/sbin:/bin:/usr/games:/usr/local/games:/snap/bin:/snap/bin:/opt/xtensa-esp-elf/bin/'), ('SESSION_MANAGER', 'local/nicolas-Deputy-P60:@/tmp/.ICE-unix/2041,unix/nicolas-Deputy-P60:/tmp/.ICE-unix/2041'), ('XDG_MENU_PREFIX', 'gnome-'), ('LC_ADDRESS', 'fr_FR.UTF-8'), ('GNOME_TERMINAL_SCREEN', '/org/gnome/Terminal/screen/67bb2182_95d7_49d0_b45b_5ef8ef3d1335'), ('XDG_RUNTIME_DIR', '/run/user/1000'), ('DISPLAY', ':1'), ('LANG', 'en_US.UTF-8'), ('XDG_CURRENT_DESKTOP', 'ubuntu:GNOME'), ('LC_TELEPHONE', 'fr_FR.UTF-8'), ('XMODIFIERS', '@im=ibus'), ('XDG_SESSION_DESKTOP', 'ubuntu'), ('XAUTHORITY', '/run/user/1000/gdm/Xauthority'), ('LS_COLORS', 'rs=0:di=01;34:ln=01;36:mh=00:pi=40;33:so=01;35:do=01;35:bd=40;33;01:cd=40;33;01:or=40;31;01:mi=00:su=37;41:sg=30;43:ca=30;41:tw=30;42:ow=34;42:st=37;44:ex=01;32:*.tar=01;31:*.tgz=01;31:*.arc=01;31:*.arj=01;31:*.taz=01;31:*.lha=01;31:*.lz4=01;31:*.lzh=01;31:*.lzma=01;31:*.tlz=01;31:*.txz=01;31:*.tzo=01;31:*.t7z=01;31:*.zip=01;31:*.z=01;31:*.dz=01;31:*.gz=01;31:*.lrz=01;31:*.lz=01;31:*.lzo=01;31:*.xz=01;31:*.zst=01;31:*.tzst=01;31:*.bz2=01;31:*.bz=01;31:*.tbz=01;31:*.tbz2=01;31:*.tz=01;31:*.deb=01;31:*.rpm=01;31:*.jar=01;31:*.war=01;31:*.ear=01;31:*.sar=01;31:*.rar=01;31:*.alz=01;31:*.ace=01;31:*.zoo=01;31:*.cpio=01;31:*.7z=01;31:*.rz=01;31:*.cab=01;31:*.wim=01;31:*.swm=01;31:*.dwm=01;31:*.esd=01;31:*.jpg=01;35:*.jpeg=01;35:*.mjpg=01;35:*.mjpeg=01;35:*.gif=01;35:*.bmp=01;35:*.pbm=01;35:*.pgm=01;35:*.ppm=01;35:*.tga=01;35:*.xbm=01;35:*.xpm=01;35:*.tif=01;35:*.tiff=01;35:*.png=01;35:*.svg=01;35:*.svgz=01;35:*.mng=01;35:*.pcx=01;35:*.mov=01;35:*.mpg=01;35:*.mpeg=01;35:*.m2v=01;35:*.mkv=01;35:*.webm=01;35:*.webp=01;35:*.ogm=01;35:*.mp4=01;35:*.m4v=01;35:*.mp4v=01;35:*.vob=01;35:*.qt=01;35:*.nuv=01;35:*.wmv=01;35:*.asf=01;35:*.rm=01;35:*.rmvb=01;35:*.flc=01;35:*.avi=01;35:*.fli=01;35:*.flv=01;35:*.gl=01;35:*.dl=01;35:*.xcf=01;35:*.xwd=01;35:*.yuv=01;35:*.cgm=01;35:*.emf=01;35:*.ogv=01;35:*.ogx=01;35:*.aac=00;36:*.au=00;36:*.flac=00;36:*.m4a=00;36:*.mid=00;36:*.midi=00;36:*.mka=00;36:*.mp3=00;36:*.mpc=00;36:*.ogg=00;36:*.ra=00;36:*.wav=00;36:*.oga=00;36:*.opus=00;36:*.spx=00;36:*.xspf=00;36:'), ('GNOME_TERMINAL_SERVICE', ':1.315'), ('SSH_AGENT_LAUNCHER', 'gnome-keyring'), ('SSH_AUTH_SOCK', '/run/user/1000/keyring/ssh'), ('AMENT_PREFIX_PATH', '/opt/ros/humble'), ('SHELL', '/bin/bash'), ('LC_NAME', 'fr_FR.UTF-8'), ('QT_ACCESSIBILITY', '1'), ('GDMSESSION', 'ubuntu'), ('LESSCLOSE', '/usr/bin/lesspipe %s %s'), ('LC_MEASUREMENT', 'fr_FR.UTF-8'), ('GPG_AGENT_INFO', '/run/user/1000/gnupg/S.gpg-agent:0:1'), ('LC_IDENTIFICATION', 'fr_FR.UTF-8'), ('QT_IM_MODULE', 'ibus'), ('PWD', '/home/nicolas/ws_ros2/build/rtabmap_slam_pkg'), ('LC_ALL', 'en_US.UTF-8'), ('XDG_CONFIG_DIRS', '/etc/xdg/xdg-ubuntu:/etc/xdg'), ('XDG_DATA_DIRS', '/usr/share/ubuntu:/usr/share/gnome:/usr/local/share/:/usr/share/:/var/lib/snapd/desktop'), ('PYTHONPATH', '/opt/ros/humble/lib/python3.10/site-packages:/opt/ros/humble/local/lib/python3.10/dist-packages'), ('LC_NUMERIC', 'fr_FR.UTF-8'), ('LC_PAPER', 'fr_FR.UTF-8'), ('COLCON', '1'), ('VTE_VERSION', '6800'), ('CMAKE_PREFIX_PATH', '/opt/ros/humble')]), 'shell': False}
[0.210426] (rtabmap_slam_pkg) StdoutLine: {'line': b'-- Install configuration: ""\n'}
[0.210501] (rtabmap_slam_pkg) StdoutLine: {'line': b'-- Up-to-date: /home/nicolas/ws_ros2/install/rtabmap_slam_pkg/share/rtabmap_slam_pkg/launch\n'}
[0.210572] (rtabmap_slam_pkg) StdoutLine: {'line': b'-- Up-to-date: /home/nicolas/ws_ros2/install/rtabmap_slam_pkg/share/rtabmap_slam_pkg/launch/rtabmap_slam.launch.py\n'}
[0.210607] (rtabmap_slam_pkg) StdoutLine: {'line': b'-- Up-to-date: /home/nicolas/ws_ros2/install/rtabmap_slam_pkg/share/ament_index/resource_index/package_run_dependencies/rtabmap_slam_pkg\n'}
[0.210695] (rtabmap_slam_pkg) StdoutLine: {'line': b'-- Up-to-date: /home/nicolas/ws_ros2/install/rtabmap_slam_pkg/share/ament_index/resource_index/parent_prefix_path/rtabmap_slam_pkg\n'}
[0.210726] (rtabmap_slam_pkg) StdoutLine: {'line': b'-- Up-to-date: /home/nicolas/ws_ros2/install/rtabmap_slam_pkg/share/rtabmap_slam_pkg/environment/ament_prefix_path.sh\n'}
[0.210757] (rtabmap_slam_pkg) StdoutLine: {'line': b'-- Up-to-date: /home/nicolas/ws_ros2/install/rtabmap_slam_pkg/share/rtabmap_slam_pkg/environment/ament_prefix_path.dsv\n'}
[0.210788] (rtabmap_slam_pkg) StdoutLine: {'line': b'-- Up-to-date: /home/nicolas/ws_ros2/install/rtabmap_slam_pkg/share/rtabmap_slam_pkg/environment/path.sh\n'}
[0.210819] (rtabmap_slam_pkg) StdoutLine: {'line': b'-- Up-to-date: /home/nicolas/ws_ros2/install/rtabmap_slam_pkg/share/rtabmap_slam_pkg/environment/path.dsv\n'}
[0.210850] (rtabmap_slam_pkg) StdoutLine: {'line': b'-- Up-to-date: /home/nicolas/ws_ros2/install/rtabmap_slam_pkg/share/rtabmap_slam_pkg/local_setup.bash\n'}
[0.210880] (rtabmap_slam_pkg) StdoutLine: {'line': b'-- Up-to-date: /home/nicolas/ws_ros2/install/rtabmap_slam_pkg/share/rtabmap_slam_pkg/local_setup.sh\n'}
[0.210909] (rtabmap_slam_pkg) StdoutLine: {'line': b'-- Up-to-date: /home/nicolas/ws_ros2/install/rtabmap_slam_pkg/share/rtabmap_slam_pkg/local_setup.zsh\n'}
[0.210939] (rtabmap_slam_pkg) StdoutLine: {'line': b'-- Up-to-date: /home/nicolas/ws_ros2/install/rtabmap_slam_pkg/share/rtabmap_slam_pkg/local_setup.dsv\n'}
[0.210997] (rtabmap_slam_pkg) StdoutLine: {'line': b'-- Installing: /home/nicolas/ws_ros2/install/rtabmap_slam_pkg/share/rtabmap_slam_pkg/package.dsv\n'}
[0.211026] (rtabmap_slam_pkg) StdoutLine: {'line': b'-- Up-to-date: /home/nicolas/ws_ros2/install/rtabmap_slam_pkg/share/ament_index/resource_index/packages/rtabmap_slam_pkg\n'}
[0.211054] (rtabmap_slam_pkg) StdoutLine: {'line': b'-- Up-to-date: /home/nicolas/ws_ros2/install/rtabmap_slam_pkg/share/rtabmap_slam_pkg/cmake/rtabmap_slam_pkgConfig.cmake\n'}
[0.211082] (rtabmap_slam_pkg) StdoutLine: {'line': b'-- Up-to-date: /home/nicolas/ws_ros2/install/rtabmap_slam_pkg/share/rtabmap_slam_pkg/cmake/rtabmap_slam_pkgConfig-version.cmake\n'}
[0.211117] (rtabmap_slam_pkg) StdoutLine: {'line': b'-- Up-to-date: /home/nicolas/ws_ros2/install/rtabmap_slam_pkg/share/rtabmap_slam_pkg/package.xml\n'}
[0.211824] (rtabmap_slam_pkg) CommandEnded: {'returncode': 0}
[0.221562] (rtabmap_slam_pkg) JobEnded: {'identifier': 'rtabmap_slam_pkg', 'rc': 0}
[0.299769] (-) TimerEvent: {}
[0.359799] (my_tf2_package) Command: {'cmd': ['/usr/bin/python3', '-W', 'ignore:setup.py install is deprecated', '-W', 'ignore:easy_install command is deprecated', 'setup.py', 'egg_info', '--egg-base', '../../build/my_tf2_package', 'build', '--build-base', '/home/nicolas/ws_ros2/build/my_tf2_package/build', 'install', '--record', '/home/nicolas/ws_ros2/build/my_tf2_package/install.log', '--single-version-externally-managed', 'install_data'], 'cwd': '/home/nicolas/ws_ros2/src/my_tf2_package', 'env': {'LESSOPEN': '| /usr/bin/lesspipe %s', 'USER': 'nicolas', 'LC_TIME': 'fr_FR.UTF-8', 'XDG_SESSION_TYPE': 'x11', 'SHLVL': '1', 'LD_LIBRARY_PATH': '/opt/ros/humble/opt/rviz_ogre_vendor/lib:/opt/ros/humble/lib/x86_64-linux-gnu:/opt/ros/humble/lib', 'HOME': '/home/nicolas', 'OLDPWD': '/home/nicolas', 'DESKTOP_SESSION': 'ubuntu', 'ROS_PYTHON_VERSION': '3', 'GNOME_SHELL_SESSION_MODE': 'ubuntu', 'GTK_MODULES': 'gail:atk-bridge', 'LC_MONETARY': 'fr_FR.UTF-8', 'SYSTEMD_EXEC_PID': '2066', 'DBUS_SESSION_BUS_ADDRESS': 'unix:path=/run/user/1000/bus', 'COLORTERM': 'truecolor', 'ROS_DISTRO': 'humble', 'GTK_IM_MODULE': 'ibus', 'LOGNAME': 'nicolas', '_': '/usr/bin/colcon', 'ROS_VERSION': '2', 'XDG_SESSION_CLASS': 'user', 'USERNAME': 'nicolas', 'TERM': 'xterm-256color', 'GNOME_DESKTOP_SESSION_ID': 'this-is-deprecated', 'ROS_LOCALHOST_ONLY': '0', 'WINDOWPATH': '2', 'PATH': '/opt/ros/humble/bin:/home/nicolas/.local/bin:/usr/local/sbin:/usr/local/bin:/usr/sbin:/usr/bin:/sbin:/bin:/usr/games:/usr/local/games:/snap/bin:/snap/bin:/opt/xtensa-esp-elf/bin/', 'SESSION_MANAGER': 'local/nicolas-Deputy-P60:@/tmp/.ICE-unix/2041,unix/nicolas-Deputy-P60:/tmp/.ICE-unix/2041', 'XDG_MENU_PREFIX': 'gnome-', 'LC_ADDRESS': 'fr_FR.UTF-8', 'GNOME_TERMINAL_SCREEN': '/org/gnome/Terminal/screen/67bb2182_95d7_49d0_b45b_5ef8ef3d1335', 'XDG_RUNTIME_DIR': '/run/user/1000', 'DISPLAY': ':1', 'LANG': 'en_US.UTF-8', 'XDG_CURRENT_DESKTOP': 'ubuntu:GNOME', 'LC_TELEPHONE': 'fr_FR.UTF-8', 'XMODIFIERS': '@im=ibus', 'XDG_SESSION_DESKTOP': 'ubuntu', 'XAUTHORITY': '/run/user/1000/gdm/Xauthority', 'LS_COLORS': 'rs=0:di=01;34:ln=01;36:mh=00:pi=40;33:so=01;35:do=01;35:bd=40;33;01:cd=40;33;01:or=40;31;01:mi=00:su=37;41:sg=30;43:ca=30;41:tw=30;42:ow=34;42:st=37;44:ex=01;32:*.tar=01;31:*.tgz=01;31:*.arc=01;31:*.arj=01;31:*.taz=01;31:*.lha=01;31:*.lz4=01;31:*.lzh=01;31:*.lzma=01;31:*.tlz=01;31:*.txz=01;31:*.tzo=01;31:*.t7z=01;31:*.zip=01;31:*.z=01;31:*.dz=01;31:*.gz=01;31:*.lrz=01;31:*.lz=01;31:*.lzo=01;31:*.xz=01;31:*.zst=01;31:*.tzst=01;31:*.bz2=01;31:*.bz=01;31:*.tbz=01;31:*.tbz2=01;31:*.tz=01;31:*.deb=01;31:*.rpm=01;31:*.jar=01;31:*.war=01;31:*.ear=01;31:*.sar=01;31:*.rar=01;31:*.alz=01;31:*.ace=01;31:*.zoo=01;31:*.cpio=01;31:*.7z=01;31:*.rz=01;31:*.cab=01;31:*.wim=01;31:*.swm=01;31:*.dwm=01;31:*.esd=01;31:*.jpg=01;35:*.jpeg=01;35:*.mjpg=01;35:*.mjpeg=01;35:*.gif=01;35:*.bmp=01;35:*.pbm=01;35:*.pgm=01;35:*.ppm=01;35:*.tga=01;35:*.xbm=01;35:*.xpm=01;35:*.tif=01;35:*.tiff=01;35:*.png=01;35:*.svg=01;35:*.svgz=01;35:*.mng=01;35:*.pcx=01;35:*.mov=01;35:*.mpg=01;35:*.mpeg=01;35:*.m2v=01;35:*.mkv=01;35:*.webm=01;35:*.webp=01;35:*.ogm=01;35:*.mp4=01;35:*.m4v=01;35:*.mp4v=01;35:*.vob=01;35:*.qt=01;35:*.nuv=01;35:*.wmv=01;35:*.asf=01;35:*.rm=01;35:*.rmvb=01;35:*.flc=01;35:*.avi=01;35:*.fli=01;35:*.flv=01;35:*.gl=01;35:*.dl=01;35:*.xcf=01;35:*.xwd=01;35:*.yuv=01;35:*.cgm=01;35:*.emf=01;35:*.ogv=01;35:*.ogx=01;35:*.aac=00;36:*.au=00;36:*.flac=00;36:*.m4a=00;36:*.mid=00;36:*.midi=00;36:*.mka=00;36:*.mp3=00;36:*.mpc=00;36:*.ogg=00;36:*.ra=00;36:*.wav=00;36:*.oga=00;36:*.opus=00;36:*.spx=00;36:*.xspf=00;36:', 'GNOME_TERMINAL_SERVICE': ':1.315', 'SSH_AGENT_LAUNCHER': 'gnome-keyring', 'SSH_AUTH_SOCK': '/run/user/1000/keyring/ssh', 'AMENT_PREFIX_PATH': '/opt/ros/humble', 'SHELL': '/bin/bash', 'LC_NAME': 'fr_FR.UTF-8', 'QT_ACCESSIBILITY': '1', 'GDMSESSION': 'ubuntu', 'LESSCLOSE': '/usr/bin/lesspipe %s %s', 'LC_MEASUREMENT': 'fr_FR.UTF-8', 'GPG_AGENT_INFO': '/run/user/1000/gnupg/S.gpg-agent:0:1', 'LC_IDENTIFICATION': 'fr_FR.UTF-8', 'QT_IM_MODULE': 'ibus', 'PWD': '/home/nicolas/ws_ros2/build/my_tf2_package', 'LC_ALL': 'en_US.UTF-8', 'XDG_CONFIG_DIRS': '/etc/xdg/xdg-ubuntu:/etc/xdg', 'XDG_DATA_DIRS': '/usr/share/ubuntu:/usr/share/gnome:/usr/local/share/:/usr/share/:/var/lib/snapd/desktop', 'PYTHONPATH': '/home/nicolas/ws_ros2/build/my_tf2_package/prefix_override:/usr/lib/python3/dist-packages/colcon_core/task/python/colcon_distutils_commands:/home/nicolas/ws_ros2/install/my_tf2_package/lib/python3.10/site-packages:/opt/ros/humble/lib/python3.10/site-packages:/opt/ros/humble/local/lib/python3.10/dist-packages', 'LC_NUMERIC': 'fr_FR.UTF-8', 'LC_PAPER': 'fr_FR.UTF-8', 'COLCON': '1', 'VTE_VERSION': '6800'}, 'shell': False}
[0.399891] (-) TimerEvent: {}
[0.409395] (px4_msgs) StdoutLine: {'line': b'[  0%] Built target px4_msgs__cpp\n'}
[0.426277] (px4_msgs) StdoutLine: {'line': b'[  0%] Built target ament_cmake_python_copy_px4_msgs\n'}
[0.455691] (px4_msgs) StdoutLine: {'line': b'[ 12%] Built target px4_msgs__rosidl_generator_c\n'}
[0.499995] (-) TimerEvent: {}
[0.507963] (px4_msgs) StdoutLine: {'line': b'[ 25%] Built target px4_msgs__rosidl_typesupport_c\n'}
[0.516953] (px4_msgs) StdoutLine: {'line': b'[ 37%] Built target px4_msgs__rosidl_typesupport_cpp\n'}
[0.521221] (px4_msgs) StdoutLine: {'line': b'[ 50%] Built target px4_msgs__rosidl_typesupport_introspection_c\n'}
[0.539968] (px4_msgs) StdoutLine: {'line': b'[ 67%] Built target px4_msgs__rosidl_typesupport_fastrtps_cpp\n'}
[0.540138] (px4_msgs) StdoutLine: {'line': b'[ 75%] Built target px4_msgs__rosidl_typesupport_introspection_cpp\n'}
[0.542482] (my_tf2_package) StdoutLine: {'line': b'running egg_info\n'}
[0.543138] (my_tf2_package) StdoutLine: {'line': b'writing ../../build/my_tf2_package/my_tf2_package.egg-info/PKG-INFO\n'}
[0.543218] (my_tf2_package) StdoutLine: {'line': b'writing dependency_links to ../../build/my_tf2_package/my_tf2_package.egg-info/dependency_links.txt\n'}
[0.543331] (my_tf2_package) StdoutLine: {'line': b'writing entry points to ../../build/my_tf2_package/my_tf2_package.egg-info/entry_points.txt\n'}
[0.543406] (my_tf2_package) StdoutLine: {'line': b'writing requirements to ../../build/my_tf2_package/my_tf2_package.egg-info/requires.txt\n'}
[0.543479] (my_tf2_package) StdoutLine: {'line': b'writing top-level names to ../../build/my_tf2_package/my_tf2_package.egg-info/top_level.txt\n'}
[0.544991] (my_tf2_package) StdoutLine: {'line': b"reading manifest file '../../build/my_tf2_package/my_tf2_package.egg-info/SOURCES.txt'\n"}
[0.545706] (my_tf2_package) StdoutLine: {'line': b"writing manifest file '../../build/my_tf2_package/my_tf2_package.egg-info/SOURCES.txt'\n"}
[0.545749] (my_tf2_package) StdoutLine: {'line': b'running build\n'}
[0.545787] (my_tf2_package) StdoutLine: {'line': b'running build_py\n'}
[0.545932] (my_tf2_package) StdoutLine: {'line': b'copying my_tf2_package/drone_tf_publisher.py -> /home/nicolas/ws_ros2/build/my_tf2_package/build/lib/my_tf2_package\n'}
[0.546121] (my_tf2_package) StdoutLine: {'line': b'running install\n'}
[0.546373] (my_tf2_package) StdoutLine: {'line': b'running install_lib\n'}
[0.546935] (my_tf2_package) StdoutLine: {'line': b'copying /home/nicolas/ws_ros2/build/my_tf2_package/build/lib/my_tf2_package/drone_tf_publisher.py -> /home/nicolas/ws_ros2/install/my_tf2_package/lib/python3.10/site-packages/my_tf2_package\n'}
[0.547402] (my_tf2_package) StdoutLine: {'line': b'byte-compiling /home/nicolas/ws_ros2/install/my_tf2_package/lib/python3.10/site-packages/my_tf2_package/drone_tf_publisher.py to drone_tf_publisher.cpython-310.pyc\n'}
[0.547835] (my_tf2_package) StdoutLine: {'line': b'running install_data\n'}
[0.548018] (my_tf2_package) StdoutLine: {'line': b'running install_egg_info\n'}
[0.549444] (my_tf2_package) StdoutLine: {'line': b"removing '/home/nicolas/ws_ros2/install/my_tf2_package/lib/python3.10/site-packages/my_tf2_package-0.0.0-py3.10.egg-info' (and everything under it)\n"}
[0.549707] (my_tf2_package) StdoutLine: {'line': b'Copying ../../build/my_tf2_package/my_tf2_package.egg-info to /home/nicolas/ws_ros2/install/my_tf2_package/lib/python3.10/site-packages/my_tf2_package-0.0.0-py3.10.egg-info\n'}
[0.550192] (my_tf2_package) StdoutLine: {'line': b'running install_scripts\n'}
[0.564983] (px4_msgs) StdoutLine: {'line': b'[ 88%] Built target px4_msgs__rosidl_typesupport_fastrtps_c\n'}
[0.567315] (my_tf2_package) StdoutLine: {'line': b'Installing drone_tf_node script to /home/nicolas/ws_ros2/install/my_tf2_package/lib/my_tf2_package\n'}
[0.567445] (my_tf2_package) StdoutLine: {'line': b"writing list of installed files to '/home/nicolas/ws_ros2/build/my_tf2_package/install.log'\n"}
[0.585555] (px4_msgs) StdoutLine: {'line': b'[ 88%] Built target px4_msgs\n'}
[0.587267] (my_tf2_package) CommandEnded: {'returncode': 0}
[0.592199] (my_tf2_package) JobEnded: {'identifier': 'my_tf2_package', 'rc': 0}
[0.600098] (-) TimerEvent: {}
[0.616915] (px4_msgs) StdoutLine: {'line': b'[ 88%] Built target px4_msgs__py\n'}
[0.628291] (px4_msgs) StdoutLine: {'line': b'running egg_info\n'}
[0.628727] (px4_msgs) StdoutLine: {'line': b'writing px4_msgs.egg-info/PKG-INFO\n'}
[0.628895] (px4_msgs) StdoutLine: {'line': b'writing dependency_links to px4_msgs.egg-info/dependency_links.txt\n'}
[0.628950] (px4_msgs) StdoutLine: {'line': b'writing top-level names to px4_msgs.egg-info/top_level.txt\n'}
[0.632563] (px4_msgs) StdoutLine: {'line': b"reading manifest file 'px4_msgs.egg-info/SOURCES.txt'\n"}
[0.634839] (px4_msgs) StdoutLine: {'line': b"writing manifest file 'px4_msgs.egg-info/SOURCES.txt'\n"}
[0.651410] (px4_msgs) StdoutLine: {'line': b'[ 88%] Built target ament_cmake_python_build_px4_msgs_egg\n'}
[0.689352] (px4_msgs) StdoutLine: {'line': b'[100%] Built target px4_msgs__rosidl_generator_py\n'}
[0.700214] (-) TimerEvent: {}
[0.705010] (px4_msgs) StdoutLine: {'line': b'[100%] Built target px4_msgs__rosidl_typesupport_c__pyext\n'}
[0.706328] (px4_msgs) StdoutLine: {'line': b'[100%] Built target px4_msgs__rosidl_typesupport_introspection_c__pyext\n'}
[0.708002] (px4_msgs) StdoutLine: {'line': b'[100%] Built target px4_msgs__rosidl_typesupport_fastrtps_c__pyext\n'}
[0.715541] (px4_msgs) CommandEnded: {'returncode': 0}
[0.716085] (px4_msgs) JobProgress: {'identifier': 'px4_msgs', 'progress': 'install'}
[0.716101] (px4_msgs) Command: {'cmd': ['/usr/bin/cmake', '--install', '/home/nicolas/ws_ros2/build/px4_msgs'], 'cwd': '/home/nicolas/ws_ros2/build/px4_msgs', 'env': OrderedDict([('LESSOPEN', '| /usr/bin/lesspipe %s'), ('USER', 'nicolas'), ('LC_TIME', 'fr_FR.UTF-8'), ('XDG_SESSION_TYPE', 'x11'), ('SHLVL', '1'), ('LD_LIBRARY_PATH', '/opt/ros/humble/opt/rviz_ogre_vendor/lib:/opt/ros/humble/lib/x86_64-linux-gnu:/opt/ros/humble/lib'), ('HOME', '/home/nicolas'), ('OLDPWD', '/home/nicolas'), ('DESKTOP_SESSION', 'ubuntu'), ('ROS_PYTHON_VERSION', '3'), ('GNOME_SHELL_SESSION_MODE', 'ubuntu'), ('GTK_MODULES', 'gail:atk-bridge'), ('LC_MONETARY', 'fr_FR.UTF-8'), ('SYSTEMD_EXEC_PID', '2066'), ('DBUS_SESSION_BUS_ADDRESS', 'unix:path=/run/user/1000/bus'), ('COLORTERM', 'truecolor'), ('ROS_DISTRO', 'humble'), ('GTK_IM_MODULE', 'ibus'), ('LOGNAME', 'nicolas'), ('_', '/usr/bin/colcon'), ('ROS_VERSION', '2'), ('XDG_SESSION_CLASS', 'user'), ('USERNAME', 'nicolas'), ('TERM', 'xterm-256color'), ('GNOME_DESKTOP_SESSION_ID', 'this-is-deprecated'), ('ROS_LOCALHOST_ONLY', '0'), ('WINDOWPATH', '2'), ('PATH', '/opt/ros/humble/bin:/home/nicolas/.local/bin:/usr/local/sbin:/usr/local/bin:/usr/sbin:/usr/bin:/sbin:/bin:/usr/games:/usr/local/games:/snap/bin:/snap/bin:/opt/xtensa-esp-elf/bin/'), ('SESSION_MANAGER', 'local/nicolas-Deputy-P60:@/tmp/.ICE-unix/2041,unix/nicolas-Deputy-P60:/tmp/.ICE-unix/2041'), ('XDG_MENU_PREFIX', 'gnome-'), ('LC_ADDRESS', 'fr_FR.UTF-8'), ('GNOME_TERMINAL_SCREEN', '/org/gnome/Terminal/screen/67bb2182_95d7_49d0_b45b_5ef8ef3d1335'), ('XDG_RUNTIME_DIR', '/run/user/1000'), ('DISPLAY', ':1'), ('LANG', 'en_US.UTF-8'), ('XDG_CURRENT_DESKTOP', 'ubuntu:GNOME'), ('LC_TELEPHONE', 'fr_FR.UTF-8'), ('XMODIFIERS', '@im=ibus'), ('XDG_SESSION_DESKTOP', 'ubuntu'), ('XAUTHORITY', '/run/user/1000/gdm/Xauthority'), ('LS_COLORS', 'rs=0:di=01;34:ln=01;36:mh=00:pi=40;33:so=01;35:do=01;35:bd=40;33;01:cd=40;33;01:or=40;31;01:mi=00:su=37;41:sg=30;43:ca=30;41:tw=30;42:ow=34;42:st=37;44:ex=01;32:*.tar=01;31:*.tgz=01;31:*.arc=01;31:*.arj=01;31:*.taz=01;31:*.lha=01;31:*.lz4=01;31:*.lzh=01;31:*.lzma=01;31:*.tlz=01;31:*.txz=01;31:*.tzo=01;31:*.t7z=01;31:*.zip=01;31:*.z=01;31:*.dz=01;31:*.gz=01;31:*.lrz=01;31:*.lz=01;31:*.lzo=01;31:*.xz=01;31:*.zst=01;31:*.tzst=01;31:*.bz2=01;31:*.bz=01;31:*.tbz=01;31:*.tbz2=01;31:*.tz=01;31:*.deb=01;31:*.rpm=01;31:*.jar=01;31:*.war=01;31:*.ear=01;31:*.sar=01;31:*.rar=01;31:*.alz=01;31:*.ace=01;31:*.zoo=01;31:*.cpio=01;31:*.7z=01;31:*.rz=01;31:*.cab=01;31:*.wim=01;31:*.swm=01;31:*.dwm=01;31:*.esd=01;31:*.jpg=01;35:*.jpeg=01;35:*.mjpg=01;35:*.mjpeg=01;35:*.gif=01;35:*.bmp=01;35:*.pbm=01;35:*.pgm=01;35:*.ppm=01;35:*.tga=01;35:*.xbm=01;35:*.xpm=01;35:*.tif=01;35:*.tiff=01;35:*.png=01;35:*.svg=01;35:*.svgz=01;35:*.mng=01;35:*.pcx=01;35:*.mov=01;35:*.mpg=01;35:*.mpeg=01;35:*.m2v=01;35:*.mkv=01;35:*.webm=01;35:*.webp=01;35:*.ogm=01;35:*.mp4=01;35:*.m4v=01;35:*.mp4v=01;35:*.vob=01;35:*.qt=01;35:*.nuv=01;35:*.wmv=01;35:*.asf=01;35:*.rm=01;35:*.rmvb=01;35:*.flc=01;35:*.avi=01;35:*.fli=01;35:*.flv=01;35:*.gl=01;35:*.dl=01;35:*.xcf=01;35:*.xwd=01;35:*.yuv=01;35:*.cgm=01;35:*.emf=01;35:*.ogv=01;35:*.ogx=01;35:*.aac=00;36:*.au=00;36:*.flac=00;36:*.m4a=00;36:*.mid=00;36:*.midi=00;36:*.mka=00;36:*.mp3=00;36:*.mpc=00;36:*.ogg=00;36:*.ra=00;36:*.wav=00;36:*.oga=00;36:*.opus=00;36:*.spx=00;36:*.xspf=00;36:'), ('GNOME_TERMINAL_SERVICE', ':1.315'), ('SSH_AGENT_LAUNCHER', 'gnome-keyring'), ('SSH_AUTH_SOCK', '/run/user/1000/keyring/ssh'), ('AMENT_PREFIX_PATH', '/opt/ros/humble'), ('SHELL', '/bin/bash'), ('LC_NAME', 'fr_FR.UTF-8'), ('QT_ACCESSIBILITY', '1'), ('GDMSESSION', 'ubuntu'), ('LESSCLOSE', '/usr/bin/lesspipe %s %s'), ('LC_MEASUREMENT', 'fr_FR.UTF-8'), ('GPG_AGENT_INFO', '/run/user/1000/gnupg/S.gpg-agent:0:1'), ('LC_IDENTIFICATION', 'fr_FR.UTF-8'), ('QT_IM_MODULE', 'ibus'), ('PWD', '/home/nicolas/ws_ros2/build/px4_msgs'), ('LC_ALL', 'en_US.UTF-8'), ('XDG_CONFIG_DIRS', '/etc/xdg/xdg-ubuntu:/etc/xdg'), ('XDG_DATA_DIRS', '/usr/share/ubuntu:/usr/share/gnome:/usr/local/share/:/usr/share/:/var/lib/snapd/desktop'), ('PYTHONPATH', '/opt/ros/humble/lib/python3.10/site-packages:/opt/ros/humble/local/lib/python3.10/dist-packages'), ('LC_NUMERIC', 'fr_FR.UTF-8'), ('LC_PAPER', 'fr_FR.UTF-8'), ('COLCON', '1'), ('VTE_VERSION', '6800'), ('CMAKE_PREFIX_PATH', '/opt/ros/humble')]), 'shell': False}
[0.722444] (px4_msgs) StdoutLine: {'line': b'-- Install configuration: ""\n'}
[0.722538] (px4_msgs) StdoutLine: {'line': b'-- Up-to-date: /home/nicolas/ws_ros2/install/px4_msgs/share/ament_index/resource_index/rosidl_interfaces/px4_msgs\n'}
[0.722577] (px4_msgs) StdoutLine: {'line': b'-- Up-to-date: /home/nicolas/ws_ros2/install/px4_msgs/include/px4_msgs/px4_msgs\n'}
[0.722608] (px4_msgs) StdoutLine: {'line': b'-- Up-to-date: /home/nicolas/ws_ros2/install/px4_msgs/include/px4_msgs/px4_msgs/srv\n'}
[0.722639] (px4_msgs) StdoutLine: {'line': b'-- Up-to-date: /home/nicolas/ws_ros2/install/px4_msgs/include/px4_msgs/px4_msgs/srv/detail\n'}
[0.722689] (px4_msgs) StdoutLine: {'line': b'-- Up-to-date: /home/nicolas/ws_ros2/install/px4_msgs/include/px4_msgs/px4_msgs/srv/detail/vehicle_command__type_support.h\n'}
[0.722716] (px4_msgs) StdoutLine: {'line': b'-- Up-to-date: /home/nicolas/ws_ros2/install/px4_msgs/include/px4_msgs/px4_msgs/srv/detail/vehicle_command__struct.h\n'}
[0.722746] (px4_msgs) StdoutLine: {'line': b'-- Up-to-date: /home/nicolas/ws_ros2/install/px4_msgs/include/px4_msgs/px4_msgs/srv/detail/vehicle_command__functions.c\n'}
[0.722775] (px4_msgs) StdoutLine: {'line': b'-- Up-to-date: /home/nicolas/ws_ros2/install/px4_msgs/include/px4_msgs/px4_msgs/srv/detail/vehicle_command__functions.h\n'}
[0.722804] (px4_msgs) StdoutLine: {'line': b'-- Up-to-date: /home/nicolas/ws_ros2/install/px4_msgs/include/px4_msgs/px4_msgs/srv/vehicle_command.h\n'}
[0.722831] (px4_msgs) StdoutLine: {'line': b'-- Up-to-date: /home/nicolas/ws_ros2/install/px4_msgs/include/px4_msgs/px4_msgs/msg\n'}
[0.722858] (px4_msgs) StdoutLine: {'line': b'-- Up-to-date: /home/nicolas/ws_ros2/install/px4_msgs/include/px4_msgs/px4_msgs/msg/distance_sensor.h\n'}
[0.722886] (px4_msgs) StdoutLine: {'line': b'-- Up-to-date: /home/nicolas/ws_ros2/install/px4_msgs/include/px4_msgs/px4_msgs/msg/airspeed.h\n'}
[0.722913] (px4_msgs) StdoutLine: {'line': b'-- Up-to-date: /home/nicolas/ws_ros2/install/px4_msgs/include/px4_msgs/px4_msgs/msg/actuator_armed.h\n'}
[0.722940] (px4_msgs) StdoutLine: {'line': b'-- Up-to-date: /home/nicolas/ws_ros2/install/px4_msgs/include/px4_msgs/px4_msgs/msg/debug_key_value.h\n'}
[0.722968] (px4_msgs) StdoutLine: {'line': b'-- Up-to-date: /home/nicolas/ws_ros2/install/px4_msgs/include/px4_msgs/px4_msgs/msg/sensor_gnss_status.h\n'}
[0.722996] (px4_msgs) StdoutLine: {'line': b'-- Up-to-date: /home/nicolas/ws_ros2/install/px4_msgs/include/px4_msgs/px4_msgs/msg/fixed_wing_longitudinal_setpoint.h\n'}
[0.723023] (px4_msgs) StdoutLine: {'line': b'-- Up-to-date: /home/nicolas/ws_ros2/install/px4_msgs/include/px4_msgs/px4_msgs/msg/actuator_controls_status.h\n'}
[0.723050] (px4_msgs) StdoutLine: {'line': b'-- Up-to-date: /home/nicolas/ws_ros2/install/px4_msgs/include/px4_msgs/px4_msgs/msg/gimbal_device_set_attitude.h\n'}
[0.723136] (px4_msgs) StdoutLine: {'line': b'-- Up-to-date: /home/nicolas/ws_ros2/install/px4_msgs/include/px4_msgs/px4_msgs/msg/message_format_response.h\n'}
[0.723167] (px4_msgs) StdoutLine: {'line': b'-- Up-to-date: /home/nicolas/ws_ros2/install/px4_msgs/include/px4_msgs/px4_msgs/msg/pwm_input.h\n'}
[0.723253] (px4_msgs) StdoutLine: {'line': b'-- Up-to-date: /home/nicolas/ws_ros2/install/px4_msgs/include/px4_msgs/px4_msgs/msg/vehicle_angular_acceleration_setpoint.h\n'}
[0.723282] (px4_msgs) StdoutLine: {'line': b'-- Up-to-date: /home/nicolas/ws_ros2/install/px4_msgs/include/px4_msgs/px4_msgs/msg/sensor_accel.h\n'}
[0.723312] (px4_msgs) StdoutLine: {'line': b'-- Up-to-date: /home/nicolas/ws_ros2/install/px4_msgs/include/px4_msgs/px4_msgs/msg/vehicle_torque_setpoint.h\n'}
[0.723345] (px4_msgs) StdoutLine: {'line': b'-- Up-to-date: /home/nicolas/ws_ros2/install/px4_msgs/include/px4_msgs/px4_msgs/msg/parameter_reset_request.h\n'}
[0.723375] (px4_msgs) StdoutLine: {'line': b'-- Up-to-date: /home/nicolas/ws_ros2/install/px4_msgs/include/px4_msgs/px4_msgs/msg/vehicle_land_detected.h\n'}
[0.723402] (px4_msgs) StdoutLine: {'line': b'-- Up-to-date: /home/nicolas/ws_ros2/install/px4_msgs/include/px4_msgs/px4_msgs/msg/dataman_request.h\n'}
[0.723429] (px4_msgs) StdoutLine: {'line': b'-- Up-to-date: /home/nicolas/ws_ros2/install/px4_msgs/include/px4_msgs/px4_msgs/msg/rate_ctrl_status.h\n'}
[0.723502] (px4_msgs) StdoutLine: {'line': b'-- Up-to-date: /home/nicolas/ws_ros2/install/px4_msgs/include/px4_msgs/px4_msgs/msg/sensor_gnss_relative.h\n'}
[0.723538] (px4_msgs) StdoutLine: {'line': b'-- Up-to-date: /home/nicolas/ws_ros2/install/px4_msgs/include/px4_msgs/px4_msgs/msg/rc_parameter_map.h\n'}
[0.723564] (px4_msgs) StdoutLine: {'line': b'-- Up-to-date: /home/nicolas/ws_ros2/install/px4_msgs/include/px4_msgs/px4_msgs/msg/distance_sensor_mode_change_request.h\n'}
[0.723630] (px4_msgs) StdoutLine: {'line': b'-- Up-to-date: /home/nicolas/ws_ros2/install/px4_msgs/include/px4_msgs/px4_msgs/msg/orbit_status.h\n'}
[0.723658] (px4_msgs) StdoutLine: {'line': b'-- Up-to-date: /home/nicolas/ws_ros2/install/px4_msgs/include/px4_msgs/px4_msgs/msg/gimbal_manager_status.h\n'}
[0.723685] (px4_msgs) StdoutLine: {'line': b'-- Up-to-date: /home/nicolas/ws_ros2/install/px4_msgs/include/px4_msgs/px4_msgs/msg/system_power.h\n'}
[0.723712] (px4_msgs) StdoutLine: {'line': b'-- Up-to-date: /home/nicolas/ws_ros2/install/px4_msgs/include/px4_msgs/px4_msgs/msg/neural_control.h\n'}
[0.723739] (px4_msgs) StdoutLine: {'line': b'-- Up-to-date: /home/nicolas/ws_ros2/install/px4_msgs/include/px4_msgs/px4_msgs/msg/px4io_status.h\n'}
[0.723765] (px4_msgs) StdoutLine: {'line': b'-- Up-to-date: /home/nicolas/ws_ros2/install/px4_msgs/include/px4_msgs/px4_msgs/msg/vehicle_attitude.h\n'}
[0.723793] (px4_msgs) StdoutLine: {'line': b'-- Up-to-date: /home/nicolas/ws_ros2/install/px4_msgs/include/px4_msgs/px4_msgs/msg/manual_control_setpoint.h\n'}
[0.723820] (px4_msgs) StdoutLine: {'line': b'-- Up-to-date: /home/nicolas/ws_ros2/install/px4_msgs/include/px4_msgs/px4_msgs/msg/sensor_optical_flow.h\n'}
[0.723846] (px4_msgs) StdoutLine: {'line': b'-- Up-to-date: /home/nicolas/ws_ros2/install/px4_msgs/include/px4_msgs/px4_msgs/msg/cellular_status.h\n'}
[0.723872] (px4_msgs) StdoutLine: {'line': b'-- Up-to-date: /home/nicolas/ws_ros2/install/px4_msgs/include/px4_msgs/px4_msgs/msg/rover_throttle_setpoint.h\n'}
[0.723898] (px4_msgs) StdoutLine: {'line': b'-- Up-to-date: /home/nicolas/ws_ros2/install/px4_msgs/include/px4_msgs/px4_msgs/msg/onboard_computer_status.h\n'}
[0.723924] (px4_msgs) StdoutLine: {'line': b'-- Up-to-date: /home/nicolas/ws_ros2/install/px4_msgs/include/px4_msgs/px4_msgs/msg/sensor_hygrometer.h\n'}
[0.723950] (px4_msgs) StdoutLine: {'line': b'-- Up-to-date: /home/nicolas/ws_ros2/install/px4_msgs/include/px4_msgs/px4_msgs/msg/offboard_control_mode.h\n'}
[0.723976] (px4_msgs) StdoutLine: {'line': b'-- Up-to-date: /home/nicolas/ws_ros2/install/px4_msgs/include/px4_msgs/px4_msgs/msg/fixed_wing_lateral_guidance_status.h\n'}
[0.724002] (px4_msgs) StdoutLine: {'line': b'-- Up-to-date: /home/nicolas/ws_ros2/install/px4_msgs/include/px4_msgs/px4_msgs/msg/fuel_tank_status.h\n'}
[0.724027] (px4_msgs) StdoutLine: {'line': b'-- Up-to-date: /home/nicolas/ws_ros2/install/px4_msgs/include/px4_msgs/px4_msgs/msg/vehicle_optical_flow.h\n'}
[0.724053] (px4_msgs) StdoutLine: {'line': b'-- Up-to-date: /home/nicolas/ws_ros2/install/px4_msgs/include/px4_msgs/px4_msgs/msg/battery_info.h\n'}
[0.724080] (px4_msgs) StdoutLine: {'line': b'-- Up-to-date: /home/nicolas/ws_ros2/install/px4_msgs/include/px4_msgs/px4_msgs/msg/orb_test.h\n'}
[0.724105] (px4_msgs) StdoutLine: {'line': b'-- Up-to-date: /home/nicolas/ws_ros2/install/px4_msgs/include/px4_msgs/px4_msgs/msg/sensors_status.h\n'}
[0.724132] (px4_msgs) StdoutLine: {'line': b'-- Up-to-date: /home/nicolas/ws_ros2/install/px4_msgs/include/px4_msgs/px4_msgs/msg/battery_status.h\n'}
[0.724159] (px4_msgs) StdoutLine: {'line': b'-- Up-to-date: /home/nicolas/ws_ros2/install/px4_msgs/include/px4_msgs/px4_msgs/msg/gps_inject_data.h\n'}
[0.724186] (px4_msgs) StdoutLine: {'line': b'-- Up-to-date: /home/nicolas/ws_ros2/install/px4_msgs/include/px4_msgs/px4_msgs/msg/unregister_ext_component.h\n'}
[0.724213] (px4_msgs) StdoutLine: {'line': b'-- Up-to-date: /home/nicolas/ws_ros2/install/px4_msgs/include/px4_msgs/px4_msgs/msg/mission_result.h\n'}
[0.724239] (px4_msgs) StdoutLine: {'line': b'-- Up-to-date: /home/nicolas/ws_ros2/install/px4_msgs/include/px4_msgs/px4_msgs/msg/debug_array.h\n'}
[0.724266] (px4_msgs) StdoutLine: {'line': b'-- Up-to-date: /home/nicolas/ws_ros2/install/px4_msgs/include/px4_msgs/px4_msgs/msg/manual_control_switches.h\n'}
[0.724292] (px4_msgs) StdoutLine: {'line': b'-- Up-to-date: /home/nicolas/ws_ros2/install/px4_msgs/include/px4_msgs/px4_msgs/msg/actuator_outputs.h\n'}
[0.724351] (px4_msgs) StdoutLine: {'line': b'-- Up-to-date: /home/nicolas/ws_ros2/install/px4_msgs/include/px4_msgs/px4_msgs/msg/ulog_stream.h\n'}
[0.724426] (px4_msgs) StdoutLine: {'line': b'-- Up-to-date: /home/nicolas/ws_ros2/install/px4_msgs/include/px4_msgs/px4_msgs/msg/home_position.h\n'}
[0.724500] (px4_msgs) StdoutLine: {'line': b'-- Up-to-date: /home/nicolas/ws_ros2/install/px4_msgs/include/px4_msgs/px4_msgs/msg/estimator_status.h\n'}
[0.724529] (px4_msgs) StdoutLine: {'line': b'-- Up-to-date: /home/nicolas/ws_ros2/install/px4_msgs/include/px4_msgs/px4_msgs/msg/mount_orientation.h\n'}
[0.724557] (px4_msgs) StdoutLine: {'line': b'-- Up-to-date: /home/nicolas/ws_ros2/install/px4_msgs/include/px4_msgs/px4_msgs/msg/vehicle_control_mode.h\n'}
[0.724583] (px4_msgs) StdoutLine: {'line': b'-- Up-to-date: /home/nicolas/ws_ros2/install/px4_msgs/include/px4_msgs/px4_msgs/msg/dataman_response.h\n'}
[0.724609] (px4_msgs) StdoutLine: {'line': b'-- Up-to-date: /home/nicolas/ws_ros2/install/px4_msgs/include/px4_msgs/px4_msgs/msg/telemetry_status.h\n'}
[0.724635] (px4_msgs) StdoutLine: {'line': b'-- Up-to-date: /home/nicolas/ws_ros2/install/px4_msgs/include/px4_msgs/px4_msgs/msg/qshell_req.h\n'}
[0.724663] (px4_msgs) StdoutLine: {'line': b'-- Up-to-date: /home/nicolas/ws_ros2/install/px4_msgs/include/px4_msgs/px4_msgs/msg/pps_capture.h\n'}
[0.724689] (px4_msgs) StdoutLine: {'line': b'-- Up-to-date: /home/nicolas/ws_ros2/install/px4_msgs/include/px4_msgs/px4_msgs/msg/vtol_vehicle_status.h\n'}
[0.724715] (px4_msgs) StdoutLine: {'line': b'-- Up-to-date: /home/nicolas/ws_ros2/install/px4_msgs/include/px4_msgs/px4_msgs/msg/estimator_aid_source1d.h\n'}
[0.724741] (px4_msgs) StdoutLine: {'line': b'-- Up-to-date: /home/nicolas/ws_ros2/install/px4_msgs/include/px4_msgs/px4_msgs/msg/rover_rate_status.h\n'}
[0.724861] (px4_msgs) StdoutLine: {'line': b'-- Up-to-date: /home/nicolas/ws_ros2/install/px4_msgs/include/px4_msgs/px4_msgs/msg/follow_target.h\n'}
[0.724889] (px4_msgs) StdoutLine: {'line': b'-- Up-to-date: /home/nicolas/ws_ros2/install/px4_msgs/include/px4_msgs/px4_msgs/msg/follow_target_status.h\n'}
[0.724916] (px4_msgs) StdoutLine: {'line': b'-- Up-to-date: /home/nicolas/ws_ros2/install/px4_msgs/include/px4_msgs/px4_msgs/msg/control_allocator_status.h\n'}
[0.724944] (px4_msgs) StdoutLine: {'line': b'-- Up-to-date: /home/nicolas/ws_ros2/install/px4_msgs/include/px4_msgs/px4_msgs/msg/vehicle_imu.h\n'}
[0.724970] (px4_msgs) StdoutLine: {'line': b'-- Up-to-date: /home/nicolas/ws_ros2/install/px4_msgs/include/px4_msgs/px4_msgs/msg/mavlink_log.h\n'}
[0.724996] (px4_msgs) StdoutLine: {'line': b'-- Up-to-date: /home/nicolas/ws_ros2/install/px4_msgs/include/px4_msgs/px4_msgs/msg/landing_gear.h\n'}
[0.725022] (px4_msgs) StdoutLine: {'line': b'-- Up-to-date: /home/nicolas/ws_ros2/install/px4_msgs/include/px4_msgs/px4_msgs/msg/sensor_gyro_fft.h\n'}
[0.725048] (px4_msgs) StdoutLine: {'line': b'-- Up-to-date: /home/nicolas/ws_ros2/install/px4_msgs/include/px4_msgs/px4_msgs/msg/gpio_request.h\n'}
[0.725074] (px4_msgs) StdoutLine: {'line': b'-- Up-to-date: /home/nicolas/ws_ros2/install/px4_msgs/include/px4_msgs/px4_msgs/msg/gpio_out.h\n'}
[0.725100] (px4_msgs) StdoutLine: {'line': b'-- Up-to-date: /home/nicolas/ws_ros2/install/px4_msgs/include/px4_msgs/px4_msgs/msg/mission.h\n'}
[0.725127] (px4_msgs) StdoutLine: {'line': b'-- Up-to-date: /home/nicolas/ws_ros2/install/px4_msgs/include/px4_msgs/px4_msgs/msg/debug_value.h\n'}
[0.725153] (px4_msgs) StdoutLine: {'line': b'-- Up-to-date: /home/nicolas/ws_ros2/install/px4_msgs/include/px4_msgs/px4_msgs/msg/position_controller_landing_status.h\n'}
[0.725179] (px4_msgs) StdoutLine: {'line': b'-- Up-to-date: /home/nicolas/ws_ros2/install/px4_msgs/include/px4_msgs/px4_msgs/msg/input_rc.h\n'}
[0.725207] (px4_msgs) StdoutLine: {'line': b'-- Up-to-date: /home/nicolas/ws_ros2/install/px4_msgs/include/px4_msgs/px4_msgs/msg/esc_status.h\n'}
[0.725234] (px4_msgs) StdoutLine: {'line': b'-- Up-to-date: /home/nicolas/ws_ros2/install/px4_msgs/include/px4_msgs/px4_msgs/msg/mag_worker_data.h\n'}
[0.725261] (px4_msgs) StdoutLine: {'line': b'-- Up-to-date: /home/nicolas/ws_ros2/install/px4_msgs/include/px4_msgs/px4_msgs/msg/wind.h\n'}
[0.725308] (px4_msgs) StdoutLine: {'line': b'-- Up-to-date: /home/nicolas/ws_ros2/install/px4_msgs/include/px4_msgs/px4_msgs/msg/can_interface_status.h\n'}
[0.725335] (px4_msgs) StdoutLine: {'line': b'-- Up-to-date: /home/nicolas/ws_ros2/install/px4_msgs/include/px4_msgs/px4_msgs/msg/gimbal_manager_set_manual_control.h\n'}
[0.725362] (px4_msgs) StdoutLine: {'line': b'-- Up-to-date: /home/nicolas/ws_ros2/install/px4_msgs/include/px4_msgs/px4_msgs/msg/radio_status.h\n'}
[0.725389] (px4_msgs) StdoutLine: {'line': b'-- Up-to-date: /home/nicolas/ws_ros2/install/px4_msgs/include/px4_msgs/px4_msgs/msg/rover_steering_setpoint.h\n'}
[0.725415] (px4_msgs) StdoutLine: {'line': b'-- Up-to-date: /home/nicolas/ws_ros2/install/px4_msgs/include/px4_msgs/px4_msgs/msg/position_setpoint.h\n'}
[0.725441] (px4_msgs) StdoutLine: {'line': b'-- Up-to-date: /home/nicolas/ws_ros2/install/px4_msgs/include/px4_msgs/px4_msgs/msg/vehicle_constraints.h\n'}
[0.725474] (px4_msgs) StdoutLine: {'line': b'-- Up-to-date: /home/nicolas/ws_ros2/install/px4_msgs/include/px4_msgs/px4_msgs/msg/power_button_state.h\n'}
[0.725502] (px4_msgs) StdoutLine: {'line': b'-- Up-to-date: /home/nicolas/ws_ros2/install/px4_msgs/include/px4_msgs/px4_msgs/msg/goto_setpoint.h\n'}
[0.725571] (px4_msgs) StdoutLine: {'line': b'-- Up-to-date: /home/nicolas/ws_ros2/install/px4_msgs/include/px4_msgs/px4_msgs/msg/parameter_set_used_request.h\n'}
[0.725598] (px4_msgs) StdoutLine: {'line': b'-- Up-to-date: /home/nicolas/ws_ros2/install/px4_msgs/include/px4_msgs/px4_msgs/msg/detail\n'}
[0.725625] (px4_msgs) StdoutLine: {'line': b'-- Up-to-date: /home/nicolas/ws_ros2/install/px4_msgs/include/px4_msgs/px4_msgs/msg/detail/flight_phase_estimation__functions.h\n'}
[0.725651] (px4_msgs) StdoutLine: {'line': b'-- Up-to-date: /home/nicolas/ws_ros2/install/px4_msgs/include/px4_msgs/px4_msgs/msg/detail/esc_status__functions.h\n'}
[0.725676] (px4_msgs) StdoutLine: {'line': b'-- Up-to-date: /home/nicolas/ws_ros2/install/px4_msgs/include/px4_msgs/px4_msgs/msg/detail/differential_pressure__functions.c\n'}
[0.725702] (px4_msgs) StdoutLine: {'line': b'-- Up-to-date: /home/nicolas/ws_ros2/install/px4_msgs/include/px4_msgs/px4_msgs/msg/detail/led_control__functions.h\n'}
[0.725728] (px4_msgs) StdoutLine: {'line': b'-- Up-to-date: /home/nicolas/ws_ros2/install/px4_msgs/include/px4_msgs/px4_msgs/msg/detail/parameter_set_value_response__functions.h\n'}
[0.725754] (px4_msgs) StdoutLine: {'line': b'-- Up-to-date: /home/nicolas/ws_ros2/install/px4_msgs/include/px4_msgs/px4_msgs/msg/detail/debug_key_value__functions.c\n'}
[0.725780] (px4_msgs) StdoutLine: {'line': b'-- Up-to-date: /home/nicolas/ws_ros2/install/px4_msgs/include/px4_msgs/px4_msgs/msg/detail/estimator_selector_status__struct.h\n'}
[0.725806] (px4_msgs) StdoutLine: {'line': b'-- Up-to-date: /home/nicolas/ws_ros2/install/px4_msgs/include/px4_msgs/px4_msgs/msg/detail/open_drone_id_self_id__struct.h\n'}
[0.725832] (px4_msgs) StdoutLine: {'line': b'-- Up-to-date: /home/nicolas/ws_ros2/install/px4_msgs/include/px4_msgs/px4_msgs/msg/detail/gpio_out__functions.h\n'}
[0.725858] (px4_msgs) StdoutLine: {'line': b'-- Up-to-date: /home/nicolas/ws_ros2/install/px4_msgs/include/px4_msgs/px4_msgs/msg/detail/vehicle_odometry__functions.h\n'}
[0.725883] (px4_msgs) StdoutLine: {'line': b'-- Up-to-date: /home/nicolas/ws_ros2/install/px4_msgs/include/px4_msgs/px4_msgs/msg/detail/config_overrides__functions.c\n'}
[0.725954] (px4_msgs) StdoutLine: {'line': b'-- Up-to-date: /home/nicolas/ws_ros2/install/px4_msgs/include/px4_msgs/px4_msgs/msg/detail/tiltrotor_extra_controls__functions.h\n'}
[0.725982] (px4_msgs) StdoutLine: {'line': b'-- Up-to-date: /home/nicolas/ws_ros2/install/px4_msgs/include/px4_msgs/px4_msgs/msg/detail/sensor_gps__type_support.h\n'}
[0.726008] (px4_msgs) StdoutLine: {'line': b'-- Up-to-date: /home/nicolas/ws_ros2/install/px4_msgs/include/px4_msgs/px4_msgs/msg/detail/fixed_wing_lateral_guidance_status__functions.c\n'}
[0.726035] (px4_msgs) StdoutLine: {'line': b'-- Up-to-date: /home/nicolas/ws_ros2/install/px4_msgs/include/px4_msgs/px4_msgs/msg/detail/gps_inject_data__functions.c\n'}
[0.726234] (px4_msgs) StdoutLine: {'line': b'-- Up-to-date: /home/nicolas/ws_ros2/install/px4_msgs/include/px4_msgs/px4_msgs/msg/detail/landing_target_innovations__functions.c\n'}
[0.726262] (px4_msgs) StdoutLine: {'line': b'-- Up-to-date: /home/nicolas/ws_ros2/install/px4_msgs/include/px4_msgs/px4_msgs/msg/detail/dronecan_node_status__struct.h\n'}
[0.726290] (px4_msgs) StdoutLine: {'line': b'-- Up-to-date: /home/nicolas/ws_ros2/install/px4_msgs/include/px4_msgs/px4_msgs/msg/detail/button_event__functions.h\n'}
[0.726316] (px4_msgs) StdoutLine: {'line': b'-- Up-to-date: /home/nicolas/ws_ros2/install/px4_msgs/include/px4_msgs/px4_msgs/msg/detail/config_overrides__struct.h\n'}
[0.726343] (px4_msgs) StdoutLine: {'line': b'-- Up-to-date: /home/nicolas/ws_ros2/install/px4_msgs/include/px4_msgs/px4_msgs/msg/detail/sensor_gnss_status__type_support.h\n'}
[0.726370] (px4_msgs) StdoutLine: {'line': b'-- Up-to-date: /home/nicolas/ws_ros2/install/px4_msgs/include/px4_msgs/px4_msgs/msg/detail/power_button_state__functions.c\n'}
[0.726399] (px4_msgs) StdoutLine: {'line': b'-- Up-to-date: /home/nicolas/ws_ros2/install/px4_msgs/include/px4_msgs/px4_msgs/msg/detail/debug_key_value__functions.h\n'}
[0.726426] (px4_msgs) StdoutLine: {'line': b'-- Up-to-date: /home/nicolas/ws_ros2/install/px4_msgs/include/px4_msgs/px4_msgs/msg/detail/navigator_status__functions.c\n'}
[0.726510] (px4_msgs) StdoutLine: {'line': b'-- Up-to-date: /home/nicolas/ws_ros2/install/px4_msgs/include/px4_msgs/px4_msgs/msg/detail/rover_rate_status__struct.h\n'}
[0.726543] (px4_msgs) StdoutLine: {'line': b'-- Up-to-date: /home/nicolas/ws_ros2/install/px4_msgs/include/px4_msgs/px4_msgs/msg/detail/power_button_state__struct.h\n'}
[0.726572] (px4_msgs) StdoutLine: {'line': b'-- Up-to-date: /home/nicolas/ws_ros2/install/px4_msgs/include/px4_msgs/px4_msgs/msg/detail/hover_thrust_estimate__struct.h\n'}
[0.726601] (px4_msgs) StdoutLine: {'line': b'-- Up-to-date: /home/nicolas/ws_ros2/install/px4_msgs/include/px4_msgs/px4_msgs/msg/detail/power_button_state__functions.h\n'}
[0.726630] (px4_msgs) StdoutLine: {'line': b'-- Up-to-date: /home/nicolas/ws_ros2/install/px4_msgs/include/px4_msgs/px4_msgs/msg/detail/estimator_bias3d__functions.h\n'}
[0.726657] (px4_msgs) StdoutLine: {'line': b'-- Up-to-date: /home/nicolas/ws_ros2/install/px4_msgs/include/px4_msgs/px4_msgs/msg/detail/actuator_motors__type_support.h\n'}
[0.726685] (px4_msgs) StdoutLine: {'line': b'-- Up-to-date: /home/nicolas/ws_ros2/install/px4_msgs/include/px4_msgs/px4_msgs/msg/detail/timesync_status__type_support.h\n'}
[0.726828] (px4_msgs) StdoutLine: {'line': b'-- Up-to-date: /home/nicolas/ws_ros2/install/px4_msgs/include/px4_msgs/px4_msgs/msg/detail/mode_completed__functions.c\n'}
[0.726914] (px4_msgs) StdoutLine: {'line': b'-- Up-to-date: /home/nicolas/ws_ros2/install/px4_msgs/include/px4_msgs/px4_msgs/msg/detail/landing_gear_wheel__type_support.h\n'}
[0.726952] (px4_msgs) StdoutLine: {'line': b'-- Up-to-date: /home/nicolas/ws_ros2/install/px4_msgs/include/px4_msgs/px4_msgs/msg/detail/navigator_mission_item__functions.h\n'}
[0.726985] (px4_msgs) StdoutLine: {'line': b'-- Up-to-date: /home/nicolas/ws_ros2/install/px4_msgs/include/px4_msgs/px4_msgs/msg/detail/ping__functions.h\n'}
[0.727017] (px4_msgs) StdoutLine: {'line': b'-- Up-to-date: /home/nicolas/ws_ros2/install/px4_msgs/include/px4_msgs/px4_msgs/msg/detail/vehicle_air_data__functions.h\n'}
[0.727049] (px4_msgs) StdoutLine: {'line': b'-- Up-to-date: /home/nicolas/ws_ros2/install/px4_msgs/include/px4_msgs/px4_msgs/msg/detail/sensors_status__functions.h\n'}
[0.727078] (px4_msgs) StdoutLine: {'line': b'-- Up-to-date: /home/nicolas/ws_ros2/install/px4_msgs/include/px4_msgs/px4_msgs/msg/detail/vehicle_imu__type_support.h\n'}
[0.727106] (px4_msgs) StdoutLine: {'line': b'-- Up-to-date: /home/nicolas/ws_ros2/install/px4_msgs/include/px4_msgs/px4_msgs/msg/detail/vehicle_command_ack__functions.h\n'}
[0.727136] (px4_msgs) StdoutLine: {'line': b'-- Up-to-date: /home/nicolas/ws_ros2/install/px4_msgs/include/px4_msgs/px4_msgs/msg/detail/estimator_states__functions.c\n'}
[0.727173] (px4_msgs) StdoutLine: {'line': b'-- Up-to-date: /home/nicolas/ws_ros2/install/px4_msgs/include/px4_msgs/px4_msgs/msg/detail/mount_orientation__type_support.h\n'}
[0.727202] (px4_msgs) StdoutLine: {'line': b'-- Up-to-date: /home/nicolas/ws_ros2/install/px4_msgs/include/px4_msgs/px4_msgs/msg/detail/cellular_status__functions.c\n'}
[0.727371] (px4_msgs) StdoutLine: {'line': b'-- Up-to-date: /home/nicolas/ws_ros2/install/px4_msgs/include/px4_msgs/px4_msgs/msg/detail/event__type_support.h\n'}
[0.727427] (px4_msgs) StdoutLine: {'line': b'-- Up-to-date: /home/nicolas/ws_ros2/install/px4_msgs/include/px4_msgs/px4_msgs/msg/detail/transponder_report__functions.h\n'}
[0.727532] (px4_msgs) StdoutLine: {'line': b'-- Up-to-date: /home/nicolas/ws_ros2/install/px4_msgs/include/px4_msgs/px4_msgs/msg/detail/rover_rate_status__functions.h\n'}
[0.727612] (px4_msgs) StdoutLine: {'line': b'-- Up-to-date: /home/nicolas/ws_ros2/install/px4_msgs/include/px4_msgs/px4_msgs/msg/detail/mission__functions.c\n'}
[0.727716] (px4_msgs) StdoutLine: {'line': b'-- Up-to-date: /home/nicolas/ws_ros2/install/px4_msgs/include/px4_msgs/px4_msgs/msg/detail/pwm_input__functions.c\n'}
[0.727750] (px4_msgs) StdoutLine: {'line': b'-- Up-to-date: /home/nicolas/ws_ros2/install/px4_msgs/include/px4_msgs/px4_msgs/msg/detail/position_controller_landing_status__type_support.h\n'}
[0.727782] (px4_msgs) StdoutLine: {'line': b'-- Up-to-date: /home/nicolas/ws_ros2/install/px4_msgs/include/px4_msgs/px4_msgs/msg/detail/sensors_status_imu__struct.h\n'}
[0.727812] (px4_msgs) StdoutLine: {'line': b'-- Up-to-date: /home/nicolas/ws_ros2/install/px4_msgs/include/px4_msgs/px4_msgs/msg/detail/rover_attitude_setpoint__functions.h\n'}
[0.727841] (px4_msgs) StdoutLine: {'line': b'-- Up-to-date: /home/nicolas/ws_ros2/install/px4_msgs/include/px4_msgs/px4_msgs/msg/detail/can_interface_status__functions.h\n'}
[0.727869] (px4_msgs) StdoutLine: {'line': b'-- Up-to-date: /home/nicolas/ws_ros2/install/px4_msgs/include/px4_msgs/px4_msgs/msg/detail/mag_worker_data__functions.c\n'}
[0.727897] (px4_msgs) StdoutLine: {'line': b'-- Up-to-date: /home/nicolas/ws_ros2/install/px4_msgs/include/px4_msgs/px4_msgs/msg/detail/vehicle_attitude_setpoint__type_support.h\n'}
[0.727926] (px4_msgs) StdoutLine: {'line': b'-- Up-to-date: /home/nicolas/ws_ros2/install/px4_msgs/include/px4_msgs/px4_msgs/msg/detail/launch_detection_status__type_support.h\n'}
[0.727953] (px4_msgs) StdoutLine: {'line': b'-- Up-to-date: /home/nicolas/ws_ros2/install/px4_msgs/include/px4_msgs/px4_msgs/msg/detail/sensor_hygrometer__type_support.h\n'}
[0.727981] (px4_msgs) StdoutLine: {'line': b'-- Up-to-date: /home/nicolas/ws_ros2/install/px4_msgs/include/px4_msgs/px4_msgs/msg/detail/fixed_wing_lateral_setpoint__type_support.h\n'}
[0.728009] (px4_msgs) StdoutLine: {'line': b'-- Up-to-date: /home/nicolas/ws_ros2/install/px4_msgs/include/px4_msgs/px4_msgs/msg/detail/trajectory_setpoint__functions.h\n'}
[0.728036] (px4_msgs) StdoutLine: {'line': b'-- Up-to-date: /home/nicolas/ws_ros2/install/px4_msgs/include/px4_msgs/px4_msgs/msg/detail/ping__functions.c\n'}
[0.728064] (px4_msgs) StdoutLine: {'line': b'-- Up-to-date: /home/nicolas/ws_ros2/install/px4_msgs/include/px4_msgs/px4_msgs/msg/detail/parameter_set_value_response__type_support.h\n'}
[0.728092] (px4_msgs) StdoutLine: {'line': b'-- Up-to-date: /home/nicolas/ws_ros2/install/px4_msgs/include/px4_msgs/px4_msgs/msg/detail/vehicle_global_position__type_support.h\n'}
[0.728121] (px4_msgs) StdoutLine: {'line': b'-- Up-to-date: /home/nicolas/ws_ros2/install/px4_msgs/include/px4_msgs/px4_msgs/msg/detail/manual_control_setpoint__functions.h\n'}
[0.728151] (px4_msgs) StdoutLine: {'line': b'-- Up-to-date: /home/nicolas/ws_ros2/install/px4_msgs/include/px4_msgs/px4_msgs/msg/detail/actuator_servos__functions.h\n'}
[0.728206] (px4_msgs) StdoutLine: {'line': b'-- Up-to-date: /home/nicolas/ws_ros2/install/px4_msgs/include/px4_msgs/px4_msgs/msg/detail/transponder_report__struct.h\n'}
[0.728237] (px4_msgs) StdoutLine: {'line': b'-- Up-to-date: /home/nicolas/ws_ros2/install/px4_msgs/include/px4_msgs/px4_msgs/msg/detail/vehicle_rates_setpoint__functions.h\n'}
[0.728357] (px4_msgs) StdoutLine: {'line': b'-- Up-to-date: /home/nicolas/ws_ros2/install/px4_msgs/include/px4_msgs/px4_msgs/msg/detail/velocity_limits__struct.h\n'}
[0.728388] (px4_msgs) StdoutLine: {'line': b'-- Up-to-date: /home/nicolas/ws_ros2/install/px4_msgs/include/px4_msgs/px4_msgs/msg/detail/irlock_report__struct.h\n'}
[0.728419] (px4_msgs) StdoutLine: {'line': b'-- Up-to-date: /home/nicolas/ws_ros2/install/px4_msgs/include/px4_msgs/px4_msgs/msg/detail/health_report__type_support.h\n'}
[0.728452] (px4_msgs) StdoutLine: {'line': b'-- Up-to-date: /home/nicolas/ws_ros2/install/px4_msgs/include/px4_msgs/px4_msgs/msg/detail/yaw_estimator_status__functions.c\n'}
[0.728484] (px4_msgs) StdoutLine: {'line': b'-- Up-to-date: /home/nicolas/ws_ros2/install/px4_msgs/include/px4_msgs/px4_msgs/msg/detail/vehicle_roi__functions.c\n'}
[0.728512] (px4_msgs) StdoutLine: {'line': b'-- Up-to-date: /home/nicolas/ws_ros2/install/px4_msgs/include/px4_msgs/px4_msgs/msg/detail/debug_array__struct.h\n'}
[0.728541] (px4_msgs) StdoutLine: {'line': b'-- Up-to-date: /home/nicolas/ws_ros2/install/px4_msgs/include/px4_msgs/px4_msgs/msg/detail/airspeed_wind__type_support.h\n'}
[0.728568] (px4_msgs) StdoutLine: {'line': b'-- Up-to-date: /home/nicolas/ws_ros2/install/px4_msgs/include/px4_msgs/px4_msgs/msg/detail/mavlink_log__functions.h\n'}
[0.728596] (px4_msgs) StdoutLine: {'line': b'-- Up-to-date: /home/nicolas/ws_ros2/install/px4_msgs/include/px4_msgs/px4_msgs/msg/detail/parameter_set_used_request__type_support.h\n'}
[0.728624] (px4_msgs) StdoutLine: {'line': b'-- Up-to-date: /home/nicolas/ws_ros2/install/px4_msgs/include/px4_msgs/px4_msgs/msg/detail/message_format_request__type_support.h\n'}
[0.728653] (px4_msgs) StdoutLine: {'line': b'-- Up-to-date: /home/nicolas/ws_ros2/install/px4_msgs/include/px4_msgs/px4_msgs/msg/detail/sensor_airflow__type_support.h\n'}
[0.728680] (px4_msgs) StdoutLine: {'line': b'-- Up-to-date: /home/nicolas/ws_ros2/install/px4_msgs/include/px4_msgs/px4_msgs/msg/detail/sensor_uwb__type_support.h\n'}
[0.728707] (px4_msgs) StdoutLine: {'line': b'-- Up-to-date: /home/nicolas/ws_ros2/install/px4_msgs/include/px4_msgs/px4_msgs/msg/detail/orb_test_large__functions.c\n'}
[0.728734] (px4_msgs) StdoutLine: {'line': b'-- Up-to-date: /home/nicolas/ws_ros2/install/px4_msgs/include/px4_msgs/px4_msgs/msg/detail/rover_attitude_setpoint__struct.h\n'}
[0.728762] (px4_msgs) StdoutLine: {'line': b'-- Up-to-date: /home/nicolas/ws_ros2/install/px4_msgs/include/px4_msgs/px4_msgs/msg/detail/position_setpoint_triplet__type_support.h\n'}
[0.728868] (px4_msgs) StdoutLine: {'line': b'-- Up-to-date: /home/nicolas/ws_ros2/install/px4_msgs/include/px4_msgs/px4_msgs/msg/detail/action_request__struct.h\n'}
[0.728899] (px4_msgs) StdoutLine: {'line': b'-- Up-to-date: /home/nicolas/ws_ros2/install/px4_msgs/include/px4_msgs/px4_msgs/msg/detail/navigator_status__type_support.h\n'}
[0.728928] (px4_msgs) StdoutLine: {'line': b'-- Up-to-date: /home/nicolas/ws_ros2/install/px4_msgs/include/px4_msgs/px4_msgs/msg/detail/generator_status__functions.c\n'}
[0.728956] (px4_msgs) StdoutLine: {'line': b'-- Up-to-date: /home/nicolas/ws_ros2/install/px4_msgs/include/px4_msgs/px4_msgs/msg/detail/estimator_bias__struct.h\n'}
[0.728983] (px4_msgs) StdoutLine: {'line': b'-- Up-to-date: /home/nicolas/ws_ros2/install/px4_msgs/include/px4_msgs/px4_msgs/msg/detail/actuator_test__struct.h\n'}
[0.729011] (px4_msgs) StdoutLine: {'line': b'-- Up-to-date: /home/nicolas/ws_ros2/install/px4_msgs/include/px4_msgs/px4_msgs/msg/detail/debug_value__functions.h\n'}
[0.729038] (px4_msgs) StdoutLine: {'line': b'-- Up-to-date: /home/nicolas/ws_ros2/install/px4_msgs/include/px4_msgs/px4_msgs/msg/detail/obstacle_distance__functions.c\n'}
[0.729066] (px4_msgs) StdoutLine: {'line': b'-- Up-to-date: /home/nicolas/ws_ros2/install/px4_msgs/include/px4_msgs/px4_msgs/msg/detail/vehicle_control_mode__struct.h\n'}
[0.729093] (px4_msgs) StdoutLine: {'line': b'-- Up-to-date: /home/nicolas/ws_ros2/install/px4_msgs/include/px4_msgs/px4_msgs/msg/detail/collision_constraints__type_support.h\n'}
[0.729163] (px4_msgs) StdoutLine: {'line': b'-- Up-to-date: /home/nicolas/ws_ros2/install/px4_msgs/include/px4_msgs/px4_msgs/msg/detail/estimator_innovations__type_support.h\n'}
[0.729192] (px4_msgs) StdoutLine: {'line': b'-- Up-to-date: /home/nicolas/ws_ros2/install/px4_msgs/include/px4_msgs/px4_msgs/msg/detail/actuator_servos_trim__struct.h\n'}
[0.729222] (px4_msgs) StdoutLine: {'line': b'-- Up-to-date: /home/nicolas/ws_ros2/install/px4_msgs/include/px4_msgs/px4_msgs/msg/detail/estimator_event_flags__functions.h\n'}
[0.729251] (px4_msgs) StdoutLine: {'line': b'-- Up-to-date: /home/nicolas/ws_ros2/install/px4_msgs/include/px4_msgs/px4_msgs/msg/detail/vehicle_constraints__functions.h\n'}
[0.729279] (px4_msgs) StdoutLine: {'line': b'-- Up-to-date: /home/nicolas/ws_ros2/install/px4_msgs/include/px4_msgs/px4_msgs/msg/detail/power_monitor__type_support.h\n'}
[0.729352] (px4_msgs) StdoutLine: {'line': b'-- Up-to-date: /home/nicolas/ws_ros2/install/px4_msgs/include/px4_msgs/px4_msgs/msg/detail/estimator_aid_source2d__functions.c\n'}
[0.729381] (px4_msgs) StdoutLine: {'line': b'-- Up-to-date: /home/nicolas/ws_ros2/install/px4_msgs/include/px4_msgs/px4_msgs/msg/detail/battery_status__struct.h\n'}
[0.729408] (px4_msgs) StdoutLine: {'line': b'-- Up-to-date: /home/nicolas/ws_ros2/install/px4_msgs/include/px4_msgs/px4_msgs/msg/detail/rover_throttle_setpoint__functions.c\n'}
[0.729436] (px4_msgs) StdoutLine: {'line': b'-- Up-to-date: /home/nicolas/ws_ros2/install/px4_msgs/include/px4_msgs/px4_msgs/msg/detail/orb_test_medium__functions.h\n'}
[0.729469] (px4_msgs) StdoutLine: {'line': b'-- Up-to-date: /home/nicolas/ws_ros2/install/px4_msgs/include/px4_msgs/px4_msgs/msg/detail/estimator_status__functions.h\n'}
[0.729498] (px4_msgs) StdoutLine: {'line': b'-- Up-to-date: /home/nicolas/ws_ros2/install/px4_msgs/include/px4_msgs/px4_msgs/msg/detail/actuator_servos__type_support.h\n'}
[0.729526] (px4_msgs) StdoutLine: {'line': b'-- Up-to-date: /home/nicolas/ws_ros2/install/px4_msgs/include/px4_msgs/px4_msgs/msg/detail/fixed_wing_longitudinal_setpoint__functions.h\n'}
[0.729554] (px4_msgs) StdoutLine: {'line': b'-- Up-to-date: /home/nicolas/ws_ros2/install/px4_msgs/include/px4_msgs/px4_msgs/msg/detail/sensors_status__struct.h\n'}
[0.729581] (px4_msgs) StdoutLine: {'line': b'-- Up-to-date: /home/nicolas/ws_ros2/install/px4_msgs/include/px4_msgs/px4_msgs/msg/detail/airspeed_validated__struct.h\n'}
[0.729609] (px4_msgs) StdoutLine: {'line': b'-- Up-to-date: /home/nicolas/ws_ros2/install/px4_msgs/include/px4_msgs/px4_msgs/msg/detail/mavlink_log__functions.c\n'}
[0.729636] (px4_msgs) StdoutLine: {'line': b'-- Up-to-date: /home/nicolas/ws_ros2/install/px4_msgs/include/px4_msgs/px4_msgs/msg/detail/vehicle_control_mode__functions.h\n'}
[0.729663] (px4_msgs) StdoutLine: {'line': b'-- Up-to-date: /home/nicolas/ws_ros2/install/px4_msgs/include/px4_msgs/px4_msgs/msg/detail/sensor_hygrometer__functions.h\n'}
[0.729690] (px4_msgs) StdoutLine: {'line': b'-- Up-to-date: /home/nicolas/ws_ros2/install/px4_msgs/include/px4_msgs/px4_msgs/msg/detail/debug_value__type_support.h\n'}
[0.729718] (px4_msgs) StdoutLine: {'line': b'-- Up-to-date: /home/nicolas/ws_ros2/install/px4_msgs/include/px4_msgs/px4_msgs/msg/detail/transponder_report__type_support.h\n'}
[0.729746] (px4_msgs) StdoutLine: {'line': b'-- Up-to-date: /home/nicolas/ws_ros2/install/px4_msgs/include/px4_msgs/px4_msgs/msg/detail/landing_target_pose__type_support.h\n'}
[0.729773] (px4_msgs) StdoutLine: {'line': b'-- Up-to-date: /home/nicolas/ws_ros2/install/px4_msgs/include/px4_msgs/px4_msgs/msg/detail/manual_control_switches__type_support.h\n'}
[0.729801] (px4_msgs) StdoutLine: {'line': b'-- Up-to-date: /home/nicolas/ws_ros2/install/px4_msgs/include/px4_msgs/px4_msgs/msg/detail/yaw_estimator_status__type_support.h\n'}
[0.729830] (px4_msgs) StdoutLine: {'line': b'-- Up-to-date: /home/nicolas/ws_ros2/install/px4_msgs/include/px4_msgs/px4_msgs/msg/detail/failsafe_flags__struct.h\n'}
[0.729918] (px4_msgs) StdoutLine: {'line': b'-- Up-to-date: /home/nicolas/ws_ros2/install/px4_msgs/include/px4_msgs/px4_msgs/msg/detail/arming_check_request__functions.c\n'}
[0.730022] (px4_msgs) StdoutLine: {'line': b'-- Up-to-date: /home/nicolas/ws_ros2/install/px4_msgs/include/px4_msgs/px4_msgs/msg/detail/parameter_update__functions.c\n'}
[0.730137] (px4_msgs) StdoutLine: {'line': b'-- Up-to-date: /home/nicolas/ws_ros2/install/px4_msgs/include/px4_msgs/px4_msgs/msg/detail/qshell_retval__type_support.h\n'}
[0.730167] (px4_msgs) StdoutLine: {'line': b'-- Up-to-date: /home/nicolas/ws_ros2/install/px4_msgs/include/px4_msgs/px4_msgs/msg/detail/open_drone_id_self_id__type_support.h\n'}
[0.730225] (px4_msgs) StdoutLine: {'line': b'-- Up-to-date: /home/nicolas/ws_ros2/install/px4_msgs/include/px4_msgs/px4_msgs/msg/detail/open_drone_id_self_id__functions.h\n'}
[0.730254] (px4_msgs) StdoutLine: {'line': b'-- Up-to-date: /home/nicolas/ws_ros2/install/px4_msgs/include/px4_msgs/px4_msgs/msg/detail/pps_capture__type_support.h\n'}
[0.730284] (px4_msgs) StdoutLine: {'line': b'-- Up-to-date: /home/nicolas/ws_ros2/install/px4_msgs/include/px4_msgs/px4_msgs/msg/detail/input_rc__functions.c\n'}
[0.730313] (px4_msgs) StdoutLine: {'line': b'-- Up-to-date: /home/nicolas/ws_ros2/install/px4_msgs/include/px4_msgs/px4_msgs/msg/detail/rover_steering_setpoint__struct.h\n'}
[0.730340] (px4_msgs) StdoutLine: {'line': b'-- Up-to-date: /home/nicolas/ws_ros2/install/px4_msgs/include/px4_msgs/px4_msgs/msg/detail/vehicle_local_position_setpoint__struct.h\n'}
[0.730368] (px4_msgs) StdoutLine: {'line': b'-- Up-to-date: /home/nicolas/ws_ros2/install/px4_msgs/include/px4_msgs/px4_msgs/msg/detail/rover_throttle_setpoint__type_support.h\n'}
[0.730396] (px4_msgs) StdoutLine: {'line': b'-- Up-to-date: /home/nicolas/ws_ros2/install/px4_msgs/include/px4_msgs/px4_msgs/msg/detail/action_request__functions.c\n'}
[0.730426] (px4_msgs) StdoutLine: {'line': b'-- Up-to-date: /home/nicolas/ws_ros2/install/px4_msgs/include/px4_msgs/px4_msgs/msg/detail/sensor_gnss_status__functions.h\n'}
[0.730460] (px4_msgs) StdoutLine: {'line': b'-- Up-to-date: /home/nicolas/ws_ros2/install/px4_msgs/include/px4_msgs/px4_msgs/msg/detail/uavcan_parameter_value__functions.c\n'}
[0.730500] (px4_msgs) StdoutLine: {'line': b'-- Up-to-date: /home/nicolas/ws_ros2/install/px4_msgs/include/px4_msgs/px4_msgs/msg/detail/distance_sensor__functions.h\n'}
[0.730529] (px4_msgs) StdoutLine: {'line': b'-- Up-to-date: /home/nicolas/ws_ros2/install/px4_msgs/include/px4_msgs/px4_msgs/msg/detail/follow_target_estimator__functions.c\n'}
[0.730557] (px4_msgs) StdoutLine: {'line': b'-- Up-to-date: /home/nicolas/ws_ros2/install/px4_msgs/include/px4_msgs/px4_msgs/msg/detail/open_drone_id_arm_status__struct.h\n'}
[0.730585] (px4_msgs) StdoutLine: {'line': b'-- Up-to-date: /home/nicolas/ws_ros2/install/px4_msgs/include/px4_msgs/px4_msgs/msg/detail/vehicle_imu__functions.h\n'}
[0.730612] (px4_msgs) StdoutLine: {'line': b'-- Up-to-date: /home/nicolas/ws_ros2/install/px4_msgs/include/px4_msgs/px4_msgs/msg/detail/actuator_controls_status__functions.h\n'}
[0.730639] (px4_msgs) StdoutLine: {'line': b'-- Up-to-date: /home/nicolas/ws_ros2/install/px4_msgs/include/px4_msgs/px4_msgs/msg/detail/transponder_report__functions.c\n'}
[0.730667] (px4_msgs) StdoutLine: {'line': b'-- Up-to-date: /home/nicolas/ws_ros2/install/px4_msgs/include/px4_msgs/px4_msgs/msg/detail/unregister_ext_component__functions.c\n'}
[0.730737] (px4_msgs) StdoutLine: {'line': b'-- Up-to-date: /home/nicolas/ws_ros2/install/px4_msgs/include/px4_msgs/px4_msgs/msg/detail/power_monitor__functions.c\n'}
[0.730774] (px4_msgs) StdoutLine: {'line': b'-- Up-to-date: /home/nicolas/ws_ros2/install/px4_msgs/include/px4_msgs/px4_msgs/msg/detail/hover_thrust_estimate__functions.h\n'}
[0.730812] (px4_msgs) StdoutLine: {'line': b'-- Up-to-date: /home/nicolas/ws_ros2/install/px4_msgs/include/px4_msgs/px4_msgs/msg/detail/gps_inject_data__type_support.h\n'}
[0.730851] (px4_msgs) StdoutLine: {'line': b'-- Up-to-date: /home/nicolas/ws_ros2/install/px4_msgs/include/px4_msgs/px4_msgs/msg/detail/gimbal_manager_set_manual_control__struct.h\n'}
[0.730911] (px4_msgs) StdoutLine: {'line': b'-- Up-to-date: /home/nicolas/ws_ros2/install/px4_msgs/include/px4_msgs/px4_msgs/msg/detail/ulog_stream__functions.c\n'}
[0.730950] (px4_msgs) StdoutLine: {'line': b'-- Up-to-date: /home/nicolas/ws_ros2/install/px4_msgs/include/px4_msgs/px4_msgs/msg/detail/ulog_stream_ack__functions.h\n'}
[0.731017] (px4_msgs) StdoutLine: {'line': b'-- Up-to-date: /home/nicolas/ws_ros2/install/px4_msgs/include/px4_msgs/px4_msgs/msg/detail/trajectory_setpoint__struct.h\n'}
[0.731085] (px4_msgs) StdoutLine: {'line': b'-- Up-to-date: /home/nicolas/ws_ros2/install/px4_msgs/include/px4_msgs/px4_msgs/msg/detail/rover_steering_setpoint__functions.c\n'}
[0.731244] (px4_msgs) StdoutLine: {'line': b'-- Up-to-date: /home/nicolas/ws_ros2/install/px4_msgs/include/px4_msgs/px4_msgs/msg/detail/rate_ctrl_status__type_support.h\n'}
[0.731287] (px4_msgs) StdoutLine: {'line': b'-- Up-to-date: /home/nicolas/ws_ros2/install/px4_msgs/include/px4_msgs/px4_msgs/msg/detail/can_interface_status__functions.c\n'}
[0.731328] (px4_msgs) StdoutLine: {'line': b'-- Up-to-date: /home/nicolas/ws_ros2/install/px4_msgs/include/px4_msgs/px4_msgs/msg/detail/wheel_encoders__type_support.h\n'}
[0.731368] (px4_msgs) StdoutLine: {'line': b'-- Up-to-date: /home/nicolas/ws_ros2/install/px4_msgs/include/px4_msgs/px4_msgs/msg/detail/actuator_motors__functions.h\n'}
[0.731407] (px4_msgs) StdoutLine: {'line': b'-- Up-to-date: /home/nicolas/ws_ros2/install/px4_msgs/include/px4_msgs/px4_msgs/msg/detail/control_allocator_status__type_support.h\n'}
[0.731446] (px4_msgs) StdoutLine: {'line': b'-- Up-to-date: /home/nicolas/ws_ros2/install/px4_msgs/include/px4_msgs/px4_msgs/msg/detail/rover_steering_setpoint__type_support.h\n'}
[0.731659] (px4_msgs) StdoutLine: {'line': b'-- Up-to-date: /home/nicolas/ws_ros2/install/px4_msgs/include/px4_msgs/px4_msgs/msg/detail/gimbal_device_information__functions.h\n'}
[0.731701] (px4_msgs) StdoutLine: {'line': b'-- Up-to-date: /home/nicolas/ws_ros2/install/px4_msgs/include/px4_msgs/px4_msgs/msg/detail/sensor_hygrometer__functions.c\n'}
[0.731775] (px4_msgs) StdoutLine: {'line': b'-- Up-to-date: /home/nicolas/ws_ros2/install/px4_msgs/include/px4_msgs/px4_msgs/msg/detail/rover_speed_status__struct.h\n'}
[0.731814] (px4_msgs) StdoutLine: {'line': b'-- Up-to-date: /home/nicolas/ws_ros2/install/px4_msgs/include/px4_msgs/px4_msgs/msg/detail/distance_sensor__functions.c\n'}
[0.731853] (px4_msgs) StdoutLine: {'line': b'-- Up-to-date: /home/nicolas/ws_ros2/install/px4_msgs/include/px4_msgs/px4_msgs/msg/detail/rate_ctrl_status__functions.c\n'}
[0.731892] (px4_msgs) StdoutLine: {'line': b'-- Up-to-date: /home/nicolas/ws_ros2/install/px4_msgs/include/px4_msgs/px4_msgs/msg/detail/gpio_request__functions.h\n'}
[0.731930] (px4_msgs) StdoutLine: {'line': b'-- Up-to-date: /home/nicolas/ws_ros2/install/px4_msgs/include/px4_msgs/px4_msgs/msg/detail/rover_position_setpoint__functions.h\n'}
[0.731969] (px4_msgs) StdoutLine: {'line': b'-- Up-to-date: /home/nicolas/ws_ros2/install/px4_msgs/include/px4_msgs/px4_msgs/msg/detail/vehicle_torque_setpoint__functions.h\n'}
[0.732007] (px4_msgs) StdoutLine: {'line': b'-- Up-to-date: /home/nicolas/ws_ros2/install/px4_msgs/include/px4_msgs/px4_msgs/msg/detail/actuator_armed__functions.h\n'}
[0.732044] (px4_msgs) StdoutLine: {'line': b'-- Up-to-date: /home/nicolas/ws_ros2/install/px4_msgs/include/px4_msgs/px4_msgs/msg/detail/internal_combustion_engine_control__struct.h\n'}
[0.732096] (px4_msgs) StdoutLine: {'line': b'-- Up-to-date: /home/nicolas/ws_ros2/install/px4_msgs/include/px4_msgs/px4_msgs/msg/detail/gpio_in__type_support.h\n'}
[0.732134] (px4_msgs) StdoutLine: {'line': b'-- Up-to-date: /home/nicolas/ws_ros2/install/px4_msgs/include/px4_msgs/px4_msgs/msg/detail/takeoff_status__functions.c\n'}
[0.732171] (px4_msgs) StdoutLine: {'line': b'-- Up-to-date: /home/nicolas/ws_ros2/install/px4_msgs/include/px4_msgs/px4_msgs/msg/detail/fuel_tank_status__functions.c\n'}
[0.732209] (px4_msgs) StdoutLine: {'line': b'-- Up-to-date: /home/nicolas/ws_ros2/install/px4_msgs/include/px4_msgs/px4_msgs/msg/detail/estimator_bias__functions.h\n'}
[0.732300] (px4_msgs) StdoutLine: {'line': b'-- Up-to-date: /home/nicolas/ws_ros2/install/px4_msgs/include/px4_msgs/px4_msgs/msg/detail/vehicle_torque_setpoint__struct.h\n'}
[0.732344] (px4_msgs) StdoutLine: {'line': b'-- Up-to-date: /home/nicolas/ws_ros2/install/px4_msgs/include/px4_msgs/px4_msgs/msg/detail/sensor_uwb__struct.h\n'}
[0.732384] (px4_msgs) StdoutLine: {'line': b'-- Up-to-date: /home/nicolas/ws_ros2/install/px4_msgs/include/px4_msgs/px4_msgs/msg/detail/heater_status__functions.h\n'}
[0.732422] (px4_msgs) StdoutLine: {'line': b'-- Up-to-date: /home/nicolas/ws_ros2/install/px4_msgs/include/px4_msgs/px4_msgs/msg/detail/vehicle_rates_setpoint__type_support.h\n'}
[0.732467] (px4_msgs) StdoutLine: {'line': b'-- Up-to-date: /home/nicolas/ws_ros2/install/px4_msgs/include/px4_msgs/px4_msgs/msg/detail/airspeed_wind__functions.h\n'}
[0.732545] (px4_msgs) StdoutLine: {'line': b'-- Up-to-date: /home/nicolas/ws_ros2/install/px4_msgs/include/px4_msgs/px4_msgs/msg/detail/register_ext_component_request__struct.h\n'}
[0.732586] (px4_msgs) StdoutLine: {'line': b'-- Up-to-date: /home/nicolas/ws_ros2/install/px4_msgs/include/px4_msgs/px4_msgs/msg/detail/estimator_bias3d__type_support.h\n'}
[0.732627] (px4_msgs) StdoutLine: {'line': b'-- Up-to-date: /home/nicolas/ws_ros2/install/px4_msgs/include/px4_msgs/px4_msgs/msg/detail/estimator_bias3d__functions.c\n'}
[0.732667] (px4_msgs) StdoutLine: {'line': b'-- Up-to-date: /home/nicolas/ws_ros2/install/px4_msgs/include/px4_msgs/px4_msgs/msg/detail/landing_gear_wheel__struct.h\n'}
[0.732706] (px4_msgs) StdoutLine: {'line': b'-- Up-to-date: /home/nicolas/ws_ros2/install/px4_msgs/include/px4_msgs/px4_msgs/msg/detail/actuator_test__functions.c\n'}
[0.732743] (px4_msgs) StdoutLine: {'line': b'-- Up-to-date: /home/nicolas/ws_ros2/install/px4_msgs/include/px4_msgs/px4_msgs/msg/detail/magnetometer_bias_estimate__functions.h\n'}
[0.732781] (px4_msgs) StdoutLine: {'line': b'-- Up-to-date: /home/nicolas/ws_ros2/install/px4_msgs/include/px4_msgs/px4_msgs/msg/detail/fixed_wing_lateral_guidance_status__functions.h\n'}
[0.732820] (px4_msgs) StdoutLine: {'line': b'-- Up-to-date: /home/nicolas/ws_ros2/install/px4_msgs/include/px4_msgs/px4_msgs/msg/detail/wheel_encoders__functions.h\n'}
[0.732860] (px4_msgs) StdoutLine: {'line': b'-- Up-to-date: /home/nicolas/ws_ros2/install/px4_msgs/include/px4_msgs/px4_msgs/msg/detail/vehicle_local_position__struct.h\n'}
[0.732900] (px4_msgs) StdoutLine: {'line': b'-- Up-to-date: /home/nicolas/ws_ros2/install/px4_msgs/include/px4_msgs/px4_msgs/msg/detail/hover_thrust_estimate__type_support.h\n'}
[0.732941] (px4_msgs) StdoutLine: {'line': b'-- Up-to-date: /home/nicolas/ws_ros2/install/px4_msgs/include/px4_msgs/px4_msgs/msg/detail/rover_attitude_status__struct.h\n'}
[0.732981] (px4_msgs) StdoutLine: {'line': b'-- Up-to-date: /home/nicolas/ws_ros2/install/px4_msgs/include/px4_msgs/px4_msgs/msg/detail/generator_status__type_support.h\n'}
[0.733022] (px4_msgs) StdoutLine: {'line': b'-- Up-to-date: /home/nicolas/ws_ros2/install/px4_msgs/include/px4_msgs/px4_msgs/msg/detail/ulog_stream__struct.h\n'}
[0.733061] (px4_msgs) StdoutLine: {'line': b'-- Up-to-date: /home/nicolas/ws_ros2/install/px4_msgs/include/px4_msgs/px4_msgs/msg/detail/irlock_report__functions.c\n'}
[0.733108] (px4_msgs) StdoutLine: {'line': b'-- Up-to-date: /home/nicolas/ws_ros2/install/px4_msgs/include/px4_msgs/px4_msgs/msg/detail/neural_control__functions.c\n'}
[0.733287] (px4_msgs) StdoutLine: {'line': b'-- Up-to-date: /home/nicolas/ws_ros2/install/px4_msgs/include/px4_msgs/px4_msgs/msg/detail/geofence_result__type_support.h\n'}
[0.733335] (px4_msgs) StdoutLine: {'line': b'-- Up-to-date: /home/nicolas/ws_ros2/install/px4_msgs/include/px4_msgs/px4_msgs/msg/detail/arming_check_request__struct.h\n'}
[0.733383] (px4_msgs) StdoutLine: {'line': b'-- Up-to-date: /home/nicolas/ws_ros2/install/px4_msgs/include/px4_msgs/px4_msgs/msg/detail/gimbal_manager_status__functions.c\n'}
[0.733429] (px4_msgs) StdoutLine: {'line': b'-- Up-to-date: /home/nicolas/ws_ros2/install/px4_msgs/include/px4_msgs/px4_msgs/msg/detail/vehicle_local_position_setpoint__functions.h\n'}
[0.733665] (px4_msgs) StdoutLine: {'line': b'-- Up-to-date: /home/nicolas/ws_ros2/install/px4_msgs/include/px4_msgs/px4_msgs/msg/detail/cellular_status__struct.h\n'}
[0.733728] (px4_msgs) StdoutLine: {'line': b'-- Up-to-date: /home/nicolas/ws_ros2/install/px4_msgs/include/px4_msgs/px4_msgs/msg/detail/distance_sensor_mode_change_request__functions.c\n'}
[0.733783] (px4_msgs) StdoutLine: {'line': b'-- Up-to-date: /home/nicolas/ws_ros2/install/px4_msgs/include/px4_msgs/px4_msgs/msg/detail/vehicle_local_position__type_support.h\n'}
[0.733856] (px4_msgs) StdoutLine: {'line': b'-- Up-to-date: /home/nicolas/ws_ros2/install/px4_msgs/include/px4_msgs/px4_msgs/msg/detail/sensor_gyro_fifo__functions.h\n'}
[0.733905] (px4_msgs) StdoutLine: {'line': b'-- Up-to-date: /home/nicolas/ws_ros2/install/px4_msgs/include/px4_msgs/px4_msgs/msg/detail/mission_result__struct.h\n'}
[0.733953] (px4_msgs) StdoutLine: {'line': b'-- Up-to-date: /home/nicolas/ws_ros2/install/px4_msgs/include/px4_msgs/px4_msgs/msg/detail/tecs_status__functions.c\n'}
[0.734001] (px4_msgs) StdoutLine: {'line': b'-- Up-to-date: /home/nicolas/ws_ros2/install/px4_msgs/include/px4_msgs/px4_msgs/msg/detail/task_stack_info__struct.h\n'}
[0.734051] (px4_msgs) StdoutLine: {'line': b'-- Up-to-date: /home/nicolas/ws_ros2/install/px4_msgs/include/px4_msgs/px4_msgs/msg/detail/vehicle_command__type_support.h\n'}
[0.734099] (px4_msgs) StdoutLine: {'line': b'-- Up-to-date: /home/nicolas/ws_ros2/install/px4_msgs/include/px4_msgs/px4_msgs/msg/detail/hover_thrust_estimate__functions.c\n'}
[0.734149] (px4_msgs) StdoutLine: {'line': b'-- Up-to-date: /home/nicolas/ws_ros2/install/px4_msgs/include/px4_msgs/px4_msgs/msg/detail/task_stack_info__functions.h\n'}
[0.734197] (px4_msgs) StdoutLine: {'line': b'-- Up-to-date: /home/nicolas/ws_ros2/install/px4_msgs/include/px4_msgs/px4_msgs/msg/detail/gpio_in__functions.c\n'}
[0.734245] (px4_msgs) StdoutLine: {'line': b'-- Up-to-date: /home/nicolas/ws_ros2/install/px4_msgs/include/px4_msgs/px4_msgs/msg/detail/mavlink_tunnel__functions.c\n'}
[0.734294] (px4_msgs) StdoutLine: {'line': b'-- Up-to-date: /home/nicolas/ws_ros2/install/px4_msgs/include/px4_msgs/px4_msgs/msg/detail/parameter_set_value_request__functions.h\n'}
[0.734345] (px4_msgs) StdoutLine: {'line': b'-- Up-to-date: /home/nicolas/ws_ros2/install/px4_msgs/include/px4_msgs/px4_msgs/msg/detail/vehicle_imu_status__type_support.h\n'}
[0.734397] (px4_msgs) StdoutLine: {'line': b'-- Up-to-date: /home/nicolas/ws_ros2/install/px4_msgs/include/px4_msgs/px4_msgs/msg/detail/figure_eight_status__functions.h\n'}
[0.734430] (px4_msgs) StdoutLine: {'line': b'-- Up-to-date: /home/nicolas/ws_ros2/install/px4_msgs/include/px4_msgs/px4_msgs/msg/detail/message_format_response__functions.h\n'}
[0.734469] (px4_msgs) StdoutLine: {'line': b'-- Up-to-date: /home/nicolas/ws_ros2/install/px4_msgs/include/px4_msgs/px4_msgs/msg/detail/onboard_computer_status__type_support.h\n'}
[0.734503] (px4_msgs) StdoutLine: {'line': b'-- Up-to-date: /home/nicolas/ws_ros2/install/px4_msgs/include/px4_msgs/px4_msgs/msg/detail/estimator_states__struct.h\n'}
[0.734538] (px4_msgs) StdoutLine: {'line': b'-- Up-to-date: /home/nicolas/ws_ros2/install/px4_msgs/include/px4_msgs/px4_msgs/msg/detail/rate_ctrl_status__struct.h\n'}
[0.734570] (px4_msgs) StdoutLine: {'line': b'-- Up-to-date: /home/nicolas/ws_ros2/install/px4_msgs/include/px4_msgs/px4_msgs/msg/detail/tecs_status__struct.h\n'}
[0.734602] (px4_msgs) StdoutLine: {'line': b'-- Up-to-date: /home/nicolas/ws_ros2/install/px4_msgs/include/px4_msgs/px4_msgs/msg/detail/rc_parameter_map__functions.c\n'}
[0.734635] (px4_msgs) StdoutLine: {'line': b'-- Up-to-date: /home/nicolas/ws_ros2/install/px4_msgs/include/px4_msgs/px4_msgs/msg/detail/button_event__functions.c\n'}
[0.734667] (px4_msgs) StdoutLine: {'line': b'-- Up-to-date: /home/nicolas/ws_ros2/install/px4_msgs/include/px4_msgs/px4_msgs/msg/detail/fuel_tank_status__struct.h\n'}
[0.734699] (px4_msgs) StdoutLine: {'line': b'-- Up-to-date: /home/nicolas/ws_ros2/install/px4_msgs/include/px4_msgs/px4_msgs/msg/detail/figure_eight_status__functions.c\n'}
[0.734755] (px4_msgs) StdoutLine: {'line': b'-- Up-to-date: /home/nicolas/ws_ros2/install/px4_msgs/include/px4_msgs/px4_msgs/msg/detail/qshell_retval__functions.c\n'}
[0.734785] (px4_msgs) StdoutLine: {'line': b'-- Up-to-date: /home/nicolas/ws_ros2/install/px4_msgs/include/px4_msgs/px4_msgs/msg/detail/gimbal_manager_information__type_support.h\n'}
[0.734817] (px4_msgs) StdoutLine: {'line': b'-- Up-to-date: /home/nicolas/ws_ros2/install/px4_msgs/include/px4_msgs/px4_msgs/msg/detail/fixed_wing_runway_control__type_support.h\n'}
[0.734849] (px4_msgs) StdoutLine: {'line': b'-- Up-to-date: /home/nicolas/ws_ros2/install/px4_msgs/include/px4_msgs/px4_msgs/msg/detail/follow_target__type_support.h\n'}
[0.734880] (px4_msgs) StdoutLine: {'line': b'-- Up-to-date: /home/nicolas/ws_ros2/install/px4_msgs/include/px4_msgs/px4_msgs/msg/detail/qshell_req__type_support.h\n'}
[0.734959] (px4_msgs) StdoutLine: {'line': b'-- Up-to-date: /home/nicolas/ws_ros2/install/px4_msgs/include/px4_msgs/px4_msgs/msg/detail/logger_status__functions.h\n'}
[0.734994] (px4_msgs) StdoutLine: {'line': b'-- Up-to-date: /home/nicolas/ws_ros2/install/px4_msgs/include/px4_msgs/px4_msgs/msg/detail/esc_status__type_support.h\n'}
[0.735027] (px4_msgs) StdoutLine: {'line': b'-- Up-to-date: /home/nicolas/ws_ros2/install/px4_msgs/include/px4_msgs/px4_msgs/msg/detail/camera_capture__functions.h\n'}
[0.735060] (px4_msgs) StdoutLine: {'line': b'-- Up-to-date: /home/nicolas/ws_ros2/install/px4_msgs/include/px4_msgs/px4_msgs/msg/detail/input_rc__type_support.h\n'}
[0.735093] (px4_msgs) StdoutLine: {'line': b'-- Up-to-date: /home/nicolas/ws_ros2/install/px4_msgs/include/px4_msgs/px4_msgs/msg/detail/wind__functions.c\n'}
[0.735135] (px4_msgs) StdoutLine: {'line': b'-- Up-to-date: /home/nicolas/ws_ros2/install/px4_msgs/include/px4_msgs/px4_msgs/msg/detail/fixed_wing_longitudinal_setpoint__struct.h\n'}
[0.735170] (px4_msgs) StdoutLine: {'line': b'-- Up-to-date: /home/nicolas/ws_ros2/install/px4_msgs/include/px4_msgs/px4_msgs/msg/detail/rc_parameter_map__struct.h\n'}
[0.735203] (px4_msgs) StdoutLine: {'line': b'-- Up-to-date: /home/nicolas/ws_ros2/install/px4_msgs/include/px4_msgs/px4_msgs/msg/detail/sensor_baro__struct.h\n'}
[0.735236] (px4_msgs) StdoutLine: {'line': b'-- Up-to-date: /home/nicolas/ws_ros2/install/px4_msgs/include/px4_msgs/px4_msgs/msg/detail/onboard_computer_status__functions.h\n'}
[0.735298] (px4_msgs) StdoutLine: {'line': b'-- Up-to-date: /home/nicolas/ws_ros2/install/px4_msgs/include/px4_msgs/px4_msgs/msg/detail/vehicle_status__struct.h\n'}
[0.735334] (px4_msgs) StdoutLine: {'line': b'-- Up-to-date: /home/nicolas/ws_ros2/install/px4_msgs/include/px4_msgs/px4_msgs/msg/detail/orb_test__type_support.h\n'}
[0.735367] (px4_msgs) StdoutLine: {'line': b'-- Up-to-date: /home/nicolas/ws_ros2/install/px4_msgs/include/px4_msgs/px4_msgs/msg/detail/power_monitor__struct.h\n'}
[0.735400] (px4_msgs) StdoutLine: {'line': b'-- Up-to-date: /home/nicolas/ws_ros2/install/px4_msgs/include/px4_msgs/px4_msgs/msg/detail/gimbal_device_set_attitude__type_support.h\n'}
[0.735434] (px4_msgs) StdoutLine: {'line': b'-- Up-to-date: /home/nicolas/ws_ros2/install/px4_msgs/include/px4_msgs/px4_msgs/msg/detail/vehicle_land_detected__functions.c\n'}
[0.735474] (px4_msgs) StdoutLine: {'line': b'-- Up-to-date: /home/nicolas/ws_ros2/install/px4_msgs/include/px4_msgs/px4_msgs/msg/detail/landing_gear__struct.h\n'}
[0.735507] (px4_msgs) StdoutLine: {'line': b'-- Up-to-date: /home/nicolas/ws_ros2/install/px4_msgs/include/px4_msgs/px4_msgs/msg/detail/iridiumsbd_status__functions.c\n'}
[0.735540] (px4_msgs) StdoutLine: {'line': b'-- Up-to-date: /home/nicolas/ws_ros2/install/px4_msgs/include/px4_msgs/px4_msgs/msg/detail/vehicle_angular_acceleration_setpoint__functions.h\n'}
[0.735572] (px4_msgs) StdoutLine: {'line': b'-- Up-to-date: /home/nicolas/ws_ros2/install/px4_msgs/include/px4_msgs/px4_msgs/msg/detail/health_report__functions.c\n'}
[0.735605] (px4_msgs) StdoutLine: {'line': b'-- Up-to-date: /home/nicolas/ws_ros2/install/px4_msgs/include/px4_msgs/px4_msgs/msg/detail/rover_speed_status__functions.h\n'}
[0.735666] (px4_msgs) StdoutLine: {'line': b'-- Up-to-date: /home/nicolas/ws_ros2/install/px4_msgs/include/px4_msgs/px4_msgs/msg/detail/parameter_set_value_request__type_support.h\n'}
[0.735700] (px4_msgs) StdoutLine: {'line': b'-- Up-to-date: /home/nicolas/ws_ros2/install/px4_msgs/include/px4_msgs/px4_msgs/msg/detail/gimbal_manager_set_attitude__type_support.h\n'}
[0.735733] (px4_msgs) StdoutLine: {'line': b'-- Up-to-date: /home/nicolas/ws_ros2/install/px4_msgs/include/px4_msgs/px4_msgs/msg/detail/action_request__functions.h\n'}
[0.735766] (px4_msgs) StdoutLine: {'line': b'-- Up-to-date: /home/nicolas/ws_ros2/install/px4_msgs/include/px4_msgs/px4_msgs/msg/detail/parameter_reset_request__type_support.h\n'}
[0.735799] (px4_msgs) StdoutLine: {'line': b'-- Up-to-date: /home/nicolas/ws_ros2/install/px4_msgs/include/px4_msgs/px4_msgs/msg/detail/velocity_limits__type_support.h\n'}
[0.735832] (px4_msgs) StdoutLine: {'line': b'-- Up-to-date: /home/nicolas/ws_ros2/install/px4_msgs/include/px4_msgs/px4_msgs/msg/detail/logger_status__functions.c\n'}
[0.735911] (px4_msgs) StdoutLine: {'line': b'-- Up-to-date: /home/nicolas/ws_ros2/install/px4_msgs/include/px4_msgs/px4_msgs/msg/detail/gripper__type_support.h\n'}
[0.735945] (px4_msgs) StdoutLine: {'line': b'-- Up-to-date: /home/nicolas/ws_ros2/install/px4_msgs/include/px4_msgs/px4_msgs/msg/detail/vehicle_air_data__struct.h\n'}
[0.735978] (px4_msgs) StdoutLine: {'line': b'-- Up-to-date: /home/nicolas/ws_ros2/install/px4_msgs/include/px4_msgs/px4_msgs/msg/detail/fixed_wing_runway_control__functions.h\n'}
[0.736010] (px4_msgs) StdoutLine: {'line': b'-- Up-to-date: /home/nicolas/ws_ros2/install/px4_msgs/include/px4_msgs/px4_msgs/msg/detail/geofence_status__functions.c\n'}
[0.736043] (px4_msgs) StdoutLine: {'line': b'-- Up-to-date: /home/nicolas/ws_ros2/install/px4_msgs/include/px4_msgs/px4_msgs/msg/detail/landing_target_innovations__type_support.h\n'}
[0.736081] (px4_msgs) StdoutLine: {'line': b'-- Up-to-date: /home/nicolas/ws_ros2/install/px4_msgs/include/px4_msgs/px4_msgs/msg/detail/vtol_vehicle_status__functions.c\n'}
[0.736124] (px4_msgs) StdoutLine: {'line': b'-- Up-to-date: /home/nicolas/ws_ros2/install/px4_msgs/include/px4_msgs/px4_msgs/msg/detail/esc_report__functions.h\n'}
[0.736157] (px4_msgs) StdoutLine: {'line': b'-- Up-to-date: /home/nicolas/ws_ros2/install/px4_msgs/include/px4_msgs/px4_msgs/msg/detail/rc_parameter_map__type_support.h\n'}
[0.736190] (px4_msgs) StdoutLine: {'line': b'-- Up-to-date: /home/nicolas/ws_ros2/install/px4_msgs/include/px4_msgs/px4_msgs/msg/detail/dataman_request__functions.c\n'}
[0.736340] (px4_msgs) StdoutLine: {'line': b'-- Up-to-date: /home/nicolas/ws_ros2/install/px4_msgs/include/px4_msgs/px4_msgs/msg/detail/uavcan_parameter_value__functions.h\n'}
[0.736376] (px4_msgs) StdoutLine: {'line': b'-- Up-to-date: /home/nicolas/ws_ros2/install/px4_msgs/include/px4_msgs/px4_msgs/msg/detail/sensor_uwb__functions.h\n'}
[0.736434] (px4_msgs) StdoutLine: {'line': b'-- Up-to-date: /home/nicolas/ws_ros2/install/px4_msgs/include/px4_msgs/px4_msgs/msg/detail/position_setpoint_triplet__struct.h\n'}
[0.736475] (px4_msgs) StdoutLine: {'line': b'-- Up-to-date: /home/nicolas/ws_ros2/install/px4_msgs/include/px4_msgs/px4_msgs/msg/detail/estimator_selector_status__type_support.h\n'}
[0.736513] (px4_msgs) StdoutLine: {'line': b'-- Up-to-date: /home/nicolas/ws_ros2/install/px4_msgs/include/px4_msgs/px4_msgs/msg/detail/mission_result__functions.c\n'}
[0.736545] (px4_msgs) StdoutLine: {'line': b'-- Up-to-date: /home/nicolas/ws_ros2/install/px4_msgs/include/px4_msgs/px4_msgs/msg/detail/sensor_optical_flow__struct.h\n'}
[0.736576] (px4_msgs) StdoutLine: {'line': b'-- Up-to-date: /home/nicolas/ws_ros2/install/px4_msgs/include/px4_msgs/px4_msgs/msg/detail/vehicle_optical_flow__type_support.h\n'}
[0.736629] (px4_msgs) StdoutLine: {'line': b'-- Up-to-date: /home/nicolas/ws_ros2/install/px4_msgs/include/px4_msgs/px4_msgs/msg/detail/parameter_update__functions.h\n'}
[0.736706] (px4_msgs) StdoutLine: {'line': b'-- Up-to-date: /home/nicolas/ws_ros2/install/px4_msgs/include/px4_msgs/px4_msgs/msg/detail/log_message__functions.c\n'}
[0.736740] (px4_msgs) StdoutLine: {'line': b'-- Up-to-date: /home/nicolas/ws_ros2/install/px4_msgs/include/px4_msgs/px4_msgs/msg/detail/parameter_set_value_response__struct.h\n'}
[0.736774] (px4_msgs) StdoutLine: {'line': b'-- Up-to-date: /home/nicolas/ws_ros2/install/px4_msgs/include/px4_msgs/px4_msgs/msg/detail/navigator_status__struct.h\n'}
[0.736806] (px4_msgs) StdoutLine: {'line': b'-- Up-to-date: /home/nicolas/ws_ros2/install/px4_msgs/include/px4_msgs/px4_msgs/msg/detail/px4io_status__functions.c\n'}
[0.736838] (px4_msgs) StdoutLine: {'line': b'-- Up-to-date: /home/nicolas/ws_ros2/install/px4_msgs/include/px4_msgs/px4_msgs/msg/detail/manual_control_switches__functions.c\n'}
[0.736870] (px4_msgs) StdoutLine: {'line': b'-- Up-to-date: /home/nicolas/ws_ros2/install/px4_msgs/include/px4_msgs/px4_msgs/msg/detail/timesync_status__functions.h\n'}
[0.736902] (px4_msgs) StdoutLine: {'line': b'-- Up-to-date: /home/nicolas/ws_ros2/install/px4_msgs/include/px4_msgs/px4_msgs/msg/detail/esc_report__functions.c\n'}
[0.736934] (px4_msgs) StdoutLine: {'line': b'-- Up-to-date: /home/nicolas/ws_ros2/install/px4_msgs/include/px4_msgs/px4_msgs/msg/detail/input_rc__struct.h\n'}
[0.736966] (px4_msgs) StdoutLine: {'line': b'-- Up-to-date: /home/nicolas/ws_ros2/install/px4_msgs/include/px4_msgs/px4_msgs/msg/detail/battery_info__type_support.h\n'}
[0.736997] (px4_msgs) StdoutLine: {'line': b'-- Up-to-date: /home/nicolas/ws_ros2/install/px4_msgs/include/px4_msgs/px4_msgs/msg/detail/tiltrotor_extra_controls__struct.h\n'}
[0.737028] (px4_msgs) StdoutLine: {'line': b'-- Up-to-date: /home/nicolas/ws_ros2/install/px4_msgs/include/px4_msgs/px4_msgs/msg/detail/battery_info__functions.h\n'}
[0.737059] (px4_msgs) StdoutLine: {'line': b'-- Up-to-date: /home/nicolas/ws_ros2/install/px4_msgs/include/px4_msgs/px4_msgs/msg/detail/rover_position_setpoint__struct.h\n'}
[0.737090] (px4_msgs) StdoutLine: {'line': b'-- Up-to-date: /home/nicolas/ws_ros2/install/px4_msgs/include/px4_msgs/px4_msgs/msg/detail/sensor_combined__functions.c\n'}
[0.737121] (px4_msgs) StdoutLine: {'line': b'-- Up-to-date: /home/nicolas/ws_ros2/install/px4_msgs/include/px4_msgs/px4_msgs/msg/detail/mode_completed__type_support.h\n'}
[0.737152] (px4_msgs) StdoutLine: {'line': b'-- Up-to-date: /home/nicolas/ws_ros2/install/px4_msgs/include/px4_msgs/px4_msgs/msg/detail/sensor_gyro_fft__type_support.h\n'}
[0.737183] (px4_msgs) StdoutLine: {'line': b'-- Up-to-date: /home/nicolas/ws_ros2/install/px4_msgs/include/px4_msgs/px4_msgs/msg/detail/takeoff_status__functions.h\n'}
[0.737214] (px4_msgs) StdoutLine: {'line': b'-- Up-to-date: /home/nicolas/ws_ros2/install/px4_msgs/include/px4_msgs/px4_msgs/msg/detail/vehicle_land_detected__type_support.h\n'}
[0.737244] (px4_msgs) StdoutLine: {'line': b'-- Up-to-date: /home/nicolas/ws_ros2/install/px4_msgs/include/px4_msgs/px4_msgs/msg/detail/sensor_gnss_status__functions.c\n'}
[0.737275] (px4_msgs) StdoutLine: {'line': b'-- Up-to-date: /home/nicolas/ws_ros2/install/px4_msgs/include/px4_msgs/px4_msgs/msg/detail/fixed_wing_lateral_guidance_status__type_support.h\n'}
[0.737306] (px4_msgs) StdoutLine: {'line': b'-- Up-to-date: /home/nicolas/ws_ros2/install/px4_msgs/include/px4_msgs/px4_msgs/msg/detail/landing_target_pose__functions.c\n'}
[0.737337] (px4_msgs) StdoutLine: {'line': b'-- Up-to-date: /home/nicolas/ws_ros2/install/px4_msgs/include/px4_msgs/px4_msgs/msg/detail/task_stack_info__functions.c\n'}
[0.737367] (px4_msgs) StdoutLine: {'line': b'-- Up-to-date: /home/nicolas/ws_ros2/install/px4_msgs/include/px4_msgs/px4_msgs/msg/detail/gps_dump__functions.c\n'}
[0.737397] (px4_msgs) StdoutLine: {'line': b'-- Up-to-date: /home/nicolas/ws_ros2/install/px4_msgs/include/px4_msgs/px4_msgs/msg/detail/estimator_status__type_support.h\n'}
[0.737428] (px4_msgs) StdoutLine: {'line': b'-- Up-to-date: /home/nicolas/ws_ros2/install/px4_msgs/include/px4_msgs/px4_msgs/msg/detail/parameter_update__struct.h\n'}
[0.737474] (px4_msgs) StdoutLine: {'line': b'-- Up-to-date: /home/nicolas/ws_ros2/install/px4_msgs/include/px4_msgs/px4_msgs/msg/detail/estimator_selector_status__functions.c\n'}
[0.737614] (px4_msgs) StdoutLine: {'line': b'-- Up-to-date: /home/nicolas/ws_ros2/install/px4_msgs/include/px4_msgs/px4_msgs/msg/detail/mavlink_tunnel__struct.h\n'}
[0.737645] (px4_msgs) StdoutLine: {'line': b'-- Up-to-date: /home/nicolas/ws_ros2/install/px4_msgs/include/px4_msgs/px4_msgs/msg/detail/sensor_baro__functions.c\n'}
[0.737674] (px4_msgs) StdoutLine: {'line': b'-- Up-to-date: /home/nicolas/ws_ros2/install/px4_msgs/include/px4_msgs/px4_msgs/msg/detail/actuator_test__functions.h\n'}
[0.737702] (px4_msgs) StdoutLine: {'line': b'-- Up-to-date: /home/nicolas/ws_ros2/install/px4_msgs/include/px4_msgs/px4_msgs/msg/detail/vehicle_thrust_setpoint__type_support.h\n'}
[0.737734] (px4_msgs) StdoutLine: {'line': b'-- Up-to-date: /home/nicolas/ws_ros2/install/px4_msgs/include/px4_msgs/px4_msgs/msg/detail/longitudinal_control_configuration__functions.h\n'}
[0.737766] (px4_msgs) StdoutLine: {'line': b'-- Up-to-date: /home/nicolas/ws_ros2/install/px4_msgs/include/px4_msgs/px4_msgs/msg/detail/arming_check_request__type_support.h\n'}
[0.737798] (px4_msgs) StdoutLine: {'line': b'-- Up-to-date: /home/nicolas/ws_ros2/install/px4_msgs/include/px4_msgs/px4_msgs/msg/detail/longitudinal_control_configuration__struct.h\n'}
[0.737830] (px4_msgs) StdoutLine: {'line': b'-- Up-to-date: /home/nicolas/ws_ros2/install/px4_msgs/include/px4_msgs/px4_msgs/msg/detail/rtl_status__functions.c\n'}
[0.737863] (px4_msgs) StdoutLine: {'line': b'-- Up-to-date: /home/nicolas/ws_ros2/install/px4_msgs/include/px4_msgs/px4_msgs/msg/detail/internal_combustion_engine_status__type_support.h\n'}
[0.737895] (px4_msgs) StdoutLine: {'line': b'-- Up-to-date: /home/nicolas/ws_ros2/install/px4_msgs/include/px4_msgs/px4_msgs/msg/detail/sensor_combined__functions.h\n'}
[0.737927] (px4_msgs) StdoutLine: {'line': b'-- Up-to-date: /home/nicolas/ws_ros2/install/px4_msgs/include/px4_msgs/px4_msgs/msg/detail/rover_attitude_status__type_support.h\n'}
[0.737959] (px4_msgs) StdoutLine: {'line': b'-- Up-to-date: /home/nicolas/ws_ros2/install/px4_msgs/include/px4_msgs/px4_msgs/msg/detail/cpuload__type_support.h\n'}
[0.737991] (px4_msgs) StdoutLine: {'line': b'-- Up-to-date: /home/nicolas/ws_ros2/install/px4_msgs/include/px4_msgs/px4_msgs/msg/detail/debug_vect__functions.c\n'}
[0.738022] (px4_msgs) StdoutLine: {'line': b'-- Up-to-date: /home/nicolas/ws_ros2/install/px4_msgs/include/px4_msgs/px4_msgs/msg/detail/camera_status__functions.h\n'}
[0.738053] (px4_msgs) StdoutLine: {'line': b'-- Up-to-date: /home/nicolas/ws_ros2/install/px4_msgs/include/px4_msgs/px4_msgs/msg/detail/failure_detector_status__struct.h\n'}
[0.738084] (px4_msgs) StdoutLine: {'line': b'-- Up-to-date: /home/nicolas/ws_ros2/install/px4_msgs/include/px4_msgs/px4_msgs/msg/detail/autotune_attitude_control_status__struct.h\n'}
[0.738115] (px4_msgs) StdoutLine: {'line': b'-- Up-to-date: /home/nicolas/ws_ros2/install/px4_msgs/include/px4_msgs/px4_msgs/msg/detail/estimator_status_flags__type_support.h\n'}
[0.738145] (px4_msgs) StdoutLine: {'line': b'-- Up-to-date: /home/nicolas/ws_ros2/install/px4_msgs/include/px4_msgs/px4_msgs/msg/detail/register_ext_component_request__type_support.h\n'}
[0.738177] (px4_msgs) StdoutLine: {'line': b'-- Up-to-date: /home/nicolas/ws_ros2/install/px4_msgs/include/px4_msgs/px4_msgs/msg/detail/landing_target_innovations__functions.h\n'}
[0.738208] (px4_msgs) StdoutLine: {'line': b'-- Up-to-date: /home/nicolas/ws_ros2/install/px4_msgs/include/px4_msgs/px4_msgs/msg/detail/trajectory_setpoint6dof__functions.h\n'}
[0.738239] (px4_msgs) StdoutLine: {'line': b'-- Up-to-date: /home/nicolas/ws_ros2/install/px4_msgs/include/px4_msgs/px4_msgs/msg/detail/sensor_optical_flow__functions.h\n'}
[0.738271] (px4_msgs) StdoutLine: {'line': b'-- Up-to-date: /home/nicolas/ws_ros2/install/px4_msgs/include/px4_msgs/px4_msgs/msg/detail/vehicle_angular_velocity__functions.c\n'}
[0.738315] (px4_msgs) StdoutLine: {'line': b'-- Up-to-date: /home/nicolas/ws_ros2/install/px4_msgs/include/px4_msgs/px4_msgs/msg/detail/pps_capture__struct.h\n'}
[0.738436] (px4_msgs) StdoutLine: {'line': b'-- Up-to-date: /home/nicolas/ws_ros2/install/px4_msgs/include/px4_msgs/px4_msgs/msg/detail/actuator_test__type_support.h\n'}
[0.738475] (px4_msgs) StdoutLine: {'line': b'-- Up-to-date: /home/nicolas/ws_ros2/install/px4_msgs/include/px4_msgs/px4_msgs/msg/detail/estimator_gps_status__functions.h\n'}
[0.738509] (px4_msgs) StdoutLine: {'line': b'-- Up-to-date: /home/nicolas/ws_ros2/install/px4_msgs/include/px4_msgs/px4_msgs/msg/detail/lateral_control_configuration__type_support.h\n'}
[0.738541] (px4_msgs) StdoutLine: {'line': b'-- Up-to-date: /home/nicolas/ws_ros2/install/px4_msgs/include/px4_msgs/px4_msgs/msg/detail/cpuload__functions.c\n'}
[0.738572] (px4_msgs) StdoutLine: {'line': b'-- Up-to-date: /home/nicolas/ws_ros2/install/px4_msgs/include/px4_msgs/px4_msgs/msg/detail/irlock_report__functions.h\n'}
[0.738603] (px4_msgs) StdoutLine: {'line': b'-- Up-to-date: /home/nicolas/ws_ros2/install/px4_msgs/include/px4_msgs/px4_msgs/msg/detail/debug_value__struct.h\n'}
[0.738634] (px4_msgs) StdoutLine: {'line': b'-- Up-to-date: /home/nicolas/ws_ros2/install/px4_msgs/include/px4_msgs/px4_msgs/msg/detail/rover_speed_setpoint__functions.h\n'}
[0.738665] (px4_msgs) StdoutLine: {'line': b'-- Up-to-date: /home/nicolas/ws_ros2/install/px4_msgs/include/px4_msgs/px4_msgs/msg/detail/gimbal_manager_set_manual_control__type_support.h\n'}
[0.738706] (px4_msgs) StdoutLine: {'line': b'-- Up-to-date: /home/nicolas/ws_ros2/install/px4_msgs/include/px4_msgs/px4_msgs/msg/detail/px4io_status__functions.h\n'}
[0.738738] (px4_msgs) StdoutLine: {'line': b'-- Up-to-date: /home/nicolas/ws_ros2/install/px4_msgs/include/px4_msgs/px4_msgs/msg/detail/onboard_computer_status__functions.c\n'}
[0.738806] (px4_msgs) StdoutLine: {'line': b'-- Up-to-date: /home/nicolas/ws_ros2/install/px4_msgs/include/px4_msgs/px4_msgs/msg/detail/tiltrotor_extra_controls__type_support.h\n'}
[0.738836] (px4_msgs) StdoutLine: {'line': b'-- Up-to-date: /home/nicolas/ws_ros2/install/px4_msgs/include/px4_msgs/px4_msgs/msg/detail/pure_pursuit_status__functions.h\n'}
[0.738866] (px4_msgs) StdoutLine: {'line': b'-- Up-to-date: /home/nicolas/ws_ros2/install/px4_msgs/include/px4_msgs/px4_msgs/msg/detail/tune_control__struct.h\n'}
[0.738898] (px4_msgs) StdoutLine: {'line': b'-- Up-to-date: /home/nicolas/ws_ros2/install/px4_msgs/include/px4_msgs/px4_msgs/msg/detail/gimbal_manager_information__functions.h\n'}
[0.738929] (px4_msgs) StdoutLine: {'line': b'-- Up-to-date: /home/nicolas/ws_ros2/install/px4_msgs/include/px4_msgs/px4_msgs/msg/detail/estimator_status_flags__struct.h\n'}
[0.738988] (px4_msgs) StdoutLine: {'line': b'-- Up-to-date: /home/nicolas/ws_ros2/install/px4_msgs/include/px4_msgs/px4_msgs/msg/detail/sensors_status_imu__type_support.h\n'}
[0.739021] (px4_msgs) StdoutLine: {'line': b'-- Up-to-date: /home/nicolas/ws_ros2/install/px4_msgs/include/px4_msgs/px4_msgs/msg/detail/esc_status__struct.h\n'}
[0.739055] (px4_msgs) StdoutLine: {'line': b'-- Up-to-date: /home/nicolas/ws_ros2/install/px4_msgs/include/px4_msgs/px4_msgs/msg/detail/camera_capture__type_support.h\n'}
[0.739087] (px4_msgs) StdoutLine: {'line': b'-- Up-to-date: /home/nicolas/ws_ros2/install/px4_msgs/include/px4_msgs/px4_msgs/msg/detail/pure_pursuit_status__struct.h\n'}
[0.739119] (px4_msgs) StdoutLine: {'line': b'-- Up-to-date: /home/nicolas/ws_ros2/install/px4_msgs/include/px4_msgs/px4_msgs/msg/detail/vehicle_control_mode__type_support.h\n'}
[0.739151] (px4_msgs) StdoutLine: {'line': b'-- Up-to-date: /home/nicolas/ws_ros2/install/px4_msgs/include/px4_msgs/px4_msgs/msg/detail/open_drone_id_operator_id__functions.c\n'}
[0.739183] (px4_msgs) StdoutLine: {'line': b'-- Up-to-date: /home/nicolas/ws_ros2/install/px4_msgs/include/px4_msgs/px4_msgs/msg/detail/longitudinal_control_configuration__type_support.h\n'}
[0.739215] (px4_msgs) StdoutLine: {'line': b'-- Up-to-date: /home/nicolas/ws_ros2/install/px4_msgs/include/px4_msgs/px4_msgs/msg/detail/sensor_selection__type_support.h\n'}
[0.739257] (px4_msgs) StdoutLine: {'line': b'-- Up-to-date: /home/nicolas/ws_ros2/install/px4_msgs/include/px4_msgs/px4_msgs/msg/detail/vehicle_acceleration__struct.h\n'}
[0.739289] (px4_msgs) StdoutLine: {'line': b'-- Up-to-date: /home/nicolas/ws_ros2/install/px4_msgs/include/px4_msgs/px4_msgs/msg/detail/px4io_status__type_support.h\n'}
[0.739319] (px4_msgs) StdoutLine: {'line': b'-- Up-to-date: /home/nicolas/ws_ros2/install/px4_msgs/include/px4_msgs/px4_msgs/msg/detail/action_request__type_support.h\n'}
[0.739350] (px4_msgs) StdoutLine: {'line': b'-- Up-to-date: /home/nicolas/ws_ros2/install/px4_msgs/include/px4_msgs/px4_msgs/msg/detail/normalized_unsigned_setpoint__struct.h\n'}
[0.739382] (px4_msgs) StdoutLine: {'line': b'-- Up-to-date: /home/nicolas/ws_ros2/install/px4_msgs/include/px4_msgs/px4_msgs/msg/detail/sensor_gyro_fifo__functions.c\n'}
[0.739413] (px4_msgs) StdoutLine: {'line': b'-- Up-to-date: /home/nicolas/ws_ros2/install/px4_msgs/include/px4_msgs/px4_msgs/msg/detail/open_drone_id_self_id__functions.c\n'}
[0.739444] (px4_msgs) StdoutLine: {'line': b'-- Up-to-date: /home/nicolas/ws_ros2/install/px4_msgs/include/px4_msgs/px4_msgs/msg/detail/position_setpoint_triplet__functions.c\n'}
[0.739482] (px4_msgs) StdoutLine: {'line': b'-- Up-to-date: /home/nicolas/ws_ros2/install/px4_msgs/include/px4_msgs/px4_msgs/msg/detail/task_stack_info__type_support.h\n'}
[0.739556] (px4_msgs) StdoutLine: {'line': b'-- Up-to-date: /home/nicolas/ws_ros2/install/px4_msgs/include/px4_msgs/px4_msgs/msg/detail/vehicle_optical_flow_vel__functions.h\n'}
[0.739589] (px4_msgs) StdoutLine: {'line': b'-- Up-to-date: /home/nicolas/ws_ros2/install/px4_msgs/include/px4_msgs/px4_msgs/msg/detail/mavlink_tunnel__functions.h\n'}
[0.739623] (px4_msgs) StdoutLine: {'line': b'-- Up-to-date: /home/nicolas/ws_ros2/install/px4_msgs/include/px4_msgs/px4_msgs/msg/detail/qshell_retval__functions.h\n'}
[0.739655] (px4_msgs) StdoutLine: {'line': b'-- Up-to-date: /home/nicolas/ws_ros2/install/px4_msgs/include/px4_msgs/px4_msgs/msg/detail/estimator_aid_source1d__functions.c\n'}
[0.739686] (px4_msgs) StdoutLine: {'line': b'-- Up-to-date: /home/nicolas/ws_ros2/install/px4_msgs/include/px4_msgs/px4_msgs/msg/detail/launch_detection_status__struct.h\n'}
[0.739718] (px4_msgs) StdoutLine: {'line': b'-- Up-to-date: /home/nicolas/ws_ros2/install/px4_msgs/include/px4_msgs/px4_msgs/msg/detail/qshell_req__struct.h\n'}
[0.739749] (px4_msgs) StdoutLine: {'line': b'-- Up-to-date: /home/nicolas/ws_ros2/install/px4_msgs/include/px4_msgs/px4_msgs/msg/detail/actuator_outputs__type_support.h\n'}
[0.739781] (px4_msgs) StdoutLine: {'line': b'-- Up-to-date: /home/nicolas/ws_ros2/install/px4_msgs/include/px4_msgs/px4_msgs/msg/detail/cellular_status__functions.h\n'}
[0.739858] (px4_msgs) StdoutLine: {'line': b'-- Up-to-date: /home/nicolas/ws_ros2/install/px4_msgs/include/px4_msgs/px4_msgs/msg/detail/sensor_gnss_relative__functions.h\n'}
[0.739890] (px4_msgs) StdoutLine: {'line': b'-- Up-to-date: /home/nicolas/ws_ros2/install/px4_msgs/include/px4_msgs/px4_msgs/msg/detail/position_setpoint__type_support.h\n'}
[0.739922] (px4_msgs) StdoutLine: {'line': b'-- Up-to-date: /home/nicolas/ws_ros2/install/px4_msgs/include/px4_msgs/px4_msgs/msg/detail/fixed_wing_lateral_status__functions.c\n'}
[0.739955] (px4_msgs) StdoutLine: {'line': b'-- Up-to-date: /home/nicolas/ws_ros2/install/px4_msgs/include/px4_msgs/px4_msgs/msg/detail/geofence_status__struct.h\n'}
[0.740073] (px4_msgs) StdoutLine: {'line': b'-- Up-to-date: /home/nicolas/ws_ros2/install/px4_msgs/include/px4_msgs/px4_msgs/msg/detail/rover_rate_setpoint__type_support.h\n'}
[0.740106] (px4_msgs) StdoutLine: {'line': b'-- Up-to-date: /home/nicolas/ws_ros2/install/px4_msgs/include/px4_msgs/px4_msgs/msg/detail/ulog_stream__type_support.h\n'}
[0.740139] (px4_msgs) StdoutLine: {'line': b'-- Up-to-date: /home/nicolas/ws_ros2/install/px4_msgs/include/px4_msgs/px4_msgs/msg/detail/log_message__functions.h\n'}
[0.740172] (px4_msgs) StdoutLine: {'line': b'-- Up-to-date: /home/nicolas/ws_ros2/install/px4_msgs/include/px4_msgs/px4_msgs/msg/detail/gimbal_manager_status__functions.h\n'}
[0.740215] (px4_msgs) StdoutLine: {'line': b'-- Up-to-date: /home/nicolas/ws_ros2/install/px4_msgs/include/px4_msgs/px4_msgs/msg/detail/vehicle_thrust_setpoint__functions.c\n'}
[0.740247] (px4_msgs) StdoutLine: {'line': b'-- Up-to-date: /home/nicolas/ws_ros2/install/px4_msgs/include/px4_msgs/px4_msgs/msg/detail/navigator_mission_item__struct.h\n'}
[0.740279] (px4_msgs) StdoutLine: {'line': b'-- Up-to-date: /home/nicolas/ws_ros2/install/px4_msgs/include/px4_msgs/px4_msgs/msg/detail/unregister_ext_component__functions.h\n'}
[0.740310] (px4_msgs) StdoutLine: {'line': b'-- Up-to-date: /home/nicolas/ws_ros2/install/px4_msgs/include/px4_msgs/px4_msgs/msg/detail/gripper__functions.h\n'}
[0.740342] (px4_msgs) StdoutLine: {'line': b'-- Up-to-date: /home/nicolas/ws_ros2/install/px4_msgs/include/px4_msgs/px4_msgs/msg/detail/rover_rate_setpoint__functions.h\n'}
[0.740373] (px4_msgs) StdoutLine: {'line': b'-- Up-to-date: /home/nicolas/ws_ros2/install/px4_msgs/include/px4_msgs/px4_msgs/msg/detail/parameter_reset_request__functions.h\n'}
[0.740405] (px4_msgs) StdoutLine: {'line': b'-- Up-to-date: /home/nicolas/ws_ros2/install/px4_msgs/include/px4_msgs/px4_msgs/msg/detail/register_ext_component_reply__functions.c\n'}
[0.740436] (px4_msgs) StdoutLine: {'line': b'-- Up-to-date: /home/nicolas/ws_ros2/install/px4_msgs/include/px4_msgs/px4_msgs/msg/detail/fixed_wing_lateral_setpoint__struct.h\n'}
[0.740479] (px4_msgs) StdoutLine: {'line': b'-- Up-to-date: /home/nicolas/ws_ros2/install/px4_msgs/include/px4_msgs/px4_msgs/msg/detail/position_controller_landing_status__functions.h\n'}
[0.740514] (px4_msgs) StdoutLine: {'line': b'-- Up-to-date: /home/nicolas/ws_ros2/install/px4_msgs/include/px4_msgs/px4_msgs/msg/detail/goto_setpoint__functions.c\n'}
[0.740548] (px4_msgs) StdoutLine: {'line': b'-- Up-to-date: /home/nicolas/ws_ros2/install/px4_msgs/include/px4_msgs/px4_msgs/msg/detail/estimator_states__type_support.h\n'}
[0.740582] (px4_msgs) StdoutLine: {'line': b'-- Up-to-date: /home/nicolas/ws_ros2/install/px4_msgs/include/px4_msgs/px4_msgs/msg/detail/vehicle_optical_flow__functions.h\n'}
[0.740615] (px4_msgs) StdoutLine: {'line': b'-- Up-to-date: /home/nicolas/ws_ros2/install/px4_msgs/include/px4_msgs/px4_msgs/msg/detail/vehicle_status__functions.h\n'}
[0.740648] (px4_msgs) StdoutLine: {'line': b'-- Up-to-date: /home/nicolas/ws_ros2/install/px4_msgs/include/px4_msgs/px4_msgs/msg/detail/goto_setpoint__type_support.h\n'}
[0.740681] (px4_msgs) StdoutLine: {'line': b'-- Up-to-date: /home/nicolas/ws_ros2/install/px4_msgs/include/px4_msgs/px4_msgs/msg/detail/timesync_status__struct.h\n'}
[0.740715] (px4_msgs) StdoutLine: {'line': b'-- Up-to-date: /home/nicolas/ws_ros2/install/px4_msgs/include/px4_msgs/px4_msgs/msg/detail/vehicle_command_ack__struct.h\n'}
[0.740748] (px4_msgs) StdoutLine: {'line': b'-- Up-to-date: /home/nicolas/ws_ros2/install/px4_msgs/include/px4_msgs/px4_msgs/msg/detail/cellular_status__type_support.h\n'}
[0.740782] (px4_msgs) StdoutLine: {'line': b'-- Up-to-date: /home/nicolas/ws_ros2/install/px4_msgs/include/px4_msgs/px4_msgs/msg/detail/sensor_gnss_status__struct.h\n'}
[0.740815] (px4_msgs) StdoutLine: {'line': b'-- Up-to-date: /home/nicolas/ws_ros2/install/px4_msgs/include/px4_msgs/px4_msgs/msg/detail/vehicle_command_ack__functions.c\n'}
[0.740847] (px4_msgs) StdoutLine: {'line': b'-- Up-to-date: /home/nicolas/ws_ros2/install/px4_msgs/include/px4_msgs/px4_msgs/msg/detail/position_setpoint__struct.h\n'}
[0.740880] (px4_msgs) StdoutLine: {'line': b'-- Up-to-date: /home/nicolas/ws_ros2/install/px4_msgs/include/px4_msgs/px4_msgs/msg/detail/mount_orientation__functions.h\n'}
[0.740913] (px4_msgs) StdoutLine: {'line': b'-- Up-to-date: /home/nicolas/ws_ros2/install/px4_msgs/include/px4_msgs/px4_msgs/msg/detail/sensor_gyro_fft__struct.h\n'}
[0.740972] (px4_msgs) StdoutLine: {'line': b'-- Up-to-date: /home/nicolas/ws_ros2/install/px4_msgs/include/px4_msgs/px4_msgs/msg/detail/internal_combustion_engine_control__functions.h\n'}
[0.741008] (px4_msgs) StdoutLine: {'line': b'-- Up-to-date: /home/nicolas/ws_ros2/install/px4_msgs/include/px4_msgs/px4_msgs/msg/detail/led_control__struct.h\n'}
[0.741093] (px4_msgs) StdoutLine: {'line': b'-- Up-to-date: /home/nicolas/ws_ros2/install/px4_msgs/include/px4_msgs/px4_msgs/msg/detail/flight_phase_estimation__struct.h\n'}
[0.741130] (px4_msgs) StdoutLine: {'line': b'-- Up-to-date: /home/nicolas/ws_ros2/install/px4_msgs/include/px4_msgs/px4_msgs/msg/detail/system_power__functions.h\n'}
[0.741166] (px4_msgs) StdoutLine: {'line': b'-- Up-to-date: /home/nicolas/ws_ros2/install/px4_msgs/include/px4_msgs/px4_msgs/msg/detail/failure_detector_status__type_support.h\n'}
[0.741201] (px4_msgs) StdoutLine: {'line': b'-- Up-to-date: /home/nicolas/ws_ros2/install/px4_msgs/include/px4_msgs/px4_msgs/msg/detail/lateral_control_configuration__functions.h\n'}
[0.741236] (px4_msgs) StdoutLine: {'line': b'-- Up-to-date: /home/nicolas/ws_ros2/install/px4_msgs/include/px4_msgs/px4_msgs/msg/detail/vehicle_magnetometer__functions.c\n'}
[0.741395] (px4_msgs) StdoutLine: {'line': b'-- Up-to-date: /home/nicolas/ws_ros2/install/px4_msgs/include/px4_msgs/px4_msgs/msg/detail/internal_combustion_engine_status__functions.h\n'}
[0.741431] (px4_msgs) StdoutLine: {'line': b'-- Up-to-date: /home/nicolas/ws_ros2/install/px4_msgs/include/px4_msgs/px4_msgs/msg/detail/autotune_attitude_control_status__type_support.h\n'}
[0.741499] (px4_msgs) StdoutLine: {'line': b'-- Up-to-date: /home/nicolas/ws_ros2/install/px4_msgs/include/px4_msgs/px4_msgs/msg/detail/mission_result__type_support.h\n'}
[0.741545] (px4_msgs) StdoutLine: {'line': b'-- Up-to-date: /home/nicolas/ws_ros2/install/px4_msgs/include/px4_msgs/px4_msgs/msg/detail/actuator_controls_status__struct.h\n'}
[0.741580] (px4_msgs) StdoutLine: {'line': b'-- Up-to-date: /home/nicolas/ws_ros2/install/px4_msgs/include/px4_msgs/px4_msgs/msg/detail/offboard_control_mode__functions.c\n'}
[0.741614] (px4_msgs) StdoutLine: {'line': b'-- Up-to-date: /home/nicolas/ws_ros2/install/px4_msgs/include/px4_msgs/px4_msgs/msg/detail/estimator_sensor_bias__type_support.h\n'}
[0.741648] (px4_msgs) StdoutLine: {'line': b'-- Up-to-date: /home/nicolas/ws_ros2/install/px4_msgs/include/px4_msgs/px4_msgs/msg/detail/vtol_vehicle_status__struct.h\n'}
[0.741681] (px4_msgs) StdoutLine: {'line': b'-- Up-to-date: /home/nicolas/ws_ros2/install/px4_msgs/include/px4_msgs/px4_msgs/msg/detail/vehicle_constraints__type_support.h\n'}
[0.741715] (px4_msgs) StdoutLine: {'line': b'-- Up-to-date: /home/nicolas/ws_ros2/install/px4_msgs/include/px4_msgs/px4_msgs/msg/detail/landing_gear__type_support.h\n'}
[0.741748] (px4_msgs) StdoutLine: {'line': b'-- Up-to-date: /home/nicolas/ws_ros2/install/px4_msgs/include/px4_msgs/px4_msgs/msg/detail/airspeed_wind__struct.h\n'}
[0.741781] (px4_msgs) StdoutLine: {'line': b'-- Up-to-date: /home/nicolas/ws_ros2/install/px4_msgs/include/px4_msgs/px4_msgs/msg/detail/estimator_aid_source2d__type_support.h\n'}
[0.741815] (px4_msgs) StdoutLine: {'line': b'-- Up-to-date: /home/nicolas/ws_ros2/install/px4_msgs/include/px4_msgs/px4_msgs/msg/detail/offboard_control_mode__struct.h\n'}
[0.741848] (px4_msgs) StdoutLine: {'line': b'-- Up-to-date: /home/nicolas/ws_ros2/install/px4_msgs/include/px4_msgs/px4_msgs/msg/detail/message_format_request__struct.h\n'}
[0.741881] (px4_msgs) StdoutLine: {'line': b'-- Up-to-date: /home/nicolas/ws_ros2/install/px4_msgs/include/px4_msgs/px4_msgs/msg/detail/radio_status__type_support.h\n'}
[0.741914] (px4_msgs) StdoutLine: {'line': b'-- Up-to-date: /home/nicolas/ws_ros2/install/px4_msgs/include/px4_msgs/px4_msgs/msg/detail/ulog_stream_ack__struct.h\n'}
[0.741946] (px4_msgs) StdoutLine: {'line': b'-- Up-to-date: /home/nicolas/ws_ros2/install/px4_msgs/include/px4_msgs/px4_msgs/msg/detail/estimator_gps_status__type_support.h\n'}
[0.741978] (px4_msgs) StdoutLine: {'line': b'-- Up-to-date: /home/nicolas/ws_ros2/install/px4_msgs/include/px4_msgs/px4_msgs/msg/detail/open_drone_id_arm_status__type_support.h\n'}
[0.742011] (px4_msgs) StdoutLine: {'line': b'-- Up-to-date: /home/nicolas/ws_ros2/install/px4_msgs/include/px4_msgs/px4_msgs/msg/detail/follow_target__functions.c\n'}
[0.742061] (px4_msgs) StdoutLine: {'line': b'-- Up-to-date: /home/nicolas/ws_ros2/install/px4_msgs/include/px4_msgs/px4_msgs/msg/detail/gps_inject_data__functions.h\n'}
[0.742095] (px4_msgs) StdoutLine: {'line': b'-- Up-to-date: /home/nicolas/ws_ros2/install/px4_msgs/include/px4_msgs/px4_msgs/msg/detail/can_interface_status__type_support.h\n'}
[0.742129] (px4_msgs) StdoutLine: {'line': b'-- Up-to-date: /home/nicolas/ws_ros2/install/px4_msgs/include/px4_msgs/px4_msgs/msg/detail/vehicle_command__struct.h\n'}
[0.742163] (px4_msgs) StdoutLine: {'line': b'-- Up-to-date: /home/nicolas/ws_ros2/install/px4_msgs/include/px4_msgs/px4_msgs/msg/detail/vehicle_acceleration__type_support.h\n'}
[0.742196] (px4_msgs) StdoutLine: {'line': b'-- Up-to-date: /home/nicolas/ws_ros2/install/px4_msgs/include/px4_msgs/px4_msgs/msg/detail/position_controller_landing_status__functions.c\n'}
[0.742230] (px4_msgs) StdoutLine: {'line': b'-- Up-to-date: /home/nicolas/ws_ros2/install/px4_msgs/include/px4_msgs/px4_msgs/msg/detail/differential_pressure__functions.h\n'}
[0.742322] (px4_msgs) StdoutLine: {'line': b'-- Up-to-date: /home/nicolas/ws_ros2/install/px4_msgs/include/px4_msgs/px4_msgs/msg/detail/satellite_info__functions.h\n'}
[0.742357] (px4_msgs) StdoutLine: {'line': b'-- Up-to-date: /home/nicolas/ws_ros2/install/px4_msgs/include/px4_msgs/px4_msgs/msg/detail/rc_channels__functions.c\n'}
[0.742391] (px4_msgs) StdoutLine: {'line': b'-- Up-to-date: /home/nicolas/ws_ros2/install/px4_msgs/include/px4_msgs/px4_msgs/msg/detail/ulog_stream_ack__type_support.h\n'}
[0.742424] (px4_msgs) StdoutLine: {'line': b'-- Up-to-date: /home/nicolas/ws_ros2/install/px4_msgs/include/px4_msgs/px4_msgs/msg/detail/longitudinal_control_configuration__functions.c\n'}
[0.742459] (px4_msgs) StdoutLine: {'line': b'-- Up-to-date: /home/nicolas/ws_ros2/install/px4_msgs/include/px4_msgs/px4_msgs/msg/detail/geofence_result__struct.h\n'}
[0.742496] (px4_msgs) StdoutLine: {'line': b'-- Up-to-date: /home/nicolas/ws_ros2/install/px4_msgs/include/px4_msgs/px4_msgs/msg/detail/manual_control_setpoint__type_support.h\n'}
[0.742530] (px4_msgs) StdoutLine: {'line': b'-- Up-to-date: /home/nicolas/ws_ros2/install/px4_msgs/include/px4_msgs/px4_msgs/msg/detail/mag_worker_data__struct.h\n'}
[0.742563] (px4_msgs) StdoutLine: {'line': b'-- Up-to-date: /home/nicolas/ws_ros2/install/px4_msgs/include/px4_msgs/px4_msgs/msg/detail/gimbal_manager_information__functions.c\n'}
[0.742598] (px4_msgs) StdoutLine: {'line': b'-- Up-to-date: /home/nicolas/ws_ros2/install/px4_msgs/include/px4_msgs/px4_msgs/msg/detail/sensor_gyro__functions.c\n'}
[0.742800] (px4_msgs) StdoutLine: {'line': b'-- Up-to-date: /home/nicolas/ws_ros2/install/px4_msgs/include/px4_msgs/px4_msgs/msg/detail/fuel_tank_status__type_support.h\n'}
[0.742840] (px4_msgs) StdoutLine: {'line': b'-- Up-to-date: /home/nicolas/ws_ros2/install/px4_msgs/include/px4_msgs/px4_msgs/msg/detail/neural_control__type_support.h\n'}
[0.742879] (px4_msgs) StdoutLine: {'line': b'-- Up-to-date: /home/nicolas/ws_ros2/install/px4_msgs/include/px4_msgs/px4_msgs/msg/detail/rover_rate_setpoint__struct.h\n'}
[0.742917] (px4_msgs) StdoutLine: {'line': b'-- Up-to-date: /home/nicolas/ws_ros2/install/px4_msgs/include/px4_msgs/px4_msgs/msg/detail/parameter_update__type_support.h\n'}
[0.742954] (px4_msgs) StdoutLine: {'line': b'-- Up-to-date: /home/nicolas/ws_ros2/install/px4_msgs/include/px4_msgs/px4_msgs/msg/detail/vehicle_control_mode__functions.c\n'}
[0.742991] (px4_msgs) StdoutLine: {'line': b'-- Up-to-date: /home/nicolas/ws_ros2/install/px4_msgs/include/px4_msgs/px4_msgs/msg/detail/sensor_accel__type_support.h\n'}
[0.743028] (px4_msgs) StdoutLine: {'line': b'-- Up-to-date: /home/nicolas/ws_ros2/install/px4_msgs/include/px4_msgs/px4_msgs/msg/detail/fixed_wing_runway_control__functions.c\n'}
[0.743064] (px4_msgs) StdoutLine: {'line': b'-- Up-to-date: /home/nicolas/ws_ros2/install/px4_msgs/include/px4_msgs/px4_msgs/msg/detail/orbit_status__functions.c\n'}
[0.743101] (px4_msgs) StdoutLine: {'line': b'-- Up-to-date: /home/nicolas/ws_ros2/install/px4_msgs/include/px4_msgs/px4_msgs/msg/detail/mission__functions.h\n'}
[0.743159] (px4_msgs) StdoutLine: {'line': b'-- Up-to-date: /home/nicolas/ws_ros2/install/px4_msgs/include/px4_msgs/px4_msgs/msg/detail/vehicle_angular_velocity__struct.h\n'}
[0.743199] (px4_msgs) StdoutLine: {'line': b'-- Up-to-date: /home/nicolas/ws_ros2/install/px4_msgs/include/px4_msgs/px4_msgs/msg/detail/home_position__struct.h\n'}
[0.743236] (px4_msgs) StdoutLine: {'line': b'-- Up-to-date: /home/nicolas/ws_ros2/install/px4_msgs/include/px4_msgs/px4_msgs/msg/detail/vehicle_thrust_setpoint__struct.h\n'}
[0.743272] (px4_msgs) StdoutLine: {'line': b'-- Up-to-date: /home/nicolas/ws_ros2/install/px4_msgs/include/px4_msgs/px4_msgs/msg/detail/airspeed_validated__type_support.h\n'}
[0.743308] (px4_msgs) StdoutLine: {'line': b'-- Up-to-date: /home/nicolas/ws_ros2/install/px4_msgs/include/px4_msgs/px4_msgs/msg/detail/offboard_control_mode__type_support.h\n'}
[0.743345] (px4_msgs) StdoutLine: {'line': b'-- Up-to-date: /home/nicolas/ws_ros2/install/px4_msgs/include/px4_msgs/px4_msgs/msg/detail/rover_rate_setpoint__functions.c\n'}
[0.743382] (px4_msgs) StdoutLine: {'line': b'-- Up-to-date: /home/nicolas/ws_ros2/install/px4_msgs/include/px4_msgs/px4_msgs/msg/detail/vehicle_acceleration__functions.c\n'}
[0.743420] (px4_msgs) StdoutLine: {'line': b'-- Up-to-date: /home/nicolas/ws_ros2/install/px4_msgs/include/px4_msgs/px4_msgs/msg/detail/fixed_wing_lateral_status__type_support.h\n'}
[0.743461] (px4_msgs) StdoutLine: {'line': b'-- Up-to-date: /home/nicolas/ws_ros2/install/px4_msgs/include/px4_msgs/px4_msgs/msg/detail/sensors_status__type_support.h\n'}
[0.743502] (px4_msgs) StdoutLine: {'line': b'-- Up-to-date: /home/nicolas/ws_ros2/install/px4_msgs/include/px4_msgs/px4_msgs/msg/detail/estimator_aid_source2d__struct.h\n'}
[0.743540] (px4_msgs) StdoutLine: {'line': b'-- Up-to-date: /home/nicolas/ws_ros2/install/px4_msgs/include/px4_msgs/px4_msgs/msg/detail/arming_check_reply__functions.h\n'}
[0.743578] (px4_msgs) StdoutLine: {'line': b'-- Up-to-date: /home/nicolas/ws_ros2/install/px4_msgs/include/px4_msgs/px4_msgs/msg/detail/mode_completed__functions.h\n'}
[0.743615] (px4_msgs) StdoutLine: {'line': b'-- Up-to-date: /home/nicolas/ws_ros2/install/px4_msgs/include/px4_msgs/px4_msgs/msg/detail/register_ext_component_reply__functions.h\n'}
[0.743708] (px4_msgs) StdoutLine: {'line': b'-- Up-to-date: /home/nicolas/ws_ros2/install/px4_msgs/include/px4_msgs/px4_msgs/msg/detail/debug_array__type_support.h\n'}
[0.743748] (px4_msgs) StdoutLine: {'line': b'-- Up-to-date: /home/nicolas/ws_ros2/install/px4_msgs/include/px4_msgs/px4_msgs/msg/detail/config_overrides__type_support.h\n'}
[0.743786] (px4_msgs) StdoutLine: {'line': b'-- Up-to-date: /home/nicolas/ws_ros2/install/px4_msgs/include/px4_msgs/px4_msgs/msg/detail/rpm__type_support.h\n'}
[0.743824] (px4_msgs) StdoutLine: {'line': b'-- Up-to-date: /home/nicolas/ws_ros2/install/px4_msgs/include/px4_msgs/px4_msgs/msg/detail/vehicle_attitude_setpoint__functions.h\n'}
[0.743948] (px4_msgs) StdoutLine: {'line': b'-- Up-to-date: /home/nicolas/ws_ros2/install/px4_msgs/include/px4_msgs/px4_msgs/msg/detail/actuator_armed__functions.c\n'}
[0.743987] (px4_msgs) StdoutLine: {'line': b'-- Up-to-date: /home/nicolas/ws_ros2/install/px4_msgs/include/px4_msgs/px4_msgs/msg/detail/rc_channels__functions.h\n'}
[0.744026] (px4_msgs) StdoutLine: {'line': b'-- Up-to-date: /home/nicolas/ws_ros2/install/px4_msgs/include/px4_msgs/px4_msgs/msg/detail/battery_status__type_support.h\n'}
[0.744062] (px4_msgs) StdoutLine: {'line': b'-- Up-to-date: /home/nicolas/ws_ros2/install/px4_msgs/include/px4_msgs/px4_msgs/msg/detail/goto_setpoint__functions.h\n'}
[0.744098] (px4_msgs) StdoutLine: {'line': b'-- Up-to-date: /home/nicolas/ws_ros2/install/px4_msgs/include/px4_msgs/px4_msgs/msg/detail/control_allocator_status__struct.h\n'}
[0.744134] (px4_msgs) StdoutLine: {'line': b'-- Up-to-date: /home/nicolas/ws_ros2/install/px4_msgs/include/px4_msgs/px4_msgs/msg/detail/iridiumsbd_status__struct.h\n'}
[0.744170] (px4_msgs) StdoutLine: {'line': b'-- Up-to-date: /home/nicolas/ws_ros2/install/px4_msgs/include/px4_msgs/px4_msgs/msg/detail/vehicle_attitude_setpoint__struct.h\n'}
[0.744316] (px4_msgs) StdoutLine: {'line': b'-- Up-to-date: /home/nicolas/ws_ros2/install/px4_msgs/include/px4_msgs/px4_msgs/msg/detail/estimator_status_flags__functions.c\n'}
[0.744354] (px4_msgs) StdoutLine: {'line': b'-- Up-to-date: /home/nicolas/ws_ros2/install/px4_msgs/include/px4_msgs/px4_msgs/msg/detail/estimator_status_flags__functions.h\n'}
[0.744392] (px4_msgs) StdoutLine: {'line': b'-- Up-to-date: /home/nicolas/ws_ros2/install/px4_msgs/include/px4_msgs/px4_msgs/msg/detail/velocity_limits__functions.c\n'}
[0.744430] (px4_msgs) StdoutLine: {'line': b'-- Up-to-date: /home/nicolas/ws_ros2/install/px4_msgs/include/px4_msgs/px4_msgs/msg/detail/estimator_bias__type_support.h\n'}
[0.744472] (px4_msgs) StdoutLine: {'line': b'-- Up-to-date: /home/nicolas/ws_ros2/install/px4_msgs/include/px4_msgs/px4_msgs/msg/detail/estimator_gps_status__functions.c\n'}
[0.744512] (px4_msgs) StdoutLine: {'line': b'-- Up-to-date: /home/nicolas/ws_ros2/install/px4_msgs/include/px4_msgs/px4_msgs/msg/detail/velocity_limits__functions.h\n'}
[0.744548] (px4_msgs) StdoutLine: {'line': b'-- Up-to-date: /home/nicolas/ws_ros2/install/px4_msgs/include/px4_msgs/px4_msgs/msg/detail/figure_eight_status__struct.h\n'}
[0.744584] (px4_msgs) StdoutLine: {'line': b'-- Up-to-date: /home/nicolas/ws_ros2/install/px4_msgs/include/px4_msgs/px4_msgs/msg/detail/open_drone_id_system__functions.h\n'}
[0.744621] (px4_msgs) StdoutLine: {'line': b'-- Up-to-date: /home/nicolas/ws_ros2/install/px4_msgs/include/px4_msgs/px4_msgs/msg/detail/sensor_gyro__struct.h\n'}
[0.744659] (px4_msgs) StdoutLine: {'line': b'-- Up-to-date: /home/nicolas/ws_ros2/install/px4_msgs/include/px4_msgs/px4_msgs/msg/detail/parameter_reset_request__functions.c\n'}
[0.744695] (px4_msgs) StdoutLine: {'line': b'-- Up-to-date: /home/nicolas/ws_ros2/install/px4_msgs/include/px4_msgs/px4_msgs/msg/detail/gimbal_manager_set_manual_control__functions.h\n'}
[0.744732] (px4_msgs) StdoutLine: {'line': b'-- Up-to-date: /home/nicolas/ws_ros2/install/px4_msgs/include/px4_msgs/px4_msgs/msg/detail/ulog_stream_ack__functions.c\n'}
[0.744768] (px4_msgs) StdoutLine: {'line': b'-- Up-to-date: /home/nicolas/ws_ros2/install/px4_msgs/include/px4_msgs/px4_msgs/msg/detail/iridiumsbd_status__functions.h\n'}
[0.744805] (px4_msgs) StdoutLine: {'line': b'-- Up-to-date: /home/nicolas/ws_ros2/install/px4_msgs/include/px4_msgs/px4_msgs/msg/detail/follow_target_status__functions.h\n'}
[0.744841] (px4_msgs) StdoutLine: {'line': b'-- Up-to-date: /home/nicolas/ws_ros2/install/px4_msgs/include/px4_msgs/px4_msgs/msg/detail/vehicle_magnetometer__struct.h\n'}
[0.744878] (px4_msgs) StdoutLine: {'line': b'-- Up-to-date: /home/nicolas/ws_ros2/install/px4_msgs/include/px4_msgs/px4_msgs/msg/detail/parameter_reset_request__struct.h\n'}
[0.744913] (px4_msgs) StdoutLine: {'line': b'-- Up-to-date: /home/nicolas/ws_ros2/install/px4_msgs/include/px4_msgs/px4_msgs/msg/detail/rover_speed_setpoint__type_support.h\n'}
[0.744950] (px4_msgs) StdoutLine: {'line': b'-- Up-to-date: /home/nicolas/ws_ros2/install/px4_msgs/include/px4_msgs/px4_msgs/msg/detail/logger_status__type_support.h\n'}
[0.744986] (px4_msgs) StdoutLine: {'line': b'-- Up-to-date: /home/nicolas/ws_ros2/install/px4_msgs/include/px4_msgs/px4_msgs/msg/detail/gimbal_device_set_attitude__functions.h\n'}
[0.745023] (px4_msgs) StdoutLine: {'line': b'-- Up-to-date: /home/nicolas/ws_ros2/install/px4_msgs/include/px4_msgs/px4_msgs/msg/detail/rtl_time_estimate__type_support.h\n'}
[0.745070] (px4_msgs) StdoutLine: {'line': b'-- Up-to-date: /home/nicolas/ws_ros2/install/px4_msgs/include/px4_msgs/px4_msgs/msg/detail/actuator_controls_status__functions.c\n'}
[0.745105] (px4_msgs) StdoutLine: {'line': b'-- Up-to-date: /home/nicolas/ws_ros2/install/px4_msgs/include/px4_msgs/px4_msgs/msg/detail/rover_throttle_setpoint__struct.h\n'}
[0.745139] (px4_msgs) StdoutLine: {'line': b'-- Up-to-date: /home/nicolas/ws_ros2/install/px4_msgs/include/px4_msgs/px4_msgs/msg/detail/generator_status__struct.h\n'}
[0.745173] (px4_msgs) StdoutLine: {'line': b'-- Up-to-date: /home/nicolas/ws_ros2/install/px4_msgs/include/px4_msgs/px4_msgs/msg/detail/home_position__functions.h\n'}
[0.745264] (px4_msgs) StdoutLine: {'line': b'-- Up-to-date: /home/nicolas/ws_ros2/install/px4_msgs/include/px4_msgs/px4_msgs/msg/detail/launch_detection_status__functions.h\n'}
[0.745304] (px4_msgs) StdoutLine: {'line': b'-- Up-to-date: /home/nicolas/ws_ros2/install/px4_msgs/include/px4_msgs/px4_msgs/msg/detail/vehicle_air_data__type_support.h\n'}
[0.745341] (px4_msgs) StdoutLine: {'line': b'-- Up-to-date: /home/nicolas/ws_ros2/install/px4_msgs/include/px4_msgs/px4_msgs/msg/detail/vehicle_angular_acceleration_setpoint__type_support.h\n'}
[0.745377] (px4_msgs) StdoutLine: {'line': b'-- Up-to-date: /home/nicolas/ws_ros2/install/px4_msgs/include/px4_msgs/px4_msgs/msg/detail/message_format_response__functions.c\n'}
[0.745414] (px4_msgs) StdoutLine: {'line': b'-- Up-to-date: /home/nicolas/ws_ros2/install/px4_msgs/include/px4_msgs/px4_msgs/msg/detail/uavcan_parameter_request__type_support.h\n'}
[0.745456] (px4_msgs) StdoutLine: {'line': b'-- Up-to-date: /home/nicolas/ws_ros2/install/px4_msgs/include/px4_msgs/px4_msgs/msg/detail/trajectory_setpoint6dof__functions.c\n'}
[0.745497] (px4_msgs) StdoutLine: {'line': b'-- Up-to-date: /home/nicolas/ws_ros2/install/px4_msgs/include/px4_msgs/px4_msgs/msg/detail/magnetometer_bias_estimate__struct.h\n'}
[0.745534] (px4_msgs) StdoutLine: {'line': b'-- Up-to-date: /home/nicolas/ws_ros2/install/px4_msgs/include/px4_msgs/px4_msgs/msg/detail/gpio_in__struct.h\n'}
[0.745571] (px4_msgs) StdoutLine: {'line': b'-- Up-to-date: /home/nicolas/ws_ros2/install/px4_msgs/include/px4_msgs/px4_msgs/msg/detail/estimator_aid_source1d__functions.h\n'}
[0.745740] (px4_msgs) StdoutLine: {'line': b'-- Up-to-date: /home/nicolas/ws_ros2/install/px4_msgs/include/px4_msgs/px4_msgs/msg/detail/vehicle_global_position__functions.c\n'}
[0.745778] (px4_msgs) StdoutLine: {'line': b'-- Up-to-date: /home/nicolas/ws_ros2/install/px4_msgs/include/px4_msgs/px4_msgs/msg/detail/rpm__functions.h\n'}
[0.745814] (px4_msgs) StdoutLine: {'line': b'-- Up-to-date: /home/nicolas/ws_ros2/install/px4_msgs/include/px4_msgs/px4_msgs/msg/detail/failure_detector_status__functions.c\n'}
[0.745850] (px4_msgs) StdoutLine: {'line': b'-- Up-to-date: /home/nicolas/ws_ros2/install/px4_msgs/include/px4_msgs/px4_msgs/msg/detail/timesync_status__functions.c\n'}
[0.745885] (px4_msgs) StdoutLine: {'line': b'-- Up-to-date: /home/nicolas/ws_ros2/install/px4_msgs/include/px4_msgs/px4_msgs/msg/detail/vehicle_roi__struct.h\n'}
[0.745920] (px4_msgs) StdoutLine: {'line': b'-- Up-to-date: /home/nicolas/ws_ros2/install/px4_msgs/include/px4_msgs/px4_msgs/msg/detail/adc_report__type_support.h\n'}
[0.745956] (px4_msgs) StdoutLine: {'line': b'-- Up-to-date: /home/nicolas/ws_ros2/install/px4_msgs/include/px4_msgs/px4_msgs/msg/detail/fixed_wing_lateral_status__functions.h\n'}
[0.745991] (px4_msgs) StdoutLine: {'line': b'-- Up-to-date: /home/nicolas/ws_ros2/install/px4_msgs/include/px4_msgs/px4_msgs/msg/detail/rover_attitude_status__functions.h\n'}
[0.746028] (px4_msgs) StdoutLine: {'line': b'-- Up-to-date: /home/nicolas/ws_ros2/install/px4_msgs/include/px4_msgs/px4_msgs/msg/detail/dronecan_node_status__functions.c\n'}
[0.746063] (px4_msgs) StdoutLine: {'line': b'-- Up-to-date: /home/nicolas/ws_ros2/install/px4_msgs/include/px4_msgs/px4_msgs/msg/detail/manual_control_switches__struct.h\n'}
[0.746098] (px4_msgs) StdoutLine: {'line': b'-- Up-to-date: /home/nicolas/ws_ros2/install/px4_msgs/include/px4_msgs/px4_msgs/msg/detail/sensor_accel_fifo__functions.h\n'}
[0.746132] (px4_msgs) StdoutLine: {'line': b'-- Up-to-date: /home/nicolas/ws_ros2/install/px4_msgs/include/px4_msgs/px4_msgs/msg/detail/geofence_status__type_support.h\n'}
[0.746167] (px4_msgs) StdoutLine: {'line': b'-- Up-to-date: /home/nicolas/ws_ros2/install/px4_msgs/include/px4_msgs/px4_msgs/msg/detail/gpio_config__functions.h\n'}
[0.746202] (px4_msgs) StdoutLine: {'line': b'-- Up-to-date: /home/nicolas/ws_ros2/install/px4_msgs/include/px4_msgs/px4_msgs/msg/detail/sensors_status__functions.c\n'}
[0.746266] (px4_msgs) StdoutLine: {'line': b'-- Up-to-date: /home/nicolas/ws_ros2/install/px4_msgs/include/px4_msgs/px4_msgs/msg/detail/estimator_status__functions.c\n'}
[0.746302] (px4_msgs) StdoutLine: {'line': b'-- Up-to-date: /home/nicolas/ws_ros2/install/px4_msgs/include/px4_msgs/px4_msgs/msg/detail/sensor_selection__functions.h\n'}
[0.746338] (px4_msgs) StdoutLine: {'line': b'-- Up-to-date: /home/nicolas/ws_ros2/install/px4_msgs/include/px4_msgs/px4_msgs/msg/detail/open_drone_id_operator_id__type_support.h\n'}
[0.746373] (px4_msgs) StdoutLine: {'line': b'-- Up-to-date: /home/nicolas/ws_ros2/install/px4_msgs/include/px4_msgs/px4_msgs/msg/detail/actuator_outputs__struct.h\n'}
[0.746467] (px4_msgs) StdoutLine: {'line': b'-- Up-to-date: /home/nicolas/ws_ros2/install/px4_msgs/include/px4_msgs/px4_msgs/msg/detail/position_controller_status__struct.h\n'}
[0.746510] (px4_msgs) StdoutLine: {'line': b'-- Up-to-date: /home/nicolas/ws_ros2/install/px4_msgs/include/px4_msgs/px4_msgs/msg/detail/debug_vect__type_support.h\n'}
[0.746546] (px4_msgs) StdoutLine: {'line': b'-- Up-to-date: /home/nicolas/ws_ros2/install/px4_msgs/include/px4_msgs/px4_msgs/msg/detail/gpio_config__functions.c\n'}
[0.746582] (px4_msgs) StdoutLine: {'line': b'-- Up-to-date: /home/nicolas/ws_ros2/install/px4_msgs/include/px4_msgs/px4_msgs/msg/detail/sensor_accel_fifo__struct.h\n'}
[0.746617] (px4_msgs) StdoutLine: {'line': b'-- Up-to-date: /home/nicolas/ws_ros2/install/px4_msgs/include/px4_msgs/px4_msgs/msg/detail/actuator_servos__struct.h\n'}
[0.746652] (px4_msgs) StdoutLine: {'line': b'-- Up-to-date: /home/nicolas/ws_ros2/install/px4_msgs/include/px4_msgs/px4_msgs/msg/detail/uavcan_parameter_request__functions.h\n'}
[0.746690] (px4_msgs) StdoutLine: {'line': b'-- Up-to-date: /home/nicolas/ws_ros2/install/px4_msgs/include/px4_msgs/px4_msgs/msg/detail/mavlink_log__type_support.h\n'}
[0.746729] (px4_msgs) StdoutLine: {'line': b'-- Up-to-date: /home/nicolas/ws_ros2/install/px4_msgs/include/px4_msgs/px4_msgs/msg/detail/rate_ctrl_status__functions.h\n'}
[0.746766] (px4_msgs) StdoutLine: {'line': b'-- Up-to-date: /home/nicolas/ws_ros2/install/px4_msgs/include/px4_msgs/px4_msgs/msg/detail/vehicle_imu__struct.h\n'}
[0.746802] (px4_msgs) StdoutLine: {'line': b'-- Up-to-date: /home/nicolas/ws_ros2/install/px4_msgs/include/px4_msgs/px4_msgs/msg/detail/pps_capture__functions.h\n'}
[0.746839] (px4_msgs) StdoutLine: {'line': b'-- Up-to-date: /home/nicolas/ws_ros2/install/px4_msgs/include/px4_msgs/px4_msgs/msg/detail/gimbal_manager_set_attitude__struct.h\n'}
[0.746875] (px4_msgs) StdoutLine: {'line': b'-- Up-to-date: /home/nicolas/ws_ros2/install/px4_msgs/include/px4_msgs/px4_msgs/msg/detail/vtol_vehicle_status__functions.h\n'}
[0.746910] (px4_msgs) StdoutLine: {'line': b'-- Up-to-date: /home/nicolas/ws_ros2/install/px4_msgs/include/px4_msgs/px4_msgs/msg/detail/mag_worker_data__functions.h\n'}
[0.746946] (px4_msgs) StdoutLine: {'line': b'-- Up-to-date: /home/nicolas/ws_ros2/install/px4_msgs/include/px4_msgs/px4_msgs/msg/detail/satellite_info__struct.h\n'}
[0.746982] (px4_msgs) StdoutLine: {'line': b'-- Up-to-date: /home/nicolas/ws_ros2/install/px4_msgs/include/px4_msgs/px4_msgs/msg/detail/gimbal_device_information__functions.c\n'}
[0.747019] (px4_msgs) StdoutLine: {'line': b'-- Up-to-date: /home/nicolas/ws_ros2/install/px4_msgs/include/px4_msgs/px4_msgs/msg/detail/estimator_aid_source3d__struct.h\n'}
[0.747167] (px4_msgs) StdoutLine: {'line': b'-- Up-to-date: /home/nicolas/ws_ros2/install/px4_msgs/include/px4_msgs/px4_msgs/msg/detail/normalized_unsigned_setpoint__functions.h\n'}
[0.747206] (px4_msgs) StdoutLine: {'line': b'-- Up-to-date: /home/nicolas/ws_ros2/install/px4_msgs/include/px4_msgs/px4_msgs/msg/detail/battery_info__struct.h\n'}
[0.747242] (px4_msgs) StdoutLine: {'line': b'-- Up-to-date: /home/nicolas/ws_ros2/install/px4_msgs/include/px4_msgs/px4_msgs/msg/detail/vehicle_imu_status__functions.h\n'}
[0.747278] (px4_msgs) StdoutLine: {'line': b'-- Up-to-date: /home/nicolas/ws_ros2/install/px4_msgs/include/px4_msgs/px4_msgs/msg/detail/rover_position_setpoint__type_support.h\n'}
[0.747384] (px4_msgs) StdoutLine: {'line': b'-- Up-to-date: /home/nicolas/ws_ros2/install/px4_msgs/include/px4_msgs/px4_msgs/msg/detail/battery_status__functions.c\n'}
[0.747420] (px4_msgs) StdoutLine: {'line': b'-- Up-to-date: /home/nicolas/ws_ros2/install/px4_msgs/include/px4_msgs/px4_msgs/msg/detail/tune_control__type_support.h\n'}
[0.747456] (px4_msgs) StdoutLine: {'line': b'-- Up-to-date: /home/nicolas/ws_ros2/install/px4_msgs/include/px4_msgs/px4_msgs/msg/detail/gpio_config__type_support.h\n'}
[0.747493] (px4_msgs) StdoutLine: {'line': b'-- Up-to-date: /home/nicolas/ws_ros2/install/px4_msgs/include/px4_msgs/px4_msgs/msg/detail/estimator_states__functions.h\n'}
[0.747528] (px4_msgs) StdoutLine: {'line': b'-- Up-to-date: /home/nicolas/ws_ros2/install/px4_msgs/include/px4_msgs/px4_msgs/msg/detail/vehicle_thrust_setpoint__functions.h\n'}
[0.747562] (px4_msgs) StdoutLine: {'line': b'-- Up-to-date: /home/nicolas/ws_ros2/install/px4_msgs/include/px4_msgs/px4_msgs/msg/detail/fixed_wing_lateral_setpoint__functions.c\n'}
[0.747596] (px4_msgs) StdoutLine: {'line': b'-- Up-to-date: /home/nicolas/ws_ros2/install/px4_msgs/include/px4_msgs/px4_msgs/msg/detail/control_allocator_status__functions.c\n'}
[0.747632] (px4_msgs) StdoutLine: {'line': b'-- Up-to-date: /home/nicolas/ws_ros2/install/px4_msgs/include/px4_msgs/px4_msgs/msg/detail/actuator_servos_trim__functions.h\n'}
[0.747666] (px4_msgs) StdoutLine: {'line': b'-- Up-to-date: /home/nicolas/ws_ros2/install/px4_msgs/include/px4_msgs/px4_msgs/msg/detail/wind__struct.h\n'}
[0.747699] (px4_msgs) StdoutLine: {'line': b'-- Up-to-date: /home/nicolas/ws_ros2/install/px4_msgs/include/px4_msgs/px4_msgs/msg/detail/follow_target_status__functions.c\n'}
[0.747733] (px4_msgs) StdoutLine: {'line': b'-- Up-to-date: /home/nicolas/ws_ros2/install/px4_msgs/include/px4_msgs/px4_msgs/msg/detail/parameter_set_used_request__functions.h\n'}
[0.747769] (px4_msgs) StdoutLine: {'line': b'-- Up-to-date: /home/nicolas/ws_ros2/install/px4_msgs/include/px4_msgs/px4_msgs/msg/detail/rtl_time_estimate__functions.c\n'}
[0.747802] (px4_msgs) StdoutLine: {'line': b'-- Up-to-date: /home/nicolas/ws_ros2/install/px4_msgs/include/px4_msgs/px4_msgs/msg/detail/camera_capture__functions.c\n'}
[0.747835] (px4_msgs) StdoutLine: {'line': b'-- Up-to-date: /home/nicolas/ws_ros2/install/px4_msgs/include/px4_msgs/px4_msgs/msg/detail/fixed_wing_lateral_status__struct.h\n'}
[0.747868] (px4_msgs) StdoutLine: {'line': b'-- Up-to-date: /home/nicolas/ws_ros2/install/px4_msgs/include/px4_msgs/px4_msgs/msg/detail/tecs_status__type_support.h\n'}
[0.747902] (px4_msgs) StdoutLine: {'line': b'-- Up-to-date: /home/nicolas/ws_ros2/install/px4_msgs/include/px4_msgs/px4_msgs/msg/detail/failure_detector_status__functions.h\n'}
[0.747936] (px4_msgs) StdoutLine: {'line': b'-- Up-to-date: /home/nicolas/ws_ros2/install/px4_msgs/include/px4_msgs/px4_msgs/msg/detail/flight_phase_estimation__type_support.h\n'}
[0.747970] (px4_msgs) StdoutLine: {'line': b'-- Up-to-date: /home/nicolas/ws_ros2/install/px4_msgs/include/px4_msgs/px4_msgs/msg/detail/gpio_request__struct.h\n'}
[0.748006] (px4_msgs) StdoutLine: {'line': b'-- Up-to-date: /home/nicolas/ws_ros2/install/px4_msgs/include/px4_msgs/px4_msgs/msg/detail/vehicle_local_position__functions.c\n'}
[0.748041] (px4_msgs) StdoutLine: {'line': b'-- Up-to-date: /home/nicolas/ws_ros2/install/px4_msgs/include/px4_msgs/px4_msgs/msg/detail/sensors_status_imu__functions.h\n'}
[0.748075] (px4_msgs) StdoutLine: {'line': b'-- Up-to-date: /home/nicolas/ws_ros2/install/px4_msgs/include/px4_msgs/px4_msgs/msg/detail/battery_status__functions.h\n'}
[0.748108] (px4_msgs) StdoutLine: {'line': b'-- Up-to-date: /home/nicolas/ws_ros2/install/px4_msgs/include/px4_msgs/px4_msgs/msg/detail/actuator_motors__struct.h\n'}
[0.748142] (px4_msgs) StdoutLine: {'line': b'-- Up-to-date: /home/nicolas/ws_ros2/install/px4_msgs/include/px4_msgs/px4_msgs/msg/detail/camera_trigger__type_support.h\n'}
[0.748175] (px4_msgs) StdoutLine: {'line': b'-- Up-to-date: /home/nicolas/ws_ros2/install/px4_msgs/include/px4_msgs/px4_msgs/msg/detail/estimator_sensor_bias__struct.h\n'}
[0.748290] (px4_msgs) StdoutLine: {'line': b'-- Up-to-date: /home/nicolas/ws_ros2/install/px4_msgs/include/px4_msgs/px4_msgs/msg/detail/system_power__functions.c\n'}
[0.748490] (px4_msgs) StdoutLine: {'line': b'-- Up-to-date: /home/nicolas/ws_ros2/install/px4_msgs/include/px4_msgs/px4_msgs/msg/detail/estimator_aid_source3d__type_support.h\n'}
[0.748528] (px4_msgs) StdoutLine: {'line': b'-- Up-to-date: /home/nicolas/ws_ros2/install/px4_msgs/include/px4_msgs/px4_msgs/msg/detail/follow_target_estimator__struct.h\n'}
[0.748563] (px4_msgs) StdoutLine: {'line': b'-- Up-to-date: /home/nicolas/ws_ros2/install/px4_msgs/include/px4_msgs/px4_msgs/msg/detail/pwm_input__type_support.h\n'}
[0.748596] (px4_msgs) StdoutLine: {'line': b'-- Up-to-date: /home/nicolas/ws_ros2/install/px4_msgs/include/px4_msgs/px4_msgs/msg/detail/lateral_control_configuration__struct.h\n'}
[0.748738] (px4_msgs) StdoutLine: {'line': b'-- Up-to-date: /home/nicolas/ws_ros2/install/px4_msgs/include/px4_msgs/px4_msgs/msg/detail/estimator_innovations__struct.h\n'}
[0.748773] (px4_msgs) StdoutLine: {'line': b'-- Up-to-date: /home/nicolas/ws_ros2/install/px4_msgs/include/px4_msgs/px4_msgs/msg/detail/sensor_optical_flow__type_support.h\n'}
[0.748808] (px4_msgs) StdoutLine: {'line': b'-- Up-to-date: /home/nicolas/ws_ros2/install/px4_msgs/include/px4_msgs/px4_msgs/msg/detail/arming_check_reply__struct.h\n'}
[0.748841] (px4_msgs) StdoutLine: {'line': b'-- Up-to-date: /home/nicolas/ws_ros2/install/px4_msgs/include/px4_msgs/px4_msgs/msg/detail/orb_test__functions.h\n'}
[0.748874] (px4_msgs) StdoutLine: {'line': b'-- Up-to-date: /home/nicolas/ws_ros2/install/px4_msgs/include/px4_msgs/px4_msgs/msg/detail/fixed_wing_lateral_guidance_status__struct.h\n'}
[0.748908] (px4_msgs) StdoutLine: {'line': b'-- Up-to-date: /home/nicolas/ws_ros2/install/px4_msgs/include/px4_msgs/px4_msgs/msg/detail/button_event__struct.h\n'}
[0.748940] (px4_msgs) StdoutLine: {'line': b'-- Up-to-date: /home/nicolas/ws_ros2/install/px4_msgs/include/px4_msgs/px4_msgs/msg/detail/estimator_sensor_bias__functions.h\n'}
[0.748973] (px4_msgs) StdoutLine: {'line': b'-- Up-to-date: /home/nicolas/ws_ros2/install/px4_msgs/include/px4_msgs/px4_msgs/msg/detail/differential_pressure__struct.h\n'}
[0.749006] (px4_msgs) StdoutLine: {'line': b'-- Up-to-date: /home/nicolas/ws_ros2/install/px4_msgs/include/px4_msgs/px4_msgs/msg/detail/led_control__type_support.h\n'}
[0.749039] (px4_msgs) StdoutLine: {'line': b'-- Up-to-date: /home/nicolas/ws_ros2/install/px4_msgs/include/px4_msgs/px4_msgs/msg/detail/sensor_accel__functions.h\n'}
[0.749072] (px4_msgs) StdoutLine: {'line': b'-- Up-to-date: /home/nicolas/ws_ros2/install/px4_msgs/include/px4_msgs/px4_msgs/msg/detail/sensor_mag__functions.h\n'}
[0.749106] (px4_msgs) StdoutLine: {'line': b'-- Up-to-date: /home/nicolas/ws_ros2/install/px4_msgs/include/px4_msgs/px4_msgs/msg/detail/vehicle_command__functions.c\n'}
[0.749138] (px4_msgs) StdoutLine: {'line': b'-- Up-to-date: /home/nicolas/ws_ros2/install/px4_msgs/include/px4_msgs/px4_msgs/msg/detail/unregister_ext_component__struct.h\n'}
[0.749240] (px4_msgs) StdoutLine: {'line': b'-- Up-to-date: /home/nicolas/ws_ros2/install/px4_msgs/include/px4_msgs/px4_msgs/msg/detail/adc_report__functions.c\n'}
[0.749275] (px4_msgs) StdoutLine: {'line': b'-- Up-to-date: /home/nicolas/ws_ros2/install/px4_msgs/include/px4_msgs/px4_msgs/msg/detail/airspeed__functions.h\n'}
[0.749309] (px4_msgs) StdoutLine: {'line': b'-- Up-to-date: /home/nicolas/ws_ros2/install/px4_msgs/include/px4_msgs/px4_msgs/msg/detail/sensor_gyro_fft__functions.h\n'}
[0.749342] (px4_msgs) StdoutLine: {'line': b'-- Up-to-date: /home/nicolas/ws_ros2/install/px4_msgs/include/px4_msgs/px4_msgs/msg/detail/gimbal_controls__type_support.h\n'}
[0.749376] (px4_msgs) StdoutLine: {'line': b'-- Up-to-date: /home/nicolas/ws_ros2/install/px4_msgs/include/px4_msgs/px4_msgs/msg/detail/register_ext_component_reply__struct.h\n'}
[0.749411] (px4_msgs) StdoutLine: {'line': b'-- Up-to-date: /home/nicolas/ws_ros2/install/px4_msgs/include/px4_msgs/px4_msgs/msg/detail/position_setpoint__functions.h\n'}
[0.749672] (px4_msgs) StdoutLine: {'line': b'-- Up-to-date: /home/nicolas/ws_ros2/install/px4_msgs/include/px4_msgs/px4_msgs/msg/detail/camera_capture__struct.h\n'}
[0.749731] (px4_msgs) StdoutLine: {'line': b'-- Up-to-date: /home/nicolas/ws_ros2/install/px4_msgs/include/px4_msgs/px4_msgs/msg/detail/pure_pursuit_status__type_support.h\n'}
[0.749775] (px4_msgs) StdoutLine: {'line': b'-- Up-to-date: /home/nicolas/ws_ros2/install/px4_msgs/include/px4_msgs/px4_msgs/msg/detail/open_drone_id_system__type_support.h\n'}
[0.749814] (px4_msgs) StdoutLine: {'line': b'-- Up-to-date: /home/nicolas/ws_ros2/install/px4_msgs/include/px4_msgs/px4_msgs/msg/detail/heater_status__functions.c\n'}
[0.749853] (px4_msgs) StdoutLine: {'line': b'-- Up-to-date: /home/nicolas/ws_ros2/install/px4_msgs/include/px4_msgs/px4_msgs/msg/detail/vehicle_local_position_setpoint__functions.c\n'}
[0.749892] (px4_msgs) StdoutLine: {'line': b'-- Up-to-date: /home/nicolas/ws_ros2/install/px4_msgs/include/px4_msgs/px4_msgs/msg/detail/vehicle_acceleration__functions.h\n'}
[0.749930] (px4_msgs) StdoutLine: {'line': b'-- Up-to-date: /home/nicolas/ws_ros2/install/px4_msgs/include/px4_msgs/px4_msgs/msg/detail/debug_array__functions.c\n'}
[0.749966] (px4_msgs) StdoutLine: {'line': b'-- Up-to-date: /home/nicolas/ws_ros2/install/px4_msgs/include/px4_msgs/px4_msgs/msg/detail/gpio_request__functions.c\n'}
[0.750002] (px4_msgs) StdoutLine: {'line': b'-- Up-to-date: /home/nicolas/ws_ros2/install/px4_msgs/include/px4_msgs/px4_msgs/msg/detail/tune_control__functions.c\n'}
[0.750038] (px4_msgs) StdoutLine: {'line': b'-- Up-to-date: /home/nicolas/ws_ros2/install/px4_msgs/include/px4_msgs/px4_msgs/msg/detail/open_drone_id_arm_status__functions.c\n'}
[0.750075] (px4_msgs) StdoutLine: {'line': b'-- Up-to-date: /home/nicolas/ws_ros2/install/px4_msgs/include/px4_msgs/px4_msgs/msg/detail/pwm_input__struct.h\n'}
[0.750113] (px4_msgs) StdoutLine: {'line': b'-- Up-to-date: /home/nicolas/ws_ros2/install/px4_msgs/include/px4_msgs/px4_msgs/msg/detail/open_drone_id_system__functions.c\n'}
[0.750151] (px4_msgs) StdoutLine: {'line': b'-- Up-to-date: /home/nicolas/ws_ros2/install/px4_msgs/include/px4_msgs/px4_msgs/msg/detail/vehicle_status__functions.c\n'}
[0.750187] (px4_msgs) StdoutLine: {'line': b'-- Up-to-date: /home/nicolas/ws_ros2/install/px4_msgs/include/px4_msgs/px4_msgs/msg/detail/sensor_preflight_mag__functions.h\n'}
[0.750317] (px4_msgs) StdoutLine: {'line': b'-- Up-to-date: /home/nicolas/ws_ros2/install/px4_msgs/include/px4_msgs/px4_msgs/msg/detail/distance_sensor_mode_change_request__type_support.h\n'}
[0.750357] (px4_msgs) StdoutLine: {'line': b'-- Up-to-date: /home/nicolas/ws_ros2/install/px4_msgs/include/px4_msgs/px4_msgs/msg/detail/wind__functions.h\n'}
[0.750394] (px4_msgs) StdoutLine: {'line': b'-- Up-to-date: /home/nicolas/ws_ros2/install/px4_msgs/include/px4_msgs/px4_msgs/msg/detail/estimator_aid_source3d__functions.c\n'}
[0.750430] (px4_msgs) StdoutLine: {'line': b'-- Up-to-date: /home/nicolas/ws_ros2/install/px4_msgs/include/px4_msgs/px4_msgs/msg/detail/vehicle_rates_setpoint__struct.h\n'}
[0.750521] (px4_msgs) StdoutLine: {'line': b'-- Up-to-date: /home/nicolas/ws_ros2/install/px4_msgs/include/px4_msgs/px4_msgs/msg/detail/vehicle_rates_setpoint__functions.c\n'}
[0.750614] (px4_msgs) StdoutLine: {'line': b'-- Up-to-date: /home/nicolas/ws_ros2/install/px4_msgs/include/px4_msgs/px4_msgs/msg/detail/vehicle_magnetometer__type_support.h\n'}
[0.750654] (px4_msgs) StdoutLine: {'line': b'-- Up-to-date: /home/nicolas/ws_ros2/install/px4_msgs/include/px4_msgs/px4_msgs/msg/detail/unregister_ext_component__type_support.h\n'}
[0.750692] (px4_msgs) StdoutLine: {'line': b'-- Up-to-date: /home/nicolas/ws_ros2/install/px4_msgs/include/px4_msgs/px4_msgs/msg/detail/ekf2_timestamps__functions.h\n'}
[0.750728] (px4_msgs) StdoutLine: {'line': b'-- Up-to-date: /home/nicolas/ws_ros2/install/px4_msgs/include/px4_msgs/px4_msgs/msg/detail/gpio_config__struct.h\n'}
[0.750764] (px4_msgs) StdoutLine: {'line': b'-- Up-to-date: /home/nicolas/ws_ros2/install/px4_msgs/include/px4_msgs/px4_msgs/msg/detail/telemetry_status__functions.c\n'}
[0.750822] (px4_msgs) StdoutLine: {'line': b'-- Up-to-date: /home/nicolas/ws_ros2/install/px4_msgs/include/px4_msgs/px4_msgs/msg/detail/onboard_computer_status__struct.h\n'}
[0.750860] (px4_msgs) StdoutLine: {'line': b'-- Up-to-date: /home/nicolas/ws_ros2/install/px4_msgs/include/px4_msgs/px4_msgs/msg/detail/gimbal_manager_information__struct.h\n'}
[0.750894] (px4_msgs) StdoutLine: {'line': b'-- Up-to-date: /home/nicolas/ws_ros2/install/px4_msgs/include/px4_msgs/px4_msgs/msg/detail/px4io_status__struct.h\n'}
[0.750927] (px4_msgs) StdoutLine: {'line': b'-- Up-to-date: /home/nicolas/ws_ros2/install/px4_msgs/include/px4_msgs/px4_msgs/msg/detail/wheel_encoders__struct.h\n'}
[0.750959] (px4_msgs) StdoutLine: {'line': b'-- Up-to-date: /home/nicolas/ws_ros2/install/px4_msgs/include/px4_msgs/px4_msgs/msg/detail/navigator_mission_item__type_support.h\n'}
[0.750992] (px4_msgs) StdoutLine: {'line': b'-- Up-to-date: /home/nicolas/ws_ros2/install/px4_msgs/include/px4_msgs/px4_msgs/msg/detail/sensor_airflow__functions.h\n'}
[0.751024] (px4_msgs) StdoutLine: {'line': b'-- Up-to-date: /home/nicolas/ws_ros2/install/px4_msgs/include/px4_msgs/px4_msgs/msg/detail/vehicle_constraints__functions.c\n'}
[0.751057] (px4_msgs) StdoutLine: {'line': b'-- Up-to-date: /home/nicolas/ws_ros2/install/px4_msgs/include/px4_msgs/px4_msgs/msg/detail/sensor_airflow__struct.h\n'}
[0.751087] (px4_msgs) StdoutLine: {'line': b'-- Up-to-date: /home/nicolas/ws_ros2/install/px4_msgs/include/px4_msgs/px4_msgs/msg/detail/orb_test_medium__functions.c\n'}
[0.751164] (px4_msgs) StdoutLine: {'line': b'-- Up-to-date: /home/nicolas/ws_ros2/install/px4_msgs/include/px4_msgs/px4_msgs/msg/detail/button_event__type_support.h\n'}
[0.751196] (px4_msgs) StdoutLine: {'line': b'-- Up-to-date: /home/nicolas/ws_ros2/install/px4_msgs/include/px4_msgs/px4_msgs/msg/detail/vehicle_imu_status__functions.c\n'}
[0.751228] (px4_msgs) StdoutLine: {'line': b'-- Up-to-date: /home/nicolas/ws_ros2/install/px4_msgs/include/px4_msgs/px4_msgs/msg/detail/esc_report__struct.h\n'}
[0.751260] (px4_msgs) StdoutLine: {'line': b'-- Up-to-date: /home/nicolas/ws_ros2/install/px4_msgs/include/px4_msgs/px4_msgs/msg/detail/gimbal_manager_set_attitude__functions.c\n'}
[0.751296] (px4_msgs) StdoutLine: {'line': b'-- Up-to-date: /home/nicolas/ws_ros2/install/px4_msgs/include/px4_msgs/px4_msgs/msg/detail/autotune_attitude_control_status__functions.h\n'}
[0.751329] (px4_msgs) StdoutLine: {'line': b'-- Up-to-date: /home/nicolas/ws_ros2/install/px4_msgs/include/px4_msgs/px4_msgs/msg/detail/sensor_mag__struct.h\n'}
[0.751364] (px4_msgs) StdoutLine: {'line': b'-- Up-to-date: /home/nicolas/ws_ros2/install/px4_msgs/include/px4_msgs/px4_msgs/msg/detail/dataman_response__type_support.h\n'}
[0.751399] (px4_msgs) StdoutLine: {'line': b'-- Up-to-date: /home/nicolas/ws_ros2/install/px4_msgs/include/px4_msgs/px4_msgs/msg/detail/failsafe_flags__type_support.h\n'}
[0.751433] (px4_msgs) StdoutLine: {'line': b'-- Up-to-date: /home/nicolas/ws_ros2/install/px4_msgs/include/px4_msgs/px4_msgs/msg/detail/orb_test_medium__struct.h\n'}
[0.751473] (px4_msgs) StdoutLine: {'line': b'-- Up-to-date: /home/nicolas/ws_ros2/install/px4_msgs/include/px4_msgs/px4_msgs/msg/detail/orb_test_medium__type_support.h\n'}
[0.751508] (px4_msgs) StdoutLine: {'line': b'-- Up-to-date: /home/nicolas/ws_ros2/install/px4_msgs/include/px4_msgs/px4_msgs/msg/detail/sensor_airflow__functions.c\n'}
[0.751542] (px4_msgs) StdoutLine: {'line': b'-- Up-to-date: /home/nicolas/ws_ros2/install/px4_msgs/include/px4_msgs/px4_msgs/msg/detail/debug_vect__struct.h\n'}
[0.751576] (px4_msgs) StdoutLine: {'line': b'-- Up-to-date: /home/nicolas/ws_ros2/install/px4_msgs/include/px4_msgs/px4_msgs/msg/detail/sensor_combined__struct.h\n'}
[0.751611] (px4_msgs) StdoutLine: {'line': b'-- Up-to-date: /home/nicolas/ws_ros2/install/px4_msgs/include/px4_msgs/px4_msgs/msg/detail/airspeed__type_support.h\n'}
[0.751644] (px4_msgs) StdoutLine: {'line': b'-- Up-to-date: /home/nicolas/ws_ros2/install/px4_msgs/include/px4_msgs/px4_msgs/msg/detail/gpio_out__functions.c\n'}
[0.751765] (px4_msgs) StdoutLine: {'line': b'-- Up-to-date: /home/nicolas/ws_ros2/install/px4_msgs/include/px4_msgs/px4_msgs/msg/detail/estimator_sensor_bias__functions.c\n'}
[0.751801] (px4_msgs) StdoutLine: {'line': b'-- Up-to-date: /home/nicolas/ws_ros2/install/px4_msgs/include/px4_msgs/px4_msgs/msg/detail/orbit_status__functions.h\n'}
[0.751836] (px4_msgs) StdoutLine: {'line': b'-- Up-to-date: /home/nicolas/ws_ros2/install/px4_msgs/include/px4_msgs/px4_msgs/msg/detail/gimbal_controls__functions.h\n'}
[0.751872] (px4_msgs) StdoutLine: {'line': b'-- Up-to-date: /home/nicolas/ws_ros2/install/px4_msgs/include/px4_msgs/px4_msgs/msg/detail/estimator_aid_source3d__functions.h\n'}
[0.751907] (px4_msgs) StdoutLine: {'line': b'-- Up-to-date: /home/nicolas/ws_ros2/install/px4_msgs/include/px4_msgs/px4_msgs/msg/detail/vehicle_local_position_setpoint__type_support.h\n'}
[0.751943] (px4_msgs) StdoutLine: {'line': b'-- Up-to-date: /home/nicolas/ws_ros2/install/px4_msgs/include/px4_msgs/px4_msgs/msg/detail/gimbal_manager_set_manual_control__functions.c\n'}
[0.751978] (px4_msgs) StdoutLine: {'line': b'-- Up-to-date: /home/nicolas/ws_ros2/install/px4_msgs/include/px4_msgs/px4_msgs/msg/detail/collision_constraints__functions.c\n'}
[0.752012] (px4_msgs) StdoutLine: {'line': b'-- Up-to-date: /home/nicolas/ws_ros2/install/px4_msgs/include/px4_msgs/px4_msgs/msg/detail/gps_dump__type_support.h\n'}
[0.752059] (px4_msgs) StdoutLine: {'line': b'-- Up-to-date: /home/nicolas/ws_ros2/install/px4_msgs/include/px4_msgs/px4_msgs/msg/detail/camera_trigger__struct.h\n'}
[0.752096] (px4_msgs) StdoutLine: {'line': b'-- Up-to-date: /home/nicolas/ws_ros2/install/px4_msgs/include/px4_msgs/px4_msgs/msg/detail/estimator_bias3d__struct.h\n'}
[0.752131] (px4_msgs) StdoutLine: {'line': b'-- Up-to-date: /home/nicolas/ws_ros2/install/px4_msgs/include/px4_msgs/px4_msgs/msg/detail/system_power__struct.h\n'}
[0.752167] (px4_msgs) StdoutLine: {'line': b'-- Up-to-date: /home/nicolas/ws_ros2/install/px4_msgs/include/px4_msgs/px4_msgs/msg/detail/pwm_input__functions.h\n'}
[0.752203] (px4_msgs) StdoutLine: {'line': b'-- Up-to-date: /home/nicolas/ws_ros2/install/px4_msgs/include/px4_msgs/px4_msgs/msg/detail/power_monitor__functions.h\n'}
[0.752238] (px4_msgs) StdoutLine: {'line': b'-- Up-to-date: /home/nicolas/ws_ros2/install/px4_msgs/include/px4_msgs/px4_msgs/msg/detail/vehicle_attitude__struct.h\n'}
[0.752272] (px4_msgs) StdoutLine: {'line': b'-- Up-to-date: /home/nicolas/ws_ros2/install/px4_msgs/include/px4_msgs/px4_msgs/msg/detail/obstacle_distance__functions.h\n'}
[0.752307] (px4_msgs) StdoutLine: {'line': b'-- Up-to-date: /home/nicolas/ws_ros2/install/px4_msgs/include/px4_msgs/px4_msgs/msg/detail/open_drone_id_arm_status__functions.h\n'}
[0.752342] (px4_msgs) StdoutLine: {'line': b'-- Up-to-date: /home/nicolas/ws_ros2/install/px4_msgs/include/px4_msgs/px4_msgs/msg/detail/estimator_event_flags__struct.h\n'}
[0.752376] (px4_msgs) StdoutLine: {'line': b'-- Up-to-date: /home/nicolas/ws_ros2/install/px4_msgs/include/px4_msgs/px4_msgs/msg/detail/vehicle_constraints__struct.h\n'}
[0.752410] (px4_msgs) StdoutLine: {'line': b'-- Up-to-date: /home/nicolas/ws_ros2/install/px4_msgs/include/px4_msgs/px4_msgs/msg/detail/ekf2_timestamps__functions.c\n'}
[0.752443] (px4_msgs) StdoutLine: {'line': b'-- Up-to-date: /home/nicolas/ws_ros2/install/px4_msgs/include/px4_msgs/px4_msgs/msg/detail/estimator_bias__functions.c\n'}
[0.752484] (px4_msgs) StdoutLine: {'line': b'-- Up-to-date: /home/nicolas/ws_ros2/install/px4_msgs/include/px4_msgs/px4_msgs/msg/detail/vehicle_attitude__functions.c\n'}
[0.752518] (px4_msgs) StdoutLine: {'line': b'-- Up-to-date: /home/nicolas/ws_ros2/install/px4_msgs/include/px4_msgs/px4_msgs/msg/detail/telemetry_status__type_support.h\n'}
[0.752552] (px4_msgs) StdoutLine: {'line': b'-- Up-to-date: /home/nicolas/ws_ros2/install/px4_msgs/include/px4_msgs/px4_msgs/msg/detail/normalized_unsigned_setpoint__functions.c\n'}
[0.752586] (px4_msgs) StdoutLine: {'line': b'-- Up-to-date: /home/nicolas/ws_ros2/install/px4_msgs/include/px4_msgs/px4_msgs/msg/detail/sensor_correction__type_support.h\n'}
[0.752670] (px4_msgs) StdoutLine: {'line': b'-- Up-to-date: /home/nicolas/ws_ros2/install/px4_msgs/include/px4_msgs/px4_msgs/msg/detail/mount_orientation__struct.h\n'}
[0.752707] (px4_msgs) StdoutLine: {'line': b'-- Up-to-date: /home/nicolas/ws_ros2/install/px4_msgs/include/px4_msgs/px4_msgs/msg/detail/sensor_accel_fifo__type_support.h\n'}
[0.752744] (px4_msgs) StdoutLine: {'line': b'-- Up-to-date: /home/nicolas/ws_ros2/install/px4_msgs/include/px4_msgs/px4_msgs/msg/detail/vehicle_local_position__functions.h\n'}
[0.752782] (px4_msgs) StdoutLine: {'line': b'-- Up-to-date: /home/nicolas/ws_ros2/install/px4_msgs/include/px4_msgs/px4_msgs/msg/detail/gimbal_device_set_attitude__functions.c\n'}
[0.752819] (px4_msgs) StdoutLine: {'line': b'-- Up-to-date: /home/nicolas/ws_ros2/install/px4_msgs/include/px4_msgs/px4_msgs/msg/detail/vehicle_magnetometer__functions.h\n'}
[0.752854] (px4_msgs) StdoutLine: {'line': b'-- Up-to-date: /home/nicolas/ws_ros2/install/px4_msgs/include/px4_msgs/px4_msgs/msg/detail/follow_target_status__type_support.h\n'}
[0.752889] (px4_msgs) StdoutLine: {'line': b'-- Up-to-date: /home/nicolas/ws_ros2/install/px4_msgs/include/px4_msgs/px4_msgs/msg/detail/parameter_set_value_response__functions.c\n'}
[0.752923] (px4_msgs) StdoutLine: {'line': b'-- Up-to-date: /home/nicolas/ws_ros2/install/px4_msgs/include/px4_msgs/px4_msgs/msg/detail/sensor_selection__struct.h\n'}
[0.752958] (px4_msgs) StdoutLine: {'line': b'-- Up-to-date: /home/nicolas/ws_ros2/install/px4_msgs/include/px4_msgs/px4_msgs/msg/detail/ekf2_timestamps__struct.h\n'}
[0.753139] (px4_msgs) StdoutLine: {'line': b'-- Up-to-date: /home/nicolas/ws_ros2/install/px4_msgs/include/px4_msgs/px4_msgs/msg/detail/gps_inject_data__struct.h\n'}
[0.753175] (px4_msgs) StdoutLine: {'line': b'-- Up-to-date: /home/nicolas/ws_ros2/install/px4_msgs/include/px4_msgs/px4_msgs/msg/detail/neural_control__functions.h\n'}
[0.753240] (px4_msgs) StdoutLine: {'line': b'-- Up-to-date: /home/nicolas/ws_ros2/install/px4_msgs/include/px4_msgs/px4_msgs/msg/detail/airspeed_validated__functions.h\n'}
[0.753276] (px4_msgs) StdoutLine: {'line': b'-- Up-to-date: /home/nicolas/ws_ros2/install/px4_msgs/include/px4_msgs/px4_msgs/msg/detail/adc_report__functions.h\n'}
[0.753311] (px4_msgs) StdoutLine: {'line': b'-- Up-to-date: /home/nicolas/ws_ros2/install/px4_msgs/include/px4_msgs/px4_msgs/msg/detail/parameter_set_value_request__struct.h\n'}
[0.753347] (px4_msgs) StdoutLine: {'line': b'-- Up-to-date: /home/nicolas/ws_ros2/install/px4_msgs/include/px4_msgs/px4_msgs/msg/detail/dataman_response__functions.h\n'}
[0.753384] (px4_msgs) StdoutLine: {'line': b'-- Up-to-date: /home/nicolas/ws_ros2/install/px4_msgs/include/px4_msgs/px4_msgs/msg/detail/gpio_out__type_support.h\n'}
[0.753432] (px4_msgs) StdoutLine: {'line': b'-- Up-to-date: /home/nicolas/ws_ros2/install/px4_msgs/include/px4_msgs/px4_msgs/msg/detail/sensor_mag__type_support.h\n'}
[0.753532] (px4_msgs) StdoutLine: {'line': b'-- Up-to-date: /home/nicolas/ws_ros2/install/px4_msgs/include/px4_msgs/px4_msgs/msg/detail/orb_test_large__functions.h\n'}
[0.753570] (px4_msgs) StdoutLine: {'line': b'-- Up-to-date: /home/nicolas/ws_ros2/install/px4_msgs/include/px4_msgs/px4_msgs/msg/detail/tecs_status__functions.h\n'}
[0.753607] (px4_msgs) StdoutLine: {'line': b'-- Up-to-date: /home/nicolas/ws_ros2/install/px4_msgs/include/px4_msgs/px4_msgs/msg/detail/parameter_set_value_request__functions.c\n'}
[0.753643] (px4_msgs) StdoutLine: {'line': b'-- Up-to-date: /home/nicolas/ws_ros2/install/px4_msgs/include/px4_msgs/px4_msgs/msg/detail/landing_target_pose__struct.h\n'}
[0.753679] (px4_msgs) StdoutLine: {'line': b'-- Up-to-date: /home/nicolas/ws_ros2/install/px4_msgs/include/px4_msgs/px4_msgs/msg/detail/gimbal_device_attitude_status__struct.h\n'}
[0.753714] (px4_msgs) StdoutLine: {'line': b'-- Up-to-date: /home/nicolas/ws_ros2/install/px4_msgs/include/px4_msgs/px4_msgs/msg/detail/position_setpoint_triplet__functions.h\n'}
[0.753749] (px4_msgs) StdoutLine: {'line': b'-- Up-to-date: /home/nicolas/ws_ros2/install/px4_msgs/include/px4_msgs/px4_msgs/msg/detail/message_format_response__type_support.h\n'}
[0.753796] (px4_msgs) StdoutLine: {'line': b'-- Up-to-date: /home/nicolas/ws_ros2/install/px4_msgs/include/px4_msgs/px4_msgs/msg/detail/mag_worker_data__type_support.h\n'}
[0.753831] (px4_msgs) StdoutLine: {'line': b'-- Up-to-date: /home/nicolas/ws_ros2/install/px4_msgs/include/px4_msgs/px4_msgs/msg/detail/health_report__struct.h\n'}
[0.753866] (px4_msgs) StdoutLine: {'line': b'-- Up-to-date: /home/nicolas/ws_ros2/install/px4_msgs/include/px4_msgs/px4_msgs/msg/detail/vehicle_command_ack__type_support.h\n'}
[0.753941] (px4_msgs) StdoutLine: {'line': b'-- Up-to-date: /home/nicolas/ws_ros2/install/px4_msgs/include/px4_msgs/px4_msgs/msg/detail/heater_status__type_support.h\n'}
[0.753977] (px4_msgs) StdoutLine: {'line': b'-- Up-to-date: /home/nicolas/ws_ros2/install/px4_msgs/include/px4_msgs/px4_msgs/msg/detail/obstacle_distance__struct.h\n'}
[0.754011] (px4_msgs) StdoutLine: {'line': b'-- Up-to-date: /home/nicolas/ws_ros2/install/px4_msgs/include/px4_msgs/px4_msgs/msg/detail/rc_parameter_map__functions.h\n'}
[0.754045] (px4_msgs) StdoutLine: {'line': b'-- Up-to-date: /home/nicolas/ws_ros2/install/px4_msgs/include/px4_msgs/px4_msgs/msg/detail/lateral_control_configuration__functions.c\n'}
[0.754080] (px4_msgs) StdoutLine: {'line': b'-- Up-to-date: /home/nicolas/ws_ros2/install/px4_msgs/include/px4_msgs/px4_msgs/msg/detail/mavlink_tunnel__type_support.h\n'}
[0.754115] (px4_msgs) StdoutLine: {'line': b'-- Up-to-date: /home/nicolas/ws_ros2/install/px4_msgs/include/px4_msgs/px4_msgs/msg/detail/airspeed_validated__functions.c\n'}
[0.754149] (px4_msgs) StdoutLine: {'line': b'-- Up-to-date: /home/nicolas/ws_ros2/install/px4_msgs/include/px4_msgs/px4_msgs/msg/detail/register_ext_component_request__functions.h\n'}
[0.754183] (px4_msgs) StdoutLine: {'line': b'-- Up-to-date: /home/nicolas/ws_ros2/install/px4_msgs/include/px4_msgs/px4_msgs/msg/detail/goto_setpoint__struct.h\n'}
[0.754218] (px4_msgs) StdoutLine: {'line': b'-- Up-to-date: /home/nicolas/ws_ros2/install/px4_msgs/include/px4_msgs/px4_msgs/msg/detail/sensor_correction__functions.c\n'}
[0.754251] (px4_msgs) StdoutLine: {'line': b'-- Up-to-date: /home/nicolas/ws_ros2/install/px4_msgs/include/px4_msgs/px4_msgs/msg/detail/vehicle_angular_acceleration_setpoint__struct.h\n'}
[0.754285] (px4_msgs) StdoutLine: {'line': b'-- Up-to-date: /home/nicolas/ws_ros2/install/px4_msgs/include/px4_msgs/px4_msgs/msg/detail/control_allocator_status__functions.h\n'}
[0.754319] (px4_msgs) StdoutLine: {'line': b'-- Up-to-date: /home/nicolas/ws_ros2/install/px4_msgs/include/px4_msgs/px4_msgs/msg/detail/vehicle_land_detected__struct.h\n'}
[0.754362] (px4_msgs) StdoutLine: {'line': b'-- Up-to-date: /home/nicolas/ws_ros2/install/px4_msgs/include/px4_msgs/px4_msgs/msg/detail/gimbal_controls__struct.h\n'}
[0.754396] (px4_msgs) StdoutLine: {'line': b'-- Up-to-date: /home/nicolas/ws_ros2/install/px4_msgs/include/px4_msgs/px4_msgs/msg/detail/rover_steering_setpoint__functions.h\n'}
[0.754431] (px4_msgs) StdoutLine: {'line': b'-- Up-to-date: /home/nicolas/ws_ros2/install/px4_msgs/include/px4_msgs/px4_msgs/msg/detail/vehicle_roi__functions.h\n'}
[0.754469] (px4_msgs) StdoutLine: {'line': b'-- Up-to-date: /home/nicolas/ws_ros2/install/px4_msgs/include/px4_msgs/px4_msgs/msg/detail/message_format_request__functions.h\n'}
[0.754581] (px4_msgs) StdoutLine: {'line': b'-- Up-to-date: /home/nicolas/ws_ros2/install/px4_msgs/include/px4_msgs/px4_msgs/msg/detail/orb_test__struct.h\n'}
[0.754618] (px4_msgs) StdoutLine: {'line': b'-- Up-to-date: /home/nicolas/ws_ros2/install/px4_msgs/include/px4_msgs/px4_msgs/msg/detail/generator_status__functions.h\n'}
[0.754655] (px4_msgs) StdoutLine: {'line': b'-- Up-to-date: /home/nicolas/ws_ros2/install/px4_msgs/include/px4_msgs/px4_msgs/msg/detail/actuator_servos__functions.c\n'}
[0.754691] (px4_msgs) StdoutLine: {'line': b'-- Up-to-date: /home/nicolas/ws_ros2/install/px4_msgs/include/px4_msgs/px4_msgs/msg/detail/sensor_correction__struct.h\n'}
[0.754750] (px4_msgs) StdoutLine: {'line': b'-- Up-to-date: /home/nicolas/ws_ros2/install/px4_msgs/include/px4_msgs/px4_msgs/msg/detail/sensor_optical_flow__functions.c\n'}
[0.754788] (px4_msgs) StdoutLine: {'line': b'-- Up-to-date: /home/nicolas/ws_ros2/install/px4_msgs/include/px4_msgs/px4_msgs/msg/detail/debug_key_value__type_support.h\n'}
[0.754821] (px4_msgs) StdoutLine: {'line': b'-- Up-to-date: /home/nicolas/ws_ros2/install/px4_msgs/include/px4_msgs/px4_msgs/msg/detail/estimator_event_flags__functions.c\n'}
[0.754855] (px4_msgs) StdoutLine: {'line': b'-- Up-to-date: /home/nicolas/ws_ros2/install/px4_msgs/include/px4_msgs/px4_msgs/msg/detail/trajectory_setpoint__functions.c\n'}
[0.754889] (px4_msgs) StdoutLine: {'line': b'-- Up-to-date: /home/nicolas/ws_ros2/install/px4_msgs/include/px4_msgs/px4_msgs/msg/detail/sensor_gyro__type_support.h\n'}
[0.754924] (px4_msgs) StdoutLine: {'line': b'-- Up-to-date: /home/nicolas/ws_ros2/install/px4_msgs/include/px4_msgs/px4_msgs/msg/detail/orbit_status__type_support.h\n'}
[0.754958] (px4_msgs) StdoutLine: {'line': b'-- Up-to-date: /home/nicolas/ws_ros2/install/px4_msgs/include/px4_msgs/px4_msgs/msg/detail/position_controller_status__functions.h\n'}
[0.754993] (px4_msgs) StdoutLine: {'line': b'-- Up-to-date: /home/nicolas/ws_ros2/install/px4_msgs/include/px4_msgs/px4_msgs/msg/detail/system_power__type_support.h\n'}
[0.755027] (px4_msgs) StdoutLine: {'line': b'-- Up-to-date: /home/nicolas/ws_ros2/install/px4_msgs/include/px4_msgs/px4_msgs/msg/detail/orb_test_large__struct.h\n'}
[0.755061] (px4_msgs) StdoutLine: {'line': b'-- Up-to-date: /home/nicolas/ws_ros2/install/px4_msgs/include/px4_msgs/px4_msgs/msg/detail/follow_target_status__struct.h\n'}
[0.755096] (px4_msgs) StdoutLine: {'line': b'-- Up-to-date: /home/nicolas/ws_ros2/install/px4_msgs/include/px4_msgs/px4_msgs/msg/detail/distance_sensor_mode_change_request__struct.h\n'}
[0.755130] (px4_msgs) StdoutLine: {'line': b'-- Up-to-date: /home/nicolas/ws_ros2/install/px4_msgs/include/px4_msgs/px4_msgs/msg/detail/gpio_in__functions.h\n'}
[0.755171] (px4_msgs) StdoutLine: {'line': b'-- Up-to-date: /home/nicolas/ws_ros2/install/px4_msgs/include/px4_msgs/px4_msgs/msg/detail/sensor_uwb__functions.c\n'}
[0.755208] (px4_msgs) StdoutLine: {'line': b'-- Up-to-date: /home/nicolas/ws_ros2/install/px4_msgs/include/px4_msgs/px4_msgs/msg/detail/esc_report__type_support.h\n'}
[0.755242] (px4_msgs) StdoutLine: {'line': b'-- Up-to-date: /home/nicolas/ws_ros2/install/px4_msgs/include/px4_msgs/px4_msgs/msg/detail/rpm__struct.h\n'}
[0.755277] (px4_msgs) StdoutLine: {'line': b'-- Up-to-date: /home/nicolas/ws_ros2/install/px4_msgs/include/px4_msgs/px4_msgs/msg/detail/orb_test_large__type_support.h\n'}
[0.755312] (px4_msgs) StdoutLine: {'line': b'-- Up-to-date: /home/nicolas/ws_ros2/install/px4_msgs/include/px4_msgs/px4_msgs/msg/detail/home_position__functions.c\n'}
[0.755347] (px4_msgs) StdoutLine: {'line': b'-- Up-to-date: /home/nicolas/ws_ros2/install/px4_msgs/include/px4_msgs/px4_msgs/msg/detail/fuel_tank_status__functions.h\n'}
[0.755382] (px4_msgs) StdoutLine: {'line': b'-- Up-to-date: /home/nicolas/ws_ros2/install/px4_msgs/include/px4_msgs/px4_msgs/msg/detail/vehicle_optical_flow__functions.c\n'}
[0.755418] (px4_msgs) StdoutLine: {'line': b'-- Up-to-date: /home/nicolas/ws_ros2/install/px4_msgs/include/px4_msgs/px4_msgs/msg/detail/arming_check_reply__type_support.h\n'}
[0.755456] (px4_msgs) StdoutLine: {'line': b'-- Up-to-date: /home/nicolas/ws_ros2/install/px4_msgs/include/px4_msgs/px4_msgs/msg/detail/open_drone_id_operator_id__functions.h\n'}
[0.755493] (px4_msgs) StdoutLine: {'line': b'-- Up-to-date: /home/nicolas/ws_ros2/install/px4_msgs/include/px4_msgs/px4_msgs/msg/detail/magnetometer_bias_estimate__functions.c\n'}
[0.755528] (px4_msgs) StdoutLine: {'line': b'-- Up-to-date: /home/nicolas/ws_ros2/install/px4_msgs/include/px4_msgs/px4_msgs/msg/detail/rover_position_setpoint__functions.c\n'}
[0.755563] (px4_msgs) StdoutLine: {'line': b'-- Up-to-date: /home/nicolas/ws_ros2/install/px4_msgs/include/px4_msgs/px4_msgs/msg/detail/tiltrotor_extra_controls__functions.c\n'}
[0.755614] (px4_msgs) StdoutLine: {'line': b'-- Up-to-date: /home/nicolas/ws_ros2/install/px4_msgs/include/px4_msgs/px4_msgs/msg/detail/vehicle_roi__type_support.h\n'}
[0.755649] (px4_msgs) StdoutLine: {'line': b'-- Up-to-date: /home/nicolas/ws_ros2/install/px4_msgs/include/px4_msgs/px4_msgs/msg/detail/qshell_req__functions.h\n'}
[0.755684] (px4_msgs) StdoutLine: {'line': b'-- Up-to-date: /home/nicolas/ws_ros2/install/px4_msgs/include/px4_msgs/px4_msgs/msg/detail/dataman_response__struct.h\n'}
[0.755718] (px4_msgs) StdoutLine: {'line': b'-- Up-to-date: /home/nicolas/ws_ros2/install/px4_msgs/include/px4_msgs/px4_msgs/msg/detail/navigator_mission_item__functions.c\n'}
[0.755753] (px4_msgs) StdoutLine: {'line': b'-- Up-to-date: /home/nicolas/ws_ros2/install/px4_msgs/include/px4_msgs/px4_msgs/msg/detail/position_controller_landing_status__struct.h\n'}
[0.755922] (px4_msgs) StdoutLine: {'line': b'-- Up-to-date: /home/nicolas/ws_ros2/install/px4_msgs/include/px4_msgs/px4_msgs/msg/detail/follow_target_estimator__functions.h\n'}
[0.755960] (px4_msgs) StdoutLine: {'line': b'-- Up-to-date: /home/nicolas/ws_ros2/install/px4_msgs/include/px4_msgs/px4_msgs/msg/detail/arming_check_request__functions.h\n'}
[0.756028] (px4_msgs) StdoutLine: {'line': b'-- Up-to-date: /home/nicolas/ws_ros2/install/px4_msgs/include/px4_msgs/px4_msgs/msg/detail/actuator_motors__functions.c\n'}
[0.756065] (px4_msgs) StdoutLine: {'line': b'-- Up-to-date: /home/nicolas/ws_ros2/install/px4_msgs/include/px4_msgs/px4_msgs/msg/detail/rtl_time_estimate__functions.h\n'}
[0.756100] (px4_msgs) StdoutLine: {'line': b'-- Up-to-date: /home/nicolas/ws_ros2/install/px4_msgs/include/px4_msgs/px4_msgs/msg/detail/uavcan_parameter_request__struct.h\n'}
[0.756136] (px4_msgs) StdoutLine: {'line': b'-- Up-to-date: /home/nicolas/ws_ros2/install/px4_msgs/include/px4_msgs/px4_msgs/msg/detail/register_ext_component_request__functions.c\n'}
[0.756172] (px4_msgs) StdoutLine: {'line': b'-- Up-to-date: /home/nicolas/ws_ros2/install/px4_msgs/include/px4_msgs/px4_msgs/msg/detail/airspeed__struct.h\n'}
[0.756209] (px4_msgs) StdoutLine: {'line': b'-- Up-to-date: /home/nicolas/ws_ros2/install/px4_msgs/include/px4_msgs/px4_msgs/msg/detail/estimator_innovations__functions.c\n'}
[0.756243] (px4_msgs) StdoutLine: {'line': b'-- Up-to-date: /home/nicolas/ws_ros2/install/px4_msgs/include/px4_msgs/px4_msgs/msg/detail/message_format_response__struct.h\n'}
[0.756281] (px4_msgs) StdoutLine: {'line': b'-- Up-to-date: /home/nicolas/ws_ros2/install/px4_msgs/include/px4_msgs/px4_msgs/msg/detail/vehicle_imu__functions.c\n'}
[0.756316] (px4_msgs) StdoutLine: {'line': b'-- Up-to-date: /home/nicolas/ws_ros2/install/px4_msgs/include/px4_msgs/px4_msgs/msg/detail/estimator_aid_source1d__type_support.h\n'}
[0.756351] (px4_msgs) StdoutLine: {'line': b'-- Up-to-date: /home/nicolas/ws_ros2/install/px4_msgs/include/px4_msgs/px4_msgs/msg/detail/satellite_info__functions.c\n'}
[0.756386] (px4_msgs) StdoutLine: {'line': b'-- Up-to-date: /home/nicolas/ws_ros2/install/px4_msgs/include/px4_msgs/px4_msgs/msg/detail/arming_check_reply__functions.c\n'}
[0.756420] (px4_msgs) StdoutLine: {'line': b'-- Up-to-date: /home/nicolas/ws_ros2/install/px4_msgs/include/px4_msgs/px4_msgs/msg/detail/dataman_request__struct.h\n'}
[0.756468] (px4_msgs) StdoutLine: {'line': b'-- Up-to-date: /home/nicolas/ws_ros2/install/px4_msgs/include/px4_msgs/px4_msgs/msg/detail/fixed_wing_lateral_setpoint__functions.h\n'}
[0.756556] (px4_msgs) StdoutLine: {'line': b'-- Up-to-date: /home/nicolas/ws_ros2/install/px4_msgs/include/px4_msgs/px4_msgs/msg/detail/rtl_time_estimate__struct.h\n'}
[0.756593] (px4_msgs) StdoutLine: {'line': b'-- Up-to-date: /home/nicolas/ws_ros2/install/px4_msgs/include/px4_msgs/px4_msgs/msg/detail/ping__type_support.h\n'}
[0.756629] (px4_msgs) StdoutLine: {'line': b'-- Up-to-date: /home/nicolas/ws_ros2/install/px4_msgs/include/px4_msgs/px4_msgs/msg/detail/power_button_state__type_support.h\n'}
[0.756665] (px4_msgs) StdoutLine: {'line': b'-- Up-to-date: /home/nicolas/ws_ros2/install/px4_msgs/include/px4_msgs/px4_msgs/msg/detail/sensor_preflight_mag__type_support.h\n'}
[0.756732] (px4_msgs) StdoutLine: {'line': b'-- Up-to-date: /home/nicolas/ws_ros2/install/px4_msgs/include/px4_msgs/px4_msgs/msg/detail/trajectory_setpoint6dof__type_support.h\n'}
[0.756769] (px4_msgs) StdoutLine: {'line': b'-- Up-to-date: /home/nicolas/ws_ros2/install/px4_msgs/include/px4_msgs/px4_msgs/msg/detail/actuator_controls_status__type_support.h\n'}
[0.756804] (px4_msgs) StdoutLine: {'line': b'-- Up-to-date: /home/nicolas/ws_ros2/install/px4_msgs/include/px4_msgs/px4_msgs/msg/detail/mount_orientation__functions.c\n'}
[0.756839] (px4_msgs) StdoutLine: {'line': b'-- Up-to-date: /home/nicolas/ws_ros2/install/px4_msgs/include/px4_msgs/px4_msgs/msg/detail/vehicle_global_position__struct.h\n'}
[0.756873] (px4_msgs) StdoutLine: {'line': b'-- Up-to-date: /home/nicolas/ws_ros2/install/px4_msgs/include/px4_msgs/px4_msgs/msg/detail/health_report__functions.h\n'}
[0.756908] (px4_msgs) StdoutLine: {'line': b'-- Up-to-date: /home/nicolas/ws_ros2/install/px4_msgs/include/px4_msgs/px4_msgs/msg/detail/vehicle_land_detected__functions.h\n'}
[0.756941] (px4_msgs) StdoutLine: {'line': b'-- Up-to-date: /home/nicolas/ws_ros2/install/px4_msgs/include/px4_msgs/px4_msgs/msg/detail/debug_key_value__struct.h\n'}
[0.756975] (px4_msgs) StdoutLine: {'line': b'-- Up-to-date: /home/nicolas/ws_ros2/install/px4_msgs/include/px4_msgs/px4_msgs/msg/detail/led_control__functions.c\n'}
[0.757010] (px4_msgs) StdoutLine: {'line': b'-- Up-to-date: /home/nicolas/ws_ros2/install/px4_msgs/include/px4_msgs/px4_msgs/msg/detail/gimbal_device_information__type_support.h\n'}
[0.757045] (px4_msgs) StdoutLine: {'line': b'-- Up-to-date: /home/nicolas/ws_ros2/install/px4_msgs/include/px4_msgs/px4_msgs/msg/detail/position_controller_status__functions.c\n'}
[0.757079] (px4_msgs) StdoutLine: {'line': b'-- Up-to-date: /home/nicolas/ws_ros2/install/px4_msgs/include/px4_msgs/px4_msgs/msg/detail/airspeed__functions.c\n'}
[0.757113] (px4_msgs) StdoutLine: {'line': b'-- Up-to-date: /home/nicolas/ws_ros2/install/px4_msgs/include/px4_msgs/px4_msgs/msg/detail/event__functions.h\n'}
[0.757148] (px4_msgs) StdoutLine: {'line': b'-- Up-to-date: /home/nicolas/ws_ros2/install/px4_msgs/include/px4_msgs/px4_msgs/msg/detail/failsafe_flags__functions.h\n'}
[0.757183] (px4_msgs) StdoutLine: {'line': b'-- Up-to-date: /home/nicolas/ws_ros2/install/px4_msgs/include/px4_msgs/px4_msgs/msg/detail/message_format_request__functions.c\n'}
[0.757363] (px4_msgs) StdoutLine: {'line': b'-- Up-to-date: /home/nicolas/ws_ros2/install/px4_msgs/include/px4_msgs/px4_msgs/msg/detail/estimator_event_flags__type_support.h\n'}
[0.757401] (px4_msgs) StdoutLine: {'line': b'-- Up-to-date: /home/nicolas/ws_ros2/install/px4_msgs/include/px4_msgs/px4_msgs/msg/detail/sensor_combined__type_support.h\n'}
[0.757436] (px4_msgs) StdoutLine: {'line': b'-- Up-to-date: /home/nicolas/ws_ros2/install/px4_msgs/include/px4_msgs/px4_msgs/msg/detail/vehicle_angular_velocity__type_support.h\n'}
[0.757479] (px4_msgs) StdoutLine: {'line': b'-- Up-to-date: /home/nicolas/ws_ros2/install/px4_msgs/include/px4_msgs/px4_msgs/msg/detail/geofence_result__functions.h\n'}
[0.757516] (px4_msgs) StdoutLine: {'line': b'-- Up-to-date: /home/nicolas/ws_ros2/install/px4_msgs/include/px4_msgs/px4_msgs/msg/detail/landing_gear_wheel__functions.c\n'}
[0.757551] (px4_msgs) StdoutLine: {'line': b'-- Up-to-date: /home/nicolas/ws_ros2/install/px4_msgs/include/px4_msgs/px4_msgs/msg/detail/estimator_innovations__functions.h\n'}
[0.757586] (px4_msgs) StdoutLine: {'line': b'-- Up-to-date: /home/nicolas/ws_ros2/install/px4_msgs/include/px4_msgs/px4_msgs/msg/detail/actuator_armed__struct.h\n'}
[0.757620] (px4_msgs) StdoutLine: {'line': b'-- Up-to-date: /home/nicolas/ws_ros2/install/px4_msgs/include/px4_msgs/px4_msgs/msg/detail/follow_target_estimator__type_support.h\n'}
[0.757654] (px4_msgs) StdoutLine: {'line': b'-- Up-to-date: /home/nicolas/ws_ros2/install/px4_msgs/include/px4_msgs/px4_msgs/msg/detail/sensor_gps__functions.c\n'}
[0.757689] (px4_msgs) StdoutLine: {'line': b'-- Up-to-date: /home/nicolas/ws_ros2/install/px4_msgs/include/px4_msgs/px4_msgs/msg/detail/sensors_status_imu__functions.c\n'}
[0.757736] (px4_msgs) StdoutLine: {'line': b'-- Up-to-date: /home/nicolas/ws_ros2/install/px4_msgs/include/px4_msgs/px4_msgs/msg/detail/vehicle_odometry__struct.h\n'}
[0.757770] (px4_msgs) StdoutLine: {'line': b'-- Up-to-date: /home/nicolas/ws_ros2/install/px4_msgs/include/px4_msgs/px4_msgs/msg/detail/vehicle_command__functions.h\n'}
[0.757805] (px4_msgs) StdoutLine: {'line': b'-- Up-to-date: /home/nicolas/ws_ros2/install/px4_msgs/include/px4_msgs/px4_msgs/msg/detail/sensor_gyro_fifo__type_support.h\n'}
[0.757839] (px4_msgs) StdoutLine: {'line': b'-- Up-to-date: /home/nicolas/ws_ros2/install/px4_msgs/include/px4_msgs/px4_msgs/msg/detail/distance_sensor_mode_change_request__functions.h\n'}
[0.757925] (px4_msgs) StdoutLine: {'line': b'-- Up-to-date: /home/nicolas/ws_ros2/install/px4_msgs/include/px4_msgs/px4_msgs/msg/detail/rtl_status__functions.h\n'}
[0.757961] (px4_msgs) StdoutLine: {'line': b'-- Up-to-date: /home/nicolas/ws_ros2/install/px4_msgs/include/px4_msgs/px4_msgs/msg/detail/gps_dump__struct.h\n'}
[0.757997] (px4_msgs) StdoutLine: {'line': b'-- Up-to-date: /home/nicolas/ws_ros2/install/px4_msgs/include/px4_msgs/px4_msgs/msg/detail/launch_detection_status__functions.c\n'}
[0.758032] (px4_msgs) StdoutLine: {'line': b'-- Up-to-date: /home/nicolas/ws_ros2/install/px4_msgs/include/px4_msgs/px4_msgs/msg/detail/vehicle_optical_flow__struct.h\n'}
[0.758067] (px4_msgs) StdoutLine: {'line': b'-- Up-to-date: /home/nicolas/ws_ros2/install/px4_msgs/include/px4_msgs/px4_msgs/msg/detail/gimbal_manager_status__type_support.h\n'}
[0.758101] (px4_msgs) StdoutLine: {'line': b'-- Up-to-date: /home/nicolas/ws_ros2/install/px4_msgs/include/px4_msgs/px4_msgs/msg/detail/debug_array__functions.h\n'}
[0.758237] (px4_msgs) StdoutLine: {'line': b'-- Up-to-date: /home/nicolas/ws_ros2/install/px4_msgs/include/px4_msgs/px4_msgs/msg/detail/mission__struct.h\n'}
[0.758277] (px4_msgs) StdoutLine: {'line': b'-- Up-to-date: /home/nicolas/ws_ros2/install/px4_msgs/include/px4_msgs/px4_msgs/msg/detail/vehicle_odometry__functions.c\n'}
[0.758314] (px4_msgs) StdoutLine: {'line': b'-- Up-to-date: /home/nicolas/ws_ros2/install/px4_msgs/include/px4_msgs/px4_msgs/msg/detail/sensor_selection__functions.c\n'}
[0.758349] (px4_msgs) StdoutLine: {'line': b'-- Up-to-date: /home/nicolas/ws_ros2/install/px4_msgs/include/px4_msgs/px4_msgs/msg/detail/rover_rate_status__functions.c\n'}
[0.758384] (px4_msgs) StdoutLine: {'line': b'-- Up-to-date: /home/nicolas/ws_ros2/install/px4_msgs/include/px4_msgs/px4_msgs/msg/detail/telemetry_status__functions.h\n'}
[0.758418] (px4_msgs) StdoutLine: {'line': b'-- Up-to-date: /home/nicolas/ws_ros2/install/px4_msgs/include/px4_msgs/px4_msgs/msg/detail/yaw_estimator_status__struct.h\n'}
[0.758458] (px4_msgs) StdoutLine: {'line': b'-- Up-to-date: /home/nicolas/ws_ros2/install/px4_msgs/include/px4_msgs/px4_msgs/msg/detail/sensor_gnss_relative__type_support.h\n'}
[0.758496] (px4_msgs) StdoutLine: {'line': b'-- Up-to-date: /home/nicolas/ws_ros2/install/px4_msgs/include/px4_msgs/px4_msgs/msg/detail/config_overrides__functions.h\n'}
[0.758532] (px4_msgs) StdoutLine: {'line': b'-- Up-to-date: /home/nicolas/ws_ros2/install/px4_msgs/include/px4_msgs/px4_msgs/msg/detail/orbit_status__struct.h\n'}
[0.758567] (px4_msgs) StdoutLine: {'line': b'-- Up-to-date: /home/nicolas/ws_ros2/install/px4_msgs/include/px4_msgs/px4_msgs/msg/detail/can_interface_status__struct.h\n'}
[0.758613] (px4_msgs) StdoutLine: {'line': b'-- Up-to-date: /home/nicolas/ws_ros2/install/px4_msgs/include/px4_msgs/px4_msgs/msg/detail/estimator_gps_status__struct.h\n'}
[0.758697] (px4_msgs) StdoutLine: {'line': b'-- Up-to-date: /home/nicolas/ws_ros2/install/px4_msgs/include/px4_msgs/px4_msgs/msg/detail/qshell_req__functions.c\n'}
[0.758733] (px4_msgs) StdoutLine: {'line': b'-- Up-to-date: /home/nicolas/ws_ros2/install/px4_msgs/include/px4_msgs/px4_msgs/msg/detail/open_drone_id_system__struct.h\n'}
[0.758768] (px4_msgs) StdoutLine: {'line': b'-- Up-to-date: /home/nicolas/ws_ros2/install/px4_msgs/include/px4_msgs/px4_msgs/msg/detail/radio_status__functions.h\n'}
[0.758878] (px4_msgs) StdoutLine: {'line': b'-- Up-to-date: /home/nicolas/ws_ros2/install/px4_msgs/include/px4_msgs/px4_msgs/msg/detail/estimator_selector_status__functions.h\n'}
[0.758916] (px4_msgs) StdoutLine: {'line': b'-- Up-to-date: /home/nicolas/ws_ros2/install/px4_msgs/include/px4_msgs/px4_msgs/msg/detail/sensor_gps__functions.h\n'}
[0.758952] (px4_msgs) StdoutLine: {'line': b'-- Up-to-date: /home/nicolas/ws_ros2/install/px4_msgs/include/px4_msgs/px4_msgs/msg/detail/wheel_encoders__functions.c\n'}
[0.758987] (px4_msgs) StdoutLine: {'line': b'-- Up-to-date: /home/nicolas/ws_ros2/install/px4_msgs/include/px4_msgs/px4_msgs/msg/detail/orb_test__functions.c\n'}
[0.759022] (px4_msgs) StdoutLine: {'line': b'-- Up-to-date: /home/nicolas/ws_ros2/install/px4_msgs/include/px4_msgs/px4_msgs/msg/detail/vehicle_air_data__functions.c\n'}
[0.759056] (px4_msgs) StdoutLine: {'line': b'-- Up-to-date: /home/nicolas/ws_ros2/install/px4_msgs/include/px4_msgs/px4_msgs/msg/detail/rover_attitude_status__functions.c\n'}
[0.759091] (px4_msgs) StdoutLine: {'line': b'-- Up-to-date: /home/nicolas/ws_ros2/install/px4_msgs/include/px4_msgs/px4_msgs/msg/detail/gimbal_device_set_attitude__struct.h\n'}
[0.759126] (px4_msgs) StdoutLine: {'line': b'-- Up-to-date: /home/nicolas/ws_ros2/install/px4_msgs/include/px4_msgs/px4_msgs/msg/detail/open_drone_id_operator_id__struct.h\n'}
[0.759161] (px4_msgs) StdoutLine: {'line': b'-- Up-to-date: /home/nicolas/ws_ros2/install/px4_msgs/include/px4_msgs/px4_msgs/msg/detail/sensor_gyro_fft__functions.c\n'}
[0.759195] (px4_msgs) StdoutLine: {'line': b'-- Up-to-date: /home/nicolas/ws_ros2/install/px4_msgs/include/px4_msgs/px4_msgs/msg/detail/rover_throttle_setpoint__functions.h\n'}
[0.759228] (px4_msgs) StdoutLine: {'line': b'-- Up-to-date: /home/nicolas/ws_ros2/install/px4_msgs/include/px4_msgs/px4_msgs/msg/detail/follow_target__functions.h\n'}
[0.759262] (px4_msgs) StdoutLine: {'line': b'-- Up-to-date: /home/nicolas/ws_ros2/install/px4_msgs/include/px4_msgs/px4_msgs/msg/detail/obstacle_distance__type_support.h\n'}
[0.759298] (px4_msgs) StdoutLine: {'line': b'-- Up-to-date: /home/nicolas/ws_ros2/install/px4_msgs/include/px4_msgs/px4_msgs/msg/detail/rover_speed_setpoint__struct.h\n'}
[0.759333] (px4_msgs) StdoutLine: {'line': b'-- Up-to-date: /home/nicolas/ws_ros2/install/px4_msgs/include/px4_msgs/px4_msgs/msg/detail/actuator_armed__type_support.h\n'}
[0.759368] (px4_msgs) StdoutLine: {'line': b'-- Up-to-date: /home/nicolas/ws_ros2/install/px4_msgs/include/px4_msgs/px4_msgs/msg/detail/sensor_preflight_mag__struct.h\n'}
[0.759402] (px4_msgs) StdoutLine: {'line': b'-- Up-to-date: /home/nicolas/ws_ros2/install/px4_msgs/include/px4_msgs/px4_msgs/msg/detail/internal_combustion_engine_status__functions.c\n'}
[0.759438] (px4_msgs) StdoutLine: {'line': b'-- Up-to-date: /home/nicolas/ws_ros2/install/px4_msgs/include/px4_msgs/px4_msgs/msg/detail/landing_target_innovations__struct.h\n'}
[0.759477] (px4_msgs) StdoutLine: {'line': b'-- Up-to-date: /home/nicolas/ws_ros2/install/px4_msgs/include/px4_msgs/px4_msgs/msg/detail/gimbal_device_attitude_status__type_support.h\n'}
[0.759513] (px4_msgs) StdoutLine: {'line': b'-- Up-to-date: /home/nicolas/ws_ros2/install/px4_msgs/include/px4_msgs/px4_msgs/msg/detail/sensor_mag__functions.c\n'}
[0.759547] (px4_msgs) StdoutLine: {'line': b'-- Up-to-date: /home/nicolas/ws_ros2/install/px4_msgs/include/px4_msgs/px4_msgs/msg/detail/irlock_report__type_support.h\n'}
[0.759581] (px4_msgs) StdoutLine: {'line': b'-- Up-to-date: /home/nicolas/ws_ros2/install/px4_msgs/include/px4_msgs/px4_msgs/msg/detail/rover_speed_setpoint__functions.c\n'}
[0.759615] (px4_msgs) StdoutLine: {'line': b'-- Up-to-date: /home/nicolas/ws_ros2/install/px4_msgs/include/px4_msgs/px4_msgs/msg/detail/camera_status__functions.c\n'}
[0.759651] (px4_msgs) StdoutLine: {'line': b'-- Up-to-date: /home/nicolas/ws_ros2/install/px4_msgs/include/px4_msgs/px4_msgs/msg/detail/camera_trigger__functions.h\n'}
[0.759686] (px4_msgs) StdoutLine: {'line': b'-- Up-to-date: /home/nicolas/ws_ros2/install/px4_msgs/include/px4_msgs/px4_msgs/msg/detail/sensor_gyro__functions.h\n'}
[0.759732] (px4_msgs) StdoutLine: {'line': b'-- Up-to-date: /home/nicolas/ws_ros2/install/px4_msgs/include/px4_msgs/px4_msgs/msg/detail/sensor_preflight_mag__functions.c\n'}
[0.759767] (px4_msgs) StdoutLine: {'line': b'-- Up-to-date: /home/nicolas/ws_ros2/install/px4_msgs/include/px4_msgs/px4_msgs/msg/detail/register_ext_component_reply__type_support.h\n'}
[0.759802] (px4_msgs) StdoutLine: {'line': b'-- Up-to-date: /home/nicolas/ws_ros2/install/px4_msgs/include/px4_msgs/px4_msgs/msg/detail/vehicle_angular_acceleration_setpoint__functions.c\n'}
[0.759837] (px4_msgs) StdoutLine: {'line': b'-- Up-to-date: /home/nicolas/ws_ros2/install/px4_msgs/include/px4_msgs/px4_msgs/msg/detail/failsafe_flags__functions.c\n'}
[0.759925] (px4_msgs) StdoutLine: {'line': b'-- Up-to-date: /home/nicolas/ws_ros2/install/px4_msgs/include/px4_msgs/px4_msgs/msg/detail/actuator_outputs__functions.c\n'}
[0.759961] (px4_msgs) StdoutLine: {'line': b'-- Up-to-date: /home/nicolas/ws_ros2/install/px4_msgs/include/px4_msgs/px4_msgs/msg/detail/log_message__struct.h\n'}
[0.759997] (px4_msgs) StdoutLine: {'line': b'-- Up-to-date: /home/nicolas/ws_ros2/install/px4_msgs/include/px4_msgs/px4_msgs/msg/detail/manual_control_switches__functions.h\n'}
[0.760031] (px4_msgs) StdoutLine: {'line': b'-- Up-to-date: /home/nicolas/ws_ros2/install/px4_msgs/include/px4_msgs/px4_msgs/msg/detail/distance_sensor__struct.h\n'}
[0.760066] (px4_msgs) StdoutLine: {'line': b'-- Up-to-date: /home/nicolas/ws_ros2/install/px4_msgs/include/px4_msgs/px4_msgs/msg/detail/ekf2_timestamps__type_support.h\n'}
[0.760181] (px4_msgs) StdoutLine: {'line': b'-- Up-to-date: /home/nicolas/ws_ros2/install/px4_msgs/include/px4_msgs/px4_msgs/msg/detail/gimbal_manager_status__struct.h\n'}
[0.760217] (px4_msgs) StdoutLine: {'line': b'-- Up-to-date: /home/nicolas/ws_ros2/install/px4_msgs/include/px4_msgs/px4_msgs/msg/detail/dataman_response__functions.c\n'}
[0.760254] (px4_msgs) StdoutLine: {'line': b'-- Up-to-date: /home/nicolas/ws_ros2/install/px4_msgs/include/px4_msgs/px4_msgs/msg/detail/normalized_unsigned_setpoint__type_support.h\n'}
[0.760292] (px4_msgs) StdoutLine: {'line': b'-- Up-to-date: /home/nicolas/ws_ros2/install/px4_msgs/include/px4_msgs/px4_msgs/msg/detail/gpio_out__struct.h\n'}
[0.760327] (px4_msgs) StdoutLine: {'line': b'-- Up-to-date: /home/nicolas/ws_ros2/install/px4_msgs/include/px4_msgs/px4_msgs/msg/detail/sensor_correction__functions.h\n'}
[0.760362] (px4_msgs) StdoutLine: {'line': b'-- Up-to-date: /home/nicolas/ws_ros2/install/px4_msgs/include/px4_msgs/px4_msgs/msg/detail/parameter_set_used_request__functions.c\n'}
[0.760397] (px4_msgs) StdoutLine: {'line': b'-- Up-to-date: /home/nicolas/ws_ros2/install/px4_msgs/include/px4_msgs/px4_msgs/msg/detail/gimbal_device_information__struct.h\n'}
[0.760433] (px4_msgs) StdoutLine: {'line': b'-- Up-to-date: /home/nicolas/ws_ros2/install/px4_msgs/include/px4_msgs/px4_msgs/msg/detail/collision_constraints__struct.h\n'}
[0.760477] (px4_msgs) StdoutLine: {'line': b'-- Up-to-date: /home/nicolas/ws_ros2/install/px4_msgs/include/px4_msgs/px4_msgs/msg/detail/vehicle_imu_status__struct.h\n'}
[0.760619] (px4_msgs) StdoutLine: {'line': b'-- Up-to-date: /home/nicolas/ws_ros2/install/px4_msgs/include/px4_msgs/px4_msgs/msg/detail/event__struct.h\n'}
[0.760658] (px4_msgs) StdoutLine: {'line': b'-- Up-to-date: /home/nicolas/ws_ros2/install/px4_msgs/include/px4_msgs/px4_msgs/msg/detail/mission_result__functions.h\n'}
[0.760696] (px4_msgs) StdoutLine: {'line': b'-- Up-to-date: /home/nicolas/ws_ros2/install/px4_msgs/include/px4_msgs/px4_msgs/msg/detail/uavcan_parameter_value__struct.h\n'}
[0.760733] (px4_msgs) StdoutLine: {'line': b'-- Up-to-date: /home/nicolas/ws_ros2/install/px4_msgs/include/px4_msgs/px4_msgs/msg/detail/esc_status__functions.c\n'}
[0.760769] (px4_msgs) StdoutLine: {'line': b'-- Up-to-date: /home/nicolas/ws_ros2/install/px4_msgs/include/px4_msgs/px4_msgs/msg/detail/camera_trigger__functions.c\n'}
[0.760805] (px4_msgs) StdoutLine: {'line': b'-- Up-to-date: /home/nicolas/ws_ros2/install/px4_msgs/include/px4_msgs/px4_msgs/msg/detail/parameter_set_used_request__struct.h\n'}
[0.760877] (px4_msgs) StdoutLine: {'line': b'-- Up-to-date: /home/nicolas/ws_ros2/install/px4_msgs/include/px4_msgs/px4_msgs/msg/detail/gripper__functions.c\n'}
[0.760911] (px4_msgs) StdoutLine: {'line': b'-- Up-to-date: /home/nicolas/ws_ros2/install/px4_msgs/include/px4_msgs/px4_msgs/msg/detail/battery_info__functions.c\n'}
[0.760945] (px4_msgs) StdoutLine: {'line': b'-- Up-to-date: /home/nicolas/ws_ros2/install/px4_msgs/include/px4_msgs/px4_msgs/msg/detail/fixed_wing_longitudinal_setpoint__functions.c\n'}
[0.760978] (px4_msgs) StdoutLine: {'line': b'-- Up-to-date: /home/nicolas/ws_ros2/install/px4_msgs/include/px4_msgs/px4_msgs/msg/detail/rtl_status__type_support.h\n'}
[0.761011] (px4_msgs) StdoutLine: {'line': b'-- Up-to-date: /home/nicolas/ws_ros2/install/px4_msgs/include/px4_msgs/px4_msgs/msg/detail/takeoff_status__struct.h\n'}
[0.761043] (px4_msgs) StdoutLine: {'line': b'-- Up-to-date: /home/nicolas/ws_ros2/install/px4_msgs/include/px4_msgs/px4_msgs/msg/detail/gripper__struct.h\n'}
[0.761085] (px4_msgs) StdoutLine: {'line': b'-- Up-to-date: /home/nicolas/ws_ros2/install/px4_msgs/include/px4_msgs/px4_msgs/msg/detail/distance_sensor__type_support.h\n'}
[0.761117] (px4_msgs) StdoutLine: {'line': b'-- Up-to-date: /home/nicolas/ws_ros2/install/px4_msgs/include/px4_msgs/px4_msgs/msg/detail/mavlink_log__struct.h\n'}
[0.761149] (px4_msgs) StdoutLine: {'line': b'-- Up-to-date: /home/nicolas/ws_ros2/install/px4_msgs/include/px4_msgs/px4_msgs/msg/detail/rpm__functions.c\n'}
[0.761183] (px4_msgs) StdoutLine: {'line': b'-- Up-to-date: /home/nicolas/ws_ros2/install/px4_msgs/include/px4_msgs/px4_msgs/msg/detail/differential_pressure__type_support.h\n'}
[0.761234] (px4_msgs) StdoutLine: {'line': b'-- Up-to-date: /home/nicolas/ws_ros2/install/px4_msgs/include/px4_msgs/px4_msgs/msg/detail/ulog_stream__functions.h\n'}
[0.761273] (px4_msgs) StdoutLine: {'line': b'-- Up-to-date: /home/nicolas/ws_ros2/install/px4_msgs/include/px4_msgs/px4_msgs/msg/detail/vehicle_angular_velocity__functions.h\n'}
[0.761314] (px4_msgs) StdoutLine: {'line': b'-- Up-to-date: /home/nicolas/ws_ros2/install/px4_msgs/include/px4_msgs/px4_msgs/msg/detail/rover_speed_status__functions.c\n'}
[0.761349] (px4_msgs) StdoutLine: {'line': b'-- Up-to-date: /home/nicolas/ws_ros2/install/px4_msgs/include/px4_msgs/px4_msgs/msg/detail/vehicle_global_position__functions.h\n'}
[0.761383] (px4_msgs) StdoutLine: {'line': b'-- Up-to-date: /home/nicolas/ws_ros2/install/px4_msgs/include/px4_msgs/px4_msgs/msg/detail/mode_completed__struct.h\n'}
[0.761459] (px4_msgs) StdoutLine: {'line': b'-- Up-to-date: /home/nicolas/ws_ros2/install/px4_msgs/include/px4_msgs/px4_msgs/msg/detail/home_position__type_support.h\n'}
[0.761500] (px4_msgs) StdoutLine: {'line': b'-- Up-to-date: /home/nicolas/ws_ros2/install/px4_msgs/include/px4_msgs/px4_msgs/msg/detail/estimator_aid_source1d__struct.h\n'}
[0.761537] (px4_msgs) StdoutLine: {'line': b'-- Up-to-date: /home/nicolas/ws_ros2/install/px4_msgs/include/px4_msgs/px4_msgs/msg/detail/gps_dump__functions.h\n'}
[0.761573] (px4_msgs) StdoutLine: {'line': b'-- Up-to-date: /home/nicolas/ws_ros2/install/px4_msgs/include/px4_msgs/px4_msgs/msg/detail/landing_target_pose__functions.h\n'}
[0.761628] (px4_msgs) StdoutLine: {'line': b'-- Up-to-date: /home/nicolas/ws_ros2/install/px4_msgs/include/px4_msgs/px4_msgs/msg/detail/vehicle_optical_flow_vel__functions.c\n'}
[0.761662] (px4_msgs) StdoutLine: {'line': b'-- Up-to-date: /home/nicolas/ws_ros2/install/px4_msgs/include/px4_msgs/px4_msgs/msg/detail/position_controller_status__type_support.h\n'}
[0.761698] (px4_msgs) StdoutLine: {'line': b'-- Up-to-date: /home/nicolas/ws_ros2/install/px4_msgs/include/px4_msgs/px4_msgs/msg/detail/airspeed_wind__functions.c\n'}
[0.761733] (px4_msgs) StdoutLine: {'line': b'-- Up-to-date: /home/nicolas/ws_ros2/install/px4_msgs/include/px4_msgs/px4_msgs/msg/detail/rover_attitude_setpoint__type_support.h\n'}
[0.761767] (px4_msgs) StdoutLine: {'line': b'-- Up-to-date: /home/nicolas/ws_ros2/install/px4_msgs/include/px4_msgs/px4_msgs/msg/detail/gimbal_manager_set_attitude__functions.h\n'}
[0.761816] (px4_msgs) StdoutLine: {'line': b'-- Up-to-date: /home/nicolas/ws_ros2/install/px4_msgs/include/px4_msgs/px4_msgs/msg/detail/sensor_accel__functions.c\n'}
[0.761853] (px4_msgs) StdoutLine: {'line': b'-- Up-to-date: /home/nicolas/ws_ros2/install/px4_msgs/include/px4_msgs/px4_msgs/msg/detail/vehicle_attitude__type_support.h\n'}
[0.761890] (px4_msgs) StdoutLine: {'line': b'-- Up-to-date: /home/nicolas/ws_ros2/install/px4_msgs/include/px4_msgs/px4_msgs/msg/detail/sensor_hygrometer__struct.h\n'}
[0.761927] (px4_msgs) StdoutLine: {'line': b'-- Up-to-date: /home/nicolas/ws_ros2/install/px4_msgs/include/px4_msgs/px4_msgs/msg/detail/qshell_retval__struct.h\n'}
[0.761963] (px4_msgs) StdoutLine: {'line': b'-- Up-to-date: /home/nicolas/ws_ros2/install/px4_msgs/include/px4_msgs/px4_msgs/msg/detail/input_rc__functions.h\n'}
[0.762000] (px4_msgs) StdoutLine: {'line': b'-- Up-to-date: /home/nicolas/ws_ros2/install/px4_msgs/include/px4_msgs/px4_msgs/msg/detail/estimator_aid_source2d__functions.h\n'}
[0.762036] (px4_msgs) StdoutLine: {'line': b'-- Up-to-date: /home/nicolas/ws_ros2/install/px4_msgs/include/px4_msgs/px4_msgs/msg/detail/navigator_status__functions.h\n'}
[0.762072] (px4_msgs) StdoutLine: {'line': b'-- Up-to-date: /home/nicolas/ws_ros2/install/px4_msgs/include/px4_msgs/px4_msgs/msg/detail/debug_value__functions.c\n'}
[0.762106] (px4_msgs) StdoutLine: {'line': b'-- Up-to-date: /home/nicolas/ws_ros2/install/px4_msgs/include/px4_msgs/px4_msgs/msg/detail/debug_vect__functions.h\n'}
[0.762143] (px4_msgs) StdoutLine: {'line': b'-- Up-to-date: /home/nicolas/ws_ros2/install/px4_msgs/include/px4_msgs/px4_msgs/msg/detail/geofence_status__functions.h\n'}
[0.762180] (px4_msgs) StdoutLine: {'line': b'-- Up-to-date: /home/nicolas/ws_ros2/install/px4_msgs/include/px4_msgs/px4_msgs/msg/detail/sensor_gyro_fifo__struct.h\n'}
[0.762240] (px4_msgs) StdoutLine: {'line': b'-- Up-to-date: /home/nicolas/ws_ros2/install/px4_msgs/include/px4_msgs/px4_msgs/msg/detail/landing_gear__functions.h\n'}
[0.762277] (px4_msgs) StdoutLine: {'line': b'-- Up-to-date: /home/nicolas/ws_ros2/install/px4_msgs/include/px4_msgs/px4_msgs/msg/detail/adc_report__struct.h\n'}
[0.762312] (px4_msgs) StdoutLine: {'line': b'-- Up-to-date: /home/nicolas/ws_ros2/install/px4_msgs/include/px4_msgs/px4_msgs/msg/detail/gimbal_device_attitude_status__functions.h\n'}
[0.762347] (px4_msgs) StdoutLine: {'line': b'-- Up-to-date: /home/nicolas/ws_ros2/install/px4_msgs/include/px4_msgs/px4_msgs/msg/detail/uavcan_parameter_request__functions.c\n'}
[0.762381] (px4_msgs) StdoutLine: {'line': b'-- Up-to-date: /home/nicolas/ws_ros2/install/px4_msgs/include/px4_msgs/px4_msgs/msg/detail/camera_status__type_support.h\n'}
[0.762415] (px4_msgs) StdoutLine: {'line': b'-- Up-to-date: /home/nicolas/ws_ros2/install/px4_msgs/include/px4_msgs/px4_msgs/msg/detail/actuator_servos_trim__functions.c\n'}
[0.762453] (px4_msgs) StdoutLine: {'line': b'-- Up-to-date: /home/nicolas/ws_ros2/install/px4_msgs/include/px4_msgs/px4_msgs/msg/detail/uavcan_parameter_value__type_support.h\n'}
[0.762491] (px4_msgs) StdoutLine: {'line': b'-- Up-to-date: /home/nicolas/ws_ros2/install/px4_msgs/include/px4_msgs/px4_msgs/msg/detail/vehicle_optical_flow_vel__struct.h\n'}
[0.762577] (px4_msgs) StdoutLine: {'line': b'-- Up-to-date: /home/nicolas/ws_ros2/install/px4_msgs/include/px4_msgs/px4_msgs/msg/detail/sensor_accel_fifo__functions.c\n'}
[0.762613] (px4_msgs) StdoutLine: {'line': b'-- Up-to-date: /home/nicolas/ws_ros2/install/px4_msgs/include/px4_msgs/px4_msgs/msg/detail/dronecan_node_status__functions.h\n'}
[0.762649] (px4_msgs) StdoutLine: {'line': b'-- Up-to-date: /home/nicolas/ws_ros2/install/px4_msgs/include/px4_msgs/px4_msgs/msg/detail/figure_eight_status__type_support.h\n'}
[0.762686] (px4_msgs) StdoutLine: {'line': b'-- Up-to-date: /home/nicolas/ws_ros2/install/px4_msgs/include/px4_msgs/px4_msgs/msg/detail/heater_status__struct.h\n'}
[0.762723] (px4_msgs) StdoutLine: {'line': b'-- Up-to-date: /home/nicolas/ws_ros2/install/px4_msgs/include/px4_msgs/px4_msgs/msg/detail/neural_control__struct.h\n'}
[0.762809] (px4_msgs) StdoutLine: {'line': b'-- Up-to-date: /home/nicolas/ws_ros2/install/px4_msgs/include/px4_msgs/px4_msgs/msg/detail/manual_control_setpoint__struct.h\n'}
[0.762846] (px4_msgs) StdoutLine: {'line': b'-- Up-to-date: /home/nicolas/ws_ros2/install/px4_msgs/include/px4_msgs/px4_msgs/msg/detail/dataman_request__functions.h\n'}
[0.762882] (px4_msgs) StdoutLine: {'line': b'-- Up-to-date: /home/nicolas/ws_ros2/install/px4_msgs/include/px4_msgs/px4_msgs/msg/detail/wind__type_support.h\n'}
[0.762917] (px4_msgs) StdoutLine: {'line': b'-- Up-to-date: /home/nicolas/ws_ros2/install/px4_msgs/include/px4_msgs/px4_msgs/msg/detail/pps_capture__functions.c\n'}
[0.762951] (px4_msgs) StdoutLine: {'line': b'-- Up-to-date: /home/nicolas/ws_ros2/install/px4_msgs/include/px4_msgs/px4_msgs/msg/detail/rc_channels__struct.h\n'}
[0.763093] (px4_msgs) StdoutLine: {'line': b'-- Up-to-date: /home/nicolas/ws_ros2/install/px4_msgs/include/px4_msgs/px4_msgs/msg/detail/vehicle_odometry__type_support.h\n'}
[0.763129] (px4_msgs) StdoutLine: {'line': b'-- Up-to-date: /home/nicolas/ws_ros2/install/px4_msgs/include/px4_msgs/px4_msgs/msg/detail/estimator_status__struct.h\n'}
[0.763164] (px4_msgs) StdoutLine: {'line': b'-- Up-to-date: /home/nicolas/ws_ros2/install/px4_msgs/include/px4_msgs/px4_msgs/msg/detail/dronecan_node_status__type_support.h\n'}
[0.763199] (px4_msgs) StdoutLine: {'line': b'-- Up-to-date: /home/nicolas/ws_ros2/install/px4_msgs/include/px4_msgs/px4_msgs/msg/detail/gpio_request__type_support.h\n'}
[0.763236] (px4_msgs) StdoutLine: {'line': b'-- Up-to-date: /home/nicolas/ws_ros2/install/px4_msgs/include/px4_msgs/px4_msgs/msg/detail/vehicle_attitude__functions.h\n'}
[0.763272] (px4_msgs) StdoutLine: {'line': b'-- Up-to-date: /home/nicolas/ws_ros2/install/px4_msgs/include/px4_msgs/px4_msgs/msg/detail/offboard_control_mode__functions.h\n'}
[0.763307] (px4_msgs) StdoutLine: {'line': b'-- Up-to-date: /home/nicolas/ws_ros2/install/px4_msgs/include/px4_msgs/px4_msgs/msg/detail/trajectory_setpoint__type_support.h\n'}
[0.763342] (px4_msgs) StdoutLine: {'line': b'-- Up-to-date: /home/nicolas/ws_ros2/install/px4_msgs/include/px4_msgs/px4_msgs/msg/detail/satellite_info__type_support.h\n'}
[0.763376] (px4_msgs) StdoutLine: {'line': b'-- Up-to-date: /home/nicolas/ws_ros2/install/px4_msgs/include/px4_msgs/px4_msgs/msg/detail/telemetry_status__struct.h\n'}
[0.763410] (px4_msgs) StdoutLine: {'line': b'-- Up-to-date: /home/nicolas/ws_ros2/install/px4_msgs/include/px4_msgs/px4_msgs/msg/detail/geofence_result__functions.c\n'}
[0.763444] (px4_msgs) StdoutLine: {'line': b'-- Up-to-date: /home/nicolas/ws_ros2/install/px4_msgs/include/px4_msgs/px4_msgs/msg/detail/ping__struct.h\n'}
[0.763557] (px4_msgs) StdoutLine: {'line': b'-- Up-to-date: /home/nicolas/ws_ros2/install/px4_msgs/include/px4_msgs/px4_msgs/msg/detail/position_setpoint__functions.c\n'}
[0.763594] (px4_msgs) StdoutLine: {'line': b'-- Up-to-date: /home/nicolas/ws_ros2/install/px4_msgs/include/px4_msgs/px4_msgs/msg/detail/rover_speed_status__type_support.h\n'}
[0.763630] (px4_msgs) StdoutLine: {'line': b'-- Up-to-date: /home/nicolas/ws_ros2/install/px4_msgs/include/px4_msgs/px4_msgs/msg/detail/log_message__type_support.h\n'}
[0.763694] (px4_msgs) StdoutLine: {'line': b'-- Up-to-date: /home/nicolas/ws_ros2/install/px4_msgs/include/px4_msgs/px4_msgs/msg/detail/vehicle_attitude_setpoint__functions.c\n'}
[0.763728] (px4_msgs) StdoutLine: {'line': b'-- Up-to-date: /home/nicolas/ws_ros2/install/px4_msgs/include/px4_msgs/px4_msgs/msg/detail/sensor_baro__type_support.h\n'}
[0.763763] (px4_msgs) StdoutLine: {'line': b'-- Up-to-date: /home/nicolas/ws_ros2/install/px4_msgs/include/px4_msgs/px4_msgs/msg/detail/manual_control_setpoint__functions.c\n'}
[0.763796] (px4_msgs) StdoutLine: {'line': b'-- Up-to-date: /home/nicolas/ws_ros2/install/px4_msgs/include/px4_msgs/px4_msgs/msg/detail/internal_combustion_engine_control__type_support.h\n'}
[0.763831] (px4_msgs) StdoutLine: {'line': b'-- Up-to-date: /home/nicolas/ws_ros2/install/px4_msgs/include/px4_msgs/px4_msgs/msg/detail/gimbal_device_attitude_status__functions.c\n'}
[0.763896] (px4_msgs) StdoutLine: {'line': b'-- Up-to-date: /home/nicolas/ws_ros2/install/px4_msgs/include/px4_msgs/px4_msgs/msg/detail/pure_pursuit_status__functions.c\n'}
[0.763933] (px4_msgs) StdoutLine: {'line': b'-- Up-to-date: /home/nicolas/ws_ros2/install/px4_msgs/include/px4_msgs/px4_msgs/msg/detail/rc_channels__type_support.h\n'}
[0.764007] (px4_msgs) StdoutLine: {'line': b'-- Up-to-date: /home/nicolas/ws_ros2/install/px4_msgs/include/px4_msgs/px4_msgs/msg/detail/actuator_servos_trim__type_support.h\n'}
[0.764043] (px4_msgs) StdoutLine: {'line': b'-- Up-to-date: /home/nicolas/ws_ros2/install/px4_msgs/include/px4_msgs/px4_msgs/msg/detail/iridiumsbd_status__type_support.h\n'}
[0.764078] (px4_msgs) StdoutLine: {'line': b'-- Up-to-date: /home/nicolas/ws_ros2/install/px4_msgs/include/px4_msgs/px4_msgs/msg/detail/actuator_outputs__functions.h\n'}
[0.764112] (px4_msgs) StdoutLine: {'line': b'-- Up-to-date: /home/nicolas/ws_ros2/install/px4_msgs/include/px4_msgs/px4_msgs/msg/detail/mission__type_support.h\n'}
[0.764145] (px4_msgs) StdoutLine: {'line': b'-- Up-to-date: /home/nicolas/ws_ros2/install/px4_msgs/include/px4_msgs/px4_msgs/msg/detail/sensor_gnss_relative__struct.h\n'}
[0.764179] (px4_msgs) StdoutLine: {'line': b'-- Up-to-date: /home/nicolas/ws_ros2/install/px4_msgs/include/px4_msgs/px4_msgs/msg/detail/internal_combustion_engine_control__functions.c\n'}
[0.764213] (px4_msgs) StdoutLine: {'line': b'-- Up-to-date: /home/nicolas/ws_ros2/install/px4_msgs/include/px4_msgs/px4_msgs/msg/detail/tune_control__functions.h\n'}
[0.764248] (px4_msgs) StdoutLine: {'line': b'-- Up-to-date: /home/nicolas/ws_ros2/install/px4_msgs/include/px4_msgs/px4_msgs/msg/detail/radio_status__struct.h\n'}
[0.764282] (px4_msgs) StdoutLine: {'line': b'-- Up-to-date: /home/nicolas/ws_ros2/install/px4_msgs/include/px4_msgs/px4_msgs/msg/detail/vehicle_torque_setpoint__functions.c\n'}
[0.764316] (px4_msgs) StdoutLine: {'line': b'-- Up-to-date: /home/nicolas/ws_ros2/install/px4_msgs/include/px4_msgs/px4_msgs/msg/detail/rtl_status__struct.h\n'}
[0.764350] (px4_msgs) StdoutLine: {'line': b'-- Up-to-date: /home/nicolas/ws_ros2/install/px4_msgs/include/px4_msgs/px4_msgs/msg/detail/dataman_request__type_support.h\n'}
[0.764384] (px4_msgs) StdoutLine: {'line': b'-- Up-to-date: /home/nicolas/ws_ros2/install/px4_msgs/include/px4_msgs/px4_msgs/msg/detail/collision_constraints__functions.h\n'}
[0.764500] (px4_msgs) StdoutLine: {'line': b'-- Up-to-date: /home/nicolas/ws_ros2/install/px4_msgs/include/px4_msgs/px4_msgs/msg/detail/takeoff_status__type_support.h\n'}
[0.764540] (px4_msgs) StdoutLine: {'line': b'-- Up-to-date: /home/nicolas/ws_ros2/install/px4_msgs/include/px4_msgs/px4_msgs/msg/detail/vehicle_torque_setpoint__type_support.h\n'}
[0.764576] (px4_msgs) StdoutLine: {'line': b'-- Up-to-date: /home/nicolas/ws_ros2/install/px4_msgs/include/px4_msgs/px4_msgs/msg/detail/cpuload__functions.h\n'}
[0.764611] (px4_msgs) StdoutLine: {'line': b'-- Up-to-date: /home/nicolas/ws_ros2/install/px4_msgs/include/px4_msgs/px4_msgs/msg/detail/trajectory_setpoint6dof__struct.h\n'}
[0.764646] (px4_msgs) StdoutLine: {'line': b'-- Up-to-date: /home/nicolas/ws_ros2/install/px4_msgs/include/px4_msgs/px4_msgs/msg/detail/gimbal_controls__functions.c\n'}
[0.764680] (px4_msgs) StdoutLine: {'line': b'-- Up-to-date: /home/nicolas/ws_ros2/install/px4_msgs/include/px4_msgs/px4_msgs/msg/detail/flight_phase_estimation__functions.c\n'}
[0.764712] (px4_msgs) StdoutLine: {'line': b'-- Up-to-date: /home/nicolas/ws_ros2/install/px4_msgs/include/px4_msgs/px4_msgs/msg/detail/rover_attitude_setpoint__functions.c\n'}
[0.764745] (px4_msgs) StdoutLine: {'line': b'-- Up-to-date: /home/nicolas/ws_ros2/install/px4_msgs/include/px4_msgs/px4_msgs/msg/detail/vehicle_status__type_support.h\n'}
[0.764778] (px4_msgs) StdoutLine: {'line': b'-- Up-to-date: /home/nicolas/ws_ros2/install/px4_msgs/include/px4_msgs/px4_msgs/msg/detail/landing_gear__functions.c\n'}
[0.764811] (px4_msgs) StdoutLine: {'line': b'-- Up-to-date: /home/nicolas/ws_ros2/install/px4_msgs/include/px4_msgs/px4_msgs/msg/detail/vehicle_optical_flow_vel__type_support.h\n'}
[0.764882] (px4_msgs) StdoutLine: {'line': b'-- Up-to-date: /home/nicolas/ws_ros2/install/px4_msgs/include/px4_msgs/px4_msgs/msg/detail/follow_target__struct.h\n'}
[0.764919] (px4_msgs) StdoutLine: {'line': b'-- Up-to-date: /home/nicolas/ws_ros2/install/px4_msgs/include/px4_msgs/px4_msgs/msg/detail/sensor_gps__struct.h\n'}
[0.764955] (px4_msgs) StdoutLine: {'line': b'-- Up-to-date: /home/nicolas/ws_ros2/install/px4_msgs/include/px4_msgs/px4_msgs/msg/detail/radio_status__functions.c\n'}
[0.764992] (px4_msgs) StdoutLine: {'line': b'-- Up-to-date: /home/nicolas/ws_ros2/install/px4_msgs/include/px4_msgs/px4_msgs/msg/detail/cpuload__struct.h\n'}
[0.765027] (px4_msgs) StdoutLine: {'line': b'-- Up-to-date: /home/nicolas/ws_ros2/install/px4_msgs/include/px4_msgs/px4_msgs/msg/detail/vtol_vehicle_status__type_support.h\n'}
[0.765061] (px4_msgs) StdoutLine: {'line': b'-- Up-to-date: /home/nicolas/ws_ros2/install/px4_msgs/include/px4_msgs/px4_msgs/msg/detail/autotune_attitude_control_status__functions.c\n'}
[0.765095] (px4_msgs) StdoutLine: {'line': b'-- Up-to-date: /home/nicolas/ws_ros2/install/px4_msgs/include/px4_msgs/px4_msgs/msg/detail/sensor_gnss_relative__functions.c\n'}
[0.765129] (px4_msgs) StdoutLine: {'line': b'-- Up-to-date: /home/nicolas/ws_ros2/install/px4_msgs/include/px4_msgs/px4_msgs/msg/detail/fixed_wing_longitudinal_setpoint__type_support.h\n'}
[0.765164] (px4_msgs) StdoutLine: {'line': b'-- Up-to-date: /home/nicolas/ws_ros2/install/px4_msgs/include/px4_msgs/px4_msgs/msg/detail/sensor_accel__struct.h\n'}
[0.765249] (px4_msgs) StdoutLine: {'line': b'-- Up-to-date: /home/nicolas/ws_ros2/install/px4_msgs/include/px4_msgs/px4_msgs/msg/detail/internal_combustion_engine_status__struct.h\n'}
[0.765285] (px4_msgs) StdoutLine: {'line': b'-- Up-to-date: /home/nicolas/ws_ros2/install/px4_msgs/include/px4_msgs/px4_msgs/msg/detail/fixed_wing_runway_control__struct.h\n'}
[0.765319] (px4_msgs) StdoutLine: {'line': b'-- Up-to-date: /home/nicolas/ws_ros2/install/px4_msgs/include/px4_msgs/px4_msgs/msg/detail/magnetometer_bias_estimate__type_support.h\n'}
[0.765354] (px4_msgs) StdoutLine: {'line': b'-- Up-to-date: /home/nicolas/ws_ros2/install/px4_msgs/include/px4_msgs/px4_msgs/msg/detail/rover_rate_status__type_support.h\n'}
[0.765387] (px4_msgs) StdoutLine: {'line': b'-- Up-to-date: /home/nicolas/ws_ros2/install/px4_msgs/include/px4_msgs/px4_msgs/msg/detail/yaw_estimator_status__functions.h\n'}
[0.765421] (px4_msgs) StdoutLine: {'line': b'-- Up-to-date: /home/nicolas/ws_ros2/install/px4_msgs/include/px4_msgs/px4_msgs/msg/detail/landing_gear_wheel__functions.h\n'}
[0.765461] (px4_msgs) StdoutLine: {'line': b'-- Up-to-date: /home/nicolas/ws_ros2/install/px4_msgs/include/px4_msgs/px4_msgs/msg/detail/event__functions.c\n'}
[0.765499] (px4_msgs) StdoutLine: {'line': b'-- Up-to-date: /home/nicolas/ws_ros2/install/px4_msgs/include/px4_msgs/px4_msgs/msg/detail/logger_status__struct.h\n'}
[0.765533] (px4_msgs) StdoutLine: {'line': b'-- Up-to-date: /home/nicolas/ws_ros2/install/px4_msgs/include/px4_msgs/px4_msgs/msg/detail/sensor_baro__functions.h\n'}
[0.765567] (px4_msgs) StdoutLine: {'line': b'-- Up-to-date: /home/nicolas/ws_ros2/install/px4_msgs/include/px4_msgs/px4_msgs/msg/detail/camera_status__struct.h\n'}
[0.765670] (px4_msgs) StdoutLine: {'line': b'-- Up-to-date: /home/nicolas/ws_ros2/install/px4_msgs/include/px4_msgs/px4_msgs/msg/gpio_in.h\n'}
[0.765706] (px4_msgs) StdoutLine: {'line': b'-- Up-to-date: /home/nicolas/ws_ros2/install/px4_msgs/include/px4_msgs/px4_msgs/msg/internal_combustion_engine_status.h\n'}
[0.765740] (px4_msgs) StdoutLine: {'line': b'-- Up-to-date: /home/nicolas/ws_ros2/install/px4_msgs/include/px4_msgs/px4_msgs/msg/normalized_unsigned_setpoint.h\n'}
[0.765774] (px4_msgs) StdoutLine: {'line': b'-- Up-to-date: /home/nicolas/ws_ros2/install/px4_msgs/include/px4_msgs/px4_msgs/msg/vehicle_air_data.h\n'}
[0.765809] (px4_msgs) StdoutLine: {'line': b'-- Up-to-date: /home/nicolas/ws_ros2/install/px4_msgs/include/px4_msgs/px4_msgs/msg/sensor_gyro.h\n'}
[0.765964] (px4_msgs) StdoutLine: {'line': b'-- Up-to-date: /home/nicolas/ws_ros2/install/px4_msgs/include/px4_msgs/px4_msgs/msg/rc_channels.h\n'}
[0.766000] (px4_msgs) StdoutLine: {'line': b'-- Up-to-date: /home/nicolas/ws_ros2/install/px4_msgs/include/px4_msgs/px4_msgs/msg/rover_rate_setpoint.h\n'}
[0.766036] (px4_msgs) StdoutLine: {'line': b'-- Up-to-date: /home/nicolas/ws_ros2/install/px4_msgs/include/px4_msgs/px4_msgs/msg/failure_detector_status.h\n'}
[0.766070] (px4_msgs) StdoutLine: {'line': b'-- Up-to-date: /home/nicolas/ws_ros2/install/px4_msgs/include/px4_msgs/px4_msgs/msg/vehicle_command_ack.h\n'}
[0.766105] (px4_msgs) StdoutLine: {'line': b'-- Up-to-date: /home/nicolas/ws_ros2/install/px4_msgs/include/px4_msgs/px4_msgs/msg/adc_report.h\n'}
[0.766138] (px4_msgs) StdoutLine: {'line': b'-- Up-to-date: /home/nicolas/ws_ros2/install/px4_msgs/include/px4_msgs/px4_msgs/msg/vehicle_local_position_setpoint.h\n'}
[0.766172] (px4_msgs) StdoutLine: {'line': b'-- Up-to-date: /home/nicolas/ws_ros2/install/px4_msgs/include/px4_msgs/px4_msgs/msg/estimator_selector_status.h\n'}
[0.766205] (px4_msgs) StdoutLine: {'line': b'-- Up-to-date: /home/nicolas/ws_ros2/install/px4_msgs/include/px4_msgs/px4_msgs/msg/irlock_report.h\n'}
[0.766238] (px4_msgs) StdoutLine: {'line': b'-- Up-to-date: /home/nicolas/ws_ros2/install/px4_msgs/include/px4_msgs/px4_msgs/msg/obstacle_distance.h\n'}
[0.766271] (px4_msgs) StdoutLine: {'line': b'-- Up-to-date: /home/nicolas/ws_ros2/install/px4_msgs/include/px4_msgs/px4_msgs/msg/vehicle_rates_setpoint.h\n'}
[0.766306] (px4_msgs) StdoutLine: {'line': b'-- Up-to-date: /home/nicolas/ws_ros2/install/px4_msgs/include/px4_msgs/px4_msgs/msg/airspeed_wind.h\n'}
[0.766352] (px4_msgs) StdoutLine: {'line': b'-- Up-to-date: /home/nicolas/ws_ros2/install/px4_msgs/include/px4_msgs/px4_msgs/msg/uavcan_parameter_request.h\n'}
[0.766386] (px4_msgs) StdoutLine: {'line': b'-- Up-to-date: /home/nicolas/ws_ros2/install/px4_msgs/include/px4_msgs/px4_msgs/msg/rover_attitude_status.h\n'}
[0.766420] (px4_msgs) StdoutLine: {'line': b'-- Up-to-date: /home/nicolas/ws_ros2/install/px4_msgs/include/px4_msgs/px4_msgs/msg/geofence_result.h\n'}
[0.766459] (px4_msgs) StdoutLine: {'line': b'-- Up-to-date: /home/nicolas/ws_ros2/install/px4_msgs/include/px4_msgs/px4_msgs/msg/actuator_servos_trim.h\n'}
[0.766498] (px4_msgs) StdoutLine: {'line': b'-- Up-to-date: /home/nicolas/ws_ros2/install/px4_msgs/include/px4_msgs/px4_msgs/msg/vehicle_thrust_setpoint.h\n'}
[0.766534] (px4_msgs) StdoutLine: {'line': b'-- Up-to-date: /home/nicolas/ws_ros2/install/px4_msgs/include/px4_msgs/px4_msgs/msg/launch_detection_status.h\n'}
[0.766568] (px4_msgs) StdoutLine: {'line': b'-- Up-to-date: /home/nicolas/ws_ros2/install/px4_msgs/include/px4_msgs/px4_msgs/msg/landing_target_innovations.h\n'}
[0.766602] (px4_msgs) StdoutLine: {'line': b'-- Up-to-date: /home/nicolas/ws_ros2/install/px4_msgs/include/px4_msgs/px4_msgs/msg/rover_speed_status.h\n'}
[0.766686] (px4_msgs) StdoutLine: {'line': b'-- Up-to-date: /home/nicolas/ws_ros2/install/px4_msgs/include/px4_msgs/px4_msgs/msg/timesync_status.h\n'}
[0.766721] (px4_msgs) StdoutLine: {'line': b'-- Up-to-date: /home/nicolas/ws_ros2/install/px4_msgs/include/px4_msgs/px4_msgs/msg/health_report.h\n'}
[0.766755] (px4_msgs) StdoutLine: {'line': b'-- Up-to-date: /home/nicolas/ws_ros2/install/px4_msgs/include/px4_msgs/px4_msgs/msg/parameter_set_value_response.h\n'}
[0.766790] (px4_msgs) StdoutLine: {'line': b'-- Up-to-date: /home/nicolas/ws_ros2/install/px4_msgs/include/px4_msgs/px4_msgs/msg/rover_position_setpoint.h\n'}
[0.766824] (px4_msgs) StdoutLine: {'line': b'-- Up-to-date: /home/nicolas/ws_ros2/install/px4_msgs/include/px4_msgs/px4_msgs/msg/vehicle_status.h\n'}
[0.766857] (px4_msgs) StdoutLine: {'line': b'-- Up-to-date: /home/nicolas/ws_ros2/install/px4_msgs/include/px4_msgs/px4_msgs/msg/qshell_retval.h\n'}
[0.766891] (px4_msgs) StdoutLine: {'line': b'-- Up-to-date: /home/nicolas/ws_ros2/install/px4_msgs/include/px4_msgs/px4_msgs/msg/ping.h\n'}
[0.767020] (px4_msgs) StdoutLine: {'line': b'-- Up-to-date: /home/nicolas/ws_ros2/install/px4_msgs/include/px4_msgs/px4_msgs/msg/camera_trigger.h\n'}
[0.767057] (px4_msgs) StdoutLine: {'line': b'-- Up-to-date: /home/nicolas/ws_ros2/install/px4_msgs/include/px4_msgs/px4_msgs/msg/longitudinal_control_configuration.h\n'}
[0.767093] (px4_msgs) StdoutLine: {'line': b'-- Up-to-date: /home/nicolas/ws_ros2/install/px4_msgs/include/px4_msgs/px4_msgs/msg/figure_eight_status.h\n'}
[0.767127] (px4_msgs) StdoutLine: {'line': b'-- Up-to-date: /home/nicolas/ws_ros2/install/px4_msgs/include/px4_msgs/px4_msgs/msg/trajectory_setpoint6dof.h\n'}
[0.767162] (px4_msgs) StdoutLine: {'line': b'-- Up-to-date: /home/nicolas/ws_ros2/install/px4_msgs/include/px4_msgs/px4_msgs/msg/arming_check_request.h\n'}
[0.767196] (px4_msgs) StdoutLine: {'line': b'-- Up-to-date: /home/nicolas/ws_ros2/install/px4_msgs/include/px4_msgs/px4_msgs/msg/sensor_selection.h\n'}
[0.767232] (px4_msgs) StdoutLine: {'line': b'-- Up-to-date: /home/nicolas/ws_ros2/install/px4_msgs/include/px4_msgs/px4_msgs/msg/gimbal_device_information.h\n'}
[0.767265] (px4_msgs) StdoutLine: {'line': b'-- Up-to-date: /home/nicolas/ws_ros2/install/px4_msgs/include/px4_msgs/px4_msgs/msg/tecs_status.h\n'}
[0.767298] (px4_msgs) StdoutLine: {'line': b'-- Up-to-date: /home/nicolas/ws_ros2/install/px4_msgs/include/px4_msgs/px4_msgs/msg/position_controller_status.h\n'}
[0.767332] (px4_msgs) StdoutLine: {'line': b'-- Up-to-date: /home/nicolas/ws_ros2/install/px4_msgs/include/px4_msgs/px4_msgs/msg/takeoff_status.h\n'}
[0.767365] (px4_msgs) StdoutLine: {'line': b'-- Up-to-date: /home/nicolas/ws_ros2/install/px4_msgs/include/px4_msgs/px4_msgs/msg/gimbal_device_attitude_status.h\n'}
[0.767399] (px4_msgs) StdoutLine: {'line': b'-- Up-to-date: /home/nicolas/ws_ros2/install/px4_msgs/include/px4_msgs/px4_msgs/msg/vehicle_optical_flow_vel.h\n'}
[0.767432] (px4_msgs) StdoutLine: {'line': b'-- Up-to-date: /home/nicolas/ws_ros2/install/px4_msgs/include/px4_msgs/px4_msgs/msg/vehicle_magnetometer.h\n'}
[0.767529] (px4_msgs) StdoutLine: {'line': b'-- Up-to-date: /home/nicolas/ws_ros2/install/px4_msgs/include/px4_msgs/px4_msgs/msg/task_stack_info.h\n'}
[0.767563] (px4_msgs) StdoutLine: {'line': b'-- Up-to-date: /home/nicolas/ws_ros2/install/px4_msgs/include/px4_msgs/px4_msgs/msg/config_overrides.h\n'}
[0.767596] (px4_msgs) StdoutLine: {'line': b'-- Up-to-date: /home/nicolas/ws_ros2/install/px4_msgs/include/px4_msgs/px4_msgs/msg/rover_speed_setpoint.h\n'}
[0.767628] (px4_msgs) StdoutLine: {'line': b'-- Up-to-date: /home/nicolas/ws_ros2/install/px4_msgs/include/px4_msgs/px4_msgs/msg/tiltrotor_extra_controls.h\n'}
[0.767662] (px4_msgs) StdoutLine: {'line': b'-- Up-to-date: /home/nicolas/ws_ros2/install/px4_msgs/include/px4_msgs/px4_msgs/msg/vehicle_roi.h\n'}
[0.767706] (px4_msgs) StdoutLine: {'line': b'-- Up-to-date: /home/nicolas/ws_ros2/install/px4_msgs/include/px4_msgs/px4_msgs/msg/actuator_servos.h\n'}
[0.767738] (px4_msgs) StdoutLine: {'line': b'-- Up-to-date: /home/nicolas/ws_ros2/install/px4_msgs/include/px4_msgs/px4_msgs/msg/button_event.h\n'}
[0.767771] (px4_msgs) StdoutLine: {'line': b'-- Up-to-date: /home/nicolas/ws_ros2/install/px4_msgs/include/px4_msgs/px4_msgs/msg/gpio_config.h\n'}
[0.767803] (px4_msgs) StdoutLine: {'line': b'-- Up-to-date: /home/nicolas/ws_ros2/install/px4_msgs/include/px4_msgs/px4_msgs/msg/orb_test_large.h\n'}
[0.767834] (px4_msgs) StdoutLine: {'line': b'-- Up-to-date: /home/nicolas/ws_ros2/install/px4_msgs/include/px4_msgs/px4_msgs/msg/sensor_baro.h\n'}
[0.767866] (px4_msgs) StdoutLine: {'line': b'-- Up-to-date: /home/nicolas/ws_ros2/install/px4_msgs/include/px4_msgs/px4_msgs/msg/satellite_info.h\n'}
[0.767897] (px4_msgs) StdoutLine: {'line': b'-- Up-to-date: /home/nicolas/ws_ros2/install/px4_msgs/include/px4_msgs/px4_msgs/msg/estimator_bias.h\n'}
[0.767927] (px4_msgs) StdoutLine: {'line': b'-- Up-to-date: /home/nicolas/ws_ros2/install/px4_msgs/include/px4_msgs/px4_msgs/msg/open_drone_id_system.h\n'}
[0.767958] (px4_msgs) StdoutLine: {'line': b'-- Up-to-date: /home/nicolas/ws_ros2/install/px4_msgs/include/px4_msgs/px4_msgs/msg/register_ext_component_reply.h\n'}
[0.767993] (px4_msgs) StdoutLine: {'line': b'-- Up-to-date: /home/nicolas/ws_ros2/install/px4_msgs/include/px4_msgs/px4_msgs/msg/rosidl_generator_c__visibility_control.h\n'}
[0.768025] (px4_msgs) StdoutLine: {'line': b'-- Up-to-date: /home/nicolas/ws_ros2/install/px4_msgs/include/px4_msgs/px4_msgs/msg/fixed_wing_runway_control.h\n'}
[0.768059] (px4_msgs) StdoutLine: {'line': b'-- Up-to-date: /home/nicolas/ws_ros2/install/px4_msgs/include/px4_msgs/px4_msgs/msg/sensor_airflow.h\n'}
[0.768092] (px4_msgs) StdoutLine: {'line': b'-- Up-to-date: /home/nicolas/ws_ros2/install/px4_msgs/include/px4_msgs/px4_msgs/msg/sensor_preflight_mag.h\n'}
[0.768126] (px4_msgs) StdoutLine: {'line': b'-- Up-to-date: /home/nicolas/ws_ros2/install/px4_msgs/include/px4_msgs/px4_msgs/msg/estimator_states.h\n'}
[0.768160] (px4_msgs) StdoutLine: {'line': b'-- Up-to-date: /home/nicolas/ws_ros2/install/px4_msgs/include/px4_msgs/px4_msgs/msg/autotune_attitude_control_status.h\n'}
[0.768195] (px4_msgs) StdoutLine: {'line': b'-- Up-to-date: /home/nicolas/ws_ros2/install/px4_msgs/include/px4_msgs/px4_msgs/msg/uavcan_parameter_value.h\n'}
[0.768228] (px4_msgs) StdoutLine: {'line': b'-- Up-to-date: /home/nicolas/ws_ros2/install/px4_msgs/include/px4_msgs/px4_msgs/msg/vehicle_angular_velocity.h\n'}
[0.768261] (px4_msgs) StdoutLine: {'line': b'-- Up-to-date: /home/nicolas/ws_ros2/install/px4_msgs/include/px4_msgs/px4_msgs/msg/sensor_accel_fifo.h\n'}
[0.768295] (px4_msgs) StdoutLine: {'line': b'-- Up-to-date: /home/nicolas/ws_ros2/install/px4_msgs/include/px4_msgs/px4_msgs/msg/navigator_mission_item.h\n'}
[0.768328] (px4_msgs) StdoutLine: {'line': b'-- Up-to-date: /home/nicolas/ws_ros2/install/px4_msgs/include/px4_msgs/px4_msgs/msg/rover_attitude_setpoint.h\n'}
[0.768369] (px4_msgs) StdoutLine: {'line': b'-- Up-to-date: /home/nicolas/ws_ros2/install/px4_msgs/include/px4_msgs/px4_msgs/msg/estimator_bias3d.h\n'}
[0.768403] (px4_msgs) StdoutLine: {'line': b'-- Up-to-date: /home/nicolas/ws_ros2/install/px4_msgs/include/px4_msgs/px4_msgs/msg/logger_status.h\n'}
[0.768437] (px4_msgs) StdoutLine: {'line': b'-- Up-to-date: /home/nicolas/ws_ros2/install/px4_msgs/include/px4_msgs/px4_msgs/msg/estimator_aid_source2d.h\n'}
[0.768477] (px4_msgs) StdoutLine: {'line': b'-- Up-to-date: /home/nicolas/ws_ros2/install/px4_msgs/include/px4_msgs/px4_msgs/msg/cpuload.h\n'}
[0.768511] (px4_msgs) StdoutLine: {'line': b'-- Up-to-date: /home/nicolas/ws_ros2/install/px4_msgs/include/px4_msgs/px4_msgs/msg/sensor_gps.h\n'}
[0.768545] (px4_msgs) StdoutLine: {'line': b'-- Up-to-date: /home/nicolas/ws_ros2/install/px4_msgs/include/px4_msgs/px4_msgs/msg/trajectory_setpoint.h\n'}
[0.768579] (px4_msgs) StdoutLine: {'line': b'-- Up-to-date: /home/nicolas/ws_ros2/install/px4_msgs/include/px4_msgs/px4_msgs/msg/follow_target_estimator.h\n'}
[0.768613] (px4_msgs) StdoutLine: {'line': b'-- Up-to-date: /home/nicolas/ws_ros2/install/px4_msgs/include/px4_msgs/px4_msgs/msg/estimator_innovations.h\n'}
[0.768646] (px4_msgs) StdoutLine: {'line': b'-- Up-to-date: /home/nicolas/ws_ros2/install/px4_msgs/include/px4_msgs/px4_msgs/msg/debug_vect.h\n'}
[0.768679] (px4_msgs) StdoutLine: {'line': b'-- Up-to-date: /home/nicolas/ws_ros2/install/px4_msgs/include/px4_msgs/px4_msgs/msg/pure_pursuit_status.h\n'}
[0.768712] (px4_msgs) StdoutLine: {'line': b'-- Up-to-date: /home/nicolas/ws_ros2/install/px4_msgs/include/px4_msgs/px4_msgs/msg/estimator_event_flags.h\n'}
[0.768766] (px4_msgs) StdoutLine: {'line': b'-- Up-to-date: /home/nicolas/ws_ros2/install/px4_msgs/include/px4_msgs/px4_msgs/msg/sensor_gyro_fifo.h\n'}
[0.768799] (px4_msgs) StdoutLine: {'line': b'-- Up-to-date: /home/nicolas/ws_ros2/install/px4_msgs/include/px4_msgs/px4_msgs/msg/parameter_set_value_request.h\n'}
[0.768832] (px4_msgs) StdoutLine: {'line': b'-- Up-to-date: /home/nicolas/ws_ros2/install/px4_msgs/include/px4_msgs/px4_msgs/msg/rpm.h\n'}
[0.768881] (px4_msgs) StdoutLine: {'line': b'-- Up-to-date: /home/nicolas/ws_ros2/install/px4_msgs/include/px4_msgs/px4_msgs/msg/fixed_wing_lateral_setpoint.h\n'}
[0.768918] (px4_msgs) StdoutLine: {'line': b'-- Up-to-date: /home/nicolas/ws_ros2/install/px4_msgs/include/px4_msgs/px4_msgs/msg/geofence_status.h\n'}
[0.768954] (px4_msgs) StdoutLine: {'line': b'-- Up-to-date: /home/nicolas/ws_ros2/install/px4_msgs/include/px4_msgs/px4_msgs/msg/estimator_gps_status.h\n'}
[0.768989] (px4_msgs) StdoutLine: {'line': b'-- Up-to-date: /home/nicolas/ws_ros2/install/px4_msgs/include/px4_msgs/px4_msgs/msg/actuator_test.h\n'}
[0.769022] (px4_msgs) StdoutLine: {'line': b'-- Up-to-date: /home/nicolas/ws_ros2/install/px4_msgs/include/px4_msgs/px4_msgs/msg/landing_target_pose.h\n'}
[0.769056] (px4_msgs) StdoutLine: {'line': b'-- Up-to-date: /home/nicolas/ws_ros2/install/px4_msgs/include/px4_msgs/px4_msgs/msg/gripper.h\n'}
[0.769090] (px4_msgs) StdoutLine: {'line': b'-- Up-to-date: /home/nicolas/ws_ros2/install/px4_msgs/include/px4_msgs/px4_msgs/msg/gimbal_manager_set_attitude.h\n'}
[0.769124] (px4_msgs) StdoutLine: {'line': b'-- Up-to-date: /home/nicolas/ws_ros2/install/px4_msgs/include/px4_msgs/px4_msgs/msg/lateral_control_configuration.h\n'}
[0.769159] (px4_msgs) StdoutLine: {'line': b'-- Up-to-date: /home/nicolas/ws_ros2/install/px4_msgs/include/px4_msgs/px4_msgs/msg/transponder_report.h\n'}
[0.769192] (px4_msgs) StdoutLine: {'line': b'-- Up-to-date: /home/nicolas/ws_ros2/install/px4_msgs/include/px4_msgs/px4_msgs/msg/iridiumsbd_status.h\n'}
[0.769226] (px4_msgs) StdoutLine: {'line': b'-- Up-to-date: /home/nicolas/ws_ros2/install/px4_msgs/include/px4_msgs/px4_msgs/msg/tune_control.h\n'}
[0.769261] (px4_msgs) StdoutLine: {'line': b'-- Up-to-date: /home/nicolas/ws_ros2/install/px4_msgs/include/px4_msgs/px4_msgs/msg/velocity_limits.h\n'}
[0.769296] (px4_msgs) StdoutLine: {'line': b'-- Up-to-date: /home/nicolas/ws_ros2/install/px4_msgs/include/px4_msgs/px4_msgs/msg/internal_combustion_engine_control.h\n'}
[0.769403] (px4_msgs) StdoutLine: {'line': b'-- Up-to-date: /home/nicolas/ws_ros2/install/px4_msgs/include/px4_msgs/px4_msgs/msg/led_control.h\n'}
[0.769505] (px4_msgs) StdoutLine: {'line': b'-- Up-to-date: /home/nicolas/ws_ros2/install/px4_msgs/include/px4_msgs/px4_msgs/msg/vehicle_acceleration.h\n'}
[0.769544] (px4_msgs) StdoutLine: {'line': b'-- Up-to-date: /home/nicolas/ws_ros2/install/px4_msgs/include/px4_msgs/px4_msgs/msg/sensor_correction.h\n'}
[0.769579] (px4_msgs) StdoutLine: {'line': b'-- Up-to-date: /home/nicolas/ws_ros2/install/px4_msgs/include/px4_msgs/px4_msgs/msg/power_monitor.h\n'}
[0.769614] (px4_msgs) StdoutLine: {'line': b'-- Up-to-date: /home/nicolas/ws_ros2/install/px4_msgs/include/px4_msgs/px4_msgs/msg/vehicle_odometry.h\n'}
[0.769647] (px4_msgs) StdoutLine: {'line': b'-- Up-to-date: /home/nicolas/ws_ros2/install/px4_msgs/include/px4_msgs/px4_msgs/msg/esc_report.h\n'}
[0.769681] (px4_msgs) StdoutLine: {'line': b'-- Up-to-date: /home/nicolas/ws_ros2/install/px4_msgs/include/px4_msgs/px4_msgs/msg/log_message.h\n'}
[0.769714] (px4_msgs) StdoutLine: {'line': b'-- Up-to-date: /home/nicolas/ws_ros2/install/px4_msgs/include/px4_msgs/px4_msgs/msg/gimbal_controls.h\n'}
[0.769748] (px4_msgs) StdoutLine: {'line': b'-- Up-to-date: /home/nicolas/ws_ros2/install/px4_msgs/include/px4_msgs/px4_msgs/msg/failsafe_flags.h\n'}
[0.769781] (px4_msgs) StdoutLine: {'line': b'-- Up-to-date: /home/nicolas/ws_ros2/install/px4_msgs/include/px4_msgs/px4_msgs/msg/rtl_status.h\n'}
[0.769816] (px4_msgs) StdoutLine: {'line': b'-- Up-to-date: /home/nicolas/ws_ros2/install/px4_msgs/include/px4_msgs/px4_msgs/msg/sensor_combined.h\n'}
[0.769851] (px4_msgs) StdoutLine: {'line': b'-- Up-to-date: /home/nicolas/ws_ros2/install/px4_msgs/include/px4_msgs/px4_msgs/msg/magnetometer_bias_estimate.h\n'}
[0.769887] (px4_msgs) StdoutLine: {'line': b'-- Up-to-date: /home/nicolas/ws_ros2/install/px4_msgs/include/px4_msgs/px4_msgs/msg/action_request.h\n'}
[0.769922] (px4_msgs) StdoutLine: {'line': b'-- Up-to-date: /home/nicolas/ws_ros2/install/px4_msgs/include/px4_msgs/px4_msgs/msg/flight_phase_estimation.h\n'}
[0.769956] (px4_msgs) StdoutLine: {'line': b'-- Up-to-date: /home/nicolas/ws_ros2/install/px4_msgs/include/px4_msgs/px4_msgs/msg/open_drone_id_operator_id.h\n'}
[0.770003] (px4_msgs) StdoutLine: {'line': b'-- Up-to-date: /home/nicolas/ws_ros2/install/px4_msgs/include/px4_msgs/px4_msgs/msg/landing_gear_wheel.h\n'}
[0.770038] (px4_msgs) StdoutLine: {'line': b'-- Up-to-date: /home/nicolas/ws_ros2/install/px4_msgs/include/px4_msgs/px4_msgs/msg/orb_test_medium.h\n'}
[0.770126] (px4_msgs) StdoutLine: {'line': b'-- Up-to-date: /home/nicolas/ws_ros2/install/px4_msgs/include/px4_msgs/px4_msgs/msg/dronecan_node_status.h\n'}
[0.770169] (px4_msgs) StdoutLine: {'line': b'-- Up-to-date: /home/nicolas/ws_ros2/install/px4_msgs/include/px4_msgs/px4_msgs/msg/actuator_motors.h\n'}
[0.770203] (px4_msgs) StdoutLine: {'line': b'-- Up-to-date: /home/nicolas/ws_ros2/install/px4_msgs/include/px4_msgs/px4_msgs/msg/ulog_stream_ack.h\n'}
[0.770237] (px4_msgs) StdoutLine: {'line': b'-- Up-to-date: /home/nicolas/ws_ros2/install/px4_msgs/include/px4_msgs/px4_msgs/msg/gps_dump.h\n'}
[0.770271] (px4_msgs) StdoutLine: {'line': b'-- Up-to-date: /home/nicolas/ws_ros2/install/px4_msgs/include/px4_msgs/px4_msgs/msg/vehicle_local_position.h\n'}
[0.770304] (px4_msgs) StdoutLine: {'line': b'-- Up-to-date: /home/nicolas/ws_ros2/install/px4_msgs/include/px4_msgs/px4_msgs/msg/open_drone_id_self_id.h\n'}
[0.770338] (px4_msgs) StdoutLine: {'line': b'-- Up-to-date: /home/nicolas/ws_ros2/install/px4_msgs/include/px4_msgs/px4_msgs/msg/rtl_time_estimate.h\n'}
[0.770372] (px4_msgs) StdoutLine: {'line': b'-- Up-to-date: /home/nicolas/ws_ros2/install/px4_msgs/include/px4_msgs/px4_msgs/msg/open_drone_id_arm_status.h\n'}
[0.770405] (px4_msgs) StdoutLine: {'line': b'-- Up-to-date: /home/nicolas/ws_ros2/install/px4_msgs/include/px4_msgs/px4_msgs/msg/gimbal_manager_information.h\n'}
[0.770551] (px4_msgs) StdoutLine: {'line': b'-- Up-to-date: /home/nicolas/ws_ros2/install/px4_msgs/include/px4_msgs/px4_msgs/msg/event.h\n'}
[0.770590] (px4_msgs) StdoutLine: {'line': b'-- Up-to-date: /home/nicolas/ws_ros2/install/px4_msgs/include/px4_msgs/px4_msgs/msg/vehicle_attitude_setpoint.h\n'}
[0.770624] (px4_msgs) StdoutLine: {'line': b'-- Up-to-date: /home/nicolas/ws_ros2/install/px4_msgs/include/px4_msgs/px4_msgs/msg/camera_capture.h\n'}
[0.770658] (px4_msgs) StdoutLine: {'line': b'-- Up-to-date: /home/nicolas/ws_ros2/install/px4_msgs/include/px4_msgs/px4_msgs/msg/position_setpoint_triplet.h\n'}
[0.770692] (px4_msgs) StdoutLine: {'line': b'-- Up-to-date: /home/nicolas/ws_ros2/install/px4_msgs/include/px4_msgs/px4_msgs/msg/estimator_aid_source3d.h\n'}
[0.770725] (px4_msgs) StdoutLine: {'line': b'-- Up-to-date: /home/nicolas/ws_ros2/install/px4_msgs/include/px4_msgs/px4_msgs/msg/differential_pressure.h\n'}
[0.770758] (px4_msgs) StdoutLine: {'line': b'-- Up-to-date: /home/nicolas/ws_ros2/install/px4_msgs/include/px4_msgs/px4_msgs/msg/collision_constraints.h\n'}
[0.770803] (px4_msgs) StdoutLine: {'line': b'-- Up-to-date: /home/nicolas/ws_ros2/install/px4_msgs/include/px4_msgs/px4_msgs/msg/camera_status.h\n'}
[0.770837] (px4_msgs) StdoutLine: {'line': b'-- Up-to-date: /home/nicolas/ws_ros2/install/px4_msgs/include/px4_msgs/px4_msgs/msg/parameter_update.h\n'}
[0.770870] (px4_msgs) StdoutLine: {'line': b'-- Up-to-date: /home/nicolas/ws_ros2/install/px4_msgs/include/px4_msgs/px4_msgs/msg/vehicle_command.h\n'}
[0.770944] (px4_msgs) StdoutLine: {'line': b'-- Up-to-date: /home/nicolas/ws_ros2/install/px4_msgs/include/px4_msgs/px4_msgs/msg/heater_status.h\n'}
[0.770979] (px4_msgs) StdoutLine: {'line': b'-- Up-to-date: /home/nicolas/ws_ros2/install/px4_msgs/include/px4_msgs/px4_msgs/msg/vehicle_imu_status.h\n'}
[0.771013] (px4_msgs) StdoutLine: {'line': b'-- Up-to-date: /home/nicolas/ws_ros2/install/px4_msgs/include/px4_msgs/px4_msgs/msg/estimator_status_flags.h\n'}
[0.771046] (px4_msgs) StdoutLine: {'line': b'-- Up-to-date: /home/nicolas/ws_ros2/install/px4_msgs/include/px4_msgs/px4_msgs/msg/fixed_wing_lateral_status.h\n'}
[0.771080] (px4_msgs) StdoutLine: {'line': b'-- Up-to-date: /home/nicolas/ws_ros2/install/px4_msgs/include/px4_msgs/px4_msgs/msg/yaw_estimator_status.h\n'}
[0.771114] (px4_msgs) StdoutLine: {'line': b'-- Up-to-date: /home/nicolas/ws_ros2/install/px4_msgs/include/px4_msgs/px4_msgs/msg/navigator_status.h\n'}
[0.771180] (px4_msgs) StdoutLine: {'line': b'-- Up-to-date: /home/nicolas/ws_ros2/install/px4_msgs/include/px4_msgs/px4_msgs/msg/vehicle_global_position.h\n'}
[0.771217] (px4_msgs) StdoutLine: {'line': b'-- Up-to-date: /home/nicolas/ws_ros2/install/px4_msgs/include/px4_msgs/px4_msgs/msg/estimator_sensor_bias.h\n'}
[0.771253] (px4_msgs) StdoutLine: {'line': b'-- Up-to-date: /home/nicolas/ws_ros2/install/px4_msgs/include/px4_msgs/px4_msgs/msg/sensors_status_imu.h\n'}
[0.771288] (px4_msgs) StdoutLine: {'line': b'-- Up-to-date: /home/nicolas/ws_ros2/install/px4_msgs/include/px4_msgs/px4_msgs/msg/message_format_request.h\n'}
[0.771323] (px4_msgs) StdoutLine: {'line': b'-- Up-to-date: /home/nicolas/ws_ros2/install/px4_msgs/include/px4_msgs/px4_msgs/msg/sensor_uwb.h\n'}
[0.771358] (px4_msgs) StdoutLine: {'line': b'-- Up-to-date: /home/nicolas/ws_ros2/install/px4_msgs/include/px4_msgs/px4_msgs/msg/register_ext_component_request.h\n'}
[0.771393] (px4_msgs) StdoutLine: {'line': b'-- Up-to-date: /home/nicolas/ws_ros2/install/px4_msgs/include/px4_msgs/px4_msgs/msg/airspeed_validated.h\n'}
[0.771474] (px4_msgs) StdoutLine: {'line': b'-- Up-to-date: /home/nicolas/ws_ros2/install/px4_msgs/include/px4_msgs/px4_msgs/msg/sensor_mag.h\n'}
[0.771510] (px4_msgs) StdoutLine: {'line': b'-- Up-to-date: /home/nicolas/ws_ros2/install/px4_msgs/include/px4_msgs/px4_msgs/msg/generator_status.h\n'}
[0.771545] (px4_msgs) StdoutLine: {'line': b'-- Up-to-date: /home/nicolas/ws_ros2/install/px4_msgs/include/px4_msgs/px4_msgs/msg/mode_completed.h\n'}
[0.771580] (px4_msgs) StdoutLine: {'line': b'-- Up-to-date: /home/nicolas/ws_ros2/install/px4_msgs/include/px4_msgs/px4_msgs/msg/wheel_encoders.h\n'}
[0.771614] (px4_msgs) StdoutLine: {'line': b'-- Up-to-date: /home/nicolas/ws_ros2/install/px4_msgs/include/px4_msgs/px4_msgs/msg/ekf2_timestamps.h\n'}
[0.771649] (px4_msgs) StdoutLine: {'line': b'-- Up-to-date: /home/nicolas/ws_ros2/install/px4_msgs/include/px4_msgs/px4_msgs/msg/arming_check_reply.h\n'}
[0.771683] (px4_msgs) StdoutLine: {'line': b'-- Up-to-date: /home/nicolas/ws_ros2/install/px4_msgs/include/px4_msgs/px4_msgs/msg/mavlink_tunnel.h\n'}
[0.771717] (px4_msgs) StdoutLine: {'line': b'-- Up-to-date: /home/nicolas/ws_ros2/install/px4_msgs/include/px4_msgs/px4_msgs/msg/hover_thrust_estimate.h\n'}
[0.771751] (px4_msgs) StdoutLine: {'line': b'-- Up-to-date: /home/nicolas/ws_ros2/install/px4_msgs/share/px4_msgs/environment/library_path.sh\n'}
[0.771785] (px4_msgs) StdoutLine: {'line': b'-- Up-to-date: /home/nicolas/ws_ros2/install/px4_msgs/share/px4_msgs/environment/library_path.dsv\n'}
[0.771819] (px4_msgs) StdoutLine: {'line': b'-- Up-to-date: /home/nicolas/ws_ros2/install/px4_msgs/lib/libpx4_msgs__rosidl_generator_c.so\n'}
[0.771854] (px4_msgs) StdoutLine: {'line': b'-- Up-to-date: /home/nicolas/ws_ros2/install/px4_msgs/include/px4_msgs/px4_msgs\n'}
[0.771889] (px4_msgs) StdoutLine: {'line': b'-- Up-to-date: /home/nicolas/ws_ros2/install/px4_msgs/include/px4_msgs/px4_msgs/srv\n'}
[0.771924] (px4_msgs) StdoutLine: {'line': b'-- Up-to-date: /home/nicolas/ws_ros2/install/px4_msgs/include/px4_msgs/px4_msgs/srv/detail\n'}
[0.771959] (px4_msgs) StdoutLine: {'line': b'-- Up-to-date: /home/nicolas/ws_ros2/install/px4_msgs/include/px4_msgs/px4_msgs/srv/detail/vehicle_command__rosidl_typesupport_fastrtps_c.h\n'}
[0.771992] (px4_msgs) StdoutLine: {'line': b'-- Up-to-date: /home/nicolas/ws_ros2/install/px4_msgs/include/px4_msgs/px4_msgs/msg\n'}
[0.772076] (px4_msgs) StdoutLine: {'line': b'-- Up-to-date: /home/nicolas/ws_ros2/install/px4_msgs/include/px4_msgs/px4_msgs/msg/detail\n'}
[0.772256] (px4_msgs) StdoutLine: {'line': b'-- Up-to-date: /home/nicolas/ws_ros2/install/px4_msgs/include/px4_msgs/px4_msgs/msg/detail/onboard_computer_status__rosidl_typesupport_fastrtps_c.h\n'}
[0.772294] (px4_msgs) StdoutLine: {'line': b'-- Up-to-date: /home/nicolas/ws_ros2/install/px4_msgs/include/px4_msgs/px4_msgs/msg/detail/gpio_out__rosidl_typesupport_fastrtps_c.h\n'}
[0.772362] (px4_msgs) StdoutLine: {'line': b'-- Up-to-date: /home/nicolas/ws_ros2/install/px4_msgs/include/px4_msgs/px4_msgs/msg/detail/distance_sensor_mode_change_request__rosidl_typesupport_fastrtps_c.h\n'}
[0.772400] (px4_msgs) StdoutLine: {'line': b'-- Up-to-date: /home/nicolas/ws_ros2/install/px4_msgs/include/px4_msgs/px4_msgs/msg/detail/vtol_vehicle_status__rosidl_typesupport_fastrtps_c.h\n'}
[0.772436] (px4_msgs) StdoutLine: {'line': b'-- Up-to-date: /home/nicolas/ws_ros2/install/px4_msgs/include/px4_msgs/px4_msgs/msg/detail/estimator_sensor_bias__rosidl_typesupport_fastrtps_c.h\n'}
[0.772487] (px4_msgs) StdoutLine: {'line': b'-- Up-to-date: /home/nicolas/ws_ros2/install/px4_msgs/include/px4_msgs/px4_msgs/msg/detail/dataman_response__rosidl_typesupport_fastrtps_c.h\n'}
[0.772525] (px4_msgs) StdoutLine: {'line': b'-- Up-to-date: /home/nicolas/ws_ros2/install/px4_msgs/include/px4_msgs/px4_msgs/msg/detail/estimator_innovations__rosidl_typesupport_fastrtps_c.h\n'}
[0.772561] (px4_msgs) StdoutLine: {'line': b'-- Up-to-date: /home/nicolas/ws_ros2/install/px4_msgs/include/px4_msgs/px4_msgs/msg/detail/sensor_correction__rosidl_typesupport_fastrtps_c.h\n'}
[0.772597] (px4_msgs) StdoutLine: {'line': b'-- Up-to-date: /home/nicolas/ws_ros2/install/px4_msgs/include/px4_msgs/px4_msgs/msg/detail/offboard_control_mode__rosidl_typesupport_fastrtps_c.h\n'}
[0.772632] (px4_msgs) StdoutLine: {'line': b'-- Up-to-date: /home/nicolas/ws_ros2/install/px4_msgs/include/px4_msgs/px4_msgs/msg/detail/vehicle_control_mode__rosidl_typesupport_fastrtps_c.h\n'}
[0.772667] (px4_msgs) StdoutLine: {'line': b'-- Up-to-date: /home/nicolas/ws_ros2/install/px4_msgs/include/px4_msgs/px4_msgs/msg/detail/airspeed_validated__rosidl_typesupport_fastrtps_c.h\n'}
[0.772703] (px4_msgs) StdoutLine: {'line': b'-- Up-to-date: /home/nicolas/ws_ros2/install/px4_msgs/include/px4_msgs/px4_msgs/msg/detail/rover_rate_status__rosidl_typesupport_fastrtps_c.h\n'}
[0.772737] (px4_msgs) StdoutLine: {'line': b'-- Up-to-date: /home/nicolas/ws_ros2/install/px4_msgs/include/px4_msgs/px4_msgs/msg/detail/vehicle_angular_acceleration_setpoint__rosidl_typesupport_fastrtps_c.h\n'}
[0.772770] (px4_msgs) StdoutLine: {'line': b'-- Up-to-date: /home/nicolas/ws_ros2/install/px4_msgs/include/px4_msgs/px4_msgs/msg/detail/vehicle_acceleration__rosidl_typesupport_fastrtps_c.h\n'}
[0.772804] (px4_msgs) StdoutLine: {'line': b'-- Up-to-date: /home/nicolas/ws_ros2/install/px4_msgs/include/px4_msgs/px4_msgs/msg/detail/wheel_encoders__rosidl_typesupport_fastrtps_c.h\n'}
[0.772838] (px4_msgs) StdoutLine: {'line': b'-- Up-to-date: /home/nicolas/ws_ros2/install/px4_msgs/include/px4_msgs/px4_msgs/msg/detail/gimbal_manager_set_attitude__rosidl_typesupport_fastrtps_c.h\n'}
[0.772872] (px4_msgs) StdoutLine: {'line': b'-- Up-to-date: /home/nicolas/ws_ros2/install/px4_msgs/include/px4_msgs/px4_msgs/msg/detail/gpio_config__rosidl_typesupport_fastrtps_c.h\n'}
[0.772906] (px4_msgs) StdoutLine: {'line': b'-- Up-to-date: /home/nicolas/ws_ros2/install/px4_msgs/include/px4_msgs/px4_msgs/msg/detail/sensor_optical_flow__rosidl_typesupport_fastrtps_c.h\n'}
[0.772939] (px4_msgs) StdoutLine: {'line': b'-- Up-to-date: /home/nicolas/ws_ros2/install/px4_msgs/include/px4_msgs/px4_msgs/msg/detail/battery_status__rosidl_typesupport_fastrtps_c.h\n'}
[0.772972] (px4_msgs) StdoutLine: {'line': b'-- Up-to-date: /home/nicolas/ws_ros2/install/px4_msgs/include/px4_msgs/px4_msgs/msg/detail/power_button_state__rosidl_typesupport_fastrtps_c.h\n'}
[0.773006] (px4_msgs) StdoutLine: {'line': b'-- Up-to-date: /home/nicolas/ws_ros2/install/px4_msgs/include/px4_msgs/px4_msgs/msg/detail/estimator_status__rosidl_typesupport_fastrtps_c.h\n'}
[0.773040] (px4_msgs) StdoutLine: {'line': b'-- Up-to-date: /home/nicolas/ws_ros2/install/px4_msgs/include/px4_msgs/px4_msgs/msg/detail/unregister_ext_component__rosidl_typesupport_fastrtps_c.h\n'}
[0.773073] (px4_msgs) StdoutLine: {'line': b'-- Up-to-date: /home/nicolas/ws_ros2/install/px4_msgs/include/px4_msgs/px4_msgs/msg/detail/fixed_wing_lateral_status__rosidl_typesupport_fastrtps_c.h\n'}
[0.773137] (px4_msgs) StdoutLine: {'line': b'-- Up-to-date: /home/nicolas/ws_ros2/install/px4_msgs/include/px4_msgs/px4_msgs/msg/detail/vehicle_command_ack__rosidl_typesupport_fastrtps_c.h\n'}
[0.773173] (px4_msgs) StdoutLine: {'line': b'-- Up-to-date: /home/nicolas/ws_ros2/install/px4_msgs/include/px4_msgs/px4_msgs/msg/detail/register_ext_component_reply__rosidl_typesupport_fastrtps_c.h\n'}
[0.773208] (px4_msgs) StdoutLine: {'line': b'-- Up-to-date: /home/nicolas/ws_ros2/install/px4_msgs/include/px4_msgs/px4_msgs/msg/detail/dronecan_node_status__rosidl_typesupport_fastrtps_c.h\n'}
[0.773242] (px4_msgs) StdoutLine: {'line': b'-- Up-to-date: /home/nicolas/ws_ros2/install/px4_msgs/include/px4_msgs/px4_msgs/msg/detail/camera_trigger__rosidl_typesupport_fastrtps_c.h\n'}
[0.773277] (px4_msgs) StdoutLine: {'line': b'-- Up-to-date: /home/nicolas/ws_ros2/install/px4_msgs/include/px4_msgs/px4_msgs/msg/detail/rpm__rosidl_typesupport_fastrtps_c.h\n'}
[0.773422] (px4_msgs) StdoutLine: {'line': b'-- Up-to-date: /home/nicolas/ws_ros2/install/px4_msgs/include/px4_msgs/px4_msgs/msg/detail/debug_key_value__rosidl_typesupport_fastrtps_c.h\n'}
[0.773463] (px4_msgs) StdoutLine: {'line': b'-- Up-to-date: /home/nicolas/ws_ros2/install/px4_msgs/include/px4_msgs/px4_msgs/msg/detail/rtl_status__rosidl_typesupport_fastrtps_c.h\n'}
[0.773502] (px4_msgs) StdoutLine: {'line': b'-- Up-to-date: /home/nicolas/ws_ros2/install/px4_msgs/include/px4_msgs/px4_msgs/msg/detail/arming_check_request__rosidl_typesupport_fastrtps_c.h\n'}
[0.773580] (px4_msgs) StdoutLine: {'line': b'-- Up-to-date: /home/nicolas/ws_ros2/install/px4_msgs/include/px4_msgs/px4_msgs/msg/detail/vehicle_torque_setpoint__rosidl_typesupport_fastrtps_c.h\n'}
[0.773672] (px4_msgs) StdoutLine: {'line': b'-- Up-to-date: /home/nicolas/ws_ros2/install/px4_msgs/include/px4_msgs/px4_msgs/msg/detail/action_request__rosidl_typesupport_fastrtps_c.h\n'}
[0.773711] (px4_msgs) StdoutLine: {'line': b'-- Up-to-date: /home/nicolas/ws_ros2/install/px4_msgs/include/px4_msgs/px4_msgs/msg/detail/health_report__rosidl_typesupport_fastrtps_c.h\n'}
[0.773747] (px4_msgs) StdoutLine: {'line': b'-- Up-to-date: /home/nicolas/ws_ros2/install/px4_msgs/include/px4_msgs/px4_msgs/msg/detail/irlock_report__rosidl_typesupport_fastrtps_c.h\n'}
[0.773783] (px4_msgs) StdoutLine: {'line': b'-- Up-to-date: /home/nicolas/ws_ros2/install/px4_msgs/include/px4_msgs/px4_msgs/msg/detail/battery_info__rosidl_typesupport_fastrtps_c.h\n'}
[0.773819] (px4_msgs) StdoutLine: {'line': b'-- Up-to-date: /home/nicolas/ws_ros2/install/px4_msgs/include/px4_msgs/px4_msgs/msg/detail/landing_target_innovations__rosidl_typesupport_fastrtps_c.h\n'}
[0.773854] (px4_msgs) StdoutLine: {'line': b'-- Up-to-date: /home/nicolas/ws_ros2/install/px4_msgs/include/px4_msgs/px4_msgs/msg/detail/sensor_accel__rosidl_typesupport_fastrtps_c.h\n'}
[0.773889] (px4_msgs) StdoutLine: {'line': b'-- Up-to-date: /home/nicolas/ws_ros2/install/px4_msgs/include/px4_msgs/px4_msgs/msg/detail/actuator_motors__rosidl_typesupport_fastrtps_c.h\n'}
[0.773924] (px4_msgs) StdoutLine: {'line': b'-- Up-to-date: /home/nicolas/ws_ros2/install/px4_msgs/include/px4_msgs/px4_msgs/msg/detail/pwm_input__rosidl_typesupport_fastrtps_c.h\n'}
[0.773958] (px4_msgs) StdoutLine: {'line': b'-- Up-to-date: /home/nicolas/ws_ros2/install/px4_msgs/include/px4_msgs/px4_msgs/msg/detail/follow_target_estimator__rosidl_typesupport_fastrtps_c.h\n'}
[0.773993] (px4_msgs) StdoutLine: {'line': b'-- Up-to-date: /home/nicolas/ws_ros2/install/px4_msgs/include/px4_msgs/px4_msgs/msg/detail/gimbal_device_information__rosidl_typesupport_fastrtps_c.h\n'}
[0.774027] (px4_msgs) StdoutLine: {'line': b'-- Up-to-date: /home/nicolas/ws_ros2/install/px4_msgs/include/px4_msgs/px4_msgs/msg/detail/vehicle_optical_flow__rosidl_typesupport_fastrtps_c.h\n'}
[0.774061] (px4_msgs) StdoutLine: {'line': b'-- Up-to-date: /home/nicolas/ws_ros2/install/px4_msgs/include/px4_msgs/px4_msgs/msg/detail/gimbal_manager_information__rosidl_typesupport_fastrtps_c.h\n'}
[0.774095] (px4_msgs) StdoutLine: {'line': b'-- Up-to-date: /home/nicolas/ws_ros2/install/px4_msgs/include/px4_msgs/px4_msgs/msg/detail/trajectory_setpoint6dof__rosidl_typesupport_fastrtps_c.h\n'}
[0.774142] (px4_msgs) StdoutLine: {'line': b'-- Up-to-date: /home/nicolas/ws_ros2/install/px4_msgs/include/px4_msgs/px4_msgs/msg/detail/esc_report__rosidl_typesupport_fastrtps_c.h\n'}
[0.774175] (px4_msgs) StdoutLine: {'line': b'-- Up-to-date: /home/nicolas/ws_ros2/install/px4_msgs/include/px4_msgs/px4_msgs/msg/detail/mode_completed__rosidl_typesupport_fastrtps_c.h\n'}
[0.774277] (px4_msgs) StdoutLine: {'line': b'-- Up-to-date: /home/nicolas/ws_ros2/install/px4_msgs/include/px4_msgs/px4_msgs/msg/detail/dataman_request__rosidl_typesupport_fastrtps_c.h\n'}
[0.774314] (px4_msgs) StdoutLine: {'line': b'-- Up-to-date: /home/nicolas/ws_ros2/install/px4_msgs/include/px4_msgs/px4_msgs/msg/detail/sensor_uwb__rosidl_typesupport_fastrtps_c.h\n'}
[0.774351] (px4_msgs) StdoutLine: {'line': b'-- Up-to-date: /home/nicolas/ws_ros2/install/px4_msgs/include/px4_msgs/px4_msgs/msg/detail/timesync_status__rosidl_typesupport_fastrtps_c.h\n'}
[0.774388] (px4_msgs) StdoutLine: {'line': b'-- Up-to-date: /home/nicolas/ws_ros2/install/px4_msgs/include/px4_msgs/px4_msgs/msg/detail/rover_throttle_setpoint__rosidl_typesupport_fastrtps_c.h\n'}
[0.774424] (px4_msgs) StdoutLine: {'line': b'-- Up-to-date: /home/nicolas/ws_ros2/install/px4_msgs/include/px4_msgs/px4_msgs/msg/detail/heater_status__rosidl_typesupport_fastrtps_c.h\n'}
[0.774463] (px4_msgs) StdoutLine: {'line': b'-- Up-to-date: /home/nicolas/ws_ros2/install/px4_msgs/include/px4_msgs/px4_msgs/msg/detail/pps_capture__rosidl_typesupport_fastrtps_c.h\n'}
[0.774501] (px4_msgs) StdoutLine: {'line': b'-- Up-to-date: /home/nicolas/ws_ros2/install/px4_msgs/include/px4_msgs/px4_msgs/msg/detail/parameter_set_value_response__rosidl_typesupport_fastrtps_c.h\n'}
[0.774537] (px4_msgs) StdoutLine: {'line': b'-- Up-to-date: /home/nicolas/ws_ros2/install/px4_msgs/include/px4_msgs/px4_msgs/msg/detail/sensors_status__rosidl_typesupport_fastrtps_c.h\n'}
[0.774571] (px4_msgs) StdoutLine: {'line': b'-- Up-to-date: /home/nicolas/ws_ros2/install/px4_msgs/include/px4_msgs/px4_msgs/msg/detail/estimator_aid_source1d__rosidl_typesupport_fastrtps_c.h\n'}
[0.774606] (px4_msgs) StdoutLine: {'line': b'-- Up-to-date: /home/nicolas/ws_ros2/install/px4_msgs/include/px4_msgs/px4_msgs/msg/detail/distance_sensor__rosidl_typesupport_fastrtps_c.h\n'}
[0.774763] (px4_msgs) StdoutLine: {'line': b'-- Up-to-date: /home/nicolas/ws_ros2/install/px4_msgs/include/px4_msgs/px4_msgs/msg/detail/rate_ctrl_status__rosidl_typesupport_fastrtps_c.h\n'}
[0.774797] (px4_msgs) StdoutLine: {'line': b'-- Up-to-date: /home/nicolas/ws_ros2/install/px4_msgs/include/px4_msgs/px4_msgs/msg/detail/sensor_mag__rosidl_typesupport_fastrtps_c.h\n'}
[0.774834] (px4_msgs) StdoutLine: {'line': b'-- Up-to-date: /home/nicolas/ws_ros2/install/px4_msgs/include/px4_msgs/px4_msgs/msg/detail/rover_speed_status__rosidl_typesupport_fastrtps_c.h\n'}
[0.774866] (px4_msgs) StdoutLine: {'line': b'-- Up-to-date: /home/nicolas/ws_ros2/install/px4_msgs/include/px4_msgs/px4_msgs/msg/detail/log_message__rosidl_typesupport_fastrtps_c.h\n'}
[0.774897] (px4_msgs) StdoutLine: {'line': b'-- Up-to-date: /home/nicolas/ws_ros2/install/px4_msgs/include/px4_msgs/px4_msgs/msg/detail/open_drone_id_system__rosidl_typesupport_fastrtps_c.h\n'}
[0.774928] (px4_msgs) StdoutLine: {'line': b'-- Up-to-date: /home/nicolas/ws_ros2/install/px4_msgs/include/px4_msgs/px4_msgs/msg/detail/radio_status__rosidl_typesupport_fastrtps_c.h\n'}
[0.774959] (px4_msgs) StdoutLine: {'line': b'-- Up-to-date: /home/nicolas/ws_ros2/install/px4_msgs/include/px4_msgs/px4_msgs/msg/detail/sensor_baro__rosidl_typesupport_fastrtps_c.h\n'}
[0.774990] (px4_msgs) StdoutLine: {'line': b'-- Up-to-date: /home/nicolas/ws_ros2/install/px4_msgs/include/px4_msgs/px4_msgs/msg/detail/position_controller_landing_status__rosidl_typesupport_fastrtps_c.h\n'}
[0.775020] (px4_msgs) StdoutLine: {'line': b'-- Up-to-date: /home/nicolas/ws_ros2/install/px4_msgs/include/px4_msgs/px4_msgs/msg/detail/arming_check_reply__rosidl_typesupport_fastrtps_c.h\n'}
[0.775055] (px4_msgs) StdoutLine: {'line': b'-- Up-to-date: /home/nicolas/ws_ros2/install/px4_msgs/include/px4_msgs/px4_msgs/msg/detail/vehicle_angular_velocity__rosidl_typesupport_fastrtps_c.h\n'}
[0.775086] (px4_msgs) StdoutLine: {'line': b'-- Up-to-date: /home/nicolas/ws_ros2/install/px4_msgs/include/px4_msgs/px4_msgs/msg/detail/mavlink_tunnel__rosidl_typesupport_fastrtps_c.h\n'}
[0.775118] (px4_msgs) StdoutLine: {'line': b'-- Up-to-date: /home/nicolas/ws_ros2/install/px4_msgs/include/px4_msgs/px4_msgs/msg/detail/event__rosidl_typesupport_fastrtps_c.h\n'}
[0.775149] (px4_msgs) StdoutLine: {'line': b'-- Up-to-date: /home/nicolas/ws_ros2/install/px4_msgs/include/px4_msgs/px4_msgs/msg/detail/estimator_event_flags__rosidl_typesupport_fastrtps_c.h\n'}
[0.775179] (px4_msgs) StdoutLine: {'line': b'-- Up-to-date: /home/nicolas/ws_ros2/install/px4_msgs/include/px4_msgs/px4_msgs/msg/detail/ulog_stream_ack__rosidl_typesupport_fastrtps_c.h\n'}
[0.775210] (px4_msgs) StdoutLine: {'line': b'-- Up-to-date: /home/nicolas/ws_ros2/install/px4_msgs/include/px4_msgs/px4_msgs/msg/detail/obstacle_distance__rosidl_typesupport_fastrtps_c.h\n'}
[0.775241] (px4_msgs) StdoutLine: {'line': b'-- Up-to-date: /home/nicolas/ws_ros2/install/px4_msgs/include/px4_msgs/px4_msgs/msg/detail/tiltrotor_extra_controls__rosidl_typesupport_fastrtps_c.h\n'}
[0.775274] (px4_msgs) StdoutLine: {'line': b'-- Up-to-date: /home/nicolas/ws_ros2/install/px4_msgs/include/px4_msgs/px4_msgs/msg/detail/internal_combustion_engine_control__rosidl_typesupport_fastrtps_c.h\n'}
[0.775308] (px4_msgs) StdoutLine: {'line': b'-- Up-to-date: /home/nicolas/ws_ros2/install/px4_msgs/include/px4_msgs/px4_msgs/msg/detail/estimator_aid_source2d__rosidl_typesupport_fastrtps_c.h\n'}
[0.775342] (px4_msgs) StdoutLine: {'line': b'-- Up-to-date: /home/nicolas/ws_ros2/install/px4_msgs/include/px4_msgs/px4_msgs/msg/detail/sensor_gps__rosidl_typesupport_fastrtps_c.h\n'}
[0.775373] (px4_msgs) StdoutLine: {'line': b'-- Up-to-date: /home/nicolas/ws_ros2/install/px4_msgs/include/px4_msgs/px4_msgs/msg/detail/tune_control__rosidl_typesupport_fastrtps_c.h\n'}
[0.775404] (px4_msgs) StdoutLine: {'line': b'-- Up-to-date: /home/nicolas/ws_ros2/install/px4_msgs/include/px4_msgs/px4_msgs/msg/detail/autotune_attitude_control_status__rosidl_typesupport_fastrtps_c.h\n'}
[0.775435] (px4_msgs) StdoutLine: {'line': b'-- Up-to-date: /home/nicolas/ws_ros2/install/px4_msgs/include/px4_msgs/px4_msgs/msg/detail/rover_speed_setpoint__rosidl_typesupport_fastrtps_c.h\n'}
[0.775474] (px4_msgs) StdoutLine: {'line': b'-- Up-to-date: /home/nicolas/ws_ros2/install/px4_msgs/include/px4_msgs/px4_msgs/msg/detail/gps_inject_data__rosidl_typesupport_fastrtps_c.h\n'}
[0.775507] (px4_msgs) StdoutLine: {'line': b'-- Up-to-date: /home/nicolas/ws_ros2/install/px4_msgs/include/px4_msgs/px4_msgs/msg/detail/rover_position_setpoint__rosidl_typesupport_fastrtps_c.h\n'}
[0.775537] (px4_msgs) StdoutLine: {'line': b'-- Up-to-date: /home/nicolas/ws_ros2/install/px4_msgs/include/px4_msgs/px4_msgs/msg/detail/yaw_estimator_status__rosidl_typesupport_fastrtps_c.h\n'}
[0.775568] (px4_msgs) StdoutLine: {'line': b'-- Up-to-date: /home/nicolas/ws_ros2/install/px4_msgs/include/px4_msgs/px4_msgs/msg/detail/logger_status__rosidl_typesupport_fastrtps_c.h\n'}
[0.775599] (px4_msgs) StdoutLine: {'line': b'-- Up-to-date: /home/nicolas/ws_ros2/install/px4_msgs/include/px4_msgs/px4_msgs/msg/detail/sensor_gnss_status__rosidl_typesupport_fastrtps_c.h\n'}
[0.775630] (px4_msgs) StdoutLine: {'line': b'-- Up-to-date: /home/nicolas/ws_ros2/install/px4_msgs/include/px4_msgs/px4_msgs/msg/detail/input_rc__rosidl_typesupport_fastrtps_c.h\n'}
[0.775662] (px4_msgs) StdoutLine: {'line': b'-- Up-to-date: /home/nicolas/ws_ros2/install/px4_msgs/include/px4_msgs/px4_msgs/msg/detail/failsafe_flags__rosidl_typesupport_fastrtps_c.h\n'}
[0.775701] (px4_msgs) StdoutLine: {'line': b'-- Up-to-date: /home/nicolas/ws_ros2/install/px4_msgs/include/px4_msgs/px4_msgs/msg/detail/longitudinal_control_configuration__rosidl_typesupport_fastrtps_c.h\n'}
[0.775735] (px4_msgs) StdoutLine: {'line': b'-- Up-to-date: /home/nicolas/ws_ros2/install/px4_msgs/include/px4_msgs/px4_msgs/msg/detail/vehicle_attitude__rosidl_typesupport_fastrtps_c.h\n'}
[0.775769] (px4_msgs) StdoutLine: {'line': b'-- Up-to-date: /home/nicolas/ws_ros2/install/px4_msgs/include/px4_msgs/px4_msgs/msg/detail/estimator_bias__rosidl_typesupport_fastrtps_c.h\n'}
[0.775800] (px4_msgs) StdoutLine: {'line': b'-- Up-to-date: /home/nicolas/ws_ros2/install/px4_msgs/include/px4_msgs/px4_msgs/msg/detail/gimbal_controls__rosidl_typesupport_fastrtps_c.h\n'}
[0.775830] (px4_msgs) StdoutLine: {'line': b'-- Up-to-date: /home/nicolas/ws_ros2/install/px4_msgs/include/px4_msgs/px4_msgs/msg/detail/launch_detection_status__rosidl_typesupport_fastrtps_c.h\n'}
[0.775860] (px4_msgs) StdoutLine: {'line': b'-- Up-to-date: /home/nicolas/ws_ros2/install/px4_msgs/include/px4_msgs/px4_msgs/msg/detail/home_position__rosidl_typesupport_fastrtps_c.h\n'}
[0.775891] (px4_msgs) StdoutLine: {'line': b'-- Up-to-date: /home/nicolas/ws_ros2/install/px4_msgs/include/px4_msgs/px4_msgs/msg/detail/actuator_test__rosidl_typesupport_fastrtps_c.h\n'}
[0.775922] (px4_msgs) StdoutLine: {'line': b'-- Up-to-date: /home/nicolas/ws_ros2/install/px4_msgs/include/px4_msgs/px4_msgs/msg/detail/rc_channels__rosidl_typesupport_fastrtps_c.h\n'}
[0.775953] (px4_msgs) StdoutLine: {'line': b'-- Up-to-date: /home/nicolas/ws_ros2/install/px4_msgs/include/px4_msgs/px4_msgs/msg/detail/led_control__rosidl_typesupport_fastrtps_c.h\n'}
[0.775984] (px4_msgs) StdoutLine: {'line': b'-- Up-to-date: /home/nicolas/ws_ros2/install/px4_msgs/include/px4_msgs/px4_msgs/msg/detail/actuator_controls_status__rosidl_typesupport_fastrtps_c.h\n'}
[0.776015] (px4_msgs) StdoutLine: {'line': b'-- Up-to-date: /home/nicolas/ws_ros2/install/px4_msgs/include/px4_msgs/px4_msgs/msg/detail/estimator_gps_status__rosidl_typesupport_fastrtps_c.h\n'}
[0.776047] (px4_msgs) StdoutLine: {'line': b'-- Up-to-date: /home/nicolas/ws_ros2/install/px4_msgs/include/px4_msgs/px4_msgs/msg/detail/vehicle_roi__rosidl_typesupport_fastrtps_c.h\n'}
[0.776080] (px4_msgs) StdoutLine: {'line': b'-- Up-to-date: /home/nicolas/ws_ros2/install/px4_msgs/include/px4_msgs/px4_msgs/msg/detail/hover_thrust_estimate__rosidl_typesupport_fastrtps_c.h\n'}
[0.776118] (px4_msgs) StdoutLine: {'line': b'-- Up-to-date: /home/nicolas/ws_ros2/install/px4_msgs/include/px4_msgs/px4_msgs/msg/detail/estimator_states__rosidl_typesupport_fastrtps_c.h\n'}
[0.776149] (px4_msgs) StdoutLine: {'line': b'-- Up-to-date: /home/nicolas/ws_ros2/install/px4_msgs/include/px4_msgs/px4_msgs/msg/detail/tecs_status__rosidl_typesupport_fastrtps_c.h\n'}
[0.776180] (px4_msgs) StdoutLine: {'line': b'-- Up-to-date: /home/nicolas/ws_ros2/install/px4_msgs/include/px4_msgs/px4_msgs/msg/detail/lateral_control_configuration__rosidl_typesupport_fastrtps_c.h\n'}
[0.776211] (px4_msgs) StdoutLine: {'line': b'-- Up-to-date: /home/nicolas/ws_ros2/install/px4_msgs/include/px4_msgs/px4_msgs/msg/detail/parameter_set_used_request__rosidl_typesupport_fastrtps_c.h\n'}
[0.776242] (px4_msgs) StdoutLine: {'line': b'-- Up-to-date: /home/nicolas/ws_ros2/install/px4_msgs/include/px4_msgs/px4_msgs/msg/detail/position_controller_status__rosidl_typesupport_fastrtps_c.h\n'}
[0.776272] (px4_msgs) StdoutLine: {'line': b'-- Up-to-date: /home/nicolas/ws_ros2/install/px4_msgs/include/px4_msgs/px4_msgs/msg/detail/follow_target_status__rosidl_typesupport_fastrtps_c.h\n'}
[0.776301] (px4_msgs) StdoutLine: {'line': b'-- Up-to-date: /home/nicolas/ws_ros2/install/px4_msgs/include/px4_msgs/px4_msgs/msg/detail/landing_target_pose__rosidl_typesupport_fastrtps_c.h\n'}
[0.776332] (px4_msgs) StdoutLine: {'line': b'-- Up-to-date: /home/nicolas/ws_ros2/install/px4_msgs/include/px4_msgs/px4_msgs/msg/detail/uavcan_parameter_request__rosidl_typesupport_fastrtps_c.h\n'}
[0.776362] (px4_msgs) StdoutLine: {'line': b'-- Up-to-date: /home/nicolas/ws_ros2/install/px4_msgs/include/px4_msgs/px4_msgs/msg/detail/velocity_limits__rosidl_typesupport_fastrtps_c.h\n'}
[0.776393] (px4_msgs) StdoutLine: {'line': b'-- Up-to-date: /home/nicolas/ws_ros2/install/px4_msgs/include/px4_msgs/px4_msgs/msg/detail/generator_status__rosidl_typesupport_fastrtps_c.h\n'}
[0.776426] (px4_msgs) StdoutLine: {'line': b'-- Up-to-date: /home/nicolas/ws_ros2/install/px4_msgs/include/px4_msgs/px4_msgs/msg/detail/parameter_set_value_request__rosidl_typesupport_fastrtps_c.h\n'}
[0.776461] (px4_msgs) StdoutLine: {'line': b'-- Up-to-date: /home/nicolas/ws_ros2/install/px4_msgs/include/px4_msgs/px4_msgs/msg/detail/estimator_status_flags__rosidl_typesupport_fastrtps_c.h\n'}
[0.776495] (px4_msgs) StdoutLine: {'line': b'-- Up-to-date: /home/nicolas/ws_ros2/install/px4_msgs/include/px4_msgs/px4_msgs/msg/detail/button_event__rosidl_typesupport_fastrtps_c.h\n'}
[0.776526] (px4_msgs) StdoutLine: {'line': b'-- Up-to-date: /home/nicolas/ws_ros2/install/px4_msgs/include/px4_msgs/px4_msgs/msg/detail/goto_setpoint__rosidl_typesupport_fastrtps_c.h\n'}
[0.776562] (px4_msgs) StdoutLine: {'line': b'-- Up-to-date: /home/nicolas/ws_ros2/install/px4_msgs/include/px4_msgs/px4_msgs/msg/detail/estimator_bias3d__rosidl_typesupport_fastrtps_c.h\n'}
[0.776598] (px4_msgs) StdoutLine: {'line': b'-- Up-to-date: /home/nicolas/ws_ros2/install/px4_msgs/include/px4_msgs/px4_msgs/msg/detail/follow_target__rosidl_typesupport_fastrtps_c.h\n'}
[0.776629] (px4_msgs) StdoutLine: {'line': b'-- Up-to-date: /home/nicolas/ws_ros2/install/px4_msgs/include/px4_msgs/px4_msgs/msg/detail/trajectory_setpoint__rosidl_typesupport_fastrtps_c.h\n'}
[0.776660] (px4_msgs) StdoutLine: {'line': b'-- Up-to-date: /home/nicolas/ws_ros2/install/px4_msgs/include/px4_msgs/px4_msgs/msg/detail/vehicle_rates_setpoint__rosidl_typesupport_fastrtps_c.h\n'}
[0.776690] (px4_msgs) StdoutLine: {'line': b'-- Up-to-date: /home/nicolas/ws_ros2/install/px4_msgs/include/px4_msgs/px4_msgs/msg/detail/vehicle_command__rosidl_typesupport_fastrtps_c.h\n'}
[0.776721] (px4_msgs) StdoutLine: {'line': b'-- Up-to-date: /home/nicolas/ws_ros2/install/px4_msgs/include/px4_msgs/px4_msgs/msg/detail/satellite_info__rosidl_typesupport_fastrtps_c.h\n'}
[0.776752] (px4_msgs) StdoutLine: {'line': b'-- Up-to-date: /home/nicolas/ws_ros2/install/px4_msgs/include/px4_msgs/px4_msgs/msg/detail/figure_eight_status__rosidl_typesupport_fastrtps_c.h\n'}
[0.776783] (px4_msgs) StdoutLine: {'line': b'-- Up-to-date: /home/nicolas/ws_ros2/install/px4_msgs/include/px4_msgs/px4_msgs/msg/detail/sensor_gnss_relative__rosidl_typesupport_fastrtps_c.h\n'}
[0.776813] (px4_msgs) StdoutLine: {'line': b'-- Up-to-date: /home/nicolas/ws_ros2/install/px4_msgs/include/px4_msgs/px4_msgs/msg/detail/rc_parameter_map__rosidl_typesupport_fastrtps_c.h\n'}
[0.776844] (px4_msgs) StdoutLine: {'line': b'-- Up-to-date: /home/nicolas/ws_ros2/install/px4_msgs/include/px4_msgs/px4_msgs/msg/detail/qshell_req__rosidl_typesupport_fastrtps_c.h\n'}
[0.776874] (px4_msgs) StdoutLine: {'line': b'-- Up-to-date: /home/nicolas/ws_ros2/install/px4_msgs/include/px4_msgs/px4_msgs/msg/detail/vehicle_land_detected__rosidl_typesupport_fastrtps_c.h\n'}
[0.776905] (px4_msgs) StdoutLine: {'line': b'-- Up-to-date: /home/nicolas/ws_ros2/install/px4_msgs/include/px4_msgs/px4_msgs/msg/detail/vehicle_odometry__rosidl_typesupport_fastrtps_c.h\n'}
[0.776935] (px4_msgs) StdoutLine: {'line': b'-- Up-to-date: /home/nicolas/ws_ros2/install/px4_msgs/include/px4_msgs/px4_msgs/msg/detail/vehicle_local_position__rosidl_typesupport_fastrtps_c.h\n'}
[0.776966] (px4_msgs) StdoutLine: {'line': b'-- Up-to-date: /home/nicolas/ws_ros2/install/px4_msgs/include/px4_msgs/px4_msgs/msg/detail/failure_detector_status__rosidl_typesupport_fastrtps_c.h\n'}
[0.776998] (px4_msgs) StdoutLine: {'line': b'-- Up-to-date: /home/nicolas/ws_ros2/install/px4_msgs/include/px4_msgs/px4_msgs/msg/detail/adc_report__rosidl_typesupport_fastrtps_c.h\n'}
[0.777028] (px4_msgs) StdoutLine: {'line': b'-- Up-to-date: /home/nicolas/ws_ros2/install/px4_msgs/include/px4_msgs/px4_msgs/msg/detail/vehicle_status__rosidl_typesupport_fastrtps_c.h\n'}
[0.777059] (px4_msgs) StdoutLine: {'line': b'-- Up-to-date: /home/nicolas/ws_ros2/install/px4_msgs/include/px4_msgs/px4_msgs/msg/detail/manual_control_setpoint__rosidl_typesupport_fastrtps_c.h\n'}
[0.777092] (px4_msgs) StdoutLine: {'line': b'-- Up-to-date: /home/nicolas/ws_ros2/install/px4_msgs/include/px4_msgs/px4_msgs/msg/detail/control_allocator_status__rosidl_typesupport_fastrtps_c.h\n'}
[0.777123] (px4_msgs) StdoutLine: {'line': b'-- Up-to-date: /home/nicolas/ws_ros2/install/px4_msgs/include/px4_msgs/px4_msgs/msg/detail/debug_array__rosidl_typesupport_fastrtps_c.h\n'}
[0.777154] (px4_msgs) StdoutLine: {'line': b'-- Up-to-date: /home/nicolas/ws_ros2/install/px4_msgs/include/px4_msgs/px4_msgs/msg/detail/register_ext_component_request__rosidl_typesupport_fastrtps_c.h\n'}
[0.777184] (px4_msgs) StdoutLine: {'line': b'-- Up-to-date: /home/nicolas/ws_ros2/install/px4_msgs/include/px4_msgs/px4_msgs/msg/detail/vehicle_imu_status__rosidl_typesupport_fastrtps_c.h\n'}
[0.777215] (px4_msgs) StdoutLine: {'line': b'-- Up-to-date: /home/nicolas/ws_ros2/install/px4_msgs/include/px4_msgs/px4_msgs/msg/detail/uavcan_parameter_value__rosidl_typesupport_fastrtps_c.h\n'}
[0.777245] (px4_msgs) StdoutLine: {'line': b'-- Up-to-date: /home/nicolas/ws_ros2/install/px4_msgs/include/px4_msgs/px4_msgs/msg/detail/vehicle_constraints__rosidl_typesupport_fastrtps_c.h\n'}
[0.777277] (px4_msgs) StdoutLine: {'line': b'-- Up-to-date: /home/nicolas/ws_ros2/install/px4_msgs/include/px4_msgs/px4_msgs/msg/detail/ulog_stream__rosidl_typesupport_fastrtps_c.h\n'}
[0.777308] (px4_msgs) StdoutLine: {'line': b'-- Up-to-date: /home/nicolas/ws_ros2/install/px4_msgs/include/px4_msgs/px4_msgs/msg/detail/mount_orientation__rosidl_typesupport_fastrtps_c.h\n'}
[0.777337] (px4_msgs) StdoutLine: {'line': b'-- Up-to-date: /home/nicolas/ws_ros2/install/px4_msgs/include/px4_msgs/px4_msgs/msg/detail/open_drone_id_arm_status__rosidl_typesupport_fastrtps_c.h\n'}
[0.777368] (px4_msgs) StdoutLine: {'line': b'-- Up-to-date: /home/nicolas/ws_ros2/install/px4_msgs/include/px4_msgs/px4_msgs/msg/detail/ping__rosidl_typesupport_fastrtps_c.h\n'}
[0.777400] (px4_msgs) StdoutLine: {'line': b'-- Up-to-date: /home/nicolas/ws_ros2/install/px4_msgs/include/px4_msgs/px4_msgs/msg/detail/sensor_gyro_fft__rosidl_typesupport_fastrtps_c.h\n'}
[0.777432] (px4_msgs) StdoutLine: {'line': b'-- Up-to-date: /home/nicolas/ws_ros2/install/px4_msgs/include/px4_msgs/px4_msgs/msg/detail/actuator_servos_trim__rosidl_typesupport_fastrtps_c.h\n'}
[0.777469] (px4_msgs) StdoutLine: {'line': b'-- Up-to-date: /home/nicolas/ws_ros2/install/px4_msgs/include/px4_msgs/px4_msgs/msg/detail/takeoff_status__rosidl_typesupport_fastrtps_c.h\n'}
[0.777509] (px4_msgs) StdoutLine: {'line': b'-- Up-to-date: /home/nicolas/ws_ros2/install/px4_msgs/include/px4_msgs/px4_msgs/msg/detail/sensor_combined__rosidl_typesupport_fastrtps_c.h\n'}
[0.777541] (px4_msgs) StdoutLine: {'line': b'-- Up-to-date: /home/nicolas/ws_ros2/install/px4_msgs/include/px4_msgs/px4_msgs/msg/detail/neural_control__rosidl_typesupport_fastrtps_c.h\n'}
[0.777573] (px4_msgs) StdoutLine: {'line': b'-- Up-to-date: /home/nicolas/ws_ros2/install/px4_msgs/include/px4_msgs/px4_msgs/msg/detail/camera_status__rosidl_typesupport_fastrtps_c.h\n'}
[0.777603] (px4_msgs) StdoutLine: {'line': b'-- Up-to-date: /home/nicolas/ws_ros2/install/px4_msgs/include/px4_msgs/px4_msgs/msg/detail/px4io_status__rosidl_typesupport_fastrtps_c.h\n'}
[0.777635] (px4_msgs) StdoutLine: {'line': b'-- Up-to-date: /home/nicolas/ws_ros2/install/px4_msgs/include/px4_msgs/px4_msgs/msg/detail/pure_pursuit_status__rosidl_typesupport_fastrtps_c.h\n'}
[0.777665] (px4_msgs) StdoutLine: {'line': b'-- Up-to-date: /home/nicolas/ws_ros2/install/px4_msgs/include/px4_msgs/px4_msgs/msg/detail/magnetometer_bias_estimate__rosidl_typesupport_fastrtps_c.h\n'}
[0.777696] (px4_msgs) StdoutLine: {'line': b'-- Up-to-date: /home/nicolas/ws_ros2/install/px4_msgs/include/px4_msgs/px4_msgs/msg/detail/estimator_selector_status__rosidl_typesupport_fastrtps_c.h\n'}
[0.777728] (px4_msgs) StdoutLine: {'line': b'-- Up-to-date: /home/nicolas/ws_ros2/install/px4_msgs/include/px4_msgs/px4_msgs/msg/detail/gimbal_device_attitude_status__rosidl_typesupport_fastrtps_c.h\n'}
[0.777759] (px4_msgs) StdoutLine: {'line': b'-- Up-to-date: /home/nicolas/ws_ros2/install/px4_msgs/include/px4_msgs/px4_msgs/msg/detail/sensor_accel_fifo__rosidl_typesupport_fastrtps_c.h\n'}
[0.777795] (px4_msgs) StdoutLine: {'line': b'-- Up-to-date: /home/nicolas/ws_ros2/install/px4_msgs/include/px4_msgs/px4_msgs/msg/detail/navigator_mission_item__rosidl_typesupport_fastrtps_c.h\n'}
[0.777825] (px4_msgs) StdoutLine: {'line': b'-- Up-to-date: /home/nicolas/ws_ros2/install/px4_msgs/include/px4_msgs/px4_msgs/msg/detail/ekf2_timestamps__rosidl_typesupport_fastrtps_c.h\n'}
[0.777856] (px4_msgs) StdoutLine: {'line': b'-- Up-to-date: /home/nicolas/ws_ros2/install/px4_msgs/include/px4_msgs/px4_msgs/msg/detail/rover_attitude_setpoint__rosidl_typesupport_fastrtps_c.h\n'}
[0.777886] (px4_msgs) StdoutLine: {'line': b'-- Up-to-date: /home/nicolas/ws_ros2/install/px4_msgs/include/px4_msgs/px4_msgs/msg/detail/gimbal_manager_set_manual_control__rosidl_typesupport_fastrtps_c.h\n'}
[0.777917] (px4_msgs) StdoutLine: {'line': b'-- Up-to-date: /home/nicolas/ws_ros2/install/px4_msgs/include/px4_msgs/px4_msgs/msg/detail/orbit_status__rosidl_typesupport_fastrtps_c.h\n'}
[0.777947] (px4_msgs) StdoutLine: {'line': b'-- Up-to-date: /home/nicolas/ws_ros2/install/px4_msgs/include/px4_msgs/px4_msgs/msg/detail/actuator_outputs__rosidl_typesupport_fastrtps_c.h\n'}
[0.777978] (px4_msgs) StdoutLine: {'line': b'-- Up-to-date: /home/nicolas/ws_ros2/install/px4_msgs/include/px4_msgs/px4_msgs/msg/detail/internal_combustion_engine_status__rosidl_typesupport_fastrtps_c.h\n'}
[0.778010] (px4_msgs) StdoutLine: {'line': b'-- Up-to-date: /home/nicolas/ws_ros2/install/px4_msgs/include/px4_msgs/px4_msgs/msg/detail/vehicle_air_data__rosidl_typesupport_fastrtps_c.h\n'}
[0.778041] (px4_msgs) StdoutLine: {'line': b'-- Up-to-date: /home/nicolas/ws_ros2/install/px4_msgs/include/px4_msgs/px4_msgs/msg/detail/transponder_report__rosidl_typesupport_fastrtps_c.h\n'}
[0.778071] (px4_msgs) StdoutLine: {'line': b'-- Up-to-date: /home/nicolas/ws_ros2/install/px4_msgs/include/px4_msgs/px4_msgs/msg/detail/power_monitor__rosidl_typesupport_fastrtps_c.h\n'}
[0.778102] (px4_msgs) StdoutLine: {'line': b'-- Up-to-date: /home/nicolas/ws_ros2/install/px4_msgs/include/px4_msgs/px4_msgs/msg/detail/mission__rosidl_typesupport_fastrtps_c.h\n'}
[0.778133] (px4_msgs) StdoutLine: {'line': b'-- Up-to-date: /home/nicolas/ws_ros2/install/px4_msgs/include/px4_msgs/px4_msgs/msg/detail/estimator_aid_source3d__rosidl_typesupport_fastrtps_c.h\n'}
[0.778164] (px4_msgs) StdoutLine: {'line': b'-- Up-to-date: /home/nicolas/ws_ros2/install/px4_msgs/include/px4_msgs/px4_msgs/msg/detail/geofence_result__rosidl_typesupport_fastrtps_c.h\n'}
[0.778195] (px4_msgs) StdoutLine: {'line': b'-- Up-to-date: /home/nicolas/ws_ros2/install/px4_msgs/include/px4_msgs/px4_msgs/msg/detail/sensor_airflow__rosidl_typesupport_fastrtps_c.h\n'}
[0.778225] (px4_msgs) StdoutLine: {'line': b'-- Up-to-date: /home/nicolas/ws_ros2/install/px4_msgs/include/px4_msgs/px4_msgs/msg/detail/vehicle_imu__rosidl_typesupport_fastrtps_c.h\n'}
[0.778259] (px4_msgs) StdoutLine: {'line': b'-- Up-to-date: /home/nicolas/ws_ros2/install/px4_msgs/include/px4_msgs/px4_msgs/msg/detail/flight_phase_estimation__rosidl_typesupport_fastrtps_c.h\n'}
[0.778290] (px4_msgs) StdoutLine: {'line': b'-- Up-to-date: /home/nicolas/ws_ros2/install/px4_msgs/include/px4_msgs/px4_msgs/msg/detail/cellular_status__rosidl_typesupport_fastrtps_c.h\n'}
[0.778320] (px4_msgs) StdoutLine: {'line': b'-- Up-to-date: /home/nicolas/ws_ros2/install/px4_msgs/include/px4_msgs/px4_msgs/msg/detail/open_drone_id_self_id__rosidl_typesupport_fastrtps_c.h\n'}
[0.778351] (px4_msgs) StdoutLine: {'line': b'-- Up-to-date: /home/nicolas/ws_ros2/install/px4_msgs/include/px4_msgs/px4_msgs/msg/detail/mag_worker_data__rosidl_typesupport_fastrtps_c.h\n'}
[0.778382] (px4_msgs) StdoutLine: {'line': b'-- Up-to-date: /home/nicolas/ws_ros2/install/px4_msgs/include/px4_msgs/px4_msgs/msg/detail/orb_test__rosidl_typesupport_fastrtps_c.h\n'}
[0.778416] (px4_msgs) StdoutLine: {'line': b'-- Up-to-date: /home/nicolas/ws_ros2/install/px4_msgs/include/px4_msgs/px4_msgs/msg/detail/gimbal_manager_status__rosidl_typesupport_fastrtps_c.h\n'}
[0.778451] (px4_msgs) StdoutLine: {'line': b'-- Up-to-date: /home/nicolas/ws_ros2/install/px4_msgs/include/px4_msgs/px4_msgs/msg/detail/can_interface_status__rosidl_typesupport_fastrtps_c.h\n'}
[0.778485] (px4_msgs) StdoutLine: {'line': b'-- Up-to-date: /home/nicolas/ws_ros2/install/px4_msgs/include/px4_msgs/px4_msgs/msg/detail/manual_control_switches__rosidl_typesupport_fastrtps_c.h\n'}
[0.778517] (px4_msgs) StdoutLine: {'line': b'-- Up-to-date: /home/nicolas/ws_ros2/install/px4_msgs/include/px4_msgs/px4_msgs/msg/detail/rover_steering_setpoint__rosidl_typesupport_fastrtps_c.h\n'}
[0.778548] (px4_msgs) StdoutLine: {'line': b'-- Up-to-date: /home/nicolas/ws_ros2/install/px4_msgs/include/px4_msgs/px4_msgs/msg/detail/fuel_tank_status__rosidl_typesupport_fastrtps_c.h\n'}
[0.778578] (px4_msgs) StdoutLine: {'line': b'-- Up-to-date: /home/nicolas/ws_ros2/install/px4_msgs/include/px4_msgs/px4_msgs/msg/detail/navigator_status__rosidl_typesupport_fastrtps_c.h\n'}
[0.778609] (px4_msgs) StdoutLine: {'line': b'-- Up-to-date: /home/nicolas/ws_ros2/install/px4_msgs/include/px4_msgs/px4_msgs/msg/detail/vehicle_global_position__rosidl_typesupport_fastrtps_c.h\n'}
[0.778641] (px4_msgs) StdoutLine: {'line': b'-- Up-to-date: /home/nicolas/ws_ros2/install/px4_msgs/include/px4_msgs/px4_msgs/msg/detail/gpio_request__rosidl_typesupport_fastrtps_c.h\n'}
[0.778671] (px4_msgs) StdoutLine: {'line': b'-- Up-to-date: /home/nicolas/ws_ros2/install/px4_msgs/include/px4_msgs/px4_msgs/msg/detail/camera_capture__rosidl_typesupport_fastrtps_c.h\n'}
[0.778703] (px4_msgs) StdoutLine: {'line': b'-- Up-to-date: /home/nicolas/ws_ros2/install/px4_msgs/include/px4_msgs/px4_msgs/msg/detail/vehicle_local_position_setpoint__rosidl_typesupport_fastrtps_c.h\n'}
[0.778734] (px4_msgs) StdoutLine: {'line': b'-- Up-to-date: /home/nicolas/ws_ros2/install/px4_msgs/include/px4_msgs/px4_msgs/msg/detail/mission_result__rosidl_typesupport_fastrtps_c.h\n'}
[0.778765] (px4_msgs) StdoutLine: {'line': b'-- Up-to-date: /home/nicolas/ws_ros2/install/px4_msgs/include/px4_msgs/px4_msgs/msg/detail/position_setpoint__rosidl_typesupport_fastrtps_c.h\n'}
[0.778795] (px4_msgs) StdoutLine: {'line': b'-- Up-to-date: /home/nicolas/ws_ros2/install/px4_msgs/include/px4_msgs/px4_msgs/msg/detail/airspeed__rosidl_typesupport_fastrtps_c.h\n'}
[0.778826] (px4_msgs) StdoutLine: {'line': b'-- Up-to-date: /home/nicolas/ws_ros2/install/px4_msgs/include/px4_msgs/px4_msgs/msg/detail/normalized_unsigned_setpoint__rosidl_typesupport_fastrtps_c.h\n'}
[0.778856] (px4_msgs) StdoutLine: {'line': b'-- Up-to-date: /home/nicolas/ws_ros2/install/px4_msgs/include/px4_msgs/px4_msgs/msg/detail/actuator_servos__rosidl_typesupport_fastrtps_c.h\n'}
[0.778888] (px4_msgs) StdoutLine: {'line': b'-- Up-to-date: /home/nicolas/ws_ros2/install/px4_msgs/include/px4_msgs/px4_msgs/msg/detail/vehicle_thrust_setpoint__rosidl_typesupport_fastrtps_c.h\n'}
[0.778918] (px4_msgs) StdoutLine: {'line': b'-- Up-to-date: /home/nicolas/ws_ros2/install/px4_msgs/include/px4_msgs/px4_msgs/msg/detail/gimbal_device_set_attitude__rosidl_typesupport_fastrtps_c.h\n'}
[0.778948] (px4_msgs) StdoutLine: {'line': b'-- Up-to-date: /home/nicolas/ws_ros2/install/px4_msgs/include/px4_msgs/px4_msgs/msg/detail/sensors_status_imu__rosidl_typesupport_fastrtps_c.h\n'}
[0.778978] (px4_msgs) StdoutLine: {'line': b'-- Up-to-date: /home/nicolas/ws_ros2/install/px4_msgs/include/px4_msgs/px4_msgs/msg/detail/landing_gear__rosidl_typesupport_fastrtps_c.h\n'}
[0.779011] (px4_msgs) StdoutLine: {'line': b'-- Up-to-date: /home/nicolas/ws_ros2/install/px4_msgs/include/px4_msgs/px4_msgs/msg/detail/wind__rosidl_typesupport_fastrtps_c.h\n'}
[0.779042] (px4_msgs) StdoutLine: {'line': b'-- Up-to-date: /home/nicolas/ws_ros2/install/px4_msgs/include/px4_msgs/px4_msgs/msg/detail/parameter_reset_request__rosidl_typesupport_fastrtps_c.h\n'}
[0.779080] (px4_msgs) StdoutLine: {'line': b'-- Up-to-date: /home/nicolas/ws_ros2/install/px4_msgs/include/px4_msgs/px4_msgs/msg/detail/open_drone_id_operator_id__rosidl_typesupport_fastrtps_c.h\n'}
[0.779117] (px4_msgs) StdoutLine: {'line': b'-- Up-to-date: /home/nicolas/ws_ros2/install/px4_msgs/include/px4_msgs/px4_msgs/msg/detail/airspeed_wind__rosidl_typesupport_fastrtps_c.h\n'}
[0.779147] (px4_msgs) StdoutLine: {'line': b'-- Up-to-date: /home/nicolas/ws_ros2/install/px4_msgs/include/px4_msgs/px4_msgs/msg/detail/sensor_gyro__rosidl_typesupport_fastrtps_c.h\n'}
[0.779178] (px4_msgs) StdoutLine: {'line': b'-- Up-to-date: /home/nicolas/ws_ros2/install/px4_msgs/include/px4_msgs/px4_msgs/msg/detail/sensor_preflight_mag__rosidl_typesupport_fastrtps_c.h\n'}
[0.779209] (px4_msgs) StdoutLine: {'line': b'-- Up-to-date: /home/nicolas/ws_ros2/install/px4_msgs/include/px4_msgs/px4_msgs/msg/detail/sensor_gyro_fifo__rosidl_typesupport_fastrtps_c.h\n'}
[0.779239] (px4_msgs) StdoutLine: {'line': b'-- Up-to-date: /home/nicolas/ws_ros2/install/px4_msgs/include/px4_msgs/px4_msgs/msg/detail/config_overrides__rosidl_typesupport_fastrtps_c.h\n'}
[0.779270] (px4_msgs) StdoutLine: {'line': b'-- Up-to-date: /home/nicolas/ws_ros2/install/px4_msgs/include/px4_msgs/px4_msgs/msg/detail/telemetry_status__rosidl_typesupport_fastrtps_c.h\n'}
[0.779307] (px4_msgs) StdoutLine: {'line': b'-- Up-to-date: /home/nicolas/ws_ros2/install/px4_msgs/include/px4_msgs/px4_msgs/msg/detail/task_stack_info__rosidl_typesupport_fastrtps_c.h\n'}
[0.779337] (px4_msgs) StdoutLine: {'line': b'-- Up-to-date: /home/nicolas/ws_ros2/install/px4_msgs/include/px4_msgs/px4_msgs/msg/detail/message_format_request__rosidl_typesupport_fastrtps_c.h\n'}
[0.779367] (px4_msgs) StdoutLine: {'line': b'-- Up-to-date: /home/nicolas/ws_ros2/install/px4_msgs/include/px4_msgs/px4_msgs/msg/detail/rover_rate_setpoint__rosidl_typesupport_fastrtps_c.h\n'}
[0.779397] (px4_msgs) StdoutLine: {'line': b'-- Up-to-date: /home/nicolas/ws_ros2/install/px4_msgs/include/px4_msgs/px4_msgs/msg/detail/sensor_selection__rosidl_typesupport_fastrtps_c.h\n'}
[0.779427] (px4_msgs) StdoutLine: {'line': b'-- Up-to-date: /home/nicolas/ws_ros2/install/px4_msgs/include/px4_msgs/px4_msgs/msg/detail/sensor_hygrometer__rosidl_typesupport_fastrtps_c.h\n'}
[0.779480] (px4_msgs) StdoutLine: {'line': b'-- Up-to-date: /home/nicolas/ws_ros2/install/px4_msgs/include/px4_msgs/px4_msgs/msg/detail/differential_pressure__rosidl_typesupport_fastrtps_c.h\n'}
[0.779514] (px4_msgs) StdoutLine: {'line': b'-- Up-to-date: /home/nicolas/ws_ros2/install/px4_msgs/include/px4_msgs/px4_msgs/msg/detail/system_power__rosidl_typesupport_fastrtps_c.h\n'}
[0.779547] (px4_msgs) StdoutLine: {'line': b'-- Up-to-date: /home/nicolas/ws_ros2/install/px4_msgs/include/px4_msgs/px4_msgs/msg/detail/orb_test_large__rosidl_typesupport_fastrtps_c.h\n'}
[0.779577] (px4_msgs) StdoutLine: {'line': b'-- Up-to-date: /home/nicolas/ws_ros2/install/px4_msgs/include/px4_msgs/px4_msgs/msg/detail/rtl_time_estimate__rosidl_typesupport_fastrtps_c.h\n'}
[0.779608] (px4_msgs) StdoutLine: {'line': b'-- Up-to-date: /home/nicolas/ws_ros2/install/px4_msgs/include/px4_msgs/px4_msgs/msg/detail/qshell_retval__rosidl_typesupport_fastrtps_c.h\n'}
[0.779639] (px4_msgs) StdoutLine: {'line': b'-- Up-to-date: /home/nicolas/ws_ros2/install/px4_msgs/include/px4_msgs/px4_msgs/msg/detail/orb_test_medium__rosidl_typesupport_fastrtps_c.h\n'}
[0.779669] (px4_msgs) StdoutLine: {'line': b'-- Up-to-date: /home/nicolas/ws_ros2/install/px4_msgs/include/px4_msgs/px4_msgs/msg/detail/vehicle_magnetometer__rosidl_typesupport_fastrtps_c.h\n'}
[0.779699] (px4_msgs) StdoutLine: {'line': b'-- Up-to-date: /home/nicolas/ws_ros2/install/px4_msgs/include/px4_msgs/px4_msgs/msg/detail/fixed_wing_lateral_guidance_status__rosidl_typesupport_fastrtps_c.h\n'}
[0.779729] (px4_msgs) StdoutLine: {'line': b'-- Up-to-date: /home/nicolas/ws_ros2/install/px4_msgs/include/px4_msgs/px4_msgs/msg/detail/message_format_response__rosidl_typesupport_fastrtps_c.h\n'}
[0.779761] (px4_msgs) StdoutLine: {'line': b'-- Up-to-date: /home/nicolas/ws_ros2/install/px4_msgs/include/px4_msgs/px4_msgs/msg/detail/rover_attitude_status__rosidl_typesupport_fastrtps_c.h\n'}
[0.779791] (px4_msgs) StdoutLine: {'line': b'-- Up-to-date: /home/nicolas/ws_ros2/install/px4_msgs/include/px4_msgs/px4_msgs/msg/detail/mavlink_log__rosidl_typesupport_fastrtps_c.h\n'}
[0.779825] (px4_msgs) StdoutLine: {'line': b'-- Up-to-date: /home/nicolas/ws_ros2/install/px4_msgs/include/px4_msgs/px4_msgs/msg/detail/vehicle_attitude_setpoint__rosidl_typesupport_fastrtps_c.h\n'}
[0.779857] (px4_msgs) StdoutLine: {'line': b'-- Up-to-date: /home/nicolas/ws_ros2/install/px4_msgs/include/px4_msgs/px4_msgs/msg/detail/collision_constraints__rosidl_typesupport_fastrtps_c.h\n'}
[0.779887] (px4_msgs) StdoutLine: {'line': b'-- Up-to-date: /home/nicolas/ws_ros2/install/px4_msgs/include/px4_msgs/px4_msgs/msg/detail/gripper__rosidl_typesupport_fastrtps_c.h\n'}
[0.779917] (px4_msgs) StdoutLine: {'line': b'-- Up-to-date: /home/nicolas/ws_ros2/install/px4_msgs/include/px4_msgs/px4_msgs/msg/detail/debug_value__rosidl_typesupport_fastrtps_c.h\n'}
[0.779948] (px4_msgs) StdoutLine: {'line': b'-- Up-to-date: /home/nicolas/ws_ros2/install/px4_msgs/include/px4_msgs/px4_msgs/msg/detail/landing_gear_wheel__rosidl_typesupport_fastrtps_c.h\n'}
[0.779981] (px4_msgs) StdoutLine: {'line': b'-- Up-to-date: /home/nicolas/ws_ros2/install/px4_msgs/include/px4_msgs/px4_msgs/msg/detail/fixed_wing_runway_control__rosidl_typesupport_fastrtps_c.h\n'}
[0.780012] (px4_msgs) StdoutLine: {'line': b'-- Up-to-date: /home/nicolas/ws_ros2/install/px4_msgs/include/px4_msgs/px4_msgs/msg/detail/fixed_wing_lateral_setpoint__rosidl_typesupport_fastrtps_c.h\n'}
[0.780043] (px4_msgs) StdoutLine: {'line': b'-- Up-to-date: /home/nicolas/ws_ros2/install/px4_msgs/include/px4_msgs/px4_msgs/msg/detail/actuator_armed__rosidl_typesupport_fastrtps_c.h\n'}
[0.780074] (px4_msgs) StdoutLine: {'line': b'-- Up-to-date: /home/nicolas/ws_ros2/install/px4_msgs/include/px4_msgs/px4_msgs/msg/detail/gpio_in__rosidl_typesupport_fastrtps_c.h\n'}
[0.780104] (px4_msgs) StdoutLine: {'line': b'-- Up-to-date: /home/nicolas/ws_ros2/install/px4_msgs/include/px4_msgs/px4_msgs/msg/detail/iridiumsbd_status__rosidl_typesupport_fastrtps_c.h\n'}
[0.780142] (px4_msgs) StdoutLine: {'line': b'-- Up-to-date: /home/nicolas/ws_ros2/install/px4_msgs/include/px4_msgs/px4_msgs/msg/detail/fixed_wing_longitudinal_setpoint__rosidl_typesupport_fastrtps_c.h\n'}
[0.780173] (px4_msgs) StdoutLine: {'line': b'-- Up-to-date: /home/nicolas/ws_ros2/install/px4_msgs/include/px4_msgs/px4_msgs/msg/detail/debug_vect__rosidl_typesupport_fastrtps_c.h\n'}
[0.780204] (px4_msgs) StdoutLine: {'line': b'-- Up-to-date: /home/nicolas/ws_ros2/install/px4_msgs/include/px4_msgs/px4_msgs/msg/detail/parameter_update__rosidl_typesupport_fastrtps_c.h\n'}
[0.780240] (px4_msgs) StdoutLine: {'line': b'-- Up-to-date: /home/nicolas/ws_ros2/install/px4_msgs/include/px4_msgs/px4_msgs/msg/detail/geofence_status__rosidl_typesupport_fastrtps_c.h\n'}
[0.780271] (px4_msgs) StdoutLine: {'line': b'-- Up-to-date: /home/nicolas/ws_ros2/install/px4_msgs/include/px4_msgs/px4_msgs/msg/detail/esc_status__rosidl_typesupport_fastrtps_c.h\n'}
[0.780303] (px4_msgs) StdoutLine: {'line': b'-- Up-to-date: /home/nicolas/ws_ros2/install/px4_msgs/include/px4_msgs/px4_msgs/msg/detail/gps_dump__rosidl_typesupport_fastrtps_c.h\n'}
[0.780334] (px4_msgs) StdoutLine: {'line': b'-- Up-to-date: /home/nicolas/ws_ros2/install/px4_msgs/include/px4_msgs/px4_msgs/msg/detail/vehicle_optical_flow_vel__rosidl_typesupport_fastrtps_c.h\n'}
[0.780365] (px4_msgs) StdoutLine: {'line': b'-- Up-to-date: /home/nicolas/ws_ros2/install/px4_msgs/include/px4_msgs/px4_msgs/msg/detail/cpuload__rosidl_typesupport_fastrtps_c.h\n'}
[0.780397] (px4_msgs) StdoutLine: {'line': b'-- Up-to-date: /home/nicolas/ws_ros2/install/px4_msgs/include/px4_msgs/px4_msgs/msg/detail/position_setpoint_triplet__rosidl_typesupport_fastrtps_c.h\n'}
[0.780427] (px4_msgs) StdoutLine: {'line': b'-- Up-to-date: /home/nicolas/ws_ros2/install/px4_msgs/include/px4_msgs/px4_msgs/msg/rosidl_typesupport_fastrtps_c__visibility_control.h\n'}
[0.780462] (px4_msgs) StdoutLine: {'line': b'-- Up-to-date: /home/nicolas/ws_ros2/install/px4_msgs/lib/libpx4_msgs__rosidl_typesupport_fastrtps_c.so\n'}
[0.780498] (px4_msgs) StdoutLine: {'line': b'-- Up-to-date: /home/nicolas/ws_ros2/install/px4_msgs/include/px4_msgs/px4_msgs\n'}
[0.780529] (px4_msgs) StdoutLine: {'line': b'-- Up-to-date: /home/nicolas/ws_ros2/install/px4_msgs/include/px4_msgs/px4_msgs/srv\n'}
[0.780561] (px4_msgs) StdoutLine: {'line': b'-- Up-to-date: /home/nicolas/ws_ros2/install/px4_msgs/include/px4_msgs/px4_msgs/srv/detail\n'}
[0.780592] (px4_msgs) StdoutLine: {'line': b'-- Up-to-date: /home/nicolas/ws_ros2/install/px4_msgs/include/px4_msgs/px4_msgs/srv/detail/vehicle_command__traits.hpp\n'}
[0.780623] (px4_msgs) StdoutLine: {'line': b'-- Up-to-date: /home/nicolas/ws_ros2/install/px4_msgs/include/px4_msgs/px4_msgs/srv/detail/vehicle_command__type_support.hpp\n'}
[0.780653] (px4_msgs) StdoutLine: {'line': b'-- Up-to-date: /home/nicolas/ws_ros2/install/px4_msgs/include/px4_msgs/px4_msgs/srv/detail/vehicle_command__struct.hpp\n'}
[0.780685] (px4_msgs) StdoutLine: {'line': b'-- Up-to-date: /home/nicolas/ws_ros2/install/px4_msgs/include/px4_msgs/px4_msgs/srv/detail/vehicle_command__builder.hpp\n'}
[0.780716] (px4_msgs) StdoutLine: {'line': b'-- Up-to-date: /home/nicolas/ws_ros2/install/px4_msgs/include/px4_msgs/px4_msgs/srv/vehicle_command.hpp\n'}
[0.780747] (px4_msgs) StdoutLine: {'line': b'-- Up-to-date: /home/nicolas/ws_ros2/install/px4_msgs/include/px4_msgs/px4_msgs/msg\n'}
[0.780777] (px4_msgs) StdoutLine: {'line': b'-- Up-to-date: /home/nicolas/ws_ros2/install/px4_msgs/include/px4_msgs/px4_msgs/msg/internal_combustion_engine_control.hpp\n'}
[0.780807] (px4_msgs) StdoutLine: {'line': b'-- Up-to-date: /home/nicolas/ws_ros2/install/px4_msgs/include/px4_msgs/px4_msgs/msg/vehicle_global_position.hpp\n'}
[0.780838] (px4_msgs) StdoutLine: {'line': b'-- Up-to-date: /home/nicolas/ws_ros2/install/px4_msgs/include/px4_msgs/px4_msgs/msg/debug_vect.hpp\n'}
[0.780869] (px4_msgs) StdoutLine: {'line': b'-- Up-to-date: /home/nicolas/ws_ros2/install/px4_msgs/include/px4_msgs/px4_msgs/msg/figure_eight_status.hpp\n'}
[0.780900] (px4_msgs) StdoutLine: {'line': b'-- Up-to-date: /home/nicolas/ws_ros2/install/px4_msgs/include/px4_msgs/px4_msgs/msg/yaw_estimator_status.hpp\n'}
[0.780930] (px4_msgs) StdoutLine: {'line': b'-- Up-to-date: /home/nicolas/ws_ros2/install/px4_msgs/include/px4_msgs/px4_msgs/msg/landing_target_pose.hpp\n'}
[0.780964] (px4_msgs) StdoutLine: {'line': b'-- Up-to-date: /home/nicolas/ws_ros2/install/px4_msgs/include/px4_msgs/px4_msgs/msg/autotune_attitude_control_status.hpp\n'}
[0.780994] (px4_msgs) StdoutLine: {'line': b'-- Up-to-date: /home/nicolas/ws_ros2/install/px4_msgs/include/px4_msgs/px4_msgs/msg/rover_throttle_setpoint.hpp\n'}
[0.781025] (px4_msgs) StdoutLine: {'line': b'-- Up-to-date: /home/nicolas/ws_ros2/install/px4_msgs/include/px4_msgs/px4_msgs/msg/sensor_hygrometer.hpp\n'}
[0.781055] (px4_msgs) StdoutLine: {'line': b'-- Up-to-date: /home/nicolas/ws_ros2/install/px4_msgs/include/px4_msgs/px4_msgs/msg/airspeed.hpp\n'}
[0.781086] (px4_msgs) StdoutLine: {'line': b'-- Up-to-date: /home/nicolas/ws_ros2/install/px4_msgs/include/px4_msgs/px4_msgs/msg/longitudinal_control_configuration.hpp\n'}
[0.781116] (px4_msgs) StdoutLine: {'line': b'-- Up-to-date: /home/nicolas/ws_ros2/install/px4_msgs/include/px4_msgs/px4_msgs/msg/log_message.hpp\n'}
[0.781148] (px4_msgs) StdoutLine: {'line': b'-- Up-to-date: /home/nicolas/ws_ros2/install/px4_msgs/include/px4_msgs/px4_msgs/msg/cellular_status.hpp\n'}
[0.781178] (px4_msgs) StdoutLine: {'line': b'-- Up-to-date: /home/nicolas/ws_ros2/install/px4_msgs/include/px4_msgs/px4_msgs/msg/sensor_gnss_relative.hpp\n'}
[0.781209] (px4_msgs) StdoutLine: {'line': b'-- Up-to-date: /home/nicolas/ws_ros2/install/px4_msgs/include/px4_msgs/px4_msgs/msg/vehicle_attitude.hpp\n'}
[0.781238] (px4_msgs) StdoutLine: {'line': b'-- Up-to-date: /home/nicolas/ws_ros2/install/px4_msgs/include/px4_msgs/px4_msgs/msg/telemetry_status.hpp\n'}
[0.781268] (px4_msgs) StdoutLine: {'line': b'-- Up-to-date: /home/nicolas/ws_ros2/install/px4_msgs/include/px4_msgs/px4_msgs/msg/obstacle_distance.hpp\n'}
[0.781298] (px4_msgs) StdoutLine: {'line': b'-- Up-to-date: /home/nicolas/ws_ros2/install/px4_msgs/include/px4_msgs/px4_msgs/msg/register_ext_component_reply.hpp\n'}
[0.781330] (px4_msgs) StdoutLine: {'line': b'-- Up-to-date: /home/nicolas/ws_ros2/install/px4_msgs/include/px4_msgs/px4_msgs/msg/system_power.hpp\n'}
[0.781365] (px4_msgs) StdoutLine: {'line': b'-- Up-to-date: /home/nicolas/ws_ros2/install/px4_msgs/include/px4_msgs/px4_msgs/msg/debug_key_value.hpp\n'}
[0.781396] (px4_msgs) StdoutLine: {'line': b'-- Up-to-date: /home/nicolas/ws_ros2/install/px4_msgs/include/px4_msgs/px4_msgs/msg/actuator_outputs.hpp\n'}
[0.781428] (px4_msgs) StdoutLine: {'line': b'-- Up-to-date: /home/nicolas/ws_ros2/install/px4_msgs/include/px4_msgs/px4_msgs/msg/follow_target_estimator.hpp\n'}
[0.781460] (px4_msgs) StdoutLine: {'line': b'-- Up-to-date: /home/nicolas/ws_ros2/install/px4_msgs/include/px4_msgs/px4_msgs/msg/open_drone_id_arm_status.hpp\n'}
[0.781493] (px4_msgs) StdoutLine: {'line': b'-- Up-to-date: /home/nicolas/ws_ros2/install/px4_msgs/include/px4_msgs/px4_msgs/msg/offboard_control_mode.hpp\n'}
[0.781523] (px4_msgs) StdoutLine: {'line': b'-- Up-to-date: /home/nicolas/ws_ros2/install/px4_msgs/include/px4_msgs/px4_msgs/msg/landing_target_innovations.hpp\n'}
[0.781555] (px4_msgs) StdoutLine: {'line': b'-- Up-to-date: /home/nicolas/ws_ros2/install/px4_msgs/include/px4_msgs/px4_msgs/msg/rover_steering_setpoint.hpp\n'}
[0.781586] (px4_msgs) StdoutLine: {'line': b'-- Up-to-date: /home/nicolas/ws_ros2/install/px4_msgs/include/px4_msgs/px4_msgs/msg/neural_control.hpp\n'}
[0.781617] (px4_msgs) StdoutLine: {'line': b'-- Up-to-date: /home/nicolas/ws_ros2/install/px4_msgs/include/px4_msgs/px4_msgs/msg/parameter_update.hpp\n'}
[0.781647] (px4_msgs) StdoutLine: {'line': b'-- Up-to-date: /home/nicolas/ws_ros2/install/px4_msgs/include/px4_msgs/px4_msgs/msg/mavlink_log.hpp\n'}
[0.781678] (px4_msgs) StdoutLine: {'line': b'-- Up-to-date: /home/nicolas/ws_ros2/install/px4_msgs/include/px4_msgs/px4_msgs/msg/pure_pursuit_status.hpp\n'}
[0.781708] (px4_msgs) StdoutLine: {'line': b'-- Up-to-date: /home/nicolas/ws_ros2/install/px4_msgs/include/px4_msgs/px4_msgs/msg/vehicle_command_ack.hpp\n'}
[0.781739] (px4_msgs) StdoutLine: {'line': b'-- Up-to-date: /home/nicolas/ws_ros2/install/px4_msgs/include/px4_msgs/px4_msgs/msg/sensors_status_imu.hpp\n'}
[0.781770] (px4_msgs) StdoutLine: {'line': b'-- Up-to-date: /home/nicolas/ws_ros2/install/px4_msgs/include/px4_msgs/px4_msgs/msg/orbit_status.hpp\n'}
[0.781800] (px4_msgs) StdoutLine: {'line': b'-- Up-to-date: /home/nicolas/ws_ros2/install/px4_msgs/include/px4_msgs/px4_msgs/msg/home_position.hpp\n'}
[0.781830] (px4_msgs) StdoutLine: {'line': b'-- Up-to-date: /home/nicolas/ws_ros2/install/px4_msgs/include/px4_msgs/px4_msgs/msg/internal_combustion_engine_status.hpp\n'}
[0.781859] (px4_msgs) StdoutLine: {'line': b'-- Up-to-date: /home/nicolas/ws_ros2/install/px4_msgs/include/px4_msgs/px4_msgs/msg/estimator_innovations.hpp\n'}
[0.781890] (px4_msgs) StdoutLine: {'line': b'-- Up-to-date: /home/nicolas/ws_ros2/install/px4_msgs/include/px4_msgs/px4_msgs/msg/led_control.hpp\n'}
[0.781920] (px4_msgs) StdoutLine: {'line': b'-- Up-to-date: /home/nicolas/ws_ros2/install/px4_msgs/include/px4_msgs/px4_msgs/msg/sensor_preflight_mag.hpp\n'}
[0.781950] (px4_msgs) StdoutLine: {'line': b'-- Up-to-date: /home/nicolas/ws_ros2/install/px4_msgs/include/px4_msgs/px4_msgs/msg/debug_value.hpp\n'}
[0.781981] (px4_msgs) StdoutLine: {'line': b'-- Up-to-date: /home/nicolas/ws_ros2/install/px4_msgs/include/px4_msgs/px4_msgs/msg/fuel_tank_status.hpp\n'}
[0.782011] (px4_msgs) StdoutLine: {'line': b'-- Up-to-date: /home/nicolas/ws_ros2/install/px4_msgs/include/px4_msgs/px4_msgs/msg/gimbal_manager_information.hpp\n'}
[0.782046] (px4_msgs) StdoutLine: {'line': b'-- Up-to-date: /home/nicolas/ws_ros2/install/px4_msgs/include/px4_msgs/px4_msgs/msg/task_stack_info.hpp\n'}
[0.782077] (px4_msgs) StdoutLine: {'line': b'-- Up-to-date: /home/nicolas/ws_ros2/install/px4_msgs/include/px4_msgs/px4_msgs/msg/parameter_set_value_request.hpp\n'}
[0.782108] (px4_msgs) StdoutLine: {'line': b'-- Up-to-date: /home/nicolas/ws_ros2/install/px4_msgs/include/px4_msgs/px4_msgs/msg/manual_control_setpoint.hpp\n'}
[0.782140] (px4_msgs) StdoutLine: {'line': b'-- Up-to-date: /home/nicolas/ws_ros2/install/px4_msgs/include/px4_msgs/px4_msgs/msg/action_request.hpp\n'}
[0.782170] (px4_msgs) StdoutLine: {'line': b'-- Up-to-date: /home/nicolas/ws_ros2/install/px4_msgs/include/px4_msgs/px4_msgs/msg/rover_rate_setpoint.hpp\n'}
[0.782200] (px4_msgs) StdoutLine: {'line': b'-- Up-to-date: /home/nicolas/ws_ros2/install/px4_msgs/include/px4_msgs/px4_msgs/msg/orb_test_large.hpp\n'}
[0.782237] (px4_msgs) StdoutLine: {'line': b'-- Up-to-date: /home/nicolas/ws_ros2/install/px4_msgs/include/px4_msgs/px4_msgs/msg/airspeed_wind.hpp\n'}
[0.782268] (px4_msgs) StdoutLine: {'line': b'-- Up-to-date: /home/nicolas/ws_ros2/install/px4_msgs/include/px4_msgs/px4_msgs/msg/vehicle_imu.hpp\n'}
[0.782299] (px4_msgs) StdoutLine: {'line': b'-- Up-to-date: /home/nicolas/ws_ros2/install/px4_msgs/include/px4_msgs/px4_msgs/msg/sensor_gps.hpp\n'}
[0.782329] (px4_msgs) StdoutLine: {'line': b'-- Up-to-date: /home/nicolas/ws_ros2/install/px4_msgs/include/px4_msgs/px4_msgs/msg/rtl_time_estimate.hpp\n'}
[0.782359] (px4_msgs) StdoutLine: {'line': b'-- Up-to-date: /home/nicolas/ws_ros2/install/px4_msgs/include/px4_msgs/px4_msgs/msg/velocity_limits.hpp\n'}
[0.782390] (px4_msgs) StdoutLine: {'line': b'-- Up-to-date: /home/nicolas/ws_ros2/install/px4_msgs/include/px4_msgs/px4_msgs/msg/vehicle_magnetometer.hpp\n'}
[0.782420] (px4_msgs) StdoutLine: {'line': b'-- Up-to-date: /home/nicolas/ws_ros2/install/px4_msgs/include/px4_msgs/px4_msgs/msg/follow_target.hpp\n'}
[0.782452] (px4_msgs) StdoutLine: {'line': b'-- Up-to-date: /home/nicolas/ws_ros2/install/px4_msgs/include/px4_msgs/px4_msgs/msg/camera_trigger.hpp\n'}
[0.782485] (px4_msgs) StdoutLine: {'line': b'-- Up-to-date: /home/nicolas/ws_ros2/install/px4_msgs/include/px4_msgs/px4_msgs/msg/gpio_in.hpp\n'}
[0.782516] (px4_msgs) StdoutLine: {'line': b'-- Up-to-date: /home/nicolas/ws_ros2/install/px4_msgs/include/px4_msgs/px4_msgs/msg/tiltrotor_extra_controls.hpp\n'}
[0.782547] (px4_msgs) StdoutLine: {'line': b'-- Up-to-date: /home/nicolas/ws_ros2/install/px4_msgs/include/px4_msgs/px4_msgs/msg/input_rc.hpp\n'}
[0.782582] (px4_msgs) StdoutLine: {'line': b'-- Up-to-date: /home/nicolas/ws_ros2/install/px4_msgs/include/px4_msgs/px4_msgs/msg/gimbal_device_information.hpp\n'}
[0.782614] (px4_msgs) StdoutLine: {'line': b'-- Up-to-date: /home/nicolas/ws_ros2/install/px4_msgs/include/px4_msgs/px4_msgs/msg/position_setpoint_triplet.hpp\n'}
[0.782645] (px4_msgs) StdoutLine: {'line': b'-- Up-to-date: /home/nicolas/ws_ros2/install/px4_msgs/include/px4_msgs/px4_msgs/msg/rover_rate_status.hpp\n'}
[0.782676] (px4_msgs) StdoutLine: {'line': b'-- Up-to-date: /home/nicolas/ws_ros2/install/px4_msgs/include/px4_msgs/px4_msgs/msg/gps_dump.hpp\n'}
[0.782706] (px4_msgs) StdoutLine: {'line': b'-- Up-to-date: /home/nicolas/ws_ros2/install/px4_msgs/include/px4_msgs/px4_msgs/msg/gripper.hpp\n'}
[0.782736] (px4_msgs) StdoutLine: {'line': b'-- Up-to-date: /home/nicolas/ws_ros2/install/px4_msgs/include/px4_msgs/px4_msgs/msg/gimbal_manager_set_attitude.hpp\n'}
[0.782767] (px4_msgs) StdoutLine: {'line': b'-- Up-to-date: /home/nicolas/ws_ros2/install/px4_msgs/include/px4_msgs/px4_msgs/msg/vehicle_thrust_setpoint.hpp\n'}
[0.782798] (px4_msgs) StdoutLine: {'line': b'-- Up-to-date: /home/nicolas/ws_ros2/install/px4_msgs/include/px4_msgs/px4_msgs/msg/distance_sensor.hpp\n'}
[0.782829] (px4_msgs) StdoutLine: {'line': b'-- Up-to-date: /home/nicolas/ws_ros2/install/px4_msgs/include/px4_msgs/px4_msgs/msg/airspeed_validated.hpp\n'}
[0.782860] (px4_msgs) StdoutLine: {'line': b'-- Up-to-date: /home/nicolas/ws_ros2/install/px4_msgs/include/px4_msgs/px4_msgs/msg/fixed_wing_runway_control.hpp\n'}
[0.782891] (px4_msgs) StdoutLine: {'line': b'-- Up-to-date: /home/nicolas/ws_ros2/install/px4_msgs/include/px4_msgs/px4_msgs/msg/detail\n'}
[0.782922] (px4_msgs) StdoutLine: {'line': b'-- Up-to-date: /home/nicolas/ws_ros2/install/px4_msgs/include/px4_msgs/px4_msgs/msg/detail/airspeed__struct.hpp\n'}
[0.782954] (px4_msgs) StdoutLine: {'line': b'-- Up-to-date: /home/nicolas/ws_ros2/install/px4_msgs/include/px4_msgs/px4_msgs/msg/detail/gpio_config__traits.hpp\n'}
[0.782985] (px4_msgs) StdoutLine: {'line': b'-- Up-to-date: /home/nicolas/ws_ros2/install/px4_msgs/include/px4_msgs/px4_msgs/msg/detail/vehicle_roi__struct.hpp\n'}
[0.783015] (px4_msgs) StdoutLine: {'line': b'-- Up-to-date: /home/nicolas/ws_ros2/install/px4_msgs/include/px4_msgs/px4_msgs/msg/detail/sensors_status_imu__struct.hpp\n'}
[0.783047] (px4_msgs) StdoutLine: {'line': b'-- Up-to-date: /home/nicolas/ws_ros2/install/px4_msgs/include/px4_msgs/px4_msgs/msg/detail/airspeed_wind__type_support.hpp\n'}
[0.783077] (px4_msgs) StdoutLine: {'line': b'-- Up-to-date: /home/nicolas/ws_ros2/install/px4_msgs/include/px4_msgs/px4_msgs/msg/detail/heater_status__traits.hpp\n'}
[0.783107] (px4_msgs) StdoutLine: {'line': b'-- Up-to-date: /home/nicolas/ws_ros2/install/px4_msgs/include/px4_msgs/px4_msgs/msg/detail/rover_steering_setpoint__traits.hpp\n'}
[0.783141] (px4_msgs) StdoutLine: {'line': b'-- Up-to-date: /home/nicolas/ws_ros2/install/px4_msgs/include/px4_msgs/px4_msgs/msg/detail/control_allocator_status__traits.hpp\n'}
[0.783183] (px4_msgs) StdoutLine: {'line': b'-- Up-to-date: /home/nicolas/ws_ros2/install/px4_msgs/include/px4_msgs/px4_msgs/msg/detail/geofence_result__type_support.hpp\n'}
[0.783214] (px4_msgs) StdoutLine: {'line': b'-- Up-to-date: /home/nicolas/ws_ros2/install/px4_msgs/include/px4_msgs/px4_msgs/msg/detail/internal_combustion_engine_status__builder.hpp\n'}
[0.783244] (px4_msgs) StdoutLine: {'line': b'-- Up-to-date: /home/nicolas/ws_ros2/install/px4_msgs/include/px4_msgs/px4_msgs/msg/detail/orb_test__type_support.hpp\n'}
[0.783275] (px4_msgs) StdoutLine: {'line': b'-- Up-to-date: /home/nicolas/ws_ros2/install/px4_msgs/include/px4_msgs/px4_msgs/msg/detail/camera_capture__traits.hpp\n'}
[0.783306] (px4_msgs) StdoutLine: {'line': b'-- Up-to-date: /home/nicolas/ws_ros2/install/px4_msgs/include/px4_msgs/px4_msgs/msg/detail/manual_control_setpoint__traits.hpp\n'}
[0.783337] (px4_msgs) StdoutLine: {'line': b'-- Up-to-date: /home/nicolas/ws_ros2/install/px4_msgs/include/px4_msgs/px4_msgs/msg/detail/vehicle_constraints__builder.hpp\n'}
[0.783368] (px4_msgs) StdoutLine: {'line': b'-- Up-to-date: /home/nicolas/ws_ros2/install/px4_msgs/include/px4_msgs/px4_msgs/msg/detail/vehicle_attitude_setpoint__struct.hpp\n'}
[0.783400] (px4_msgs) StdoutLine: {'line': b'-- Up-to-date: /home/nicolas/ws_ros2/install/px4_msgs/include/px4_msgs/px4_msgs/msg/detail/geofence_status__type_support.hpp\n'}
[0.783430] (px4_msgs) StdoutLine: {'line': b'-- Up-to-date: /home/nicolas/ws_ros2/install/px4_msgs/include/px4_msgs/px4_msgs/msg/detail/normalized_unsigned_setpoint__traits.hpp\n'}
[0.783465] (px4_msgs) StdoutLine: {'line': b'-- Up-to-date: /home/nicolas/ws_ros2/install/px4_msgs/include/px4_msgs/px4_msgs/msg/detail/sensor_gnss_status__struct.hpp\n'}
[0.783499] (px4_msgs) StdoutLine: {'line': b'-- Up-to-date: /home/nicolas/ws_ros2/install/px4_msgs/include/px4_msgs/px4_msgs/msg/detail/internal_combustion_engine_control__traits.hpp\n'}
[0.783529] (px4_msgs) StdoutLine: {'line': b'-- Up-to-date: /home/nicolas/ws_ros2/install/px4_msgs/include/px4_msgs/px4_msgs/msg/detail/figure_eight_status__type_support.hpp\n'}
[0.783562] (px4_msgs) StdoutLine: {'line': b'-- Up-to-date: /home/nicolas/ws_ros2/install/px4_msgs/include/px4_msgs/px4_msgs/msg/detail/pure_pursuit_status__builder.hpp\n'}
[0.783593] (px4_msgs) StdoutLine: {'line': b'-- Up-to-date: /home/nicolas/ws_ros2/install/px4_msgs/include/px4_msgs/px4_msgs/msg/detail/estimator_status__struct.hpp\n'}
[0.783624] (px4_msgs) StdoutLine: {'line': b'-- Up-to-date: /home/nicolas/ws_ros2/install/px4_msgs/include/px4_msgs/px4_msgs/msg/detail/dronecan_node_status__traits.hpp\n'}
[0.783659] (px4_msgs) StdoutLine: {'line': b'-- Up-to-date: /home/nicolas/ws_ros2/install/px4_msgs/include/px4_msgs/px4_msgs/msg/detail/offboard_control_mode__type_support.hpp\n'}
[0.783690] (px4_msgs) StdoutLine: {'line': b'-- Up-to-date: /home/nicolas/ws_ros2/install/px4_msgs/include/px4_msgs/px4_msgs/msg/detail/vehicle_rates_setpoint__struct.hpp\n'}
[0.783724] (px4_msgs) StdoutLine: {'line': b'-- Up-to-date: /home/nicolas/ws_ros2/install/px4_msgs/include/px4_msgs/px4_msgs/msg/detail/estimator_bias__struct.hpp\n'}
[0.783756] (px4_msgs) StdoutLine: {'line': b'-- Up-to-date: /home/nicolas/ws_ros2/install/px4_msgs/include/px4_msgs/px4_msgs/msg/detail/estimator_status_flags__builder.hpp\n'}
[0.783786] (px4_msgs) StdoutLine: {'line': b'-- Up-to-date: /home/nicolas/ws_ros2/install/px4_msgs/include/px4_msgs/px4_msgs/msg/detail/gpio_in__builder.hpp\n'}
[0.783819] (px4_msgs) StdoutLine: {'line': b'-- Up-to-date: /home/nicolas/ws_ros2/install/px4_msgs/include/px4_msgs/px4_msgs/msg/detail/takeoff_status__type_support.hpp\n'}
[0.783850] (px4_msgs) StdoutLine: {'line': b'-- Up-to-date: /home/nicolas/ws_ros2/install/px4_msgs/include/px4_msgs/px4_msgs/msg/detail/vehicle_torque_setpoint__traits.hpp\n'}
[0.783881] (px4_msgs) StdoutLine: {'line': b'-- Up-to-date: /home/nicolas/ws_ros2/install/px4_msgs/include/px4_msgs/px4_msgs/msg/detail/vehicle_land_detected__traits.hpp\n'}
[0.783912] (px4_msgs) StdoutLine: {'line': b'-- Up-to-date: /home/nicolas/ws_ros2/install/px4_msgs/include/px4_msgs/px4_msgs/msg/detail/failure_detector_status__traits.hpp\n'}
[0.783942] (px4_msgs) StdoutLine: {'line': b'-- Up-to-date: /home/nicolas/ws_ros2/install/px4_msgs/include/px4_msgs/px4_msgs/msg/detail/sensor_gnss_relative__builder.hpp\n'}
[0.783972] (px4_msgs) StdoutLine: {'line': b'-- Up-to-date: /home/nicolas/ws_ros2/install/px4_msgs/include/px4_msgs/px4_msgs/msg/detail/longitudinal_control_configuration__traits.hpp\n'}
[0.784003] (px4_msgs) StdoutLine: {'line': b'-- Up-to-date: /home/nicolas/ws_ros2/install/px4_msgs/include/px4_msgs/px4_msgs/msg/detail/fixed_wing_runway_control__builder.hpp\n'}
[0.784035] (px4_msgs) StdoutLine: {'line': b'-- Up-to-date: /home/nicolas/ws_ros2/install/px4_msgs/include/px4_msgs/px4_msgs/msg/detail/camera_trigger__struct.hpp\n'}
[0.784066] (px4_msgs) StdoutLine: {'line': b'-- Up-to-date: /home/nicolas/ws_ros2/install/px4_msgs/include/px4_msgs/px4_msgs/msg/detail/rover_speed_setpoint__builder.hpp\n'}
[0.784098] (px4_msgs) StdoutLine: {'line': b'-- Up-to-date: /home/nicolas/ws_ros2/install/px4_msgs/include/px4_msgs/px4_msgs/msg/detail/ulog_stream__traits.hpp\n'}
[0.784129] (px4_msgs) StdoutLine: {'line': b'-- Up-to-date: /home/nicolas/ws_ros2/install/px4_msgs/include/px4_msgs/px4_msgs/msg/detail/gpio_in__traits.hpp\n'}
[0.784161] (px4_msgs) StdoutLine: {'line': b'-- Up-to-date: /home/nicolas/ws_ros2/install/px4_msgs/include/px4_msgs/px4_msgs/msg/detail/actuator_motors__builder.hpp\n'}
[0.784194] (px4_msgs) StdoutLine: {'line': b'-- Up-to-date: /home/nicolas/ws_ros2/install/px4_msgs/include/px4_msgs/px4_msgs/msg/detail/normalized_unsigned_setpoint__struct.hpp\n'}
[0.784235] (px4_msgs) StdoutLine: {'line': b'-- Up-to-date: /home/nicolas/ws_ros2/install/px4_msgs/include/px4_msgs/px4_msgs/msg/detail/action_request__builder.hpp\n'}
[0.784270] (px4_msgs) StdoutLine: {'line': b'-- Up-to-date: /home/nicolas/ws_ros2/install/px4_msgs/include/px4_msgs/px4_msgs/msg/detail/estimator_bias__builder.hpp\n'}
[0.784301] (px4_msgs) StdoutLine: {'line': b'-- Up-to-date: /home/nicolas/ws_ros2/install/px4_msgs/include/px4_msgs/px4_msgs/msg/detail/velocity_limits__struct.hpp\n'}
[0.784333] (px4_msgs) StdoutLine: {'line': b'-- Up-to-date: /home/nicolas/ws_ros2/install/px4_msgs/include/px4_msgs/px4_msgs/msg/detail/cellular_status__builder.hpp\n'}
[0.784364] (px4_msgs) StdoutLine: {'line': b'-- Up-to-date: /home/nicolas/ws_ros2/install/px4_msgs/include/px4_msgs/px4_msgs/msg/detail/battery_status__type_support.hpp\n'}
[0.784395] (px4_msgs) StdoutLine: {'line': b'-- Up-to-date: /home/nicolas/ws_ros2/install/px4_msgs/include/px4_msgs/px4_msgs/msg/detail/failure_detector_status__type_support.hpp\n'}
[0.784426] (px4_msgs) StdoutLine: {'line': b'-- Up-to-date: /home/nicolas/ws_ros2/install/px4_msgs/include/px4_msgs/px4_msgs/msg/detail/register_ext_component_reply__builder.hpp\n'}
[0.784460] (px4_msgs) StdoutLine: {'line': b'-- Up-to-date: /home/nicolas/ws_ros2/install/px4_msgs/include/px4_msgs/px4_msgs/msg/detail/ulog_stream_ack__builder.hpp\n'}
[0.784495] (px4_msgs) StdoutLine: {'line': b'-- Up-to-date: /home/nicolas/ws_ros2/install/px4_msgs/include/px4_msgs/px4_msgs/msg/detail/estimator_aid_source3d__builder.hpp\n'}
[0.784525] (px4_msgs) StdoutLine: {'line': b'-- Up-to-date: /home/nicolas/ws_ros2/install/px4_msgs/include/px4_msgs/px4_msgs/msg/detail/normalized_unsigned_setpoint__type_support.hpp\n'}
[0.784557] (px4_msgs) StdoutLine: {'line': b'-- Up-to-date: /home/nicolas/ws_ros2/install/px4_msgs/include/px4_msgs/px4_msgs/msg/detail/airspeed_wind__traits.hpp\n'}
[0.784591] (px4_msgs) StdoutLine: {'line': b'-- Up-to-date: /home/nicolas/ws_ros2/install/px4_msgs/include/px4_msgs/px4_msgs/msg/detail/telemetry_status__builder.hpp\n'}
[0.784624] (px4_msgs) StdoutLine: {'line': b'-- Up-to-date: /home/nicolas/ws_ros2/install/px4_msgs/include/px4_msgs/px4_msgs/msg/detail/landing_target_pose__traits.hpp\n'}
[0.784655] (px4_msgs) StdoutLine: {'line': b'-- Up-to-date: /home/nicolas/ws_ros2/install/px4_msgs/include/px4_msgs/px4_msgs/msg/detail/fixed_wing_runway_control__struct.hpp\n'}
[0.784686] (px4_msgs) StdoutLine: {'line': b'-- Up-to-date: /home/nicolas/ws_ros2/install/px4_msgs/include/px4_msgs/px4_msgs/msg/detail/failure_detector_status__builder.hpp\n'}
[0.784721] (px4_msgs) StdoutLine: {'line': b'-- Up-to-date: /home/nicolas/ws_ros2/install/px4_msgs/include/px4_msgs/px4_msgs/msg/detail/qshell_req__traits.hpp\n'}
[0.784752] (px4_msgs) StdoutLine: {'line': b'-- Up-to-date: /home/nicolas/ws_ros2/install/px4_msgs/include/px4_msgs/px4_msgs/msg/detail/dataman_request__traits.hpp\n'}
[0.784783] (px4_msgs) StdoutLine: {'line': b'-- Up-to-date: /home/nicolas/ws_ros2/install/px4_msgs/include/px4_msgs/px4_msgs/msg/detail/manual_control_setpoint__type_support.hpp\n'}
[0.784814] (px4_msgs) StdoutLine: {'line': b'-- Up-to-date: /home/nicolas/ws_ros2/install/px4_msgs/include/px4_msgs/px4_msgs/msg/detail/led_control__struct.hpp\n'}
[0.784845] (px4_msgs) StdoutLine: {'line': b'-- Up-to-date: /home/nicolas/ws_ros2/install/px4_msgs/include/px4_msgs/px4_msgs/msg/detail/rate_ctrl_status__traits.hpp\n'}
[0.784876] (px4_msgs) StdoutLine: {'line': b'-- Up-to-date: /home/nicolas/ws_ros2/install/px4_msgs/include/px4_msgs/px4_msgs/msg/detail/vehicle_local_position_setpoint__struct.hpp\n'}
[0.784906] (px4_msgs) StdoutLine: {'line': b'-- Up-to-date: /home/nicolas/ws_ros2/install/px4_msgs/include/px4_msgs/px4_msgs/msg/detail/ulog_stream__struct.hpp\n'}
[0.784937] (px4_msgs) StdoutLine: {'line': b'-- Up-to-date: /home/nicolas/ws_ros2/install/px4_msgs/include/px4_msgs/px4_msgs/msg/detail/lateral_control_configuration__traits.hpp\n'}
[0.784967] (px4_msgs) StdoutLine: {'line': b'-- Up-to-date: /home/nicolas/ws_ros2/install/px4_msgs/include/px4_msgs/px4_msgs/msg/detail/sensor_gnss_status__traits.hpp\n'}
[0.784998] (px4_msgs) StdoutLine: {'line': b'-- Up-to-date: /home/nicolas/ws_ros2/install/px4_msgs/include/px4_msgs/px4_msgs/msg/detail/vehicle_odometry__type_support.hpp\n'}
[0.785029] (px4_msgs) StdoutLine: {'line': b'-- Up-to-date: /home/nicolas/ws_ros2/install/px4_msgs/include/px4_msgs/px4_msgs/msg/detail/rpm__struct.hpp\n'}
[0.785060] (px4_msgs) StdoutLine: {'line': b'-- Up-to-date: /home/nicolas/ws_ros2/install/px4_msgs/include/px4_msgs/px4_msgs/msg/detail/fixed_wing_lateral_setpoint__struct.hpp\n'}
[0.785104] (px4_msgs) StdoutLine: {'line': b'-- Up-to-date: /home/nicolas/ws_ros2/install/px4_msgs/include/px4_msgs/px4_msgs/msg/detail/position_controller_status__builder.hpp\n'}
[0.785136] (px4_msgs) StdoutLine: {'line': b'-- Up-to-date: /home/nicolas/ws_ros2/install/px4_msgs/include/px4_msgs/px4_msgs/msg/detail/rpm__builder.hpp\n'}
[0.785168] (px4_msgs) StdoutLine: {'line': b'-- Up-to-date: /home/nicolas/ws_ros2/install/px4_msgs/include/px4_msgs/px4_msgs/msg/detail/sensor_gps__traits.hpp\n'}
[0.785200] (px4_msgs) StdoutLine: {'line': b'-- Up-to-date: /home/nicolas/ws_ros2/install/px4_msgs/include/px4_msgs/px4_msgs/msg/detail/airspeed_validated__struct.hpp\n'}
[0.785234] (px4_msgs) StdoutLine: {'line': b'-- Up-to-date: /home/nicolas/ws_ros2/install/px4_msgs/include/px4_msgs/px4_msgs/msg/detail/trajectory_setpoint6dof__traits.hpp\n'}
[0.785266] (px4_msgs) StdoutLine: {'line': b'-- Up-to-date: /home/nicolas/ws_ros2/install/px4_msgs/include/px4_msgs/px4_msgs/msg/detail/estimator_status_flags__struct.hpp\n'}
[0.785296] (px4_msgs) StdoutLine: {'line': b'-- Up-to-date: /home/nicolas/ws_ros2/install/px4_msgs/include/px4_msgs/px4_msgs/msg/detail/rc_channels__traits.hpp\n'}
[0.785327] (px4_msgs) StdoutLine: {'line': b'-- Up-to-date: /home/nicolas/ws_ros2/install/px4_msgs/include/px4_msgs/px4_msgs/msg/detail/rover_rate_status__builder.hpp\n'}
[0.785357] (px4_msgs) StdoutLine: {'line': b'-- Up-to-date: /home/nicolas/ws_ros2/install/px4_msgs/include/px4_msgs/px4_msgs/msg/detail/neural_control__traits.hpp\n'}
[0.785389] (px4_msgs) StdoutLine: {'line': b'-- Up-to-date: /home/nicolas/ws_ros2/install/px4_msgs/include/px4_msgs/px4_msgs/msg/detail/tecs_status__builder.hpp\n'}
[0.785419] (px4_msgs) StdoutLine: {'line': b'-- Up-to-date: /home/nicolas/ws_ros2/install/px4_msgs/include/px4_msgs/px4_msgs/msg/detail/parameter_set_value_request__traits.hpp\n'}
[0.785452] (px4_msgs) StdoutLine: {'line': b'-- Up-to-date: /home/nicolas/ws_ros2/install/px4_msgs/include/px4_msgs/px4_msgs/msg/detail/estimator_status__builder.hpp\n'}
[0.785486] (px4_msgs) StdoutLine: {'line': b'-- Up-to-date: /home/nicolas/ws_ros2/install/px4_msgs/include/px4_msgs/px4_msgs/msg/detail/sensor_combined__struct.hpp\n'}
[0.785517] (px4_msgs) StdoutLine: {'line': b'-- Up-to-date: /home/nicolas/ws_ros2/install/px4_msgs/include/px4_msgs/px4_msgs/msg/detail/estimator_aid_source3d__type_support.hpp\n'}
[0.785548] (px4_msgs) StdoutLine: {'line': b'-- Up-to-date: /home/nicolas/ws_ros2/install/px4_msgs/include/px4_msgs/px4_msgs/msg/detail/actuator_controls_status__struct.hpp\n'}
[0.785578] (px4_msgs) StdoutLine: {'line': b'-- Up-to-date: /home/nicolas/ws_ros2/install/px4_msgs/include/px4_msgs/px4_msgs/msg/detail/sensor_gps__struct.hpp\n'}
[0.785609] (px4_msgs) StdoutLine: {'line': b'-- Up-to-date: /home/nicolas/ws_ros2/install/px4_msgs/include/px4_msgs/px4_msgs/msg/detail/fixed_wing_lateral_guidance_status__builder.hpp\n'}
[0.785640] (px4_msgs) StdoutLine: {'line': b'-- Up-to-date: /home/nicolas/ws_ros2/install/px4_msgs/include/px4_msgs/px4_msgs/msg/detail/rover_throttle_setpoint__struct.hpp\n'}
[0.785671] (px4_msgs) StdoutLine: {'line': b'-- Up-to-date: /home/nicolas/ws_ros2/install/px4_msgs/include/px4_msgs/px4_msgs/msg/detail/geofence_result__struct.hpp\n'}
[0.785702] (px4_msgs) StdoutLine: {'line': b'-- Up-to-date: /home/nicolas/ws_ros2/install/px4_msgs/include/px4_msgs/px4_msgs/msg/detail/actuator_servos_trim__traits.hpp\n'}
[0.785732] (px4_msgs) StdoutLine: {'line': b'-- Up-to-date: /home/nicolas/ws_ros2/install/px4_msgs/include/px4_msgs/px4_msgs/msg/detail/gimbal_manager_set_attitude__builder.hpp\n'}
[0.785763] (px4_msgs) StdoutLine: {'line': b'-- Up-to-date: /home/nicolas/ws_ros2/install/px4_msgs/include/px4_msgs/px4_msgs/msg/detail/landing_gear_wheel__struct.hpp\n'}
[0.785797] (px4_msgs) StdoutLine: {'line': b'-- Up-to-date: /home/nicolas/ws_ros2/install/px4_msgs/include/px4_msgs/px4_msgs/msg/detail/offboard_control_mode__builder.hpp\n'}
[0.785828] (px4_msgs) StdoutLine: {'line': b'-- Up-to-date: /home/nicolas/ws_ros2/install/px4_msgs/include/px4_msgs/px4_msgs/msg/detail/dataman_response__traits.hpp\n'}
[0.785859] (px4_msgs) StdoutLine: {'line': b'-- Up-to-date: /home/nicolas/ws_ros2/install/px4_msgs/include/px4_msgs/px4_msgs/msg/detail/longitudinal_control_configuration__builder.hpp\n'}
[0.785889] (px4_msgs) StdoutLine: {'line': b'-- Up-to-date: /home/nicolas/ws_ros2/install/px4_msgs/include/px4_msgs/px4_msgs/msg/detail/vehicle_attitude_setpoint__type_support.hpp\n'}
[0.785920] (px4_msgs) StdoutLine: {'line': b'-- Up-to-date: /home/nicolas/ws_ros2/install/px4_msgs/include/px4_msgs/px4_msgs/msg/detail/battery_status__struct.hpp\n'}
[0.785950] (px4_msgs) StdoutLine: {'line': b'-- Up-to-date: /home/nicolas/ws_ros2/install/px4_msgs/include/px4_msgs/px4_msgs/msg/detail/gimbal_manager_status__struct.hpp\n'}
[0.785984] (px4_msgs) StdoutLine: {'line': b'-- Up-to-date: /home/nicolas/ws_ros2/install/px4_msgs/include/px4_msgs/px4_msgs/msg/detail/yaw_estimator_status__traits.hpp\n'}
[0.786014] (px4_msgs) StdoutLine: {'line': b'-- Up-to-date: /home/nicolas/ws_ros2/install/px4_msgs/include/px4_msgs/px4_msgs/msg/detail/gimbal_manager_information__struct.hpp\n'}
[0.786045] (px4_msgs) StdoutLine: {'line': b'-- Up-to-date: /home/nicolas/ws_ros2/install/px4_msgs/include/px4_msgs/px4_msgs/msg/detail/vehicle_status__type_support.hpp\n'}
[0.786079] (px4_msgs) StdoutLine: {'line': b'-- Up-to-date: /home/nicolas/ws_ros2/install/px4_msgs/include/px4_msgs/px4_msgs/msg/detail/vehicle_rates_setpoint__traits.hpp\n'}
[0.786112] (px4_msgs) StdoutLine: {'line': b'-- Up-to-date: /home/nicolas/ws_ros2/install/px4_msgs/include/px4_msgs/px4_msgs/msg/detail/gimbal_manager_information__type_support.hpp\n'}
[0.786143] (px4_msgs) StdoutLine: {'line': b'-- Up-to-date: /home/nicolas/ws_ros2/install/px4_msgs/include/px4_msgs/px4_msgs/msg/detail/pure_pursuit_status__type_support.hpp\n'}
[0.786174] (px4_msgs) StdoutLine: {'line': b'-- Up-to-date: /home/nicolas/ws_ros2/install/px4_msgs/include/px4_msgs/px4_msgs/msg/detail/vehicle_angular_acceleration_setpoint__traits.hpp\n'}
[0.786205] (px4_msgs) StdoutLine: {'line': b'-- Up-to-date: /home/nicolas/ws_ros2/install/px4_msgs/include/px4_msgs/px4_msgs/msg/detail/gpio_in__struct.hpp\n'}
[0.786244] (px4_msgs) StdoutLine: {'line': b'-- Up-to-date: /home/nicolas/ws_ros2/install/px4_msgs/include/px4_msgs/px4_msgs/msg/detail/orb_test__traits.hpp\n'}
[0.786275] (px4_msgs) StdoutLine: {'line': b'-- Up-to-date: /home/nicolas/ws_ros2/install/px4_msgs/include/px4_msgs/px4_msgs/msg/detail/sensor_gnss_relative__type_support.hpp\n'}
[0.786307] (px4_msgs) StdoutLine: {'line': b'-- Up-to-date: /home/nicolas/ws_ros2/install/px4_msgs/include/px4_msgs/px4_msgs/msg/detail/sensors_status_imu__type_support.hpp\n'}
[0.786337] (px4_msgs) StdoutLine: {'line': b'-- Up-to-date: /home/nicolas/ws_ros2/install/px4_msgs/include/px4_msgs/px4_msgs/msg/detail/estimator_event_flags__struct.hpp\n'}
[0.786368] (px4_msgs) StdoutLine: {'line': b'-- Up-to-date: /home/nicolas/ws_ros2/install/px4_msgs/include/px4_msgs/px4_msgs/msg/detail/sensor_airflow__traits.hpp\n'}
[0.786398] (px4_msgs) StdoutLine: {'line': b'-- Up-to-date: /home/nicolas/ws_ros2/install/px4_msgs/include/px4_msgs/px4_msgs/msg/detail/rover_attitude_status__builder.hpp\n'}
[0.786428] (px4_msgs) StdoutLine: {'line': b'-- Up-to-date: /home/nicolas/ws_ros2/install/px4_msgs/include/px4_msgs/px4_msgs/msg/detail/config_overrides__traits.hpp\n'}
[0.786461] (px4_msgs) StdoutLine: {'line': b'-- Up-to-date: /home/nicolas/ws_ros2/install/px4_msgs/include/px4_msgs/px4_msgs/msg/detail/open_drone_id_arm_status__traits.hpp\n'}
[0.786494] (px4_msgs) StdoutLine: {'line': b'-- Up-to-date: /home/nicolas/ws_ros2/install/px4_msgs/include/px4_msgs/px4_msgs/msg/detail/register_ext_component_request__struct.hpp\n'}
[0.786525] (px4_msgs) StdoutLine: {'line': b'-- Up-to-date: /home/nicolas/ws_ros2/install/px4_msgs/include/px4_msgs/px4_msgs/msg/detail/task_stack_info__type_support.hpp\n'}
[0.786555] (px4_msgs) StdoutLine: {'line': b'-- Up-to-date: /home/nicolas/ws_ros2/install/px4_msgs/include/px4_msgs/px4_msgs/msg/detail/position_controller_status__type_support.hpp\n'}
[0.786586] (px4_msgs) StdoutLine: {'line': b'-- Up-to-date: /home/nicolas/ws_ros2/install/px4_msgs/include/px4_msgs/px4_msgs/msg/detail/estimator_bias3d__type_support.hpp\n'}
[0.786618] (px4_msgs) StdoutLine: {'line': b'-- Up-to-date: /home/nicolas/ws_ros2/install/px4_msgs/include/px4_msgs/px4_msgs/msg/detail/timesync_status__traits.hpp\n'}
[0.786648] (px4_msgs) StdoutLine: {'line': b'-- Up-to-date: /home/nicolas/ws_ros2/install/px4_msgs/include/px4_msgs/px4_msgs/msg/detail/parameter_set_value_request__struct.hpp\n'}
[0.786679] (px4_msgs) StdoutLine: {'line': b'-- Up-to-date: /home/nicolas/ws_ros2/install/px4_msgs/include/px4_msgs/px4_msgs/msg/detail/internal_combustion_engine_control__struct.hpp\n'}
[0.786712] (px4_msgs) StdoutLine: {'line': b'-- Up-to-date: /home/nicolas/ws_ros2/install/px4_msgs/include/px4_msgs/px4_msgs/msg/detail/estimator_aid_source2d__traits.hpp\n'}
[0.786743] (px4_msgs) StdoutLine: {'line': b'-- Up-to-date: /home/nicolas/ws_ros2/install/px4_msgs/include/px4_msgs/px4_msgs/msg/detail/sensors_status_imu__builder.hpp\n'}
[0.786774] (px4_msgs) StdoutLine: {'line': b'-- Up-to-date: /home/nicolas/ws_ros2/install/px4_msgs/include/px4_msgs/px4_msgs/msg/detail/register_ext_component_request__builder.hpp\n'}
[0.786810] (px4_msgs) StdoutLine: {'line': b'-- Up-to-date: /home/nicolas/ws_ros2/install/px4_msgs/include/px4_msgs/px4_msgs/msg/detail/gimbal_controls__traits.hpp\n'}
[0.786840] (px4_msgs) StdoutLine: {'line': b'-- Up-to-date: /home/nicolas/ws_ros2/install/px4_msgs/include/px4_msgs/px4_msgs/msg/detail/actuator_test__traits.hpp\n'}
[0.786871] (px4_msgs) StdoutLine: {'line': b'-- Up-to-date: /home/nicolas/ws_ros2/install/px4_msgs/include/px4_msgs/px4_msgs/msg/detail/position_setpoint__traits.hpp\n'}
[0.786901] (px4_msgs) StdoutLine: {'line': b'-- Up-to-date: /home/nicolas/ws_ros2/install/px4_msgs/include/px4_msgs/px4_msgs/msg/detail/button_event__traits.hpp\n'}
[0.786931] (px4_msgs) StdoutLine: {'line': b'-- Up-to-date: /home/nicolas/ws_ros2/install/px4_msgs/include/px4_msgs/px4_msgs/msg/detail/button_event__struct.hpp\n'}
[0.786963] (px4_msgs) StdoutLine: {'line': b'-- Up-to-date: /home/nicolas/ws_ros2/install/px4_msgs/include/px4_msgs/px4_msgs/msg/detail/estimator_aid_source2d__builder.hpp\n'}
[0.786994] (px4_msgs) StdoutLine: {'line': b'-- Up-to-date: /home/nicolas/ws_ros2/install/px4_msgs/include/px4_msgs/px4_msgs/msg/detail/gps_inject_data__builder.hpp\n'}
[0.787027] (px4_msgs) StdoutLine: {'line': b'-- Up-to-date: /home/nicolas/ws_ros2/install/px4_msgs/include/px4_msgs/px4_msgs/msg/detail/open_drone_id_operator_id__type_support.hpp\n'}
[0.787058] (px4_msgs) StdoutLine: {'line': b'-- Up-to-date: /home/nicolas/ws_ros2/install/px4_msgs/include/px4_msgs/px4_msgs/msg/detail/config_overrides__struct.hpp\n'}
[0.787098] (px4_msgs) StdoutLine: {'line': b'-- Up-to-date: /home/nicolas/ws_ros2/install/px4_msgs/include/px4_msgs/px4_msgs/msg/detail/vehicle_optical_flow_vel__traits.hpp\n'}
[0.787131] (px4_msgs) StdoutLine: {'line': b'-- Up-to-date: /home/nicolas/ws_ros2/install/px4_msgs/include/px4_msgs/px4_msgs/msg/detail/orb_test_large__struct.hpp\n'}
[0.787162] (px4_msgs) StdoutLine: {'line': b'-- Up-to-date: /home/nicolas/ws_ros2/install/px4_msgs/include/px4_msgs/px4_msgs/msg/detail/actuator_servos__struct.hpp\n'}
[0.787193] (px4_msgs) StdoutLine: {'line': b'-- Up-to-date: /home/nicolas/ws_ros2/install/px4_msgs/include/px4_msgs/px4_msgs/msg/detail/mount_orientation__type_support.hpp\n'}
[0.787224] (px4_msgs) StdoutLine: {'line': b'-- Up-to-date: /home/nicolas/ws_ros2/install/px4_msgs/include/px4_msgs/px4_msgs/msg/detail/distance_sensor__builder.hpp\n'}
[0.787255] (px4_msgs) StdoutLine: {'line': b'-- Up-to-date: /home/nicolas/ws_ros2/install/px4_msgs/include/px4_msgs/px4_msgs/msg/detail/fixed_wing_longitudinal_setpoint__type_support.hpp\n'}
[0.787287] (px4_msgs) StdoutLine: {'line': b'-- Up-to-date: /home/nicolas/ws_ros2/install/px4_msgs/include/px4_msgs/px4_msgs/msg/detail/landing_gear_wheel__builder.hpp\n'}
[0.787318] (px4_msgs) StdoutLine: {'line': b'-- Up-to-date: /home/nicolas/ws_ros2/install/px4_msgs/include/px4_msgs/px4_msgs/msg/detail/esc_report__traits.hpp\n'}
[0.787348] (px4_msgs) StdoutLine: {'line': b'-- Up-to-date: /home/nicolas/ws_ros2/install/px4_msgs/include/px4_msgs/px4_msgs/msg/detail/fixed_wing_lateral_guidance_status__struct.hpp\n'}
[0.787379] (px4_msgs) StdoutLine: {'line': b'-- Up-to-date: /home/nicolas/ws_ros2/install/px4_msgs/include/px4_msgs/px4_msgs/msg/detail/mode_completed__struct.hpp\n'}
[0.787410] (px4_msgs) StdoutLine: {'line': b'-- Up-to-date: /home/nicolas/ws_ros2/install/px4_msgs/include/px4_msgs/px4_msgs/msg/detail/actuator_servos_trim__builder.hpp\n'}
[0.787441] (px4_msgs) StdoutLine: {'line': b'-- Up-to-date: /home/nicolas/ws_ros2/install/px4_msgs/include/px4_msgs/px4_msgs/msg/detail/vehicle_control_mode__traits.hpp\n'}
[0.787480] (px4_msgs) StdoutLine: {'line': b'-- Up-to-date: /home/nicolas/ws_ros2/install/px4_msgs/include/px4_msgs/px4_msgs/msg/detail/log_message__struct.hpp\n'}
[0.787513] (px4_msgs) StdoutLine: {'line': b'-- Up-to-date: /home/nicolas/ws_ros2/install/px4_msgs/include/px4_msgs/px4_msgs/msg/detail/rover_rate_setpoint__builder.hpp\n'}
[0.787544] (px4_msgs) StdoutLine: {'line': b'-- Up-to-date: /home/nicolas/ws_ros2/install/px4_msgs/include/px4_msgs/px4_msgs/msg/detail/power_button_state__type_support.hpp\n'}
[0.787575] (px4_msgs) StdoutLine: {'line': b'-- Up-to-date: /home/nicolas/ws_ros2/install/px4_msgs/include/px4_msgs/px4_msgs/msg/detail/uavcan_parameter_request__struct.hpp\n'}
[0.787606] (px4_msgs) StdoutLine: {'line': b'-- Up-to-date: /home/nicolas/ws_ros2/install/px4_msgs/include/px4_msgs/px4_msgs/msg/detail/vehicle_optical_flow__traits.hpp\n'}
[0.787639] (px4_msgs) StdoutLine: {'line': b'-- Up-to-date: /home/nicolas/ws_ros2/install/px4_msgs/include/px4_msgs/px4_msgs/msg/detail/position_setpoint__struct.hpp\n'}
[0.787670] (px4_msgs) StdoutLine: {'line': b'-- Up-to-date: /home/nicolas/ws_ros2/install/px4_msgs/include/px4_msgs/px4_msgs/msg/detail/actuator_armed__type_support.hpp\n'}
[0.787700] (px4_msgs) StdoutLine: {'line': b'-- Up-to-date: /home/nicolas/ws_ros2/install/px4_msgs/include/px4_msgs/px4_msgs/msg/detail/sensor_hygrometer__type_support.hpp\n'}
[0.787731] (px4_msgs) StdoutLine: {'line': b'-- Up-to-date: /home/nicolas/ws_ros2/install/px4_msgs/include/px4_msgs/px4_msgs/msg/detail/sensors_status__type_support.hpp\n'}
[0.787760] (px4_msgs) StdoutLine: {'line': b'-- Up-to-date: /home/nicolas/ws_ros2/install/px4_msgs/include/px4_msgs/px4_msgs/msg/detail/estimator_sensor_bias__traits.hpp\n'}
[0.787791] (px4_msgs) StdoutLine: {'line': b'-- Up-to-date: /home/nicolas/ws_ros2/install/px4_msgs/include/px4_msgs/px4_msgs/msg/detail/vehicle_angular_velocity__builder.hpp\n'}
[0.787821] (px4_msgs) StdoutLine: {'line': b'-- Up-to-date: /home/nicolas/ws_ros2/install/px4_msgs/include/px4_msgs/px4_msgs/msg/detail/sensor_hygrometer__builder.hpp\n'}
[0.787858] (px4_msgs) StdoutLine: {'line': b'-- Up-to-date: /home/nicolas/ws_ros2/install/px4_msgs/include/px4_msgs/px4_msgs/msg/detail/mavlink_tunnel__type_support.hpp\n'}
[0.787890] (px4_msgs) StdoutLine: {'line': b'-- Up-to-date: /home/nicolas/ws_ros2/install/px4_msgs/include/px4_msgs/px4_msgs/msg/detail/radio_status__struct.hpp\n'}
[0.787920] (px4_msgs) StdoutLine: {'line': b'-- Up-to-date: /home/nicolas/ws_ros2/install/px4_msgs/include/px4_msgs/px4_msgs/msg/detail/sensor_selection__type_support.hpp\n'}
[0.787950] (px4_msgs) StdoutLine: {'line': b'-- Up-to-date: /home/nicolas/ws_ros2/install/px4_msgs/include/px4_msgs/px4_msgs/msg/detail/orb_test_medium__struct.hpp\n'}
[0.787980] (px4_msgs) StdoutLine: {'line': b'-- Up-to-date: /home/nicolas/ws_ros2/install/px4_msgs/include/px4_msgs/px4_msgs/msg/detail/sensor_optical_flow__type_support.hpp\n'}
[0.788014] (px4_msgs) StdoutLine: {'line': b'-- Up-to-date: /home/nicolas/ws_ros2/install/px4_msgs/include/px4_msgs/px4_msgs/msg/detail/esc_report__type_support.hpp\n'}
[0.788043] (px4_msgs) StdoutLine: {'line': b'-- Up-to-date: /home/nicolas/ws_ros2/install/px4_msgs/include/px4_msgs/px4_msgs/msg/detail/gripper__builder.hpp\n'}
[0.788075] (px4_msgs) StdoutLine: {'line': b'-- Up-to-date: /home/nicolas/ws_ros2/install/px4_msgs/include/px4_msgs/px4_msgs/msg/detail/navigator_mission_item__builder.hpp\n'}
[0.788106] (px4_msgs) StdoutLine: {'line': b'-- Up-to-date: /home/nicolas/ws_ros2/install/px4_msgs/include/px4_msgs/px4_msgs/msg/detail/esc_status__type_support.hpp\n'}
[0.788137] (px4_msgs) StdoutLine: {'line': b'-- Up-to-date: /home/nicolas/ws_ros2/install/px4_msgs/include/px4_msgs/px4_msgs/msg/detail/estimator_states__struct.hpp\n'}
[0.788167] (px4_msgs) StdoutLine: {'line': b'-- Up-to-date: /home/nicolas/ws_ros2/install/px4_msgs/include/px4_msgs/px4_msgs/msg/detail/gps_inject_data__type_support.hpp\n'}
[0.788197] (px4_msgs) StdoutLine: {'line': b'-- Up-to-date: /home/nicolas/ws_ros2/install/px4_msgs/include/px4_msgs/px4_msgs/msg/detail/rover_steering_setpoint__builder.hpp\n'}
[0.788230] (px4_msgs) StdoutLine: {'line': b'-- Up-to-date: /home/nicolas/ws_ros2/install/px4_msgs/include/px4_msgs/px4_msgs/msg/detail/actuator_servos_trim__type_support.hpp\n'}
[0.788262] (px4_msgs) StdoutLine: {'line': b'-- Up-to-date: /home/nicolas/ws_ros2/install/px4_msgs/include/px4_msgs/px4_msgs/msg/detail/distance_sensor_mode_change_request__type_support.hpp\n'}
[0.788292] (px4_msgs) StdoutLine: {'line': b'-- Up-to-date: /home/nicolas/ws_ros2/install/px4_msgs/include/px4_msgs/px4_msgs/msg/detail/rc_channels__struct.hpp\n'}
[0.788323] (px4_msgs) StdoutLine: {'line': b'-- Up-to-date: /home/nicolas/ws_ros2/install/px4_msgs/include/px4_msgs/px4_msgs/msg/detail/geofence_status__struct.hpp\n'}
[0.788353] (px4_msgs) StdoutLine: {'line': b'-- Up-to-date: /home/nicolas/ws_ros2/install/px4_msgs/include/px4_msgs/px4_msgs/msg/detail/wind__type_support.hpp\n'}
[0.788384] (px4_msgs) StdoutLine: {'line': b'-- Up-to-date: /home/nicolas/ws_ros2/install/px4_msgs/include/px4_msgs/px4_msgs/msg/detail/obstacle_distance__struct.hpp\n'}
[0.788415] (px4_msgs) StdoutLine: {'line': b'-- Up-to-date: /home/nicolas/ws_ros2/install/px4_msgs/include/px4_msgs/px4_msgs/msg/detail/follow_target_estimator__traits.hpp\n'}
[0.788446] (px4_msgs) StdoutLine: {'line': b'-- Up-to-date: /home/nicolas/ws_ros2/install/px4_msgs/include/px4_msgs/px4_msgs/msg/detail/dataman_response__builder.hpp\n'}
[0.788482] (px4_msgs) StdoutLine: {'line': b'-- Up-to-date: /home/nicolas/ws_ros2/install/px4_msgs/include/px4_msgs/px4_msgs/msg/detail/estimator_selector_status__traits.hpp\n'}
[0.788514] (px4_msgs) StdoutLine: {'line': b'-- Up-to-date: /home/nicolas/ws_ros2/install/px4_msgs/include/px4_msgs/px4_msgs/msg/detail/actuator_armed__traits.hpp\n'}
[0.788544] (px4_msgs) StdoutLine: {'line': b'-- Up-to-date: /home/nicolas/ws_ros2/install/px4_msgs/include/px4_msgs/px4_msgs/msg/detail/mavlink_log__traits.hpp\n'}
[0.788574] (px4_msgs) StdoutLine: {'line': b'-- Up-to-date: /home/nicolas/ws_ros2/install/px4_msgs/include/px4_msgs/px4_msgs/msg/detail/esc_status__builder.hpp\n'}
[0.788604] (px4_msgs) StdoutLine: {'line': b'-- Up-to-date: /home/nicolas/ws_ros2/install/px4_msgs/include/px4_msgs/px4_msgs/msg/detail/arming_check_request__traits.hpp\n'}
[0.788634] (px4_msgs) StdoutLine: {'line': b'-- Up-to-date: /home/nicolas/ws_ros2/install/px4_msgs/include/px4_msgs/px4_msgs/msg/detail/estimator_bias__type_support.hpp\n'}
[0.788664] (px4_msgs) StdoutLine: {'line': b'-- Up-to-date: /home/nicolas/ws_ros2/install/px4_msgs/include/px4_msgs/px4_msgs/msg/detail/gimbal_device_information__type_support.hpp\n'}
[0.788695] (px4_msgs) StdoutLine: {'line': b'-- Up-to-date: /home/nicolas/ws_ros2/install/px4_msgs/include/px4_msgs/px4_msgs/msg/detail/event__type_support.hpp\n'}
[0.788726] (px4_msgs) StdoutLine: {'line': b'-- Up-to-date: /home/nicolas/ws_ros2/install/px4_msgs/include/px4_msgs/px4_msgs/msg/detail/rpm__traits.hpp\n'}
[0.788756] (px4_msgs) StdoutLine: {'line': b'-- Up-to-date: /home/nicolas/ws_ros2/install/px4_msgs/include/px4_msgs/px4_msgs/msg/detail/sensor_uwb__traits.hpp\n'}
[0.788787] (px4_msgs) StdoutLine: {'line': b'-- Up-to-date: /home/nicolas/ws_ros2/install/px4_msgs/include/px4_msgs/px4_msgs/msg/detail/orb_test_medium__builder.hpp\n'}
[0.788818] (px4_msgs) StdoutLine: {'line': b'-- Up-to-date: /home/nicolas/ws_ros2/install/px4_msgs/include/px4_msgs/px4_msgs/msg/detail/vehicle_air_data__type_support.hpp\n'}
[0.788847] (px4_msgs) StdoutLine: {'line': b'-- Up-to-date: /home/nicolas/ws_ros2/install/px4_msgs/include/px4_msgs/px4_msgs/msg/detail/fixed_wing_longitudinal_setpoint__struct.hpp\n'}
[0.788878] (px4_msgs) StdoutLine: {'line': b'-- Up-to-date: /home/nicolas/ws_ros2/install/px4_msgs/include/px4_msgs/px4_msgs/msg/detail/cpuload__struct.hpp\n'}
[0.788912] (px4_msgs) StdoutLine: {'line': b'-- Up-to-date: /home/nicolas/ws_ros2/install/px4_msgs/include/px4_msgs/px4_msgs/msg/detail/lateral_control_configuration__type_support.hpp\n'}
[0.788944] (px4_msgs) StdoutLine: {'line': b'-- Up-to-date: /home/nicolas/ws_ros2/install/px4_msgs/include/px4_msgs/px4_msgs/msg/detail/sensor_preflight_mag__traits.hpp\n'}
[0.788979] (px4_msgs) StdoutLine: {'line': b'-- Up-to-date: /home/nicolas/ws_ros2/install/px4_msgs/include/px4_msgs/px4_msgs/msg/detail/px4io_status__builder.hpp\n'}
[0.789009] (px4_msgs) StdoutLine: {'line': b'-- Up-to-date: /home/nicolas/ws_ros2/install/px4_msgs/include/px4_msgs/px4_msgs/msg/detail/arming_check_reply__traits.hpp\n'}
[0.789039] (px4_msgs) StdoutLine: {'line': b'-- Up-to-date: /home/nicolas/ws_ros2/install/px4_msgs/include/px4_msgs/px4_msgs/msg/detail/task_stack_info__traits.hpp\n'}
[0.789068] (px4_msgs) StdoutLine: {'line': b'-- Up-to-date: /home/nicolas/ws_ros2/install/px4_msgs/include/px4_msgs/px4_msgs/msg/detail/navigator_mission_item__struct.hpp\n'}
[0.789099] (px4_msgs) StdoutLine: {'line': b'-- Up-to-date: /home/nicolas/ws_ros2/install/px4_msgs/include/px4_msgs/px4_msgs/msg/detail/px4io_status__type_support.hpp\n'}
[0.789130] (px4_msgs) StdoutLine: {'line': b'-- Up-to-date: /home/nicolas/ws_ros2/install/px4_msgs/include/px4_msgs/px4_msgs/msg/detail/gimbal_device_attitude_status__struct.hpp\n'}
[0.789160] (px4_msgs) StdoutLine: {'line': b'-- Up-to-date: /home/nicolas/ws_ros2/install/px4_msgs/include/px4_msgs/px4_msgs/msg/detail/adc_report__type_support.hpp\n'}
[0.789190] (px4_msgs) StdoutLine: {'line': b'-- Up-to-date: /home/nicolas/ws_ros2/install/px4_msgs/include/px4_msgs/px4_msgs/msg/detail/sensor_gyro__struct.hpp\n'}
[0.789220] (px4_msgs) StdoutLine: {'line': b'-- Up-to-date: /home/nicolas/ws_ros2/install/px4_msgs/include/px4_msgs/px4_msgs/msg/detail/fuel_tank_status__traits.hpp\n'}
[0.789250] (px4_msgs) StdoutLine: {'line': b'-- Up-to-date: /home/nicolas/ws_ros2/install/px4_msgs/include/px4_msgs/px4_msgs/msg/detail/manual_control_switches__traits.hpp\n'}
[0.789280] (px4_msgs) StdoutLine: {'line': b'-- Up-to-date: /home/nicolas/ws_ros2/install/px4_msgs/include/px4_msgs/px4_msgs/msg/detail/geofence_status__traits.hpp\n'}
[0.789310] (px4_msgs) StdoutLine: {'line': b'-- Up-to-date: /home/nicolas/ws_ros2/install/px4_msgs/include/px4_msgs/px4_msgs/msg/detail/power_monitor__traits.hpp\n'}
[0.789341] (px4_msgs) StdoutLine: {'line': b'-- Up-to-date: /home/nicolas/ws_ros2/install/px4_msgs/include/px4_msgs/px4_msgs/msg/detail/fixed_wing_runway_control__traits.hpp\n'}
[0.789372] (px4_msgs) StdoutLine: {'line': b'-- Up-to-date: /home/nicolas/ws_ros2/install/px4_msgs/include/px4_msgs/px4_msgs/msg/detail/telemetry_status__traits.hpp\n'}
[0.789402] (px4_msgs) StdoutLine: {'line': b'-- Up-to-date: /home/nicolas/ws_ros2/install/px4_msgs/include/px4_msgs/px4_msgs/msg/detail/distance_sensor_mode_change_request__builder.hpp\n'}
[0.789433] (px4_msgs) StdoutLine: {'line': b'-- Up-to-date: /home/nicolas/ws_ros2/install/px4_msgs/include/px4_msgs/px4_msgs/msg/detail/vehicle_local_position__builder.hpp\n'}
[0.789466] (px4_msgs) StdoutLine: {'line': b'-- Up-to-date: /home/nicolas/ws_ros2/install/px4_msgs/include/px4_msgs/px4_msgs/msg/detail/home_position__type_support.hpp\n'}
[0.789499] (px4_msgs) StdoutLine: {'line': b'-- Up-to-date: /home/nicolas/ws_ros2/install/px4_msgs/include/px4_msgs/px4_msgs/msg/detail/vehicle_command__traits.hpp\n'}
[0.789530] (px4_msgs) StdoutLine: {'line': b'-- Up-to-date: /home/nicolas/ws_ros2/install/px4_msgs/include/px4_msgs/px4_msgs/msg/detail/failsafe_flags__type_support.hpp\n'}
[0.789561] (px4_msgs) StdoutLine: {'line': b'-- Up-to-date: /home/nicolas/ws_ros2/install/px4_msgs/include/px4_msgs/px4_msgs/msg/detail/flight_phase_estimation__traits.hpp\n'}
[0.789593] (px4_msgs) StdoutLine: {'line': b'-- Up-to-date: /home/nicolas/ws_ros2/install/px4_msgs/include/px4_msgs/px4_msgs/msg/detail/goto_setpoint__struct.hpp\n'}
[0.789624] (px4_msgs) StdoutLine: {'line': b'-- Up-to-date: /home/nicolas/ws_ros2/install/px4_msgs/include/px4_msgs/px4_msgs/msg/detail/sensor_optical_flow__builder.hpp\n'}
[0.789656] (px4_msgs) StdoutLine: {'line': b'-- Up-to-date: /home/nicolas/ws_ros2/install/px4_msgs/include/px4_msgs/px4_msgs/msg/detail/obstacle_distance__builder.hpp\n'}
[0.789686] (px4_msgs) StdoutLine: {'line': b'-- Up-to-date: /home/nicolas/ws_ros2/install/px4_msgs/include/px4_msgs/px4_msgs/msg/detail/telemetry_status__type_support.hpp\n'}
[0.789720] (px4_msgs) StdoutLine: {'line': b'-- Up-to-date: /home/nicolas/ws_ros2/install/px4_msgs/include/px4_msgs/px4_msgs/msg/detail/rover_steering_setpoint__struct.hpp\n'}
[0.789750] (px4_msgs) StdoutLine: {'line': b'-- Up-to-date: /home/nicolas/ws_ros2/install/px4_msgs/include/px4_msgs/px4_msgs/msg/detail/estimator_aid_source2d__struct.hpp\n'}
[0.789781] (px4_msgs) StdoutLine: {'line': b'-- Up-to-date: /home/nicolas/ws_ros2/install/px4_msgs/include/px4_msgs/px4_msgs/msg/detail/system_power__traits.hpp\n'}
[0.789811] (px4_msgs) StdoutLine: {'line': b'-- Up-to-date: /home/nicolas/ws_ros2/install/px4_msgs/include/px4_msgs/px4_msgs/msg/detail/tune_control__struct.hpp\n'}
[0.789843] (px4_msgs) StdoutLine: {'line': b'-- Up-to-date: /home/nicolas/ws_ros2/install/px4_msgs/include/px4_msgs/px4_msgs/msg/detail/config_overrides__builder.hpp\n'}
[0.789873] (px4_msgs) StdoutLine: {'line': b'-- Up-to-date: /home/nicolas/ws_ros2/install/px4_msgs/include/px4_msgs/px4_msgs/msg/detail/power_monitor__struct.hpp\n'}
[0.789903] (px4_msgs) StdoutLine: {'line': b'-- Up-to-date: /home/nicolas/ws_ros2/install/px4_msgs/include/px4_msgs/px4_msgs/msg/detail/can_interface_status__struct.hpp\n'}
[0.789943] (px4_msgs) StdoutLine: {'line': b'-- Up-to-date: /home/nicolas/ws_ros2/install/px4_msgs/include/px4_msgs/px4_msgs/msg/detail/vehicle_optical_flow__builder.hpp\n'}
[0.789974] (px4_msgs) StdoutLine: {'line': b'-- Up-to-date: /home/nicolas/ws_ros2/install/px4_msgs/include/px4_msgs/px4_msgs/msg/detail/position_setpoint_triplet__traits.hpp\n'}
[0.790005] (px4_msgs) StdoutLine: {'line': b'-- Up-to-date: /home/nicolas/ws_ros2/install/px4_msgs/include/px4_msgs/px4_msgs/msg/detail/mission_result__builder.hpp\n'}
[0.790036] (px4_msgs) StdoutLine: {'line': b'-- Up-to-date: /home/nicolas/ws_ros2/install/px4_msgs/include/px4_msgs/px4_msgs/msg/detail/parameter_reset_request__builder.hpp\n'}
[0.790067] (px4_msgs) StdoutLine: {'line': b'-- Up-to-date: /home/nicolas/ws_ros2/install/px4_msgs/include/px4_msgs/px4_msgs/msg/detail/estimator_gps_status__type_support.hpp\n'}
[0.790099] (px4_msgs) StdoutLine: {'line': b'-- Up-to-date: /home/nicolas/ws_ros2/install/px4_msgs/include/px4_msgs/px4_msgs/msg/detail/gimbal_manager_set_attitude__traits.hpp\n'}
[0.790130] (px4_msgs) StdoutLine: {'line': b'-- Up-to-date: /home/nicolas/ws_ros2/install/px4_msgs/include/px4_msgs/px4_msgs/msg/detail/pwm_input__traits.hpp\n'}
[0.790161] (px4_msgs) StdoutLine: {'line': b'-- Up-to-date: /home/nicolas/ws_ros2/install/px4_msgs/include/px4_msgs/px4_msgs/msg/detail/magnetometer_bias_estimate__struct.hpp\n'}
[0.790192] (px4_msgs) StdoutLine: {'line': b'-- Up-to-date: /home/nicolas/ws_ros2/install/px4_msgs/include/px4_msgs/px4_msgs/msg/detail/failsafe_flags__traits.hpp\n'}
[0.790222] (px4_msgs) StdoutLine: {'line': b'-- Up-to-date: /home/nicolas/ws_ros2/install/px4_msgs/include/px4_msgs/px4_msgs/msg/detail/message_format_response__traits.hpp\n'}
[0.790252] (px4_msgs) StdoutLine: {'line': b'-- Up-to-date: /home/nicolas/ws_ros2/install/px4_msgs/include/px4_msgs/px4_msgs/msg/detail/ping__struct.hpp\n'}
[0.790282] (px4_msgs) StdoutLine: {'line': b'-- Up-to-date: /home/nicolas/ws_ros2/install/px4_msgs/include/px4_msgs/px4_msgs/msg/detail/dataman_request__builder.hpp\n'}
[0.790313] (px4_msgs) StdoutLine: {'line': b'-- Up-to-date: /home/nicolas/ws_ros2/install/px4_msgs/include/px4_msgs/px4_msgs/msg/detail/message_format_response__type_support.hpp\n'}
[0.790343] (px4_msgs) StdoutLine: {'line': b'-- Up-to-date: /home/nicolas/ws_ros2/install/px4_msgs/include/px4_msgs/px4_msgs/msg/detail/wind__traits.hpp\n'}
[0.790373] (px4_msgs) StdoutLine: {'line': b'-- Up-to-date: /home/nicolas/ws_ros2/install/px4_msgs/include/px4_msgs/px4_msgs/msg/detail/follow_target_status__type_support.hpp\n'}
[0.790405] (px4_msgs) StdoutLine: {'line': b'-- Up-to-date: /home/nicolas/ws_ros2/install/px4_msgs/include/px4_msgs/px4_msgs/msg/detail/navigator_status__type_support.hpp\n'}
[0.790438] (px4_msgs) StdoutLine: {'line': b'-- Up-to-date: /home/nicolas/ws_ros2/install/px4_msgs/include/px4_msgs/px4_msgs/msg/detail/actuator_controls_status__traits.hpp\n'}
[0.790472] (px4_msgs) StdoutLine: {'line': b'-- Up-to-date: /home/nicolas/ws_ros2/install/px4_msgs/include/px4_msgs/px4_msgs/msg/detail/ulog_stream__builder.hpp\n'}
[0.790504] (px4_msgs) StdoutLine: {'line': b'-- Up-to-date: /home/nicolas/ws_ros2/install/px4_msgs/include/px4_msgs/px4_msgs/msg/detail/estimator_sensor_bias__builder.hpp\n'}
[0.790535] (px4_msgs) StdoutLine: {'line': b'-- Up-to-date: /home/nicolas/ws_ros2/install/px4_msgs/include/px4_msgs/px4_msgs/msg/detail/gimbal_manager_information__builder.hpp\n'}
[0.790566] (px4_msgs) StdoutLine: {'line': b'-- Up-to-date: /home/nicolas/ws_ros2/install/px4_msgs/include/px4_msgs/px4_msgs/msg/detail/parameter_set_value_request__type_support.hpp\n'}
[0.790601] (px4_msgs) StdoutLine: {'line': b'-- Up-to-date: /home/nicolas/ws_ros2/install/px4_msgs/include/px4_msgs/px4_msgs/msg/detail/gimbal_manager_status__builder.hpp\n'}
[0.790635] (px4_msgs) StdoutLine: {'line': b'-- Up-to-date: /home/nicolas/ws_ros2/install/px4_msgs/include/px4_msgs/px4_msgs/msg/detail/tune_control__traits.hpp\n'}
[0.790667] (px4_msgs) StdoutLine: {'line': b'-- Up-to-date: /home/nicolas/ws_ros2/install/px4_msgs/include/px4_msgs/px4_msgs/msg/detail/rtl_status__type_support.hpp\n'}
[0.790699] (px4_msgs) StdoutLine: {'line': b'-- Up-to-date: /home/nicolas/ws_ros2/install/px4_msgs/include/px4_msgs/px4_msgs/msg/detail/debug_vect__builder.hpp\n'}
[0.790730] (px4_msgs) StdoutLine: {'line': b'-- Up-to-date: /home/nicolas/ws_ros2/install/px4_msgs/include/px4_msgs/px4_msgs/msg/detail/rtl_time_estimate__struct.hpp\n'}
[0.790762] (px4_msgs) StdoutLine: {'line': b'-- Up-to-date: /home/nicolas/ws_ros2/install/px4_msgs/include/px4_msgs/px4_msgs/msg/detail/qshell_retval__builder.hpp\n'}
[0.790792] (px4_msgs) StdoutLine: {'line': b'-- Up-to-date: /home/nicolas/ws_ros2/install/px4_msgs/include/px4_msgs/px4_msgs/msg/detail/vehicle_imu__builder.hpp\n'}
[0.790823] (px4_msgs) StdoutLine: {'line': b'-- Up-to-date: /home/nicolas/ws_ros2/install/px4_msgs/include/px4_msgs/px4_msgs/msg/detail/vehicle_attitude__builder.hpp\n'}
[0.790853] (px4_msgs) StdoutLine: {'line': b'-- Up-to-date: /home/nicolas/ws_ros2/install/px4_msgs/include/px4_msgs/px4_msgs/msg/detail/mag_worker_data__type_support.hpp\n'}
[0.790884] (px4_msgs) StdoutLine: {'line': b'-- Up-to-date: /home/nicolas/ws_ros2/install/px4_msgs/include/px4_msgs/px4_msgs/msg/detail/position_controller_landing_status__struct.hpp\n'}
[0.790918] (px4_msgs) StdoutLine: {'line': b'-- Up-to-date: /home/nicolas/ws_ros2/install/px4_msgs/include/px4_msgs/px4_msgs/msg/detail/cellular_status__struct.hpp\n'}
[0.790948] (px4_msgs) StdoutLine: {'line': b'-- Up-to-date: /home/nicolas/ws_ros2/install/px4_msgs/include/px4_msgs/px4_msgs/msg/detail/goto_setpoint__builder.hpp\n'}
[0.790983] (px4_msgs) StdoutLine: {'line': b'-- Up-to-date: /home/nicolas/ws_ros2/install/px4_msgs/include/px4_msgs/px4_msgs/msg/detail/hover_thrust_estimate__traits.hpp\n'}
[0.791015] (px4_msgs) StdoutLine: {'line': b'-- Up-to-date: /home/nicolas/ws_ros2/install/px4_msgs/include/px4_msgs/px4_msgs/msg/detail/battery_info__traits.hpp\n'}
[0.791044] (px4_msgs) StdoutLine: {'line': b'-- Up-to-date: /home/nicolas/ws_ros2/install/px4_msgs/include/px4_msgs/px4_msgs/msg/detail/sensor_gyro_fft__type_support.hpp\n'}
[0.791074] (px4_msgs) StdoutLine: {'line': b'-- Up-to-date: /home/nicolas/ws_ros2/install/px4_msgs/include/px4_msgs/px4_msgs/msg/detail/lateral_control_configuration__struct.hpp\n'}
[0.791106] (px4_msgs) StdoutLine: {'line': b'-- Up-to-date: /home/nicolas/ws_ros2/install/px4_msgs/include/px4_msgs/px4_msgs/msg/detail/control_allocator_status__builder.hpp\n'}
[0.791138] (px4_msgs) StdoutLine: {'line': b'-- Up-to-date: /home/nicolas/ws_ros2/install/px4_msgs/include/px4_msgs/px4_msgs/msg/detail/tiltrotor_extra_controls__traits.hpp\n'}
[0.791169] (px4_msgs) StdoutLine: {'line': b'-- Up-to-date: /home/nicolas/ws_ros2/install/px4_msgs/include/px4_msgs/px4_msgs/msg/detail/wheel_encoders__struct.hpp\n'}
[0.791203] (px4_msgs) StdoutLine: {'line': b'-- Up-to-date: /home/nicolas/ws_ros2/install/px4_msgs/include/px4_msgs/px4_msgs/msg/detail/figure_eight_status__builder.hpp\n'}
[0.791234] (px4_msgs) StdoutLine: {'line': b'-- Up-to-date: /home/nicolas/ws_ros2/install/px4_msgs/include/px4_msgs/px4_msgs/msg/detail/debug_array__traits.hpp\n'}
[0.791266] (px4_msgs) StdoutLine: {'line': b'-- Up-to-date: /home/nicolas/ws_ros2/install/px4_msgs/include/px4_msgs/px4_msgs/msg/detail/mission_result__struct.hpp\n'}
[0.791298] (px4_msgs) StdoutLine: {'line': b'-- Up-to-date: /home/nicolas/ws_ros2/install/px4_msgs/include/px4_msgs/px4_msgs/msg/detail/esc_status__traits.hpp\n'}
[0.791330] (px4_msgs) StdoutLine: {'line': b'-- Up-to-date: /home/nicolas/ws_ros2/install/px4_msgs/include/px4_msgs/px4_msgs/msg/detail/iridiumsbd_status__builder.hpp\n'}
[0.791363] (px4_msgs) StdoutLine: {'line': b'-- Up-to-date: /home/nicolas/ws_ros2/install/px4_msgs/include/px4_msgs/px4_msgs/msg/detail/rtl_status__builder.hpp\n'}
[0.791395] (px4_msgs) StdoutLine: {'line': b'-- Up-to-date: /home/nicolas/ws_ros2/install/px4_msgs/include/px4_msgs/px4_msgs/msg/detail/distance_sensor_mode_change_request__traits.hpp\n'}
[0.791426] (px4_msgs) StdoutLine: {'line': b'-- Up-to-date: /home/nicolas/ws_ros2/install/px4_msgs/include/px4_msgs/px4_msgs/msg/detail/differential_pressure__traits.hpp\n'}
[0.791461] (px4_msgs) StdoutLine: {'line': b'-- Up-to-date: /home/nicolas/ws_ros2/install/px4_msgs/include/px4_msgs/px4_msgs/msg/detail/open_drone_id_self_id__struct.hpp\n'}
[0.791495] (px4_msgs) StdoutLine: {'line': b'-- Up-to-date: /home/nicolas/ws_ros2/install/px4_msgs/include/px4_msgs/px4_msgs/msg/detail/geofence_result__builder.hpp\n'}
[0.791527] (px4_msgs) StdoutLine: {'line': b'-- Up-to-date: /home/nicolas/ws_ros2/install/px4_msgs/include/px4_msgs/px4_msgs/msg/detail/tiltrotor_extra_controls__builder.hpp\n'}
[0.791558] (px4_msgs) StdoutLine: {'line': b'-- Up-to-date: /home/nicolas/ws_ros2/install/px4_msgs/include/px4_msgs/px4_msgs/msg/detail/vehicle_global_position__struct.hpp\n'}
[0.791588] (px4_msgs) StdoutLine: {'line': b'-- Up-to-date: /home/nicolas/ws_ros2/install/px4_msgs/include/px4_msgs/px4_msgs/msg/detail/wheel_encoders__builder.hpp\n'}
[0.791620] (px4_msgs) StdoutLine: {'line': b'-- Up-to-date: /home/nicolas/ws_ros2/install/px4_msgs/include/px4_msgs/px4_msgs/msg/detail/mag_worker_data__struct.hpp\n'}
[0.791651] (px4_msgs) StdoutLine: {'line': b'-- Up-to-date: /home/nicolas/ws_ros2/install/px4_msgs/include/px4_msgs/px4_msgs/msg/detail/task_stack_info__struct.hpp\n'}
[0.791682] (px4_msgs) StdoutLine: {'line': b'-- Up-to-date: /home/nicolas/ws_ros2/install/px4_msgs/include/px4_msgs/px4_msgs/msg/detail/camera_capture__type_support.hpp\n'}
[0.791713] (px4_msgs) StdoutLine: {'line': b'-- Up-to-date: /home/nicolas/ws_ros2/install/px4_msgs/include/px4_msgs/px4_msgs/msg/detail/velocity_limits__builder.hpp\n'}
[0.791744] (px4_msgs) StdoutLine: {'line': b'-- Up-to-date: /home/nicolas/ws_ros2/install/px4_msgs/include/px4_msgs/px4_msgs/msg/detail/actuator_motors__struct.hpp\n'}
[0.791775] (px4_msgs) StdoutLine: {'line': b'-- Up-to-date: /home/nicolas/ws_ros2/install/px4_msgs/include/px4_msgs/px4_msgs/msg/detail/position_setpoint__builder.hpp\n'}
[0.791806] (px4_msgs) StdoutLine: {'line': b'-- Up-to-date: /home/nicolas/ws_ros2/install/px4_msgs/include/px4_msgs/px4_msgs/msg/detail/sensor_gyro__builder.hpp\n'}
[0.791838] (px4_msgs) StdoutLine: {'line': b'-- Up-to-date: /home/nicolas/ws_ros2/install/px4_msgs/include/px4_msgs/px4_msgs/msg/detail/cpuload__builder.hpp\n'}
[0.791869] (px4_msgs) StdoutLine: {'line': b'-- Up-to-date: /home/nicolas/ws_ros2/install/px4_msgs/include/px4_msgs/px4_msgs/msg/detail/vehicle_local_position__struct.hpp\n'}
[0.791901] (px4_msgs) StdoutLine: {'line': b'-- Up-to-date: /home/nicolas/ws_ros2/install/px4_msgs/include/px4_msgs/px4_msgs/msg/detail/qshell_retval__traits.hpp\n'}
[0.791935] (px4_msgs) StdoutLine: {'line': b'-- Up-to-date: /home/nicolas/ws_ros2/install/px4_msgs/include/px4_msgs/px4_msgs/msg/detail/estimator_innovations__struct.hpp\n'}
[0.791969] (px4_msgs) StdoutLine: {'line': b'-- Up-to-date: /home/nicolas/ws_ros2/install/px4_msgs/include/px4_msgs/px4_msgs/msg/detail/mavlink_log__struct.hpp\n'}
[0.792001] (px4_msgs) StdoutLine: {'line': b'-- Up-to-date: /home/nicolas/ws_ros2/install/px4_msgs/include/px4_msgs/px4_msgs/msg/detail/vehicle_torque_setpoint__builder.hpp\n'}
[0.792032] (px4_msgs) StdoutLine: {'line': b'-- Up-to-date: /home/nicolas/ws_ros2/install/px4_msgs/include/px4_msgs/px4_msgs/msg/detail/parameter_set_used_request__builder.hpp\n'}
[0.792068] (px4_msgs) StdoutLine: {'line': b'-- Up-to-date: /home/nicolas/ws_ros2/install/px4_msgs/include/px4_msgs/px4_msgs/msg/detail/vehicle_constraints__traits.hpp\n'}
[0.792100] (px4_msgs) StdoutLine: {'line': b'-- Up-to-date: /home/nicolas/ws_ros2/install/px4_msgs/include/px4_msgs/px4_msgs/msg/detail/estimator_status__type_support.hpp\n'}
[0.792132] (px4_msgs) StdoutLine: {'line': b'-- Up-to-date: /home/nicolas/ws_ros2/install/px4_msgs/include/px4_msgs/px4_msgs/msg/detail/gimbal_manager_information__traits.hpp\n'}
[0.792163] (px4_msgs) StdoutLine: {'line': b'-- Up-to-date: /home/nicolas/ws_ros2/install/px4_msgs/include/px4_msgs/px4_msgs/msg/detail/distance_sensor__type_support.hpp\n'}
[0.792194] (px4_msgs) StdoutLine: {'line': b'-- Up-to-date: /home/nicolas/ws_ros2/install/px4_msgs/include/px4_msgs/px4_msgs/msg/detail/timesync_status__type_support.hpp\n'}
[0.792232] (px4_msgs) StdoutLine: {'line': b'-- Up-to-date: /home/nicolas/ws_ros2/install/px4_msgs/include/px4_msgs/px4_msgs/msg/detail/vehicle_odometry__struct.hpp\n'}
[0.792262] (px4_msgs) StdoutLine: {'line': b'-- Up-to-date: /home/nicolas/ws_ros2/install/px4_msgs/include/px4_msgs/px4_msgs/msg/detail/manual_control_setpoint__builder.hpp\n'}
[0.792295] (px4_msgs) StdoutLine: {'line': b'-- Up-to-date: /home/nicolas/ws_ros2/install/px4_msgs/include/px4_msgs/px4_msgs/msg/detail/sensor_preflight_mag__builder.hpp\n'}
[0.792327] (px4_msgs) StdoutLine: {'line': b'-- Up-to-date: /home/nicolas/ws_ros2/install/px4_msgs/include/px4_msgs/px4_msgs/msg/detail/rpm__type_support.hpp\n'}
[0.792359] (px4_msgs) StdoutLine: {'line': b'-- Up-to-date: /home/nicolas/ws_ros2/install/px4_msgs/include/px4_msgs/px4_msgs/msg/detail/sensor_gyro__type_support.hpp\n'}
[0.792391] (px4_msgs) StdoutLine: {'line': b'-- Up-to-date: /home/nicolas/ws_ros2/install/px4_msgs/include/px4_msgs/px4_msgs/msg/detail/velocity_limits__type_support.hpp\n'}
[0.792422] (px4_msgs) StdoutLine: {'line': b'-- Up-to-date: /home/nicolas/ws_ros2/install/px4_msgs/include/px4_msgs/px4_msgs/msg/detail/vehicle_thrust_setpoint__traits.hpp\n'}
[0.792455] (px4_msgs) StdoutLine: {'line': b'-- Up-to-date: /home/nicolas/ws_ros2/install/px4_msgs/include/px4_msgs/px4_msgs/msg/detail/airspeed__builder.hpp\n'}
[0.792488] (px4_msgs) StdoutLine: {'line': b'-- Up-to-date: /home/nicolas/ws_ros2/install/px4_msgs/include/px4_msgs/px4_msgs/msg/detail/actuator_armed__struct.hpp\n'}
[0.792520] (px4_msgs) StdoutLine: {'line': b'-- Up-to-date: /home/nicolas/ws_ros2/install/px4_msgs/include/px4_msgs/px4_msgs/msg/detail/sensor_gnss_status__type_support.hpp\n'}
[0.792552] (px4_msgs) StdoutLine: {'line': b'-- Up-to-date: /home/nicolas/ws_ros2/install/px4_msgs/include/px4_msgs/px4_msgs/msg/detail/vehicle_rates_setpoint__type_support.hpp\n'}
[0.792582] (px4_msgs) StdoutLine: {'line': b'-- Up-to-date: /home/nicolas/ws_ros2/install/px4_msgs/include/px4_msgs/px4_msgs/msg/detail/sensor_mag__type_support.hpp\n'}
[0.792612] (px4_msgs) StdoutLine: {'line': b'-- Up-to-date: /home/nicolas/ws_ros2/install/px4_msgs/include/px4_msgs/px4_msgs/msg/detail/mode_completed__traits.hpp\n'}
[0.792644] (px4_msgs) StdoutLine: {'line': b'-- Up-to-date: /home/nicolas/ws_ros2/install/px4_msgs/include/px4_msgs/px4_msgs/msg/detail/fuel_tank_status__struct.hpp\n'}
[0.792674] (px4_msgs) StdoutLine: {'line': b'-- Up-to-date: /home/nicolas/ws_ros2/install/px4_msgs/include/px4_msgs/px4_msgs/msg/detail/autotune_attitude_control_status__traits.hpp\n'}
[0.792704] (px4_msgs) StdoutLine: {'line': b'-- Up-to-date: /home/nicolas/ws_ros2/install/px4_msgs/include/px4_msgs/px4_msgs/msg/detail/vehicle_optical_flow__struct.hpp\n'}
[0.792737] (px4_msgs) StdoutLine: {'line': b'-- Up-to-date: /home/nicolas/ws_ros2/install/px4_msgs/include/px4_msgs/px4_msgs/msg/detail/camera_trigger__traits.hpp\n'}
[0.792767] (px4_msgs) StdoutLine: {'line': b'-- Up-to-date: /home/nicolas/ws_ros2/install/px4_msgs/include/px4_msgs/px4_msgs/msg/detail/estimator_innovations__type_support.hpp\n'}
[0.792797] (px4_msgs) StdoutLine: {'line': b'-- Up-to-date: /home/nicolas/ws_ros2/install/px4_msgs/include/px4_msgs/px4_msgs/msg/detail/transponder_report__builder.hpp\n'}
[0.792827] (px4_msgs) StdoutLine: {'line': b'-- Up-to-date: /home/nicolas/ws_ros2/install/px4_msgs/include/px4_msgs/px4_msgs/msg/detail/actuator_outputs__traits.hpp\n'}
[0.792859] (px4_msgs) StdoutLine: {'line': b'-- Up-to-date: /home/nicolas/ws_ros2/install/px4_msgs/include/px4_msgs/px4_msgs/msg/detail/rover_throttle_setpoint__type_support.hpp\n'}
[0.792892] (px4_msgs) StdoutLine: {'line': b'-- Up-to-date: /home/nicolas/ws_ros2/install/px4_msgs/include/px4_msgs/px4_msgs/msg/detail/gimbal_manager_status__type_support.hpp\n'}
[0.792922] (px4_msgs) StdoutLine: {'line': b'-- Up-to-date: /home/nicolas/ws_ros2/install/px4_msgs/include/px4_msgs/px4_msgs/msg/detail/parameter_set_used_request__type_support.hpp\n'}
[0.792953] (px4_msgs) StdoutLine: {'line': b'-- Up-to-date: /home/nicolas/ws_ros2/install/px4_msgs/include/px4_msgs/px4_msgs/msg/detail/debug_vect__traits.hpp\n'}
[0.792984] (px4_msgs) StdoutLine: {'line': b'-- Up-to-date: /home/nicolas/ws_ros2/install/px4_msgs/include/px4_msgs/px4_msgs/msg/detail/landing_target_pose__builder.hpp\n'}
[0.793013] (px4_msgs) StdoutLine: {'line': b'-- Up-to-date: /home/nicolas/ws_ros2/install/px4_msgs/include/px4_msgs/px4_msgs/msg/detail/orbit_status__builder.hpp\n'}
[0.793043] (px4_msgs) StdoutLine: {'line': b'-- Up-to-date: /home/nicolas/ws_ros2/install/px4_msgs/include/px4_msgs/px4_msgs/msg/detail/vehicle_command_ack__struct.hpp\n'}
[0.793074] (px4_msgs) StdoutLine: {'line': b'-- Up-to-date: /home/nicolas/ws_ros2/install/px4_msgs/include/px4_msgs/px4_msgs/msg/detail/rtl_status__struct.hpp\n'}
[0.793109] (px4_msgs) StdoutLine: {'line': b'-- Up-to-date: /home/nicolas/ws_ros2/install/px4_msgs/include/px4_msgs/px4_msgs/msg/detail/actuator_outputs__builder.hpp\n'}
[0.793141] (px4_msgs) StdoutLine: {'line': b'-- Up-to-date: /home/nicolas/ws_ros2/install/px4_msgs/include/px4_msgs/px4_msgs/msg/detail/open_drone_id_system__type_support.hpp\n'}
[0.793172] (px4_msgs) StdoutLine: {'line': b'-- Up-to-date: /home/nicolas/ws_ros2/install/px4_msgs/include/px4_msgs/px4_msgs/msg/detail/orbit_status__struct.hpp\n'}
[0.793203] (px4_msgs) StdoutLine: {'line': b'-- Up-to-date: /home/nicolas/ws_ros2/install/px4_msgs/include/px4_msgs/px4_msgs/msg/detail/vehicle_constraints__type_support.hpp\n'}
[0.793234] (px4_msgs) StdoutLine: {'line': b'-- Up-to-date: /home/nicolas/ws_ros2/install/px4_msgs/include/px4_msgs/px4_msgs/msg/detail/heater_status__builder.hpp\n'}
[0.793263] (px4_msgs) StdoutLine: {'line': b'-- Up-to-date: /home/nicolas/ws_ros2/install/px4_msgs/include/px4_msgs/px4_msgs/msg/detail/gimbal_controls__builder.hpp\n'}
[0.793293] (px4_msgs) StdoutLine: {'line': b'-- Up-to-date: /home/nicolas/ws_ros2/install/px4_msgs/include/px4_msgs/px4_msgs/msg/detail/sensor_uwb__type_support.hpp\n'}
[0.793332] (px4_msgs) StdoutLine: {'line': b'-- Up-to-date: /home/nicolas/ws_ros2/install/px4_msgs/include/px4_msgs/px4_msgs/msg/detail/register_ext_component_reply__traits.hpp\n'}
[0.793363] (px4_msgs) StdoutLine: {'line': b'-- Up-to-date: /home/nicolas/ws_ros2/install/px4_msgs/include/px4_msgs/px4_msgs/msg/detail/iridiumsbd_status__type_support.hpp\n'}
[0.793393] (px4_msgs) StdoutLine: {'line': b'-- Up-to-date: /home/nicolas/ws_ros2/install/px4_msgs/include/px4_msgs/px4_msgs/msg/detail/irlock_report__traits.hpp\n'}
[0.793424] (px4_msgs) StdoutLine: {'line': b'-- Up-to-date: /home/nicolas/ws_ros2/install/px4_msgs/include/px4_msgs/px4_msgs/msg/detail/differential_pressure__type_support.hpp\n'}
[0.793458] (px4_msgs) StdoutLine: {'line': b'-- Up-to-date: /home/nicolas/ws_ros2/install/px4_msgs/include/px4_msgs/px4_msgs/msg/detail/gps_inject_data__struct.hpp\n'}
[0.793492] (px4_msgs) StdoutLine: {'line': b'-- Up-to-date: /home/nicolas/ws_ros2/install/px4_msgs/include/px4_msgs/px4_msgs/msg/detail/sensor_accel__type_support.hpp\n'}
[0.793523] (px4_msgs) StdoutLine: {'line': b'-- Up-to-date: /home/nicolas/ws_ros2/install/px4_msgs/include/px4_msgs/px4_msgs/msg/detail/estimator_bias3d__traits.hpp\n'}
[0.793553] (px4_msgs) StdoutLine: {'line': b'-- Up-to-date: /home/nicolas/ws_ros2/install/px4_msgs/include/px4_msgs/px4_msgs/msg/detail/adc_report__traits.hpp\n'}
[0.793583] (px4_msgs) StdoutLine: {'line': b'-- Up-to-date: /home/nicolas/ws_ros2/install/px4_msgs/include/px4_msgs/px4_msgs/msg/detail/sensor_gyro_fft__struct.hpp\n'}
[0.793613] (px4_msgs) StdoutLine: {'line': b'-- Up-to-date: /home/nicolas/ws_ros2/install/px4_msgs/include/px4_msgs/px4_msgs/msg/detail/mode_completed__builder.hpp\n'}
[0.793645] (px4_msgs) StdoutLine: {'line': b'-- Up-to-date: /home/nicolas/ws_ros2/install/px4_msgs/include/px4_msgs/px4_msgs/msg/detail/sensor_baro__traits.hpp\n'}
[0.793675] (px4_msgs) StdoutLine: {'line': b'-- Up-to-date: /home/nicolas/ws_ros2/install/px4_msgs/include/px4_msgs/px4_msgs/msg/detail/message_format_request__traits.hpp\n'}
[0.793705] (px4_msgs) StdoutLine: {'line': b'-- Up-to-date: /home/nicolas/ws_ros2/install/px4_msgs/include/px4_msgs/px4_msgs/msg/detail/vehicle_land_detected__builder.hpp\n'}
[0.793735] (px4_msgs) StdoutLine: {'line': b'-- Up-to-date: /home/nicolas/ws_ros2/install/px4_msgs/include/px4_msgs/px4_msgs/msg/detail/debug_vect__struct.hpp\n'}
[0.793766] (px4_msgs) StdoutLine: {'line': b'-- Up-to-date: /home/nicolas/ws_ros2/install/px4_msgs/include/px4_msgs/px4_msgs/msg/detail/gpio_config__type_support.hpp\n'}
[0.793797] (px4_msgs) StdoutLine: {'line': b'-- Up-to-date: /home/nicolas/ws_ros2/install/px4_msgs/include/px4_msgs/px4_msgs/msg/detail/fixed_wing_lateral_status__traits.hpp\n'}
[0.793827] (px4_msgs) StdoutLine: {'line': b'-- Up-to-date: /home/nicolas/ws_ros2/install/px4_msgs/include/px4_msgs/px4_msgs/msg/detail/heater_status__type_support.hpp\n'}
[0.793859] (px4_msgs) StdoutLine: {'line': b'-- Up-to-date: /home/nicolas/ws_ros2/install/px4_msgs/include/px4_msgs/px4_msgs/msg/detail/sensor_airflow__struct.hpp\n'}
[0.793893] (px4_msgs) StdoutLine: {'line': b'-- Up-to-date: /home/nicolas/ws_ros2/install/px4_msgs/include/px4_msgs/px4_msgs/msg/detail/landing_target_innovations__traits.hpp\n'}
[0.793923] (px4_msgs) StdoutLine: {'line': b'-- Up-to-date: /home/nicolas/ws_ros2/install/px4_msgs/include/px4_msgs/px4_msgs/msg/detail/gimbal_device_attitude_status__type_support.hpp\n'}
[0.793954] (px4_msgs) StdoutLine: {'line': b'-- Up-to-date: /home/nicolas/ws_ros2/install/px4_msgs/include/px4_msgs/px4_msgs/msg/detail/estimator_states__traits.hpp\n'}
[0.793985] (px4_msgs) StdoutLine: {'line': b'-- Up-to-date: /home/nicolas/ws_ros2/install/px4_msgs/include/px4_msgs/px4_msgs/msg/detail/rover_attitude_status__type_support.hpp\n'}
[0.794015] (px4_msgs) StdoutLine: {'line': b'-- Up-to-date: /home/nicolas/ws_ros2/install/px4_msgs/include/px4_msgs/px4_msgs/msg/detail/system_power__type_support.hpp\n'}
[0.794051] (px4_msgs) StdoutLine: {'line': b'-- Up-to-date: /home/nicolas/ws_ros2/install/px4_msgs/include/px4_msgs/px4_msgs/msg/detail/generator_status__builder.hpp\n'}
[0.794083] (px4_msgs) StdoutLine: {'line': b'-- Up-to-date: /home/nicolas/ws_ros2/install/px4_msgs/include/px4_msgs/px4_msgs/msg/detail/estimator_gps_status__builder.hpp\n'}
[0.794113] (px4_msgs) StdoutLine: {'line': b'-- Up-to-date: /home/nicolas/ws_ros2/install/px4_msgs/include/px4_msgs/px4_msgs/msg/detail/dronecan_node_status__type_support.hpp\n'}
[0.794149] (px4_msgs) StdoutLine: {'line': b'-- Up-to-date: /home/nicolas/ws_ros2/install/px4_msgs/include/px4_msgs/px4_msgs/msg/detail/airspeed_wind__builder.hpp\n'}
[0.794180] (px4_msgs) StdoutLine: {'line': b'-- Up-to-date: /home/nicolas/ws_ros2/install/px4_msgs/include/px4_msgs/px4_msgs/msg/detail/log_message__builder.hpp\n'}
[0.794212] (px4_msgs) StdoutLine: {'line': b'-- Up-to-date: /home/nicolas/ws_ros2/install/px4_msgs/include/px4_msgs/px4_msgs/msg/detail/collision_constraints__traits.hpp\n'}
[0.794243] (px4_msgs) StdoutLine: {'line': b'-- Up-to-date: /home/nicolas/ws_ros2/install/px4_msgs/include/px4_msgs/px4_msgs/msg/detail/pwm_input__struct.hpp\n'}
[0.794274] (px4_msgs) StdoutLine: {'line': b'-- Up-to-date: /home/nicolas/ws_ros2/install/px4_msgs/include/px4_msgs/px4_msgs/msg/detail/parameter_reset_request__type_support.hpp\n'}
[0.794305] (px4_msgs) StdoutLine: {'line': b'-- Up-to-date: /home/nicolas/ws_ros2/install/px4_msgs/include/px4_msgs/px4_msgs/msg/detail/vehicle_imu_status__type_support.hpp\n'}
[0.794335] (px4_msgs) StdoutLine: {'line': b'-- Up-to-date: /home/nicolas/ws_ros2/install/px4_msgs/include/px4_msgs/px4_msgs/msg/detail/vehicle_thrust_setpoint__builder.hpp\n'}
[0.794366] (px4_msgs) StdoutLine: {'line': b'-- Up-to-date: /home/nicolas/ws_ros2/install/px4_msgs/include/px4_msgs/px4_msgs/msg/detail/radio_status__type_support.hpp\n'}
[0.794397] (px4_msgs) StdoutLine: {'line': b'-- Up-to-date: /home/nicolas/ws_ros2/install/px4_msgs/include/px4_msgs/px4_msgs/msg/detail/vehicle_imu__type_support.hpp\n'}
[0.794427] (px4_msgs) StdoutLine: {'line': b'-- Up-to-date: /home/nicolas/ws_ros2/install/px4_msgs/include/px4_msgs/px4_msgs/msg/detail/action_request__traits.hpp\n'}
[0.794460] (px4_msgs) StdoutLine: {'line': b'-- Up-to-date: /home/nicolas/ws_ros2/install/px4_msgs/include/px4_msgs/px4_msgs/msg/detail/gpio_request__builder.hpp\n'}
[0.794492] (px4_msgs) StdoutLine: {'line': b'-- Up-to-date: /home/nicolas/ws_ros2/install/px4_msgs/include/px4_msgs/px4_msgs/msg/detail/hover_thrust_estimate__builder.hpp\n'}
[0.794522] (px4_msgs) StdoutLine: {'line': b'-- Up-to-date: /home/nicolas/ws_ros2/install/px4_msgs/include/px4_msgs/px4_msgs/msg/detail/follow_target__type_support.hpp\n'}
[0.794552] (px4_msgs) StdoutLine: {'line': b'-- Up-to-date: /home/nicolas/ws_ros2/install/px4_msgs/include/px4_msgs/px4_msgs/msg/detail/airspeed_validated__traits.hpp\n'}
[0.794582] (px4_msgs) StdoutLine: {'line': b'-- Up-to-date: /home/nicolas/ws_ros2/install/px4_msgs/include/px4_msgs/px4_msgs/msg/detail/rc_parameter_map__struct.hpp\n'}
[0.794613] (px4_msgs) StdoutLine: {'line': b'-- Up-to-date: /home/nicolas/ws_ros2/install/px4_msgs/include/px4_msgs/px4_msgs/msg/detail/open_drone_id_arm_status__struct.hpp\n'}
[0.794645] (px4_msgs) StdoutLine: {'line': b'-- Up-to-date: /home/nicolas/ws_ros2/install/px4_msgs/include/px4_msgs/px4_msgs/msg/detail/gimbal_manager_status__traits.hpp\n'}
[0.794674] (px4_msgs) StdoutLine: {'line': b'-- Up-to-date: /home/nicolas/ws_ros2/install/px4_msgs/include/px4_msgs/px4_msgs/msg/detail/gimbal_device_set_attitude__struct.hpp\n'}
[0.794705] (px4_msgs) StdoutLine: {'line': b'-- Up-to-date: /home/nicolas/ws_ros2/install/px4_msgs/include/px4_msgs/px4_msgs/msg/detail/airspeed_validated__builder.hpp\n'}
[0.794735] (px4_msgs) StdoutLine: {'line': b'-- Up-to-date: /home/nicolas/ws_ros2/install/px4_msgs/include/px4_msgs/px4_msgs/msg/detail/gimbal_manager_set_manual_control__type_support.hpp\n'}
[0.794766] (px4_msgs) StdoutLine: {'line': b'-- Up-to-date: /home/nicolas/ws_ros2/install/px4_msgs/include/px4_msgs/px4_msgs/msg/detail/sensor_selection__traits.hpp\n'}
[0.794795] (px4_msgs) StdoutLine: {'line': b'-- Up-to-date: /home/nicolas/ws_ros2/install/px4_msgs/include/px4_msgs/px4_msgs/msg/detail/sensor_hygrometer__struct.hpp\n'}
[0.794828] (px4_msgs) StdoutLine: {'line': b'-- Up-to-date: /home/nicolas/ws_ros2/install/px4_msgs/include/px4_msgs/px4_msgs/msg/detail/airspeed_wind__struct.hpp\n'}
[0.794859] (px4_msgs) StdoutLine: {'line': b'-- Up-to-date: /home/nicolas/ws_ros2/install/px4_msgs/include/px4_msgs/px4_msgs/msg/detail/failsafe_flags__builder.hpp\n'}
[0.794890] (px4_msgs) StdoutLine: {'line': b'-- Up-to-date: /home/nicolas/ws_ros2/install/px4_msgs/include/px4_msgs/px4_msgs/msg/detail/input_rc__type_support.hpp\n'}
[0.794921] (px4_msgs) StdoutLine: {'line': b'-- Up-to-date: /home/nicolas/ws_ros2/install/px4_msgs/include/px4_msgs/px4_msgs/msg/detail/sensor_accel_fifo__struct.hpp\n'}
[0.794954] (px4_msgs) StdoutLine: {'line': b'-- Up-to-date: /home/nicolas/ws_ros2/install/px4_msgs/include/px4_msgs/px4_msgs/msg/detail/vtol_vehicle_status__type_support.hpp\n'}
[0.794984] (px4_msgs) StdoutLine: {'line': b'-- Up-to-date: /home/nicolas/ws_ros2/install/px4_msgs/include/px4_msgs/px4_msgs/msg/detail/parameter_update__struct.hpp\n'}
[0.795015] (px4_msgs) StdoutLine: {'line': b'-- Up-to-date: /home/nicolas/ws_ros2/install/px4_msgs/include/px4_msgs/px4_msgs/msg/detail/input_rc__builder.hpp\n'}
[0.795045] (px4_msgs) StdoutLine: {'line': b'-- Up-to-date: /home/nicolas/ws_ros2/install/px4_msgs/include/px4_msgs/px4_msgs/msg/detail/debug_value__builder.hpp\n'}
[0.795084] (px4_msgs) StdoutLine: {'line': b'-- Up-to-date: /home/nicolas/ws_ros2/install/px4_msgs/include/px4_msgs/px4_msgs/msg/detail/vehicle_optical_flow_vel__type_support.hpp\n'}
[0.795115] (px4_msgs) StdoutLine: {'line': b'-- Up-to-date: /home/nicolas/ws_ros2/install/px4_msgs/include/px4_msgs/px4_msgs/msg/detail/rover_throttle_setpoint__traits.hpp\n'}
[0.795147] (px4_msgs) StdoutLine: {'line': b'-- Up-to-date: /home/nicolas/ws_ros2/install/px4_msgs/include/px4_msgs/px4_msgs/msg/detail/sensor_baro__builder.hpp\n'}
[0.795181] (px4_msgs) StdoutLine: {'line': b'-- Up-to-date: /home/nicolas/ws_ros2/install/px4_msgs/include/px4_msgs/px4_msgs/msg/detail/control_allocator_status__type_support.hpp\n'}
[0.795212] (px4_msgs) StdoutLine: {'line': b'-- Up-to-date: /home/nicolas/ws_ros2/install/px4_msgs/include/px4_msgs/px4_msgs/msg/detail/vehicle_imu__struct.hpp\n'}
[0.795242] (px4_msgs) StdoutLine: {'line': b'-- Up-to-date: /home/nicolas/ws_ros2/install/px4_msgs/include/px4_msgs/px4_msgs/msg/detail/pwm_input__builder.hpp\n'}
[0.795272] (px4_msgs) StdoutLine: {'line': b'-- Up-to-date: /home/nicolas/ws_ros2/install/px4_msgs/include/px4_msgs/px4_msgs/msg/detail/tune_control__type_support.hpp\n'}
[0.795303] (px4_msgs) StdoutLine: {'line': b'-- Up-to-date: /home/nicolas/ws_ros2/install/px4_msgs/include/px4_msgs/px4_msgs/msg/detail/rover_rate_setpoint__struct.hpp\n'}
[0.795332] (px4_msgs) StdoutLine: {'line': b'-- Up-to-date: /home/nicolas/ws_ros2/install/px4_msgs/include/px4_msgs/px4_msgs/msg/detail/logger_status__builder.hpp\n'}
[0.795362] (px4_msgs) StdoutLine: {'line': b'-- Up-to-date: /home/nicolas/ws_ros2/install/px4_msgs/include/px4_msgs/px4_msgs/msg/detail/gripper__type_support.hpp\n'}
[0.795394] (px4_msgs) StdoutLine: {'line': b'-- Up-to-date: /home/nicolas/ws_ros2/install/px4_msgs/include/px4_msgs/px4_msgs/msg/detail/internal_combustion_engine_status__struct.hpp\n'}
[0.795424] (px4_msgs) StdoutLine: {'line': b'-- Up-to-date: /home/nicolas/ws_ros2/install/px4_msgs/include/px4_msgs/px4_msgs/msg/detail/rover_speed_status__builder.hpp\n'}
[0.795459] (px4_msgs) StdoutLine: {'line': b'-- Up-to-date: /home/nicolas/ws_ros2/install/px4_msgs/include/px4_msgs/px4_msgs/msg/detail/irlock_report__builder.hpp\n'}
[0.795492] (px4_msgs) StdoutLine: {'line': b'-- Up-to-date: /home/nicolas/ws_ros2/install/px4_msgs/include/px4_msgs/px4_msgs/msg/detail/mavlink_tunnel__builder.hpp\n'}
[0.795522] (px4_msgs) StdoutLine: {'line': b'-- Up-to-date: /home/nicolas/ws_ros2/install/px4_msgs/include/px4_msgs/px4_msgs/msg/detail/vehicle_roi__type_support.hpp\n'}
[0.795552] (px4_msgs) StdoutLine: {'line': b'-- Up-to-date: /home/nicolas/ws_ros2/install/px4_msgs/include/px4_msgs/px4_msgs/msg/detail/fixed_wing_runway_control__type_support.hpp\n'}
[0.795583] (px4_msgs) StdoutLine: {'line': b'-- Up-to-date: /home/nicolas/ws_ros2/install/px4_msgs/include/px4_msgs/px4_msgs/msg/detail/distance_sensor_mode_change_request__struct.hpp\n'}
[0.795614] (px4_msgs) StdoutLine: {'line': b'-- Up-to-date: /home/nicolas/ws_ros2/install/px4_msgs/include/px4_msgs/px4_msgs/msg/detail/estimator_bias3d__struct.hpp\n'}
[0.795647] (px4_msgs) StdoutLine: {'line': b'-- Up-to-date: /home/nicolas/ws_ros2/install/px4_msgs/include/px4_msgs/px4_msgs/msg/detail/vehicle_angular_velocity__type_support.hpp\n'}
[0.795676] (px4_msgs) StdoutLine: {'line': b'-- Up-to-date: /home/nicolas/ws_ros2/install/px4_msgs/include/px4_msgs/px4_msgs/msg/detail/parameter_update__traits.hpp\n'}
[0.795709] (px4_msgs) StdoutLine: {'line': b'-- Up-to-date: /home/nicolas/ws_ros2/install/px4_msgs/include/px4_msgs/px4_msgs/msg/detail/mavlink_log__builder.hpp\n'}
[0.795739] (px4_msgs) StdoutLine: {'line': b'-- Up-to-date: /home/nicolas/ws_ros2/install/px4_msgs/include/px4_msgs/px4_msgs/msg/detail/esc_status__struct.hpp\n'}
[0.795769] (px4_msgs) StdoutLine: {'line': b'-- Up-to-date: /home/nicolas/ws_ros2/install/px4_msgs/include/px4_msgs/px4_msgs/msg/detail/sensor_accel__struct.hpp\n'}
[0.795800] (px4_msgs) StdoutLine: {'line': b'-- Up-to-date: /home/nicolas/ws_ros2/install/px4_msgs/include/px4_msgs/px4_msgs/msg/detail/sensor_gyro_fifo__type_support.hpp\n'}
[0.795833] (px4_msgs) StdoutLine: {'line': b'-- Up-to-date: /home/nicolas/ws_ros2/install/px4_msgs/include/px4_msgs/px4_msgs/msg/detail/gps_dump__builder.hpp\n'}
[0.795864] (px4_msgs) StdoutLine: {'line': b'-- Up-to-date: /home/nicolas/ws_ros2/install/px4_msgs/include/px4_msgs/px4_msgs/msg/detail/orb_test__struct.hpp\n'}
[0.795894] (px4_msgs) StdoutLine: {'line': b'-- Up-to-date: /home/nicolas/ws_ros2/install/px4_msgs/include/px4_msgs/px4_msgs/msg/detail/ulog_stream_ack__struct.hpp\n'}
[0.795924] (px4_msgs) StdoutLine: {'line': b'-- Up-to-date: /home/nicolas/ws_ros2/install/px4_msgs/include/px4_msgs/px4_msgs/msg/detail/collision_constraints__builder.hpp\n'}
[0.795955] (px4_msgs) StdoutLine: {'line': b'-- Up-to-date: /home/nicolas/ws_ros2/install/px4_msgs/include/px4_msgs/px4_msgs/msg/detail/manual_control_switches__builder.hpp\n'}
[0.795985] (px4_msgs) StdoutLine: {'line': b'-- Up-to-date: /home/nicolas/ws_ros2/install/px4_msgs/include/px4_msgs/px4_msgs/msg/detail/sensor_correction__type_support.hpp\n'}
[0.796016] (px4_msgs) StdoutLine: {'line': b'-- Up-to-date: /home/nicolas/ws_ros2/install/px4_msgs/include/px4_msgs/px4_msgs/msg/detail/fixed_wing_lateral_status__type_support.hpp\n'}
[0.796047] (px4_msgs) StdoutLine: {'line': b'-- Up-to-date: /home/nicolas/ws_ros2/install/px4_msgs/include/px4_msgs/px4_msgs/msg/detail/camera_status__type_support.hpp\n'}
[0.796078] (px4_msgs) StdoutLine: {'line': b'-- Up-to-date: /home/nicolas/ws_ros2/install/px4_msgs/include/px4_msgs/px4_msgs/msg/detail/fixed_wing_longitudinal_setpoint__builder.hpp\n'}
[0.796109] (px4_msgs) StdoutLine: {'line': b'-- Up-to-date: /home/nicolas/ws_ros2/install/px4_msgs/include/px4_msgs/px4_msgs/msg/detail/follow_target_status__struct.hpp\n'}
[0.796141] (px4_msgs) StdoutLine: {'line': b'-- Up-to-date: /home/nicolas/ws_ros2/install/px4_msgs/include/px4_msgs/px4_msgs/msg/detail/vehicle_optical_flow_vel__struct.hpp\n'}
[0.796176] (px4_msgs) StdoutLine: {'line': b'-- Up-to-date: /home/nicolas/ws_ros2/install/px4_msgs/include/px4_msgs/px4_msgs/msg/detail/ekf2_timestamps__struct.hpp\n'}
[0.796208] (px4_msgs) StdoutLine: {'line': b'-- Up-to-date: /home/nicolas/ws_ros2/install/px4_msgs/include/px4_msgs/px4_msgs/msg/detail/satellite_info__traits.hpp\n'}
[0.796243] (px4_msgs) StdoutLine: {'line': b'-- Up-to-date: /home/nicolas/ws_ros2/install/px4_msgs/include/px4_msgs/px4_msgs/msg/detail/actuator_controls_status__builder.hpp\n'}
[0.796274] (px4_msgs) StdoutLine: {'line': b'-- Up-to-date: /home/nicolas/ws_ros2/install/px4_msgs/include/px4_msgs/px4_msgs/msg/detail/camera_status__builder.hpp\n'}
[0.796304] (px4_msgs) StdoutLine: {'line': b'-- Up-to-date: /home/nicolas/ws_ros2/install/px4_msgs/include/px4_msgs/px4_msgs/msg/detail/gpio_request__traits.hpp\n'}
[0.796335] (px4_msgs) StdoutLine: {'line': b'-- Up-to-date: /home/nicolas/ws_ros2/install/px4_msgs/include/px4_msgs/px4_msgs/msg/detail/vehicle_attitude_setpoint__builder.hpp\n'}
[0.796365] (px4_msgs) StdoutLine: {'line': b'-- Up-to-date: /home/nicolas/ws_ros2/install/px4_msgs/include/px4_msgs/px4_msgs/msg/detail/landing_gear__struct.hpp\n'}
[0.796396] (px4_msgs) StdoutLine: {'line': b'-- Up-to-date: /home/nicolas/ws_ros2/install/px4_msgs/include/px4_msgs/px4_msgs/msg/detail/vehicle_command_ack__type_support.hpp\n'}
[0.796426] (px4_msgs) StdoutLine: {'line': b'-- Up-to-date: /home/nicolas/ws_ros2/install/px4_msgs/include/px4_msgs/px4_msgs/msg/detail/power_button_state__struct.hpp\n'}
[0.796463] (px4_msgs) StdoutLine: {'line': b'-- Up-to-date: /home/nicolas/ws_ros2/install/px4_msgs/include/px4_msgs/px4_msgs/msg/detail/system_power__struct.hpp\n'}
[0.796495] (px4_msgs) StdoutLine: {'line': b'-- Up-to-date: /home/nicolas/ws_ros2/install/px4_msgs/include/px4_msgs/px4_msgs/msg/detail/battery_status__builder.hpp\n'}
[0.796525] (px4_msgs) StdoutLine: {'line': b'-- Up-to-date: /home/nicolas/ws_ros2/install/px4_msgs/include/px4_msgs/px4_msgs/msg/detail/estimator_sensor_bias__struct.hpp\n'}
[0.796555] (px4_msgs) StdoutLine: {'line': b'-- Up-to-date: /home/nicolas/ws_ros2/install/px4_msgs/include/px4_msgs/px4_msgs/msg/detail/dronecan_node_status__struct.hpp\n'}
[0.796585] (px4_msgs) StdoutLine: {'line': b'-- Up-to-date: /home/nicolas/ws_ros2/install/px4_msgs/include/px4_msgs/px4_msgs/msg/detail/follow_target_estimator__builder.hpp\n'}
[0.796614] (px4_msgs) StdoutLine: {'line': b'-- Up-to-date: /home/nicolas/ws_ros2/install/px4_msgs/include/px4_msgs/px4_msgs/msg/detail/camera_trigger__builder.hpp\n'}
[0.796645] (px4_msgs) StdoutLine: {'line': b'-- Up-to-date: /home/nicolas/ws_ros2/install/px4_msgs/include/px4_msgs/px4_msgs/msg/detail/orb_test__builder.hpp\n'}
[0.796676] (px4_msgs) StdoutLine: {'line': b'-- Up-to-date: /home/nicolas/ws_ros2/install/px4_msgs/include/px4_msgs/px4_msgs/msg/detail/gimbal_manager_set_attitude__struct.hpp\n'}
[0.796707] (px4_msgs) StdoutLine: {'line': b'-- Up-to-date: /home/nicolas/ws_ros2/install/px4_msgs/include/px4_msgs/px4_msgs/msg/detail/normalized_unsigned_setpoint__builder.hpp\n'}
[0.796739] (px4_msgs) StdoutLine: {'line': b'-- Up-to-date: /home/nicolas/ws_ros2/install/px4_msgs/include/px4_msgs/px4_msgs/msg/detail/sensor_selection__builder.hpp\n'}
[0.796769] (px4_msgs) StdoutLine: {'line': b'-- Up-to-date: /home/nicolas/ws_ros2/install/px4_msgs/include/px4_msgs/px4_msgs/msg/detail/vehicle_thrust_setpoint__type_support.hpp\n'}
[0.796801] (px4_msgs) StdoutLine: {'line': b'-- Up-to-date: /home/nicolas/ws_ros2/install/px4_msgs/include/px4_msgs/px4_msgs/msg/detail/sensor_mag__traits.hpp\n'}
[0.796831] (px4_msgs) StdoutLine: {'line': b'-- Up-to-date: /home/nicolas/ws_ros2/install/px4_msgs/include/px4_msgs/px4_msgs/msg/detail/debug_key_value__traits.hpp\n'}
[0.796861] (px4_msgs) StdoutLine: {'line': b'-- Up-to-date: /home/nicolas/ws_ros2/install/px4_msgs/include/px4_msgs/px4_msgs/msg/detail/sensor_selection__struct.hpp\n'}
[0.796892] (px4_msgs) StdoutLine: {'line': b'-- Up-to-date: /home/nicolas/ws_ros2/install/px4_msgs/include/px4_msgs/px4_msgs/msg/detail/tiltrotor_extra_controls__type_support.hpp\n'}
[0.796922] (px4_msgs) StdoutLine: {'line': b'-- Up-to-date: /home/nicolas/ws_ros2/install/px4_msgs/include/px4_msgs/px4_msgs/msg/detail/iridiumsbd_status__traits.hpp\n'}
[0.796952] (px4_msgs) StdoutLine: {'line': b'-- Up-to-date: /home/nicolas/ws_ros2/install/px4_msgs/include/px4_msgs/px4_msgs/msg/detail/open_drone_id_operator_id__traits.hpp\n'}
[0.796982] (px4_msgs) StdoutLine: {'line': b'-- Up-to-date: /home/nicolas/ws_ros2/install/px4_msgs/include/px4_msgs/px4_msgs/msg/detail/camera_capture__builder.hpp\n'}
[0.797014] (px4_msgs) StdoutLine: {'line': b'-- Up-to-date: /home/nicolas/ws_ros2/install/px4_msgs/include/px4_msgs/px4_msgs/msg/detail/trajectory_setpoint__builder.hpp\n'}
[0.797044] (px4_msgs) StdoutLine: {'line': b'-- Up-to-date: /home/nicolas/ws_ros2/install/px4_msgs/include/px4_msgs/px4_msgs/msg/detail/rtl_status__traits.hpp\n'}
[0.797074] (px4_msgs) StdoutLine: {'line': b'-- Up-to-date: /home/nicolas/ws_ros2/install/px4_msgs/include/px4_msgs/px4_msgs/msg/detail/autotune_attitude_control_status__struct.hpp\n'}
[0.797105] (px4_msgs) StdoutLine: {'line': b'-- Up-to-date: /home/nicolas/ws_ros2/install/px4_msgs/include/px4_msgs/px4_msgs/msg/detail/mount_orientation__traits.hpp\n'}
[0.797136] (px4_msgs) StdoutLine: {'line': b'-- Up-to-date: /home/nicolas/ws_ros2/install/px4_msgs/include/px4_msgs/px4_msgs/msg/detail/vehicle_local_position_setpoint__type_support.hpp\n'}
[0.797166] (px4_msgs) StdoutLine: {'line': b'-- Up-to-date: /home/nicolas/ws_ros2/install/px4_msgs/include/px4_msgs/px4_msgs/msg/detail/mount_orientation__struct.hpp\n'}
[0.797209] (px4_msgs) StdoutLine: {'line': b'-- Up-to-date: /home/nicolas/ws_ros2/install/px4_msgs/include/px4_msgs/px4_msgs/msg/detail/rc_channels__builder.hpp\n'}
[0.797238] (px4_msgs) StdoutLine: {'line': b'-- Up-to-date: /home/nicolas/ws_ros2/install/px4_msgs/include/px4_msgs/px4_msgs/msg/detail/actuator_controls_status__type_support.hpp\n'}
[0.797275] (px4_msgs) StdoutLine: {'line': b'-- Up-to-date: /home/nicolas/ws_ros2/install/px4_msgs/include/px4_msgs/px4_msgs/msg/detail/estimator_aid_source2d__type_support.hpp\n'}
[0.797306] (px4_msgs) StdoutLine: {'line': b'-- Up-to-date: /home/nicolas/ws_ros2/install/px4_msgs/include/px4_msgs/px4_msgs/msg/detail/event__traits.hpp\n'}
[0.797337] (px4_msgs) StdoutLine: {'line': b'-- Up-to-date: /home/nicolas/ws_ros2/install/px4_msgs/include/px4_msgs/px4_msgs/msg/detail/gimbal_controls__type_support.hpp\n'}
[0.797368] (px4_msgs) StdoutLine: {'line': b'-- Up-to-date: /home/nicolas/ws_ros2/install/px4_msgs/include/px4_msgs/px4_msgs/msg/detail/sensor_gnss_relative__struct.hpp\n'}
[0.797398] (px4_msgs) StdoutLine: {'line': b'-- Up-to-date: /home/nicolas/ws_ros2/install/px4_msgs/include/px4_msgs/px4_msgs/msg/detail/mission__traits.hpp\n'}
[0.797428] (px4_msgs) StdoutLine: {'line': b'-- Up-to-date: /home/nicolas/ws_ros2/install/px4_msgs/include/px4_msgs/px4_msgs/msg/detail/rover_position_setpoint__type_support.hpp\n'}
[0.797461] (px4_msgs) StdoutLine: {'line': b'-- Up-to-date: /home/nicolas/ws_ros2/install/px4_msgs/include/px4_msgs/px4_msgs/msg/detail/gimbal_controls__struct.hpp\n'}
[0.797493] (px4_msgs) StdoutLine: {'line': b'-- Up-to-date: /home/nicolas/ws_ros2/install/px4_msgs/include/px4_msgs/px4_msgs/msg/detail/position_controller_status__struct.hpp\n'}
[0.797523] (px4_msgs) StdoutLine: {'line': b'-- Up-to-date: /home/nicolas/ws_ros2/install/px4_msgs/include/px4_msgs/px4_msgs/msg/detail/radio_status__traits.hpp\n'}
[0.797553] (px4_msgs) StdoutLine: {'line': b'-- Up-to-date: /home/nicolas/ws_ros2/install/px4_msgs/include/px4_msgs/px4_msgs/msg/detail/vehicle_land_detected__type_support.hpp\n'}
[0.797583] (px4_msgs) StdoutLine: {'line': b'-- Up-to-date: /home/nicolas/ws_ros2/install/px4_msgs/include/px4_msgs/px4_msgs/msg/detail/distance_sensor__struct.hpp\n'}
[0.797614] (px4_msgs) StdoutLine: {'line': b'-- Up-to-date: /home/nicolas/ws_ros2/install/px4_msgs/include/px4_msgs/px4_msgs/msg/detail/navigator_status__builder.hpp\n'}
[0.797644] (px4_msgs) StdoutLine: {'line': b'-- Up-to-date: /home/nicolas/ws_ros2/install/px4_msgs/include/px4_msgs/px4_msgs/msg/detail/dataman_response__struct.hpp\n'}
[0.797674] (px4_msgs) StdoutLine: {'line': b'-- Up-to-date: /home/nicolas/ws_ros2/install/px4_msgs/include/px4_msgs/px4_msgs/msg/detail/debug_key_value__type_support.hpp\n'}
[0.797705] (px4_msgs) StdoutLine: {'line': b'-- Up-to-date: /home/nicolas/ws_ros2/install/px4_msgs/include/px4_msgs/px4_msgs/msg/detail/power_button_state__builder.hpp\n'}
[0.797739] (px4_msgs) StdoutLine: {'line': b'-- Up-to-date: /home/nicolas/ws_ros2/install/px4_msgs/include/px4_msgs/px4_msgs/msg/detail/mission_result__type_support.hpp\n'}
[0.797770] (px4_msgs) StdoutLine: {'line': b'-- Up-to-date: /home/nicolas/ws_ros2/install/px4_msgs/include/px4_msgs/px4_msgs/msg/detail/generator_status__traits.hpp\n'}
[0.797800] (px4_msgs) StdoutLine: {'line': b'-- Up-to-date: /home/nicolas/ws_ros2/install/px4_msgs/include/px4_msgs/px4_msgs/msg/detail/sensor_gnss_relative__traits.hpp\n'}
[0.797829] (px4_msgs) StdoutLine: {'line': b'-- Up-to-date: /home/nicolas/ws_ros2/install/px4_msgs/include/px4_msgs/px4_msgs/msg/detail/sensor_combined__type_support.hpp\n'}
[0.797859] (px4_msgs) StdoutLine: {'line': b'-- Up-to-date: /home/nicolas/ws_ros2/install/px4_msgs/include/px4_msgs/px4_msgs/msg/detail/vehicle_command__type_support.hpp\n'}
[0.797890] (px4_msgs) StdoutLine: {'line': b'-- Up-to-date: /home/nicolas/ws_ros2/install/px4_msgs/include/px4_msgs/px4_msgs/msg/detail/parameter_update__type_support.hpp\n'}
[0.797922] (px4_msgs) StdoutLine: {'line': b'-- Up-to-date: /home/nicolas/ws_ros2/install/px4_msgs/include/px4_msgs/px4_msgs/msg/detail/airspeed_validated__type_support.hpp\n'}
[0.797952] (px4_msgs) StdoutLine: {'line': b'-- Up-to-date: /home/nicolas/ws_ros2/install/px4_msgs/include/px4_msgs/px4_msgs/msg/detail/action_request__type_support.hpp\n'}
[0.797983] (px4_msgs) StdoutLine: {'line': b'-- Up-to-date: /home/nicolas/ws_ros2/install/px4_msgs/include/px4_msgs/px4_msgs/msg/detail/gpio_out__builder.hpp\n'}
[0.798014] (px4_msgs) StdoutLine: {'line': b'-- Up-to-date: /home/nicolas/ws_ros2/install/px4_msgs/include/px4_msgs/px4_msgs/msg/detail/parameter_set_used_request__traits.hpp\n'}
[0.798045] (px4_msgs) StdoutLine: {'line': b'-- Up-to-date: /home/nicolas/ws_ros2/install/px4_msgs/include/px4_msgs/px4_msgs/msg/detail/rate_ctrl_status__type_support.hpp\n'}
[0.798076] (px4_msgs) StdoutLine: {'line': b'-- Up-to-date: /home/nicolas/ws_ros2/install/px4_msgs/include/px4_msgs/px4_msgs/msg/detail/sensor_uwb__builder.hpp\n'}
[0.798106] (px4_msgs) StdoutLine: {'line': b'-- Up-to-date: /home/nicolas/ws_ros2/install/px4_msgs/include/px4_msgs/px4_msgs/msg/detail/trajectory_setpoint6dof__builder.hpp\n'}
[0.798137] (px4_msgs) StdoutLine: {'line': b'-- Up-to-date: /home/nicolas/ws_ros2/install/px4_msgs/include/px4_msgs/px4_msgs/msg/detail/landing_target_innovations__struct.hpp\n'}
[0.798167] (px4_msgs) StdoutLine: {'line': b'-- Up-to-date: /home/nicolas/ws_ros2/install/px4_msgs/include/px4_msgs/px4_msgs/msg/detail/estimator_event_flags__traits.hpp\n'}
[0.798197] (px4_msgs) StdoutLine: {'line': b'-- Up-to-date: /home/nicolas/ws_ros2/install/px4_msgs/include/px4_msgs/px4_msgs/msg/detail/ekf2_timestamps__traits.hpp\n'}
[0.798228] (px4_msgs) StdoutLine: {'line': b'-- Up-to-date: /home/nicolas/ws_ros2/install/px4_msgs/include/px4_msgs/px4_msgs/msg/detail/actuator_armed__builder.hpp\n'}
[0.798259] (px4_msgs) StdoutLine: {'line': b'-- Up-to-date: /home/nicolas/ws_ros2/install/px4_msgs/include/px4_msgs/px4_msgs/msg/detail/sensors_status__struct.hpp\n'}
[0.798294] (px4_msgs) StdoutLine: {'line': b'-- Up-to-date: /home/nicolas/ws_ros2/install/px4_msgs/include/px4_msgs/px4_msgs/msg/detail/rover_rate_status__traits.hpp\n'}
[0.798325] (px4_msgs) StdoutLine: {'line': b'-- Up-to-date: /home/nicolas/ws_ros2/install/px4_msgs/include/px4_msgs/px4_msgs/msg/detail/can_interface_status__builder.hpp\n'}
[0.798355] (px4_msgs) StdoutLine: {'line': b'-- Up-to-date: /home/nicolas/ws_ros2/install/px4_msgs/include/px4_msgs/px4_msgs/msg/detail/follow_target_status__traits.hpp\n'}
[0.798385] (px4_msgs) StdoutLine: {'line': b'-- Up-to-date: /home/nicolas/ws_ros2/install/px4_msgs/include/px4_msgs/px4_msgs/msg/detail/sensor_combined__builder.hpp\n'}
[0.798416] (px4_msgs) StdoutLine: {'line': b'-- Up-to-date: /home/nicolas/ws_ros2/install/px4_msgs/include/px4_msgs/px4_msgs/msg/detail/mag_worker_data__builder.hpp\n'}
[0.798449] (px4_msgs) StdoutLine: {'line': b'-- Up-to-date: /home/nicolas/ws_ros2/install/px4_msgs/include/px4_msgs/px4_msgs/msg/detail/open_drone_id_system__builder.hpp\n'}
[0.798483] (px4_msgs) StdoutLine: {'line': b'-- Up-to-date: /home/nicolas/ws_ros2/install/px4_msgs/include/px4_msgs/px4_msgs/msg/detail/internal_combustion_engine_status__type_support.hpp\n'}
[0.798514] (px4_msgs) StdoutLine: {'line': b'-- Up-to-date: /home/nicolas/ws_ros2/install/px4_msgs/include/px4_msgs/px4_msgs/msg/detail/led_control__builder.hpp\n'}
[0.798544] (px4_msgs) StdoutLine: {'line': b'-- Up-to-date: /home/nicolas/ws_ros2/install/px4_msgs/include/px4_msgs/px4_msgs/msg/detail/open_drone_id_operator_id__struct.hpp\n'}
[0.798575] (px4_msgs) StdoutLine: {'line': b'-- Up-to-date: /home/nicolas/ws_ros2/install/px4_msgs/include/px4_msgs/px4_msgs/msg/detail/sensors_status__traits.hpp\n'}
[0.798605] (px4_msgs) StdoutLine: {'line': b'-- Up-to-date: /home/nicolas/ws_ros2/install/px4_msgs/include/px4_msgs/px4_msgs/msg/detail/position_controller_landing_status__builder.hpp\n'}
[0.798637] (px4_msgs) StdoutLine: {'line': b'-- Up-to-date: /home/nicolas/ws_ros2/install/px4_msgs/include/px4_msgs/px4_msgs/msg/detail/mavlink_tunnel__struct.hpp\n'}
[0.798670] (px4_msgs) StdoutLine: {'line': b'-- Up-to-date: /home/nicolas/ws_ros2/install/px4_msgs/include/px4_msgs/px4_msgs/msg/detail/vehicle_global_position__builder.hpp\n'}
[0.798703] (px4_msgs) StdoutLine: {'line': b'-- Up-to-date: /home/nicolas/ws_ros2/install/px4_msgs/include/px4_msgs/px4_msgs/msg/detail/vehicle_magnetometer__struct.hpp\n'}
[0.798734] (px4_msgs) StdoutLine: {'line': b'-- Up-to-date: /home/nicolas/ws_ros2/install/px4_msgs/include/px4_msgs/px4_msgs/msg/detail/onboard_computer_status__type_support.hpp\n'}
[0.798764] (px4_msgs) StdoutLine: {'line': b'-- Up-to-date: /home/nicolas/ws_ros2/install/px4_msgs/include/px4_msgs/px4_msgs/msg/detail/sensor_gps__type_support.hpp\n'}
[0.798795] (px4_msgs) StdoutLine: {'line': b'-- Up-to-date: /home/nicolas/ws_ros2/install/px4_msgs/include/px4_msgs/px4_msgs/msg/detail/sensor_accel__builder.hpp\n'}
[0.798826] (px4_msgs) StdoutLine: {'line': b'-- Up-to-date: /home/nicolas/ws_ros2/install/px4_msgs/include/px4_msgs/px4_msgs/msg/detail/sensor_optical_flow__traits.hpp\n'}
[0.798857] (px4_msgs) StdoutLine: {'line': b'-- Up-to-date: /home/nicolas/ws_ros2/install/px4_msgs/include/px4_msgs/px4_msgs/msg/detail/dronecan_node_status__builder.hpp\n'}
[0.798887] (px4_msgs) StdoutLine: {'line': b'-- Up-to-date: /home/nicolas/ws_ros2/install/px4_msgs/include/px4_msgs/px4_msgs/msg/detail/rover_speed_setpoint__struct.hpp\n'}
[0.798917] (px4_msgs) StdoutLine: {'line': b'-- Up-to-date: /home/nicolas/ws_ros2/install/px4_msgs/include/px4_msgs/px4_msgs/msg/detail/timesync_status__builder.hpp\n'}
[0.798948] (px4_msgs) StdoutLine: {'line': b'-- Up-to-date: /home/nicolas/ws_ros2/install/px4_msgs/include/px4_msgs/px4_msgs/msg/detail/manual_control_switches__type_support.hpp\n'}
[0.798978] (px4_msgs) StdoutLine: {'line': b'-- Up-to-date: /home/nicolas/ws_ros2/install/px4_msgs/include/px4_msgs/px4_msgs/msg/detail/tecs_status__type_support.hpp\n'}
[0.799009] (px4_msgs) StdoutLine: {'line': b'-- Up-to-date: /home/nicolas/ws_ros2/install/px4_msgs/include/px4_msgs/px4_msgs/msg/detail/rover_position_setpoint__builder.hpp\n'}
[0.799039] (px4_msgs) StdoutLine: {'line': b'-- Up-to-date: /home/nicolas/ws_ros2/install/px4_msgs/include/px4_msgs/px4_msgs/msg/detail/sensor_preflight_mag__type_support.hpp\n'}
[0.799070] (px4_msgs) StdoutLine: {'line': b'-- Up-to-date: /home/nicolas/ws_ros2/install/px4_msgs/include/px4_msgs/px4_msgs/msg/detail/uavcan_parameter_value__builder.hpp\n'}
[0.799100] (px4_msgs) StdoutLine: {'line': b'-- Up-to-date: /home/nicolas/ws_ros2/install/px4_msgs/include/px4_msgs/px4_msgs/msg/detail/estimator_selector_status__builder.hpp\n'}
[0.799131] (px4_msgs) StdoutLine: {'line': b'-- Up-to-date: /home/nicolas/ws_ros2/install/px4_msgs/include/px4_msgs/px4_msgs/msg/detail/health_report__builder.hpp\n'}
[0.799162] (px4_msgs) StdoutLine: {'line': b'-- Up-to-date: /home/nicolas/ws_ros2/install/px4_msgs/include/px4_msgs/px4_msgs/msg/detail/vehicle_magnetometer__traits.hpp\n'}
[0.799192] (px4_msgs) StdoutLine: {'line': b'-- Up-to-date: /home/nicolas/ws_ros2/install/px4_msgs/include/px4_msgs/px4_msgs/msg/detail/open_drone_id_system__struct.hpp\n'}
[0.799223] (px4_msgs) StdoutLine: {'line': b'-- Up-to-date: /home/nicolas/ws_ros2/install/px4_msgs/include/px4_msgs/px4_msgs/msg/detail/ping__builder.hpp\n'}
[0.799253] (px4_msgs) StdoutLine: {'line': b'-- Up-to-date: /home/nicolas/ws_ros2/install/px4_msgs/include/px4_msgs/px4_msgs/msg/detail/control_allocator_status__struct.hpp\n'}
[0.799283] (px4_msgs) StdoutLine: {'line': b'-- Up-to-date: /home/nicolas/ws_ros2/install/px4_msgs/include/px4_msgs/px4_msgs/msg/detail/sensor_mag__builder.hpp\n'}
[0.799319] (px4_msgs) StdoutLine: {'line': b'-- Up-to-date: /home/nicolas/ws_ros2/install/px4_msgs/include/px4_msgs/px4_msgs/msg/detail/follow_target__traits.hpp\n'}
[0.799350] (px4_msgs) StdoutLine: {'line': b'-- Up-to-date: /home/nicolas/ws_ros2/install/px4_msgs/include/px4_msgs/px4_msgs/msg/detail/vehicle_attitude_setpoint__traits.hpp\n'}
[0.799380] (px4_msgs) StdoutLine: {'line': b'-- Up-to-date: /home/nicolas/ws_ros2/install/px4_msgs/include/px4_msgs/px4_msgs/msg/detail/iridiumsbd_status__struct.hpp\n'}
[0.799414] (px4_msgs) StdoutLine: {'line': b'-- Up-to-date: /home/nicolas/ws_ros2/install/px4_msgs/include/px4_msgs/px4_msgs/msg/detail/irlock_report__type_support.hpp\n'}
[0.799443] (px4_msgs) StdoutLine: {'line': b'-- Up-to-date: /home/nicolas/ws_ros2/install/px4_msgs/include/px4_msgs/px4_msgs/msg/detail/actuator_servos_trim__struct.hpp\n'}
[0.799478] (px4_msgs) StdoutLine: {'line': b'-- Up-to-date: /home/nicolas/ws_ros2/install/px4_msgs/include/px4_msgs/px4_msgs/msg/detail/logger_status__type_support.hpp\n'}
[0.799509] (px4_msgs) StdoutLine: {'line': b'-- Up-to-date: /home/nicolas/ws_ros2/install/px4_msgs/include/px4_msgs/px4_msgs/msg/detail/onboard_computer_status__builder.hpp\n'}
[0.799540] (px4_msgs) StdoutLine: {'line': b'-- Up-to-date: /home/nicolas/ws_ros2/install/px4_msgs/include/px4_msgs/px4_msgs/msg/detail/gpio_request__struct.hpp\n'}
[0.799570] (px4_msgs) StdoutLine: {'line': b'-- Up-to-date: /home/nicolas/ws_ros2/install/px4_msgs/include/px4_msgs/px4_msgs/msg/detail/rover_throttle_setpoint__builder.hpp\n'}
[0.799602] (px4_msgs) StdoutLine: {'line': b'-- Up-to-date: /home/nicolas/ws_ros2/install/px4_msgs/include/px4_msgs/px4_msgs/msg/detail/follow_target_estimator__type_support.hpp\n'}
[0.799633] (px4_msgs) StdoutLine: {'line': b'-- Up-to-date: /home/nicolas/ws_ros2/install/px4_msgs/include/px4_msgs/px4_msgs/msg/detail/figure_eight_status__struct.hpp\n'}
[0.799667] (px4_msgs) StdoutLine: {'line': b'-- Up-to-date: /home/nicolas/ws_ros2/install/px4_msgs/include/px4_msgs/px4_msgs/msg/detail/ekf2_timestamps__builder.hpp\n'}
[0.799697] (px4_msgs) StdoutLine: {'line': b'-- Up-to-date: /home/nicolas/ws_ros2/install/px4_msgs/include/px4_msgs/px4_msgs/msg/detail/vehicle_acceleration__type_support.hpp\n'}
[0.799728] (px4_msgs) StdoutLine: {'line': b'-- Up-to-date: /home/nicolas/ws_ros2/install/px4_msgs/include/px4_msgs/px4_msgs/msg/detail/camera_status__traits.hpp\n'}
[0.799759] (px4_msgs) StdoutLine: {'line': b'-- Up-to-date: /home/nicolas/ws_ros2/install/px4_msgs/include/px4_msgs/px4_msgs/msg/detail/takeoff_status__builder.hpp\n'}
[0.799790] (px4_msgs) StdoutLine: {'line': b'-- Up-to-date: /home/nicolas/ws_ros2/install/px4_msgs/include/px4_msgs/px4_msgs/msg/detail/landing_gear_wheel__traits.hpp\n'}
[0.799821] (px4_msgs) StdoutLine: {'line': b'-- Up-to-date: /home/nicolas/ws_ros2/install/px4_msgs/include/px4_msgs/px4_msgs/msg/detail/vehicle_angular_acceleration_setpoint__builder.hpp\n'}
[0.799851] (px4_msgs) StdoutLine: {'line': b'-- Up-to-date: /home/nicolas/ws_ros2/install/px4_msgs/include/px4_msgs/px4_msgs/msg/detail/sensor_hygrometer__traits.hpp\n'}
[0.799882] (px4_msgs) StdoutLine: {'line': b'-- Up-to-date: /home/nicolas/ws_ros2/install/px4_msgs/include/px4_msgs/px4_msgs/msg/detail/transponder_report__type_support.hpp\n'}
[0.799913] (px4_msgs) StdoutLine: {'line': b'-- Up-to-date: /home/nicolas/ws_ros2/install/px4_msgs/include/px4_msgs/px4_msgs/msg/detail/gimbal_manager_set_manual_control__traits.hpp\n'}
[0.799943] (px4_msgs) StdoutLine: {'line': b'-- Up-to-date: /home/nicolas/ws_ros2/install/px4_msgs/include/px4_msgs/px4_msgs/msg/detail/tiltrotor_extra_controls__struct.hpp\n'}
[0.799974] (px4_msgs) StdoutLine: {'line': b'-- Up-to-date: /home/nicolas/ws_ros2/install/px4_msgs/include/px4_msgs/px4_msgs/msg/detail/gpio_out__traits.hpp\n'}
[0.800004] (px4_msgs) StdoutLine: {'line': b'-- Up-to-date: /home/nicolas/ws_ros2/install/px4_msgs/include/px4_msgs/px4_msgs/msg/detail/vehicle_attitude__traits.hpp\n'}
[0.800034] (px4_msgs) StdoutLine: {'line': b'-- Up-to-date: /home/nicolas/ws_ros2/install/px4_msgs/include/px4_msgs/px4_msgs/msg/detail/orb_test_medium__traits.hpp\n'}
[0.800065] (px4_msgs) StdoutLine: {'line': b'-- Up-to-date: /home/nicolas/ws_ros2/install/px4_msgs/include/px4_msgs/px4_msgs/msg/detail/rc_channels__type_support.hpp\n'}
[0.800097] (px4_msgs) StdoutLine: {'line': b'-- Up-to-date: /home/nicolas/ws_ros2/install/px4_msgs/include/px4_msgs/px4_msgs/msg/detail/landing_gear_wheel__type_support.hpp\n'}
[0.800131] (px4_msgs) StdoutLine: {'line': b'-- Up-to-date: /home/nicolas/ws_ros2/install/px4_msgs/include/px4_msgs/px4_msgs/msg/detail/estimator_aid_source1d__type_support.hpp\n'}
[0.800161] (px4_msgs) StdoutLine: {'line': b'-- Up-to-date: /home/nicolas/ws_ros2/install/px4_msgs/include/px4_msgs/px4_msgs/msg/detail/parameter_reset_request__struct.hpp\n'}
[0.800191] (px4_msgs) StdoutLine: {'line': b'-- Up-to-date: /home/nicolas/ws_ros2/install/px4_msgs/include/px4_msgs/px4_msgs/msg/detail/goto_setpoint__traits.hpp\n'}
[0.800221] (-) TimerEvent: {}
[0.800297] (px4_msgs) StdoutLine: {'line': b'-- Up-to-date: /home/nicolas/ws_ros2/install/px4_msgs/include/px4_msgs/px4_msgs/msg/detail/debug_vect__type_support.hpp\n'}
[0.800342] (px4_msgs) StdoutLine: {'line': b'-- Up-to-date: /home/nicolas/ws_ros2/install/px4_msgs/include/px4_msgs/px4_msgs/msg/detail/vehicle_command__struct.hpp\n'}
[0.800376] (px4_msgs) StdoutLine: {'line': b'-- Up-to-date: /home/nicolas/ws_ros2/install/px4_msgs/include/px4_msgs/px4_msgs/msg/detail/sensors_status__builder.hpp\n'}
[0.800408] (px4_msgs) StdoutLine: {'line': b'-- Up-to-date: /home/nicolas/ws_ros2/install/px4_msgs/include/px4_msgs/px4_msgs/msg/detail/obstacle_distance__traits.hpp\n'}
[0.800445] (px4_msgs) StdoutLine: {'line': b'-- Up-to-date: /home/nicolas/ws_ros2/install/px4_msgs/include/px4_msgs/px4_msgs/msg/detail/rover_speed_status__type_support.hpp\n'}
[0.800484] (px4_msgs) StdoutLine: {'line': b'-- Up-to-date: /home/nicolas/ws_ros2/install/px4_msgs/include/px4_msgs/px4_msgs/msg/detail/actuator_servos__type_support.hpp\n'}
[0.800516] (px4_msgs) StdoutLine: {'line': b'-- Up-to-date: /home/nicolas/ws_ros2/install/px4_msgs/include/px4_msgs/px4_msgs/msg/detail/differential_pressure__builder.hpp\n'}
[0.800547] (px4_msgs) StdoutLine: {'line': b'-- Up-to-date: /home/nicolas/ws_ros2/install/px4_msgs/include/px4_msgs/px4_msgs/msg/detail/mission__type_support.hpp\n'}
[0.800578] (px4_msgs) StdoutLine: {'line': b'-- Up-to-date: /home/nicolas/ws_ros2/install/px4_msgs/include/px4_msgs/px4_msgs/msg/detail/trajectory_setpoint6dof__type_support.hpp\n'}
[0.800609] (px4_msgs) StdoutLine: {'line': b'-- Up-to-date: /home/nicolas/ws_ros2/install/px4_msgs/include/px4_msgs/px4_msgs/msg/detail/rover_position_setpoint__traits.hpp\n'}
[0.800640] (px4_msgs) StdoutLine: {'line': b'-- Up-to-date: /home/nicolas/ws_ros2/install/px4_msgs/include/px4_msgs/px4_msgs/msg/detail/neural_control__builder.hpp\n'}
[0.800671] (px4_msgs) StdoutLine: {'line': b'-- Up-to-date: /home/nicolas/ws_ros2/install/px4_msgs/include/px4_msgs/px4_msgs/msg/detail/estimator_states__builder.hpp\n'}
[0.800702] (px4_msgs) StdoutLine: {'line': b'-- Up-to-date: /home/nicolas/ws_ros2/install/px4_msgs/include/px4_msgs/px4_msgs/msg/detail/debug_key_value__builder.hpp\n'}
[0.800738] (px4_msgs) StdoutLine: {'line': b'-- Up-to-date: /home/nicolas/ws_ros2/install/px4_msgs/include/px4_msgs/px4_msgs/msg/detail/vehicle_acceleration__struct.hpp\n'}
[0.800769] (px4_msgs) StdoutLine: {'line': b'-- Up-to-date: /home/nicolas/ws_ros2/install/px4_msgs/include/px4_msgs/px4_msgs/msg/detail/power_monitor__type_support.hpp\n'}
[0.800800] (px4_msgs) StdoutLine: {'line': b'-- Up-to-date: /home/nicolas/ws_ros2/install/px4_msgs/include/px4_msgs/px4_msgs/msg/detail/parameter_set_used_request__struct.hpp\n'}
[0.800830] (px4_msgs) StdoutLine: {'line': b'-- Up-to-date: /home/nicolas/ws_ros2/install/px4_msgs/include/px4_msgs/px4_msgs/msg/detail/orb_test_medium__type_support.hpp\n'}
[0.800860] (px4_msgs) StdoutLine: {'line': b'-- Up-to-date: /home/nicolas/ws_ros2/install/px4_msgs/include/px4_msgs/px4_msgs/msg/detail/vehicle_imu_status__builder.hpp\n'}
[0.800890] (px4_msgs) StdoutLine: {'line': b'-- Up-to-date: /home/nicolas/ws_ros2/install/px4_msgs/include/px4_msgs/px4_msgs/msg/detail/parameter_update__builder.hpp\n'}
[0.800921] (px4_msgs) StdoutLine: {'line': b'-- Up-to-date: /home/nicolas/ws_ros2/install/px4_msgs/include/px4_msgs/px4_msgs/msg/detail/vehicle_local_position_setpoint__builder.hpp\n'}
[0.800952] (px4_msgs) StdoutLine: {'line': b'-- Up-to-date: /home/nicolas/ws_ros2/install/px4_msgs/include/px4_msgs/px4_msgs/msg/detail/rover_attitude_status__struct.hpp\n'}
[0.800985] (px4_msgs) StdoutLine: {'line': b'-- Up-to-date: /home/nicolas/ws_ros2/install/px4_msgs/include/px4_msgs/px4_msgs/msg/detail/estimator_sensor_bias__type_support.hpp\n'}
[0.801014] (px4_msgs) StdoutLine: {'line': b'-- Up-to-date: /home/nicolas/ws_ros2/install/px4_msgs/include/px4_msgs/px4_msgs/msg/detail/actuator_servos__builder.hpp\n'}
[0.801044] (px4_msgs) StdoutLine: {'line': b'-- Up-to-date: /home/nicolas/ws_ros2/install/px4_msgs/include/px4_msgs/px4_msgs/msg/detail/orbit_status__type_support.hpp\n'}
[0.801076] (px4_msgs) StdoutLine: {'line': b'-- Up-to-date: /home/nicolas/ws_ros2/install/px4_msgs/include/px4_msgs/px4_msgs/msg/detail/battery_info__type_support.hpp\n'}
[0.801106] (px4_msgs) StdoutLine: {'line': b'-- Up-to-date: /home/nicolas/ws_ros2/install/px4_msgs/include/px4_msgs/px4_msgs/msg/detail/transponder_report__traits.hpp\n'}
[0.801143] (px4_msgs) StdoutLine: {'line': b'-- Up-to-date: /home/nicolas/ws_ros2/install/px4_msgs/include/px4_msgs/px4_msgs/msg/detail/pps_capture__traits.hpp\n'}
[0.801174] (px4_msgs) StdoutLine: {'line': b'-- Up-to-date: /home/nicolas/ws_ros2/install/px4_msgs/include/px4_msgs/px4_msgs/msg/detail/adc_report__builder.hpp\n'}
[0.801204] (px4_msgs) StdoutLine: {'line': b'-- Up-to-date: /home/nicolas/ws_ros2/install/px4_msgs/include/px4_msgs/px4_msgs/msg/detail/position_setpoint__type_support.hpp\n'}
[0.801236] (px4_msgs) StdoutLine: {'line': b'-- Up-to-date: /home/nicolas/ws_ros2/install/px4_msgs/include/px4_msgs/px4_msgs/msg/detail/pps_capture__builder.hpp\n'}
[0.801267] (px4_msgs) StdoutLine: {'line': b'-- Up-to-date: /home/nicolas/ws_ros2/install/px4_msgs/include/px4_msgs/px4_msgs/msg/detail/rover_speed_setpoint__type_support.hpp\n'}
[0.801298] (px4_msgs) StdoutLine: {'line': b'-- Up-to-date: /home/nicolas/ws_ros2/install/px4_msgs/include/px4_msgs/px4_msgs/msg/detail/position_controller_status__traits.hpp\n'}
[0.801328] (px4_msgs) StdoutLine: {'line': b'-- Up-to-date: /home/nicolas/ws_ros2/install/px4_msgs/include/px4_msgs/px4_msgs/msg/detail/actuator_test__builder.hpp\n'}
[0.801358] (px4_msgs) StdoutLine: {'line': b'-- Up-to-date: /home/nicolas/ws_ros2/install/px4_msgs/include/px4_msgs/px4_msgs/msg/detail/vehicle_status__traits.hpp\n'}
[0.801388] (px4_msgs) StdoutLine: {'line': b'-- Up-to-date: /home/nicolas/ws_ros2/install/px4_msgs/include/px4_msgs/px4_msgs/msg/detail/vehicle_global_position__type_support.hpp\n'}
[0.801417] (px4_msgs) StdoutLine: {'line': b'-- Up-to-date: /home/nicolas/ws_ros2/install/px4_msgs/include/px4_msgs/px4_msgs/msg/detail/tecs_status__traits.hpp\n'}
[0.801449] (px4_msgs) StdoutLine: {'line': b'-- Up-to-date: /home/nicolas/ws_ros2/install/px4_msgs/include/px4_msgs/px4_msgs/msg/detail/gimbal_manager_set_manual_control__builder.hpp\n'}
[0.801487] (px4_msgs) StdoutLine: {'line': b'-- Up-to-date: /home/nicolas/ws_ros2/install/px4_msgs/include/px4_msgs/px4_msgs/msg/detail/orbit_status__traits.hpp\n'}
[0.801518] (px4_msgs) StdoutLine: {'line': b'-- Up-to-date: /home/nicolas/ws_ros2/install/px4_msgs/include/px4_msgs/px4_msgs/msg/detail/figure_eight_status__traits.hpp\n'}
[0.801549] (px4_msgs) StdoutLine: {'line': b'-- Up-to-date: /home/nicolas/ws_ros2/install/px4_msgs/include/px4_msgs/px4_msgs/msg/detail/tune_control__builder.hpp\n'}
[0.801579] (px4_msgs) StdoutLine: {'line': b'-- Up-to-date: /home/nicolas/ws_ros2/install/px4_msgs/include/px4_msgs/px4_msgs/msg/detail/actuator_outputs__struct.hpp\n'}
[0.801610] (px4_msgs) StdoutLine: {'line': b'-- Up-to-date: /home/nicolas/ws_ros2/install/px4_msgs/include/px4_msgs/px4_msgs/msg/detail/button_event__type_support.hpp\n'}
[0.801640] (px4_msgs) StdoutLine: {'line': b'-- Up-to-date: /home/nicolas/ws_ros2/install/px4_msgs/include/px4_msgs/px4_msgs/msg/detail/vehicle_air_data__builder.hpp\n'}
[0.801671] (px4_msgs) StdoutLine: {'line': b'-- Up-to-date: /home/nicolas/ws_ros2/install/px4_msgs/include/px4_msgs/px4_msgs/msg/detail/onboard_computer_status__traits.hpp\n'}
[0.801703] (px4_msgs) StdoutLine: {'line': b'-- Up-to-date: /home/nicolas/ws_ros2/install/px4_msgs/include/px4_msgs/px4_msgs/msg/detail/health_report__type_support.hpp\n'}
[0.801738] (px4_msgs) StdoutLine: {'line': b'-- Up-to-date: /home/nicolas/ws_ros2/install/px4_msgs/include/px4_msgs/px4_msgs/msg/detail/sensor_airflow__type_support.hpp\n'}
[0.801770] (px4_msgs) StdoutLine: {'line': b'-- Up-to-date: /home/nicolas/ws_ros2/install/px4_msgs/include/px4_msgs/px4_msgs/msg/detail/parameter_reset_request__traits.hpp\n'}
[0.801800] (px4_msgs) StdoutLine: {'line': b'-- Up-to-date: /home/nicolas/ws_ros2/install/px4_msgs/include/px4_msgs/px4_msgs/msg/detail/gimbal_device_set_attitude__builder.hpp\n'}
[0.801830] (px4_msgs) StdoutLine: {'line': b'-- Up-to-date: /home/nicolas/ws_ros2/install/px4_msgs/include/px4_msgs/px4_msgs/msg/detail/uavcan_parameter_request__traits.hpp\n'}
[0.801860] (px4_msgs) StdoutLine: {'line': b'-- Up-to-date: /home/nicolas/ws_ros2/install/px4_msgs/include/px4_msgs/px4_msgs/msg/detail/event__struct.hpp\n'}
[0.801891] (px4_msgs) StdoutLine: {'line': b'-- Up-to-date: /home/nicolas/ws_ros2/install/px4_msgs/include/px4_msgs/px4_msgs/msg/detail/open_drone_id_self_id__type_support.hpp\n'}
[0.801921] (px4_msgs) StdoutLine: {'line': b'-- Up-to-date: /home/nicolas/ws_ros2/install/px4_msgs/include/px4_msgs/px4_msgs/msg/detail/vehicle_roi__builder.hpp\n'}
[0.801952] (px4_msgs) StdoutLine: {'line': b'-- Up-to-date: /home/nicolas/ws_ros2/install/px4_msgs/include/px4_msgs/px4_msgs/msg/detail/sensor_accel_fifo__builder.hpp\n'}
[0.801983] (px4_msgs) StdoutLine: {'line': b'-- Up-to-date: /home/nicolas/ws_ros2/install/px4_msgs/include/px4_msgs/px4_msgs/msg/detail/parameter_set_value_response__type_support.hpp\n'}
[0.802013] (px4_msgs) StdoutLine: {'line': b'-- Up-to-date: /home/nicolas/ws_ros2/install/px4_msgs/include/px4_msgs/px4_msgs/msg/detail/vehicle_optical_flow__type_support.hpp\n'}
[0.802044] (px4_msgs) StdoutLine: {'line': b'-- Up-to-date: /home/nicolas/ws_ros2/install/px4_msgs/include/px4_msgs/px4_msgs/msg/detail/arming_check_request__type_support.hpp\n'}
[0.802074] (px4_msgs) StdoutLine: {'line': b'-- Up-to-date: /home/nicolas/ws_ros2/install/px4_msgs/include/px4_msgs/px4_msgs/msg/detail/follow_target__builder.hpp\n'}
[0.802105] (px4_msgs) StdoutLine: {'line': b'-- Up-to-date: /home/nicolas/ws_ros2/install/px4_msgs/include/px4_msgs/px4_msgs/msg/detail/led_control__type_support.hpp\n'}
[0.802135] (px4_msgs) StdoutLine: {'line': b'-- Up-to-date: /home/nicolas/ws_ros2/install/px4_msgs/include/px4_msgs/px4_msgs/msg/detail/vehicle_air_data__traits.hpp\n'}
[0.802165] (px4_msgs) StdoutLine: {'line': b'-- Up-to-date: /home/nicolas/ws_ros2/install/px4_msgs/include/px4_msgs/px4_msgs/msg/detail/log_message__type_support.hpp\n'}
[0.802195] (px4_msgs) StdoutLine: {'line': b'-- Up-to-date: /home/nicolas/ws_ros2/install/px4_msgs/include/px4_msgs/px4_msgs/msg/detail/estimator_aid_source1d__builder.hpp\n'}
[0.802227] (px4_msgs) StdoutLine: {'line': b'-- Up-to-date: /home/nicolas/ws_ros2/install/px4_msgs/include/px4_msgs/px4_msgs/msg/detail/wind__builder.hpp\n'}
[0.802257] (px4_msgs) StdoutLine: {'line': b'-- Up-to-date: /home/nicolas/ws_ros2/install/px4_msgs/include/px4_msgs/px4_msgs/msg/detail/uavcan_parameter_request__type_support.hpp\n'}
[0.802288] (px4_msgs) StdoutLine: {'line': b'-- Up-to-date: /home/nicolas/ws_ros2/install/px4_msgs/include/px4_msgs/px4_msgs/msg/detail/fixed_wing_lateral_setpoint__traits.hpp\n'}
[0.802318] (px4_msgs) StdoutLine: {'line': b'-- Up-to-date: /home/nicolas/ws_ros2/install/px4_msgs/include/px4_msgs/px4_msgs/msg/detail/gimbal_manager_set_manual_control__struct.hpp\n'}
[0.802349] (px4_msgs) StdoutLine: {'line': b'-- Up-to-date: /home/nicolas/ws_ros2/install/px4_msgs/include/px4_msgs/px4_msgs/msg/detail/fixed_wing_lateral_guidance_status__traits.hpp\n'}
[0.802380] (px4_msgs) StdoutLine: {'line': b'-- Up-to-date: /home/nicolas/ws_ros2/install/px4_msgs/include/px4_msgs/px4_msgs/msg/detail/ping__type_support.hpp\n'}
[0.802410] (px4_msgs) StdoutLine: {'line': b'-- Up-to-date: /home/nicolas/ws_ros2/install/px4_msgs/include/px4_msgs/px4_msgs/msg/detail/pps_capture__type_support.hpp\n'}
[0.802442] (px4_msgs) StdoutLine: {'line': b'-- Up-to-date: /home/nicolas/ws_ros2/install/px4_msgs/include/px4_msgs/px4_msgs/msg/detail/mission_result__traits.hpp\n'}
[0.802476] (px4_msgs) StdoutLine: {'line': b'-- Up-to-date: /home/nicolas/ws_ros2/install/px4_msgs/include/px4_msgs/px4_msgs/msg/detail/open_drone_id_self_id__traits.hpp\n'}
[0.802514] (px4_msgs) StdoutLine: {'line': b'-- Up-to-date: /home/nicolas/ws_ros2/install/px4_msgs/include/px4_msgs/px4_msgs/msg/detail/rover_attitude_setpoint__type_support.hpp\n'}
[0.802545] (px4_msgs) StdoutLine: {'line': b'-- Up-to-date: /home/nicolas/ws_ros2/install/px4_msgs/include/px4_msgs/px4_msgs/msg/detail/vehicle_angular_velocity__struct.hpp\n'}
[0.802575] (px4_msgs) StdoutLine: {'line': b'-- Up-to-date: /home/nicolas/ws_ros2/install/px4_msgs/include/px4_msgs/px4_msgs/msg/detail/vehicle_odometry__builder.hpp\n'}
[0.802606] (px4_msgs) StdoutLine: {'line': b'-- Up-to-date: /home/nicolas/ws_ros2/install/px4_msgs/include/px4_msgs/px4_msgs/msg/detail/fixed_wing_lateral_status__struct.hpp\n'}
[0.802639] (px4_msgs) StdoutLine: {'line': b'-- Up-to-date: /home/nicolas/ws_ros2/install/px4_msgs/include/px4_msgs/px4_msgs/msg/detail/estimator_status_flags__type_support.hpp\n'}
[0.802670] (px4_msgs) StdoutLine: {'line': b'-- Up-to-date: /home/nicolas/ws_ros2/install/px4_msgs/include/px4_msgs/px4_msgs/msg/detail/gimbal_device_information__struct.hpp\n'}
[0.802700] (px4_msgs) StdoutLine: {'line': b'-- Up-to-date: /home/nicolas/ws_ros2/install/px4_msgs/include/px4_msgs/px4_msgs/msg/detail/led_control__traits.hpp\n'}
[0.802731] (px4_msgs) StdoutLine: {'line': b'-- Up-to-date: /home/nicolas/ws_ros2/install/px4_msgs/include/px4_msgs/px4_msgs/msg/detail/vehicle_angular_velocity__traits.hpp\n'}
[0.802762] (px4_msgs) StdoutLine: {'line': b'-- Up-to-date: /home/nicolas/ws_ros2/install/px4_msgs/include/px4_msgs/px4_msgs/msg/detail/camera_capture__struct.hpp\n'}
[0.802793] (px4_msgs) StdoutLine: {'line': b'-- Up-to-date: /home/nicolas/ws_ros2/install/px4_msgs/include/px4_msgs/px4_msgs/msg/detail/adc_report__struct.hpp\n'}
[0.802823] (px4_msgs) StdoutLine: {'line': b'-- Up-to-date: /home/nicolas/ws_ros2/install/px4_msgs/include/px4_msgs/px4_msgs/msg/detail/vehicle_imu_status__traits.hpp\n'}
[0.802853] (px4_msgs) StdoutLine: {'line': b'-- Up-to-date: /home/nicolas/ws_ros2/install/px4_msgs/include/px4_msgs/px4_msgs/msg/detail/longitudinal_control_configuration__type_support.hpp\n'}
[0.802884] (px4_msgs) StdoutLine: {'line': b'-- Up-to-date: /home/nicolas/ws_ros2/install/px4_msgs/include/px4_msgs/px4_msgs/msg/detail/unregister_ext_component__traits.hpp\n'}
[0.802914] (px4_msgs) StdoutLine: {'line': b'-- Up-to-date: /home/nicolas/ws_ros2/install/px4_msgs/include/px4_msgs/px4_msgs/msg/detail/trajectory_setpoint__struct.hpp\n'}
[0.802944] (px4_msgs) StdoutLine: {'line': b'-- Up-to-date: /home/nicolas/ws_ros2/install/px4_msgs/include/px4_msgs/px4_msgs/msg/detail/flight_phase_estimation__type_support.hpp\n'}
[0.802975] (px4_msgs) StdoutLine: {'line': b'-- Up-to-date: /home/nicolas/ws_ros2/install/px4_msgs/include/px4_msgs/px4_msgs/msg/detail/debug_key_value__struct.hpp\n'}
[0.803005] (px4_msgs) StdoutLine: {'line': b'-- Up-to-date: /home/nicolas/ws_ros2/install/px4_msgs/include/px4_msgs/px4_msgs/msg/detail/ulog_stream_ack__traits.hpp\n'}
[0.803035] (px4_msgs) StdoutLine: {'line': b'-- Up-to-date: /home/nicolas/ws_ros2/install/px4_msgs/include/px4_msgs/px4_msgs/msg/detail/actuator_motors__type_support.hpp\n'}
[0.803065] (px4_msgs) StdoutLine: {'line': b'-- Up-to-date: /home/nicolas/ws_ros2/install/px4_msgs/include/px4_msgs/px4_msgs/msg/detail/estimator_selector_status__type_support.hpp\n'}
[0.803097] (px4_msgs) StdoutLine: {'line': b'-- Up-to-date: /home/nicolas/ws_ros2/install/px4_msgs/include/px4_msgs/px4_msgs/msg/detail/orb_test_large__builder.hpp\n'}
[0.803127] (px4_msgs) StdoutLine: {'line': b'-- Up-to-date: /home/nicolas/ws_ros2/install/px4_msgs/include/px4_msgs/px4_msgs/msg/detail/vehicle_imu__traits.hpp\n'}
[0.803157] (px4_msgs) StdoutLine: {'line': b'-- Up-to-date: /home/nicolas/ws_ros2/install/px4_msgs/include/px4_msgs/px4_msgs/msg/detail/fixed_wing_lateral_status__builder.hpp\n'}
[0.803189] (px4_msgs) StdoutLine: {'line': b'-- Up-to-date: /home/nicolas/ws_ros2/install/px4_msgs/include/px4_msgs/px4_msgs/msg/detail/power_button_state__traits.hpp\n'}
[0.803221] (px4_msgs) StdoutLine: {'line': b'-- Up-to-date: /home/nicolas/ws_ros2/install/px4_msgs/include/px4_msgs/px4_msgs/msg/detail/vehicle_torque_setpoint__struct.hpp\n'}
[0.803251] (px4_msgs) StdoutLine: {'line': b'-- Up-to-date: /home/nicolas/ws_ros2/install/px4_msgs/include/px4_msgs/px4_msgs/msg/detail/failure_detector_status__struct.hpp\n'}
[0.803282] (px4_msgs) StdoutLine: {'line': b'-- Up-to-date: /home/nicolas/ws_ros2/install/px4_msgs/include/px4_msgs/px4_msgs/msg/detail/sensors_status_imu__traits.hpp\n'}
[0.803312] (px4_msgs) StdoutLine: {'line': b'-- Up-to-date: /home/nicolas/ws_ros2/install/px4_msgs/include/px4_msgs/px4_msgs/msg/detail/rover_position_setpoint__struct.hpp\n'}
[0.803343] (px4_msgs) StdoutLine: {'line': b'-- Up-to-date: /home/nicolas/ws_ros2/install/px4_msgs/include/px4_msgs/px4_msgs/msg/detail/gimbal_device_information__builder.hpp\n'}
[0.803374] (px4_msgs) StdoutLine: {'line': b'-- Up-to-date: /home/nicolas/ws_ros2/install/px4_msgs/include/px4_msgs/px4_msgs/msg/detail/rover_rate_status__struct.hpp\n'}
[0.803404] (px4_msgs) StdoutLine: {'line': b'-- Up-to-date: /home/nicolas/ws_ros2/install/px4_msgs/include/px4_msgs/px4_msgs/msg/detail/goto_setpoint__type_support.hpp\n'}
[0.803436] (px4_msgs) StdoutLine: {'line': b'-- Up-to-date: /home/nicolas/ws_ros2/install/px4_msgs/include/px4_msgs/px4_msgs/msg/detail/can_interface_status__type_support.hpp\n'}
[0.803470] (px4_msgs) StdoutLine: {'line': b'-- Up-to-date: /home/nicolas/ws_ros2/install/px4_msgs/include/px4_msgs/px4_msgs/msg/detail/gps_dump__struct.hpp\n'}
[0.803502] (px4_msgs) StdoutLine: {'line': b'-- Up-to-date: /home/nicolas/ws_ros2/install/px4_msgs/include/px4_msgs/px4_msgs/msg/detail/vehicle_acceleration__builder.hpp\n'}
[0.803538] (px4_msgs) StdoutLine: {'line': b'-- Up-to-date: /home/nicolas/ws_ros2/install/px4_msgs/include/px4_msgs/px4_msgs/msg/detail/sensor_gps__builder.hpp\n'}
[0.803569] (px4_msgs) StdoutLine: {'line': b'-- Up-to-date: /home/nicolas/ws_ros2/install/px4_msgs/include/px4_msgs/px4_msgs/msg/detail/vehicle_optical_flow_vel__builder.hpp\n'}
[0.803601] (px4_msgs) StdoutLine: {'line': b'-- Up-to-date: /home/nicolas/ws_ros2/install/px4_msgs/include/px4_msgs/px4_msgs/msg/detail/vtol_vehicle_status__traits.hpp\n'}
[0.803631] (px4_msgs) StdoutLine: {'line': b'-- Up-to-date: /home/nicolas/ws_ros2/install/px4_msgs/include/px4_msgs/px4_msgs/msg/detail/estimator_bias3d__builder.hpp\n'}
[0.803661] (px4_msgs) StdoutLine: {'line': b'-- Up-to-date: /home/nicolas/ws_ros2/install/px4_msgs/include/px4_msgs/px4_msgs/msg/detail/button_event__builder.hpp\n'}
[0.803692] (px4_msgs) StdoutLine: {'line': b'-- Up-to-date: /home/nicolas/ws_ros2/install/px4_msgs/include/px4_msgs/px4_msgs/msg/detail/orb_test_large__type_support.hpp\n'}
[0.803724] (px4_msgs) StdoutLine: {'line': b'-- Up-to-date: /home/nicolas/ws_ros2/install/px4_msgs/include/px4_msgs/px4_msgs/msg/detail/pps_capture__struct.hpp\n'}
[0.803755] (px4_msgs) StdoutLine: {'line': b'-- Up-to-date: /home/nicolas/ws_ros2/install/px4_msgs/include/px4_msgs/px4_msgs/msg/detail/register_ext_component_request__type_support.hpp\n'}
[0.803784] (px4_msgs) StdoutLine: {'line': b'-- Up-to-date: /home/nicolas/ws_ros2/install/px4_msgs/include/px4_msgs/px4_msgs/msg/detail/lateral_control_configuration__builder.hpp\n'}
[0.803815] (px4_msgs) StdoutLine: {'line': b'-- Up-to-date: /home/nicolas/ws_ros2/install/px4_msgs/include/px4_msgs/px4_msgs/msg/detail/estimator_aid_source1d__traits.hpp\n'}
[0.803846] (px4_msgs) StdoutLine: {'line': b'-- Up-to-date: /home/nicolas/ws_ros2/install/px4_msgs/include/px4_msgs/px4_msgs/msg/detail/open_drone_id_self_id__builder.hpp\n'}
[0.803877] (px4_msgs) StdoutLine: {'line': b'-- Up-to-date: /home/nicolas/ws_ros2/install/px4_msgs/include/px4_msgs/px4_msgs/msg/detail/estimator_innovations__traits.hpp\n'}
[0.803909] (px4_msgs) StdoutLine: {'line': b'-- Up-to-date: /home/nicolas/ws_ros2/install/px4_msgs/include/px4_msgs/px4_msgs/msg/detail/sensor_gyro_fft__builder.hpp\n'}
[0.803940] (px4_msgs) StdoutLine: {'line': b'-- Up-to-date: /home/nicolas/ws_ros2/install/px4_msgs/include/px4_msgs/px4_msgs/msg/detail/follow_target_status__builder.hpp\n'}
[0.803970] (px4_msgs) StdoutLine: {'line': b'-- Up-to-date: /home/nicolas/ws_ros2/install/px4_msgs/include/px4_msgs/px4_msgs/msg/detail/vehicle_local_position_setpoint__traits.hpp\n'}
[0.804001] (px4_msgs) StdoutLine: {'line': b'-- Up-to-date: /home/nicolas/ws_ros2/install/px4_msgs/include/px4_msgs/px4_msgs/msg/detail/input_rc__struct.hpp\n'}
[0.804030] (px4_msgs) StdoutLine: {'line': b'-- Up-to-date: /home/nicolas/ws_ros2/install/px4_msgs/include/px4_msgs/px4_msgs/msg/detail/rtl_time_estimate__type_support.hpp\n'}
[0.804062] (px4_msgs) StdoutLine: {'line': b'-- Up-to-date: /home/nicolas/ws_ros2/install/px4_msgs/include/px4_msgs/px4_msgs/msg/detail/sensor_baro__type_support.hpp\n'}
[0.804092] (px4_msgs) StdoutLine: {'line': b'-- Up-to-date: /home/nicolas/ws_ros2/install/px4_msgs/include/px4_msgs/px4_msgs/msg/detail/failsafe_flags__struct.hpp\n'}
[0.804122] (px4_msgs) StdoutLine: {'line': b'-- Up-to-date: /home/nicolas/ws_ros2/install/px4_msgs/include/px4_msgs/px4_msgs/msg/detail/message_format_request__struct.hpp\n'}
[0.804153] (px4_msgs) StdoutLine: {'line': b'-- Up-to-date: /home/nicolas/ws_ros2/install/px4_msgs/include/px4_msgs/px4_msgs/msg/detail/sensor_mag__struct.hpp\n'}
[0.804184] (px4_msgs) StdoutLine: {'line': b'-- Up-to-date: /home/nicolas/ws_ros2/install/px4_msgs/include/px4_msgs/px4_msgs/msg/detail/rover_rate_status__type_support.hpp\n'}
[0.804215] (px4_msgs) StdoutLine: {'line': b'-- Up-to-date: /home/nicolas/ws_ros2/install/px4_msgs/include/px4_msgs/px4_msgs/msg/detail/sensor_gyro__traits.hpp\n'}
[0.804247] (px4_msgs) StdoutLine: {'line': b'-- Up-to-date: /home/nicolas/ws_ros2/install/px4_msgs/include/px4_msgs/px4_msgs/msg/detail/debug_value__struct.hpp\n'}
[0.804276] (px4_msgs) StdoutLine: {'line': b'-- Up-to-date: /home/nicolas/ws_ros2/install/px4_msgs/include/px4_msgs/px4_msgs/msg/detail/rc_parameter_map__builder.hpp\n'}
[0.804306] (px4_msgs) StdoutLine: {'line': b'-- Up-to-date: /home/nicolas/ws_ros2/install/px4_msgs/include/px4_msgs/px4_msgs/msg/detail/register_ext_component_reply__type_support.hpp\n'}
[0.804336] (px4_msgs) StdoutLine: {'line': b'-- Up-to-date: /home/nicolas/ws_ros2/install/px4_msgs/include/px4_msgs/px4_msgs/msg/detail/airspeed__traits.hpp\n'}
[0.804367] (px4_msgs) StdoutLine: {'line': b'-- Up-to-date: /home/nicolas/ws_ros2/install/px4_msgs/include/px4_msgs/px4_msgs/msg/detail/vehicle_torque_setpoint__type_support.hpp\n'}
[0.804397] (px4_msgs) StdoutLine: {'line': b'-- Up-to-date: /home/nicolas/ws_ros2/install/px4_msgs/include/px4_msgs/px4_msgs/msg/detail/ekf2_timestamps__type_support.hpp\n'}
[0.804427] (px4_msgs) StdoutLine: {'line': b'-- Up-to-date: /home/nicolas/ws_ros2/install/px4_msgs/include/px4_msgs/px4_msgs/msg/detail/vehicle_imu_status__struct.hpp\n'}
[0.804461] (px4_msgs) StdoutLine: {'line': b'-- Up-to-date: /home/nicolas/ws_ros2/install/px4_msgs/include/px4_msgs/px4_msgs/msg/detail/action_request__struct.hpp\n'}
[0.804492] (px4_msgs) StdoutLine: {'line': b'-- Up-to-date: /home/nicolas/ws_ros2/install/px4_msgs/include/px4_msgs/px4_msgs/msg/detail/log_message__traits.hpp\n'}
[0.804523] (px4_msgs) StdoutLine: {'line': b'-- Up-to-date: /home/nicolas/ws_ros2/install/px4_msgs/include/px4_msgs/px4_msgs/msg/detail/gimbal_device_information__traits.hpp\n'}
[0.804563] (px4_msgs) StdoutLine: {'line': b'-- Up-to-date: /home/nicolas/ws_ros2/install/px4_msgs/include/px4_msgs/px4_msgs/msg/detail/health_report__struct.hpp\n'}
[0.804594] (px4_msgs) StdoutLine: {'line': b'-- Up-to-date: /home/nicolas/ws_ros2/install/px4_msgs/include/px4_msgs/px4_msgs/msg/detail/sensor_optical_flow__struct.hpp\n'}
[0.804625] (px4_msgs) StdoutLine: {'line': b'-- Up-to-date: /home/nicolas/ws_ros2/install/px4_msgs/include/px4_msgs/px4_msgs/msg/detail/message_format_request__builder.hpp\n'}
[0.804658] (px4_msgs) StdoutLine: {'line': b'-- Up-to-date: /home/nicolas/ws_ros2/install/px4_msgs/include/px4_msgs/px4_msgs/msg/detail/sensor_accel_fifo__type_support.hpp\n'}
[0.804689] (px4_msgs) StdoutLine: {'line': b'-- Up-to-date: /home/nicolas/ws_ros2/install/px4_msgs/include/px4_msgs/px4_msgs/msg/detail/mission__struct.hpp\n'}
[0.804721] (px4_msgs) StdoutLine: {'line': b'-- Up-to-date: /home/nicolas/ws_ros2/install/px4_msgs/include/px4_msgs/px4_msgs/msg/detail/takeoff_status__struct.hpp\n'}
[0.804752] (px4_msgs) StdoutLine: {'line': b'-- Up-to-date: /home/nicolas/ws_ros2/install/px4_msgs/include/px4_msgs/px4_msgs/msg/detail/gimbal_device_set_attitude__type_support.hpp\n'}
[0.804783] (px4_msgs) StdoutLine: {'line': b'-- Up-to-date: /home/nicolas/ws_ros2/install/px4_msgs/include/px4_msgs/px4_msgs/msg/detail/vehicle_command_ack__builder.hpp\n'}
[0.804813] (px4_msgs) StdoutLine: {'line': b'-- Up-to-date: /home/nicolas/ws_ros2/install/px4_msgs/include/px4_msgs/px4_msgs/msg/detail/open_drone_id_arm_status__builder.hpp\n'}
[0.804843] (px4_msgs) StdoutLine: {'line': b'-- Up-to-date: /home/nicolas/ws_ros2/install/px4_msgs/include/px4_msgs/px4_msgs/msg/detail/wheel_encoders__traits.hpp\n'}
[0.804873] (px4_msgs) StdoutLine: {'line': b'-- Up-to-date: /home/nicolas/ws_ros2/install/px4_msgs/include/px4_msgs/px4_msgs/msg/detail/sensor_gyro_fifo__traits.hpp\n'}
[0.804903] (px4_msgs) StdoutLine: {'line': b'-- Up-to-date: /home/nicolas/ws_ros2/install/px4_msgs/include/px4_msgs/px4_msgs/msg/detail/yaw_estimator_status__builder.hpp\n'}
[0.804933] (px4_msgs) StdoutLine: {'line': b'-- Up-to-date: /home/nicolas/ws_ros2/install/px4_msgs/include/px4_msgs/px4_msgs/msg/detail/estimator_innovations__builder.hpp\n'}
[0.804964] (px4_msgs) StdoutLine: {'line': b'-- Up-to-date: /home/nicolas/ws_ros2/install/px4_msgs/include/px4_msgs/px4_msgs/msg/detail/unregister_ext_component__struct.hpp\n'}
[0.804994] (px4_msgs) StdoutLine: {'line': b'-- Up-to-date: /home/nicolas/ws_ros2/install/px4_msgs/include/px4_msgs/px4_msgs/msg/detail/estimator_states__type_support.hpp\n'}
[0.805025] (px4_msgs) StdoutLine: {'line': b'-- Up-to-date: /home/nicolas/ws_ros2/install/px4_msgs/include/px4_msgs/px4_msgs/msg/detail/home_position__traits.hpp\n'}
[0.805056] (px4_msgs) StdoutLine: {'line': b'-- Up-to-date: /home/nicolas/ws_ros2/install/px4_msgs/include/px4_msgs/px4_msgs/msg/detail/parameter_set_value_response__traits.hpp\n'}
[0.805087] (px4_msgs) StdoutLine: {'line': b'-- Up-to-date: /home/nicolas/ws_ros2/install/px4_msgs/include/px4_msgs/px4_msgs/msg/detail/vehicle_control_mode__type_support.hpp\n'}
[0.805118] (px4_msgs) StdoutLine: {'line': b'-- Up-to-date: /home/nicolas/ws_ros2/install/px4_msgs/include/px4_msgs/px4_msgs/msg/detail/home_position__builder.hpp\n'}
[0.805148] (px4_msgs) StdoutLine: {'line': b'-- Up-to-date: /home/nicolas/ws_ros2/install/px4_msgs/include/px4_msgs/px4_msgs/msg/detail/estimator_status__traits.hpp\n'}
[0.805178] (px4_msgs) StdoutLine: {'line': b'-- Up-to-date: /home/nicolas/ws_ros2/install/px4_msgs/include/px4_msgs/px4_msgs/msg/detail/unregister_ext_component__builder.hpp\n'}
[0.805210] (px4_msgs) StdoutLine: {'line': b'-- Up-to-date: /home/nicolas/ws_ros2/install/px4_msgs/include/px4_msgs/px4_msgs/msg/detail/vtol_vehicle_status__struct.hpp\n'}
[0.805240] (px4_msgs) StdoutLine: {'line': b'-- Up-to-date: /home/nicolas/ws_ros2/install/px4_msgs/include/px4_msgs/px4_msgs/msg/detail/position_controller_landing_status__type_support.hpp\n'}
[0.805271] (px4_msgs) StdoutLine: {'line': b'-- Up-to-date: /home/nicolas/ws_ros2/install/px4_msgs/include/px4_msgs/px4_msgs/msg/detail/position_setpoint_triplet__type_support.hpp\n'}
[0.805302] (px4_msgs) StdoutLine: {'line': b'-- Up-to-date: /home/nicolas/ws_ros2/install/px4_msgs/include/px4_msgs/px4_msgs/msg/detail/mag_worker_data__traits.hpp\n'}
[0.805332] (px4_msgs) StdoutLine: {'line': b'-- Up-to-date: /home/nicolas/ws_ros2/install/px4_msgs/include/px4_msgs/px4_msgs/msg/detail/magnetometer_bias_estimate__type_support.hpp\n'}
[0.805363] (px4_msgs) StdoutLine: {'line': b'-- Up-to-date: /home/nicolas/ws_ros2/install/px4_msgs/include/px4_msgs/px4_msgs/msg/detail/arming_check_reply__type_support.hpp\n'}
[0.805397] (px4_msgs) StdoutLine: {'line': b'-- Up-to-date: /home/nicolas/ws_ros2/install/px4_msgs/include/px4_msgs/px4_msgs/msg/detail/landing_gear__builder.hpp\n'}
[0.805427] (px4_msgs) StdoutLine: {'line': b'-- Up-to-date: /home/nicolas/ws_ros2/install/px4_msgs/include/px4_msgs/px4_msgs/msg/detail/radio_status__builder.hpp\n'}
[0.805464] (px4_msgs) StdoutLine: {'line': b'-- Up-to-date: /home/nicolas/ws_ros2/install/px4_msgs/include/px4_msgs/px4_msgs/msg/detail/estimator_aid_source1d__struct.hpp\n'}
[0.805501] (px4_msgs) StdoutLine: {'line': b'-- Up-to-date: /home/nicolas/ws_ros2/install/px4_msgs/include/px4_msgs/px4_msgs/msg/detail/longitudinal_control_configuration__struct.hpp\n'}
[0.805539] (px4_msgs) StdoutLine: {'line': b'-- Up-to-date: /home/nicolas/ws_ros2/install/px4_msgs/include/px4_msgs/px4_msgs/msg/detail/sensor_correction__builder.hpp\n'}
[0.805572] (px4_msgs) StdoutLine: {'line': b'-- Up-to-date: /home/nicolas/ws_ros2/install/px4_msgs/include/px4_msgs/px4_msgs/msg/detail/hover_thrust_estimate__type_support.hpp\n'}
[0.805614] (px4_msgs) StdoutLine: {'line': b'-- Up-to-date: /home/nicolas/ws_ros2/install/px4_msgs/include/px4_msgs/px4_msgs/msg/detail/position_setpoint_triplet__struct.hpp\n'}
[0.805649] (px4_msgs) StdoutLine: {'line': b'-- Up-to-date: /home/nicolas/ws_ros2/install/px4_msgs/include/px4_msgs/px4_msgs/msg/detail/manual_control_setpoint__struct.hpp\n'}
[0.805682] (px4_msgs) StdoutLine: {'line': b'-- Up-to-date: /home/nicolas/ws_ros2/install/px4_msgs/include/px4_msgs/px4_msgs/msg/detail/vtol_vehicle_status__builder.hpp\n'}
[0.805715] (px4_msgs) StdoutLine: {'line': b'-- Up-to-date: /home/nicolas/ws_ros2/install/px4_msgs/include/px4_msgs/px4_msgs/msg/detail/autotune_attitude_control_status__builder.hpp\n'}
[0.805750] (px4_msgs) StdoutLine: {'line': b'-- Up-to-date: /home/nicolas/ws_ros2/install/px4_msgs/include/px4_msgs/px4_msgs/msg/detail/actuator_test__struct.hpp\n'}
[0.805785] (px4_msgs) StdoutLine: {'line': b'-- Up-to-date: /home/nicolas/ws_ros2/install/px4_msgs/include/px4_msgs/px4_msgs/msg/detail/position_controller_landing_status__traits.hpp\n'}
[0.805819] (px4_msgs) StdoutLine: {'line': b'-- Up-to-date: /home/nicolas/ws_ros2/install/px4_msgs/include/px4_msgs/px4_msgs/msg/detail/actuator_test__type_support.hpp\n'}
[0.805854] (px4_msgs) StdoutLine: {'line': b'-- Up-to-date: /home/nicolas/ws_ros2/install/px4_msgs/include/px4_msgs/px4_msgs/msg/detail/rtl_time_estimate__traits.hpp\n'}
[0.805888] (px4_msgs) StdoutLine: {'line': b'-- Up-to-date: /home/nicolas/ws_ros2/install/px4_msgs/include/px4_msgs/px4_msgs/msg/detail/arming_check_request__builder.hpp\n'}
[0.805922] (px4_msgs) StdoutLine: {'line': b'-- Up-to-date: /home/nicolas/ws_ros2/install/px4_msgs/include/px4_msgs/px4_msgs/msg/detail/parameter_set_value_response__struct.hpp\n'}
[0.805955] (px4_msgs) StdoutLine: {'line': b'-- Up-to-date: /home/nicolas/ws_ros2/install/px4_msgs/include/px4_msgs/px4_msgs/msg/detail/sensor_gyro_fifo__builder.hpp\n'}
[0.805988] (px4_msgs) StdoutLine: {'line': b'-- Up-to-date: /home/nicolas/ws_ros2/install/px4_msgs/include/px4_msgs/px4_msgs/msg/detail/pure_pursuit_status__traits.hpp\n'}
[0.806022] (px4_msgs) StdoutLine: {'line': b'-- Up-to-date: /home/nicolas/ws_ros2/install/px4_msgs/include/px4_msgs/px4_msgs/msg/detail/vehicle_command__builder.hpp\n'}
[0.806056] (px4_msgs) StdoutLine: {'line': b'-- Up-to-date: /home/nicolas/ws_ros2/install/px4_msgs/include/px4_msgs/px4_msgs/msg/detail/landing_gear__traits.hpp\n'}
[0.806088] (px4_msgs) StdoutLine: {'line': b'-- Up-to-date: /home/nicolas/ws_ros2/install/px4_msgs/include/px4_msgs/px4_msgs/msg/detail/battery_info__builder.hpp\n'}
[0.806121] (px4_msgs) StdoutLine: {'line': b'-- Up-to-date: /home/nicolas/ws_ros2/install/px4_msgs/include/px4_msgs/px4_msgs/msg/detail/rover_attitude_setpoint__builder.hpp\n'}
[0.806154] (px4_msgs) StdoutLine: {'line': b'-- Up-to-date: /home/nicolas/ws_ros2/install/px4_msgs/include/px4_msgs/px4_msgs/msg/detail/uavcan_parameter_request__builder.hpp\n'}
[0.806207] (px4_msgs) StdoutLine: {'line': b'-- Up-to-date: /home/nicolas/ws_ros2/install/px4_msgs/include/px4_msgs/px4_msgs/msg/detail/fixed_wing_lateral_setpoint__builder.hpp\n'}
[0.806240] (px4_msgs) StdoutLine: {'line': b'-- Up-to-date: /home/nicolas/ws_ros2/install/px4_msgs/include/px4_msgs/px4_msgs/msg/detail/system_power__builder.hpp\n'}
[0.806272] (px4_msgs) StdoutLine: {'line': b'-- Up-to-date: /home/nicolas/ws_ros2/install/px4_msgs/include/px4_msgs/px4_msgs/msg/detail/uavcan_parameter_value__traits.hpp\n'}
[0.806305] (px4_msgs) StdoutLine: {'line': b'-- Up-to-date: /home/nicolas/ws_ros2/install/px4_msgs/include/px4_msgs/px4_msgs/msg/detail/rc_parameter_map__type_support.hpp\n'}
[0.806336] (px4_msgs) StdoutLine: {'line': b'-- Up-to-date: /home/nicolas/ws_ros2/install/px4_msgs/include/px4_msgs/px4_msgs/msg/detail/geofence_status__builder.hpp\n'}
[0.806369] (px4_msgs) StdoutLine: {'line': b'-- Up-to-date: /home/nicolas/ws_ros2/install/px4_msgs/include/px4_msgs/px4_msgs/msg/detail/internal_combustion_engine_control__type_support.hpp\n'}
[0.806399] (px4_msgs) StdoutLine: {'line': b'-- Up-to-date: /home/nicolas/ws_ros2/install/px4_msgs/include/px4_msgs/px4_msgs/msg/detail/vehicle_attitude__struct.hpp\n'}
[0.806430] (px4_msgs) StdoutLine: {'line': b'-- Up-to-date: /home/nicolas/ws_ros2/install/px4_msgs/include/px4_msgs/px4_msgs/msg/detail/sensor_gyro_fft__traits.hpp\n'}
[0.806466] (px4_msgs) StdoutLine: {'line': b'-- Up-to-date: /home/nicolas/ws_ros2/install/px4_msgs/include/px4_msgs/px4_msgs/msg/detail/gimbal_device_attitude_status__builder.hpp\n'}
[0.806498] (px4_msgs) StdoutLine: {'line': b'-- Up-to-date: /home/nicolas/ws_ros2/install/px4_msgs/include/px4_msgs/px4_msgs/msg/detail/ping__traits.hpp\n'}
[0.806529] (px4_msgs) StdoutLine: {'line': b'-- Up-to-date: /home/nicolas/ws_ros2/install/px4_msgs/include/px4_msgs/px4_msgs/msg/detail/vehicle_constraints__struct.hpp\n'}
[0.806563] (px4_msgs) StdoutLine: {'line': b'-- Up-to-date: /home/nicolas/ws_ros2/install/px4_msgs/include/px4_msgs/px4_msgs/msg/detail/estimator_aid_source3d__traits.hpp\n'}
[0.806593] (px4_msgs) StdoutLine: {'line': b'-- Up-to-date: /home/nicolas/ws_ros2/install/px4_msgs/include/px4_msgs/px4_msgs/msg/detail/event__builder.hpp\n'}
[0.806623] (px4_msgs) StdoutLine: {'line': b'-- Up-to-date: /home/nicolas/ws_ros2/install/px4_msgs/include/px4_msgs/px4_msgs/msg/detail/debug_value__type_support.hpp\n'}
[0.806653] (px4_msgs) StdoutLine: {'line': b'-- Up-to-date: /home/nicolas/ws_ros2/install/px4_msgs/include/px4_msgs/px4_msgs/msg/detail/vehicle_local_position__type_support.hpp\n'}
[0.806683] (px4_msgs) StdoutLine: {'line': b'-- Up-to-date: /home/nicolas/ws_ros2/install/px4_msgs/include/px4_msgs/px4_msgs/msg/detail/actuator_motors__traits.hpp\n'}
[0.806718] (px4_msgs) StdoutLine: {'line': b'-- Up-to-date: /home/nicolas/ws_ros2/install/px4_msgs/include/px4_msgs/px4_msgs/msg/detail/cellular_status__traits.hpp\n'}
[0.806749] (px4_msgs) StdoutLine: {'line': b'-- Up-to-date: /home/nicolas/ws_ros2/install/px4_msgs/include/px4_msgs/px4_msgs/msg/detail/rover_speed_status__struct.hpp\n'}
[0.806779] (px4_msgs) StdoutLine: {'line': b'-- Up-to-date: /home/nicolas/ws_ros2/install/px4_msgs/include/px4_msgs/px4_msgs/msg/detail/landing_target_pose__struct.hpp\n'}
[0.806811] (px4_msgs) StdoutLine: {'line': b'-- Up-to-date: /home/nicolas/ws_ros2/install/px4_msgs/include/px4_msgs/px4_msgs/msg/detail/neural_control__type_support.hpp\n'}
[0.806841] (px4_msgs) StdoutLine: {'line': b'-- Up-to-date: /home/nicolas/ws_ros2/install/px4_msgs/include/px4_msgs/px4_msgs/msg/detail/actuator_servos__traits.hpp\n'}
[0.806871] (px4_msgs) StdoutLine: {'line': b'-- Up-to-date: /home/nicolas/ws_ros2/install/px4_msgs/include/px4_msgs/px4_msgs/msg/detail/camera_trigger__type_support.hpp\n'}
[0.806901] (px4_msgs) StdoutLine: {'line': b'-- Up-to-date: /home/nicolas/ws_ros2/install/px4_msgs/include/px4_msgs/px4_msgs/msg/detail/wind__struct.hpp\n'}
[0.806931] (px4_msgs) StdoutLine: {'line': b'-- Up-to-date: /home/nicolas/ws_ros2/install/px4_msgs/include/px4_msgs/px4_msgs/msg/detail/heater_status__struct.hpp\n'}
[0.806963] (px4_msgs) StdoutLine: {'line': b'-- Up-to-date: /home/nicolas/ws_ros2/install/px4_msgs/include/px4_msgs/px4_msgs/msg/detail/px4io_status__traits.hpp\n'}
[0.806993] (px4_msgs) StdoutLine: {'line': b'-- Up-to-date: /home/nicolas/ws_ros2/install/px4_msgs/include/px4_msgs/px4_msgs/msg/detail/rover_rate_setpoint__type_support.hpp\n'}
[0.807024] (px4_msgs) StdoutLine: {'line': b'-- Up-to-date: /home/nicolas/ws_ros2/install/px4_msgs/include/px4_msgs/px4_msgs/msg/detail/sensor_correction__traits.hpp\n'}
[0.807056] (px4_msgs) StdoutLine: {'line': b'-- Up-to-date: /home/nicolas/ws_ros2/install/px4_msgs/include/px4_msgs/px4_msgs/msg/detail/neural_control__struct.hpp\n'}
[0.807086] (px4_msgs) StdoutLine: {'line': b'-- Up-to-date: /home/nicolas/ws_ros2/install/px4_msgs/include/px4_msgs/px4_msgs/msg/detail/gpio_out__struct.hpp\n'}
[0.807118] (px4_msgs) StdoutLine: {'line': b'-- Up-to-date: /home/nicolas/ws_ros2/install/px4_msgs/include/px4_msgs/px4_msgs/msg/detail/qshell_req__builder.hpp\n'}
[0.807149] (px4_msgs) StdoutLine: {'line': b'-- Up-to-date: /home/nicolas/ws_ros2/install/px4_msgs/include/px4_msgs/px4_msgs/msg/detail/gps_dump__traits.hpp\n'}
[0.807179] (px4_msgs) StdoutLine: {'line': b'-- Up-to-date: /home/nicolas/ws_ros2/install/px4_msgs/include/px4_msgs/px4_msgs/msg/detail/navigator_status__struct.hpp\n'}
[0.807210] (px4_msgs) StdoutLine: {'line': b'-- Up-to-date: /home/nicolas/ws_ros2/install/px4_msgs/include/px4_msgs/px4_msgs/msg/detail/cpuload__traits.hpp\n'}
[0.807240] (px4_msgs) StdoutLine: {'line': b'-- Up-to-date: /home/nicolas/ws_ros2/install/px4_msgs/include/px4_msgs/px4_msgs/msg/detail/sensor_baro__struct.hpp\n'}
[0.807271] (px4_msgs) StdoutLine: {'line': b'-- Up-to-date: /home/nicolas/ws_ros2/install/px4_msgs/include/px4_msgs/px4_msgs/msg/detail/vehicle_attitude__type_support.hpp\n'}
[0.807308] (px4_msgs) StdoutLine: {'line': b'-- Up-to-date: /home/nicolas/ws_ros2/install/px4_msgs/include/px4_msgs/px4_msgs/msg/detail/rtl_time_estimate__builder.hpp\n'}
[0.807339] (px4_msgs) StdoutLine: {'line': b'-- Up-to-date: /home/nicolas/ws_ros2/install/px4_msgs/include/px4_msgs/px4_msgs/msg/detail/timesync_status__struct.hpp\n'}
[0.807369] (px4_msgs) StdoutLine: {'line': b'-- Up-to-date: /home/nicolas/ws_ros2/install/px4_msgs/include/px4_msgs/px4_msgs/msg/detail/rc_parameter_map__traits.hpp\n'}
[0.807400] (px4_msgs) StdoutLine: {'line': b'-- Up-to-date: /home/nicolas/ws_ros2/install/px4_msgs/include/px4_msgs/px4_msgs/msg/detail/gps_dump__type_support.hpp\n'}
[0.807430] (px4_msgs) StdoutLine: {'line': b'-- Up-to-date: /home/nicolas/ws_ros2/install/px4_msgs/include/px4_msgs/px4_msgs/msg/detail/yaw_estimator_status__type_support.hpp\n'}
[0.807465] (px4_msgs) StdoutLine: {'line': b'-- Up-to-date: /home/nicolas/ws_ros2/install/px4_msgs/include/px4_msgs/px4_msgs/msg/detail/fixed_wing_lateral_guidance_status__type_support.hpp\n'}
[0.807496] (px4_msgs) StdoutLine: {'line': b'-- Up-to-date: /home/nicolas/ws_ros2/install/px4_msgs/include/px4_msgs/px4_msgs/msg/detail/collision_constraints__struct.hpp\n'}
[0.807526] (px4_msgs) StdoutLine: {'line': b'-- Up-to-date: /home/nicolas/ws_ros2/install/px4_msgs/include/px4_msgs/px4_msgs/msg/detail/gpio_in__type_support.hpp\n'}
[0.807558] (px4_msgs) StdoutLine: {'line': b'-- Up-to-date: /home/nicolas/ws_ros2/install/px4_msgs/include/px4_msgs/px4_msgs/msg/detail/uavcan_parameter_value__struct.hpp\n'}
[0.807588] (px4_msgs) StdoutLine: {'line': b'-- Up-to-date: /home/nicolas/ws_ros2/install/px4_msgs/include/px4_msgs/px4_msgs/msg/detail/follow_target__struct.hpp\n'}
[0.807618] (px4_msgs) StdoutLine: {'line': b'-- Up-to-date: /home/nicolas/ws_ros2/install/px4_msgs/include/px4_msgs/px4_msgs/msg/detail/vehicle_thrust_setpoint__struct.hpp\n'}
[0.807648] (px4_msgs) StdoutLine: {'line': b'-- Up-to-date: /home/nicolas/ws_ros2/install/px4_msgs/include/px4_msgs/px4_msgs/msg/detail/satellite_info__type_support.hpp\n'}
[0.807677] (px4_msgs) StdoutLine: {'line': b'-- Up-to-date: /home/nicolas/ws_ros2/install/px4_msgs/include/px4_msgs/px4_msgs/msg/detail/vehicle_control_mode__struct.hpp\n'}
[0.807710] (px4_msgs) StdoutLine: {'line': b'-- Up-to-date: /home/nicolas/ws_ros2/install/px4_msgs/include/px4_msgs/px4_msgs/msg/detail/estimator_event_flags__builder.hpp\n'}
[0.807742] (px4_msgs) StdoutLine: {'line': b'-- Up-to-date: /home/nicolas/ws_ros2/install/px4_msgs/include/px4_msgs/px4_msgs/msg/detail/vehicle_magnetometer__builder.hpp\n'}
[0.807778] (px4_msgs) StdoutLine: {'line': b'-- Up-to-date: /home/nicolas/ws_ros2/install/px4_msgs/include/px4_msgs/px4_msgs/msg/detail/vehicle_angular_acceleration_setpoint__type_support.hpp\n'}
[0.807809] (px4_msgs) StdoutLine: {'line': b'-- Up-to-date: /home/nicolas/ws_ros2/install/px4_msgs/include/px4_msgs/px4_msgs/msg/detail/vehicle_status__builder.hpp\n'}
[0.807839] (px4_msgs) StdoutLine: {'line': b'-- Up-to-date: /home/nicolas/ws_ros2/install/px4_msgs/include/px4_msgs/px4_msgs/msg/detail/gpio_out__type_support.hpp\n'}
[0.807870] (px4_msgs) StdoutLine: {'line': b'-- Up-to-date: /home/nicolas/ws_ros2/install/px4_msgs/include/px4_msgs/px4_msgs/msg/detail/register_ext_component_request__traits.hpp\n'}
[0.807900] (px4_msgs) StdoutLine: {'line': b'-- Up-to-date: /home/nicolas/ws_ros2/install/px4_msgs/include/px4_msgs/px4_msgs/msg/detail/sensor_airflow__builder.hpp\n'}
[0.807931] (px4_msgs) StdoutLine: {'line': b'-- Up-to-date: /home/nicolas/ws_ros2/install/px4_msgs/include/px4_msgs/px4_msgs/msg/detail/open_drone_id_arm_status__type_support.hpp\n'}
[0.807961] (px4_msgs) StdoutLine: {'line': b'-- Up-to-date: /home/nicolas/ws_ros2/install/px4_msgs/include/px4_msgs/px4_msgs/msg/detail/vehicle_global_position__traits.hpp\n'}
[0.807991] (px4_msgs) StdoutLine: {'line': b'-- Up-to-date: /home/nicolas/ws_ros2/install/px4_msgs/include/px4_msgs/px4_msgs/msg/detail/config_overrides__type_support.hpp\n'}
[0.808022] (px4_msgs) StdoutLine: {'line': b'-- Up-to-date: /home/nicolas/ws_ros2/install/px4_msgs/include/px4_msgs/px4_msgs/msg/detail/landing_gear__type_support.hpp\n'}
[0.808052] (px4_msgs) StdoutLine: {'line': b'-- Up-to-date: /home/nicolas/ws_ros2/install/px4_msgs/include/px4_msgs/px4_msgs/msg/detail/distance_sensor__traits.hpp\n'}
[0.808083] (px4_msgs) StdoutLine: {'line': b'-- Up-to-date: /home/nicolas/ws_ros2/install/px4_msgs/include/px4_msgs/px4_msgs/msg/detail/transponder_report__struct.hpp\n'}
[0.808114] (px4_msgs) StdoutLine: {'line': b'-- Up-to-date: /home/nicolas/ws_ros2/install/px4_msgs/include/px4_msgs/px4_msgs/msg/detail/sensor_uwb__struct.hpp\n'}
[0.808144] (px4_msgs) StdoutLine: {'line': b'-- Up-to-date: /home/nicolas/ws_ros2/install/px4_msgs/include/px4_msgs/px4_msgs/msg/detail/fixed_wing_lateral_setpoint__type_support.hpp\n'}
[0.808175] (px4_msgs) StdoutLine: {'line': b'-- Up-to-date: /home/nicolas/ws_ros2/install/px4_msgs/include/px4_msgs/px4_msgs/msg/detail/message_format_response__struct.hpp\n'}
[0.808206] (px4_msgs) StdoutLine: {'line': b'-- Up-to-date: /home/nicolas/ws_ros2/install/px4_msgs/include/px4_msgs/px4_msgs/msg/detail/input_rc__traits.hpp\n'}
[0.808237] (px4_msgs) StdoutLine: {'line': b'-- Up-to-date: /home/nicolas/ws_ros2/install/px4_msgs/include/px4_msgs/px4_msgs/msg/detail/mission__builder.hpp\n'}
[0.808266] (px4_msgs) StdoutLine: {'line': b'-- Up-to-date: /home/nicolas/ws_ros2/install/px4_msgs/include/px4_msgs/px4_msgs/msg/detail/landing_target_innovations__builder.hpp\n'}
[0.808297] (px4_msgs) StdoutLine: {'line': b'-- Up-to-date: /home/nicolas/ws_ros2/install/px4_msgs/include/px4_msgs/px4_msgs/msg/detail/vehicle_magnetometer__type_support.hpp\n'}
[0.808327] (px4_msgs) StdoutLine: {'line': b'-- Up-to-date: /home/nicolas/ws_ros2/install/px4_msgs/include/px4_msgs/px4_msgs/msg/detail/gps_inject_data__traits.hpp\n'}
[0.808357] (px4_msgs) StdoutLine: {'line': b'-- Up-to-date: /home/nicolas/ws_ros2/install/px4_msgs/include/px4_msgs/px4_msgs/msg/detail/vehicle_land_detected__struct.hpp\n'}
[0.808388] (px4_msgs) StdoutLine: {'line': b'-- Up-to-date: /home/nicolas/ws_ros2/install/px4_msgs/include/px4_msgs/px4_msgs/msg/detail/estimator_gps_status__traits.hpp\n'}
[0.808418] (px4_msgs) StdoutLine: {'line': b'-- Up-to-date: /home/nicolas/ws_ros2/install/px4_msgs/include/px4_msgs/px4_msgs/msg/detail/message_format_request__type_support.hpp\n'}
[0.808454] (px4_msgs) StdoutLine: {'line': b'-- Up-to-date: /home/nicolas/ws_ros2/install/px4_msgs/include/px4_msgs/px4_msgs/msg/detail/mount_orientation__builder.hpp\n'}
[0.808491] (px4_msgs) StdoutLine: {'line': b'-- Up-to-date: /home/nicolas/ws_ros2/install/px4_msgs/include/px4_msgs/px4_msgs/msg/detail/vehicle_control_mode__builder.hpp\n'}
[0.808521] (px4_msgs) StdoutLine: {'line': b'-- Up-to-date: /home/nicolas/ws_ros2/install/px4_msgs/include/px4_msgs/px4_msgs/msg/detail/open_drone_id_operator_id__builder.hpp\n'}
[0.808551] (px4_msgs) StdoutLine: {'line': b'-- Up-to-date: /home/nicolas/ws_ros2/install/px4_msgs/include/px4_msgs/px4_msgs/msg/detail/cpuload__type_support.hpp\n'}
[0.808583] (px4_msgs) StdoutLine: {'line': b'-- Up-to-date: /home/nicolas/ws_ros2/install/px4_msgs/include/px4_msgs/px4_msgs/msg/detail/pwm_input__type_support.hpp\n'}
[0.808613] (px4_msgs) StdoutLine: {'line': b'-- Up-to-date: /home/nicolas/ws_ros2/install/px4_msgs/include/px4_msgs/px4_msgs/msg/detail/obstacle_distance__type_support.hpp\n'}
[0.808643] (px4_msgs) StdoutLine: {'line': b'-- Up-to-date: /home/nicolas/ws_ros2/install/px4_msgs/include/px4_msgs/px4_msgs/msg/detail/generator_status__type_support.hpp\n'}
[0.808673] (px4_msgs) StdoutLine: {'line': b'-- Up-to-date: /home/nicolas/ws_ros2/install/px4_msgs/include/px4_msgs/px4_msgs/msg/detail/register_ext_component_reply__struct.hpp\n'}
[0.808704] (px4_msgs) StdoutLine: {'line': b'-- Up-to-date: /home/nicolas/ws_ros2/install/px4_msgs/include/px4_msgs/px4_msgs/msg/detail/debug_array__struct.hpp\n'}
[0.808735] (px4_msgs) StdoutLine: {'line': b'-- Up-to-date: /home/nicolas/ws_ros2/install/px4_msgs/include/px4_msgs/px4_msgs/msg/detail/dataman_request__type_support.hpp\n'}
[0.808765] (px4_msgs) StdoutLine: {'line': b'-- Up-to-date: /home/nicolas/ws_ros2/install/px4_msgs/include/px4_msgs/px4_msgs/msg/detail/internal_combustion_engine_status__traits.hpp\n'}
[0.808800] (px4_msgs) StdoutLine: {'line': b'-- Up-to-date: /home/nicolas/ws_ros2/install/px4_msgs/include/px4_msgs/px4_msgs/msg/detail/velocity_limits__traits.hpp\n'}
[0.808830] (px4_msgs) StdoutLine: {'line': b'-- Up-to-date: /home/nicolas/ws_ros2/install/px4_msgs/include/px4_msgs/px4_msgs/msg/detail/rover_steering_setpoint__type_support.hpp\n'}
[0.808861] (px4_msgs) StdoutLine: {'line': b'-- Up-to-date: /home/nicolas/ws_ros2/install/px4_msgs/include/px4_msgs/px4_msgs/msg/detail/rover_speed_setpoint__traits.hpp\n'}
[0.808891] (px4_msgs) StdoutLine: {'line': b'-- Up-to-date: /home/nicolas/ws_ros2/install/px4_msgs/include/px4_msgs/px4_msgs/msg/detail/fuel_tank_status__builder.hpp\n'}
[0.808920] (px4_msgs) StdoutLine: {'line': b'-- Up-to-date: /home/nicolas/ws_ros2/install/px4_msgs/include/px4_msgs/px4_msgs/msg/detail/yaw_estimator_status__struct.hpp\n'}
[0.808951] (px4_msgs) StdoutLine: {'line': b'-- Up-to-date: /home/nicolas/ws_ros2/install/px4_msgs/include/px4_msgs/px4_msgs/msg/detail/satellite_info__struct.hpp\n'}
[0.808981] (px4_msgs) StdoutLine: {'line': b'-- Up-to-date: /home/nicolas/ws_ros2/install/px4_msgs/include/px4_msgs/px4_msgs/msg/detail/message_format_response__builder.hpp\n'}
[0.809011] (px4_msgs) StdoutLine: {'line': b'-- Up-to-date: /home/nicolas/ws_ros2/install/px4_msgs/include/px4_msgs/px4_msgs/msg/detail/magnetometer_bias_estimate__traits.hpp\n'}
[0.809041] (px4_msgs) StdoutLine: {'line': b'-- Up-to-date: /home/nicolas/ws_ros2/install/px4_msgs/include/px4_msgs/px4_msgs/msg/detail/vehicle_command_ack__traits.hpp\n'}
[0.809073] (px4_msgs) StdoutLine: {'line': b'-- Up-to-date: /home/nicolas/ws_ros2/install/px4_msgs/include/px4_msgs/px4_msgs/msg/detail/fuel_tank_status__type_support.hpp\n'}
[0.809103] (px4_msgs) StdoutLine: {'line': b'-- Up-to-date: /home/nicolas/ws_ros2/install/px4_msgs/include/px4_msgs/px4_msgs/msg/detail/arming_check_reply__struct.hpp\n'}
[0.809134] (px4_msgs) StdoutLine: {'line': b'-- Up-to-date: /home/nicolas/ws_ros2/install/px4_msgs/include/px4_msgs/px4_msgs/msg/detail/qshell_retval__struct.hpp\n'}
[0.809168] (px4_msgs) StdoutLine: {'line': b'-- Up-to-date: /home/nicolas/ws_ros2/install/px4_msgs/include/px4_msgs/px4_msgs/msg/detail/rover_speed_status__traits.hpp\n'}
[0.809198] (px4_msgs) StdoutLine: {'line': b'-- Up-to-date: /home/nicolas/ws_ros2/install/px4_msgs/include/px4_msgs/px4_msgs/msg/detail/gpio_request__type_support.hpp\n'}
[0.809227] (px4_msgs) StdoutLine: {'line': b'-- Up-to-date: /home/nicolas/ws_ros2/install/px4_msgs/include/px4_msgs/px4_msgs/msg/detail/gimbal_manager_set_attitude__type_support.hpp\n'}
[0.809257] (px4_msgs) StdoutLine: {'line': b'-- Up-to-date: /home/nicolas/ws_ros2/install/px4_msgs/include/px4_msgs/px4_msgs/msg/detail/estimator_bias__traits.hpp\n'}
[0.809287] (px4_msgs) StdoutLine: {'line': b'-- Up-to-date: /home/nicolas/ws_ros2/install/px4_msgs/include/px4_msgs/px4_msgs/msg/detail/navigator_mission_item__type_support.hpp\n'}
[0.809319] (px4_msgs) StdoutLine: {'line': b'-- Up-to-date: /home/nicolas/ws_ros2/install/px4_msgs/include/px4_msgs/px4_msgs/msg/detail/debug_array__builder.hpp\n'}
[0.809353] (px4_msgs) StdoutLine: {'line': b'-- Up-to-date: /home/nicolas/ws_ros2/install/px4_msgs/include/px4_msgs/px4_msgs/msg/detail/uavcan_parameter_value__type_support.hpp\n'}
[0.809387] (px4_msgs) StdoutLine: {'line': b'-- Up-to-date: /home/nicolas/ws_ros2/install/px4_msgs/include/px4_msgs/px4_msgs/msg/detail/launch_detection_status__traits.hpp\n'}
[0.809421] (px4_msgs) StdoutLine: {'line': b'-- Up-to-date: /home/nicolas/ws_ros2/install/px4_msgs/include/px4_msgs/px4_msgs/msg/detail/estimator_selector_status__struct.hpp\n'}
[0.809471] (px4_msgs) StdoutLine: {'line': b'-- Up-to-date: /home/nicolas/ws_ros2/install/px4_msgs/include/px4_msgs/px4_msgs/msg/detail/geofence_result__traits.hpp\n'}
[0.809507] (px4_msgs) StdoutLine: {'line': b'-- Up-to-date: /home/nicolas/ws_ros2/install/px4_msgs/include/px4_msgs/px4_msgs/msg/detail/logger_status__traits.hpp\n'}
[0.809540] (px4_msgs) StdoutLine: {'line': b'-- Up-to-date: /home/nicolas/ws_ros2/install/px4_msgs/include/px4_msgs/px4_msgs/msg/detail/estimator_event_flags__type_support.hpp\n'}
[0.809571] (px4_msgs) StdoutLine: {'line': b'-- Up-to-date: /home/nicolas/ws_ros2/install/px4_msgs/include/px4_msgs/px4_msgs/msg/detail/gpio_config__builder.hpp\n'}
[0.809604] (px4_msgs) StdoutLine: {'line': b'-- Up-to-date: /home/nicolas/ws_ros2/install/px4_msgs/include/px4_msgs/px4_msgs/msg/detail/cellular_status__type_support.hpp\n'}
[0.809635] (px4_msgs) StdoutLine: {'line': b'-- Up-to-date: /home/nicolas/ws_ros2/install/px4_msgs/include/px4_msgs/px4_msgs/msg/detail/sensor_accel_fifo__traits.hpp\n'}
[0.809666] (px4_msgs) StdoutLine: {'line': b'-- Up-to-date: /home/nicolas/ws_ros2/install/px4_msgs/include/px4_msgs/px4_msgs/msg/detail/logger_status__struct.hpp\n'}
[0.809697] (px4_msgs) StdoutLine: {'line': b'-- Up-to-date: /home/nicolas/ws_ros2/install/px4_msgs/include/px4_msgs/px4_msgs/msg/detail/tecs_status__struct.hpp\n'}
[0.809728] (px4_msgs) StdoutLine: {'line': b'-- Up-to-date: /home/nicolas/ws_ros2/install/px4_msgs/include/px4_msgs/px4_msgs/msg/detail/ulog_stream__type_support.hpp\n'}
[0.809758] (px4_msgs) StdoutLine: {'line': b'-- Up-to-date: /home/nicolas/ws_ros2/install/px4_msgs/include/px4_msgs/px4_msgs/msg/detail/landing_target_innovations__type_support.hpp\n'}
[0.809789] (px4_msgs) StdoutLine: {'line': b'-- Up-to-date: /home/nicolas/ws_ros2/install/px4_msgs/include/px4_msgs/px4_msgs/msg/detail/arming_check_request__struct.hpp\n'}
[0.809819] (px4_msgs) StdoutLine: {'line': b'-- Up-to-date: /home/nicolas/ws_ros2/install/px4_msgs/include/px4_msgs/px4_msgs/msg/detail/vehicle_odometry__traits.hpp\n'}
[0.809855] (px4_msgs) StdoutLine: {'line': b'-- Up-to-date: /home/nicolas/ws_ros2/install/px4_msgs/include/px4_msgs/px4_msgs/msg/detail/dataman_request__struct.hpp\n'}
[0.809886] (px4_msgs) StdoutLine: {'line': b'-- Up-to-date: /home/nicolas/ws_ros2/install/px4_msgs/include/px4_msgs/px4_msgs/msg/detail/launch_detection_status__type_support.hpp\n'}
[0.809951] (px4_msgs) StdoutLine: {'line': b'-- Up-to-date: /home/nicolas/ws_ros2/install/px4_msgs/include/px4_msgs/px4_msgs/msg/detail/px4io_status__struct.hpp\n'}
[0.809986] (px4_msgs) StdoutLine: {'line': b'-- Up-to-date: /home/nicolas/ws_ros2/install/px4_msgs/include/px4_msgs/px4_msgs/msg/detail/vehicle_acceleration__traits.hpp\n'}
[0.810017] (px4_msgs) StdoutLine: {'line': b'-- Up-to-date: /home/nicolas/ws_ros2/install/px4_msgs/include/px4_msgs/px4_msgs/msg/detail/landing_target_pose__type_support.hpp\n'}
[0.810049] (px4_msgs) StdoutLine: {'line': b'-- Up-to-date: /home/nicolas/ws_ros2/install/px4_msgs/include/px4_msgs/px4_msgs/msg/detail/battery_status__traits.hpp\n'}
[0.810079] (px4_msgs) StdoutLine: {'line': b'-- Up-to-date: /home/nicolas/ws_ros2/install/px4_msgs/include/px4_msgs/px4_msgs/msg/detail/rover_attitude_status__traits.hpp\n'}
[0.810111] (px4_msgs) StdoutLine: {'line': b'-- Up-to-date: /home/nicolas/ws_ros2/install/px4_msgs/include/px4_msgs/px4_msgs/msg/detail/qshell_retval__type_support.hpp\n'}
[0.810142] (px4_msgs) StdoutLine: {'line': b'-- Up-to-date: /home/nicolas/ws_ros2/install/px4_msgs/include/px4_msgs/px4_msgs/msg/detail/mavlink_log__type_support.hpp\n'}
[0.810173] (px4_msgs) StdoutLine: {'line': b'-- Up-to-date: /home/nicolas/ws_ros2/install/px4_msgs/include/px4_msgs/px4_msgs/msg/detail/airspeed__type_support.hpp\n'}
[0.810203] (px4_msgs) StdoutLine: {'line': b'-- Up-to-date: /home/nicolas/ws_ros2/install/px4_msgs/include/px4_msgs/px4_msgs/msg/detail/onboard_computer_status__struct.hpp\n'}
[0.810234] (px4_msgs) StdoutLine: {'line': b'-- Up-to-date: /home/nicolas/ws_ros2/install/px4_msgs/include/px4_msgs/px4_msgs/msg/detail/vehicle_status__struct.hpp\n'}
[0.810264] (px4_msgs) StdoutLine: {'line': b'-- Up-to-date: /home/nicolas/ws_ros2/install/px4_msgs/include/px4_msgs/px4_msgs/msg/detail/position_setpoint_triplet__builder.hpp\n'}
[0.810295] (px4_msgs) StdoutLine: {'line': b'-- Up-to-date: /home/nicolas/ws_ros2/install/px4_msgs/include/px4_msgs/px4_msgs/msg/detail/parameter_set_value_request__builder.hpp\n'}
[0.810325] (px4_msgs) StdoutLine: {'line': b'-- Up-to-date: /home/nicolas/ws_ros2/install/px4_msgs/include/px4_msgs/px4_msgs/msg/detail/actuator_outputs__type_support.hpp\n'}
[0.810356] (px4_msgs) StdoutLine: {'line': b'-- Up-to-date: /home/nicolas/ws_ros2/install/px4_msgs/include/px4_msgs/px4_msgs/msg/detail/hover_thrust_estimate__struct.hpp\n'}
[0.810386] (px4_msgs) StdoutLine: {'line': b'-- Up-to-date: /home/nicolas/ws_ros2/install/px4_msgs/include/px4_msgs/px4_msgs/msg/detail/differential_pressure__struct.hpp\n'}
[0.810418] (px4_msgs) StdoutLine: {'line': b'-- Up-to-date: /home/nicolas/ws_ros2/install/px4_msgs/include/px4_msgs/px4_msgs/msg/detail/esc_report__builder.hpp\n'}
[0.810451] (px4_msgs) StdoutLine: {'line': b'-- Up-to-date: /home/nicolas/ws_ros2/install/px4_msgs/include/px4_msgs/px4_msgs/msg/detail/wheel_encoders__type_support.hpp\n'}
[0.810487] (px4_msgs) StdoutLine: {'line': b'-- Up-to-date: /home/nicolas/ws_ros2/install/px4_msgs/include/px4_msgs/px4_msgs/msg/detail/ulog_stream_ack__type_support.hpp\n'}
[0.810519] (px4_msgs) StdoutLine: {'line': b'-- Up-to-date: /home/nicolas/ws_ros2/install/px4_msgs/include/px4_msgs/px4_msgs/msg/detail/trajectory_setpoint__traits.hpp\n'}
[0.810551] (px4_msgs) StdoutLine: {'line': b'-- Up-to-date: /home/nicolas/ws_ros2/install/px4_msgs/include/px4_msgs/px4_msgs/msg/detail/home_position__struct.hpp\n'}
[0.810583] (px4_msgs) StdoutLine: {'line': b'-- Up-to-date: /home/nicolas/ws_ros2/install/px4_msgs/include/px4_msgs/px4_msgs/msg/detail/vehicle_rates_setpoint__builder.hpp\n'}
[0.810615] (px4_msgs) StdoutLine: {'line': b'-- Up-to-date: /home/nicolas/ws_ros2/install/px4_msgs/include/px4_msgs/px4_msgs/msg/detail/battery_info__struct.hpp\n'}
[0.810647] (px4_msgs) StdoutLine: {'line': b'-- Up-to-date: /home/nicolas/ws_ros2/install/px4_msgs/include/px4_msgs/px4_msgs/msg/detail/orb_test_large__traits.hpp\n'}
[0.810679] (px4_msgs) StdoutLine: {'line': b'-- Up-to-date: /home/nicolas/ws_ros2/install/px4_msgs/include/px4_msgs/px4_msgs/msg/detail/rate_ctrl_status__struct.hpp\n'}
[0.810711] (px4_msgs) StdoutLine: {'line': b'-- Up-to-date: /home/nicolas/ws_ros2/install/px4_msgs/include/px4_msgs/px4_msgs/msg/detail/vehicle_angular_acceleration_setpoint__struct.hpp\n'}
[0.810756] (px4_msgs) StdoutLine: {'line': b'-- Up-to-date: /home/nicolas/ws_ros2/install/px4_msgs/include/px4_msgs/px4_msgs/msg/detail/sensor_gnss_status__builder.hpp\n'}
[0.810786] (px4_msgs) StdoutLine: {'line': b'-- Up-to-date: /home/nicolas/ws_ros2/install/px4_msgs/include/px4_msgs/px4_msgs/msg/detail/irlock_report__struct.hpp\n'}
[0.810816] (px4_msgs) StdoutLine: {'line': b'-- Up-to-date: /home/nicolas/ws_ros2/install/px4_msgs/include/px4_msgs/px4_msgs/msg/detail/magnetometer_bias_estimate__builder.hpp\n'}
[0.810845] (px4_msgs) StdoutLine: {'line': b'-- Up-to-date: /home/nicolas/ws_ros2/install/px4_msgs/include/px4_msgs/px4_msgs/msg/detail/offboard_control_mode__struct.hpp\n'}
[0.810875] (px4_msgs) StdoutLine: {'line': b'-- Up-to-date: /home/nicolas/ws_ros2/install/px4_msgs/include/px4_msgs/px4_msgs/msg/detail/sensor_preflight_mag__struct.hpp\n'}
[0.810905] (px4_msgs) StdoutLine: {'line': b'-- Up-to-date: /home/nicolas/ws_ros2/install/px4_msgs/include/px4_msgs/px4_msgs/msg/detail/sensor_combined__traits.hpp\n'}
[0.810950] (px4_msgs) StdoutLine: {'line': b'-- Up-to-date: /home/nicolas/ws_ros2/install/px4_msgs/include/px4_msgs/px4_msgs/msg/detail/generator_status__struct.hpp\n'}
[0.810980] (px4_msgs) StdoutLine: {'line': b'-- Up-to-date: /home/nicolas/ws_ros2/install/px4_msgs/include/px4_msgs/px4_msgs/msg/detail/flight_phase_estimation__builder.hpp\n'}
[0.811011] (px4_msgs) StdoutLine: {'line': b'-- Up-to-date: /home/nicolas/ws_ros2/install/px4_msgs/include/px4_msgs/px4_msgs/msg/detail/sensor_gyro_fifo__struct.hpp\n'}
[0.811041] (px4_msgs) StdoutLine: {'line': b'-- Up-to-date: /home/nicolas/ws_ros2/install/px4_msgs/include/px4_msgs/px4_msgs/msg/detail/arming_check_reply__builder.hpp\n'}
[0.811071] (px4_msgs) StdoutLine: {'line': b'-- Up-to-date: /home/nicolas/ws_ros2/install/px4_msgs/include/px4_msgs/px4_msgs/msg/detail/can_interface_status__traits.hpp\n'}
[0.811101] (px4_msgs) StdoutLine: {'line': b'-- Up-to-date: /home/nicolas/ws_ros2/install/px4_msgs/include/px4_msgs/px4_msgs/msg/detail/launch_detection_status__struct.hpp\n'}
[0.811130] (px4_msgs) StdoutLine: {'line': b'-- Up-to-date: /home/nicolas/ws_ros2/install/px4_msgs/include/px4_msgs/px4_msgs/msg/detail/gpio_config__struct.hpp\n'}
[0.811161] (px4_msgs) StdoutLine: {'line': b'-- Up-to-date: /home/nicolas/ws_ros2/install/px4_msgs/include/px4_msgs/px4_msgs/msg/detail/rover_rate_setpoint__traits.hpp\n'}
[0.811191] (px4_msgs) StdoutLine: {'line': b'-- Up-to-date: /home/nicolas/ws_ros2/install/px4_msgs/include/px4_msgs/px4_msgs/msg/detail/rate_ctrl_status__builder.hpp\n'}
[0.811221] (px4_msgs) StdoutLine: {'line': b'-- Up-to-date: /home/nicolas/ws_ros2/install/px4_msgs/include/px4_msgs/px4_msgs/msg/detail/open_drone_id_system__traits.hpp\n'}
[0.811250] (px4_msgs) StdoutLine: {'line': b'-- Up-to-date: /home/nicolas/ws_ros2/install/px4_msgs/include/px4_msgs/px4_msgs/msg/detail/gripper__struct.hpp\n'}
[0.811279] (px4_msgs) StdoutLine: {'line': b'-- Up-to-date: /home/nicolas/ws_ros2/install/px4_msgs/include/px4_msgs/px4_msgs/msg/detail/navigator_mission_item__traits.hpp\n'}
[0.811309] (px4_msgs) StdoutLine: {'line': b'-- Up-to-date: /home/nicolas/ws_ros2/install/px4_msgs/include/px4_msgs/px4_msgs/msg/detail/rover_attitude_setpoint__struct.hpp\n'}
[0.811342] (px4_msgs) StdoutLine: {'line': b'-- Up-to-date: /home/nicolas/ws_ros2/install/px4_msgs/include/px4_msgs/px4_msgs/msg/detail/debug_array__type_support.hpp\n'}
[0.811377] (px4_msgs) StdoutLine: {'line': b'-- Up-to-date: /home/nicolas/ws_ros2/install/px4_msgs/include/px4_msgs/px4_msgs/msg/detail/debug_value__traits.hpp\n'}
[0.811409] (px4_msgs) StdoutLine: {'line': b'-- Up-to-date: /home/nicolas/ws_ros2/install/px4_msgs/include/px4_msgs/px4_msgs/msg/detail/sensor_correction__struct.hpp\n'}
[0.811441] (px4_msgs) StdoutLine: {'line': b'-- Up-to-date: /home/nicolas/ws_ros2/install/px4_msgs/include/px4_msgs/px4_msgs/msg/detail/qshell_req__struct.hpp\n'}
[0.811495] (px4_msgs) StdoutLine: {'line': b'-- Up-to-date: /home/nicolas/ws_ros2/install/px4_msgs/include/px4_msgs/px4_msgs/msg/detail/sensor_accel__traits.hpp\n'}
[0.811529] (px4_msgs) StdoutLine: {'line': b'-- Up-to-date: /home/nicolas/ws_ros2/install/px4_msgs/include/px4_msgs/px4_msgs/msg/detail/mode_completed__type_support.hpp\n'}
[0.811560] (px4_msgs) StdoutLine: {'line': b'-- Up-to-date: /home/nicolas/ws_ros2/install/px4_msgs/include/px4_msgs/px4_msgs/msg/detail/launch_detection_status__builder.hpp\n'}
[0.811590] (px4_msgs) StdoutLine: {'line': b'-- Up-to-date: /home/nicolas/ws_ros2/install/px4_msgs/include/px4_msgs/px4_msgs/msg/detail/health_report__traits.hpp\n'}
[0.811620] (px4_msgs) StdoutLine: {'line': b'-- Up-to-date: /home/nicolas/ws_ros2/install/px4_msgs/include/px4_msgs/px4_msgs/msg/detail/estimator_aid_source3d__struct.hpp\n'}
[0.811650] (px4_msgs) StdoutLine: {'line': b'-- Up-to-date: /home/nicolas/ws_ros2/install/px4_msgs/include/px4_msgs/px4_msgs/msg/detail/power_monitor__builder.hpp\n'}
[0.811682] (px4_msgs) StdoutLine: {'line': b'-- Up-to-date: /home/nicolas/ws_ros2/install/px4_msgs/include/px4_msgs/px4_msgs/msg/detail/estimator_gps_status__struct.hpp\n'}
[0.811711] (px4_msgs) StdoutLine: {'line': b'-- Up-to-date: /home/nicolas/ws_ros2/install/px4_msgs/include/px4_msgs/px4_msgs/msg/detail/rover_attitude_setpoint__traits.hpp\n'}
[0.811751] (px4_msgs) StdoutLine: {'line': b'-- Up-to-date: /home/nicolas/ws_ros2/install/px4_msgs/include/px4_msgs/px4_msgs/msg/detail/vehicle_roi__traits.hpp\n'}
[0.811781] (px4_msgs) StdoutLine: {'line': b'-- Up-to-date: /home/nicolas/ws_ros2/install/px4_msgs/include/px4_msgs/px4_msgs/msg/detail/satellite_info__builder.hpp\n'}
[0.811811] (px4_msgs) StdoutLine: {'line': b'-- Up-to-date: /home/nicolas/ws_ros2/install/px4_msgs/include/px4_msgs/px4_msgs/msg/detail/qshell_req__type_support.hpp\n'}
[0.811841] (px4_msgs) StdoutLine: {'line': b'-- Up-to-date: /home/nicolas/ws_ros2/install/px4_msgs/include/px4_msgs/px4_msgs/msg/detail/telemetry_status__struct.hpp\n'}
[0.811872] (px4_msgs) StdoutLine: {'line': b'-- Up-to-date: /home/nicolas/ws_ros2/install/px4_msgs/include/px4_msgs/px4_msgs/msg/detail/esc_report__struct.hpp\n'}
[0.811902] (px4_msgs) StdoutLine: {'line': b'-- Up-to-date: /home/nicolas/ws_ros2/install/px4_msgs/include/px4_msgs/px4_msgs/msg/detail/trajectory_setpoint__type_support.hpp\n'}
[0.811932] (px4_msgs) StdoutLine: {'line': b'-- Up-to-date: /home/nicolas/ws_ros2/install/px4_msgs/include/px4_msgs/px4_msgs/msg/detail/fixed_wing_longitudinal_setpoint__traits.hpp\n'}
[0.811963] (px4_msgs) StdoutLine: {'line': b'-- Up-to-date: /home/nicolas/ws_ros2/install/px4_msgs/include/px4_msgs/px4_msgs/msg/detail/autotune_attitude_control_status__type_support.hpp\n'}
[0.811999] (px4_msgs) StdoutLine: {'line': b'-- Up-to-date: /home/nicolas/ws_ros2/install/px4_msgs/include/px4_msgs/px4_msgs/msg/detail/trajectory_setpoint6dof__struct.hpp\n'}
[0.812029] (px4_msgs) StdoutLine: {'line': b'-- Up-to-date: /home/nicolas/ws_ros2/install/px4_msgs/include/px4_msgs/px4_msgs/msg/detail/takeoff_status__traits.hpp\n'}
[0.812059] (px4_msgs) StdoutLine: {'line': b'-- Up-to-date: /home/nicolas/ws_ros2/install/px4_msgs/include/px4_msgs/px4_msgs/msg/detail/task_stack_info__builder.hpp\n'}
[0.812089] (px4_msgs) StdoutLine: {'line': b'-- Up-to-date: /home/nicolas/ws_ros2/install/px4_msgs/include/px4_msgs/px4_msgs/msg/detail/camera_status__struct.hpp\n'}
[0.812119] (px4_msgs) StdoutLine: {'line': b'-- Up-to-date: /home/nicolas/ws_ros2/install/px4_msgs/include/px4_msgs/px4_msgs/msg/detail/estimator_status_flags__traits.hpp\n'}
[0.812148] (px4_msgs) StdoutLine: {'line': b'-- Up-to-date: /home/nicolas/ws_ros2/install/px4_msgs/include/px4_msgs/px4_msgs/msg/detail/parameter_set_value_response__builder.hpp\n'}
[0.812188] (px4_msgs) StdoutLine: {'line': b'-- Up-to-date: /home/nicolas/ws_ros2/install/px4_msgs/include/px4_msgs/px4_msgs/msg/detail/collision_constraints__type_support.hpp\n'}
[0.812220] (px4_msgs) StdoutLine: {'line': b'-- Up-to-date: /home/nicolas/ws_ros2/install/px4_msgs/include/px4_msgs/px4_msgs/msg/detail/gripper__traits.hpp\n'}
[0.812252] (px4_msgs) StdoutLine: {'line': b'-- Up-to-date: /home/nicolas/ws_ros2/install/px4_msgs/include/px4_msgs/px4_msgs/msg/detail/gimbal_device_attitude_status__traits.hpp\n'}
[0.812299] (px4_msgs) StdoutLine: {'line': b'-- Up-to-date: /home/nicolas/ws_ros2/install/px4_msgs/include/px4_msgs/px4_msgs/msg/detail/flight_phase_estimation__struct.hpp\n'}
[0.812329] (px4_msgs) StdoutLine: {'line': b'-- Up-to-date: /home/nicolas/ws_ros2/install/px4_msgs/include/px4_msgs/px4_msgs/msg/detail/mavlink_tunnel__traits.hpp\n'}
[0.812359] (px4_msgs) StdoutLine: {'line': b'-- Up-to-date: /home/nicolas/ws_ros2/install/px4_msgs/include/px4_msgs/px4_msgs/msg/detail/internal_combustion_engine_control__builder.hpp\n'}
[0.812389] (px4_msgs) StdoutLine: {'line': b'-- Up-to-date: /home/nicolas/ws_ros2/install/px4_msgs/include/px4_msgs/px4_msgs/msg/detail/gimbal_device_set_attitude__traits.hpp\n'}
[0.812420] (px4_msgs) StdoutLine: {'line': b'-- Up-to-date: /home/nicolas/ws_ros2/install/px4_msgs/include/px4_msgs/px4_msgs/msg/detail/offboard_control_mode__traits.hpp\n'}
[0.812451] (px4_msgs) StdoutLine: {'line': b'-- Up-to-date: /home/nicolas/ws_ros2/install/px4_msgs/include/px4_msgs/px4_msgs/msg/detail/vehicle_local_position__traits.hpp\n'}
[0.812484] (px4_msgs) StdoutLine: {'line': b'-- Up-to-date: /home/nicolas/ws_ros2/install/px4_msgs/include/px4_msgs/px4_msgs/msg/detail/pure_pursuit_status__struct.hpp\n'}
[0.812514] (px4_msgs) StdoutLine: {'line': b'-- Up-to-date: /home/nicolas/ws_ros2/install/px4_msgs/include/px4_msgs/px4_msgs/msg/detail/navigator_status__traits.hpp\n'}
[0.812543] (px4_msgs) StdoutLine: {'line': b'-- Up-to-date: /home/nicolas/ws_ros2/install/px4_msgs/include/px4_msgs/px4_msgs/msg/detail/unregister_ext_component__type_support.hpp\n'}
[0.812575] (px4_msgs) StdoutLine: {'line': b'-- Up-to-date: /home/nicolas/ws_ros2/install/px4_msgs/include/px4_msgs/px4_msgs/msg/detail/dataman_response__type_support.hpp\n'}
[0.812605] (px4_msgs) StdoutLine: {'line': b'-- Up-to-date: /home/nicolas/ws_ros2/install/px4_msgs/include/px4_msgs/px4_msgs/msg/detail/manual_control_switches__struct.hpp\n'}
[0.812635] (px4_msgs) StdoutLine: {'line': b'-- Up-to-date: /home/nicolas/ws_ros2/install/px4_msgs/include/px4_msgs/px4_msgs/msg/detail/vehicle_air_data__struct.hpp\n'}
[0.812667] (px4_msgs) StdoutLine: {'line': b'-- Up-to-date: /home/nicolas/ws_ros2/install/px4_msgs/include/px4_msgs/px4_msgs/msg/detail/follow_target_estimator__struct.hpp\n'}
[0.812699] (px4_msgs) StdoutLine: {'line': b'-- Up-to-date: /home/nicolas/ws_ros2/install/px4_msgs/include/px4_msgs/px4_msgs/msg/gimbal_manager_status.hpp\n'}
[0.812731] (px4_msgs) StdoutLine: {'line': b'-- Up-to-date: /home/nicolas/ws_ros2/install/px4_msgs/include/px4_msgs/px4_msgs/msg/dronecan_node_status.hpp\n'}
[0.812762] (px4_msgs) StdoutLine: {'line': b'-- Up-to-date: /home/nicolas/ws_ros2/install/px4_msgs/include/px4_msgs/px4_msgs/msg/unregister_ext_component.hpp\n'}
[0.812793] (px4_msgs) StdoutLine: {'line': b'-- Up-to-date: /home/nicolas/ws_ros2/install/px4_msgs/include/px4_msgs/px4_msgs/msg/sensor_gnss_status.hpp\n'}
[0.812823] (px4_msgs) StdoutLine: {'line': b'-- Up-to-date: /home/nicolas/ws_ros2/install/px4_msgs/include/px4_msgs/px4_msgs/msg/vehicle_optical_flow_vel.hpp\n'}
[0.812854] (px4_msgs) StdoutLine: {'line': b'-- Up-to-date: /home/nicolas/ws_ros2/install/px4_msgs/include/px4_msgs/px4_msgs/msg/gps_inject_data.hpp\n'}
[0.812885] (px4_msgs) StdoutLine: {'line': b'-- Up-to-date: /home/nicolas/ws_ros2/install/px4_msgs/include/px4_msgs/px4_msgs/msg/normalized_unsigned_setpoint.hpp\n'}
[0.812916] (px4_msgs) StdoutLine: {'line': b'-- Up-to-date: /home/nicolas/ws_ros2/install/px4_msgs/include/px4_msgs/px4_msgs/msg/fixed_wing_lateral_setpoint.hpp\n'}
[0.812947] (px4_msgs) StdoutLine: {'line': b'-- Up-to-date: /home/nicolas/ws_ros2/install/px4_msgs/include/px4_msgs/px4_msgs/msg/mag_worker_data.hpp\n'}
[0.812979] (px4_msgs) StdoutLine: {'line': b'-- Up-to-date: /home/nicolas/ws_ros2/install/px4_msgs/include/px4_msgs/px4_msgs/msg/flight_phase_estimation.hpp\n'}
[0.813010] (px4_msgs) StdoutLine: {'line': b'-- Up-to-date: /home/nicolas/ws_ros2/install/px4_msgs/include/px4_msgs/px4_msgs/msg/fixed_wing_longitudinal_setpoint.hpp\n'}
[0.813056] (px4_msgs) StdoutLine: {'line': b'-- Up-to-date: /home/nicolas/ws_ros2/install/px4_msgs/include/px4_msgs/px4_msgs/msg/ping.hpp\n'}
[0.813090] (px4_msgs) StdoutLine: {'line': b'-- Up-to-date: /home/nicolas/ws_ros2/install/px4_msgs/include/px4_msgs/px4_msgs/msg/distance_sensor_mode_change_request.hpp\n'}
[0.813119] (px4_msgs) StdoutLine: {'line': b'-- Up-to-date: /home/nicolas/ws_ros2/install/px4_msgs/include/px4_msgs/px4_msgs/msg/generator_status.hpp\n'}
[0.813150] (px4_msgs) StdoutLine: {'line': b'-- Up-to-date: /home/nicolas/ws_ros2/install/px4_msgs/include/px4_msgs/px4_msgs/msg/sensor_combined.hpp\n'}
[0.813182] (px4_msgs) StdoutLine: {'line': b'-- Up-to-date: /home/nicolas/ws_ros2/install/px4_msgs/include/px4_msgs/px4_msgs/msg/geofence_status.hpp\n'}
[0.813215] (px4_msgs) StdoutLine: {'line': b'-- Up-to-date: /home/nicolas/ws_ros2/install/px4_msgs/include/px4_msgs/px4_msgs/msg/trajectory_setpoint6dof.hpp\n'}
[0.813247] (px4_msgs) StdoutLine: {'line': b'-- Up-to-date: /home/nicolas/ws_ros2/install/px4_msgs/include/px4_msgs/px4_msgs/msg/rc_channels.hpp\n'}
[0.813278] (px4_msgs) StdoutLine: {'line': b'-- Up-to-date: /home/nicolas/ws_ros2/install/px4_msgs/include/px4_msgs/px4_msgs/msg/sensor_accel.hpp\n'}
[0.813309] (px4_msgs) StdoutLine: {'line': b'-- Up-to-date: /home/nicolas/ws_ros2/install/px4_msgs/include/px4_msgs/px4_msgs/msg/sensor_gyro.hpp\n'}
[0.813340] (px4_msgs) StdoutLine: {'line': b'-- Up-to-date: /home/nicolas/ws_ros2/install/px4_msgs/include/px4_msgs/px4_msgs/msg/actuator_servos_trim.hpp\n'}
[0.813372] (px4_msgs) StdoutLine: {'line': b'-- Up-to-date: /home/nicolas/ws_ros2/install/px4_msgs/include/px4_msgs/px4_msgs/msg/estimator_sensor_bias.hpp\n'}
[0.813403] (px4_msgs) StdoutLine: {'line': b'-- Up-to-date: /home/nicolas/ws_ros2/install/px4_msgs/include/px4_msgs/px4_msgs/msg/adc_report.hpp\n'}
[0.813434] (px4_msgs) StdoutLine: {'line': b'-- Up-to-date: /home/nicolas/ws_ros2/install/px4_msgs/include/px4_msgs/px4_msgs/msg/sensor_gyro_fft.hpp\n'}
[0.813469] (px4_msgs) StdoutLine: {'line': b'-- Up-to-date: /home/nicolas/ws_ros2/install/px4_msgs/include/px4_msgs/px4_msgs/msg/radio_status.hpp\n'}
[0.813501] (px4_msgs) StdoutLine: {'line': b'-- Up-to-date: /home/nicolas/ws_ros2/install/px4_msgs/include/px4_msgs/px4_msgs/msg/vehicle_land_detected.hpp\n'}
[0.813532] (px4_msgs) StdoutLine: {'line': b'-- Up-to-date: /home/nicolas/ws_ros2/install/px4_msgs/include/px4_msgs/px4_msgs/msg/rover_position_setpoint.hpp\n'}
[0.813580] (px4_msgs) StdoutLine: {'line': b'-- Up-to-date: /home/nicolas/ws_ros2/install/px4_msgs/include/px4_msgs/px4_msgs/msg/button_event.hpp\n'}
[0.813609] (px4_msgs) StdoutLine: {'line': b'-- Up-to-date: /home/nicolas/ws_ros2/install/px4_msgs/include/px4_msgs/px4_msgs/msg/mode_completed.hpp\n'}
[0.813638] (px4_msgs) StdoutLine: {'line': b'-- Up-to-date: /home/nicolas/ws_ros2/install/px4_msgs/include/px4_msgs/px4_msgs/msg/sensor_baro.hpp\n'}
[0.813666] (px4_msgs) StdoutLine: {'line': b'-- Up-to-date: /home/nicolas/ws_ros2/install/px4_msgs/include/px4_msgs/px4_msgs/msg/rtl_status.hpp\n'}
[0.813694] (px4_msgs) StdoutLine: {'line': b'-- Up-to-date: /home/nicolas/ws_ros2/install/px4_msgs/include/px4_msgs/px4_msgs/msg/vehicle_odometry.hpp\n'}
[0.813723] (px4_msgs) StdoutLine: {'line': b'-- Up-to-date: /home/nicolas/ws_ros2/install/px4_msgs/include/px4_msgs/px4_msgs/msg/dataman_request.hpp\n'}
[0.813751] (px4_msgs) StdoutLine: {'line': b'-- Up-to-date: /home/nicolas/ws_ros2/install/px4_msgs/include/px4_msgs/px4_msgs/msg/sensor_selection.hpp\n'}
[0.813779] (px4_msgs) StdoutLine: {'line': b'-- Up-to-date: /home/nicolas/ws_ros2/install/px4_msgs/include/px4_msgs/px4_msgs/msg/uavcan_parameter_request.hpp\n'}
[0.813807] (px4_msgs) StdoutLine: {'line': b'-- Up-to-date: /home/nicolas/ws_ros2/install/px4_msgs/include/px4_msgs/px4_msgs/msg/parameter_set_value_response.hpp\n'}
[0.813837] (px4_msgs) StdoutLine: {'line': b'-- Up-to-date: /home/nicolas/ws_ros2/install/px4_msgs/include/px4_msgs/px4_msgs/msg/event.hpp\n'}
[0.813867] (px4_msgs) StdoutLine: {'line': b'-- Up-to-date: /home/nicolas/ws_ros2/install/px4_msgs/include/px4_msgs/px4_msgs/msg/position_setpoint.hpp\n'}
[0.813896] (px4_msgs) StdoutLine: {'line': b'-- Up-to-date: /home/nicolas/ws_ros2/install/px4_msgs/include/px4_msgs/px4_msgs/msg/failsafe_flags.hpp\n'}
[0.813927] (px4_msgs) StdoutLine: {'line': b'-- Up-to-date: /home/nicolas/ws_ros2/install/px4_msgs/include/px4_msgs/px4_msgs/msg/rover_speed_status.hpp\n'}
[0.813961] (px4_msgs) StdoutLine: {'line': b'-- Up-to-date: /home/nicolas/ws_ros2/install/px4_msgs/include/px4_msgs/px4_msgs/msg/estimator_aid_source3d.hpp\n'}
[0.813991] (px4_msgs) StdoutLine: {'line': b'-- Up-to-date: /home/nicolas/ws_ros2/install/px4_msgs/include/px4_msgs/px4_msgs/msg/parameter_set_used_request.hpp\n'}
[0.814022] (px4_msgs) StdoutLine: {'line': b'-- Up-to-date: /home/nicolas/ws_ros2/install/px4_msgs/include/px4_msgs/px4_msgs/msg/orb_test_medium.hpp\n'}
[0.814052] (px4_msgs) StdoutLine: {'line': b'-- Up-to-date: /home/nicolas/ws_ros2/install/px4_msgs/include/px4_msgs/px4_msgs/msg/gimbal_manager_set_manual_control.hpp\n'}
[0.814083] (px4_msgs) StdoutLine: {'line': b'-- Up-to-date: /home/nicolas/ws_ros2/install/px4_msgs/include/px4_msgs/px4_msgs/msg/can_interface_status.hpp\n'}
[0.814114] (px4_msgs) StdoutLine: {'line': b'-- Up-to-date: /home/nicolas/ws_ros2/install/px4_msgs/include/px4_msgs/px4_msgs/msg/vehicle_control_mode.hpp\n'}
[0.814144] (px4_msgs) StdoutLine: {'line': b'-- Up-to-date: /home/nicolas/ws_ros2/install/px4_msgs/include/px4_msgs/px4_msgs/msg/lateral_control_configuration.hpp\n'}
[0.814175] (px4_msgs) StdoutLine: {'line': b'-- Up-to-date: /home/nicolas/ws_ros2/install/px4_msgs/include/px4_msgs/px4_msgs/msg/vehicle_acceleration.hpp\n'}
[0.814220] (px4_msgs) StdoutLine: {'line': b'-- Up-to-date: /home/nicolas/ws_ros2/install/px4_msgs/include/px4_msgs/px4_msgs/msg/open_drone_id_system.hpp\n'}
[0.814248] (px4_msgs) StdoutLine: {'line': b'-- Up-to-date: /home/nicolas/ws_ros2/install/px4_msgs/include/px4_msgs/px4_msgs/msg/estimator_aid_source2d.hpp\n'}
[0.814276] (px4_msgs) StdoutLine: {'line': b'-- Up-to-date: /home/nicolas/ws_ros2/install/px4_msgs/include/px4_msgs/px4_msgs/msg/vehicle_roi.hpp\n'}
[0.814309] (px4_msgs) StdoutLine: {'line': b'-- Up-to-date: /home/nicolas/ws_ros2/install/px4_msgs/include/px4_msgs/px4_msgs/msg/iridiumsbd_status.hpp\n'}
[0.814337] (px4_msgs) StdoutLine: {'line': b'-- Up-to-date: /home/nicolas/ws_ros2/install/px4_msgs/include/px4_msgs/px4_msgs/msg/arming_check_request.hpp\n'}
[0.814366] (px4_msgs) StdoutLine: {'line': b'-- Up-to-date: /home/nicolas/ws_ros2/install/px4_msgs/include/px4_msgs/px4_msgs/msg/debug_array.hpp\n'}
[0.814397] (px4_msgs) StdoutLine: {'line': b'-- Up-to-date: /home/nicolas/ws_ros2/install/px4_msgs/include/px4_msgs/px4_msgs/msg/fixed_wing_lateral_guidance_status.hpp\n'}
[0.814428] (px4_msgs) StdoutLine: {'line': b'-- Up-to-date: /home/nicolas/ws_ros2/install/px4_msgs/include/px4_msgs/px4_msgs/msg/trajectory_setpoint.hpp\n'}
[0.814471] (px4_msgs) StdoutLine: {'line': b'-- Up-to-date: /home/nicolas/ws_ros2/install/px4_msgs/include/px4_msgs/px4_msgs/msg/sensors_status.hpp\n'}
[0.814502] (px4_msgs) StdoutLine: {'line': b'-- Up-to-date: /home/nicolas/ws_ros2/install/px4_msgs/include/px4_msgs/px4_msgs/msg/gpio_out.hpp\n'}
[0.814531] (px4_msgs) StdoutLine: {'line': b'-- Up-to-date: /home/nicolas/ws_ros2/install/px4_msgs/include/px4_msgs/px4_msgs/msg/transponder_report.hpp\n'}
[0.814568] (px4_msgs) StdoutLine: {'line': b'-- Up-to-date: /home/nicolas/ws_ros2/install/px4_msgs/include/px4_msgs/px4_msgs/msg/cpuload.hpp\n'}
[0.814597] (px4_msgs) StdoutLine: {'line': b'-- Up-to-date: /home/nicolas/ws_ros2/install/px4_msgs/include/px4_msgs/px4_msgs/msg/estimator_status.hpp\n'}
[0.814626] (px4_msgs) StdoutLine: {'line': b'-- Up-to-date: /home/nicolas/ws_ros2/install/px4_msgs/include/px4_msgs/px4_msgs/msg/rc_parameter_map.hpp\n'}
[0.814657] (px4_msgs) StdoutLine: {'line': b'-- Up-to-date: /home/nicolas/ws_ros2/install/px4_msgs/include/px4_msgs/px4_msgs/msg/rover_attitude_status.hpp\n'}
[0.814687] (px4_msgs) StdoutLine: {'line': b'-- Up-to-date: /home/nicolas/ws_ros2/install/px4_msgs/include/px4_msgs/px4_msgs/msg/estimator_bias.hpp\n'}
[0.814719] (px4_msgs) StdoutLine: {'line': b'-- Up-to-date: /home/nicolas/ws_ros2/install/px4_msgs/include/px4_msgs/px4_msgs/msg/mavlink_tunnel.hpp\n'}
[0.814747] (px4_msgs) StdoutLine: {'line': b'-- Up-to-date: /home/nicolas/ws_ros2/install/px4_msgs/include/px4_msgs/px4_msgs/msg/parameter_reset_request.hpp\n'}
[0.814776] (px4_msgs) StdoutLine: {'line': b'-- Up-to-date: /home/nicolas/ws_ros2/install/px4_msgs/include/px4_msgs/px4_msgs/msg/tune_control.hpp\n'}
[0.814808] (px4_msgs) StdoutLine: {'line': b'-- Up-to-date: /home/nicolas/ws_ros2/install/px4_msgs/include/px4_msgs/px4_msgs/msg/gpio_config.hpp\n'}
[0.814839] (px4_msgs) StdoutLine: {'line': b'-- Up-to-date: /home/nicolas/ws_ros2/install/px4_msgs/include/px4_msgs/px4_msgs/msg/vtol_vehicle_status.hpp\n'}
[0.814870] (px4_msgs) StdoutLine: {'line': b'-- Up-to-date: /home/nicolas/ws_ros2/install/px4_msgs/include/px4_msgs/px4_msgs/msg/navigator_mission_item.hpp\n'}
[0.814901] (px4_msgs) StdoutLine: {'line': b'-- Up-to-date: /home/nicolas/ws_ros2/install/px4_msgs/include/px4_msgs/px4_msgs/msg/navigator_status.hpp\n'}
[0.814932] (px4_msgs) StdoutLine: {'line': b'-- Up-to-date: /home/nicolas/ws_ros2/install/px4_msgs/include/px4_msgs/px4_msgs/msg/battery_status.hpp\n'}
[0.814963] (px4_msgs) StdoutLine: {'line': b'-- Up-to-date: /home/nicolas/ws_ros2/install/px4_msgs/include/px4_msgs/px4_msgs/msg/vehicle_angular_velocity.hpp\n'}
[0.814993] (px4_msgs) StdoutLine: {'line': b'-- Up-to-date: /home/nicolas/ws_ros2/install/px4_msgs/include/px4_msgs/px4_msgs/msg/pwm_input.hpp\n'}
[0.815024] (px4_msgs) StdoutLine: {'line': b'-- Up-to-date: /home/nicolas/ws_ros2/install/px4_msgs/include/px4_msgs/px4_msgs/msg/satellite_info.hpp\n'}
[0.815055] (px4_msgs) StdoutLine: {'line': b'-- Up-to-date: /home/nicolas/ws_ros2/install/px4_msgs/include/px4_msgs/px4_msgs/msg/sensor_mag.hpp\n'}
[0.815085] (px4_msgs) StdoutLine: {'line': b'-- Up-to-date: /home/nicolas/ws_ros2/install/px4_msgs/include/px4_msgs/px4_msgs/msg/sensor_correction.hpp\n'}
[0.815116] (px4_msgs) StdoutLine: {'line': b'-- Up-to-date: /home/nicolas/ws_ros2/install/px4_msgs/include/px4_msgs/px4_msgs/msg/position_controller_status.hpp\n'}
[0.815147] (px4_msgs) StdoutLine: {'line': b'-- Up-to-date: /home/nicolas/ws_ros2/install/px4_msgs/include/px4_msgs/px4_msgs/msg/qshell_retval.hpp\n'}
[0.815178] (px4_msgs) StdoutLine: {'line': b'-- Up-to-date: /home/nicolas/ws_ros2/install/px4_msgs/include/px4_msgs/px4_msgs/msg/qshell_req.hpp\n'}
[0.815210] (px4_msgs) StdoutLine: {'line': b'-- Up-to-date: /home/nicolas/ws_ros2/install/px4_msgs/include/px4_msgs/px4_msgs/msg/vehicle_rates_setpoint.hpp\n'}
[0.815241] (px4_msgs) StdoutLine: {'line': b'-- Up-to-date: /home/nicolas/ws_ros2/install/px4_msgs/include/px4_msgs/px4_msgs/msg/takeoff_status.hpp\n'}
[0.815272] (px4_msgs) StdoutLine: {'line': b'-- Up-to-date: /home/nicolas/ws_ros2/install/px4_msgs/include/px4_msgs/px4_msgs/msg/open_drone_id_operator_id.hpp\n'}
[0.815304] (px4_msgs) StdoutLine: {'line': b'-- Up-to-date: /home/nicolas/ws_ros2/install/px4_msgs/include/px4_msgs/px4_msgs/msg/ulog_stream_ack.hpp\n'}
[0.815334] (px4_msgs) StdoutLine: {'line': b'-- Up-to-date: /home/nicolas/ws_ros2/install/px4_msgs/include/px4_msgs/px4_msgs/msg/collision_constraints.hpp\n'}
[0.815365] (px4_msgs) StdoutLine: {'line': b'-- Up-to-date: /home/nicolas/ws_ros2/install/px4_msgs/include/px4_msgs/px4_msgs/msg/position_controller_landing_status.hpp\n'}
[0.815396] (px4_msgs) StdoutLine: {'line': b'-- Up-to-date: /home/nicolas/ws_ros2/install/px4_msgs/include/px4_msgs/px4_msgs/msg/vehicle_command.hpp\n'}
[0.815427] (px4_msgs) StdoutLine: {'line': b'-- Up-to-date: /home/nicolas/ws_ros2/install/px4_msgs/include/px4_msgs/px4_msgs/msg/estimator_selector_status.hpp\n'}
[0.815461] (px4_msgs) StdoutLine: {'line': b'-- Up-to-date: /home/nicolas/ws_ros2/install/px4_msgs/include/px4_msgs/px4_msgs/msg/esc_status.hpp\n'}
[0.815512] (px4_msgs) StdoutLine: {'line': b'-- Up-to-date: /home/nicolas/ws_ros2/install/px4_msgs/include/px4_msgs/px4_msgs/msg/uavcan_parameter_value.hpp\n'}
[0.815552] (px4_msgs) StdoutLine: {'line': b'-- Up-to-date: /home/nicolas/ws_ros2/install/px4_msgs/include/px4_msgs/px4_msgs/msg/wheel_encoders.hpp\n'}
[0.815583] (px4_msgs) StdoutLine: {'line': b'-- Up-to-date: /home/nicolas/ws_ros2/install/px4_msgs/include/px4_msgs/px4_msgs/msg/magnetometer_bias_estimate.hpp\n'}
[0.815612] (px4_msgs) StdoutLine: {'line': b'-- Up-to-date: /home/nicolas/ws_ros2/install/px4_msgs/include/px4_msgs/px4_msgs/msg/rover_attitude_setpoint.hpp\n'}
[0.815641] (px4_msgs) StdoutLine: {'line': b'-- Up-to-date: /home/nicolas/ws_ros2/install/px4_msgs/include/px4_msgs/px4_msgs/msg/rosidl_generator_cpp__visibility_control.hpp\n'}
[0.815669] (px4_msgs) StdoutLine: {'line': b'-- Up-to-date: /home/nicolas/ws_ros2/install/px4_msgs/include/px4_msgs/px4_msgs/msg/register_ext_component_request.hpp\n'}
[0.815697] (px4_msgs) StdoutLine: {'line': b'-- Up-to-date: /home/nicolas/ws_ros2/install/px4_msgs/include/px4_msgs/px4_msgs/msg/ekf2_timestamps.hpp\n'}
[0.815725] (px4_msgs) StdoutLine: {'line': b'-- Up-to-date: /home/nicolas/ws_ros2/install/px4_msgs/include/px4_msgs/px4_msgs/msg/vehicle_local_position_setpoint.hpp\n'}
[0.815766] (px4_msgs) StdoutLine: {'line': b'-- Up-to-date: /home/nicolas/ws_ros2/install/px4_msgs/include/px4_msgs/px4_msgs/msg/failure_detector_status.hpp\n'}
[0.815795] (px4_msgs) StdoutLine: {'line': b'-- Up-to-date: /home/nicolas/ws_ros2/install/px4_msgs/include/px4_msgs/px4_msgs/msg/launch_detection_status.hpp\n'}
[0.815823] (px4_msgs) StdoutLine: {'line': b'-- Up-to-date: /home/nicolas/ws_ros2/install/px4_msgs/include/px4_msgs/px4_msgs/msg/differential_pressure.hpp\n'}
[0.815851] (px4_msgs) StdoutLine: {'line': b'-- Up-to-date: /home/nicolas/ws_ros2/install/px4_msgs/include/px4_msgs/px4_msgs/msg/sensor_accel_fifo.hpp\n'}
[0.815880] (px4_msgs) StdoutLine: {'line': b'-- Up-to-date: /home/nicolas/ws_ros2/install/px4_msgs/include/px4_msgs/px4_msgs/msg/actuator_controls_status.hpp\n'}
[0.815909] (px4_msgs) StdoutLine: {'line': b'-- Up-to-date: /home/nicolas/ws_ros2/install/px4_msgs/include/px4_msgs/px4_msgs/msg/estimator_status_flags.hpp\n'}
[0.815938] (px4_msgs) StdoutLine: {'line': b'-- Up-to-date: /home/nicolas/ws_ros2/install/px4_msgs/include/px4_msgs/px4_msgs/msg/irlock_report.hpp\n'}
[0.815967] (px4_msgs) StdoutLine: {'line': b'-- Up-to-date: /home/nicolas/ws_ros2/install/px4_msgs/include/px4_msgs/px4_msgs/msg/pps_capture.hpp\n'}
[0.815995] (px4_msgs) StdoutLine: {'line': b'-- Up-to-date: /home/nicolas/ws_ros2/install/px4_msgs/include/px4_msgs/px4_msgs/msg/camera_status.hpp\n'}
[0.816024] (px4_msgs) StdoutLine: {'line': b'-- Up-to-date: /home/nicolas/ws_ros2/install/px4_msgs/include/px4_msgs/px4_msgs/msg/manual_control_switches.hpp\n'}
[0.816052] (px4_msgs) StdoutLine: {'line': b'-- Up-to-date: /home/nicolas/ws_ros2/install/px4_msgs/include/px4_msgs/px4_msgs/msg/logger_status.hpp\n'}
[0.816080] (px4_msgs) StdoutLine: {'line': b'-- Up-to-date: /home/nicolas/ws_ros2/install/px4_msgs/include/px4_msgs/px4_msgs/msg/rover_speed_setpoint.hpp\n'}
[0.816114] (px4_msgs) StdoutLine: {'line': b'-- Up-to-date: /home/nicolas/ws_ros2/install/px4_msgs/include/px4_msgs/px4_msgs/msg/actuator_servos.hpp\n'}
[0.816145] (px4_msgs) StdoutLine: {'line': b'-- Up-to-date: /home/nicolas/ws_ros2/install/px4_msgs/include/px4_msgs/px4_msgs/msg/camera_capture.hpp\n'}
[0.816176] (px4_msgs) StdoutLine: {'line': b'-- Up-to-date: /home/nicolas/ws_ros2/install/px4_msgs/include/px4_msgs/px4_msgs/msg/config_overrides.hpp\n'}
[0.816207] (px4_msgs) StdoutLine: {'line': b'-- Up-to-date: /home/nicolas/ws_ros2/install/px4_msgs/include/px4_msgs/px4_msgs/msg/power_monitor.hpp\n'}
[0.816238] (px4_msgs) StdoutLine: {'line': b'-- Up-to-date: /home/nicolas/ws_ros2/install/px4_msgs/include/px4_msgs/px4_msgs/msg/arming_check_reply.hpp\n'}
[0.816268] (px4_msgs) StdoutLine: {'line': b'-- Up-to-date: /home/nicolas/ws_ros2/install/px4_msgs/include/px4_msgs/px4_msgs/msg/vehicle_status.hpp\n'}
[0.816300] (px4_msgs) StdoutLine: {'line': b'-- Up-to-date: /home/nicolas/ws_ros2/install/px4_msgs/include/px4_msgs/px4_msgs/msg/message_format_request.hpp\n'}
[0.816343] (px4_msgs) StdoutLine: {'line': b'-- Up-to-date: /home/nicolas/ws_ros2/install/px4_msgs/include/px4_msgs/px4_msgs/msg/mount_orientation.hpp\n'}
[0.816373] (px4_msgs) StdoutLine: {'line': b'-- Up-to-date: /home/nicolas/ws_ros2/install/px4_msgs/include/px4_msgs/px4_msgs/msg/vehicle_angular_acceleration_setpoint.hpp\n'}
[0.816401] (px4_msgs) StdoutLine: {'line': b'-- Up-to-date: /home/nicolas/ws_ros2/install/px4_msgs/include/px4_msgs/px4_msgs/msg/actuator_armed.hpp\n'}
[0.816430] (px4_msgs) StdoutLine: {'line': b'-- Up-to-date: /home/nicolas/ws_ros2/install/px4_msgs/include/px4_msgs/px4_msgs/msg/vehicle_imu_status.hpp\n'}
[0.816462] (px4_msgs) StdoutLine: {'line': b'-- Up-to-date: /home/nicolas/ws_ros2/install/px4_msgs/include/px4_msgs/px4_msgs/msg/fixed_wing_lateral_status.hpp\n'}
[0.816493] (px4_msgs) StdoutLine: {'line': b'-- Up-to-date: /home/nicolas/ws_ros2/install/px4_msgs/include/px4_msgs/px4_msgs/msg/onboard_computer_status.hpp\n'}
[0.816523] (px4_msgs) StdoutLine: {'line': b'-- Up-to-date: /home/nicolas/ws_ros2/install/px4_msgs/include/px4_msgs/px4_msgs/msg/estimator_event_flags.hpp\n'}
[0.816554] (px4_msgs) StdoutLine: {'line': b'-- Up-to-date: /home/nicolas/ws_ros2/install/px4_msgs/include/px4_msgs/px4_msgs/msg/estimator_aid_source1d.hpp\n'}
[0.816584] (px4_msgs) StdoutLine: {'line': b'-- Up-to-date: /home/nicolas/ws_ros2/install/px4_msgs/include/px4_msgs/px4_msgs/msg/vehicle_torque_setpoint.hpp\n'}
[0.816615] (px4_msgs) StdoutLine: {'line': b'-- Up-to-date: /home/nicolas/ws_ros2/install/px4_msgs/include/px4_msgs/px4_msgs/msg/estimator_gps_status.hpp\n'}
[0.816646] (px4_msgs) StdoutLine: {'line': b'-- Up-to-date: /home/nicolas/ws_ros2/install/px4_msgs/include/px4_msgs/px4_msgs/msg/follow_target_status.hpp\n'}
[0.816687] (px4_msgs) StdoutLine: {'line': b'-- Up-to-date: /home/nicolas/ws_ros2/install/px4_msgs/include/px4_msgs/px4_msgs/msg/heater_status.hpp\n'}
[0.816718] (px4_msgs) StdoutLine: {'line': b'-- Up-to-date: /home/nicolas/ws_ros2/install/px4_msgs/include/px4_msgs/px4_msgs/msg/gimbal_controls.hpp\n'}
[0.816749] (px4_msgs) StdoutLine: {'line': b'-- Up-to-date: /home/nicolas/ws_ros2/install/px4_msgs/include/px4_msgs/px4_msgs/msg/px4io_status.hpp\n'}
[0.816780] (px4_msgs) StdoutLine: {'line': b'-- Up-to-date: /home/nicolas/ws_ros2/install/px4_msgs/include/px4_msgs/px4_msgs/msg/landing_gear_wheel.hpp\n'}
[0.816811] (px4_msgs) StdoutLine: {'line': b'-- Up-to-date: /home/nicolas/ws_ros2/install/px4_msgs/include/px4_msgs/px4_msgs/msg/sensor_gyro_fifo.hpp\n'}
[0.816851] (px4_msgs) StdoutLine: {'line': b'-- Up-to-date: /home/nicolas/ws_ros2/install/px4_msgs/include/px4_msgs/px4_msgs/msg/sensor_optical_flow.hpp\n'}
[0.816880] (px4_msgs) StdoutLine: {'line': b'-- Up-to-date: /home/nicolas/ws_ros2/install/px4_msgs/include/px4_msgs/px4_msgs/msg/power_button_state.hpp\n'}
[0.816908] (px4_msgs) StdoutLine: {'line': b'-- Up-to-date: /home/nicolas/ws_ros2/install/px4_msgs/include/px4_msgs/px4_msgs/msg/wind.hpp\n'}
[0.816936] (px4_msgs) StdoutLine: {'line': b'-- Up-to-date: /home/nicolas/ws_ros2/install/px4_msgs/include/px4_msgs/px4_msgs/msg/actuator_motors.hpp\n'}
[0.816965] (px4_msgs) StdoutLine: {'line': b'-- Up-to-date: /home/nicolas/ws_ros2/install/px4_msgs/include/px4_msgs/px4_msgs/msg/dataman_response.hpp\n'}
[0.816994] (px4_msgs) StdoutLine: {'line': b'-- Up-to-date: /home/nicolas/ws_ros2/install/px4_msgs/include/px4_msgs/px4_msgs/msg/estimator_bias3d.hpp\n'}
[0.817023] (px4_msgs) StdoutLine: {'line': b'-- Up-to-date: /home/nicolas/ws_ros2/install/px4_msgs/include/px4_msgs/px4_msgs/msg/sensor_airflow.hpp\n'}
[0.817060] (px4_msgs) StdoutLine: {'line': b'-- Up-to-date: /home/nicolas/ws_ros2/install/px4_msgs/include/px4_msgs/px4_msgs/msg/rate_ctrl_status.hpp\n'}
[0.817089] (px4_msgs) StdoutLine: {'line': b'-- Up-to-date: /home/nicolas/ws_ros2/install/px4_msgs/include/px4_msgs/px4_msgs/msg/battery_info.hpp\n'}
[0.817121] (px4_msgs) StdoutLine: {'line': b'-- Up-to-date: /home/nicolas/ws_ros2/install/px4_msgs/include/px4_msgs/px4_msgs/msg/hover_thrust_estimate.hpp\n'}
[0.817151] (px4_msgs) StdoutLine: {'line': b'-- Up-to-date: /home/nicolas/ws_ros2/install/px4_msgs/include/px4_msgs/px4_msgs/msg/rpm.hpp\n'}
[0.817179] (px4_msgs) StdoutLine: {'line': b'-- Up-to-date: /home/nicolas/ws_ros2/install/px4_msgs/include/px4_msgs/px4_msgs/msg/gimbal_device_attitude_status.hpp\n'}
[0.817208] (px4_msgs) StdoutLine: {'line': b'-- Up-to-date: /home/nicolas/ws_ros2/install/px4_msgs/include/px4_msgs/px4_msgs/msg/vehicle_attitude_setpoint.hpp\n'}
[0.817236] (px4_msgs) StdoutLine: {'line': b'-- Up-to-date: /home/nicolas/ws_ros2/install/px4_msgs/include/px4_msgs/px4_msgs/msg/gimbal_device_set_attitude.hpp\n'}
[0.817267] (px4_msgs) StdoutLine: {'line': b'-- Up-to-date: /home/nicolas/ws_ros2/install/px4_msgs/include/px4_msgs/px4_msgs/msg/health_report.hpp\n'}
[0.817297] (px4_msgs) StdoutLine: {'line': b'-- Up-to-date: /home/nicolas/ws_ros2/install/px4_msgs/include/px4_msgs/px4_msgs/msg/vehicle_local_position.hpp\n'}
[0.817328] (px4_msgs) StdoutLine: {'line': b'-- Up-to-date: /home/nicolas/ws_ros2/install/px4_msgs/include/px4_msgs/px4_msgs/msg/vehicle_optical_flow.hpp\n'}
[0.817359] (px4_msgs) StdoutLine: {'line': b'-- Up-to-date: /home/nicolas/ws_ros2/install/px4_msgs/include/px4_msgs/px4_msgs/msg/estimator_states.hpp\n'}
[0.817389] (px4_msgs) StdoutLine: {'line': b'-- Up-to-date: /home/nicolas/ws_ros2/install/px4_msgs/include/px4_msgs/px4_msgs/msg/gpio_request.hpp\n'}
[0.817420] (px4_msgs) StdoutLine: {'line': b'-- Up-to-date: /home/nicolas/ws_ros2/install/px4_msgs/include/px4_msgs/px4_msgs/msg/tecs_status.hpp\n'}
[0.817453] (px4_msgs) StdoutLine: {'line': b'-- Up-to-date: /home/nicolas/ws_ros2/install/px4_msgs/include/px4_msgs/px4_msgs/msg/mission_result.hpp\n'}
[0.817487] (px4_msgs) StdoutLine: {'line': b'-- Up-to-date: /home/nicolas/ws_ros2/install/px4_msgs/include/px4_msgs/px4_msgs/msg/mission.hpp\n'}
[0.817518] (px4_msgs) StdoutLine: {'line': b'-- Up-to-date: /home/nicolas/ws_ros2/install/px4_msgs/include/px4_msgs/px4_msgs/msg/actuator_test.hpp\n'}
[0.817548] (px4_msgs) StdoutLine: {'line': b'-- Up-to-date: /home/nicolas/ws_ros2/install/px4_msgs/include/px4_msgs/px4_msgs/msg/control_allocator_status.hpp\n'}
[0.817579] (px4_msgs) StdoutLine: {'line': b'-- Up-to-date: /home/nicolas/ws_ros2/install/px4_msgs/include/px4_msgs/px4_msgs/msg/timesync_status.hpp\n'}
[0.817611] (px4_msgs) StdoutLine: {'line': b'-- Up-to-date: /home/nicolas/ws_ros2/install/px4_msgs/include/px4_msgs/px4_msgs/msg/esc_report.hpp\n'}
[0.817642] (px4_msgs) StdoutLine: {'line': b'-- Up-to-date: /home/nicolas/ws_ros2/install/px4_msgs/include/px4_msgs/px4_msgs/msg/message_format_response.hpp\n'}
[0.817673] (px4_msgs) StdoutLine: {'line': b'-- Up-to-date: /home/nicolas/ws_ros2/install/px4_msgs/include/px4_msgs/px4_msgs/msg/goto_setpoint.hpp\n'}
[0.817703] (px4_msgs) StdoutLine: {'line': b'-- Up-to-date: /home/nicolas/ws_ros2/install/px4_msgs/include/px4_msgs/px4_msgs/msg/geofence_result.hpp\n'}
[0.817734] (px4_msgs) StdoutLine: {'line': b'-- Up-to-date: /home/nicolas/ws_ros2/install/px4_msgs/include/px4_msgs/px4_msgs/msg/orb_test.hpp\n'}
[0.817765] (px4_msgs) StdoutLine: {'line': b'-- Up-to-date: /home/nicolas/ws_ros2/install/px4_msgs/include/px4_msgs/px4_msgs/msg/open_drone_id_self_id.hpp\n'}
[0.817795] (px4_msgs) StdoutLine: {'line': b'-- Up-to-date: /home/nicolas/ws_ros2/install/px4_msgs/include/px4_msgs/px4_msgs/msg/landing_gear.hpp\n'}
[0.817827] (px4_msgs) StdoutLine: {'line': b'-- Up-to-date: /home/nicolas/ws_ros2/install/px4_msgs/include/px4_msgs/px4_msgs/msg/vehicle_air_data.hpp\n'}
[0.817858] (px4_msgs) StdoutLine: {'line': b'-- Up-to-date: /home/nicolas/ws_ros2/install/px4_msgs/include/px4_msgs/px4_msgs/msg/ulog_stream.hpp\n'}
[0.817907] (px4_msgs) StdoutLine: {'line': b'-- Up-to-date: /home/nicolas/ws_ros2/install/px4_msgs/include/px4_msgs/px4_msgs/msg/vehicle_constraints.hpp\n'}
[0.817936] (px4_msgs) StdoutLine: {'line': b'-- Up-to-date: /home/nicolas/ws_ros2/install/px4_msgs/include/px4_msgs/px4_msgs/msg/sensor_uwb.hpp\n'}
[0.817963] (px4_msgs) StdoutLine: {'line': b'-- Up-to-date: /home/nicolas/ws_ros2/install/px4_msgs/include/px4_msgs/px4_msgs\n'}
[0.817997] (px4_msgs) StdoutLine: {'line': b'-- Up-to-date: /home/nicolas/ws_ros2/install/px4_msgs/include/px4_msgs/px4_msgs/srv\n'}
[0.818026] (px4_msgs) StdoutLine: {'line': b'-- Up-to-date: /home/nicolas/ws_ros2/install/px4_msgs/include/px4_msgs/px4_msgs/srv/detail\n'}
[0.818058] (px4_msgs) StdoutLine: {'line': b'-- Up-to-date: /home/nicolas/ws_ros2/install/px4_msgs/include/px4_msgs/px4_msgs/srv/detail/vehicle_command__rosidl_typesupport_fastrtps_cpp.hpp\n'}
[0.818090] (px4_msgs) StdoutLine: {'line': b'-- Up-to-date: /home/nicolas/ws_ros2/install/px4_msgs/include/px4_msgs/px4_msgs/srv/detail/dds_fastrtps\n'}
[0.818121] (px4_msgs) StdoutLine: {'line': b'-- Up-to-date: /home/nicolas/ws_ros2/install/px4_msgs/include/px4_msgs/px4_msgs/msg\n'}
[0.818152] (px4_msgs) StdoutLine: {'line': b'-- Up-to-date: /home/nicolas/ws_ros2/install/px4_msgs/include/px4_msgs/px4_msgs/msg/detail\n'}
[0.818183] (px4_msgs) StdoutLine: {'line': b'-- Up-to-date: /home/nicolas/ws_ros2/install/px4_msgs/include/px4_msgs/px4_msgs/msg/detail/failure_detector_status__rosidl_typesupport_fastrtps_cpp.hpp\n'}
[0.818214] (px4_msgs) StdoutLine: {'line': b'-- Up-to-date: /home/nicolas/ws_ros2/install/px4_msgs/include/px4_msgs/px4_msgs/msg/detail/iridiumsbd_status__rosidl_typesupport_fastrtps_cpp.hpp\n'}
[0.818245] (px4_msgs) StdoutLine: {'line': b'-- Up-to-date: /home/nicolas/ws_ros2/install/px4_msgs/include/px4_msgs/px4_msgs/msg/detail/sensor_gps__rosidl_typesupport_fastrtps_cpp.hpp\n'}
[0.818275] (px4_msgs) StdoutLine: {'line': b'-- Up-to-date: /home/nicolas/ws_ros2/install/px4_msgs/include/px4_msgs/px4_msgs/msg/detail/autotune_attitude_control_status__rosidl_typesupport_fastrtps_cpp.hpp\n'}
[0.818307] (px4_msgs) StdoutLine: {'line': b'-- Up-to-date: /home/nicolas/ws_ros2/install/px4_msgs/include/px4_msgs/px4_msgs/msg/detail/vehicle_angular_acceleration_setpoint__rosidl_typesupport_fastrtps_cpp.hpp\n'}
[0.818338] (px4_msgs) StdoutLine: {'line': b'-- Up-to-date: /home/nicolas/ws_ros2/install/px4_msgs/include/px4_msgs/px4_msgs/msg/detail/airspeed_wind__rosidl_typesupport_fastrtps_cpp.hpp\n'}
[0.818370] (px4_msgs) StdoutLine: {'line': b'-- Up-to-date: /home/nicolas/ws_ros2/install/px4_msgs/include/px4_msgs/px4_msgs/msg/detail/longitudinal_control_configuration__rosidl_typesupport_fastrtps_cpp.hpp\n'}
[0.818401] (px4_msgs) StdoutLine: {'line': b'-- Up-to-date: /home/nicolas/ws_ros2/install/px4_msgs/include/px4_msgs/px4_msgs/msg/detail/gpio_request__rosidl_typesupport_fastrtps_cpp.hpp\n'}
[0.818432] (px4_msgs) StdoutLine: {'line': b'-- Up-to-date: /home/nicolas/ws_ros2/install/px4_msgs/include/px4_msgs/px4_msgs/msg/detail/task_stack_info__rosidl_typesupport_fastrtps_cpp.hpp\n'}
[0.818467] (px4_msgs) StdoutLine: {'line': b'-- Up-to-date: /home/nicolas/ws_ros2/install/px4_msgs/include/px4_msgs/px4_msgs/msg/detail/mount_orientation__rosidl_typesupport_fastrtps_cpp.hpp\n'}
[0.818499] (px4_msgs) StdoutLine: {'line': b'-- Up-to-date: /home/nicolas/ws_ros2/install/px4_msgs/include/px4_msgs/px4_msgs/msg/detail/sensor_uwb__rosidl_typesupport_fastrtps_cpp.hpp\n'}
[0.818530] (px4_msgs) StdoutLine: {'line': b'-- Up-to-date: /home/nicolas/ws_ros2/install/px4_msgs/include/px4_msgs/px4_msgs/msg/detail/register_ext_component_request__rosidl_typesupport_fastrtps_cpp.hpp\n'}
[0.818561] (px4_msgs) StdoutLine: {'line': b'-- Up-to-date: /home/nicolas/ws_ros2/install/px4_msgs/include/px4_msgs/px4_msgs/msg/detail/vehicle_odometry__rosidl_typesupport_fastrtps_cpp.hpp\n'}
[0.818592] (px4_msgs) StdoutLine: {'line': b'-- Up-to-date: /home/nicolas/ws_ros2/install/px4_msgs/include/px4_msgs/px4_msgs/msg/detail/rpm__rosidl_typesupport_fastrtps_cpp.hpp\n'}
[0.818623] (px4_msgs) StdoutLine: {'line': b'-- Up-to-date: /home/nicolas/ws_ros2/install/px4_msgs/include/px4_msgs/px4_msgs/msg/detail/adc_report__rosidl_typesupport_fastrtps_cpp.hpp\n'}
[0.818655] (px4_msgs) StdoutLine: {'line': b'-- Up-to-date: /home/nicolas/ws_ros2/install/px4_msgs/include/px4_msgs/px4_msgs/msg/detail/button_event__rosidl_typesupport_fastrtps_cpp.hpp\n'}
[0.818703] (px4_msgs) StdoutLine: {'line': b'-- Up-to-date: /home/nicolas/ws_ros2/install/px4_msgs/include/px4_msgs/px4_msgs/msg/detail/position_setpoint_triplet__rosidl_typesupport_fastrtps_cpp.hpp\n'}
[0.818734] (px4_msgs) StdoutLine: {'line': b'-- Up-to-date: /home/nicolas/ws_ros2/install/px4_msgs/include/px4_msgs/px4_msgs/msg/detail/sensors_status__rosidl_typesupport_fastrtps_cpp.hpp\n'}
[0.818763] (px4_msgs) StdoutLine: {'line': b'-- Up-to-date: /home/nicolas/ws_ros2/install/px4_msgs/include/px4_msgs/px4_msgs/msg/detail/vehicle_land_detected__rosidl_typesupport_fastrtps_cpp.hpp\n'}
[0.818792] (px4_msgs) StdoutLine: {'line': b'-- Up-to-date: /home/nicolas/ws_ros2/install/px4_msgs/include/px4_msgs/px4_msgs/msg/detail/rover_speed_setpoint__rosidl_typesupport_fastrtps_cpp.hpp\n'}
[0.818821] (px4_msgs) StdoutLine: {'line': b'-- Up-to-date: /home/nicolas/ws_ros2/install/px4_msgs/include/px4_msgs/px4_msgs/msg/detail/vehicle_air_data__rosidl_typesupport_fastrtps_cpp.hpp\n'}
[0.818849] (px4_msgs) StdoutLine: {'line': b'-- Up-to-date: /home/nicolas/ws_ros2/install/px4_msgs/include/px4_msgs/px4_msgs/msg/detail/power_button_state__rosidl_typesupport_fastrtps_cpp.hpp\n'}
[0.818886] (px4_msgs) StdoutLine: {'line': b'-- Up-to-date: /home/nicolas/ws_ros2/install/px4_msgs/include/px4_msgs/px4_msgs/msg/detail/trajectory_setpoint__rosidl_typesupport_fastrtps_cpp.hpp\n'}
[0.818915] (px4_msgs) StdoutLine: {'line': b'-- Up-to-date: /home/nicolas/ws_ros2/install/px4_msgs/include/px4_msgs/px4_msgs/msg/detail/gpio_out__rosidl_typesupport_fastrtps_cpp.hpp\n'}
[0.818944] (px4_msgs) StdoutLine: {'line': b'-- Up-to-date: /home/nicolas/ws_ros2/install/px4_msgs/include/px4_msgs/px4_msgs/msg/detail/fixed_wing_lateral_guidance_status__rosidl_typesupport_fastrtps_cpp.hpp\n'}
[0.818972] (px4_msgs) StdoutLine: {'line': b'-- Up-to-date: /home/nicolas/ws_ros2/install/px4_msgs/include/px4_msgs/px4_msgs/msg/detail/fixed_wing_longitudinal_setpoint__rosidl_typesupport_fastrtps_cpp.hpp\n'}
[0.819001] (px4_msgs) StdoutLine: {'line': b'-- Up-to-date: /home/nicolas/ws_ros2/install/px4_msgs/include/px4_msgs/px4_msgs/msg/detail/led_control__rosidl_typesupport_fastrtps_cpp.hpp\n'}
[0.819056] (px4_msgs) StdoutLine: {'line': b'-- Up-to-date: /home/nicolas/ws_ros2/install/px4_msgs/include/px4_msgs/px4_msgs/msg/detail/px4io_status__rosidl_typesupport_fastrtps_cpp.hpp\n'}
[0.819085] (px4_msgs) StdoutLine: {'line': b'-- Up-to-date: /home/nicolas/ws_ros2/install/px4_msgs/include/px4_msgs/px4_msgs/msg/detail/system_power__rosidl_typesupport_fastrtps_cpp.hpp\n'}
[0.819114] (px4_msgs) StdoutLine: {'line': b'-- Up-to-date: /home/nicolas/ws_ros2/install/px4_msgs/include/px4_msgs/px4_msgs/msg/detail/sensor_hygrometer__rosidl_typesupport_fastrtps_cpp.hpp\n'}
[0.819144] (px4_msgs) StdoutLine: {'line': b'-- Up-to-date: /home/nicolas/ws_ros2/install/px4_msgs/include/px4_msgs/px4_msgs/msg/detail/vehicle_local_position_setpoint__rosidl_typesupport_fastrtps_cpp.hpp\n'}
[0.819172] (px4_msgs) StdoutLine: {'line': b'-- Up-to-date: /home/nicolas/ws_ros2/install/px4_msgs/include/px4_msgs/px4_msgs/msg/detail/orbit_status__rosidl_typesupport_fastrtps_cpp.hpp\n'}
[0.819201] (px4_msgs) StdoutLine: {'line': b'-- Up-to-date: /home/nicolas/ws_ros2/install/px4_msgs/include/px4_msgs/px4_msgs/msg/detail/gimbal_manager_set_manual_control__rosidl_typesupport_fastrtps_cpp.hpp\n'}
[0.819230] (px4_msgs) StdoutLine: {'line': b'-- Up-to-date: /home/nicolas/ws_ros2/install/px4_msgs/include/px4_msgs/px4_msgs/msg/detail/uavcan_parameter_value__rosidl_typesupport_fastrtps_cpp.hpp\n'}
[0.819259] (px4_msgs) StdoutLine: {'line': b'-- Up-to-date: /home/nicolas/ws_ros2/install/px4_msgs/include/px4_msgs/px4_msgs/msg/detail/geofence_status__rosidl_typesupport_fastrtps_cpp.hpp\n'}
[0.819287] (px4_msgs) StdoutLine: {'line': b'-- Up-to-date: /home/nicolas/ws_ros2/install/px4_msgs/include/px4_msgs/px4_msgs/msg/detail/camera_trigger__rosidl_typesupport_fastrtps_cpp.hpp\n'}
[0.819316] (px4_msgs) StdoutLine: {'line': b'-- Up-to-date: /home/nicolas/ws_ros2/install/px4_msgs/include/px4_msgs/px4_msgs/msg/detail/sensor_gyro__rosidl_typesupport_fastrtps_cpp.hpp\n'}
[0.819346] (px4_msgs) StdoutLine: {'line': b'-- Up-to-date: /home/nicolas/ws_ros2/install/px4_msgs/include/px4_msgs/px4_msgs/msg/detail/vehicle_local_position__rosidl_typesupport_fastrtps_cpp.hpp\n'}
[0.819378] (px4_msgs) StdoutLine: {'line': b'-- Up-to-date: /home/nicolas/ws_ros2/install/px4_msgs/include/px4_msgs/px4_msgs/msg/detail/estimator_states__rosidl_typesupport_fastrtps_cpp.hpp\n'}
[0.819418] (px4_msgs) StdoutLine: {'line': b'-- Up-to-date: /home/nicolas/ws_ros2/install/px4_msgs/include/px4_msgs/px4_msgs/msg/detail/generator_status__rosidl_typesupport_fastrtps_cpp.hpp\n'}
[0.819451] (px4_msgs) StdoutLine: {'line': b'-- Up-to-date: /home/nicolas/ws_ros2/install/px4_msgs/include/px4_msgs/px4_msgs/msg/detail/estimator_aid_source3d__rosidl_typesupport_fastrtps_cpp.hpp\n'}
[0.819485] (px4_msgs) StdoutLine: {'line': b'-- Up-to-date: /home/nicolas/ws_ros2/install/px4_msgs/include/px4_msgs/px4_msgs/msg/detail/gpio_in__rosidl_typesupport_fastrtps_cpp.hpp\n'}
[0.819517] (px4_msgs) StdoutLine: {'line': b'-- Up-to-date: /home/nicolas/ws_ros2/install/px4_msgs/include/px4_msgs/px4_msgs/msg/detail/estimator_status_flags__rosidl_typesupport_fastrtps_cpp.hpp\n'}
[0.819548] (px4_msgs) StdoutLine: {'line': b'-- Up-to-date: /home/nicolas/ws_ros2/install/px4_msgs/include/px4_msgs/px4_msgs/msg/detail/estimator_bias3d__rosidl_typesupport_fastrtps_cpp.hpp\n'}
[0.819578] (px4_msgs) StdoutLine: {'line': b'-- Up-to-date: /home/nicolas/ws_ros2/install/px4_msgs/include/px4_msgs/px4_msgs/msg/detail/ulog_stream__rosidl_typesupport_fastrtps_cpp.hpp\n'}
[0.819608] (px4_msgs) StdoutLine: {'line': b'-- Up-to-date: /home/nicolas/ws_ros2/install/px4_msgs/include/px4_msgs/px4_msgs/msg/detail/sensors_status_imu__rosidl_typesupport_fastrtps_cpp.hpp\n'}
[0.819647] (px4_msgs) StdoutLine: {'line': b'-- Up-to-date: /home/nicolas/ws_ros2/install/px4_msgs/include/px4_msgs/px4_msgs/msg/detail/rover_steering_setpoint__rosidl_typesupport_fastrtps_cpp.hpp\n'}
[0.819675] (px4_msgs) StdoutLine: {'line': b'-- Up-to-date: /home/nicolas/ws_ros2/install/px4_msgs/include/px4_msgs/px4_msgs/msg/detail/logger_status__rosidl_typesupport_fastrtps_cpp.hpp\n'}
[0.819706] (px4_msgs) StdoutLine: {'line': b'-- Up-to-date: /home/nicolas/ws_ros2/install/px4_msgs/include/px4_msgs/px4_msgs/msg/detail/failsafe_flags__rosidl_typesupport_fastrtps_cpp.hpp\n'}
[0.819735] (px4_msgs) StdoutLine: {'line': b'-- Up-to-date: /home/nicolas/ws_ros2/install/px4_msgs/include/px4_msgs/px4_msgs/msg/detail/lateral_control_configuration__rosidl_typesupport_fastrtps_cpp.hpp\n'}
[0.819776] (px4_msgs) StdoutLine: {'line': b'-- Up-to-date: /home/nicolas/ws_ros2/install/px4_msgs/include/px4_msgs/px4_msgs/msg/detail/estimator_gps_status__rosidl_typesupport_fastrtps_cpp.hpp\n'}
[0.819805] (px4_msgs) StdoutLine: {'line': b'-- Up-to-date: /home/nicolas/ws_ros2/install/px4_msgs/include/px4_msgs/px4_msgs/msg/detail/rc_parameter_map__rosidl_typesupport_fastrtps_cpp.hpp\n'}
[0.819833] (px4_msgs) StdoutLine: {'line': b'-- Up-to-date: /home/nicolas/ws_ros2/install/px4_msgs/include/px4_msgs/px4_msgs/msg/detail/gps_inject_data__rosidl_typesupport_fastrtps_cpp.hpp\n'}
[0.819862] (px4_msgs) StdoutLine: {'line': b'-- Up-to-date: /home/nicolas/ws_ros2/install/px4_msgs/include/px4_msgs/px4_msgs/msg/detail/vehicle_imu__rosidl_typesupport_fastrtps_cpp.hpp\n'}
[0.819890] (px4_msgs) StdoutLine: {'line': b'-- Up-to-date: /home/nicolas/ws_ros2/install/px4_msgs/include/px4_msgs/px4_msgs/msg/detail/sensor_correction__rosidl_typesupport_fastrtps_cpp.hpp\n'}
[0.819918] (px4_msgs) StdoutLine: {'line': b'-- Up-to-date: /home/nicolas/ws_ros2/install/px4_msgs/include/px4_msgs/px4_msgs/msg/detail/sensor_selection__rosidl_typesupport_fastrtps_cpp.hpp\n'}
[0.819946] (px4_msgs) StdoutLine: {'line': b'-- Up-to-date: /home/nicolas/ws_ros2/install/px4_msgs/include/px4_msgs/px4_msgs/msg/detail/actuator_servos_trim__rosidl_typesupport_fastrtps_cpp.hpp\n'}
[0.819974] (px4_msgs) StdoutLine: {'line': b'-- Up-to-date: /home/nicolas/ws_ros2/install/px4_msgs/include/px4_msgs/px4_msgs/msg/detail/heater_status__rosidl_typesupport_fastrtps_cpp.hpp\n'}
[0.820004] (px4_msgs) StdoutLine: {'line': b'-- Up-to-date: /home/nicolas/ws_ros2/install/px4_msgs/include/px4_msgs/px4_msgs/msg/detail/sensor_gyro_fft__rosidl_typesupport_fastrtps_cpp.hpp\n'}
[0.820032] (px4_msgs) StdoutLine: {'line': b'-- Up-to-date: /home/nicolas/ws_ros2/install/px4_msgs/include/px4_msgs/px4_msgs/msg/detail/landing_gear_wheel__rosidl_typesupport_fastrtps_cpp.hpp\n'}
[0.820060] (px4_msgs) StdoutLine: {'line': b'-- Up-to-date: /home/nicolas/ws_ros2/install/px4_msgs/include/px4_msgs/px4_msgs/msg/detail/internal_combustion_engine_status__rosidl_typesupport_fastrtps_cpp.hpp\n'}
[0.820087] (px4_msgs) StdoutLine: {'line': b'-- Up-to-date: /home/nicolas/ws_ros2/install/px4_msgs/include/px4_msgs/px4_msgs/msg/detail/vehicle_command__rosidl_typesupport_fastrtps_cpp.hpp\n'}
[0.820119] (px4_msgs) StdoutLine: {'line': b'-- Up-to-date: /home/nicolas/ws_ros2/install/px4_msgs/include/px4_msgs/px4_msgs/msg/detail/follow_target__rosidl_typesupport_fastrtps_cpp.hpp\n'}
[0.820149] (px4_msgs) StdoutLine: {'line': b'-- Up-to-date: /home/nicolas/ws_ros2/install/px4_msgs/include/px4_msgs/px4_msgs/msg/detail/vehicle_acceleration__rosidl_typesupport_fastrtps_cpp.hpp\n'}
[0.820179] (px4_msgs) StdoutLine: {'line': b'-- Up-to-date: /home/nicolas/ws_ros2/install/px4_msgs/include/px4_msgs/px4_msgs/msg/detail/ekf2_timestamps__rosidl_typesupport_fastrtps_cpp.hpp\n'}
[0.820210] (px4_msgs) StdoutLine: {'line': b'-- Up-to-date: /home/nicolas/ws_ros2/install/px4_msgs/include/px4_msgs/px4_msgs/msg/detail/trajectory_setpoint6dof__rosidl_typesupport_fastrtps_cpp.hpp\n'}
[0.820241] (px4_msgs) StdoutLine: {'line': b'-- Up-to-date: /home/nicolas/ws_ros2/install/px4_msgs/include/px4_msgs/px4_msgs/msg/detail/sensor_preflight_mag__rosidl_typesupport_fastrtps_cpp.hpp\n'}
[0.820271] (px4_msgs) StdoutLine: {'line': b'-- Up-to-date: /home/nicolas/ws_ros2/install/px4_msgs/include/px4_msgs/px4_msgs/msg/detail/estimator_innovations__rosidl_typesupport_fastrtps_cpp.hpp\n'}
[0.820302] (px4_msgs) StdoutLine: {'line': b'-- Up-to-date: /home/nicolas/ws_ros2/install/px4_msgs/include/px4_msgs/px4_msgs/msg/detail/timesync_status__rosidl_typesupport_fastrtps_cpp.hpp\n'}
[0.820331] (px4_msgs) StdoutLine: {'line': b'-- Up-to-date: /home/nicolas/ws_ros2/install/px4_msgs/include/px4_msgs/px4_msgs/msg/detail/wheel_encoders__rosidl_typesupport_fastrtps_cpp.hpp\n'}
[0.820362] (px4_msgs) StdoutLine: {'line': b'-- Up-to-date: /home/nicolas/ws_ros2/install/px4_msgs/include/px4_msgs/px4_msgs/msg/detail/tune_control__rosidl_typesupport_fastrtps_cpp.hpp\n'}
[0.820392] (px4_msgs) StdoutLine: {'line': b'-- Up-to-date: /home/nicolas/ws_ros2/install/px4_msgs/include/px4_msgs/px4_msgs/msg/detail/follow_target_estimator__rosidl_typesupport_fastrtps_cpp.hpp\n'}
[0.820423] (px4_msgs) StdoutLine: {'line': b'-- Up-to-date: /home/nicolas/ws_ros2/install/px4_msgs/include/px4_msgs/px4_msgs/msg/detail/camera_capture__rosidl_typesupport_fastrtps_cpp.hpp\n'}
[0.820457] (px4_msgs) StdoutLine: {'line': b'-- Up-to-date: /home/nicolas/ws_ros2/install/px4_msgs/include/px4_msgs/px4_msgs/msg/detail/mavlink_log__rosidl_typesupport_fastrtps_cpp.hpp\n'}
[0.820493] (px4_msgs) StdoutLine: {'line': b'-- Up-to-date: /home/nicolas/ws_ros2/install/px4_msgs/include/px4_msgs/px4_msgs/msg/detail/gimbal_manager_status__rosidl_typesupport_fastrtps_cpp.hpp\n'}
[0.820541] (px4_msgs) StdoutLine: {'line': b'-- Up-to-date: /home/nicolas/ws_ros2/install/px4_msgs/include/px4_msgs/px4_msgs/msg/detail/estimator_aid_source1d__rosidl_typesupport_fastrtps_cpp.hpp\n'}
[0.820572] (px4_msgs) StdoutLine: {'line': b'-- Up-to-date: /home/nicolas/ws_ros2/install/px4_msgs/include/px4_msgs/px4_msgs/msg/detail/debug_value__rosidl_typesupport_fastrtps_cpp.hpp\n'}
[0.820600] (px4_msgs) StdoutLine: {'line': b'-- Up-to-date: /home/nicolas/ws_ros2/install/px4_msgs/include/px4_msgs/px4_msgs/msg/detail/orb_test_medium__rosidl_typesupport_fastrtps_cpp.hpp\n'}
[0.820634] (px4_msgs) StdoutLine: {'line': b'-- Up-to-date: /home/nicolas/ws_ros2/install/px4_msgs/include/px4_msgs/px4_msgs/msg/detail/onboard_computer_status__rosidl_typesupport_fastrtps_cpp.hpp\n'}
[0.820665] (px4_msgs) StdoutLine: {'line': b'-- Up-to-date: /home/nicolas/ws_ros2/install/px4_msgs/include/px4_msgs/px4_msgs/msg/detail/cellular_status__rosidl_typesupport_fastrtps_cpp.hpp\n'}
[0.820693] (px4_msgs) StdoutLine: {'line': b'-- Up-to-date: /home/nicolas/ws_ros2/install/px4_msgs/include/px4_msgs/px4_msgs/msg/detail/dds_fastrtps\n'}
[0.820724] (px4_msgs) StdoutLine: {'line': b'-- Up-to-date: /home/nicolas/ws_ros2/install/px4_msgs/include/px4_msgs/px4_msgs/msg/detail/vtol_vehicle_status__rosidl_typesupport_fastrtps_cpp.hpp\n'}
[0.820754] (px4_msgs) StdoutLine: {'line': b'-- Up-to-date: /home/nicolas/ws_ros2/install/px4_msgs/include/px4_msgs/px4_msgs/msg/detail/gimbal_device_attitude_status__rosidl_typesupport_fastrtps_cpp.hpp\n'}
[0.820785] (px4_msgs) StdoutLine: {'line': b'-- Up-to-date: /home/nicolas/ws_ros2/install/px4_msgs/include/px4_msgs/px4_msgs/msg/detail/vehicle_optical_flow__rosidl_typesupport_fastrtps_cpp.hpp\n'}
[0.820816] (px4_msgs) StdoutLine: {'line': b'-- Up-to-date: /home/nicolas/ws_ros2/install/px4_msgs/include/px4_msgs/px4_msgs/msg/detail/control_allocator_status__rosidl_typesupport_fastrtps_cpp.hpp\n'}
[0.820846] (px4_msgs) StdoutLine: {'line': b'-- Up-to-date: /home/nicolas/ws_ros2/install/px4_msgs/include/px4_msgs/px4_msgs/msg/detail/landing_target_innovations__rosidl_typesupport_fastrtps_cpp.hpp\n'}
[0.820877] (px4_msgs) StdoutLine: {'line': b'-- Up-to-date: /home/nicolas/ws_ros2/install/px4_msgs/include/px4_msgs/px4_msgs/msg/detail/position_controller_landing_status__rosidl_typesupport_fastrtps_cpp.hpp\n'}
[0.820907] (px4_msgs) StdoutLine: {'line': b'-- Up-to-date: /home/nicolas/ws_ros2/install/px4_msgs/include/px4_msgs/px4_msgs/msg/detail/pps_capture__rosidl_typesupport_fastrtps_cpp.hpp\n'}
[0.820938] (px4_msgs) StdoutLine: {'line': b'-- Up-to-date: /home/nicolas/ws_ros2/install/px4_msgs/include/px4_msgs/px4_msgs/msg/detail/follow_target_status__rosidl_typesupport_fastrtps_cpp.hpp\n'}
[0.820968] (px4_msgs) StdoutLine: {'line': b'-- Up-to-date: /home/nicolas/ws_ros2/install/px4_msgs/include/px4_msgs/px4_msgs/msg/detail/rover_position_setpoint__rosidl_typesupport_fastrtps_cpp.hpp\n'}
[0.820998] (px4_msgs) StdoutLine: {'line': b'-- Up-to-date: /home/nicolas/ws_ros2/install/px4_msgs/include/px4_msgs/px4_msgs/msg/detail/sensor_accel_fifo__rosidl_typesupport_fastrtps_cpp.hpp\n'}
[0.821028] (px4_msgs) StdoutLine: {'line': b'-- Up-to-date: /home/nicolas/ws_ros2/install/px4_msgs/include/px4_msgs/px4_msgs/msg/detail/input_rc__rosidl_typesupport_fastrtps_cpp.hpp\n'}
[0.821058] (px4_msgs) StdoutLine: {'line': b'-- Up-to-date: /home/nicolas/ws_ros2/install/px4_msgs/include/px4_msgs/px4_msgs/msg/detail/register_ext_component_reply__rosidl_typesupport_fastrtps_cpp.hpp\n'}
[0.821089] (px4_msgs) StdoutLine: {'line': b'-- Up-to-date: /home/nicolas/ws_ros2/install/px4_msgs/include/px4_msgs/px4_msgs/msg/detail/position_setpoint__rosidl_typesupport_fastrtps_cpp.hpp\n'}
[0.821133] (px4_msgs) StdoutLine: {'line': b'-- Up-to-date: /home/nicolas/ws_ros2/install/px4_msgs/include/px4_msgs/px4_msgs/msg/detail/rover_rate_setpoint__rosidl_typesupport_fastrtps_cpp.hpp\n'}
[0.821161] (px4_msgs) StdoutLine: {'line': b'-- Up-to-date: /home/nicolas/ws_ros2/install/px4_msgs/include/px4_msgs/px4_msgs/msg/detail/rtl_time_estimate__rosidl_typesupport_fastrtps_cpp.hpp\n'}
[0.821190] (px4_msgs) StdoutLine: {'line': b'-- Up-to-date: /home/nicolas/ws_ros2/install/px4_msgs/include/px4_msgs/px4_msgs/msg/detail/transponder_report__rosidl_typesupport_fastrtps_cpp.hpp\n'}
[0.821218] (px4_msgs) StdoutLine: {'line': b'-- Up-to-date: /home/nicolas/ws_ros2/install/px4_msgs/include/px4_msgs/px4_msgs/msg/detail/offboard_control_mode__rosidl_typesupport_fastrtps_cpp.hpp\n'}
[0.821248] (px4_msgs) StdoutLine: {'line': b'-- Up-to-date: /home/nicolas/ws_ros2/install/px4_msgs/include/px4_msgs/px4_msgs/msg/detail/orb_test__rosidl_typesupport_fastrtps_cpp.hpp\n'}
[0.821278] (px4_msgs) StdoutLine: {'line': b'-- Up-to-date: /home/nicolas/ws_ros2/install/px4_msgs/include/px4_msgs/px4_msgs/msg/detail/launch_detection_status__rosidl_typesupport_fastrtps_cpp.hpp\n'}
[0.821318] (px4_msgs) StdoutLine: {'line': b'-- Up-to-date: /home/nicolas/ws_ros2/install/px4_msgs/include/px4_msgs/px4_msgs/msg/detail/can_interface_status__rosidl_typesupport_fastrtps_cpp.hpp\n'}
[0.821349] (px4_msgs) StdoutLine: {'line': b'-- Up-to-date: /home/nicolas/ws_ros2/install/px4_msgs/include/px4_msgs/px4_msgs/msg/detail/uavcan_parameter_request__rosidl_typesupport_fastrtps_cpp.hpp\n'}
[0.821377] (px4_msgs) StdoutLine: {'line': b'-- Up-to-date: /home/nicolas/ws_ros2/install/px4_msgs/include/px4_msgs/px4_msgs/msg/detail/pure_pursuit_status__rosidl_typesupport_fastrtps_cpp.hpp\n'}
[0.821405] (px4_msgs) StdoutLine: {'line': b'-- Up-to-date: /home/nicolas/ws_ros2/install/px4_msgs/include/px4_msgs/px4_msgs/msg/detail/irlock_report__rosidl_typesupport_fastrtps_cpp.hpp\n'}
[0.821433] (px4_msgs) StdoutLine: {'line': b'-- Up-to-date: /home/nicolas/ws_ros2/install/px4_msgs/include/px4_msgs/px4_msgs/msg/detail/flight_phase_estimation__rosidl_typesupport_fastrtps_cpp.hpp\n'}
[0.821469] (px4_msgs) StdoutLine: {'line': b'-- Up-to-date: /home/nicolas/ws_ros2/install/px4_msgs/include/px4_msgs/px4_msgs/msg/detail/esc_status__rosidl_typesupport_fastrtps_cpp.hpp\n'}
[0.821512] (px4_msgs) StdoutLine: {'line': b'-- Up-to-date: /home/nicolas/ws_ros2/install/px4_msgs/include/px4_msgs/px4_msgs/msg/detail/event__rosidl_typesupport_fastrtps_cpp.hpp\n'}
[0.821541] (px4_msgs) StdoutLine: {'line': b'-- Up-to-date: /home/nicolas/ws_ros2/install/px4_msgs/include/px4_msgs/px4_msgs/msg/detail/rover_rate_status__rosidl_typesupport_fastrtps_cpp.hpp\n'}
[0.821569] (px4_msgs) StdoutLine: {'line': b'-- Up-to-date: /home/nicolas/ws_ros2/install/px4_msgs/include/px4_msgs/px4_msgs/msg/detail/manual_control_switches__rosidl_typesupport_fastrtps_cpp.hpp\n'}
[0.821597] (px4_msgs) StdoutLine: {'line': b'-- Up-to-date: /home/nicolas/ws_ros2/install/px4_msgs/include/px4_msgs/px4_msgs/msg/detail/estimator_sensor_bias__rosidl_typesupport_fastrtps_cpp.hpp\n'}
[0.821627] (px4_msgs) StdoutLine: {'line': b'-- Up-to-date: /home/nicolas/ws_ros2/install/px4_msgs/include/px4_msgs/px4_msgs/msg/detail/actuator_armed__rosidl_typesupport_fastrtps_cpp.hpp\n'}
[0.821656] (px4_msgs) StdoutLine: {'line': b'-- Up-to-date: /home/nicolas/ws_ros2/install/px4_msgs/include/px4_msgs/px4_msgs/msg/detail/sensor_gnss_relative__rosidl_typesupport_fastrtps_cpp.hpp\n'}
[0.821686] (px4_msgs) StdoutLine: {'line': b'-- Up-to-date: /home/nicolas/ws_ros2/install/px4_msgs/include/px4_msgs/px4_msgs/msg/detail/figure_eight_status__rosidl_typesupport_fastrtps_cpp.hpp\n'}
[0.821717] (px4_msgs) StdoutLine: {'line': b'-- Up-to-date: /home/nicolas/ws_ros2/install/px4_msgs/include/px4_msgs/px4_msgs/msg/detail/vehicle_magnetometer__rosidl_typesupport_fastrtps_cpp.hpp\n'}
[0.821748] (px4_msgs) StdoutLine: {'line': b'-- Up-to-date: /home/nicolas/ws_ros2/install/px4_msgs/include/px4_msgs/px4_msgs/msg/detail/goto_setpoint__rosidl_typesupport_fastrtps_cpp.hpp\n'}
[0.821777] (px4_msgs) StdoutLine: {'line': b'-- Up-to-date: /home/nicolas/ws_ros2/install/px4_msgs/include/px4_msgs/px4_msgs/msg/detail/debug_array__rosidl_typesupport_fastrtps_cpp.hpp\n'}
[0.821807] (px4_msgs) StdoutLine: {'line': b'-- Up-to-date: /home/nicolas/ws_ros2/install/px4_msgs/include/px4_msgs/px4_msgs/msg/detail/vehicle_torque_setpoint__rosidl_typesupport_fastrtps_cpp.hpp\n'}
[0.821837] (px4_msgs) StdoutLine: {'line': b'-- Up-to-date: /home/nicolas/ws_ros2/install/px4_msgs/include/px4_msgs/px4_msgs/msg/detail/rate_ctrl_status__rosidl_typesupport_fastrtps_cpp.hpp\n'}
[0.821866] (px4_msgs) StdoutLine: {'line': b'-- Up-to-date: /home/nicolas/ws_ros2/install/px4_msgs/include/px4_msgs/px4_msgs/msg/detail/tiltrotor_extra_controls__rosidl_typesupport_fastrtps_cpp.hpp\n'}
[0.821897] (px4_msgs) StdoutLine: {'line': b'-- Up-to-date: /home/nicolas/ws_ros2/install/px4_msgs/include/px4_msgs/px4_msgs/msg/detail/vehicle_constraints__rosidl_typesupport_fastrtps_cpp.hpp\n'}
[0.821927] (px4_msgs) StdoutLine: {'line': b'-- Up-to-date: /home/nicolas/ws_ros2/install/px4_msgs/include/px4_msgs/px4_msgs/msg/detail/fixed_wing_runway_control__rosidl_typesupport_fastrtps_cpp.hpp\n'}
[0.821965] (px4_msgs) StdoutLine: {'line': b'-- Up-to-date: /home/nicolas/ws_ros2/install/px4_msgs/include/px4_msgs/px4_msgs/msg/detail/vehicle_optical_flow_vel__rosidl_typesupport_fastrtps_cpp.hpp\n'}
[0.821995] (px4_msgs) StdoutLine: {'line': b'-- Up-to-date: /home/nicolas/ws_ros2/install/px4_msgs/include/px4_msgs/px4_msgs/msg/detail/vehicle_attitude_setpoint__rosidl_typesupport_fastrtps_cpp.hpp\n'}
[0.822025] (px4_msgs) StdoutLine: {'line': b'-- Up-to-date: /home/nicolas/ws_ros2/install/px4_msgs/include/px4_msgs/px4_msgs/msg/detail/magnetometer_bias_estimate__rosidl_typesupport_fastrtps_cpp.hpp\n'}
[0.822056] (px4_msgs) StdoutLine: {'line': b'-- Up-to-date: /home/nicolas/ws_ros2/install/px4_msgs/include/px4_msgs/px4_msgs/msg/detail/camera_status__rosidl_typesupport_fastrtps_cpp.hpp\n'}
[0.822086] (px4_msgs) StdoutLine: {'line': b'-- Up-to-date: /home/nicolas/ws_ros2/install/px4_msgs/include/px4_msgs/px4_msgs/msg/detail/dronecan_node_status__rosidl_typesupport_fastrtps_cpp.hpp\n'}
[0.822116] (px4_msgs) StdoutLine: {'line': b'-- Up-to-date: /home/nicolas/ws_ros2/install/px4_msgs/include/px4_msgs/px4_msgs/msg/detail/navigator_status__rosidl_typesupport_fastrtps_cpp.hpp\n'}
[0.822155] (px4_msgs) StdoutLine: {'line': b'-- Up-to-date: /home/nicolas/ws_ros2/install/px4_msgs/include/px4_msgs/px4_msgs/msg/detail/vehicle_attitude__rosidl_typesupport_fastrtps_cpp.hpp\n'}
[0.822184] (px4_msgs) StdoutLine: {'line': b'-- Up-to-date: /home/nicolas/ws_ros2/install/px4_msgs/include/px4_msgs/px4_msgs/msg/detail/ulog_stream_ack__rosidl_typesupport_fastrtps_cpp.hpp\n'}
[0.822214] (px4_msgs) StdoutLine: {'line': b'-- Up-to-date: /home/nicolas/ws_ros2/install/px4_msgs/include/px4_msgs/px4_msgs/msg/detail/orb_test_large__rosidl_typesupport_fastrtps_cpp.hpp\n'}
[0.822244] (px4_msgs) StdoutLine: {'line': b'-- Up-to-date: /home/nicolas/ws_ros2/install/px4_msgs/include/px4_msgs/px4_msgs/msg/detail/sensor_gnss_status__rosidl_typesupport_fastrtps_cpp.hpp\n'}
[0.822274] (px4_msgs) StdoutLine: {'line': b'-- Up-to-date: /home/nicolas/ws_ros2/install/px4_msgs/include/px4_msgs/px4_msgs/msg/detail/fixed_wing_lateral_status__rosidl_typesupport_fastrtps_cpp.hpp\n'}
[0.822304] (px4_msgs) StdoutLine: {'line': b'-- Up-to-date: /home/nicolas/ws_ros2/install/px4_msgs/include/px4_msgs/px4_msgs/msg/detail/actuator_controls_status__rosidl_typesupport_fastrtps_cpp.hpp\n'}
[0.822345] (px4_msgs) StdoutLine: {'line': b'-- Up-to-date: /home/nicolas/ws_ros2/install/px4_msgs/include/px4_msgs/px4_msgs/msg/detail/sensor_baro__rosidl_typesupport_fastrtps_cpp.hpp\n'}
[0.822381] (px4_msgs) StdoutLine: {'line': b'-- Up-to-date: /home/nicolas/ws_ros2/install/px4_msgs/include/px4_msgs/px4_msgs/msg/detail/home_position__rosidl_typesupport_fastrtps_cpp.hpp\n'}
[0.822409] (px4_msgs) StdoutLine: {'line': b'-- Up-to-date: /home/nicolas/ws_ros2/install/px4_msgs/include/px4_msgs/px4_msgs/msg/detail/gripper__rosidl_typesupport_fastrtps_cpp.hpp\n'}
[0.822437] (px4_msgs) StdoutLine: {'line': b'-- Up-to-date: /home/nicolas/ws_ros2/install/px4_msgs/include/px4_msgs/px4_msgs/msg/detail/fuel_tank_status__rosidl_typesupport_fastrtps_cpp.hpp\n'}
[0.822469] (px4_msgs) StdoutLine: {'line': b'-- Up-to-date: /home/nicolas/ws_ros2/install/px4_msgs/include/px4_msgs/px4_msgs/msg/detail/satellite_info__rosidl_typesupport_fastrtps_cpp.hpp\n'}
[0.822497] (px4_msgs) StdoutLine: {'line': b'-- Up-to-date: /home/nicolas/ws_ros2/install/px4_msgs/include/px4_msgs/px4_msgs/msg/detail/parameter_set_value_response__rosidl_typesupport_fastrtps_cpp.hpp\n'}
[0.822525] (px4_msgs) StdoutLine: {'line': b'-- Up-to-date: /home/nicolas/ws_ros2/install/px4_msgs/include/px4_msgs/px4_msgs/msg/detail/distance_sensor_mode_change_request__rosidl_typesupport_fastrtps_cpp.hpp\n'}
[0.822552] (px4_msgs) StdoutLine: {'line': b'-- Up-to-date: /home/nicolas/ws_ros2/install/px4_msgs/include/px4_msgs/px4_msgs/msg/detail/config_overrides__rosidl_typesupport_fastrtps_cpp.hpp\n'}
[0.822580] (px4_msgs) StdoutLine: {'line': b'-- Up-to-date: /home/nicolas/ws_ros2/install/px4_msgs/include/px4_msgs/px4_msgs/msg/detail/differential_pressure__rosidl_typesupport_fastrtps_cpp.hpp\n'}
[0.822619] (px4_msgs) StdoutLine: {'line': b'-- Up-to-date: /home/nicolas/ws_ros2/install/px4_msgs/include/px4_msgs/px4_msgs/msg/detail/battery_status__rosidl_typesupport_fastrtps_cpp.hpp\n'}
[0.822647] (px4_msgs) StdoutLine: {'line': b'-- Up-to-date: /home/nicolas/ws_ros2/install/px4_msgs/include/px4_msgs/px4_msgs/msg/detail/geofence_result__rosidl_typesupport_fastrtps_cpp.hpp\n'}
[0.822675] (px4_msgs) StdoutLine: {'line': b'-- Up-to-date: /home/nicolas/ws_ros2/install/px4_msgs/include/px4_msgs/px4_msgs/msg/detail/airspeed_validated__rosidl_typesupport_fastrtps_cpp.hpp\n'}
[0.822703] (px4_msgs) StdoutLine: {'line': b'-- Up-to-date: /home/nicolas/ws_ros2/install/px4_msgs/include/px4_msgs/px4_msgs/msg/detail/normalized_unsigned_setpoint__rosidl_typesupport_fastrtps_cpp.hpp\n'}
[0.822730] (px4_msgs) StdoutLine: {'line': b'-- Up-to-date: /home/nicolas/ws_ros2/install/px4_msgs/include/px4_msgs/px4_msgs/msg/detail/power_monitor__rosidl_typesupport_fastrtps_cpp.hpp\n'}
[0.822757] (px4_msgs) StdoutLine: {'line': b'-- Up-to-date: /home/nicolas/ws_ros2/install/px4_msgs/include/px4_msgs/px4_msgs/msg/detail/battery_info__rosidl_typesupport_fastrtps_cpp.hpp\n'}
[0.822785] (px4_msgs) StdoutLine: {'line': b'-- Up-to-date: /home/nicolas/ws_ros2/install/px4_msgs/include/px4_msgs/px4_msgs/msg/detail/open_drone_id_operator_id__rosidl_typesupport_fastrtps_cpp.hpp\n'}
[0.822813] (px4_msgs) StdoutLine: {'line': b'-- Up-to-date: /home/nicolas/ws_ros2/install/px4_msgs/include/px4_msgs/px4_msgs/msg/detail/manual_control_setpoint__rosidl_typesupport_fastrtps_cpp.hpp\n'}
[0.822841] (px4_msgs) StdoutLine: {'line': b'-- Up-to-date: /home/nicolas/ws_ros2/install/px4_msgs/include/px4_msgs/px4_msgs/msg/detail/sensor_gyro_fifo__rosidl_typesupport_fastrtps_cpp.hpp\n'}
[0.822868] (px4_msgs) StdoutLine: {'line': b'-- Up-to-date: /home/nicolas/ws_ros2/install/px4_msgs/include/px4_msgs/px4_msgs/msg/detail/gimbal_device_information__rosidl_typesupport_fastrtps_cpp.hpp\n'}
[0.822896] (px4_msgs) StdoutLine: {'line': b'-- Up-to-date: /home/nicolas/ws_ros2/install/px4_msgs/include/px4_msgs/px4_msgs/msg/detail/mag_worker_data__rosidl_typesupport_fastrtps_cpp.hpp\n'}
[0.822951] (px4_msgs) StdoutLine: {'line': b'-- Up-to-date: /home/nicolas/ws_ros2/install/px4_msgs/include/px4_msgs/px4_msgs/msg/detail/rtl_status__rosidl_typesupport_fastrtps_cpp.hpp\n'}
[0.822979] (px4_msgs) StdoutLine: {'line': b'-- Up-to-date: /home/nicolas/ws_ros2/install/px4_msgs/include/px4_msgs/px4_msgs/msg/detail/landing_gear__rosidl_typesupport_fastrtps_cpp.hpp\n'}
[0.823006] (px4_msgs) StdoutLine: {'line': b'-- Up-to-date: /home/nicolas/ws_ros2/install/px4_msgs/include/px4_msgs/px4_msgs/msg/detail/rover_attitude_setpoint__rosidl_typesupport_fastrtps_cpp.hpp\n'}
[0.823033] (px4_msgs) StdoutLine: {'line': b'-- Up-to-date: /home/nicolas/ws_ros2/install/px4_msgs/include/px4_msgs/px4_msgs/msg/detail/dataman_request__rosidl_typesupport_fastrtps_cpp.hpp\n'}
[0.823062] (px4_msgs) StdoutLine: {'line': b'-- Up-to-date: /home/nicolas/ws_ros2/install/px4_msgs/include/px4_msgs/px4_msgs/msg/detail/vehicle_roi__rosidl_typesupport_fastrtps_cpp.hpp\n'}
[0.823091] (px4_msgs) StdoutLine: {'line': b'-- Up-to-date: /home/nicolas/ws_ros2/install/px4_msgs/include/px4_msgs/px4_msgs/msg/detail/takeoff_status__rosidl_typesupport_fastrtps_cpp.hpp\n'}
[0.823120] (px4_msgs) StdoutLine: {'line': b'-- Up-to-date: /home/nicolas/ws_ros2/install/px4_msgs/include/px4_msgs/px4_msgs/msg/detail/qshell_retval__rosidl_typesupport_fastrtps_cpp.hpp\n'}
[0.823163] (px4_msgs) StdoutLine: {'line': b'-- Up-to-date: /home/nicolas/ws_ros2/install/px4_msgs/include/px4_msgs/px4_msgs/msg/detail/estimator_event_flags__rosidl_typesupport_fastrtps_cpp.hpp\n'}
[0.823196] (px4_msgs) StdoutLine: {'line': b'-- Up-to-date: /home/nicolas/ws_ros2/install/px4_msgs/include/px4_msgs/px4_msgs/msg/detail/health_report__rosidl_typesupport_fastrtps_cpp.hpp\n'}
[0.823224] (px4_msgs) StdoutLine: {'line': b'-- Up-to-date: /home/nicolas/ws_ros2/install/px4_msgs/include/px4_msgs/px4_msgs/msg/detail/debug_key_value__rosidl_typesupport_fastrtps_cpp.hpp\n'}
[0.823254] (px4_msgs) StdoutLine: {'line': b'-- Up-to-date: /home/nicolas/ws_ros2/install/px4_msgs/include/px4_msgs/px4_msgs/msg/detail/mission_result__rosidl_typesupport_fastrtps_cpp.hpp\n'}
[0.823283] (px4_msgs) StdoutLine: {'line': b'-- Up-to-date: /home/nicolas/ws_ros2/install/px4_msgs/include/px4_msgs/px4_msgs/msg/detail/gimbal_controls__rosidl_typesupport_fastrtps_cpp.hpp\n'}
[0.823311] (px4_msgs) StdoutLine: {'line': b'-- Up-to-date: /home/nicolas/ws_ros2/install/px4_msgs/include/px4_msgs/px4_msgs/msg/detail/vehicle_control_mode__rosidl_typesupport_fastrtps_cpp.hpp\n'}
[0.823342] (px4_msgs) StdoutLine: {'line': b'-- Up-to-date: /home/nicolas/ws_ros2/install/px4_msgs/include/px4_msgs/px4_msgs/msg/detail/rover_throttle_setpoint__rosidl_typesupport_fastrtps_cpp.hpp\n'}
[0.823373] (px4_msgs) StdoutLine: {'line': b'-- Up-to-date: /home/nicolas/ws_ros2/install/px4_msgs/include/px4_msgs/px4_msgs/msg/detail/estimator_bias__rosidl_typesupport_fastrtps_cpp.hpp\n'}
[0.823403] (px4_msgs) StdoutLine: {'line': b'-- Up-to-date: /home/nicolas/ws_ros2/install/px4_msgs/include/px4_msgs/px4_msgs/msg/detail/airspeed__rosidl_typesupport_fastrtps_cpp.hpp\n'}
[0.823434] (px4_msgs) StdoutLine: {'line': b'-- Up-to-date: /home/nicolas/ws_ros2/install/px4_msgs/include/px4_msgs/px4_msgs/msg/detail/gimbal_manager_set_attitude__rosidl_typesupport_fastrtps_cpp.hpp\n'}
[0.823472] (px4_msgs) StdoutLine: {'line': b'-- Up-to-date: /home/nicolas/ws_ros2/install/px4_msgs/include/px4_msgs/px4_msgs/msg/detail/wind__rosidl_typesupport_fastrtps_cpp.hpp\n'}
[0.823503] (px4_msgs) StdoutLine: {'line': b'-- Up-to-date: /home/nicolas/ws_ros2/install/px4_msgs/include/px4_msgs/px4_msgs/msg/detail/parameter_set_used_request__rosidl_typesupport_fastrtps_cpp.hpp\n'}
[0.823533] (px4_msgs) StdoutLine: {'line': b'-- Up-to-date: /home/nicolas/ws_ros2/install/px4_msgs/include/px4_msgs/px4_msgs/msg/detail/distance_sensor__rosidl_typesupport_fastrtps_cpp.hpp\n'}
[0.823562] (px4_msgs) StdoutLine: {'line': b'-- Up-to-date: /home/nicolas/ws_ros2/install/px4_msgs/include/px4_msgs/px4_msgs/msg/detail/vehicle_imu_status__rosidl_typesupport_fastrtps_cpp.hpp\n'}
[0.823592] (px4_msgs) StdoutLine: {'line': b'-- Up-to-date: /home/nicolas/ws_ros2/install/px4_msgs/include/px4_msgs/px4_msgs/msg/detail/telemetry_status__rosidl_typesupport_fastrtps_cpp.hpp\n'}
[0.823623] (px4_msgs) StdoutLine: {'line': b'-- Up-to-date: /home/nicolas/ws_ros2/install/px4_msgs/include/px4_msgs/px4_msgs/msg/detail/qshell_req__rosidl_typesupport_fastrtps_cpp.hpp\n'}
[0.823653] (px4_msgs) StdoutLine: {'line': b'-- Up-to-date: /home/nicolas/ws_ros2/install/px4_msgs/include/px4_msgs/px4_msgs/msg/detail/parameter_reset_request__rosidl_typesupport_fastrtps_cpp.hpp\n'}
[0.823683] (px4_msgs) StdoutLine: {'line': b'-- Up-to-date: /home/nicolas/ws_ros2/install/px4_msgs/include/px4_msgs/px4_msgs/msg/detail/open_drone_id_self_id__rosidl_typesupport_fastrtps_cpp.hpp\n'}
[0.823712] (px4_msgs) StdoutLine: {'line': b'-- Up-to-date: /home/nicolas/ws_ros2/install/px4_msgs/include/px4_msgs/px4_msgs/msg/detail/vehicle_thrust_setpoint__rosidl_typesupport_fastrtps_cpp.hpp\n'}
[0.823743] (px4_msgs) StdoutLine: {'line': b'-- Up-to-date: /home/nicolas/ws_ros2/install/px4_msgs/include/px4_msgs/px4_msgs/msg/detail/rover_attitude_status__rosidl_typesupport_fastrtps_cpp.hpp\n'}
[0.823787] (px4_msgs) StdoutLine: {'line': b'-- Up-to-date: /home/nicolas/ws_ros2/install/px4_msgs/include/px4_msgs/px4_msgs/msg/detail/obstacle_distance__rosidl_typesupport_fastrtps_cpp.hpp\n'}
[0.823816] (px4_msgs) StdoutLine: {'line': b'-- Up-to-date: /home/nicolas/ws_ros2/install/px4_msgs/include/px4_msgs/px4_msgs/msg/detail/vehicle_command_ack__rosidl_typesupport_fastrtps_cpp.hpp\n'}
[0.823844] (px4_msgs) StdoutLine: {'line': b'-- Up-to-date: /home/nicolas/ws_ros2/install/px4_msgs/include/px4_msgs/px4_msgs/msg/detail/velocity_limits__rosidl_typesupport_fastrtps_cpp.hpp\n'}
[0.823873] (px4_msgs) StdoutLine: {'line': b'-- Up-to-date: /home/nicolas/ws_ros2/install/px4_msgs/include/px4_msgs/px4_msgs/msg/detail/gps_dump__rosidl_typesupport_fastrtps_cpp.hpp\n'}
[0.823913] (px4_msgs) StdoutLine: {'line': b'-- Up-to-date: /home/nicolas/ws_ros2/install/px4_msgs/include/px4_msgs/px4_msgs/msg/detail/actuator_test__rosidl_typesupport_fastrtps_cpp.hpp\n'}
[0.823942] (px4_msgs) StdoutLine: {'line': b'-- Up-to-date: /home/nicolas/ws_ros2/install/px4_msgs/include/px4_msgs/px4_msgs/msg/detail/vehicle_rates_setpoint__rosidl_typesupport_fastrtps_cpp.hpp\n'}
[0.823970] (px4_msgs) StdoutLine: {'line': b'-- Up-to-date: /home/nicolas/ws_ros2/install/px4_msgs/include/px4_msgs/px4_msgs/msg/detail/dataman_response__rosidl_typesupport_fastrtps_cpp.hpp\n'}
[0.823999] (px4_msgs) StdoutLine: {'line': b'-- Up-to-date: /home/nicolas/ws_ros2/install/px4_msgs/include/px4_msgs/px4_msgs/msg/detail/hover_thrust_estimate__rosidl_typesupport_fastrtps_cpp.hpp\n'}
[0.824026] (px4_msgs) StdoutLine: {'line': b'-- Up-to-date: /home/nicolas/ws_ros2/install/px4_msgs/include/px4_msgs/px4_msgs/msg/detail/sensor_accel__rosidl_typesupport_fastrtps_cpp.hpp\n'}
[0.824060] (px4_msgs) StdoutLine: {'line': b'-- Up-to-date: /home/nicolas/ws_ros2/install/px4_msgs/include/px4_msgs/px4_msgs/msg/detail/radio_status__rosidl_typesupport_fastrtps_cpp.hpp\n'}
[0.824090] (px4_msgs) StdoutLine: {'line': b'-- Up-to-date: /home/nicolas/ws_ros2/install/px4_msgs/include/px4_msgs/px4_msgs/msg/detail/gimbal_device_set_attitude__rosidl_typesupport_fastrtps_cpp.hpp\n'}
[0.824121] (px4_msgs) StdoutLine: {'line': b'-- Up-to-date: /home/nicolas/ws_ros2/install/px4_msgs/include/px4_msgs/px4_msgs/msg/detail/sensor_airflow__rosidl_typesupport_fastrtps_cpp.hpp\n'}
[0.824151] (px4_msgs) StdoutLine: {'line': b'-- Up-to-date: /home/nicolas/ws_ros2/install/px4_msgs/include/px4_msgs/px4_msgs/msg/detail/vehicle_status__rosidl_typesupport_fastrtps_cpp.hpp\n'}
[0.824181] (px4_msgs) StdoutLine: {'line': b'-- Up-to-date: /home/nicolas/ws_ros2/install/px4_msgs/include/px4_msgs/px4_msgs/msg/detail/parameter_set_value_request__rosidl_typesupport_fastrtps_cpp.hpp\n'}
[0.824211] (px4_msgs) StdoutLine: {'line': b'-- Up-to-date: /home/nicolas/ws_ros2/install/px4_msgs/include/px4_msgs/px4_msgs/msg/detail/estimator_selector_status__rosidl_typesupport_fastrtps_cpp.hpp\n'}
[0.824241] (px4_msgs) StdoutLine: {'line': b'-- Up-to-date: /home/nicolas/ws_ros2/install/px4_msgs/include/px4_msgs/px4_msgs/msg/detail/log_message__rosidl_typesupport_fastrtps_cpp.hpp\n'}
[0.824270] (px4_msgs) StdoutLine: {'line': b'-- Up-to-date: /home/nicolas/ws_ros2/install/px4_msgs/include/px4_msgs/px4_msgs/msg/detail/cpuload__rosidl_typesupport_fastrtps_cpp.hpp\n'}
[0.824300] (px4_msgs) StdoutLine: {'line': b'-- Up-to-date: /home/nicolas/ws_ros2/install/px4_msgs/include/px4_msgs/px4_msgs/msg/detail/sensor_combined__rosidl_typesupport_fastrtps_cpp.hpp\n'}
[0.824331] (px4_msgs) StdoutLine: {'line': b'-- Up-to-date: /home/nicolas/ws_ros2/install/px4_msgs/include/px4_msgs/px4_msgs/msg/detail/unregister_ext_component__rosidl_typesupport_fastrtps_cpp.hpp\n'}
[0.824362] (px4_msgs) StdoutLine: {'line': b'-- Up-to-date: /home/nicolas/ws_ros2/install/px4_msgs/include/px4_msgs/px4_msgs/msg/detail/estimator_aid_source2d__rosidl_typesupport_fastrtps_cpp.hpp\n'}
[0.824392] (px4_msgs) StdoutLine: {'line': b'-- Up-to-date: /home/nicolas/ws_ros2/install/px4_msgs/include/px4_msgs/px4_msgs/msg/detail/debug_vect__rosidl_typesupport_fastrtps_cpp.hpp\n'}
[0.824422] (px4_msgs) StdoutLine: {'line': b'-- Up-to-date: /home/nicolas/ws_ros2/install/px4_msgs/include/px4_msgs/px4_msgs/msg/detail/open_drone_id_arm_status__rosidl_typesupport_fastrtps_cpp.hpp\n'}
[0.824455] (px4_msgs) StdoutLine: {'line': b'-- Up-to-date: /home/nicolas/ws_ros2/install/px4_msgs/include/px4_msgs/px4_msgs/msg/detail/pwm_input__rosidl_typesupport_fastrtps_cpp.hpp\n'}
[0.824487] (px4_msgs) StdoutLine: {'line': b'-- Up-to-date: /home/nicolas/ws_ros2/install/px4_msgs/include/px4_msgs/px4_msgs/msg/detail/arming_check_reply__rosidl_typesupport_fastrtps_cpp.hpp\n'}
[0.824517] (px4_msgs) StdoutLine: {'line': b'-- Up-to-date: /home/nicolas/ws_ros2/install/px4_msgs/include/px4_msgs/px4_msgs/msg/detail/fixed_wing_lateral_setpoint__rosidl_typesupport_fastrtps_cpp.hpp\n'}
[0.824562] (px4_msgs) StdoutLine: {'line': b'-- Up-to-date: /home/nicolas/ws_ros2/install/px4_msgs/include/px4_msgs/px4_msgs/msg/detail/position_controller_status__rosidl_typesupport_fastrtps_cpp.hpp\n'}
[0.824592] (px4_msgs) StdoutLine: {'line': b'-- Up-to-date: /home/nicolas/ws_ros2/install/px4_msgs/include/px4_msgs/px4_msgs/msg/detail/estimator_status__rosidl_typesupport_fastrtps_cpp.hpp\n'}
[0.824621] (px4_msgs) StdoutLine: {'line': b'-- Up-to-date: /home/nicolas/ws_ros2/install/px4_msgs/include/px4_msgs/px4_msgs/msg/detail/mavlink_tunnel__rosidl_typesupport_fastrtps_cpp.hpp\n'}
[0.824650] (px4_msgs) StdoutLine: {'line': b'-- Up-to-date: /home/nicolas/ws_ros2/install/px4_msgs/include/px4_msgs/px4_msgs/msg/detail/rover_speed_status__rosidl_typesupport_fastrtps_cpp.hpp\n'}
[0.824678] (px4_msgs) StdoutLine: {'line': b'-- Up-to-date: /home/nicolas/ws_ros2/install/px4_msgs/include/px4_msgs/px4_msgs/msg/detail/yaw_estimator_status__rosidl_typesupport_fastrtps_cpp.hpp\n'}
[0.824706] (px4_msgs) StdoutLine: {'line': b'-- Up-to-date: /home/nicolas/ws_ros2/install/px4_msgs/include/px4_msgs/px4_msgs/msg/detail/rc_channels__rosidl_typesupport_fastrtps_cpp.hpp\n'}
[0.824734] (px4_msgs) StdoutLine: {'line': b'-- Up-to-date: /home/nicolas/ws_ros2/install/px4_msgs/include/px4_msgs/px4_msgs/msg/detail/neural_control__rosidl_typesupport_fastrtps_cpp.hpp\n'}
[0.824762] (px4_msgs) StdoutLine: {'line': b'-- Up-to-date: /home/nicolas/ws_ros2/install/px4_msgs/include/px4_msgs/px4_msgs/msg/detail/ping__rosidl_typesupport_fastrtps_cpp.hpp\n'}
[0.824790] (px4_msgs) StdoutLine: {'line': b'-- Up-to-date: /home/nicolas/ws_ros2/install/px4_msgs/include/px4_msgs/px4_msgs/msg/detail/message_format_response__rosidl_typesupport_fastrtps_cpp.hpp\n'}
[0.824819] (px4_msgs) StdoutLine: {'line': b'-- Up-to-date: /home/nicolas/ws_ros2/install/px4_msgs/include/px4_msgs/px4_msgs/msg/detail/actuator_servos__rosidl_typesupport_fastrtps_cpp.hpp\n'}
[0.824866] (px4_msgs) StdoutLine: {'line': b'-- Up-to-date: /home/nicolas/ws_ros2/install/px4_msgs/include/px4_msgs/px4_msgs/msg/detail/vehicle_global_position__rosidl_typesupport_fastrtps_cpp.hpp\n'}
[0.824894] (px4_msgs) StdoutLine: {'line': b'-- Up-to-date: /home/nicolas/ws_ros2/install/px4_msgs/include/px4_msgs/px4_msgs/msg/detail/message_format_request__rosidl_typesupport_fastrtps_cpp.hpp\n'}
[0.824945] (px4_msgs) StdoutLine: {'line': b'-- Up-to-date: /home/nicolas/ws_ros2/install/px4_msgs/include/px4_msgs/px4_msgs/msg/detail/landing_target_pose__rosidl_typesupport_fastrtps_cpp.hpp\n'}
[0.824973] (px4_msgs) StdoutLine: {'line': b'-- Up-to-date: /home/nicolas/ws_ros2/install/px4_msgs/include/px4_msgs/px4_msgs/msg/detail/sensor_optical_flow__rosidl_typesupport_fastrtps_cpp.hpp\n'}
[0.825011] (px4_msgs) StdoutLine: {'line': b'-- Up-to-date: /home/nicolas/ws_ros2/install/px4_msgs/include/px4_msgs/px4_msgs/msg/detail/vehicle_angular_velocity__rosidl_typesupport_fastrtps_cpp.hpp\n'}
[0.825039] (px4_msgs) StdoutLine: {'line': b'-- Up-to-date: /home/nicolas/ws_ros2/install/px4_msgs/include/px4_msgs/px4_msgs/msg/detail/actuator_motors__rosidl_typesupport_fastrtps_cpp.hpp\n'}
[0.825066] (px4_msgs) StdoutLine: {'line': b'-- Up-to-date: /home/nicolas/ws_ros2/install/px4_msgs/include/px4_msgs/px4_msgs/msg/detail/arming_check_request__rosidl_typesupport_fastrtps_cpp.hpp\n'}
[0.825093] (px4_msgs) StdoutLine: {'line': b'-- Up-to-date: /home/nicolas/ws_ros2/install/px4_msgs/include/px4_msgs/px4_msgs/msg/detail/gpio_config__rosidl_typesupport_fastrtps_cpp.hpp\n'}
[0.825121] (px4_msgs) StdoutLine: {'line': b'-- Up-to-date: /home/nicolas/ws_ros2/install/px4_msgs/include/px4_msgs/px4_msgs/msg/detail/sensor_mag__rosidl_typesupport_fastrtps_cpp.hpp\n'}
[0.825152] (px4_msgs) StdoutLine: {'line': b'-- Up-to-date: /home/nicolas/ws_ros2/install/px4_msgs/include/px4_msgs/px4_msgs/msg/detail/action_request__rosidl_typesupport_fastrtps_cpp.hpp\n'}
[0.825181] (px4_msgs) StdoutLine: {'line': b'-- Up-to-date: /home/nicolas/ws_ros2/install/px4_msgs/include/px4_msgs/px4_msgs/msg/detail/actuator_outputs__rosidl_typesupport_fastrtps_cpp.hpp\n'}
[0.825214] (px4_msgs) StdoutLine: {'line': b'-- Up-to-date: /home/nicolas/ws_ros2/install/px4_msgs/include/px4_msgs/px4_msgs/msg/detail/mode_completed__rosidl_typesupport_fastrtps_cpp.hpp\n'}
[0.825244] (px4_msgs) StdoutLine: {'line': b'-- Up-to-date: /home/nicolas/ws_ros2/install/px4_msgs/include/px4_msgs/px4_msgs/msg/detail/internal_combustion_engine_control__rosidl_typesupport_fastrtps_cpp.hpp\n'}
[0.825274] (px4_msgs) StdoutLine: {'line': b'-- Up-to-date: /home/nicolas/ws_ros2/install/px4_msgs/include/px4_msgs/px4_msgs/msg/detail/parameter_update__rosidl_typesupport_fastrtps_cpp.hpp\n'}
[0.825304] (px4_msgs) StdoutLine: {'line': b'-- Up-to-date: /home/nicolas/ws_ros2/install/px4_msgs/include/px4_msgs/px4_msgs/msg/detail/tecs_status__rosidl_typesupport_fastrtps_cpp.hpp\n'}
[0.825335] (px4_msgs) StdoutLine: {'line': b'-- Up-to-date: /home/nicolas/ws_ros2/install/px4_msgs/include/px4_msgs/px4_msgs/msg/detail/esc_report__rosidl_typesupport_fastrtps_cpp.hpp\n'}
[0.825365] (px4_msgs) StdoutLine: {'line': b'-- Up-to-date: /home/nicolas/ws_ros2/install/px4_msgs/include/px4_msgs/px4_msgs/msg/detail/collision_constraints__rosidl_typesupport_fastrtps_cpp.hpp\n'}
[0.825395] (px4_msgs) StdoutLine: {'line': b'-- Up-to-date: /home/nicolas/ws_ros2/install/px4_msgs/include/px4_msgs/px4_msgs/msg/detail/mission__rosidl_typesupport_fastrtps_cpp.hpp\n'}
[0.825439] (px4_msgs) StdoutLine: {'line': b'-- Up-to-date: /home/nicolas/ws_ros2/install/px4_msgs/include/px4_msgs/px4_msgs/msg/detail/gimbal_manager_information__rosidl_typesupport_fastrtps_cpp.hpp\n'}
[0.825472] (px4_msgs) StdoutLine: {'line': b'-- Up-to-date: /home/nicolas/ws_ros2/install/px4_msgs/include/px4_msgs/px4_msgs/msg/detail/navigator_mission_item__rosidl_typesupport_fastrtps_cpp.hpp\n'}
[0.825500] (px4_msgs) StdoutLine: {'line': b'-- Up-to-date: /home/nicolas/ws_ros2/install/px4_msgs/include/px4_msgs/px4_msgs/msg/detail/open_drone_id_system__rosidl_typesupport_fastrtps_cpp.hpp\n'}
[0.825530] (px4_msgs) StdoutLine: {'line': b'-- Up-to-date: /home/nicolas/ws_ros2/install/px4_msgs/include/px4_msgs/px4_msgs/msg/rosidl_typesupport_fastrtps_cpp__visibility_control.h\n'}
[0.825559] (px4_msgs) StdoutLine: {'line': b'-- Up-to-date: /home/nicolas/ws_ros2/install/px4_msgs/lib/libpx4_msgs__rosidl_typesupport_fastrtps_cpp.so\n'}
[0.825587] (px4_msgs) StdoutLine: {'line': b'-- Up-to-date: /home/nicolas/ws_ros2/install/px4_msgs/include/px4_msgs/px4_msgs\n'}
[0.825616] (px4_msgs) StdoutLine: {'line': b'-- Up-to-date: /home/nicolas/ws_ros2/install/px4_msgs/include/px4_msgs/px4_msgs/srv\n'}
[0.825644] (px4_msgs) StdoutLine: {'line': b'-- Up-to-date: /home/nicolas/ws_ros2/install/px4_msgs/include/px4_msgs/px4_msgs/srv/detail\n'}
[0.825673] (px4_msgs) StdoutLine: {'line': b'-- Up-to-date: /home/nicolas/ws_ros2/install/px4_msgs/include/px4_msgs/px4_msgs/srv/detail/vehicle_command__rosidl_typesupport_introspection_c.h\n'}
[0.825702] (px4_msgs) StdoutLine: {'line': b'-- Up-to-date: /home/nicolas/ws_ros2/install/px4_msgs/include/px4_msgs/px4_msgs/srv/detail/vehicle_command__type_support.c\n'}
[0.825729] (px4_msgs) StdoutLine: {'line': b'-- Up-to-date: /home/nicolas/ws_ros2/install/px4_msgs/include/px4_msgs/px4_msgs/msg\n'}
[0.825756] (px4_msgs) StdoutLine: {'line': b'-- Up-to-date: /home/nicolas/ws_ros2/install/px4_msgs/include/px4_msgs/px4_msgs/msg/detail\n'}
[0.825813] (px4_msgs) StdoutLine: {'line': b'-- Up-to-date: /home/nicolas/ws_ros2/install/px4_msgs/include/px4_msgs/px4_msgs/msg/detail/vehicle_thrust_setpoint__type_support.c\n'}
[0.825841] (px4_msgs) StdoutLine: {'line': b'-- Up-to-date: /home/nicolas/ws_ros2/install/px4_msgs/include/px4_msgs/px4_msgs/msg/detail/sensor_baro__type_support.c\n'}
[0.825869] (px4_msgs) StdoutLine: {'line': b'-- Up-to-date: /home/nicolas/ws_ros2/install/px4_msgs/include/px4_msgs/px4_msgs/msg/detail/arming_check_reply__rosidl_typesupport_introspection_c.h\n'}
[0.825903] (px4_msgs) StdoutLine: {'line': b'-- Up-to-date: /home/nicolas/ws_ros2/install/px4_msgs/include/px4_msgs/px4_msgs/msg/detail/sensor_gyro_fft__rosidl_typesupport_introspection_c.h\n'}
[0.825935] (px4_msgs) StdoutLine: {'line': b'-- Up-to-date: /home/nicolas/ws_ros2/install/px4_msgs/include/px4_msgs/px4_msgs/msg/detail/gpio_request__type_support.c\n'}
[0.825962] (px4_msgs) StdoutLine: {'line': b'-- Up-to-date: /home/nicolas/ws_ros2/install/px4_msgs/include/px4_msgs/px4_msgs/msg/detail/landing_gear__type_support.c\n'}
[0.825991] (px4_msgs) StdoutLine: {'line': b'-- Up-to-date: /home/nicolas/ws_ros2/install/px4_msgs/include/px4_msgs/px4_msgs/msg/detail/satellite_info__type_support.c\n'}
[0.826018] (px4_msgs) StdoutLine: {'line': b'-- Up-to-date: /home/nicolas/ws_ros2/install/px4_msgs/include/px4_msgs/px4_msgs/msg/detail/distance_sensor__rosidl_typesupport_introspection_c.h\n'}
[0.826046] (px4_msgs) StdoutLine: {'line': b'-- Up-to-date: /home/nicolas/ws_ros2/install/px4_msgs/include/px4_msgs/px4_msgs/msg/detail/manual_control_setpoint__rosidl_typesupport_introspection_c.h\n'}
[0.826074] (px4_msgs) StdoutLine: {'line': b'-- Up-to-date: /home/nicolas/ws_ros2/install/px4_msgs/include/px4_msgs/px4_msgs/msg/detail/gpio_config__type_support.c\n'}
[0.826103] (px4_msgs) StdoutLine: {'line': b'-- Up-to-date: /home/nicolas/ws_ros2/install/px4_msgs/include/px4_msgs/px4_msgs/msg/detail/ekf2_timestamps__type_support.c\n'}
[0.826138] (px4_msgs) StdoutLine: {'line': b'-- Up-to-date: /home/nicolas/ws_ros2/install/px4_msgs/include/px4_msgs/px4_msgs/msg/detail/ulog_stream__type_support.c\n'}
[0.826168] (px4_msgs) StdoutLine: {'line': b'-- Up-to-date: /home/nicolas/ws_ros2/install/px4_msgs/include/px4_msgs/px4_msgs/msg/detail/debug_vect__type_support.c\n'}
[0.826198] (px4_msgs) StdoutLine: {'line': b'-- Up-to-date: /home/nicolas/ws_ros2/install/px4_msgs/include/px4_msgs/px4_msgs/msg/detail/vehicle_angular_acceleration_setpoint__type_support.c\n'}
[0.826228] (px4_msgs) StdoutLine: {'line': b'-- Up-to-date: /home/nicolas/ws_ros2/install/px4_msgs/include/px4_msgs/px4_msgs/msg/detail/fuel_tank_status__type_support.c\n'}
[0.826258] (px4_msgs) StdoutLine: {'line': b'-- Up-to-date: /home/nicolas/ws_ros2/install/px4_msgs/include/px4_msgs/px4_msgs/msg/detail/rover_throttle_setpoint__rosidl_typesupport_introspection_c.h\n'}
[0.826290] (px4_msgs) StdoutLine: {'line': b'-- Up-to-date: /home/nicolas/ws_ros2/install/px4_msgs/include/px4_msgs/px4_msgs/msg/detail/follow_target_status__rosidl_typesupport_introspection_c.h\n'}
[0.826321] (px4_msgs) StdoutLine: {'line': b'-- Up-to-date: /home/nicolas/ws_ros2/install/px4_msgs/include/px4_msgs/px4_msgs/msg/detail/vehicle_control_mode__type_support.c\n'}
[0.826366] (px4_msgs) StdoutLine: {'line': b'-- Up-to-date: /home/nicolas/ws_ros2/install/px4_msgs/include/px4_msgs/px4_msgs/msg/detail/actuator_servos__rosidl_typesupport_introspection_c.h\n'}
[0.826395] (px4_msgs) StdoutLine: {'line': b'-- Up-to-date: /home/nicolas/ws_ros2/install/px4_msgs/include/px4_msgs/px4_msgs/msg/detail/arming_check_reply__type_support.c\n'}
[0.826424] (px4_msgs) StdoutLine: {'line': b'-- Up-to-date: /home/nicolas/ws_ros2/install/px4_msgs/include/px4_msgs/px4_msgs/msg/detail/vehicle_angular_acceleration_setpoint__rosidl_typesupport_introspection_c.h\n'}
[0.826456] (px4_msgs) StdoutLine: {'line': b'-- Up-to-date: /home/nicolas/ws_ros2/install/px4_msgs/include/px4_msgs/px4_msgs/msg/detail/register_ext_component_reply__rosidl_typesupport_introspection_c.h\n'}
[0.826486] (px4_msgs) StdoutLine: {'line': b'-- Up-to-date: /home/nicolas/ws_ros2/install/px4_msgs/include/px4_msgs/px4_msgs/msg/detail/can_interface_status__type_support.c\n'}
[0.826515] (px4_msgs) StdoutLine: {'line': b'-- Up-to-date: /home/nicolas/ws_ros2/install/px4_msgs/include/px4_msgs/px4_msgs/msg/detail/rover_throttle_setpoint__type_support.c\n'}
[0.826545] (px4_msgs) StdoutLine: {'line': b'-- Up-to-date: /home/nicolas/ws_ros2/install/px4_msgs/include/px4_msgs/px4_msgs/msg/detail/airspeed__rosidl_typesupport_introspection_c.h\n'}
[0.826575] (px4_msgs) StdoutLine: {'line': b'-- Up-to-date: /home/nicolas/ws_ros2/install/px4_msgs/include/px4_msgs/px4_msgs/msg/detail/gpio_request__rosidl_typesupport_introspection_c.h\n'}
[0.826614] (px4_msgs) StdoutLine: {'line': b'-- Up-to-date: /home/nicolas/ws_ros2/install/px4_msgs/include/px4_msgs/px4_msgs/msg/detail/gimbal_manager_status__type_support.c\n'}
[0.826643] (px4_msgs) StdoutLine: {'line': b'-- Up-to-date: /home/nicolas/ws_ros2/install/px4_msgs/include/px4_msgs/px4_msgs/msg/detail/sensor_accel_fifo__type_support.c\n'}
[0.826670] (px4_msgs) StdoutLine: {'line': b'-- Up-to-date: /home/nicolas/ws_ros2/install/px4_msgs/include/px4_msgs/px4_msgs/msg/detail/rc_channels__type_support.c\n'}
[0.826698] (px4_msgs) StdoutLine: {'line': b'-- Up-to-date: /home/nicolas/ws_ros2/install/px4_msgs/include/px4_msgs/px4_msgs/msg/detail/gimbal_device_information__type_support.c\n'}
[0.826726] (px4_msgs) StdoutLine: {'line': b'-- Up-to-date: /home/nicolas/ws_ros2/install/px4_msgs/include/px4_msgs/px4_msgs/msg/detail/mode_completed__rosidl_typesupport_introspection_c.h\n'}
[0.826754] (px4_msgs) StdoutLine: {'line': b'-- Up-to-date: /home/nicolas/ws_ros2/install/px4_msgs/include/px4_msgs/px4_msgs/msg/detail/rover_position_setpoint__type_support.c\n'}
[0.826781] (px4_msgs) StdoutLine: {'line': b'-- Up-to-date: /home/nicolas/ws_ros2/install/px4_msgs/include/px4_msgs/px4_msgs/msg/detail/message_format_response__rosidl_typesupport_introspection_c.h\n'}
[0.826814] (px4_msgs) StdoutLine: {'line': b'-- Up-to-date: /home/nicolas/ws_ros2/install/px4_msgs/include/px4_msgs/px4_msgs/msg/detail/estimator_innovations__rosidl_typesupport_introspection_c.h\n'}
[0.826843] (px4_msgs) StdoutLine: {'line': b'-- Up-to-date: /home/nicolas/ws_ros2/install/px4_msgs/include/px4_msgs/px4_msgs/msg/detail/power_button_state__type_support.c\n'}
[0.826897] (px4_msgs) StdoutLine: {'line': b'-- Up-to-date: /home/nicolas/ws_ros2/install/px4_msgs/include/px4_msgs/px4_msgs/msg/detail/register_ext_component_request__type_support.c\n'}
[0.826927] (px4_msgs) StdoutLine: {'line': b'-- Up-to-date: /home/nicolas/ws_ros2/install/px4_msgs/include/px4_msgs/px4_msgs/msg/detail/vehicle_attitude_setpoint__rosidl_typesupport_introspection_c.h\n'}
[0.826954] (px4_msgs) StdoutLine: {'line': b'-- Up-to-date: /home/nicolas/ws_ros2/install/px4_msgs/include/px4_msgs/px4_msgs/msg/detail/tecs_status__rosidl_typesupport_introspection_c.h\n'}
[0.826981] (px4_msgs) StdoutLine: {'line': b'-- Up-to-date: /home/nicolas/ws_ros2/install/px4_msgs/include/px4_msgs/px4_msgs/msg/detail/hover_thrust_estimate__rosidl_typesupport_introspection_c.h\n'}
[0.827010] (px4_msgs) StdoutLine: {'line': b'-- Up-to-date: /home/nicolas/ws_ros2/install/px4_msgs/include/px4_msgs/px4_msgs/msg/detail/control_allocator_status__type_support.c\n'}
[0.827038] (px4_msgs) StdoutLine: {'line': b'-- Up-to-date: /home/nicolas/ws_ros2/install/px4_msgs/include/px4_msgs/px4_msgs/msg/detail/debug_key_value__type_support.c\n'}
[0.827070] (px4_msgs) StdoutLine: {'line': b'-- Up-to-date: /home/nicolas/ws_ros2/install/px4_msgs/include/px4_msgs/px4_msgs/msg/detail/gps_dump__rosidl_typesupport_introspection_c.h\n'}
[0.827099] (px4_msgs) StdoutLine: {'line': b'-- Up-to-date: /home/nicolas/ws_ros2/install/px4_msgs/include/px4_msgs/px4_msgs/msg/detail/vehicle_magnetometer__type_support.c\n'}
[0.827139] (px4_msgs) StdoutLine: {'line': b'-- Up-to-date: /home/nicolas/ws_ros2/install/px4_msgs/include/px4_msgs/px4_msgs/msg/detail/estimator_gps_status__type_support.c\n'}
[0.827168] (px4_msgs) StdoutLine: {'line': b'-- Up-to-date: /home/nicolas/ws_ros2/install/px4_msgs/include/px4_msgs/px4_msgs/msg/detail/dronecan_node_status__rosidl_typesupport_introspection_c.h\n'}
[0.827196] (px4_msgs) StdoutLine: {'line': b'-- Up-to-date: /home/nicolas/ws_ros2/install/px4_msgs/include/px4_msgs/px4_msgs/msg/detail/heater_status__type_support.c\n'}
[0.827227] (px4_msgs) StdoutLine: {'line': b'-- Up-to-date: /home/nicolas/ws_ros2/install/px4_msgs/include/px4_msgs/px4_msgs/msg/detail/pwm_input__type_support.c\n'}
[0.827259] (px4_msgs) StdoutLine: {'line': b'-- Up-to-date: /home/nicolas/ws_ros2/install/px4_msgs/include/px4_msgs/px4_msgs/msg/detail/estimator_aid_source2d__type_support.c\n'}
[0.827300] (px4_msgs) StdoutLine: {'line': b'-- Up-to-date: /home/nicolas/ws_ros2/install/px4_msgs/include/px4_msgs/px4_msgs/msg/detail/gpio_in__type_support.c\n'}
[0.827330] (px4_msgs) StdoutLine: {'line': b'-- Up-to-date: /home/nicolas/ws_ros2/install/px4_msgs/include/px4_msgs/px4_msgs/msg/detail/position_setpoint_triplet__rosidl_typesupport_introspection_c.h\n'}
[0.827357] (px4_msgs) StdoutLine: {'line': b'-- Up-to-date: /home/nicolas/ws_ros2/install/px4_msgs/include/px4_msgs/px4_msgs/msg/detail/vehicle_global_position__type_support.c\n'}
[0.827386] (px4_msgs) StdoutLine: {'line': b'-- Up-to-date: /home/nicolas/ws_ros2/install/px4_msgs/include/px4_msgs/px4_msgs/msg/detail/mission_result__rosidl_typesupport_introspection_c.h\n'}
[0.827414] (px4_msgs) StdoutLine: {'line': b'-- Up-to-date: /home/nicolas/ws_ros2/install/px4_msgs/include/px4_msgs/px4_msgs/msg/detail/vehicle_imu_status__rosidl_typesupport_introspection_c.h\n'}
[0.827442] (px4_msgs) StdoutLine: {'line': b'-- Up-to-date: /home/nicolas/ws_ros2/install/px4_msgs/include/px4_msgs/px4_msgs/msg/detail/distance_sensor_mode_change_request__type_support.c\n'}
[0.827475] (px4_msgs) StdoutLine: {'line': b'-- Up-to-date: /home/nicolas/ws_ros2/install/px4_msgs/include/px4_msgs/px4_msgs/msg/detail/launch_detection_status__rosidl_typesupport_introspection_c.h\n'}
[0.827507] (px4_msgs) StdoutLine: {'line': b'-- Up-to-date: /home/nicolas/ws_ros2/install/px4_msgs/include/px4_msgs/px4_msgs/msg/detail/geofence_result__type_support.c\n'}
[0.827538] (px4_msgs) StdoutLine: {'line': b'-- Up-to-date: /home/nicolas/ws_ros2/install/px4_msgs/include/px4_msgs/px4_msgs/msg/detail/estimator_states__rosidl_typesupport_introspection_c.h\n'}
[0.827569] (px4_msgs) StdoutLine: {'line': b'-- Up-to-date: /home/nicolas/ws_ros2/install/px4_msgs/include/px4_msgs/px4_msgs/msg/detail/geofence_status__rosidl_typesupport_introspection_c.h\n'}
[0.827599] (px4_msgs) StdoutLine: {'line': b'-- Up-to-date: /home/nicolas/ws_ros2/install/px4_msgs/include/px4_msgs/px4_msgs/msg/detail/fixed_wing_lateral_setpoint__rosidl_typesupport_introspection_c.h\n'}
[0.827640] (px4_msgs) StdoutLine: {'line': b'-- Up-to-date: /home/nicolas/ws_ros2/install/px4_msgs/include/px4_msgs/px4_msgs/msg/detail/mission_result__type_support.c\n'}
[0.827669] (px4_msgs) StdoutLine: {'line': b'-- Up-to-date: /home/nicolas/ws_ros2/install/px4_msgs/include/px4_msgs/px4_msgs/msg/detail/estimator_states__type_support.c\n'}
[0.827697] (px4_msgs) StdoutLine: {'line': b'-- Up-to-date: /home/nicolas/ws_ros2/install/px4_msgs/include/px4_msgs/px4_msgs/msg/detail/vehicle_local_position_setpoint__rosidl_typesupport_introspection_c.h\n'}
[0.827725] (px4_msgs) StdoutLine: {'line': b'-- Up-to-date: /home/nicolas/ws_ros2/install/px4_msgs/include/px4_msgs/px4_msgs/msg/detail/airspeed_validated__rosidl_typesupport_introspection_c.h\n'}
[0.827758] (px4_msgs) StdoutLine: {'line': b'-- Up-to-date: /home/nicolas/ws_ros2/install/px4_msgs/include/px4_msgs/px4_msgs/msg/detail/rover_steering_setpoint__type_support.c\n'}
[0.827786] (px4_msgs) StdoutLine: {'line': b'-- Up-to-date: /home/nicolas/ws_ros2/install/px4_msgs/include/px4_msgs/px4_msgs/msg/detail/fixed_wing_longitudinal_setpoint__rosidl_typesupport_introspection_c.h\n'}
[0.827816] (px4_msgs) StdoutLine: {'line': b'-- Up-to-date: /home/nicolas/ws_ros2/install/px4_msgs/include/px4_msgs/px4_msgs/msg/detail/onboard_computer_status__rosidl_typesupport_introspection_c.h\n'}
[0.827846] (px4_msgs) StdoutLine: {'line': b'-- Up-to-date: /home/nicolas/ws_ros2/install/px4_msgs/include/px4_msgs/px4_msgs/msg/detail/battery_info__type_support.c\n'}
[0.827877] (px4_msgs) StdoutLine: {'line': b'-- Up-to-date: /home/nicolas/ws_ros2/install/px4_msgs/include/px4_msgs/px4_msgs/msg/detail/estimator_bias3d__rosidl_typesupport_introspection_c.h\n'}
[0.827907] (px4_msgs) StdoutLine: {'line': b'-- Up-to-date: /home/nicolas/ws_ros2/install/px4_msgs/include/px4_msgs/px4_msgs/msg/detail/tune_control__rosidl_typesupport_introspection_c.h\n'}
[0.827937] (px4_msgs) StdoutLine: {'line': b'-- Up-to-date: /home/nicolas/ws_ros2/install/px4_msgs/include/px4_msgs/px4_msgs/msg/detail/estimator_event_flags__type_support.c\n'}
[0.827976] (px4_msgs) StdoutLine: {'line': b'-- Up-to-date: /home/nicolas/ws_ros2/install/px4_msgs/include/px4_msgs/px4_msgs/msg/detail/vtol_vehicle_status__rosidl_typesupport_introspection_c.h\n'}
[0.828004] (px4_msgs) StdoutLine: {'line': b'-- Up-to-date: /home/nicolas/ws_ros2/install/px4_msgs/include/px4_msgs/px4_msgs/msg/detail/fixed_wing_runway_control__rosidl_typesupport_introspection_c.h\n'}
[0.828034] (px4_msgs) StdoutLine: {'line': b'-- Up-to-date: /home/nicolas/ws_ros2/install/px4_msgs/include/px4_msgs/px4_msgs/msg/detail/mavlink_log__rosidl_typesupport_introspection_c.h\n'}
[0.828073] (px4_msgs) StdoutLine: {'line': b'-- Up-to-date: /home/nicolas/ws_ros2/install/px4_msgs/include/px4_msgs/px4_msgs/msg/detail/airspeed__type_support.c\n'}
[0.828102] (px4_msgs) StdoutLine: {'line': b'-- Up-to-date: /home/nicolas/ws_ros2/install/px4_msgs/include/px4_msgs/px4_msgs/msg/detail/landing_gear_wheel__type_support.c\n'}
[0.828133] (px4_msgs) StdoutLine: {'line': b'-- Up-to-date: /home/nicolas/ws_ros2/install/px4_msgs/include/px4_msgs/px4_msgs/msg/detail/vehicle_local_position__type_support.c\n'}
[0.828161] (px4_msgs) StdoutLine: {'line': b'-- Up-to-date: /home/nicolas/ws_ros2/install/px4_msgs/include/px4_msgs/px4_msgs/msg/detail/debug_array__type_support.c\n'}
[0.828187] (px4_msgs) StdoutLine: {'line': b'-- Up-to-date: /home/nicolas/ws_ros2/install/px4_msgs/include/px4_msgs/px4_msgs/msg/detail/rover_rate_status__rosidl_typesupport_introspection_c.h\n'}
[0.828216] (px4_msgs) StdoutLine: {'line': b'-- Up-to-date: /home/nicolas/ws_ros2/install/px4_msgs/include/px4_msgs/px4_msgs/msg/detail/estimator_event_flags__rosidl_typesupport_introspection_c.h\n'}
[0.828246] (px4_msgs) StdoutLine: {'line': b'-- Up-to-date: /home/nicolas/ws_ros2/install/px4_msgs/include/px4_msgs/px4_msgs/msg/detail/dataman_request__rosidl_typesupport_introspection_c.h\n'}
[0.828276] (px4_msgs) StdoutLine: {'line': b'-- Up-to-date: /home/nicolas/ws_ros2/install/px4_msgs/include/px4_msgs/px4_msgs/msg/detail/follow_target_estimator__rosidl_typesupport_introspection_c.h\n'}
[0.828305] (px4_msgs) StdoutLine: {'line': b'-- Up-to-date: /home/nicolas/ws_ros2/install/px4_msgs/include/px4_msgs/px4_msgs/msg/detail/open_drone_id_operator_id__type_support.c\n'}
[0.828334] (px4_msgs) StdoutLine: {'line': b'-- Up-to-date: /home/nicolas/ws_ros2/install/px4_msgs/include/px4_msgs/px4_msgs/msg/detail/orb_test_large__type_support.c\n'}
[0.828364] (px4_msgs) StdoutLine: {'line': b'-- Up-to-date: /home/nicolas/ws_ros2/install/px4_msgs/include/px4_msgs/px4_msgs/msg/detail/estimator_gps_status__rosidl_typesupport_introspection_c.h\n'}
[0.828393] (px4_msgs) StdoutLine: {'line': b'-- Up-to-date: /home/nicolas/ws_ros2/install/px4_msgs/include/px4_msgs/px4_msgs/msg/detail/collision_constraints__type_support.c\n'}
[0.828422] (px4_msgs) StdoutLine: {'line': b'-- Up-to-date: /home/nicolas/ws_ros2/install/px4_msgs/include/px4_msgs/px4_msgs/msg/detail/orb_test_medium__type_support.c\n'}
[0.828454] (px4_msgs) StdoutLine: {'line': b'-- Up-to-date: /home/nicolas/ws_ros2/install/px4_msgs/include/px4_msgs/px4_msgs/msg/detail/rtl_status__type_support.c\n'}
[0.828485] (px4_msgs) StdoutLine: {'line': b'-- Up-to-date: /home/nicolas/ws_ros2/install/px4_msgs/include/px4_msgs/px4_msgs/msg/detail/mode_completed__type_support.c\n'}
[0.828514] (px4_msgs) StdoutLine: {'line': b'-- Up-to-date: /home/nicolas/ws_ros2/install/px4_msgs/include/px4_msgs/px4_msgs/msg/detail/actuator_outputs__rosidl_typesupport_introspection_c.h\n'}
[0.828544] (px4_msgs) StdoutLine: {'line': b'-- Up-to-date: /home/nicolas/ws_ros2/install/px4_msgs/include/px4_msgs/px4_msgs/msg/detail/sensor_preflight_mag__rosidl_typesupport_introspection_c.h\n'}
[0.828573] (px4_msgs) StdoutLine: {'line': b'-- Up-to-date: /home/nicolas/ws_ros2/install/px4_msgs/include/px4_msgs/px4_msgs/msg/detail/parameter_set_value_request__rosidl_typesupport_introspection_c.h\n'}
[0.828614] (px4_msgs) StdoutLine: {'line': b'-- Up-to-date: /home/nicolas/ws_ros2/install/px4_msgs/include/px4_msgs/px4_msgs/msg/detail/vehicle_attitude_setpoint__type_support.c\n'}
[0.828643] (px4_msgs) StdoutLine: {'line': b'-- Up-to-date: /home/nicolas/ws_ros2/install/px4_msgs/include/px4_msgs/px4_msgs/msg/detail/vehicle_optical_flow__rosidl_typesupport_introspection_c.h\n'}
[0.828675] (px4_msgs) StdoutLine: {'line': b'-- Up-to-date: /home/nicolas/ws_ros2/install/px4_msgs/include/px4_msgs/px4_msgs/msg/detail/orbit_status__type_support.c\n'}
[0.828702] (px4_msgs) StdoutLine: {'line': b'-- Up-to-date: /home/nicolas/ws_ros2/install/px4_msgs/include/px4_msgs/px4_msgs/msg/detail/vehicle_attitude__type_support.c\n'}
[0.828729] (px4_msgs) StdoutLine: {'line': b'-- Up-to-date: /home/nicolas/ws_ros2/install/px4_msgs/include/px4_msgs/px4_msgs/msg/detail/rover_attitude_setpoint__rosidl_typesupport_introspection_c.h\n'}
[0.828758] (px4_msgs) StdoutLine: {'line': b'-- Up-to-date: /home/nicolas/ws_ros2/install/px4_msgs/include/px4_msgs/px4_msgs/msg/detail/gimbal_controls__type_support.c\n'}
[0.828787] (px4_msgs) StdoutLine: {'line': b'-- Up-to-date: /home/nicolas/ws_ros2/install/px4_msgs/include/px4_msgs/px4_msgs/msg/detail/rover_speed_status__rosidl_typesupport_introspection_c.h\n'}
[0.828816] (px4_msgs) StdoutLine: {'line': b'-- Up-to-date: /home/nicolas/ws_ros2/install/px4_msgs/include/px4_msgs/px4_msgs/msg/detail/debug_key_value__rosidl_typesupport_introspection_c.h\n'}
[0.828846] (px4_msgs) StdoutLine: {'line': b'-- Up-to-date: /home/nicolas/ws_ros2/install/px4_msgs/include/px4_msgs/px4_msgs/msg/detail/sensor_gnss_status__rosidl_typesupport_introspection_c.h\n'}
[0.828875] (px4_msgs) StdoutLine: {'line': b'-- Up-to-date: /home/nicolas/ws_ros2/install/px4_msgs/include/px4_msgs/px4_msgs/msg/detail/estimator_selector_status__rosidl_typesupport_introspection_c.h\n'}
[0.828916] (px4_msgs) StdoutLine: {'line': b'-- Up-to-date: /home/nicolas/ws_ros2/install/px4_msgs/include/px4_msgs/px4_msgs/msg/detail/debug_vect__rosidl_typesupport_introspection_c.h\n'}
[0.828946] (px4_msgs) StdoutLine: {'line': b'-- Up-to-date: /home/nicolas/ws_ros2/install/px4_msgs/include/px4_msgs/px4_msgs/msg/detail/sensor_gnss_status__type_support.c\n'}
[0.828976] (px4_msgs) StdoutLine: {'line': b'-- Up-to-date: /home/nicolas/ws_ros2/install/px4_msgs/include/px4_msgs/px4_msgs/msg/detail/open_drone_id_self_id__type_support.c\n'}
[0.829006] (px4_msgs) StdoutLine: {'line': b'-- Up-to-date: /home/nicolas/ws_ros2/install/px4_msgs/include/px4_msgs/px4_msgs/msg/detail/launch_detection_status__type_support.c\n'}
[0.829035] (px4_msgs) StdoutLine: {'line': b'-- Up-to-date: /home/nicolas/ws_ros2/install/px4_msgs/include/px4_msgs/px4_msgs/msg/detail/position_controller_landing_status__rosidl_typesupport_introspection_c.h\n'}
[0.829065] (px4_msgs) StdoutLine: {'line': b'-- Up-to-date: /home/nicolas/ws_ros2/install/px4_msgs/include/px4_msgs/px4_msgs/msg/detail/vehicle_attitude__rosidl_typesupport_introspection_c.h\n'}
[0.829103] (px4_msgs) StdoutLine: {'line': b'-- Up-to-date: /home/nicolas/ws_ros2/install/px4_msgs/include/px4_msgs/px4_msgs/msg/detail/adc_report__type_support.c\n'}
[0.829132] (px4_msgs) StdoutLine: {'line': b'-- Up-to-date: /home/nicolas/ws_ros2/install/px4_msgs/include/px4_msgs/px4_msgs/msg/detail/sensor_optical_flow__rosidl_typesupport_introspection_c.h\n'}
[0.829162] (px4_msgs) StdoutLine: {'line': b'-- Up-to-date: /home/nicolas/ws_ros2/install/px4_msgs/include/px4_msgs/px4_msgs/msg/detail/telemetry_status__rosidl_typesupport_introspection_c.h\n'}
[0.829191] (px4_msgs) StdoutLine: {'line': b'-- Up-to-date: /home/nicolas/ws_ros2/install/px4_msgs/include/px4_msgs/px4_msgs/msg/detail/gpio_out__type_support.c\n'}
[0.829220] (px4_msgs) StdoutLine: {'line': b'-- Up-to-date: /home/nicolas/ws_ros2/install/px4_msgs/include/px4_msgs/px4_msgs/msg/detail/vehicle_rates_setpoint__rosidl_typesupport_introspection_c.h\n'}
[0.829250] (px4_msgs) StdoutLine: {'line': b'-- Up-to-date: /home/nicolas/ws_ros2/install/px4_msgs/include/px4_msgs/px4_msgs/msg/detail/actuator_motors__type_support.c\n'}
[0.829280] (px4_msgs) StdoutLine: {'line': b'-- Up-to-date: /home/nicolas/ws_ros2/install/px4_msgs/include/px4_msgs/px4_msgs/msg/detail/wind__rosidl_typesupport_introspection_c.h\n'}
[0.829318] (px4_msgs) StdoutLine: {'line': b'-- Up-to-date: /home/nicolas/ws_ros2/install/px4_msgs/include/px4_msgs/px4_msgs/msg/detail/position_controller_status__rosidl_typesupport_introspection_c.h\n'}
[0.829353] (px4_msgs) StdoutLine: {'line': b'-- Up-to-date: /home/nicolas/ws_ros2/install/px4_msgs/include/px4_msgs/px4_msgs/msg/detail/yaw_estimator_status__rosidl_typesupport_introspection_c.h\n'}
[0.829381] (px4_msgs) StdoutLine: {'line': b'-- Up-to-date: /home/nicolas/ws_ros2/install/px4_msgs/include/px4_msgs/px4_msgs/msg/detail/home_position__rosidl_typesupport_introspection_c.h\n'}
[0.829410] (px4_msgs) StdoutLine: {'line': b'-- Up-to-date: /home/nicolas/ws_ros2/install/px4_msgs/include/px4_msgs/px4_msgs/msg/detail/rover_position_setpoint__rosidl_typesupport_introspection_c.h\n'}
[0.829465] (px4_msgs) StdoutLine: {'line': b'-- Up-to-date: /home/nicolas/ws_ros2/install/px4_msgs/include/px4_msgs/px4_msgs/msg/detail/sensors_status_imu__rosidl_typesupport_introspection_c.h\n'}
[0.829520] (px4_msgs) StdoutLine: {'line': b'-- Up-to-date: /home/nicolas/ws_ros2/install/px4_msgs/include/px4_msgs/px4_msgs/msg/detail/collision_constraints__rosidl_typesupport_introspection_c.h\n'}
[0.829583] (px4_msgs) StdoutLine: {'line': b'-- Up-to-date: /home/nicolas/ws_ros2/install/px4_msgs/include/px4_msgs/px4_msgs/msg/detail/internal_combustion_engine_control__rosidl_typesupport_introspection_c.h\n'}
[0.829615] (px4_msgs) StdoutLine: {'line': b'-- Up-to-date: /home/nicolas/ws_ros2/install/px4_msgs/include/px4_msgs/px4_msgs/msg/detail/actuator_servos_trim__type_support.c\n'}
[0.829650] (px4_msgs) StdoutLine: {'line': b'-- Up-to-date: /home/nicolas/ws_ros2/install/px4_msgs/include/px4_msgs/px4_msgs/msg/detail/magnetometer_bias_estimate__rosidl_typesupport_introspection_c.h\n'}
[0.829680] (px4_msgs) StdoutLine: {'line': b'-- Up-to-date: /home/nicolas/ws_ros2/install/px4_msgs/include/px4_msgs/px4_msgs/msg/detail/vehicle_odometry__rosidl_typesupport_introspection_c.h\n'}
[0.829711] (px4_msgs) StdoutLine: {'line': b'-- Up-to-date: /home/nicolas/ws_ros2/install/px4_msgs/include/px4_msgs/px4_msgs/msg/detail/airspeed_validated__type_support.c\n'}
[0.829742] (px4_msgs) StdoutLine: {'line': b'-- Up-to-date: /home/nicolas/ws_ros2/install/px4_msgs/include/px4_msgs/px4_msgs/msg/detail/irlock_report__type_support.c\n'}
[0.829771] (px4_msgs) StdoutLine: {'line': b'-- Up-to-date: /home/nicolas/ws_ros2/install/px4_msgs/include/px4_msgs/px4_msgs/msg/detail/position_controller_status__type_support.c\n'}
[0.829801] (px4_msgs) StdoutLine: {'line': b'-- Up-to-date: /home/nicolas/ws_ros2/install/px4_msgs/include/px4_msgs/px4_msgs/msg/detail/parameter_set_value_request__type_support.c\n'}
[0.829831] (px4_msgs) StdoutLine: {'line': b'-- Up-to-date: /home/nicolas/ws_ros2/install/px4_msgs/include/px4_msgs/px4_msgs/msg/detail/sensor_gyro__type_support.c\n'}
[0.829873] (px4_msgs) StdoutLine: {'line': b'-- Up-to-date: /home/nicolas/ws_ros2/install/px4_msgs/include/px4_msgs/px4_msgs/msg/detail/gripper__type_support.c\n'}
[0.829902] (px4_msgs) StdoutLine: {'line': b'-- Up-to-date: /home/nicolas/ws_ros2/install/px4_msgs/include/px4_msgs/px4_msgs/msg/detail/goto_setpoint__type_support.c\n'}
[0.829930] (px4_msgs) StdoutLine: {'line': b'-- Up-to-date: /home/nicolas/ws_ros2/install/px4_msgs/include/px4_msgs/px4_msgs/msg/detail/input_rc__type_support.c\n'}
[0.829957] (px4_msgs) StdoutLine: {'line': b'-- Up-to-date: /home/nicolas/ws_ros2/install/px4_msgs/include/px4_msgs/px4_msgs/msg/detail/dronecan_node_status__type_support.c\n'}
[0.829984] (px4_msgs) StdoutLine: {'line': b'-- Up-to-date: /home/nicolas/ws_ros2/install/px4_msgs/include/px4_msgs/px4_msgs/msg/detail/goto_setpoint__rosidl_typesupport_introspection_c.h\n'}
[0.830011] (px4_msgs) StdoutLine: {'line': b'-- Up-to-date: /home/nicolas/ws_ros2/install/px4_msgs/include/px4_msgs/px4_msgs/msg/detail/position_setpoint__rosidl_typesupport_introspection_c.h\n'}
[0.830039] (px4_msgs) StdoutLine: {'line': b'-- Up-to-date: /home/nicolas/ws_ros2/install/px4_msgs/include/px4_msgs/px4_msgs/msg/detail/vehicle_rates_setpoint__type_support.c\n'}
[0.830070] (px4_msgs) StdoutLine: {'line': b'-- Up-to-date: /home/nicolas/ws_ros2/install/px4_msgs/include/px4_msgs/px4_msgs/msg/detail/gpio_config__rosidl_typesupport_introspection_c.h\n'}
[0.830099] (px4_msgs) StdoutLine: {'line': b'-- Up-to-date: /home/nicolas/ws_ros2/install/px4_msgs/include/px4_msgs/px4_msgs/msg/detail/manual_control_switches__type_support.c\n'}
[0.830128] (px4_msgs) StdoutLine: {'line': b'-- Up-to-date: /home/nicolas/ws_ros2/install/px4_msgs/include/px4_msgs/px4_msgs/msg/detail/wind__type_support.c\n'}
[0.830166] (px4_msgs) StdoutLine: {'line': b'-- Up-to-date: /home/nicolas/ws_ros2/install/px4_msgs/include/px4_msgs/px4_msgs/msg/detail/offboard_control_mode__rosidl_typesupport_introspection_c.h\n'}
[0.830193] (px4_msgs) StdoutLine: {'line': b'-- Up-to-date: /home/nicolas/ws_ros2/install/px4_msgs/include/px4_msgs/px4_msgs/msg/detail/sensor_correction__rosidl_typesupport_introspection_c.h\n'}
[0.830220] (px4_msgs) StdoutLine: {'line': b'-- Up-to-date: /home/nicolas/ws_ros2/install/px4_msgs/include/px4_msgs/px4_msgs/msg/detail/manual_control_switches__rosidl_typesupport_introspection_c.h\n'}
[0.830248] (px4_msgs) StdoutLine: {'line': b'-- Up-to-date: /home/nicolas/ws_ros2/install/px4_msgs/include/px4_msgs/px4_msgs/msg/detail/event__type_support.c\n'}
[0.830277] (px4_msgs) StdoutLine: {'line': b'-- Up-to-date: /home/nicolas/ws_ros2/install/px4_msgs/include/px4_msgs/px4_msgs/msg/detail/battery_status__rosidl_typesupport_introspection_c.h\n'}
[0.830306] (px4_msgs) StdoutLine: {'line': b'-- Up-to-date: /home/nicolas/ws_ros2/install/px4_msgs/include/px4_msgs/px4_msgs/msg/detail/vehicle_optical_flow_vel__type_support.c\n'}
[0.830336] (px4_msgs) StdoutLine: {'line': b'-- Up-to-date: /home/nicolas/ws_ros2/install/px4_msgs/include/px4_msgs/px4_msgs/msg/detail/rate_ctrl_status__type_support.c\n'}
[0.830365] (px4_msgs) StdoutLine: {'line': b'-- Up-to-date: /home/nicolas/ws_ros2/install/px4_msgs/include/px4_msgs/px4_msgs/msg/detail/rover_rate_setpoint__rosidl_typesupport_introspection_c.h\n'}
[0.830428] (px4_msgs) StdoutLine: {'line': b'-- Up-to-date: /home/nicolas/ws_ros2/install/px4_msgs/include/px4_msgs/px4_msgs/msg/detail/rover_attitude_status__rosidl_typesupport_introspection_c.h\n'}
[0.830491] (px4_msgs) StdoutLine: {'line': b'-- Up-to-date: /home/nicolas/ws_ros2/install/px4_msgs/include/px4_msgs/px4_msgs/msg/detail/neural_control__rosidl_typesupport_introspection_c.h\n'}
[0.830539] (px4_msgs) StdoutLine: {'line': b'-- Up-to-date: /home/nicolas/ws_ros2/install/px4_msgs/include/px4_msgs/px4_msgs/msg/detail/rover_speed_status__type_support.c\n'}
[0.830568] (px4_msgs) StdoutLine: {'line': b'-- Up-to-date: /home/nicolas/ws_ros2/install/px4_msgs/include/px4_msgs/px4_msgs/msg/detail/sensor_gnss_relative__rosidl_typesupport_introspection_c.h\n'}
[0.830598] (px4_msgs) StdoutLine: {'line': b'-- Up-to-date: /home/nicolas/ws_ros2/install/px4_msgs/include/px4_msgs/px4_msgs/msg/detail/vehicle_air_data__rosidl_typesupport_introspection_c.h\n'}
[0.830640] (px4_msgs) StdoutLine: {'line': b'-- Up-to-date: /home/nicolas/ws_ros2/install/px4_msgs/include/px4_msgs/px4_msgs/msg/detail/autotune_attitude_control_status__type_support.c\n'}
[0.830668] (px4_msgs) StdoutLine: {'line': b'-- Up-to-date: /home/nicolas/ws_ros2/install/px4_msgs/include/px4_msgs/px4_msgs/msg/detail/follow_target__type_support.c\n'}
[0.830696] (px4_msgs) StdoutLine: {'line': b'-- Up-to-date: /home/nicolas/ws_ros2/install/px4_msgs/include/px4_msgs/px4_msgs/msg/detail/ulog_stream_ack__type_support.c\n'}
[0.830724] (px4_msgs) StdoutLine: {'line': b'-- Up-to-date: /home/nicolas/ws_ros2/install/px4_msgs/include/px4_msgs/px4_msgs/msg/detail/vehicle_roi__type_support.c\n'}
[0.830751] (px4_msgs) StdoutLine: {'line': b'-- Up-to-date: /home/nicolas/ws_ros2/install/px4_msgs/include/px4_msgs/px4_msgs/msg/detail/gimbal_device_set_attitude__rosidl_typesupport_introspection_c.h\n'}
[0.830788] (px4_msgs) StdoutLine: {'line': b'-- Up-to-date: /home/nicolas/ws_ros2/install/px4_msgs/include/px4_msgs/px4_msgs/msg/detail/sensor_selection__rosidl_typesupport_introspection_c.h\n'}
[0.830819] (px4_msgs) StdoutLine: {'line': b'-- Up-to-date: /home/nicolas/ws_ros2/install/px4_msgs/include/px4_msgs/px4_msgs/msg/detail/gimbal_device_attitude_status__type_support.c\n'}
[0.830846] (px4_msgs) StdoutLine: {'line': b'-- Up-to-date: /home/nicolas/ws_ros2/install/px4_msgs/include/px4_msgs/px4_msgs/msg/detail/actuator_armed__rosidl_typesupport_introspection_c.h\n'}
[0.830874] (px4_msgs) StdoutLine: {'line': b'-- Up-to-date: /home/nicolas/ws_ros2/install/px4_msgs/include/px4_msgs/px4_msgs/msg/detail/rpm__rosidl_typesupport_introspection_c.h\n'}
[0.830901] (px4_msgs) StdoutLine: {'line': b'-- Up-to-date: /home/nicolas/ws_ros2/install/px4_msgs/include/px4_msgs/px4_msgs/msg/detail/rover_speed_setpoint__type_support.c\n'}
[0.830928] (px4_msgs) StdoutLine: {'line': b'-- Up-to-date: /home/nicolas/ws_ros2/install/px4_msgs/include/px4_msgs/px4_msgs/msg/detail/vehicle_local_position_setpoint__type_support.c\n'}
[0.830956] (px4_msgs) StdoutLine: {'line': b'-- Up-to-date: /home/nicolas/ws_ros2/install/px4_msgs/include/px4_msgs/px4_msgs/msg/detail/vehicle_air_data__type_support.c\n'}
[0.830985] (px4_msgs) StdoutLine: {'line': b'-- Up-to-date: /home/nicolas/ws_ros2/install/px4_msgs/include/px4_msgs/px4_msgs/msg/detail/sensor_mag__type_support.c\n'}
[0.831014] (px4_msgs) StdoutLine: {'line': b'-- Up-to-date: /home/nicolas/ws_ros2/install/px4_msgs/include/px4_msgs/px4_msgs/msg/detail/gimbal_manager_set_manual_control__type_support.c\n'}
[0.831043] (px4_msgs) StdoutLine: {'line': b'-- Up-to-date: /home/nicolas/ws_ros2/install/px4_msgs/include/px4_msgs/px4_msgs/msg/detail/vehicle_constraints__type_support.c\n'}
[0.831072] (px4_msgs) StdoutLine: {'line': b'-- Up-to-date: /home/nicolas/ws_ros2/install/px4_msgs/include/px4_msgs/px4_msgs/msg/detail/tiltrotor_extra_controls__rosidl_typesupport_introspection_c.h\n'}
[0.831101] (px4_msgs) StdoutLine: {'line': b'-- Up-to-date: /home/nicolas/ws_ros2/install/px4_msgs/include/px4_msgs/px4_msgs/msg/detail/actuator_controls_status__type_support.c\n'}
[0.831131] (px4_msgs) StdoutLine: {'line': b'-- Up-to-date: /home/nicolas/ws_ros2/install/px4_msgs/include/px4_msgs/px4_msgs/msg/detail/orbit_status__rosidl_typesupport_introspection_c.h\n'}
[0.831160] (px4_msgs) StdoutLine: {'line': b'-- Up-to-date: /home/nicolas/ws_ros2/install/px4_msgs/include/px4_msgs/px4_msgs/msg/detail/distance_sensor_mode_change_request__rosidl_typesupport_introspection_c.h\n'}
[0.831199] (px4_msgs) StdoutLine: {'line': b'-- Up-to-date: /home/nicolas/ws_ros2/install/px4_msgs/include/px4_msgs/px4_msgs/msg/detail/rtl_time_estimate__rosidl_typesupport_introspection_c.h\n'}
[0.831229] (px4_msgs) StdoutLine: {'line': b'-- Up-to-date: /home/nicolas/ws_ros2/install/px4_msgs/include/px4_msgs/px4_msgs/msg/detail/sensor_gnss_relative__type_support.c\n'}
[0.831259] (px4_msgs) StdoutLine: {'line': b'-- Up-to-date: /home/nicolas/ws_ros2/install/px4_msgs/include/px4_msgs/px4_msgs/msg/detail/follow_target_estimator__type_support.c\n'}
[0.831288] (px4_msgs) StdoutLine: {'line': b'-- Up-to-date: /home/nicolas/ws_ros2/install/px4_msgs/include/px4_msgs/px4_msgs/msg/detail/power_button_state__rosidl_typesupport_introspection_c.h\n'}
[0.831318] (px4_msgs) StdoutLine: {'line': b'-- Up-to-date: /home/nicolas/ws_ros2/install/px4_msgs/include/px4_msgs/px4_msgs/msg/detail/action_request__rosidl_typesupport_introspection_c.h\n'}
[0.831348] (px4_msgs) StdoutLine: {'line': b'-- Up-to-date: /home/nicolas/ws_ros2/install/px4_msgs/include/px4_msgs/px4_msgs/msg/detail/lateral_control_configuration__rosidl_typesupport_introspection_c.h\n'}
[0.831377] (px4_msgs) StdoutLine: {'line': b'-- Up-to-date: /home/nicolas/ws_ros2/install/px4_msgs/include/px4_msgs/px4_msgs/msg/detail/estimator_innovations__type_support.c\n'}
[0.831407] (px4_msgs) StdoutLine: {'line': b'-- Up-to-date: /home/nicolas/ws_ros2/install/px4_msgs/include/px4_msgs/px4_msgs/msg/detail/flight_phase_estimation__rosidl_typesupport_introspection_c.h\n'}
[0.831445] (px4_msgs) StdoutLine: {'line': b'-- Up-to-date: /home/nicolas/ws_ros2/install/px4_msgs/include/px4_msgs/px4_msgs/msg/detail/gpio_in__rosidl_typesupport_introspection_c.h\n'}
[0.831479] (px4_msgs) StdoutLine: {'line': b'-- Up-to-date: /home/nicolas/ws_ros2/install/px4_msgs/include/px4_msgs/px4_msgs/msg/detail/battery_status__type_support.c\n'}
[0.831507] (px4_msgs) StdoutLine: {'line': b'-- Up-to-date: /home/nicolas/ws_ros2/install/px4_msgs/include/px4_msgs/px4_msgs/msg/detail/can_interface_status__rosidl_typesupport_introspection_c.h\n'}
[0.831547] (px4_msgs) StdoutLine: {'line': b'-- Up-to-date: /home/nicolas/ws_ros2/install/px4_msgs/include/px4_msgs/px4_msgs/msg/detail/satellite_info__rosidl_typesupport_introspection_c.h\n'}
[0.831574] (px4_msgs) StdoutLine: {'line': b'-- Up-to-date: /home/nicolas/ws_ros2/install/px4_msgs/include/px4_msgs/px4_msgs/msg/detail/battery_info__rosidl_typesupport_introspection_c.h\n'}
[0.831603] (px4_msgs) StdoutLine: {'line': b'-- Up-to-date: /home/nicolas/ws_ros2/install/px4_msgs/include/px4_msgs/px4_msgs/msg/detail/fixed_wing_lateral_status__rosidl_typesupport_introspection_c.h\n'}
[0.831632] (px4_msgs) StdoutLine: {'line': b'-- Up-to-date: /home/nicolas/ws_ros2/install/px4_msgs/include/px4_msgs/px4_msgs/msg/detail/hover_thrust_estimate__type_support.c\n'}
[0.831660] (px4_msgs) StdoutLine: {'line': b'-- Up-to-date: /home/nicolas/ws_ros2/install/px4_msgs/include/px4_msgs/px4_msgs/msg/detail/landing_gear_wheel__rosidl_typesupport_introspection_c.h\n'}
[0.831688] (px4_msgs) StdoutLine: {'line': b'-- Up-to-date: /home/nicolas/ws_ros2/install/px4_msgs/include/px4_msgs/px4_msgs/msg/detail/telemetry_status__type_support.c\n'}
[0.831715] (px4_msgs) StdoutLine: {'line': b'-- Up-to-date: /home/nicolas/ws_ros2/install/px4_msgs/include/px4_msgs/px4_msgs/msg/detail/estimator_bias3d__type_support.c\n'}
[0.831741] (px4_msgs) StdoutLine: {'line': b'-- Up-to-date: /home/nicolas/ws_ros2/install/px4_msgs/include/px4_msgs/px4_msgs/msg/detail/logger_status__type_support.c\n'}
[0.831769] (px4_msgs) StdoutLine: {'line': b'-- Up-to-date: /home/nicolas/ws_ros2/install/px4_msgs/include/px4_msgs/px4_msgs/msg/detail/longitudinal_control_configuration__rosidl_typesupport_introspection_c.h\n'}
[0.831795] (px4_msgs) StdoutLine: {'line': b'-- Up-to-date: /home/nicolas/ws_ros2/install/px4_msgs/include/px4_msgs/px4_msgs/msg/detail/failure_detector_status__rosidl_typesupport_introspection_c.h\n'}
[0.831823] (px4_msgs) StdoutLine: {'line': b'-- Up-to-date: /home/nicolas/ws_ros2/install/px4_msgs/include/px4_msgs/px4_msgs/msg/detail/unregister_ext_component__rosidl_typesupport_introspection_c.h\n'}
[0.831850] (px4_msgs) StdoutLine: {'line': b'-- Up-to-date: /home/nicolas/ws_ros2/install/px4_msgs/include/px4_msgs/px4_msgs/msg/detail/open_drone_id_arm_status__rosidl_typesupport_introspection_c.h\n'}
[0.831887] (px4_msgs) StdoutLine: {'line': b'-- Up-to-date: /home/nicolas/ws_ros2/install/px4_msgs/include/px4_msgs/px4_msgs/msg/detail/landing_target_pose__rosidl_typesupport_introspection_c.h\n'}
[0.831916] (px4_msgs) StdoutLine: {'line': b'-- Up-to-date: /home/nicolas/ws_ros2/install/px4_msgs/include/px4_msgs/px4_msgs/msg/detail/debug_array__rosidl_typesupport_introspection_c.h\n'}
[0.831945] (px4_msgs) StdoutLine: {'line': b'-- Up-to-date: /home/nicolas/ws_ros2/install/px4_msgs/include/px4_msgs/px4_msgs/msg/detail/takeoff_status__rosidl_typesupport_introspection_c.h\n'}
[0.831975] (px4_msgs) StdoutLine: {'line': b'-- Up-to-date: /home/nicolas/ws_ros2/install/px4_msgs/include/px4_msgs/px4_msgs/msg/detail/pps_capture__type_support.c\n'}
[0.832004] (px4_msgs) StdoutLine: {'line': b'-- Up-to-date: /home/nicolas/ws_ros2/install/px4_msgs/include/px4_msgs/px4_msgs/msg/detail/vehicle_magnetometer__rosidl_typesupport_introspection_c.h\n'}
[0.832033] (px4_msgs) StdoutLine: {'line': b'-- Up-to-date: /home/nicolas/ws_ros2/install/px4_msgs/include/px4_msgs/px4_msgs/msg/detail/register_ext_component_reply__type_support.c\n'}
[0.832062] (px4_msgs) StdoutLine: {'line': b'-- Up-to-date: /home/nicolas/ws_ros2/install/px4_msgs/include/px4_msgs/px4_msgs/msg/detail/unregister_ext_component__type_support.c\n'}
[0.832103] (px4_msgs) StdoutLine: {'line': b'-- Up-to-date: /home/nicolas/ws_ros2/install/px4_msgs/include/px4_msgs/px4_msgs/msg/detail/sensor_accel__rosidl_typesupport_introspection_c.h\n'}
[0.832131] (px4_msgs) StdoutLine: {'line': b'-- Up-to-date: /home/nicolas/ws_ros2/install/px4_msgs/include/px4_msgs/px4_msgs/msg/detail/rate_ctrl_status__rosidl_typesupport_introspection_c.h\n'}
[0.832158] (px4_msgs) StdoutLine: {'line': b'-- Up-to-date: /home/nicolas/ws_ros2/install/px4_msgs/include/px4_msgs/px4_msgs/msg/detail/lateral_control_configuration__type_support.c\n'}
[0.832185] (px4_msgs) StdoutLine: {'line': b'-- Up-to-date: /home/nicolas/ws_ros2/install/px4_msgs/include/px4_msgs/px4_msgs/msg/detail/gimbal_manager_information__type_support.c\n'}
[0.832212] (px4_msgs) StdoutLine: {'line': b'-- Up-to-date: /home/nicolas/ws_ros2/install/px4_msgs/include/px4_msgs/px4_msgs/msg/detail/qshell_retval__type_support.c\n'}
[0.832240] (px4_msgs) StdoutLine: {'line': b'-- Up-to-date: /home/nicolas/ws_ros2/install/px4_msgs/include/px4_msgs/px4_msgs/msg/detail/vehicle_global_position__rosidl_typesupport_introspection_c.h\n'}
[0.832268] (px4_msgs) StdoutLine: {'line': b'-- Up-to-date: /home/nicolas/ws_ros2/install/px4_msgs/include/px4_msgs/px4_msgs/msg/detail/arming_check_request__rosidl_typesupport_introspection_c.h\n'}
[0.832298] (px4_msgs) StdoutLine: {'line': b'-- Up-to-date: /home/nicolas/ws_ros2/install/px4_msgs/include/px4_msgs/px4_msgs/msg/detail/fixed_wing_lateral_guidance_status__type_support.c\n'}
[0.832327] (px4_msgs) StdoutLine: {'line': b'-- Up-to-date: /home/nicolas/ws_ros2/install/px4_msgs/include/px4_msgs/px4_msgs/msg/detail/sensor_airflow__rosidl_typesupport_introspection_c.h\n'}
[0.832356] (px4_msgs) StdoutLine: {'line': b'-- Up-to-date: /home/nicolas/ws_ros2/install/px4_msgs/include/px4_msgs/px4_msgs/msg/detail/rover_attitude_status__type_support.c\n'}
[0.832398] (px4_msgs) StdoutLine: {'line': b'-- Up-to-date: /home/nicolas/ws_ros2/install/px4_msgs/include/px4_msgs/px4_msgs/msg/detail/landing_target_innovations__type_support.c\n'}
[0.832428] (px4_msgs) StdoutLine: {'line': b'-- Up-to-date: /home/nicolas/ws_ros2/install/px4_msgs/include/px4_msgs/px4_msgs/msg/detail/rover_attitude_setpoint__type_support.c\n'}
[0.832459] (px4_msgs) StdoutLine: {'line': b'-- Up-to-date: /home/nicolas/ws_ros2/install/px4_msgs/include/px4_msgs/px4_msgs/msg/detail/longitudinal_control_configuration__type_support.c\n'}
[0.832488] (px4_msgs) StdoutLine: {'line': b'-- Up-to-date: /home/nicolas/ws_ros2/install/px4_msgs/include/px4_msgs/px4_msgs/msg/detail/generator_status__type_support.c\n'}
[0.832516] (px4_msgs) StdoutLine: {'line': b'-- Up-to-date: /home/nicolas/ws_ros2/install/px4_msgs/include/px4_msgs/px4_msgs/msg/detail/internal_combustion_engine_status__type_support.c\n'}
[0.832543] (px4_msgs) StdoutLine: {'line': b'-- Up-to-date: /home/nicolas/ws_ros2/install/px4_msgs/include/px4_msgs/px4_msgs/msg/detail/camera_trigger__rosidl_typesupport_introspection_c.h\n'}
[0.832579] (px4_msgs) StdoutLine: {'line': b'-- Up-to-date: /home/nicolas/ws_ros2/install/px4_msgs/include/px4_msgs/px4_msgs/msg/detail/open_drone_id_self_id__rosidl_typesupport_introspection_c.h\n'}
[0.832607] (px4_msgs) StdoutLine: {'line': b'-- Up-to-date: /home/nicolas/ws_ros2/install/px4_msgs/include/px4_msgs/px4_msgs/msg/detail/rpm__type_support.c\n'}
[0.832634] (px4_msgs) StdoutLine: {'line': b'-- Up-to-date: /home/nicolas/ws_ros2/install/px4_msgs/include/px4_msgs/px4_msgs/msg/detail/distance_sensor__type_support.c\n'}
[0.832662] (px4_msgs) StdoutLine: {'line': b'-- Up-to-date: /home/nicolas/ws_ros2/install/px4_msgs/include/px4_msgs/px4_msgs/msg/detail/pure_pursuit_status__rosidl_typesupport_introspection_c.h\n'}
[0.832690] (px4_msgs) StdoutLine: {'line': b'-- Up-to-date: /home/nicolas/ws_ros2/install/px4_msgs/include/px4_msgs/px4_msgs/msg/detail/log_message__type_support.c\n'}
[0.832716] (px4_msgs) StdoutLine: {'line': b'-- Up-to-date: /home/nicolas/ws_ros2/install/px4_msgs/include/px4_msgs/px4_msgs/msg/detail/rc_parameter_map__rosidl_typesupport_introspection_c.h\n'}
[0.832745] (px4_msgs) StdoutLine: {'line': b'-- Up-to-date: /home/nicolas/ws_ros2/install/px4_msgs/include/px4_msgs/px4_msgs/msg/detail/internal_combustion_engine_status__rosidl_typesupport_introspection_c.h\n'}
[0.832773] (px4_msgs) StdoutLine: {'line': b'-- Up-to-date: /home/nicolas/ws_ros2/install/px4_msgs/include/px4_msgs/px4_msgs/msg/detail/geofence_status__type_support.c\n'}
[0.832803] (px4_msgs) StdoutLine: {'line': b'-- Up-to-date: /home/nicolas/ws_ros2/install/px4_msgs/include/px4_msgs/px4_msgs/msg/detail/debug_value__type_support.c\n'}
[0.832832] (px4_msgs) StdoutLine: {'line': b'-- Up-to-date: /home/nicolas/ws_ros2/install/px4_msgs/include/px4_msgs/px4_msgs/msg/detail/sensor_uwb__type_support.c\n'}
[0.832862] (px4_msgs) StdoutLine: {'line': b'-- Up-to-date: /home/nicolas/ws_ros2/install/px4_msgs/include/px4_msgs/px4_msgs/msg/detail/power_monitor__type_support.c\n'}
[0.832900] (px4_msgs) StdoutLine: {'line': b'-- Up-to-date: /home/nicolas/ws_ros2/install/px4_msgs/include/px4_msgs/px4_msgs/msg/detail/camera_status__type_support.c\n'}
[0.832927] (px4_msgs) StdoutLine: {'line': b'-- Up-to-date: /home/nicolas/ws_ros2/install/px4_msgs/include/px4_msgs/px4_msgs/msg/detail/sensor_gyro_fifo__type_support.c\n'}
[0.832954] (px4_msgs) StdoutLine: {'line': b'-- Up-to-date: /home/nicolas/ws_ros2/install/px4_msgs/include/px4_msgs/px4_msgs/msg/detail/action_request__type_support.c\n'}
[0.832984] (px4_msgs) StdoutLine: {'line': b'-- Up-to-date: /home/nicolas/ws_ros2/install/px4_msgs/include/px4_msgs/px4_msgs/msg/detail/trajectory_setpoint__rosidl_typesupport_introspection_c.h\n'}
[0.833013] (px4_msgs) StdoutLine: {'line': b'-- Up-to-date: /home/nicolas/ws_ros2/install/px4_msgs/include/px4_msgs/px4_msgs/msg/detail/parameter_update__rosidl_typesupport_introspection_c.h\n'}
[0.833042] (px4_msgs) StdoutLine: {'line': b'-- Up-to-date: /home/nicolas/ws_ros2/install/px4_msgs/include/px4_msgs/px4_msgs/msg/detail/magnetometer_bias_estimate__type_support.c\n'}
[0.833072] (px4_msgs) StdoutLine: {'line': b'-- Up-to-date: /home/nicolas/ws_ros2/install/px4_msgs/include/px4_msgs/px4_msgs/msg/detail/failsafe_flags__rosidl_typesupport_introspection_c.h\n'}
[0.833102] (px4_msgs) StdoutLine: {'line': b'-- Up-to-date: /home/nicolas/ws_ros2/install/px4_msgs/include/px4_msgs/px4_msgs/msg/detail/qshell_retval__rosidl_typesupport_introspection_c.h\n'}
[0.833132] (px4_msgs) StdoutLine: {'line': b'-- Up-to-date: /home/nicolas/ws_ros2/install/px4_msgs/include/px4_msgs/px4_msgs/msg/detail/figure_eight_status__rosidl_typesupport_introspection_c.h\n'}
[0.833162] (px4_msgs) StdoutLine: {'line': b'-- Up-to-date: /home/nicolas/ws_ros2/install/px4_msgs/include/px4_msgs/px4_msgs/msg/detail/vehicle_land_detected__type_support.c\n'}
[0.833190] (px4_msgs) StdoutLine: {'line': b'-- Up-to-date: /home/nicolas/ws_ros2/install/px4_msgs/include/px4_msgs/px4_msgs/msg/detail/vehicle_imu__type_support.c\n'}
[0.833221] (px4_msgs) StdoutLine: {'line': b'-- Up-to-date: /home/nicolas/ws_ros2/install/px4_msgs/include/px4_msgs/px4_msgs/msg/detail/trajectory_setpoint__type_support.c\n'}
[0.833250] (px4_msgs) StdoutLine: {'line': b'-- Up-to-date: /home/nicolas/ws_ros2/install/px4_msgs/include/px4_msgs/px4_msgs/msg/detail/system_power__rosidl_typesupport_introspection_c.h\n'}
[0.833303] (px4_msgs) StdoutLine: {'line': b'-- Up-to-date: /home/nicolas/ws_ros2/install/px4_msgs/include/px4_msgs/px4_msgs/msg/detail/vehicle_status__rosidl_typesupport_introspection_c.h\n'}
[0.833337] (px4_msgs) StdoutLine: {'line': b'-- Up-to-date: /home/nicolas/ws_ros2/install/px4_msgs/include/px4_msgs/px4_msgs/msg/detail/orb_test_medium__rosidl_typesupport_introspection_c.h\n'}
[0.833365] (px4_msgs) StdoutLine: {'line': b'-- Up-to-date: /home/nicolas/ws_ros2/install/px4_msgs/include/px4_msgs/px4_msgs/msg/detail/event__rosidl_typesupport_introspection_c.h\n'}
[0.833394] (px4_msgs) StdoutLine: {'line': b'-- Up-to-date: /home/nicolas/ws_ros2/install/px4_msgs/include/px4_msgs/px4_msgs/msg/detail/sensor_hygrometer__rosidl_typesupport_introspection_c.h\n'}
[0.833423] (px4_msgs) StdoutLine: {'line': b'-- Up-to-date: /home/nicolas/ws_ros2/install/px4_msgs/include/px4_msgs/px4_msgs/msg/detail/estimator_status__rosidl_typesupport_introspection_c.h\n'}
[0.833452] (px4_msgs) StdoutLine: {'line': b'-- Up-to-date: /home/nicolas/ws_ros2/install/px4_msgs/include/px4_msgs/px4_msgs/msg/detail/wheel_encoders__type_support.c\n'}
[0.833482] (px4_msgs) StdoutLine: {'line': b'-- Up-to-date: /home/nicolas/ws_ros2/install/px4_msgs/include/px4_msgs/px4_msgs/msg/detail/mag_worker_data__rosidl_typesupport_introspection_c.h\n'}
[0.833511] (px4_msgs) StdoutLine: {'line': b'-- Up-to-date: /home/nicolas/ws_ros2/install/px4_msgs/include/px4_msgs/px4_msgs/msg/detail/sensor_gyro_fft__type_support.c\n'}
[0.833540] (px4_msgs) StdoutLine: {'line': b'-- Up-to-date: /home/nicolas/ws_ros2/install/px4_msgs/include/px4_msgs/px4_msgs/msg/detail/actuator_motors__rosidl_typesupport_introspection_c.h\n'}
[0.833569] (px4_msgs) StdoutLine: {'line': b'-- Up-to-date: /home/nicolas/ws_ros2/install/px4_msgs/include/px4_msgs/px4_msgs/msg/detail/ulog_stream_ack__rosidl_typesupport_introspection_c.h\n'}
[0.833599] (px4_msgs) StdoutLine: {'line': b'-- Up-to-date: /home/nicolas/ws_ros2/install/px4_msgs/include/px4_msgs/px4_msgs/msg/detail/estimator_sensor_bias__rosidl_typesupport_introspection_c.h\n'}
[0.833628] (px4_msgs) StdoutLine: {'line': b'-- Up-to-date: /home/nicolas/ws_ros2/install/px4_msgs/include/px4_msgs/px4_msgs/msg/detail/actuator_armed__type_support.c\n'}
[0.833657] (px4_msgs) StdoutLine: {'line': b'-- Up-to-date: /home/nicolas/ws_ros2/install/px4_msgs/include/px4_msgs/px4_msgs/msg/detail/figure_eight_status__type_support.c\n'}
[0.833686] (px4_msgs) StdoutLine: {'line': b'-- Up-to-date: /home/nicolas/ws_ros2/install/px4_msgs/include/px4_msgs/px4_msgs/msg/detail/ping__rosidl_typesupport_introspection_c.h\n'}
[0.833716] (px4_msgs) StdoutLine: {'line': b'-- Up-to-date: /home/nicolas/ws_ros2/install/px4_msgs/include/px4_msgs/px4_msgs/msg/detail/vehicle_command_ack__type_support.c\n'}
[0.833745] (px4_msgs) StdoutLine: {'line': b'-- Up-to-date: /home/nicolas/ws_ros2/install/px4_msgs/include/px4_msgs/px4_msgs/msg/detail/button_event__rosidl_typesupport_introspection_c.h\n'}
[0.833773] (px4_msgs) StdoutLine: {'line': b'-- Up-to-date: /home/nicolas/ws_ros2/install/px4_msgs/include/px4_msgs/px4_msgs/msg/detail/failsafe_flags__type_support.c\n'}
[0.833803] (px4_msgs) StdoutLine: {'line': b'-- Up-to-date: /home/nicolas/ws_ros2/install/px4_msgs/include/px4_msgs/px4_msgs/msg/detail/orb_test__type_support.c\n'}
[0.833831] (px4_msgs) StdoutLine: {'line': b'-- Up-to-date: /home/nicolas/ws_ros2/install/px4_msgs/include/px4_msgs/px4_msgs/msg/detail/rtl_time_estimate__type_support.c\n'}
[0.833873] (px4_msgs) StdoutLine: {'line': b'-- Up-to-date: /home/nicolas/ws_ros2/install/px4_msgs/include/px4_msgs/px4_msgs/msg/detail/mag_worker_data__type_support.c\n'}
[0.833901] (px4_msgs) StdoutLine: {'line': b'-- Up-to-date: /home/nicolas/ws_ros2/install/px4_msgs/include/px4_msgs/px4_msgs/msg/detail/input_rc__rosidl_typesupport_introspection_c.h\n'}
[0.833931] (px4_msgs) StdoutLine: {'line': b'-- Up-to-date: /home/nicolas/ws_ros2/install/px4_msgs/include/px4_msgs/px4_msgs/msg/detail/internal_combustion_engine_control__type_support.c\n'}
[0.833962] (px4_msgs) StdoutLine: {'line': b'-- Up-to-date: /home/nicolas/ws_ros2/install/px4_msgs/include/px4_msgs/px4_msgs/msg/detail/estimator_status_flags__type_support.c\n'}
[0.833990] (px4_msgs) StdoutLine: {'line': b'-- Up-to-date: /home/nicolas/ws_ros2/install/px4_msgs/include/px4_msgs/px4_msgs/msg/detail/flight_phase_estimation__type_support.c\n'}
[0.834020] (px4_msgs) StdoutLine: {'line': b'-- Up-to-date: /home/nicolas/ws_ros2/install/px4_msgs/include/px4_msgs/px4_msgs/msg/detail/timesync_status__rosidl_typesupport_introspection_c.h\n'}
[0.834049] (px4_msgs) StdoutLine: {'line': b'-- Up-to-date: /home/nicolas/ws_ros2/install/px4_msgs/include/px4_msgs/px4_msgs/msg/detail/esc_report__type_support.c\n'}
[0.834079] (px4_msgs) StdoutLine: {'line': b'-- Up-to-date: /home/nicolas/ws_ros2/install/px4_msgs/include/px4_msgs/px4_msgs/msg/detail/open_drone_id_system__type_support.c\n'}
[0.834116] (px4_msgs) StdoutLine: {'line': b'-- Up-to-date: /home/nicolas/ws_ros2/install/px4_msgs/include/px4_msgs/px4_msgs/msg/detail/actuator_servos__type_support.c\n'}
[0.834145] (px4_msgs) StdoutLine: {'line': b'-- Up-to-date: /home/nicolas/ws_ros2/install/px4_msgs/include/px4_msgs/px4_msgs/msg/detail/rover_rate_status__type_support.c\n'}
[0.834183] (px4_msgs) StdoutLine: {'line': b'-- Up-to-date: /home/nicolas/ws_ros2/install/px4_msgs/include/px4_msgs/px4_msgs/msg/detail/fuel_tank_status__rosidl_typesupport_introspection_c.h\n'}
[0.834211] (px4_msgs) StdoutLine: {'line': b'-- Up-to-date: /home/nicolas/ws_ros2/install/px4_msgs/include/px4_msgs/px4_msgs/msg/detail/log_message__rosidl_typesupport_introspection_c.h\n'}
[0.834244] (px4_msgs) StdoutLine: {'line': b'-- Up-to-date: /home/nicolas/ws_ros2/install/px4_msgs/include/px4_msgs/px4_msgs/msg/detail/parameter_update__type_support.c\n'}
[0.834272] (px4_msgs) StdoutLine: {'line': b'-- Up-to-date: /home/nicolas/ws_ros2/install/px4_msgs/include/px4_msgs/px4_msgs/msg/detail/debug_value__rosidl_typesupport_introspection_c.h\n'}
[0.834299] (px4_msgs) StdoutLine: {'line': b'-- Up-to-date: /home/nicolas/ws_ros2/install/px4_msgs/include/px4_msgs/px4_msgs/msg/detail/fixed_wing_runway_control__type_support.c\n'}
[0.834326] (px4_msgs) StdoutLine: {'line': b'-- Up-to-date: /home/nicolas/ws_ros2/install/px4_msgs/include/px4_msgs/px4_msgs/msg/detail/message_format_request__rosidl_typesupport_introspection_c.h\n'}
[0.834354] (px4_msgs) StdoutLine: {'line': b'-- Up-to-date: /home/nicolas/ws_ros2/install/px4_msgs/include/px4_msgs/px4_msgs/msg/detail/estimator_status_flags__rosidl_typesupport_introspection_c.h\n'}
[0.834380] (px4_msgs) StdoutLine: {'line': b'-- Up-to-date: /home/nicolas/ws_ros2/install/px4_msgs/include/px4_msgs/px4_msgs/msg/detail/esc_status__rosidl_typesupport_introspection_c.h\n'}
[0.834407] (px4_msgs) StdoutLine: {'line': b'-- Up-to-date: /home/nicolas/ws_ros2/install/px4_msgs/include/px4_msgs/px4_msgs/msg/detail/rover_rate_setpoint__type_support.c\n'}
[0.834443] (px4_msgs) StdoutLine: {'line': b'-- Up-to-date: /home/nicolas/ws_ros2/install/px4_msgs/include/px4_msgs/px4_msgs/msg/detail/uavcan_parameter_value__type_support.c\n'}
[0.834475] (px4_msgs) StdoutLine: {'line': b'-- Up-to-date: /home/nicolas/ws_ros2/install/px4_msgs/include/px4_msgs/px4_msgs/msg/detail/orb_test_large__rosidl_typesupport_introspection_c.h\n'}
[0.834503] (px4_msgs) StdoutLine: {'line': b'-- Up-to-date: /home/nicolas/ws_ros2/install/px4_msgs/include/px4_msgs/px4_msgs/msg/detail/sensor_gps__type_support.c\n'}
[0.834530] (px4_msgs) StdoutLine: {'line': b'-- Up-to-date: /home/nicolas/ws_ros2/install/px4_msgs/include/px4_msgs/px4_msgs/msg/detail/cellular_status__type_support.c\n'}
[0.834557] (px4_msgs) StdoutLine: {'line': b'-- Up-to-date: /home/nicolas/ws_ros2/install/px4_msgs/include/px4_msgs/px4_msgs/msg/detail/vehicle_torque_setpoint__rosidl_typesupport_introspection_c.h\n'}
[0.834584] (px4_msgs) StdoutLine: {'line': b'-- Up-to-date: /home/nicolas/ws_ros2/install/px4_msgs/include/px4_msgs/px4_msgs/msg/detail/transponder_report__rosidl_typesupport_introspection_c.h\n'}
[0.834610] (px4_msgs) StdoutLine: {'line': b'-- Up-to-date: /home/nicolas/ws_ros2/install/px4_msgs/include/px4_msgs/px4_msgs/msg/detail/navigator_mission_item__type_support.c\n'}
[0.834639] (px4_msgs) StdoutLine: {'line': b'-- Up-to-date: /home/nicolas/ws_ros2/install/px4_msgs/include/px4_msgs/px4_msgs/msg/detail/airspeed_wind__rosidl_typesupport_introspection_c.h\n'}
[0.834668] (px4_msgs) StdoutLine: {'line': b'-- Up-to-date: /home/nicolas/ws_ros2/install/px4_msgs/include/px4_msgs/px4_msgs/msg/detail/vehicle_acceleration__type_support.c\n'}
[0.834697] (px4_msgs) StdoutLine: {'line': b'-- Up-to-date: /home/nicolas/ws_ros2/install/px4_msgs/include/px4_msgs/px4_msgs/msg/detail/estimator_sensor_bias__type_support.c\n'}
[0.834726] (px4_msgs) StdoutLine: {'line': b'-- Up-to-date: /home/nicolas/ws_ros2/install/px4_msgs/include/px4_msgs/px4_msgs/msg/detail/gimbal_device_set_attitude__type_support.c\n'}
[0.834764] (px4_msgs) StdoutLine: {'line': b'-- Up-to-date: /home/nicolas/ws_ros2/install/px4_msgs/include/px4_msgs/px4_msgs/msg/detail/vehicle_angular_velocity__type_support.c\n'}
[0.834793] (px4_msgs) StdoutLine: {'line': b'-- Up-to-date: /home/nicolas/ws_ros2/install/px4_msgs/include/px4_msgs/px4_msgs/msg/detail/vehicle_optical_flow__type_support.c\n'}
[0.834822] (px4_msgs) StdoutLine: {'line': b'-- Up-to-date: /home/nicolas/ws_ros2/install/px4_msgs/include/px4_msgs/px4_msgs/msg/detail/gimbal_device_information__rosidl_typesupport_introspection_c.h\n'}
[0.834853] (px4_msgs) StdoutLine: {'line': b'-- Up-to-date: /home/nicolas/ws_ros2/install/px4_msgs/include/px4_msgs/px4_msgs/msg/detail/cellular_status__rosidl_typesupport_introspection_c.h\n'}
[0.834883] (px4_msgs) StdoutLine: {'line': b'-- Up-to-date: /home/nicolas/ws_ros2/install/px4_msgs/include/px4_msgs/px4_msgs/msg/detail/parameter_reset_request__type_support.c\n'}
[0.834912] (px4_msgs) StdoutLine: {'line': b'-- Up-to-date: /home/nicolas/ws_ros2/install/px4_msgs/include/px4_msgs/px4_msgs/msg/detail/vehicle_roi__rosidl_typesupport_introspection_c.h\n'}
[0.834942] (px4_msgs) StdoutLine: {'line': b'-- Up-to-date: /home/nicolas/ws_ros2/install/px4_msgs/include/px4_msgs/px4_msgs/msg/detail/actuator_outputs__type_support.c\n'}
[0.834971] (px4_msgs) StdoutLine: {'line': b'-- Up-to-date: /home/nicolas/ws_ros2/install/px4_msgs/include/px4_msgs/px4_msgs/msg/detail/trajectory_setpoint6dof__type_support.c\n'}
[0.835012] (px4_msgs) StdoutLine: {'line': b'-- Up-to-date: /home/nicolas/ws_ros2/install/px4_msgs/include/px4_msgs/px4_msgs/msg/detail/register_ext_component_request__rosidl_typesupport_introspection_c.h\n'}
[0.835043] (px4_msgs) StdoutLine: {'line': b'-- Up-to-date: /home/nicolas/ws_ros2/install/px4_msgs/include/px4_msgs/px4_msgs/msg/detail/ekf2_timestamps__rosidl_typesupport_introspection_c.h\n'}
[0.835074] (px4_msgs) StdoutLine: {'line': b'-- Up-to-date: /home/nicolas/ws_ros2/install/px4_msgs/include/px4_msgs/px4_msgs/msg/detail/autotune_attitude_control_status__rosidl_typesupport_introspection_c.h\n'}
[0.835105] (px4_msgs) StdoutLine: {'line': b'-- Up-to-date: /home/nicolas/ws_ros2/install/px4_msgs/include/px4_msgs/px4_msgs/msg/detail/velocity_limits__type_support.c\n'}
[0.835146] (px4_msgs) StdoutLine: {'line': b'-- Up-to-date: /home/nicolas/ws_ros2/install/px4_msgs/include/px4_msgs/px4_msgs/msg/detail/position_controller_landing_status__type_support.c\n'}
[0.835175] (px4_msgs) StdoutLine: {'line': b'-- Up-to-date: /home/nicolas/ws_ros2/install/px4_msgs/include/px4_msgs/px4_msgs/msg/detail/estimator_aid_source1d__rosidl_typesupport_introspection_c.h\n'}
[0.835201] (px4_msgs) StdoutLine: {'line': b'-- Up-to-date: /home/nicolas/ws_ros2/install/px4_msgs/include/px4_msgs/px4_msgs/msg/detail/sensor_combined__rosidl_typesupport_introspection_c.h\n'}
[0.835233] (px4_msgs) StdoutLine: {'line': b'-- Up-to-date: /home/nicolas/ws_ros2/install/px4_msgs/include/px4_msgs/px4_msgs/msg/detail/cpuload__rosidl_typesupport_introspection_c.h\n'}
[0.835261] (px4_msgs) StdoutLine: {'line': b'-- Up-to-date: /home/nicolas/ws_ros2/install/px4_msgs/include/px4_msgs/px4_msgs/msg/detail/camera_trigger__type_support.c\n'}
[0.835289] (px4_msgs) StdoutLine: {'line': b'-- Up-to-date: /home/nicolas/ws_ros2/install/px4_msgs/include/px4_msgs/px4_msgs/msg/detail/sensor_uwb__rosidl_typesupport_introspection_c.h\n'}
[0.835319] (px4_msgs) StdoutLine: {'line': b'-- Up-to-date: /home/nicolas/ws_ros2/install/px4_msgs/include/px4_msgs/px4_msgs/msg/detail/dataman_response__rosidl_typesupport_introspection_c.h\n'}
[0.835348] (px4_msgs) StdoutLine: {'line': b'-- Up-to-date: /home/nicolas/ws_ros2/install/px4_msgs/include/px4_msgs/px4_msgs/msg/detail/navigator_status__type_support.c\n'}
[0.835376] (px4_msgs) StdoutLine: {'line': b'-- Up-to-date: /home/nicolas/ws_ros2/install/px4_msgs/include/px4_msgs/px4_msgs/msg/detail/takeoff_status__type_support.c\n'}
[0.835404] (px4_msgs) StdoutLine: {'line': b'-- Up-to-date: /home/nicolas/ws_ros2/install/px4_msgs/include/px4_msgs/px4_msgs/msg/detail/sensors_status__rosidl_typesupport_introspection_c.h\n'}
[0.835434] (px4_msgs) StdoutLine: {'line': b'-- Up-to-date: /home/nicolas/ws_ros2/install/px4_msgs/include/px4_msgs/px4_msgs/msg/detail/vehicle_command__rosidl_typesupport_introspection_c.h\n'}
[0.835466] (px4_msgs) StdoutLine: {'line': b'-- Up-to-date: /home/nicolas/ws_ros2/install/px4_msgs/include/px4_msgs/px4_msgs/msg/detail/vehicle_acceleration__rosidl_typesupport_introspection_c.h\n'}
[0.835530] (px4_msgs) StdoutLine: {'line': b'-- Up-to-date: /home/nicolas/ws_ros2/install/px4_msgs/include/px4_msgs/px4_msgs/msg/detail/gimbal_manager_status__rosidl_typesupport_introspection_c.h\n'}
[0.835558] (px4_msgs) StdoutLine: {'line': b'-- Up-to-date: /home/nicolas/ws_ros2/install/px4_msgs/include/px4_msgs/px4_msgs/msg/detail/irlock_report__rosidl_typesupport_introspection_c.h\n'}
[0.835586] (px4_msgs) StdoutLine: {'line': b'-- Up-to-date: /home/nicolas/ws_ros2/install/px4_msgs/include/px4_msgs/px4_msgs/msg/detail/vehicle_command_ack__rosidl_typesupport_introspection_c.h\n'}
[0.835616] (px4_msgs) StdoutLine: {'line': b'-- Up-to-date: /home/nicolas/ws_ros2/install/px4_msgs/include/px4_msgs/px4_msgs/msg/detail/vehicle_constraints__rosidl_typesupport_introspection_c.h\n'}
[0.835646] (px4_msgs) StdoutLine: {'line': b'-- Up-to-date: /home/nicolas/ws_ros2/install/px4_msgs/include/px4_msgs/px4_msgs/msg/detail/vehicle_odometry__type_support.c\n'}
[0.835676] (px4_msgs) StdoutLine: {'line': b'-- Up-to-date: /home/nicolas/ws_ros2/install/px4_msgs/include/px4_msgs/px4_msgs/msg/detail/manual_control_setpoint__type_support.c\n'}
[0.835706] (px4_msgs) StdoutLine: {'line': b'-- Up-to-date: /home/nicolas/ws_ros2/install/px4_msgs/include/px4_msgs/px4_msgs/msg/detail/sensor_gyro__rosidl_typesupport_introspection_c.h\n'}
[0.835738] (px4_msgs) StdoutLine: {'line': b'-- Up-to-date: /home/nicolas/ws_ros2/install/px4_msgs/include/px4_msgs/px4_msgs/msg/detail/message_format_request__type_support.c\n'}
[0.835768] (px4_msgs) StdoutLine: {'line': b'-- Up-to-date: /home/nicolas/ws_ros2/install/px4_msgs/include/px4_msgs/px4_msgs/msg/detail/parameter_set_used_request__rosidl_typesupport_introspection_c.h\n'}
[0.835798] (px4_msgs) StdoutLine: {'line': b'-- Up-to-date: /home/nicolas/ws_ros2/install/px4_msgs/include/px4_msgs/px4_msgs/msg/detail/normalized_unsigned_setpoint__type_support.c\n'}
[0.835841] (px4_msgs) StdoutLine: {'line': b'-- Up-to-date: /home/nicolas/ws_ros2/install/px4_msgs/include/px4_msgs/px4_msgs/msg/detail/rc_channels__rosidl_typesupport_introspection_c.h\n'}
[0.835871] (px4_msgs) StdoutLine: {'line': b'-- Up-to-date: /home/nicolas/ws_ros2/install/px4_msgs/include/px4_msgs/px4_msgs/msg/detail/actuator_test__rosidl_typesupport_introspection_c.h\n'}
[0.835899] (px4_msgs) StdoutLine: {'line': b'-- Up-to-date: /home/nicolas/ws_ros2/install/px4_msgs/include/px4_msgs/px4_msgs/msg/detail/gimbal_controls__rosidl_typesupport_introspection_c.h\n'}
[0.835928] (px4_msgs) StdoutLine: {'line': b'-- Up-to-date: /home/nicolas/ws_ros2/install/px4_msgs/include/px4_msgs/px4_msgs/msg/detail/arming_check_request__type_support.c\n'}
[0.835955] (px4_msgs) StdoutLine: {'line': b'-- Up-to-date: /home/nicolas/ws_ros2/install/px4_msgs/include/px4_msgs/px4_msgs/msg/detail/pwm_input__rosidl_typesupport_introspection_c.h\n'}
[0.835983] (px4_msgs) StdoutLine: {'line': b'-- Up-to-date: /home/nicolas/ws_ros2/install/px4_msgs/include/px4_msgs/px4_msgs/msg/detail/tiltrotor_extra_controls__type_support.c\n'}
[0.836011] (px4_msgs) StdoutLine: {'line': b'-- Up-to-date: /home/nicolas/ws_ros2/install/px4_msgs/include/px4_msgs/px4_msgs/msg/detail/sensors_status__type_support.c\n'}
[0.836053] (px4_msgs) StdoutLine: {'line': b'-- Up-to-date: /home/nicolas/ws_ros2/install/px4_msgs/include/px4_msgs/px4_msgs/msg/detail/camera_status__rosidl_typesupport_introspection_c.h\n'}
[0.836081] (px4_msgs) StdoutLine: {'line': b'-- Up-to-date: /home/nicolas/ws_ros2/install/px4_msgs/include/px4_msgs/px4_msgs/msg/detail/dataman_response__type_support.c\n'}
[0.836108] (px4_msgs) StdoutLine: {'line': b'-- Up-to-date: /home/nicolas/ws_ros2/install/px4_msgs/include/px4_msgs/px4_msgs/msg/detail/actuator_servos_trim__rosidl_typesupport_introspection_c.h\n'}
[0.836140] (px4_msgs) StdoutLine: {'line': b'-- Up-to-date: /home/nicolas/ws_ros2/install/px4_msgs/include/px4_msgs/px4_msgs/msg/detail/differential_pressure__rosidl_typesupport_introspection_c.h\n'}
[0.836167] (px4_msgs) StdoutLine: {'line': b'-- Up-to-date: /home/nicolas/ws_ros2/install/px4_msgs/include/px4_msgs/px4_msgs/msg/detail/radio_status__rosidl_typesupport_introspection_c.h\n'}
[0.836196] (px4_msgs) StdoutLine: {'line': b'-- Up-to-date: /home/nicolas/ws_ros2/install/px4_msgs/include/px4_msgs/px4_msgs/msg/detail/actuator_test__type_support.c\n'}
[0.836224] (px4_msgs) StdoutLine: {'line': b'-- Up-to-date: /home/nicolas/ws_ros2/install/px4_msgs/include/px4_msgs/px4_msgs/msg/detail/pure_pursuit_status__type_support.c\n'}
[0.836252] (px4_msgs) StdoutLine: {'line': b'-- Up-to-date: /home/nicolas/ws_ros2/install/px4_msgs/include/px4_msgs/px4_msgs/msg/detail/estimator_status__type_support.c\n'}
[0.836279] (px4_msgs) StdoutLine: {'line': b'-- Up-to-date: /home/nicolas/ws_ros2/install/px4_msgs/include/px4_msgs/px4_msgs/msg/detail/position_setpoint__type_support.c\n'}
[0.836307] (px4_msgs) StdoutLine: {'line': b'-- Up-to-date: /home/nicolas/ws_ros2/install/px4_msgs/include/px4_msgs/px4_msgs/msg/detail/sensor_baro__rosidl_typesupport_introspection_c.h\n'}
[0.836335] (px4_msgs) StdoutLine: {'line': b'-- Up-to-date: /home/nicolas/ws_ros2/install/px4_msgs/include/px4_msgs/px4_msgs/msg/detail/mount_orientation__type_support.c\n'}
[0.836363] (px4_msgs) StdoutLine: {'line': b'-- Up-to-date: /home/nicolas/ws_ros2/install/px4_msgs/include/px4_msgs/px4_msgs/msg/detail/iridiumsbd_status__type_support.c\n'}
[0.836396] (px4_msgs) StdoutLine: {'line': b'-- Up-to-date: /home/nicolas/ws_ros2/install/px4_msgs/include/px4_msgs/px4_msgs/msg/detail/actuator_controls_status__rosidl_typesupport_introspection_c.h\n'}
[0.836451] (px4_msgs) StdoutLine: {'line': b'-- Up-to-date: /home/nicolas/ws_ros2/install/px4_msgs/include/px4_msgs/px4_msgs/msg/detail/radio_status__type_support.c\n'}
[0.836483] (px4_msgs) StdoutLine: {'line': b'-- Up-to-date: /home/nicolas/ws_ros2/install/px4_msgs/include/px4_msgs/px4_msgs/msg/detail/adc_report__rosidl_typesupport_introspection_c.h\n'}
[0.836513] (px4_msgs) StdoutLine: {'line': b'-- Up-to-date: /home/nicolas/ws_ros2/install/px4_msgs/include/px4_msgs/px4_msgs/msg/detail/sensor_correction__type_support.c\n'}
[0.836543] (px4_msgs) StdoutLine: {'line': b'-- Up-to-date: /home/nicolas/ws_ros2/install/px4_msgs/include/px4_msgs/px4_msgs/msg/detail/vehicle_torque_setpoint__type_support.c\n'}
[0.836575] (px4_msgs) StdoutLine: {'line': b'-- Up-to-date: /home/nicolas/ws_ros2/install/px4_msgs/include/px4_msgs/px4_msgs/msg/detail/mavlink_tunnel__type_support.c\n'}
[0.836606] (px4_msgs) StdoutLine: {'line': b'-- Up-to-date: /home/nicolas/ws_ros2/install/px4_msgs/include/px4_msgs/px4_msgs/msg/detail/vtol_vehicle_status__type_support.c\n'}
[0.836637] (px4_msgs) StdoutLine: {'line': b'-- Up-to-date: /home/nicolas/ws_ros2/install/px4_msgs/include/px4_msgs/px4_msgs/msg/detail/iridiumsbd_status__rosidl_typesupport_introspection_c.h\n'}
[0.836667] (px4_msgs) StdoutLine: {'line': b'-- Up-to-date: /home/nicolas/ws_ros2/install/px4_msgs/include/px4_msgs/px4_msgs/msg/detail/gripper__rosidl_typesupport_introspection_c.h\n'}
[0.836698] (px4_msgs) StdoutLine: {'line': b'-- Up-to-date: /home/nicolas/ws_ros2/install/px4_msgs/include/px4_msgs/px4_msgs/msg/detail/health_report__type_support.c\n'}
[0.836729] (px4_msgs) StdoutLine: {'line': b'-- Up-to-date: /home/nicolas/ws_ros2/install/px4_msgs/include/px4_msgs/px4_msgs/msg/detail/estimator_aid_source2d__rosidl_typesupport_introspection_c.h\n'}
[0.836773] (px4_msgs) StdoutLine: {'line': b'-- Up-to-date: /home/nicolas/ws_ros2/install/px4_msgs/include/px4_msgs/px4_msgs/msg/detail/gimbal_manager_information__rosidl_typesupport_introspection_c.h\n'}
[0.836802] (px4_msgs) StdoutLine: {'line': b'-- Up-to-date: /home/nicolas/ws_ros2/install/px4_msgs/include/px4_msgs/px4_msgs/msg/detail/vehicle_angular_velocity__rosidl_typesupport_introspection_c.h\n'}
[0.836833] (px4_msgs) StdoutLine: {'line': b'-- Up-to-date: /home/nicolas/ws_ros2/install/px4_msgs/include/px4_msgs/px4_msgs/msg/detail/power_monitor__rosidl_typesupport_introspection_c.h\n'}
[0.836861] (px4_msgs) StdoutLine: {'line': b'-- Up-to-date: /home/nicolas/ws_ros2/install/px4_msgs/include/px4_msgs/px4_msgs/msg/detail/led_control__rosidl_typesupport_introspection_c.h\n'}
[0.836890] (px4_msgs) StdoutLine: {'line': b'-- Up-to-date: /home/nicolas/ws_ros2/install/px4_msgs/include/px4_msgs/px4_msgs/msg/detail/airspeed_wind__type_support.c\n'}
[0.836918] (px4_msgs) StdoutLine: {'line': b'-- Up-to-date: /home/nicolas/ws_ros2/install/px4_msgs/include/px4_msgs/px4_msgs/msg/detail/velocity_limits__rosidl_typesupport_introspection_c.h\n'}
[0.836945] (px4_msgs) StdoutLine: {'line': b'-- Up-to-date: /home/nicolas/ws_ros2/install/px4_msgs/include/px4_msgs/px4_msgs/msg/detail/estimator_aid_source1d__type_support.c\n'}
[0.836975] (px4_msgs) StdoutLine: {'line': b'-- Up-to-date: /home/nicolas/ws_ros2/install/px4_msgs/include/px4_msgs/px4_msgs/msg/detail/vehicle_imu_status__type_support.c\n'}
[0.837018] (px4_msgs) StdoutLine: {'line': b'-- Up-to-date: /home/nicolas/ws_ros2/install/px4_msgs/include/px4_msgs/px4_msgs/msg/detail/vehicle_command__type_support.c\n'}
[0.837046] (px4_msgs) StdoutLine: {'line': b'-- Up-to-date: /home/nicolas/ws_ros2/install/px4_msgs/include/px4_msgs/px4_msgs/msg/detail/landing_gear__rosidl_typesupport_introspection_c.h\n'}
[0.837074] (px4_msgs) StdoutLine: {'line': b'-- Up-to-date: /home/nicolas/ws_ros2/install/px4_msgs/include/px4_msgs/px4_msgs/msg/detail/gps_dump__type_support.c\n'}
[0.837102] (px4_msgs) StdoutLine: {'line': b'-- Up-to-date: /home/nicolas/ws_ros2/install/px4_msgs/include/px4_msgs/px4_msgs/msg/detail/open_drone_id_system__rosidl_typesupport_introspection_c.h\n'}
[0.837131] (px4_msgs) StdoutLine: {'line': b'-- Up-to-date: /home/nicolas/ws_ros2/install/px4_msgs/include/px4_msgs/px4_msgs/msg/detail/neural_control__type_support.c\n'}
[0.837165] (px4_msgs) StdoutLine: {'line': b'-- Up-to-date: /home/nicolas/ws_ros2/install/px4_msgs/include/px4_msgs/px4_msgs/msg/detail/orb_test__rosidl_typesupport_introspection_c.h\n'}
[0.837195] (px4_msgs) StdoutLine: {'line': b'-- Up-to-date: /home/nicolas/ws_ros2/install/px4_msgs/include/px4_msgs/px4_msgs/msg/detail/sensor_selection__type_support.c\n'}
[0.837223] (px4_msgs) StdoutLine: {'line': b'-- Up-to-date: /home/nicolas/ws_ros2/install/px4_msgs/include/px4_msgs/px4_msgs/msg/detail/fixed_wing_longitudinal_setpoint__type_support.c\n'}
[0.837251] (px4_msgs) StdoutLine: {'line': b'-- Up-to-date: /home/nicolas/ws_ros2/install/px4_msgs/include/px4_msgs/px4_msgs/msg/detail/vehicle_local_position__rosidl_typesupport_introspection_c.h\n'}
[0.837279] (px4_msgs) StdoutLine: {'line': b'-- Up-to-date: /home/nicolas/ws_ros2/install/px4_msgs/include/px4_msgs/px4_msgs/msg/detail/fixed_wing_lateral_setpoint__type_support.c\n'}
[0.837307] (px4_msgs) StdoutLine: {'line': b'-- Up-to-date: /home/nicolas/ws_ros2/install/px4_msgs/include/px4_msgs/px4_msgs/msg/detail/landing_target_innovations__rosidl_typesupport_introspection_c.h\n'}
[0.837335] (px4_msgs) StdoutLine: {'line': b'-- Up-to-date: /home/nicolas/ws_ros2/install/px4_msgs/include/px4_msgs/px4_msgs/msg/detail/system_power__type_support.c\n'}
[0.837390] (px4_msgs) StdoutLine: {'line': b'-- Up-to-date: /home/nicolas/ws_ros2/install/px4_msgs/include/px4_msgs/px4_msgs/msg/detail/control_allocator_status__rosidl_typesupport_introspection_c.h\n'}
[0.837419] (px4_msgs) StdoutLine: {'line': b'-- Up-to-date: /home/nicolas/ws_ros2/install/px4_msgs/include/px4_msgs/px4_msgs/msg/detail/parameter_set_used_request__type_support.c\n'}
[0.837450] (px4_msgs) StdoutLine: {'line': b'-- Up-to-date: /home/nicolas/ws_ros2/install/px4_msgs/include/px4_msgs/px4_msgs/msg/detail/config_overrides__rosidl_typesupport_introspection_c.h\n'}
[0.837481] (px4_msgs) StdoutLine: {'line': b'-- Up-to-date: /home/nicolas/ws_ros2/install/px4_msgs/include/px4_msgs/px4_msgs/msg/detail/estimator_aid_source3d__type_support.c\n'}
[0.837513] (px4_msgs) StdoutLine: {'line': b'-- Up-to-date: /home/nicolas/ws_ros2/install/px4_msgs/include/px4_msgs/px4_msgs/msg/detail/wheel_encoders__rosidl_typesupport_introspection_c.h\n'}
[0.837542] (px4_msgs) StdoutLine: {'line': b'-- Up-to-date: /home/nicolas/ws_ros2/install/px4_msgs/include/px4_msgs/px4_msgs/msg/detail/esc_report__rosidl_typesupport_introspection_c.h\n'}
[0.837570] (px4_msgs) StdoutLine: {'line': b'-- Up-to-date: /home/nicolas/ws_ros2/install/px4_msgs/include/px4_msgs/px4_msgs/msg/detail/offboard_control_mode__type_support.c\n'}
[0.837600] (px4_msgs) StdoutLine: {'line': b'-- Up-to-date: /home/nicolas/ws_ros2/install/px4_msgs/include/px4_msgs/px4_msgs/msg/detail/health_report__rosidl_typesupport_introspection_c.h\n'}
[0.837640] (px4_msgs) StdoutLine: {'line': b'-- Up-to-date: /home/nicolas/ws_ros2/install/px4_msgs/include/px4_msgs/px4_msgs/msg/detail/follow_target__rosidl_typesupport_introspection_c.h\n'}
[0.837669] (px4_msgs) StdoutLine: {'line': b'-- Up-to-date: /home/nicolas/ws_ros2/install/px4_msgs/include/px4_msgs/px4_msgs/msg/detail/task_stack_info__rosidl_typesupport_introspection_c.h\n'}
[0.837701] (px4_msgs) StdoutLine: {'line': b'-- Up-to-date: /home/nicolas/ws_ros2/install/px4_msgs/include/px4_msgs/px4_msgs/msg/detail/rtl_status__rosidl_typesupport_introspection_c.h\n'}
[0.837732] (px4_msgs) StdoutLine: {'line': b'-- Up-to-date: /home/nicolas/ws_ros2/install/px4_msgs/include/px4_msgs/px4_msgs/msg/detail/uavcan_parameter_value__rosidl_typesupport_introspection_c.h\n'}
[0.837762] (px4_msgs) StdoutLine: {'line': b'-- Up-to-date: /home/nicolas/ws_ros2/install/px4_msgs/include/px4_msgs/px4_msgs/msg/detail/gimbal_manager_set_attitude__rosidl_typesupport_introspection_c.h\n'}
[0.837793] (px4_msgs) StdoutLine: {'line': b'-- Up-to-date: /home/nicolas/ws_ros2/install/px4_msgs/include/px4_msgs/px4_msgs/msg/detail/sensor_accel__type_support.c\n'}
[0.837824] (px4_msgs) StdoutLine: {'line': b'-- Up-to-date: /home/nicolas/ws_ros2/install/px4_msgs/include/px4_msgs/px4_msgs/msg/detail/mavlink_log__type_support.c\n'}
[0.837854] (px4_msgs) StdoutLine: {'line': b'-- Up-to-date: /home/nicolas/ws_ros2/install/px4_msgs/include/px4_msgs/px4_msgs/msg/detail/camera_capture__rosidl_typesupport_introspection_c.h\n'}
[0.837884] (px4_msgs) StdoutLine: {'line': b'-- Up-to-date: /home/nicolas/ws_ros2/install/px4_msgs/include/px4_msgs/px4_msgs/msg/detail/parameter_set_value_response__type_support.c\n'}
[0.837914] (px4_msgs) StdoutLine: {'line': b'-- Up-to-date: /home/nicolas/ws_ros2/install/px4_msgs/include/px4_msgs/px4_msgs/msg/detail/vehicle_thrust_setpoint__rosidl_typesupport_introspection_c.h\n'}
[0.837956] (px4_msgs) StdoutLine: {'line': b'-- Up-to-date: /home/nicolas/ws_ros2/install/px4_msgs/include/px4_msgs/px4_msgs/msg/detail/sensor_mag__rosidl_typesupport_introspection_c.h\n'}
[0.837984] (px4_msgs) StdoutLine: {'line': b'-- Up-to-date: /home/nicolas/ws_ros2/install/px4_msgs/include/px4_msgs/px4_msgs/msg/detail/rover_speed_setpoint__rosidl_typesupport_introspection_c.h\n'}
[0.838011] (px4_msgs) StdoutLine: {'line': b'-- Up-to-date: /home/nicolas/ws_ros2/install/px4_msgs/include/px4_msgs/px4_msgs/msg/detail/vehicle_status__type_support.c\n'}
[0.838041] (px4_msgs) StdoutLine: {'line': b'-- Up-to-date: /home/nicolas/ws_ros2/install/px4_msgs/include/px4_msgs/px4_msgs/msg/detail/gimbal_manager_set_attitude__type_support.c\n'}
[0.838072] (px4_msgs) StdoutLine: {'line': b'-- Up-to-date: /home/nicolas/ws_ros2/install/px4_msgs/include/px4_msgs/px4_msgs/msg/detail/px4io_status__rosidl_typesupport_introspection_c.h\n'}
[0.838103] (px4_msgs) StdoutLine: {'line': b'-- Up-to-date: /home/nicolas/ws_ros2/install/px4_msgs/include/px4_msgs/px4_msgs/msg/detail/ping__type_support.c\n'}
[0.838134] (px4_msgs) StdoutLine: {'line': b'-- Up-to-date: /home/nicolas/ws_ros2/install/px4_msgs/include/px4_msgs/px4_msgs/msg/detail/gpio_out__rosidl_typesupport_introspection_c.h\n'}
[0.838165] (px4_msgs) StdoutLine: {'line': b'-- Up-to-date: /home/nicolas/ws_ros2/install/px4_msgs/include/px4_msgs/px4_msgs/msg/detail/navigator_status__rosidl_typesupport_introspection_c.h\n'}
[0.838203] (px4_msgs) StdoutLine: {'line': b'-- Up-to-date: /home/nicolas/ws_ros2/install/px4_msgs/include/px4_msgs/px4_msgs/msg/detail/mission__type_support.c\n'}
[0.838232] (px4_msgs) StdoutLine: {'line': b'-- Up-to-date: /home/nicolas/ws_ros2/install/px4_msgs/include/px4_msgs/px4_msgs/msg/detail/uavcan_parameter_request__rosidl_typesupport_introspection_c.h\n'}
[0.838261] (px4_msgs) StdoutLine: {'line': b'-- Up-to-date: /home/nicolas/ws_ros2/install/px4_msgs/include/px4_msgs/px4_msgs/msg/detail/px4io_status__type_support.c\n'}
[0.838289] (px4_msgs) StdoutLine: {'line': b'-- Up-to-date: /home/nicolas/ws_ros2/install/px4_msgs/include/px4_msgs/px4_msgs/msg/detail/mavlink_tunnel__rosidl_typesupport_introspection_c.h\n'}
[0.838318] (px4_msgs) StdoutLine: {'line': b'-- Up-to-date: /home/nicolas/ws_ros2/install/px4_msgs/include/px4_msgs/px4_msgs/msg/detail/gps_inject_data__type_support.c\n'}
[0.838347] (px4_msgs) StdoutLine: {'line': b'-- Up-to-date: /home/nicolas/ws_ros2/install/px4_msgs/include/px4_msgs/px4_msgs/msg/detail/mission__rosidl_typesupport_introspection_c.h\n'}
[0.838378] (px4_msgs) StdoutLine: {'line': b'-- Up-to-date: /home/nicolas/ws_ros2/install/px4_msgs/include/px4_msgs/px4_msgs/msg/detail/tune_control__type_support.c\n'}
[0.838415] (px4_msgs) StdoutLine: {'line': b'-- Up-to-date: /home/nicolas/ws_ros2/install/px4_msgs/include/px4_msgs/px4_msgs/msg/detail/estimator_selector_status__type_support.c\n'}
[0.838451] (px4_msgs) StdoutLine: {'line': b'-- Up-to-date: /home/nicolas/ws_ros2/install/px4_msgs/include/px4_msgs/px4_msgs/msg/detail/sensor_preflight_mag__type_support.c\n'}
[0.838485] (px4_msgs) StdoutLine: {'line': b'-- Up-to-date: /home/nicolas/ws_ros2/install/px4_msgs/include/px4_msgs/px4_msgs/msg/detail/rover_steering_setpoint__rosidl_typesupport_introspection_c.h\n'}
[0.838526] (px4_msgs) StdoutLine: {'line': b'-- Up-to-date: /home/nicolas/ws_ros2/install/px4_msgs/include/px4_msgs/px4_msgs/msg/detail/rc_parameter_map__type_support.c\n'}
[0.838555] (px4_msgs) StdoutLine: {'line': b'-- Up-to-date: /home/nicolas/ws_ros2/install/px4_msgs/include/px4_msgs/px4_msgs/msg/detail/landing_target_pose__type_support.c\n'}
[0.838586] (px4_msgs) StdoutLine: {'line': b'-- Up-to-date: /home/nicolas/ws_ros2/install/px4_msgs/include/px4_msgs/px4_msgs/msg/detail/timesync_status__type_support.c\n'}
[0.838616] (px4_msgs) StdoutLine: {'line': b'-- Up-to-date: /home/nicolas/ws_ros2/install/px4_msgs/include/px4_msgs/px4_msgs/msg/detail/mount_orientation__rosidl_typesupport_introspection_c.h\n'}
[0.838646] (px4_msgs) StdoutLine: {'line': b'-- Up-to-date: /home/nicolas/ws_ros2/install/px4_msgs/include/px4_msgs/px4_msgs/msg/detail/heater_status__rosidl_typesupport_introspection_c.h\n'}
[0.838676] (px4_msgs) StdoutLine: {'line': b'-- Up-to-date: /home/nicolas/ws_ros2/install/px4_msgs/include/px4_msgs/px4_msgs/msg/detail/fixed_wing_lateral_status__type_support.c\n'}
[0.838706] (px4_msgs) StdoutLine: {'line': b'-- Up-to-date: /home/nicolas/ws_ros2/install/px4_msgs/include/px4_msgs/px4_msgs/msg/detail/obstacle_distance__rosidl_typesupport_introspection_c.h\n'}
[0.838736] (px4_msgs) StdoutLine: {'line': b'-- Up-to-date: /home/nicolas/ws_ros2/install/px4_msgs/include/px4_msgs/px4_msgs/msg/detail/failure_detector_status__type_support.c\n'}
[0.838766] (px4_msgs) StdoutLine: {'line': b'-- Up-to-date: /home/nicolas/ws_ros2/install/px4_msgs/include/px4_msgs/px4_msgs/msg/detail/sensors_status_imu__type_support.c\n'}
[0.838797] (px4_msgs) StdoutLine: {'line': b'-- Up-to-date: /home/nicolas/ws_ros2/install/px4_msgs/include/px4_msgs/px4_msgs/msg/detail/vehicle_control_mode__rosidl_typesupport_introspection_c.h\n'}
[0.838829] (px4_msgs) StdoutLine: {'line': b'-- Up-to-date: /home/nicolas/ws_ros2/install/px4_msgs/include/px4_msgs/px4_msgs/msg/detail/gimbal_manager_set_manual_control__rosidl_typesupport_introspection_c.h\n'}
[0.838859] (px4_msgs) StdoutLine: {'line': b'-- Up-to-date: /home/nicolas/ws_ros2/install/px4_msgs/include/px4_msgs/px4_msgs/msg/detail/parameter_set_value_response__rosidl_typesupport_introspection_c.h\n'}
[0.838907] (px4_msgs) StdoutLine: {'line': b'-- Up-to-date: /home/nicolas/ws_ros2/install/px4_msgs/include/px4_msgs/px4_msgs/msg/detail/camera_capture__type_support.c\n'}
[0.838935] (px4_msgs) StdoutLine: {'line': b'-- Up-to-date: /home/nicolas/ws_ros2/install/px4_msgs/include/px4_msgs/px4_msgs/msg/detail/vehicle_optical_flow_vel__rosidl_typesupport_introspection_c.h\n'}
[0.838963] (px4_msgs) StdoutLine: {'line': b'-- Up-to-date: /home/nicolas/ws_ros2/install/px4_msgs/include/px4_msgs/px4_msgs/msg/detail/fixed_wing_lateral_guidance_status__rosidl_typesupport_introspection_c.h\n'}
[0.838991] (px4_msgs) StdoutLine: {'line': b'-- Up-to-date: /home/nicolas/ws_ros2/install/px4_msgs/include/px4_msgs/px4_msgs/msg/detail/qshell_req__rosidl_typesupport_introspection_c.h\n'}
[0.839022] (px4_msgs) StdoutLine: {'line': b'-- Up-to-date: /home/nicolas/ws_ros2/install/px4_msgs/include/px4_msgs/px4_msgs/msg/detail/estimator_bias__type_support.c\n'}
[0.839053] (px4_msgs) StdoutLine: {'line': b'-- Up-to-date: /home/nicolas/ws_ros2/install/px4_msgs/include/px4_msgs/px4_msgs/msg/detail/sensor_hygrometer__type_support.c\n'}
[0.839084] (px4_msgs) StdoutLine: {'line': b'-- Up-to-date: /home/nicolas/ws_ros2/install/px4_msgs/include/px4_msgs/px4_msgs/msg/detail/dataman_request__type_support.c\n'}
[0.839115] (px4_msgs) StdoutLine: {'line': b'-- Up-to-date: /home/nicolas/ws_ros2/install/px4_msgs/include/px4_msgs/px4_msgs/msg/detail/obstacle_distance__type_support.c\n'}
[0.839146] (px4_msgs) StdoutLine: {'line': b'-- Up-to-date: /home/nicolas/ws_ros2/install/px4_msgs/include/px4_msgs/px4_msgs/msg/detail/sensor_combined__type_support.c\n'}
[0.839176] (px4_msgs) StdoutLine: {'line': b'-- Up-to-date: /home/nicolas/ws_ros2/install/px4_msgs/include/px4_msgs/px4_msgs/msg/detail/trajectory_setpoint6dof__rosidl_typesupport_introspection_c.h\n'}
[0.839207] (px4_msgs) StdoutLine: {'line': b'-- Up-to-date: /home/nicolas/ws_ros2/install/px4_msgs/include/px4_msgs/px4_msgs/msg/detail/parameter_reset_request__rosidl_typesupport_introspection_c.h\n'}
[0.839238] (px4_msgs) StdoutLine: {'line': b'-- Up-to-date: /home/nicolas/ws_ros2/install/px4_msgs/include/px4_msgs/px4_msgs/msg/detail/normalized_unsigned_setpoint__rosidl_typesupport_introspection_c.h\n'}
[0.839269] (px4_msgs) StdoutLine: {'line': b'-- Up-to-date: /home/nicolas/ws_ros2/install/px4_msgs/include/px4_msgs/px4_msgs/msg/detail/vehicle_land_detected__rosidl_typesupport_introspection_c.h\n'}
[0.839299] (px4_msgs) StdoutLine: {'line': b'-- Up-to-date: /home/nicolas/ws_ros2/install/px4_msgs/include/px4_msgs/px4_msgs/msg/detail/button_event__type_support.c\n'}
[0.839343] (px4_msgs) StdoutLine: {'line': b'-- Up-to-date: /home/nicolas/ws_ros2/install/px4_msgs/include/px4_msgs/px4_msgs/msg/detail/gps_inject_data__rosidl_typesupport_introspection_c.h\n'}
[0.839371] (px4_msgs) StdoutLine: {'line': b'-- Up-to-date: /home/nicolas/ws_ros2/install/px4_msgs/include/px4_msgs/px4_msgs/msg/detail/navigator_mission_item__rosidl_typesupport_introspection_c.h\n'}
[0.839402] (px4_msgs) StdoutLine: {'line': b'-- Up-to-date: /home/nicolas/ws_ros2/install/px4_msgs/include/px4_msgs/px4_msgs/msg/detail/estimator_aid_source3d__rosidl_typesupport_introspection_c.h\n'}
[0.839430] (px4_msgs) StdoutLine: {'line': b'-- Up-to-date: /home/nicolas/ws_ros2/install/px4_msgs/include/px4_msgs/px4_msgs/msg/detail/message_format_response__type_support.c\n'}
[0.839462] (px4_msgs) StdoutLine: {'line': b'-- Up-to-date: /home/nicolas/ws_ros2/install/px4_msgs/include/px4_msgs/px4_msgs/msg/detail/gimbal_device_attitude_status__rosidl_typesupport_introspection_c.h\n'}
[0.839491] (px4_msgs) StdoutLine: {'line': b'-- Up-to-date: /home/nicolas/ws_ros2/install/px4_msgs/include/px4_msgs/px4_msgs/msg/detail/esc_status__type_support.c\n'}
[0.839520] (px4_msgs) StdoutLine: {'line': b'-- Up-to-date: /home/nicolas/ws_ros2/install/px4_msgs/include/px4_msgs/px4_msgs/msg/detail/vehicle_imu__rosidl_typesupport_introspection_c.h\n'}
[0.839550] (px4_msgs) StdoutLine: {'line': b'-- Up-to-date: /home/nicolas/ws_ros2/install/px4_msgs/include/px4_msgs/px4_msgs/msg/detail/open_drone_id_operator_id__rosidl_typesupport_introspection_c.h\n'}
[0.839589] (px4_msgs) StdoutLine: {'line': b'-- Up-to-date: /home/nicolas/ws_ros2/install/px4_msgs/include/px4_msgs/px4_msgs/msg/detail/sensor_optical_flow__type_support.c\n'}
[0.839617] (px4_msgs) StdoutLine: {'line': b'-- Up-to-date: /home/nicolas/ws_ros2/install/px4_msgs/include/px4_msgs/px4_msgs/msg/detail/sensor_gps__rosidl_typesupport_introspection_c.h\n'}
[0.839646] (px4_msgs) StdoutLine: {'line': b'-- Up-to-date: /home/nicolas/ws_ros2/install/px4_msgs/include/px4_msgs/px4_msgs/msg/detail/sensor_accel_fifo__rosidl_typesupport_introspection_c.h\n'}
[0.839674] (px4_msgs) StdoutLine: {'line': b'-- Up-to-date: /home/nicolas/ws_ros2/install/px4_msgs/include/px4_msgs/px4_msgs/msg/detail/estimator_bias__rosidl_typesupport_introspection_c.h\n'}
[0.839702] (px4_msgs) StdoutLine: {'line': b'-- Up-to-date: /home/nicolas/ws_ros2/install/px4_msgs/include/px4_msgs/px4_msgs/msg/detail/ulog_stream__rosidl_typesupport_introspection_c.h\n'}
[0.839731] (px4_msgs) StdoutLine: {'line': b'-- Up-to-date: /home/nicolas/ws_ros2/install/px4_msgs/include/px4_msgs/px4_msgs/msg/detail/position_setpoint_triplet__type_support.c\n'}
[0.839761] (px4_msgs) StdoutLine: {'line': b'-- Up-to-date: /home/nicolas/ws_ros2/install/px4_msgs/include/px4_msgs/px4_msgs/msg/detail/sensor_gyro_fifo__rosidl_typesupport_introspection_c.h\n'}
[0.839803] (px4_msgs) StdoutLine: {'line': b'-- Up-to-date: /home/nicolas/ws_ros2/install/px4_msgs/include/px4_msgs/px4_msgs/msg/detail/uavcan_parameter_request__type_support.c\n'}
[0.839831] (px4_msgs) StdoutLine: {'line': b'-- Up-to-date: /home/nicolas/ws_ros2/install/px4_msgs/include/px4_msgs/px4_msgs/msg/detail/task_stack_info__type_support.c\n'}
[0.839859] (px4_msgs) StdoutLine: {'line': b'-- Up-to-date: /home/nicolas/ws_ros2/install/px4_msgs/include/px4_msgs/px4_msgs/msg/detail/config_overrides__type_support.c\n'}
[0.839887] (px4_msgs) StdoutLine: {'line': b'-- Up-to-date: /home/nicolas/ws_ros2/install/px4_msgs/include/px4_msgs/px4_msgs/msg/detail/differential_pressure__type_support.c\n'}
[0.839915] (px4_msgs) StdoutLine: {'line': b'-- Up-to-date: /home/nicolas/ws_ros2/install/px4_msgs/include/px4_msgs/px4_msgs/msg/detail/transponder_report__type_support.c\n'}
[0.839950] (px4_msgs) StdoutLine: {'line': b'-- Up-to-date: /home/nicolas/ws_ros2/install/px4_msgs/include/px4_msgs/px4_msgs/msg/detail/onboard_computer_status__type_support.c\n'}
[0.839978] (px4_msgs) StdoutLine: {'line': b'-- Up-to-date: /home/nicolas/ws_ros2/install/px4_msgs/include/px4_msgs/px4_msgs/msg/detail/cpuload__type_support.c\n'}
[0.840006] (px4_msgs) StdoutLine: {'line': b'-- Up-to-date: /home/nicolas/ws_ros2/install/px4_msgs/include/px4_msgs/px4_msgs/msg/detail/qshell_req__type_support.c\n'}
[0.840033] (px4_msgs) StdoutLine: {'line': b'-- Up-to-date: /home/nicolas/ws_ros2/install/px4_msgs/include/px4_msgs/px4_msgs/msg/detail/open_drone_id_arm_status__type_support.c\n'}
[0.840060] (px4_msgs) StdoutLine: {'line': b'-- Up-to-date: /home/nicolas/ws_ros2/install/px4_msgs/include/px4_msgs/px4_msgs/msg/detail/pps_capture__rosidl_typesupport_introspection_c.h\n'}
[0.840088] (px4_msgs) StdoutLine: {'line': b'-- Up-to-date: /home/nicolas/ws_ros2/install/px4_msgs/include/px4_msgs/px4_msgs/msg/detail/follow_target_status__type_support.c\n'}
[0.840115] (px4_msgs) StdoutLine: {'line': b'-- Up-to-date: /home/nicolas/ws_ros2/install/px4_msgs/include/px4_msgs/px4_msgs/msg/detail/generator_status__rosidl_typesupport_introspection_c.h\n'}
[0.840143] (px4_msgs) StdoutLine: {'line': b'-- Up-to-date: /home/nicolas/ws_ros2/install/px4_msgs/include/px4_msgs/px4_msgs/msg/detail/tecs_status__type_support.c\n'}
[0.840171] (px4_msgs) StdoutLine: {'line': b'-- Up-to-date: /home/nicolas/ws_ros2/install/px4_msgs/include/px4_msgs/px4_msgs/msg/detail/led_control__type_support.c\n'}
[0.840198] (px4_msgs) StdoutLine: {'line': b'-- Up-to-date: /home/nicolas/ws_ros2/install/px4_msgs/include/px4_msgs/px4_msgs/msg/detail/yaw_estimator_status__type_support.c\n'}
[0.840230] (px4_msgs) StdoutLine: {'line': b'-- Up-to-date: /home/nicolas/ws_ros2/install/px4_msgs/include/px4_msgs/px4_msgs/msg/detail/logger_status__rosidl_typesupport_introspection_c.h\n'}
[0.840258] (px4_msgs) StdoutLine: {'line': b'-- Up-to-date: /home/nicolas/ws_ros2/install/px4_msgs/include/px4_msgs/px4_msgs/msg/detail/geofence_result__rosidl_typesupport_introspection_c.h\n'}
[0.840295] (px4_msgs) StdoutLine: {'line': b'-- Up-to-date: /home/nicolas/ws_ros2/install/px4_msgs/include/px4_msgs/px4_msgs/msg/detail/home_position__type_support.c\n'}
[0.840326] (px4_msgs) StdoutLine: {'line': b'-- Up-to-date: /home/nicolas/ws_ros2/install/px4_msgs/include/px4_msgs/px4_msgs/msg/detail/sensor_airflow__type_support.c\n'}
[0.840356] (px4_msgs) StdoutLine: {'line': b'-- Up-to-date: /home/nicolas/ws_ros2/install/px4_msgs/include/px4_msgs/px4_msgs/msg/rosidl_typesupport_introspection_c__visibility_control.h\n'}
[0.840386] (px4_msgs) StdoutLine: {'line': b'-- Up-to-date: /home/nicolas/ws_ros2/install/px4_msgs/lib/libpx4_msgs__rosidl_typesupport_introspection_c.so\n'}
[0.840415] (px4_msgs) StdoutLine: {'line': b'-- Up-to-date: /home/nicolas/ws_ros2/install/px4_msgs/lib/libpx4_msgs__rosidl_typesupport_c.so\n'}
[0.840445] (px4_msgs) StdoutLine: {'line': b'-- Up-to-date: /home/nicolas/ws_ros2/install/px4_msgs/include/px4_msgs/px4_msgs\n'}
[0.840480] (px4_msgs) StdoutLine: {'line': b'-- Up-to-date: /home/nicolas/ws_ros2/install/px4_msgs/include/px4_msgs/px4_msgs/srv\n'}
[0.840513] (px4_msgs) StdoutLine: {'line': b'-- Up-to-date: /home/nicolas/ws_ros2/install/px4_msgs/include/px4_msgs/px4_msgs/srv/detail\n'}
[0.840570] (px4_msgs) StdoutLine: {'line': b'-- Up-to-date: /home/nicolas/ws_ros2/install/px4_msgs/include/px4_msgs/px4_msgs/srv/detail/vehicle_command__rosidl_typesupport_introspection_cpp.hpp\n'}
[0.840604] (px4_msgs) StdoutLine: {'line': b'-- Up-to-date: /home/nicolas/ws_ros2/install/px4_msgs/include/px4_msgs/px4_msgs/srv/detail/vehicle_command__type_support.cpp\n'}
[0.840635] (px4_msgs) StdoutLine: {'line': b'-- Up-to-date: /home/nicolas/ws_ros2/install/px4_msgs/include/px4_msgs/px4_msgs/msg\n'}
[0.840666] (px4_msgs) StdoutLine: {'line': b'-- Up-to-date: /home/nicolas/ws_ros2/install/px4_msgs/include/px4_msgs/px4_msgs/msg/detail\n'}
[0.840698] (px4_msgs) StdoutLine: {'line': b'-- Up-to-date: /home/nicolas/ws_ros2/install/px4_msgs/include/px4_msgs/px4_msgs/msg/detail/open_drone_id_operator_id__type_support.cpp\n'}
[0.840728] (px4_msgs) StdoutLine: {'line': b'-- Up-to-date: /home/nicolas/ws_ros2/install/px4_msgs/include/px4_msgs/px4_msgs/msg/detail/fixed_wing_lateral_guidance_status__rosidl_typesupport_introspection_cpp.hpp\n'}
[0.840759] (px4_msgs) StdoutLine: {'line': b'-- Up-to-date: /home/nicolas/ws_ros2/install/px4_msgs/include/px4_msgs/px4_msgs/msg/detail/takeoff_status__rosidl_typesupport_introspection_cpp.hpp\n'}
[0.840790] (px4_msgs) StdoutLine: {'line': b'-- Up-to-date: /home/nicolas/ws_ros2/install/px4_msgs/include/px4_msgs/px4_msgs/msg/detail/sensor_hygrometer__type_support.cpp\n'}
[0.840839] (px4_msgs) StdoutLine: {'line': b'-- Up-to-date: /home/nicolas/ws_ros2/install/px4_msgs/include/px4_msgs/px4_msgs/msg/detail/differential_pressure__type_support.cpp\n'}
[0.840869] (px4_msgs) StdoutLine: {'line': b'-- Up-to-date: /home/nicolas/ws_ros2/install/px4_msgs/include/px4_msgs/px4_msgs/msg/detail/uavcan_parameter_value__type_support.cpp\n'}
[0.840897] (px4_msgs) StdoutLine: {'line': b'-- Up-to-date: /home/nicolas/ws_ros2/install/px4_msgs/include/px4_msgs/px4_msgs/msg/detail/sensor_baro__type_support.cpp\n'}
[0.840928] (px4_msgs) StdoutLine: {'line': b'-- Up-to-date: /home/nicolas/ws_ros2/install/px4_msgs/include/px4_msgs/px4_msgs/msg/detail/camera_trigger__type_support.cpp\n'}
[0.840958] (px4_msgs) StdoutLine: {'line': b'-- Up-to-date: /home/nicolas/ws_ros2/install/px4_msgs/include/px4_msgs/px4_msgs/msg/detail/estimator_aid_source2d__rosidl_typesupport_introspection_cpp.hpp\n'}
[0.840989] (px4_msgs) StdoutLine: {'line': b'-- Up-to-date: /home/nicolas/ws_ros2/install/px4_msgs/include/px4_msgs/px4_msgs/msg/detail/fixed_wing_longitudinal_setpoint__type_support.cpp\n'}
[0.841028] (px4_msgs) StdoutLine: {'line': b'-- Up-to-date: /home/nicolas/ws_ros2/install/px4_msgs/include/px4_msgs/px4_msgs/msg/detail/failure_detector_status__rosidl_typesupport_introspection_cpp.hpp\n'}
[0.841056] (px4_msgs) StdoutLine: {'line': b'-- Up-to-date: /home/nicolas/ws_ros2/install/px4_msgs/include/px4_msgs/px4_msgs/msg/detail/actuator_motors__rosidl_typesupport_introspection_cpp.hpp\n'}
[0.841085] (px4_msgs) StdoutLine: {'line': b'-- Up-to-date: /home/nicolas/ws_ros2/install/px4_msgs/include/px4_msgs/px4_msgs/msg/detail/iridiumsbd_status__rosidl_typesupport_introspection_cpp.hpp\n'}
[0.841113] (px4_msgs) StdoutLine: {'line': b'-- Up-to-date: /home/nicolas/ws_ros2/install/px4_msgs/include/px4_msgs/px4_msgs/msg/detail/ekf2_timestamps__rosidl_typesupport_introspection_cpp.hpp\n'}
[0.841141] (px4_msgs) StdoutLine: {'line': b'-- Up-to-date: /home/nicolas/ws_ros2/install/px4_msgs/include/px4_msgs/px4_msgs/msg/detail/vehicle_magnetometer__rosidl_typesupport_introspection_cpp.hpp\n'}
[0.841168] (px4_msgs) StdoutLine: {'line': b'-- Up-to-date: /home/nicolas/ws_ros2/install/px4_msgs/include/px4_msgs/px4_msgs/msg/detail/gimbal_device_attitude_status__rosidl_typesupport_introspection_cpp.hpp\n'}
[0.841199] (px4_msgs) StdoutLine: {'line': b'-- Up-to-date: /home/nicolas/ws_ros2/install/px4_msgs/include/px4_msgs/px4_msgs/msg/detail/estimator_innovations__type_support.cpp\n'}
[0.841227] (px4_msgs) StdoutLine: {'line': b'-- Up-to-date: /home/nicolas/ws_ros2/install/px4_msgs/include/px4_msgs/px4_msgs/msg/detail/vehicle_attitude__rosidl_typesupport_introspection_cpp.hpp\n'}
[0.841259] (px4_msgs) StdoutLine: {'line': b'-- Up-to-date: /home/nicolas/ws_ros2/install/px4_msgs/include/px4_msgs/px4_msgs/msg/detail/vehicle_thrust_setpoint__rosidl_typesupport_introspection_cpp.hpp\n'}
[0.841290] (px4_msgs) StdoutLine: {'line': b'-- Up-to-date: /home/nicolas/ws_ros2/install/px4_msgs/include/px4_msgs/px4_msgs/msg/detail/telemetry_status__type_support.cpp\n'}
[0.841323] (px4_msgs) StdoutLine: {'line': b'-- Up-to-date: /home/nicolas/ws_ros2/install/px4_msgs/include/px4_msgs/px4_msgs/msg/detail/vehicle_air_data__rosidl_typesupport_introspection_cpp.hpp\n'}
[0.841353] (px4_msgs) StdoutLine: {'line': b'-- Up-to-date: /home/nicolas/ws_ros2/install/px4_msgs/include/px4_msgs/px4_msgs/msg/detail/sensor_gnss_relative__rosidl_typesupport_introspection_cpp.hpp\n'}
[0.841389] (px4_msgs) StdoutLine: {'line': b'-- Up-to-date: /home/nicolas/ws_ros2/install/px4_msgs/include/px4_msgs/px4_msgs/msg/detail/can_interface_status__rosidl_typesupport_introspection_cpp.hpp\n'}
[0.841508] (px4_msgs) StdoutLine: {'line': b'-- Up-to-date: /home/nicolas/ws_ros2/install/px4_msgs/include/px4_msgs/px4_msgs/msg/detail/open_drone_id_self_id__rosidl_typesupport_introspection_cpp.hpp\n'}
[0.841541] (px4_msgs) StdoutLine: {'line': b'-- Up-to-date: /home/nicolas/ws_ros2/install/px4_msgs/include/px4_msgs/px4_msgs/msg/detail/vehicle_angular_velocity__type_support.cpp\n'}
[0.841570] (px4_msgs) StdoutLine: {'line': b'-- Up-to-date: /home/nicolas/ws_ros2/install/px4_msgs/include/px4_msgs/px4_msgs/msg/detail/longitudinal_control_configuration__rosidl_typesupport_introspection_cpp.hpp\n'}
[0.841598] (px4_msgs) StdoutLine: {'line': b'-- Up-to-date: /home/nicolas/ws_ros2/install/px4_msgs/include/px4_msgs/px4_msgs/msg/detail/uavcan_parameter_value__rosidl_typesupport_introspection_cpp.hpp\n'}
[0.841626] (px4_msgs) StdoutLine: {'line': b'-- Up-to-date: /home/nicolas/ws_ros2/install/px4_msgs/include/px4_msgs/px4_msgs/msg/detail/radio_status__rosidl_typesupport_introspection_cpp.hpp\n'}
[0.841656] (px4_msgs) StdoutLine: {'line': b'-- Up-to-date: /home/nicolas/ws_ros2/install/px4_msgs/include/px4_msgs/px4_msgs/msg/detail/radio_status__type_support.cpp\n'}
[0.841686] (px4_msgs) StdoutLine: {'line': b'-- Up-to-date: /home/nicolas/ws_ros2/install/px4_msgs/include/px4_msgs/px4_msgs/msg/detail/esc_report__rosidl_typesupport_introspection_cpp.hpp\n'}
[0.841717] (px4_msgs) StdoutLine: {'line': b'-- Up-to-date: /home/nicolas/ws_ros2/install/px4_msgs/include/px4_msgs/px4_msgs/msg/detail/vehicle_rates_setpoint__rosidl_typesupport_introspection_cpp.hpp\n'}
[0.841754] (px4_msgs) StdoutLine: {'line': b'-- Up-to-date: /home/nicolas/ws_ros2/install/px4_msgs/include/px4_msgs/px4_msgs/msg/detail/gimbal_device_attitude_status__type_support.cpp\n'}
[0.841787] (px4_msgs) StdoutLine: {'line': b'-- Up-to-date: /home/nicolas/ws_ros2/install/px4_msgs/include/px4_msgs/px4_msgs/msg/detail/estimator_event_flags__rosidl_typesupport_introspection_cpp.hpp\n'}
[0.841816] (px4_msgs) StdoutLine: {'line': b'-- Up-to-date: /home/nicolas/ws_ros2/install/px4_msgs/include/px4_msgs/px4_msgs/msg/detail/normalized_unsigned_setpoint__type_support.cpp\n'}
[0.841844] (px4_msgs) StdoutLine: {'line': b'-- Up-to-date: /home/nicolas/ws_ros2/install/px4_msgs/include/px4_msgs/px4_msgs/msg/detail/vehicle_rates_setpoint__type_support.cpp\n'}
[0.841879] (px4_msgs) StdoutLine: {'line': b'-- Up-to-date: /home/nicolas/ws_ros2/install/px4_msgs/include/px4_msgs/px4_msgs/msg/detail/control_allocator_status__type_support.cpp\n'}
[0.841915] (px4_msgs) StdoutLine: {'line': b'-- Up-to-date: /home/nicolas/ws_ros2/install/px4_msgs/include/px4_msgs/px4_msgs/msg/detail/irlock_report__type_support.cpp\n'}
[0.841947] (px4_msgs) StdoutLine: {'line': b'-- Up-to-date: /home/nicolas/ws_ros2/install/px4_msgs/include/px4_msgs/px4_msgs/msg/detail/gimbal_manager_set_attitude__type_support.cpp\n'}
[0.841978] (px4_msgs) StdoutLine: {'line': b'-- Up-to-date: /home/nicolas/ws_ros2/install/px4_msgs/include/px4_msgs/px4_msgs/msg/detail/battery_info__type_support.cpp\n'}
[0.842009] (px4_msgs) StdoutLine: {'line': b'-- Up-to-date: /home/nicolas/ws_ros2/install/px4_msgs/include/px4_msgs/px4_msgs/msg/detail/heater_status__rosidl_typesupport_introspection_cpp.hpp\n'}
[0.842041] (px4_msgs) StdoutLine: {'line': b'-- Up-to-date: /home/nicolas/ws_ros2/install/px4_msgs/include/px4_msgs/px4_msgs/msg/detail/button_event__rosidl_typesupport_introspection_cpp.hpp\n'}
[0.842071] (px4_msgs) StdoutLine: {'line': b'-- Up-to-date: /home/nicolas/ws_ros2/install/px4_msgs/include/px4_msgs/px4_msgs/msg/detail/distance_sensor_mode_change_request__type_support.cpp\n'}
[0.842102] (px4_msgs) StdoutLine: {'line': b'-- Up-to-date: /home/nicolas/ws_ros2/install/px4_msgs/include/px4_msgs/px4_msgs/msg/detail/sensor_uwb__type_support.cpp\n'}
[0.842148] (px4_msgs) StdoutLine: {'line': b'-- Up-to-date: /home/nicolas/ws_ros2/install/px4_msgs/include/px4_msgs/px4_msgs/msg/detail/vehicle_control_mode__type_support.cpp\n'}
[0.842178] (px4_msgs) StdoutLine: {'line': b'-- Up-to-date: /home/nicolas/ws_ros2/install/px4_msgs/include/px4_msgs/px4_msgs/msg/detail/vehicle_status__rosidl_typesupport_introspection_cpp.hpp\n'}
[0.842208] (px4_msgs) StdoutLine: {'line': b'-- Up-to-date: /home/nicolas/ws_ros2/install/px4_msgs/include/px4_msgs/px4_msgs/msg/detail/sensor_gnss_status__type_support.cpp\n'}
[0.842239] (px4_msgs) StdoutLine: {'line': b'-- Up-to-date: /home/nicolas/ws_ros2/install/px4_msgs/include/px4_msgs/px4_msgs/msg/detail/tune_control__type_support.cpp\n'}
[0.842269] (px4_msgs) StdoutLine: {'line': b'-- Up-to-date: /home/nicolas/ws_ros2/install/px4_msgs/include/px4_msgs/px4_msgs/msg/detail/vehicle_control_mode__rosidl_typesupport_introspection_cpp.hpp\n'}
[0.842299] (px4_msgs) StdoutLine: {'line': b'-- Up-to-date: /home/nicolas/ws_ros2/install/px4_msgs/include/px4_msgs/px4_msgs/msg/detail/fixed_wing_lateral_setpoint__type_support.cpp\n'}
[0.842329] (px4_msgs) StdoutLine: {'line': b'-- Up-to-date: /home/nicolas/ws_ros2/install/px4_msgs/include/px4_msgs/px4_msgs/msg/detail/sensors_status__type_support.cpp\n'}
[0.842360] (px4_msgs) StdoutLine: {'line': b'-- Up-to-date: /home/nicolas/ws_ros2/install/px4_msgs/include/px4_msgs/px4_msgs/msg/detail/sensor_uwb__rosidl_typesupport_introspection_cpp.hpp\n'}
[0.842391] (px4_msgs) StdoutLine: {'line': b'-- Up-to-date: /home/nicolas/ws_ros2/install/px4_msgs/include/px4_msgs/px4_msgs/msg/detail/hover_thrust_estimate__type_support.cpp\n'}
[0.842422] (px4_msgs) StdoutLine: {'line': b'-- Up-to-date: /home/nicolas/ws_ros2/install/px4_msgs/include/px4_msgs/px4_msgs/msg/detail/debug_array__rosidl_typesupport_introspection_cpp.hpp\n'}
[0.842472] (px4_msgs) StdoutLine: {'line': b'-- Up-to-date: /home/nicolas/ws_ros2/install/px4_msgs/include/px4_msgs/px4_msgs/msg/detail/velocity_limits__type_support.cpp\n'}
[0.842501] (px4_msgs) StdoutLine: {'line': b'-- Up-to-date: /home/nicolas/ws_ros2/install/px4_msgs/include/px4_msgs/px4_msgs/msg/detail/trajectory_setpoint6dof__rosidl_typesupport_introspection_cpp.hpp\n'}
[0.842529] (px4_msgs) StdoutLine: {'line': b'-- Up-to-date: /home/nicolas/ws_ros2/install/px4_msgs/include/px4_msgs/px4_msgs/msg/detail/sensor_airflow__type_support.cpp\n'}
[0.842557] (px4_msgs) StdoutLine: {'line': b'-- Up-to-date: /home/nicolas/ws_ros2/install/px4_msgs/include/px4_msgs/px4_msgs/msg/detail/estimator_sensor_bias__type_support.cpp\n'}
[0.842585] (px4_msgs) StdoutLine: {'line': b'-- Up-to-date: /home/nicolas/ws_ros2/install/px4_msgs/include/px4_msgs/px4_msgs/msg/detail/satellite_info__type_support.cpp\n'}
[0.842616] (px4_msgs) StdoutLine: {'line': b'-- Up-to-date: /home/nicolas/ws_ros2/install/px4_msgs/include/px4_msgs/px4_msgs/msg/detail/rover_attitude_status__rosidl_typesupport_introspection_cpp.hpp\n'}
[0.842646] (px4_msgs) StdoutLine: {'line': b'-- Up-to-date: /home/nicolas/ws_ros2/install/px4_msgs/include/px4_msgs/px4_msgs/msg/detail/figure_eight_status__rosidl_typesupport_introspection_cpp.hpp\n'}
[0.842677] (px4_msgs) StdoutLine: {'line': b'-- Up-to-date: /home/nicolas/ws_ros2/install/px4_msgs/include/px4_msgs/px4_msgs/msg/detail/airspeed_validated__rosidl_typesupport_introspection_cpp.hpp\n'}
[0.842707] (px4_msgs) StdoutLine: {'line': b'-- Up-to-date: /home/nicolas/ws_ros2/install/px4_msgs/include/px4_msgs/px4_msgs/msg/detail/manual_control_switches__rosidl_typesupport_introspection_cpp.hpp\n'}
[0.842749] (px4_msgs) StdoutLine: {'line': b'-- Up-to-date: /home/nicolas/ws_ros2/install/px4_msgs/include/px4_msgs/px4_msgs/msg/detail/gimbal_device_set_attitude__type_support.cpp\n'}
[0.842777] (px4_msgs) StdoutLine: {'line': b'-- Up-to-date: /home/nicolas/ws_ros2/install/px4_msgs/include/px4_msgs/px4_msgs/msg/detail/uavcan_parameter_request__rosidl_typesupport_introspection_cpp.hpp\n'}
[0.842805] (px4_msgs) StdoutLine: {'line': b'-- Up-to-date: /home/nicolas/ws_ros2/install/px4_msgs/include/px4_msgs/px4_msgs/msg/detail/logger_status__type_support.cpp\n'}
[0.842834] (px4_msgs) StdoutLine: {'line': b'-- Up-to-date: /home/nicolas/ws_ros2/install/px4_msgs/include/px4_msgs/px4_msgs/msg/detail/distance_sensor__type_support.cpp\n'}
[0.842865] (px4_msgs) StdoutLine: {'line': b'-- Up-to-date: /home/nicolas/ws_ros2/install/px4_msgs/include/px4_msgs/px4_msgs/msg/detail/sensor_selection__type_support.cpp\n'}
[0.842895] (px4_msgs) StdoutLine: {'line': b'-- Up-to-date: /home/nicolas/ws_ros2/install/px4_msgs/include/px4_msgs/px4_msgs/msg/detail/sensors_status_imu__type_support.cpp\n'}
[0.842926] (px4_msgs) StdoutLine: {'line': b'-- Up-to-date: /home/nicolas/ws_ros2/install/px4_msgs/include/px4_msgs/px4_msgs/msg/detail/sensors_status__rosidl_typesupport_introspection_cpp.hpp\n'}
[0.842957] (px4_msgs) StdoutLine: {'line': b'-- Up-to-date: /home/nicolas/ws_ros2/install/px4_msgs/include/px4_msgs/px4_msgs/msg/detail/parameter_reset_request__type_support.cpp\n'}
[0.842987] (px4_msgs) StdoutLine: {'line': b'-- Up-to-date: /home/nicolas/ws_ros2/install/px4_msgs/include/px4_msgs/px4_msgs/msg/detail/vtol_vehicle_status__rosidl_typesupport_introspection_cpp.hpp\n'}
[0.843028] (px4_msgs) StdoutLine: {'line': b'-- Up-to-date: /home/nicolas/ws_ros2/install/px4_msgs/include/px4_msgs/px4_msgs/msg/detail/collision_constraints__type_support.cpp\n'}
[0.843056] (px4_msgs) StdoutLine: {'line': b'-- Up-to-date: /home/nicolas/ws_ros2/install/px4_msgs/include/px4_msgs/px4_msgs/msg/detail/sensor_accel_fifo__type_support.cpp\n'}
[0.843083] (px4_msgs) StdoutLine: {'line': b'-- Up-to-date: /home/nicolas/ws_ros2/install/px4_msgs/include/px4_msgs/px4_msgs/msg/detail/orb_test_medium__rosidl_typesupport_introspection_cpp.hpp\n'}
[0.843110] (px4_msgs) StdoutLine: {'line': b'-- Up-to-date: /home/nicolas/ws_ros2/install/px4_msgs/include/px4_msgs/px4_msgs/msg/detail/airspeed_validated__type_support.cpp\n'}
[0.843141] (px4_msgs) StdoutLine: {'line': b'-- Up-to-date: /home/nicolas/ws_ros2/install/px4_msgs/include/px4_msgs/px4_msgs/msg/detail/collision_constraints__rosidl_typesupport_introspection_cpp.hpp\n'}
[0.843171] (px4_msgs) StdoutLine: {'line': b'-- Up-to-date: /home/nicolas/ws_ros2/install/px4_msgs/include/px4_msgs/px4_msgs/msg/detail/position_setpoint__rosidl_typesupport_introspection_cpp.hpp\n'}
[0.843202] (px4_msgs) StdoutLine: {'line': b'-- Up-to-date: /home/nicolas/ws_ros2/install/px4_msgs/include/px4_msgs/px4_msgs/msg/detail/pure_pursuit_status__type_support.cpp\n'}
[0.843232] (px4_msgs) StdoutLine: {'line': b'-- Up-to-date: /home/nicolas/ws_ros2/install/px4_msgs/include/px4_msgs/px4_msgs/msg/detail/estimator_aid_source3d__type_support.cpp\n'}
[0.843263] (px4_msgs) StdoutLine: {'line': b'-- Up-to-date: /home/nicolas/ws_ros2/install/px4_msgs/include/px4_msgs/px4_msgs/msg/detail/vehicle_imu_status__type_support.cpp\n'}
[0.843297] (px4_msgs) StdoutLine: {'line': b'-- Up-to-date: /home/nicolas/ws_ros2/install/px4_msgs/include/px4_msgs/px4_msgs/msg/detail/estimator_selector_status__rosidl_typesupport_introspection_cpp.hpp\n'}
[0.843329] (px4_msgs) StdoutLine: {'line': b'-- Up-to-date: /home/nicolas/ws_ros2/install/px4_msgs/include/px4_msgs/px4_msgs/msg/detail/home_position__rosidl_typesupport_introspection_cpp.hpp\n'}
[0.843360] (px4_msgs) StdoutLine: {'line': b'-- Up-to-date: /home/nicolas/ws_ros2/install/px4_msgs/include/px4_msgs/px4_msgs/msg/detail/gripper__rosidl_typesupport_introspection_cpp.hpp\n'}
[0.843390] (px4_msgs) StdoutLine: {'line': b'-- Up-to-date: /home/nicolas/ws_ros2/install/px4_msgs/include/px4_msgs/px4_msgs/msg/detail/gimbal_device_information__type_support.cpp\n'}
[0.843422] (px4_msgs) StdoutLine: {'line': b'-- Up-to-date: /home/nicolas/ws_ros2/install/px4_msgs/include/px4_msgs/px4_msgs/msg/detail/ulog_stream__rosidl_typesupport_introspection_cpp.hpp\n'}
[0.843454] (px4_msgs) StdoutLine: {'line': b'-- Up-to-date: /home/nicolas/ws_ros2/install/px4_msgs/include/px4_msgs/px4_msgs/msg/detail/vehicle_thrust_setpoint__type_support.cpp\n'}
[0.843487] (px4_msgs) StdoutLine: {'line': b'-- Up-to-date: /home/nicolas/ws_ros2/install/px4_msgs/include/px4_msgs/px4_msgs/msg/detail/debug_vect__rosidl_typesupport_introspection_cpp.hpp\n'}
[0.843517] (px4_msgs) StdoutLine: {'line': b'-- Up-to-date: /home/nicolas/ws_ros2/install/px4_msgs/include/px4_msgs/px4_msgs/msg/detail/satellite_info__rosidl_typesupport_introspection_cpp.hpp\n'}
[0.843547] (px4_msgs) StdoutLine: {'line': b'-- Up-to-date: /home/nicolas/ws_ros2/install/px4_msgs/include/px4_msgs/px4_msgs/msg/detail/actuator_armed__type_support.cpp\n'}
[0.843577] (px4_msgs) StdoutLine: {'line': b'-- Up-to-date: /home/nicolas/ws_ros2/install/px4_msgs/include/px4_msgs/px4_msgs/msg/detail/actuator_test__rosidl_typesupport_introspection_cpp.hpp\n'}
[0.843608] (px4_msgs) StdoutLine: {'line': b'-- Up-to-date: /home/nicolas/ws_ros2/install/px4_msgs/include/px4_msgs/px4_msgs/msg/detail/fixed_wing_lateral_setpoint__rosidl_typesupport_introspection_cpp.hpp\n'}
[0.843653] (px4_msgs) StdoutLine: {'line': b'-- Up-to-date: /home/nicolas/ws_ros2/install/px4_msgs/include/px4_msgs/px4_msgs/msg/detail/vehicle_angular_acceleration_setpoint__rosidl_typesupport_introspection_cpp.hpp\n'}
[0.843681] (px4_msgs) StdoutLine: {'line': b'-- Up-to-date: /home/nicolas/ws_ros2/install/px4_msgs/include/px4_msgs/px4_msgs/msg/detail/task_stack_info__rosidl_typesupport_introspection_cpp.hpp\n'}
[0.843709] (px4_msgs) StdoutLine: {'line': b'-- Up-to-date: /home/nicolas/ws_ros2/install/px4_msgs/include/px4_msgs/px4_msgs/msg/detail/log_message__type_support.cpp\n'}
[0.843738] (px4_msgs) StdoutLine: {'line': b'-- Up-to-date: /home/nicolas/ws_ros2/install/px4_msgs/include/px4_msgs/px4_msgs/msg/detail/estimator_status__rosidl_typesupport_introspection_cpp.hpp\n'}
[0.843765] (px4_msgs) StdoutLine: {'line': b'-- Up-to-date: /home/nicolas/ws_ros2/install/px4_msgs/include/px4_msgs/px4_msgs/msg/detail/wind__type_support.cpp\n'}
[0.843799] (px4_msgs) StdoutLine: {'line': b'-- Up-to-date: /home/nicolas/ws_ros2/install/px4_msgs/include/px4_msgs/px4_msgs/msg/detail/sensor_combined__type_support.cpp\n'}
[0.843827] (px4_msgs) StdoutLine: {'line': b'-- Up-to-date: /home/nicolas/ws_ros2/install/px4_msgs/include/px4_msgs/px4_msgs/msg/detail/vehicle_command__rosidl_typesupport_introspection_cpp.hpp\n'}
[0.843867] (px4_msgs) StdoutLine: {'line': b'-- Up-to-date: /home/nicolas/ws_ros2/install/px4_msgs/include/px4_msgs/px4_msgs/msg/detail/follow_target_estimator__type_support.cpp\n'}
[0.843897] (px4_msgs) StdoutLine: {'line': b'-- Up-to-date: /home/nicolas/ws_ros2/install/px4_msgs/include/px4_msgs/px4_msgs/msg/detail/gimbal_controls__rosidl_typesupport_introspection_cpp.hpp\n'}
[0.843927] (px4_msgs) StdoutLine: {'line': b'-- Up-to-date: /home/nicolas/ws_ros2/install/px4_msgs/include/px4_msgs/px4_msgs/msg/detail/tecs_status__type_support.cpp\n'}
[0.843954] (px4_msgs) StdoutLine: {'line': b'-- Up-to-date: /home/nicolas/ws_ros2/install/px4_msgs/include/px4_msgs/px4_msgs/msg/detail/sensor_preflight_mag__rosidl_typesupport_introspection_cpp.hpp\n'}
[0.843983] (px4_msgs) StdoutLine: {'line': b'-- Up-to-date: /home/nicolas/ws_ros2/install/px4_msgs/include/px4_msgs/px4_msgs/msg/detail/rc_channels__type_support.cpp\n'}
[0.844011] (px4_msgs) StdoutLine: {'line': b'-- Up-to-date: /home/nicolas/ws_ros2/install/px4_msgs/include/px4_msgs/px4_msgs/msg/detail/rover_speed_setpoint__type_support.cpp\n'}
[0.844039] (px4_msgs) StdoutLine: {'line': b'-- Up-to-date: /home/nicolas/ws_ros2/install/px4_msgs/include/px4_msgs/px4_msgs/msg/detail/transponder_report__rosidl_typesupport_introspection_cpp.hpp\n'}
[0.844069] (px4_msgs) StdoutLine: {'line': b'-- Up-to-date: /home/nicolas/ws_ros2/install/px4_msgs/include/px4_msgs/px4_msgs/msg/detail/dataman_response__type_support.cpp\n'}
[0.844098] (px4_msgs) StdoutLine: {'line': b'-- Up-to-date: /home/nicolas/ws_ros2/install/px4_msgs/include/px4_msgs/px4_msgs/msg/detail/gps_dump__type_support.cpp\n'}
[0.844128] (px4_msgs) StdoutLine: {'line': b'-- Up-to-date: /home/nicolas/ws_ros2/install/px4_msgs/include/px4_msgs/px4_msgs/msg/detail/gps_dump__rosidl_typesupport_introspection_cpp.hpp\n'}
[0.844159] (px4_msgs) StdoutLine: {'line': b'-- Up-to-date: /home/nicolas/ws_ros2/install/px4_msgs/include/px4_msgs/px4_msgs/msg/detail/launch_detection_status__rosidl_typesupport_introspection_cpp.hpp\n'}
[0.844189] (px4_msgs) StdoutLine: {'line': b'-- Up-to-date: /home/nicolas/ws_ros2/install/px4_msgs/include/px4_msgs/px4_msgs/msg/detail/mavlink_tunnel__type_support.cpp\n'}
[0.844228] (px4_msgs) StdoutLine: {'line': b'-- Up-to-date: /home/nicolas/ws_ros2/install/px4_msgs/include/px4_msgs/px4_msgs/msg/detail/position_controller_status__type_support.cpp\n'}
[0.844259] (px4_msgs) StdoutLine: {'line': b'-- Up-to-date: /home/nicolas/ws_ros2/install/px4_msgs/include/px4_msgs/px4_msgs/msg/detail/mavlink_log__rosidl_typesupport_introspection_cpp.hpp\n'}
[0.844289] (px4_msgs) StdoutLine: {'line': b'-- Up-to-date: /home/nicolas/ws_ros2/install/px4_msgs/include/px4_msgs/px4_msgs/msg/detail/neural_control__rosidl_typesupport_introspection_cpp.hpp\n'}
[0.844332] (px4_msgs) StdoutLine: {'line': b'-- Up-to-date: /home/nicolas/ws_ros2/install/px4_msgs/include/px4_msgs/px4_msgs/msg/detail/generator_status__type_support.cpp\n'}
[0.844362] (px4_msgs) StdoutLine: {'line': b'-- Up-to-date: /home/nicolas/ws_ros2/install/px4_msgs/include/px4_msgs/px4_msgs/msg/detail/vehicle_optical_flow__type_support.cpp\n'}
[0.844393] (px4_msgs) StdoutLine: {'line': b'-- Up-to-date: /home/nicolas/ws_ros2/install/px4_msgs/include/px4_msgs/px4_msgs/msg/detail/sensor_gnss_status__rosidl_typesupport_introspection_cpp.hpp\n'}
[0.844425] (px4_msgs) StdoutLine: {'line': b'-- Up-to-date: /home/nicolas/ws_ros2/install/px4_msgs/include/px4_msgs/px4_msgs/msg/detail/actuator_servos_trim__type_support.cpp\n'}
[0.844461] (px4_msgs) StdoutLine: {'line': b'-- Up-to-date: /home/nicolas/ws_ros2/install/px4_msgs/include/px4_msgs/px4_msgs/msg/detail/gps_inject_data__rosidl_typesupport_introspection_cpp.hpp\n'}
[0.844505] (px4_msgs) StdoutLine: {'line': b'-- Up-to-date: /home/nicolas/ws_ros2/install/px4_msgs/include/px4_msgs/px4_msgs/msg/detail/estimator_aid_source1d__type_support.cpp\n'}
[0.844534] (px4_msgs) StdoutLine: {'line': b'-- Up-to-date: /home/nicolas/ws_ros2/install/px4_msgs/include/px4_msgs/px4_msgs/msg/detail/debug_array__type_support.cpp\n'}
[0.844564] (px4_msgs) StdoutLine: {'line': b'-- Up-to-date: /home/nicolas/ws_ros2/install/px4_msgs/include/px4_msgs/px4_msgs/msg/detail/airspeed__rosidl_typesupport_introspection_cpp.hpp\n'}
[0.844599] (px4_msgs) StdoutLine: {'line': b'-- Up-to-date: /home/nicolas/ws_ros2/install/px4_msgs/include/px4_msgs/px4_msgs/msg/detail/fixed_wing_lateral_status__rosidl_typesupport_introspection_cpp.hpp\n'}
[0.844627] (px4_msgs) StdoutLine: {'line': b'-- Up-to-date: /home/nicolas/ws_ros2/install/px4_msgs/include/px4_msgs/px4_msgs/msg/detail/camera_status__rosidl_typesupport_introspection_cpp.hpp\n'}
[0.844655] (px4_msgs) StdoutLine: {'line': b'-- Up-to-date: /home/nicolas/ws_ros2/install/px4_msgs/include/px4_msgs/px4_msgs/msg/detail/arming_check_request__rosidl_typesupport_introspection_cpp.hpp\n'}
[0.844683] (px4_msgs) StdoutLine: {'line': b'-- Up-to-date: /home/nicolas/ws_ros2/install/px4_msgs/include/px4_msgs/px4_msgs/msg/detail/gpio_out__rosidl_typesupport_introspection_cpp.hpp\n'}
[0.844712] (px4_msgs) StdoutLine: {'line': b'-- Up-to-date: /home/nicolas/ws_ros2/install/px4_msgs/include/px4_msgs/px4_msgs/msg/detail/ulog_stream_ack__rosidl_typesupport_introspection_cpp.hpp\n'}
[0.844751] (px4_msgs) StdoutLine: {'line': b'-- Up-to-date: /home/nicolas/ws_ros2/install/px4_msgs/include/px4_msgs/px4_msgs/msg/detail/manual_control_switches__type_support.cpp\n'}
[0.844782] (px4_msgs) StdoutLine: {'line': b'-- Up-to-date: /home/nicolas/ws_ros2/install/px4_msgs/include/px4_msgs/px4_msgs/msg/detail/fixed_wing_runway_control__rosidl_typesupport_introspection_cpp.hpp\n'}
[0.844812] (px4_msgs) StdoutLine: {'line': b'-- Up-to-date: /home/nicolas/ws_ros2/install/px4_msgs/include/px4_msgs/px4_msgs/msg/detail/rover_throttle_setpoint__rosidl_typesupport_introspection_cpp.hpp\n'}
[0.844847] (px4_msgs) StdoutLine: {'line': b'-- Up-to-date: /home/nicolas/ws_ros2/install/px4_msgs/include/px4_msgs/px4_msgs/msg/detail/dataman_request__rosidl_typesupport_introspection_cpp.hpp\n'}
[0.844879] (px4_msgs) StdoutLine: {'line': b'-- Up-to-date: /home/nicolas/ws_ros2/install/px4_msgs/include/px4_msgs/px4_msgs/msg/detail/vehicle_magnetometer__type_support.cpp\n'}
[0.844912] (px4_msgs) StdoutLine: {'line': b'-- Up-to-date: /home/nicolas/ws_ros2/install/px4_msgs/include/px4_msgs/px4_msgs/msg/detail/actuator_servos_trim__rosidl_typesupport_introspection_cpp.hpp\n'}
[0.844943] (px4_msgs) StdoutLine: {'line': b'-- Up-to-date: /home/nicolas/ws_ros2/install/px4_msgs/include/px4_msgs/px4_msgs/msg/detail/cellular_status__rosidl_typesupport_introspection_cpp.hpp\n'}
[0.844975] (px4_msgs) StdoutLine: {'line': b'-- Up-to-date: /home/nicolas/ws_ros2/install/px4_msgs/include/px4_msgs/px4_msgs/msg/detail/neural_control__type_support.cpp\n'}
[0.845006] (px4_msgs) StdoutLine: {'line': b'-- Up-to-date: /home/nicolas/ws_ros2/install/px4_msgs/include/px4_msgs/px4_msgs/msg/detail/esc_status__rosidl_typesupport_introspection_cpp.hpp\n'}
[0.845037] (px4_msgs) StdoutLine: {'line': b'-- Up-to-date: /home/nicolas/ws_ros2/install/px4_msgs/include/px4_msgs/px4_msgs/msg/detail/timesync_status__type_support.cpp\n'}
[0.845068] (px4_msgs) StdoutLine: {'line': b'-- Up-to-date: /home/nicolas/ws_ros2/install/px4_msgs/include/px4_msgs/px4_msgs/msg/detail/arming_check_reply__rosidl_typesupport_introspection_cpp.hpp\n'}
[0.845107] (px4_msgs) StdoutLine: {'line': b'-- Up-to-date: /home/nicolas/ws_ros2/install/px4_msgs/include/px4_msgs/px4_msgs/msg/detail/vehicle_acceleration__rosidl_typesupport_introspection_cpp.hpp\n'}
[0.845138] (px4_msgs) StdoutLine: {'line': b'-- Up-to-date: /home/nicolas/ws_ros2/install/px4_msgs/include/px4_msgs/px4_msgs/msg/detail/internal_combustion_engine_control__rosidl_typesupport_introspection_cpp.hpp\n'}
[0.845178] (px4_msgs) StdoutLine: {'line': b'-- Up-to-date: /home/nicolas/ws_ros2/install/px4_msgs/include/px4_msgs/px4_msgs/msg/detail/health_report__rosidl_typesupport_introspection_cpp.hpp\n'}
[0.845209] (px4_msgs) StdoutLine: {'line': b'-- Up-to-date: /home/nicolas/ws_ros2/install/px4_msgs/include/px4_msgs/px4_msgs/msg/detail/parameter_set_value_request__type_support.cpp\n'}
[0.845240] (px4_msgs) StdoutLine: {'line': b'-- Up-to-date: /home/nicolas/ws_ros2/install/px4_msgs/include/px4_msgs/px4_msgs/msg/detail/tiltrotor_extra_controls__type_support.cpp\n'}
[0.845271] (px4_msgs) StdoutLine: {'line': b'-- Up-to-date: /home/nicolas/ws_ros2/install/px4_msgs/include/px4_msgs/px4_msgs/msg/detail/gimbal_manager_status__type_support.cpp\n'}
[0.845302] (px4_msgs) StdoutLine: {'line': b'-- Up-to-date: /home/nicolas/ws_ros2/install/px4_msgs/include/px4_msgs/px4_msgs/msg/detail/power_monitor__rosidl_typesupport_introspection_cpp.hpp\n'}
[0.845332] (px4_msgs) StdoutLine: {'line': b'-- Up-to-date: /home/nicolas/ws_ros2/install/px4_msgs/include/px4_msgs/px4_msgs/msg/detail/autotune_attitude_control_status__type_support.cpp\n'}
[0.845362] (px4_msgs) StdoutLine: {'line': b'-- Up-to-date: /home/nicolas/ws_ros2/install/px4_msgs/include/px4_msgs/px4_msgs/msg/detail/open_drone_id_self_id__type_support.cpp\n'}
[0.845393] (px4_msgs) StdoutLine: {'line': b'-- Up-to-date: /home/nicolas/ws_ros2/install/px4_msgs/include/px4_msgs/px4_msgs/msg/detail/airspeed_wind__rosidl_typesupport_introspection_cpp.hpp\n'}
[0.845424] (px4_msgs) StdoutLine: {'line': b'-- Up-to-date: /home/nicolas/ws_ros2/install/px4_msgs/include/px4_msgs/px4_msgs/msg/detail/orb_test__type_support.cpp\n'}
[0.845475] (px4_msgs) StdoutLine: {'line': b'-- Up-to-date: /home/nicolas/ws_ros2/install/px4_msgs/include/px4_msgs/px4_msgs/msg/detail/landing_gear__rosidl_typesupport_introspection_cpp.hpp\n'}
[0.845507] (px4_msgs) StdoutLine: {'line': b'-- Up-to-date: /home/nicolas/ws_ros2/install/px4_msgs/include/px4_msgs/px4_msgs/msg/detail/vehicle_angular_velocity__rosidl_typesupport_introspection_cpp.hpp\n'}
[0.845550] (px4_msgs) StdoutLine: {'line': b'-- Up-to-date: /home/nicolas/ws_ros2/install/px4_msgs/include/px4_msgs/px4_msgs/msg/detail/rc_parameter_map__type_support.cpp\n'}
[0.845580] (px4_msgs) StdoutLine: {'line': b'-- Up-to-date: /home/nicolas/ws_ros2/install/px4_msgs/include/px4_msgs/px4_msgs/msg/detail/vehicle_attitude__type_support.cpp\n'}
[0.845608] (px4_msgs) StdoutLine: {'line': b'-- Up-to-date: /home/nicolas/ws_ros2/install/px4_msgs/include/px4_msgs/px4_msgs/msg/detail/rtl_status__type_support.cpp\n'}
[0.845639] (px4_msgs) StdoutLine: {'line': b'-- Up-to-date: /home/nicolas/ws_ros2/install/px4_msgs/include/px4_msgs/px4_msgs/msg/detail/qshell_req__rosidl_typesupport_introspection_cpp.hpp\n'}
[0.845668] (px4_msgs) StdoutLine: {'line': b'-- Up-to-date: /home/nicolas/ws_ros2/install/px4_msgs/include/px4_msgs/px4_msgs/msg/detail/sensor_optical_flow__type_support.cpp\n'}
[0.845697] (px4_msgs) StdoutLine: {'line': b'-- Up-to-date: /home/nicolas/ws_ros2/install/px4_msgs/include/px4_msgs/px4_msgs/msg/detail/open_drone_id_system__rosidl_typesupport_introspection_cpp.hpp\n'}
[0.845726] (px4_msgs) StdoutLine: {'line': b'-- Up-to-date: /home/nicolas/ws_ros2/install/px4_msgs/include/px4_msgs/px4_msgs/msg/detail/dronecan_node_status__rosidl_typesupport_introspection_cpp.hpp\n'}
[0.845757] (px4_msgs) StdoutLine: {'line': b'-- Up-to-date: /home/nicolas/ws_ros2/install/px4_msgs/include/px4_msgs/px4_msgs/msg/detail/rc_channels__rosidl_typesupport_introspection_cpp.hpp\n'}
[0.845788] (px4_msgs) StdoutLine: {'line': b'-- Up-to-date: /home/nicolas/ws_ros2/install/px4_msgs/include/px4_msgs/px4_msgs/msg/detail/wheel_encoders__rosidl_typesupport_introspection_cpp.hpp\n'}
[0.845817] (px4_msgs) StdoutLine: {'line': b'-- Up-to-date: /home/nicolas/ws_ros2/install/px4_msgs/include/px4_msgs/px4_msgs/msg/detail/led_control__rosidl_typesupport_introspection_cpp.hpp\n'}
[0.845848] (px4_msgs) StdoutLine: {'line': b'-- Up-to-date: /home/nicolas/ws_ros2/install/px4_msgs/include/px4_msgs/px4_msgs/msg/detail/orb_test_large__type_support.cpp\n'}
[0.845887] (px4_msgs) StdoutLine: {'line': b'-- Up-to-date: /home/nicolas/ws_ros2/install/px4_msgs/include/px4_msgs/px4_msgs/msg/detail/actuator_test__type_support.cpp\n'}
[0.845915] (px4_msgs) StdoutLine: {'line': b'-- Up-to-date: /home/nicolas/ws_ros2/install/px4_msgs/include/px4_msgs/px4_msgs/msg/detail/actuator_outputs__rosidl_typesupport_introspection_cpp.hpp\n'}
[0.845946] (px4_msgs) StdoutLine: {'line': b'-- Up-to-date: /home/nicolas/ws_ros2/install/px4_msgs/include/px4_msgs/px4_msgs/msg/detail/fixed_wing_lateral_status__type_support.cpp\n'}
[0.845977] (px4_msgs) StdoutLine: {'line': b'-- Up-to-date: /home/nicolas/ws_ros2/install/px4_msgs/include/px4_msgs/px4_msgs/msg/detail/transponder_report__type_support.cpp\n'}
[0.846008] (px4_msgs) StdoutLine: {'line': b'-- Up-to-date: /home/nicolas/ws_ros2/install/px4_msgs/include/px4_msgs/px4_msgs/msg/detail/rtl_status__rosidl_typesupport_introspection_cpp.hpp\n'}
[0.846038] (px4_msgs) StdoutLine: {'line': b'-- Up-to-date: /home/nicolas/ws_ros2/install/px4_msgs/include/px4_msgs/px4_msgs/msg/detail/mag_worker_data__type_support.cpp\n'}
[0.846069] (px4_msgs) StdoutLine: {'line': b'-- Up-to-date: /home/nicolas/ws_ros2/install/px4_msgs/include/px4_msgs/px4_msgs/msg/detail/cpuload__type_support.cpp\n'}
[0.846098] (px4_msgs) StdoutLine: {'line': b'-- Up-to-date: /home/nicolas/ws_ros2/install/px4_msgs/include/px4_msgs/px4_msgs/msg/detail/lateral_control_configuration__type_support.cpp\n'}
[0.846129] (px4_msgs) StdoutLine: {'line': b'-- Up-to-date: /home/nicolas/ws_ros2/install/px4_msgs/include/px4_msgs/px4_msgs/msg/detail/rover_steering_setpoint__rosidl_typesupport_introspection_cpp.hpp\n'}
[0.846159] (px4_msgs) StdoutLine: {'line': b'-- Up-to-date: /home/nicolas/ws_ros2/install/px4_msgs/include/px4_msgs/px4_msgs/msg/detail/differential_pressure__rosidl_typesupport_introspection_cpp.hpp\n'}
[0.846189] (px4_msgs) StdoutLine: {'line': b'-- Up-to-date: /home/nicolas/ws_ros2/install/px4_msgs/include/px4_msgs/px4_msgs/msg/detail/adc_report__type_support.cpp\n'}
[0.846218] (px4_msgs) StdoutLine: {'line': b'-- Up-to-date: /home/nicolas/ws_ros2/install/px4_msgs/include/px4_msgs/px4_msgs/msg/detail/actuator_controls_status__rosidl_typesupport_introspection_cpp.hpp\n'}
[0.846249] (px4_msgs) StdoutLine: {'line': b'-- Up-to-date: /home/nicolas/ws_ros2/install/px4_msgs/include/px4_msgs/px4_msgs/msg/detail/vehicle_global_position__rosidl_typesupport_introspection_cpp.hpp\n'}
[0.846279] (px4_msgs) StdoutLine: {'line': b'-- Up-to-date: /home/nicolas/ws_ros2/install/px4_msgs/include/px4_msgs/px4_msgs/msg/detail/vehicle_local_position__type_support.cpp\n'}
[0.846319] (px4_msgs) StdoutLine: {'line': b'-- Up-to-date: /home/nicolas/ws_ros2/install/px4_msgs/include/px4_msgs/px4_msgs/msg/detail/wheel_encoders__type_support.cpp\n'}
[0.846351] (px4_msgs) StdoutLine: {'line': b'-- Up-to-date: /home/nicolas/ws_ros2/install/px4_msgs/include/px4_msgs/px4_msgs/msg/detail/uavcan_parameter_request__type_support.cpp\n'}
[0.846382] (px4_msgs) StdoutLine: {'line': b'-- Up-to-date: /home/nicolas/ws_ros2/install/px4_msgs/include/px4_msgs/px4_msgs/msg/detail/esc_status__type_support.cpp\n'}
[0.846412] (px4_msgs) StdoutLine: {'line': b'-- Up-to-date: /home/nicolas/ws_ros2/install/px4_msgs/include/px4_msgs/px4_msgs/msg/detail/geofence_status__rosidl_typesupport_introspection_cpp.hpp\n'}
[0.846463] (px4_msgs) StdoutLine: {'line': b'-- Up-to-date: /home/nicolas/ws_ros2/install/px4_msgs/include/px4_msgs/px4_msgs/msg/detail/gpio_in__type_support.cpp\n'}
[0.846494] (px4_msgs) StdoutLine: {'line': b'-- Up-to-date: /home/nicolas/ws_ros2/install/px4_msgs/include/px4_msgs/px4_msgs/msg/detail/failsafe_flags__type_support.cpp\n'}
[0.846536] (px4_msgs) StdoutLine: {'line': b'-- Up-to-date: /home/nicolas/ws_ros2/install/px4_msgs/include/px4_msgs/px4_msgs/msg/detail/pwm_input__rosidl_typesupport_introspection_cpp.hpp\n'}
[0.846565] (px4_msgs) StdoutLine: {'line': b'-- Up-to-date: /home/nicolas/ws_ros2/install/px4_msgs/include/px4_msgs/px4_msgs/msg/detail/parameter_update__rosidl_typesupport_introspection_cpp.hpp\n'}
[0.846596] (px4_msgs) StdoutLine: {'line': b'-- Up-to-date: /home/nicolas/ws_ros2/install/px4_msgs/include/px4_msgs/px4_msgs/msg/detail/estimator_states__rosidl_typesupport_introspection_cpp.hpp\n'}
[0.846623] (px4_msgs) StdoutLine: {'line': b'-- Up-to-date: /home/nicolas/ws_ros2/install/px4_msgs/include/px4_msgs/px4_msgs/msg/detail/orbit_status__type_support.cpp\n'}
[0.846651] (px4_msgs) StdoutLine: {'line': b'-- Up-to-date: /home/nicolas/ws_ros2/install/px4_msgs/include/px4_msgs/px4_msgs/msg/detail/distance_sensor__rosidl_typesupport_introspection_cpp.hpp\n'}
[0.846679] (px4_msgs) StdoutLine: {'line': b'-- Up-to-date: /home/nicolas/ws_ros2/install/px4_msgs/include/px4_msgs/px4_msgs/msg/detail/health_report__type_support.cpp\n'}
[0.846707] (px4_msgs) StdoutLine: {'line': b'-- Up-to-date: /home/nicolas/ws_ros2/install/px4_msgs/include/px4_msgs/px4_msgs/msg/detail/mission__rosidl_typesupport_introspection_cpp.hpp\n'}
[0.846739] (px4_msgs) StdoutLine: {'line': b'-- Up-to-date: /home/nicolas/ws_ros2/install/px4_msgs/include/px4_msgs/px4_msgs/msg/detail/gripper__type_support.cpp\n'}
[0.846769] (px4_msgs) StdoutLine: {'line': b'-- Up-to-date: /home/nicolas/ws_ros2/install/px4_msgs/include/px4_msgs/px4_msgs/msg/detail/sensor_accel_fifo__rosidl_typesupport_introspection_cpp.hpp\n'}
[0.846799] (px4_msgs) StdoutLine: {'line': b'-- Up-to-date: /home/nicolas/ws_ros2/install/px4_msgs/include/px4_msgs/px4_msgs/msg/detail/register_ext_component_request__type_support.cpp\n'}
[0.846829] (px4_msgs) StdoutLine: {'line': b'-- Up-to-date: /home/nicolas/ws_ros2/install/px4_msgs/include/px4_msgs/px4_msgs/msg/detail/geofence_result__rosidl_typesupport_introspection_cpp.hpp\n'}
[0.846859] (px4_msgs) StdoutLine: {'line': b'-- Up-to-date: /home/nicolas/ws_ros2/install/px4_msgs/include/px4_msgs/px4_msgs/msg/detail/px4io_status__type_support.cpp\n'}
[0.846890] (px4_msgs) StdoutLine: {'line': b'-- Up-to-date: /home/nicolas/ws_ros2/install/px4_msgs/include/px4_msgs/px4_msgs/msg/detail/qshell_retval__type_support.cpp\n'}
[0.846920] (px4_msgs) StdoutLine: {'line': b'-- Up-to-date: /home/nicolas/ws_ros2/install/px4_msgs/include/px4_msgs/px4_msgs/msg/detail/iridiumsbd_status__type_support.cpp\n'}
[0.846950] (px4_msgs) StdoutLine: {'line': b'-- Up-to-date: /home/nicolas/ws_ros2/install/px4_msgs/include/px4_msgs/px4_msgs/msg/detail/input_rc__rosidl_typesupport_introspection_cpp.hpp\n'}
[0.846995] (px4_msgs) StdoutLine: {'line': b'-- Up-to-date: /home/nicolas/ws_ros2/install/px4_msgs/include/px4_msgs/px4_msgs/msg/detail/vehicle_constraints__type_support.cpp\n'}
[0.847023] (px4_msgs) StdoutLine: {'line': b'-- Up-to-date: /home/nicolas/ws_ros2/install/px4_msgs/include/px4_msgs/px4_msgs/msg/detail/mount_orientation__type_support.cpp\n'}
[0.847052] (px4_msgs) StdoutLine: {'line': b'-- Up-to-date: /home/nicolas/ws_ros2/install/px4_msgs/include/px4_msgs/px4_msgs/msg/detail/gimbal_manager_information__rosidl_typesupport_introspection_cpp.hpp\n'}
[0.847090] (px4_msgs) StdoutLine: {'line': b'-- Up-to-date: /home/nicolas/ws_ros2/install/px4_msgs/include/px4_msgs/px4_msgs/msg/detail/unregister_ext_component__rosidl_typesupport_introspection_cpp.hpp\n'}
[0.847119] (px4_msgs) StdoutLine: {'line': b'-- Up-to-date: /home/nicolas/ws_ros2/install/px4_msgs/include/px4_msgs/px4_msgs/msg/detail/pps_capture__rosidl_typesupport_introspection_cpp.hpp\n'}
[0.847148] (px4_msgs) StdoutLine: {'line': b'-- Up-to-date: /home/nicolas/ws_ros2/install/px4_msgs/include/px4_msgs/px4_msgs/msg/detail/parameter_update__type_support.cpp\n'}
[0.847177] (px4_msgs) StdoutLine: {'line': b'-- Up-to-date: /home/nicolas/ws_ros2/install/px4_msgs/include/px4_msgs/px4_msgs/msg/detail/cpuload__rosidl_typesupport_introspection_cpp.hpp\n'}
[0.847216] (px4_msgs) StdoutLine: {'line': b'-- Up-to-date: /home/nicolas/ws_ros2/install/px4_msgs/include/px4_msgs/px4_msgs/msg/detail/open_drone_id_operator_id__rosidl_typesupport_introspection_cpp.hpp\n'}
[0.847245] (px4_msgs) StdoutLine: {'line': b'-- Up-to-date: /home/nicolas/ws_ros2/install/px4_msgs/include/px4_msgs/px4_msgs/msg/detail/esc_report__type_support.cpp\n'}
[0.847277] (px4_msgs) StdoutLine: {'line': b'-- Up-to-date: /home/nicolas/ws_ros2/install/px4_msgs/include/px4_msgs/px4_msgs/msg/detail/follow_target__rosidl_typesupport_introspection_cpp.hpp\n'}
[0.847305] (px4_msgs) StdoutLine: {'line': b'-- Up-to-date: /home/nicolas/ws_ros2/install/px4_msgs/include/px4_msgs/px4_msgs/msg/detail/follow_target_status__rosidl_typesupport_introspection_cpp.hpp\n'}
[0.847333] (px4_msgs) StdoutLine: {'line': b'-- Up-to-date: /home/nicolas/ws_ros2/install/px4_msgs/include/px4_msgs/px4_msgs/msg/detail/sensor_preflight_mag__type_support.cpp\n'}
[0.847361] (px4_msgs) StdoutLine: {'line': b'-- Up-to-date: /home/nicolas/ws_ros2/install/px4_msgs/include/px4_msgs/px4_msgs/msg/detail/irlock_report__rosidl_typesupport_introspection_cpp.hpp\n'}
[0.847396] (px4_msgs) StdoutLine: {'line': b'-- Up-to-date: /home/nicolas/ws_ros2/install/px4_msgs/include/px4_msgs/px4_msgs/msg/detail/rover_throttle_setpoint__type_support.cpp\n'}
[0.847425] (px4_msgs) StdoutLine: {'line': b'-- Up-to-date: /home/nicolas/ws_ros2/install/px4_msgs/include/px4_msgs/px4_msgs/msg/detail/can_interface_status__type_support.cpp\n'}
[0.847459] (px4_msgs) StdoutLine: {'line': b'-- Up-to-date: /home/nicolas/ws_ros2/install/px4_msgs/include/px4_msgs/px4_msgs/msg/detail/mode_completed__type_support.cpp\n'}
[0.847495] (px4_msgs) StdoutLine: {'line': b'-- Up-to-date: /home/nicolas/ws_ros2/install/px4_msgs/include/px4_msgs/px4_msgs/msg/detail/position_controller_status__rosidl_typesupport_introspection_cpp.hpp\n'}
[0.847528] (px4_msgs) StdoutLine: {'line': b'-- Up-to-date: /home/nicolas/ws_ros2/install/px4_msgs/include/px4_msgs/px4_msgs/msg/detail/logger_status__rosidl_typesupport_introspection_cpp.hpp\n'}
[0.847559] (px4_msgs) StdoutLine: {'line': b'-- Up-to-date: /home/nicolas/ws_ros2/install/px4_msgs/include/px4_msgs/px4_msgs/msg/detail/register_ext_component_request__rosidl_typesupport_introspection_cpp.hpp\n'}
[0.847589] (px4_msgs) StdoutLine: {'line': b'-- Up-to-date: /home/nicolas/ws_ros2/install/px4_msgs/include/px4_msgs/px4_msgs/msg/detail/launch_detection_status__type_support.cpp\n'}
[0.847620] (px4_msgs) StdoutLine: {'line': b'-- Up-to-date: /home/nicolas/ws_ros2/install/px4_msgs/include/px4_msgs/px4_msgs/msg/detail/navigator_mission_item__rosidl_typesupport_introspection_cpp.hpp\n'}
[0.847651] (px4_msgs) StdoutLine: {'line': b'-- Up-to-date: /home/nicolas/ws_ros2/install/px4_msgs/include/px4_msgs/px4_msgs/msg/detail/internal_combustion_engine_status__type_support.cpp\n'}
[0.847680] (px4_msgs) StdoutLine: {'line': b'-- Up-to-date: /home/nicolas/ws_ros2/install/px4_msgs/include/px4_msgs/px4_msgs/msg/detail/rover_rate_status__rosidl_typesupport_introspection_cpp.hpp\n'}
[0.847710] (px4_msgs) StdoutLine: {'line': b'-- Up-to-date: /home/nicolas/ws_ros2/install/px4_msgs/include/px4_msgs/px4_msgs/msg/detail/vehicle_imu_status__rosidl_typesupport_introspection_cpp.hpp\n'}
[0.847740] (px4_msgs) StdoutLine: {'line': b'-- Up-to-date: /home/nicolas/ws_ros2/install/px4_msgs/include/px4_msgs/px4_msgs/msg/detail/vehicle_local_position_setpoint__type_support.cpp\n'}
[0.847770] (px4_msgs) StdoutLine: {'line': b'-- Up-to-date: /home/nicolas/ws_ros2/install/px4_msgs/include/px4_msgs/px4_msgs/msg/detail/estimator_bias__type_support.cpp\n'}
[0.847800] (px4_msgs) StdoutLine: {'line': b'-- Up-to-date: /home/nicolas/ws_ros2/install/px4_msgs/include/px4_msgs/px4_msgs/msg/detail/sensor_accel__type_support.cpp\n'}
[0.847831] (px4_msgs) StdoutLine: {'line': b'-- Up-to-date: /home/nicolas/ws_ros2/install/px4_msgs/include/px4_msgs/px4_msgs/msg/detail/vehicle_torque_setpoint__rosidl_typesupport_introspection_cpp.hpp\n'}
[0.847861] (px4_msgs) StdoutLine: {'line': b'-- Up-to-date: /home/nicolas/ws_ros2/install/px4_msgs/include/px4_msgs/px4_msgs/msg/detail/gimbal_manager_set_manual_control__rosidl_typesupport_introspection_cpp.hpp\n'}
[0.847892] (px4_msgs) StdoutLine: {'line': b'-- Up-to-date: /home/nicolas/ws_ros2/install/px4_msgs/include/px4_msgs/px4_msgs/msg/detail/input_rc__type_support.cpp\n'}
[0.847922] (px4_msgs) StdoutLine: {'line': b'-- Up-to-date: /home/nicolas/ws_ros2/install/px4_msgs/include/px4_msgs/px4_msgs/msg/detail/airspeed_wind__type_support.cpp\n'}
[0.847967] (px4_msgs) StdoutLine: {'line': b'-- Up-to-date: /home/nicolas/ws_ros2/install/px4_msgs/include/px4_msgs/px4_msgs/msg/detail/obstacle_distance__type_support.cpp\n'}
[0.847996] (px4_msgs) StdoutLine: {'line': b'-- Up-to-date: /home/nicolas/ws_ros2/install/px4_msgs/include/px4_msgs/px4_msgs/msg/detail/sensor_gyro_fifo__rosidl_typesupport_introspection_cpp.hpp\n'}
[0.848025] (px4_msgs) StdoutLine: {'line': b'-- Up-to-date: /home/nicolas/ws_ros2/install/px4_msgs/include/px4_msgs/px4_msgs/msg/detail/gimbal_manager_status__rosidl_typesupport_introspection_cpp.hpp\n'}
[0.848053] (px4_msgs) StdoutLine: {'line': b'-- Up-to-date: /home/nicolas/ws_ros2/install/px4_msgs/include/px4_msgs/px4_msgs/msg/detail/gimbal_controls__type_support.cpp\n'}
[0.848081] (px4_msgs) StdoutLine: {'line': b'-- Up-to-date: /home/nicolas/ws_ros2/install/px4_msgs/include/px4_msgs/px4_msgs/msg/detail/estimator_bias3d__type_support.cpp\n'}
[0.848108] (px4_msgs) StdoutLine: {'line': b'-- Up-to-date: /home/nicolas/ws_ros2/install/px4_msgs/include/px4_msgs/px4_msgs/msg/detail/system_power__rosidl_typesupport_introspection_cpp.hpp\n'}
[0.848138] (px4_msgs) StdoutLine: {'line': b'-- Up-to-date: /home/nicolas/ws_ros2/install/px4_msgs/include/px4_msgs/px4_msgs/msg/detail/position_controller_landing_status__rosidl_typesupport_introspection_cpp.hpp\n'}
[0.848169] (px4_msgs) StdoutLine: {'line': b'-- Up-to-date: /home/nicolas/ws_ros2/install/px4_msgs/include/px4_msgs/px4_msgs/msg/detail/airspeed__type_support.cpp\n'}
[0.848199] (px4_msgs) StdoutLine: {'line': b'-- Up-to-date: /home/nicolas/ws_ros2/install/px4_msgs/include/px4_msgs/px4_msgs/msg/detail/led_control__type_support.cpp\n'}
[0.848240] (px4_msgs) StdoutLine: {'line': b'-- Up-to-date: /home/nicolas/ws_ros2/install/px4_msgs/include/px4_msgs/px4_msgs/msg/detail/orb_test_medium__type_support.cpp\n'}
[0.848282] (px4_msgs) StdoutLine: {'line': b'-- Up-to-date: /home/nicolas/ws_ros2/install/px4_msgs/include/px4_msgs/px4_msgs/msg/detail/estimator_gps_status__type_support.cpp\n'}
[0.848314] (px4_msgs) StdoutLine: {'line': b'-- Up-to-date: /home/nicolas/ws_ros2/install/px4_msgs/include/px4_msgs/px4_msgs/msg/detail/config_overrides__rosidl_typesupport_introspection_cpp.hpp\n'}
[0.848343] (px4_msgs) StdoutLine: {'line': b'-- Up-to-date: /home/nicolas/ws_ros2/install/px4_msgs/include/px4_msgs/px4_msgs/msg/detail/vehicle_optical_flow_vel__type_support.cpp\n'}
[0.848371] (px4_msgs) StdoutLine: {'line': b'-- Up-to-date: /home/nicolas/ws_ros2/install/px4_msgs/include/px4_msgs/px4_msgs/msg/detail/dataman_request__type_support.cpp\n'}
[0.848399] (px4_msgs) StdoutLine: {'line': b'-- Up-to-date: /home/nicolas/ws_ros2/install/px4_msgs/include/px4_msgs/px4_msgs/msg/detail/sensor_gyro__type_support.cpp\n'}
[0.848427] (px4_msgs) StdoutLine: {'line': b'-- Up-to-date: /home/nicolas/ws_ros2/install/px4_msgs/include/px4_msgs/px4_msgs/msg/detail/parameter_set_used_request__type_support.cpp\n'}
[0.848461] (px4_msgs) StdoutLine: {'line': b'-- Up-to-date: /home/nicolas/ws_ros2/install/px4_msgs/include/px4_msgs/px4_msgs/msg/detail/heater_status__type_support.cpp\n'}
[0.848503] (px4_msgs) StdoutLine: {'line': b'-- Up-to-date: /home/nicolas/ws_ros2/install/px4_msgs/include/px4_msgs/px4_msgs/msg/detail/message_format_request__type_support.cpp\n'}
[0.848532] (px4_msgs) StdoutLine: {'line': b'-- Up-to-date: /home/nicolas/ws_ros2/install/px4_msgs/include/px4_msgs/px4_msgs/msg/detail/vtol_vehicle_status__type_support.cpp\n'}
[0.848559] (px4_msgs) StdoutLine: {'line': b'-- Up-to-date: /home/nicolas/ws_ros2/install/px4_msgs/include/px4_msgs/px4_msgs/msg/detail/control_allocator_status__rosidl_typesupport_introspection_cpp.hpp\n'}
[0.848589] (px4_msgs) StdoutLine: {'line': b'-- Up-to-date: /home/nicolas/ws_ros2/install/px4_msgs/include/px4_msgs/px4_msgs/msg/detail/rover_attitude_setpoint__rosidl_typesupport_introspection_cpp.hpp\n'}
[0.848616] (px4_msgs) StdoutLine: {'line': b'-- Up-to-date: /home/nicolas/ws_ros2/install/px4_msgs/include/px4_msgs/px4_msgs/msg/detail/sensor_correction__rosidl_typesupport_introspection_cpp.hpp\n'}
[0.848648] (px4_msgs) StdoutLine: {'line': b'-- Up-to-date: /home/nicolas/ws_ros2/install/px4_msgs/include/px4_msgs/px4_msgs/msg/detail/yaw_estimator_status__type_support.cpp\n'}
[0.848678] (px4_msgs) StdoutLine: {'line': b'-- Up-to-date: /home/nicolas/ws_ros2/install/px4_msgs/include/px4_msgs/px4_msgs/msg/detail/fuel_tank_status__type_support.cpp\n'}
[0.848708] (px4_msgs) StdoutLine: {'line': b'-- Up-to-date: /home/nicolas/ws_ros2/install/px4_msgs/include/px4_msgs/px4_msgs/msg/detail/trajectory_setpoint__rosidl_typesupport_introspection_cpp.hpp\n'}
[0.848739] (px4_msgs) StdoutLine: {'line': b'-- Up-to-date: /home/nicolas/ws_ros2/install/px4_msgs/include/px4_msgs/px4_msgs/msg/detail/parameter_set_used_request__rosidl_typesupport_introspection_cpp.hpp\n'}
[0.848769] (px4_msgs) StdoutLine: {'line': b'-- Up-to-date: /home/nicolas/ws_ros2/install/px4_msgs/include/px4_msgs/px4_msgs/msg/detail/estimator_sensor_bias__rosidl_typesupport_introspection_cpp.hpp\n'}
[0.848799] (px4_msgs) StdoutLine: {'line': b'-- Up-to-date: /home/nicolas/ws_ros2/install/px4_msgs/include/px4_msgs/px4_msgs/msg/detail/internal_combustion_engine_control__type_support.cpp\n'}
[0.848829] (px4_msgs) StdoutLine: {'line': b'-- Up-to-date: /home/nicolas/ws_ros2/install/px4_msgs/include/px4_msgs/px4_msgs/msg/detail/dronecan_node_status__type_support.cpp\n'}
[0.848859] (px4_msgs) StdoutLine: {'line': b'-- Up-to-date: /home/nicolas/ws_ros2/install/px4_msgs/include/px4_msgs/px4_msgs/msg/detail/gimbal_manager_set_manual_control__type_support.cpp\n'}
[0.848890] (px4_msgs) StdoutLine: {'line': b'-- Up-to-date: /home/nicolas/ws_ros2/install/px4_msgs/include/px4_msgs/px4_msgs/msg/detail/power_button_state__rosidl_typesupport_introspection_cpp.hpp\n'}
[0.848920] (px4_msgs) StdoutLine: {'line': b'-- Up-to-date: /home/nicolas/ws_ros2/install/px4_msgs/include/px4_msgs/px4_msgs/msg/detail/task_stack_info__type_support.cpp\n'}
[0.848952] (px4_msgs) StdoutLine: {'line': b'-- Up-to-date: /home/nicolas/ws_ros2/install/px4_msgs/include/px4_msgs/px4_msgs/msg/detail/ping__rosidl_typesupport_introspection_cpp.hpp\n'}
[0.848997] (px4_msgs) StdoutLine: {'line': b'-- Up-to-date: /home/nicolas/ws_ros2/install/px4_msgs/include/px4_msgs/px4_msgs/msg/detail/goto_setpoint__rosidl_typesupport_introspection_cpp.hpp\n'}
[0.849025] (px4_msgs) StdoutLine: {'line': b'-- Up-to-date: /home/nicolas/ws_ros2/install/px4_msgs/include/px4_msgs/px4_msgs/msg/detail/battery_status__type_support.cpp\n'}
[0.849054] (px4_msgs) StdoutLine: {'line': b'-- Up-to-date: /home/nicolas/ws_ros2/install/px4_msgs/include/px4_msgs/px4_msgs/msg/detail/debug_key_value__rosidl_typesupport_introspection_cpp.hpp\n'}
[0.849085] (px4_msgs) StdoutLine: {'line': b'-- Up-to-date: /home/nicolas/ws_ros2/install/px4_msgs/include/px4_msgs/px4_msgs/msg/detail/camera_status__type_support.cpp\n'}
[0.849125] (px4_msgs) StdoutLine: {'line': b'-- Up-to-date: /home/nicolas/ws_ros2/install/px4_msgs/include/px4_msgs/px4_msgs/msg/detail/vehicle_roi__rosidl_typesupport_introspection_cpp.hpp\n'}
[0.849155] (px4_msgs) StdoutLine: {'line': b'-- Up-to-date: /home/nicolas/ws_ros2/install/px4_msgs/include/px4_msgs/px4_msgs/msg/detail/open_drone_id_system__type_support.cpp\n'}
[0.849183] (px4_msgs) StdoutLine: {'line': b'-- Up-to-date: /home/nicolas/ws_ros2/install/px4_msgs/include/px4_msgs/px4_msgs/msg/detail/orb_test_large__rosidl_typesupport_introspection_cpp.hpp\n'}
[0.849211] (px4_msgs) StdoutLine: {'line': b'-- Up-to-date: /home/nicolas/ws_ros2/install/px4_msgs/include/px4_msgs/px4_msgs/msg/detail/landing_target_pose__type_support.cpp\n'}
[0.849244] (px4_msgs) StdoutLine: {'line': b'-- Up-to-date: /home/nicolas/ws_ros2/install/px4_msgs/include/px4_msgs/px4_msgs/msg/detail/mag_worker_data__rosidl_typesupport_introspection_cpp.hpp\n'}
[0.849272] (px4_msgs) StdoutLine: {'line': b'-- Up-to-date: /home/nicolas/ws_ros2/install/px4_msgs/include/px4_msgs/px4_msgs/msg/detail/ulog_stream_ack__type_support.cpp\n'}
[0.849309] (px4_msgs) StdoutLine: {'line': b'-- Up-to-date: /home/nicolas/ws_ros2/install/px4_msgs/include/px4_msgs/px4_msgs/msg/detail/vehicle_odometry__rosidl_typesupport_introspection_cpp.hpp\n'}
[0.849340] (px4_msgs) StdoutLine: {'line': b'-- Up-to-date: /home/nicolas/ws_ros2/install/px4_msgs/include/px4_msgs/px4_msgs/msg/detail/gpio_config__rosidl_typesupport_introspection_cpp.hpp\n'}
[0.849368] (px4_msgs) StdoutLine: {'line': b'-- Up-to-date: /home/nicolas/ws_ros2/install/px4_msgs/include/px4_msgs/px4_msgs/msg/detail/gps_inject_data__type_support.cpp\n'}
[0.849397] (px4_msgs) StdoutLine: {'line': b'-- Up-to-date: /home/nicolas/ws_ros2/install/px4_msgs/include/px4_msgs/px4_msgs/msg/detail/register_ext_component_reply__type_support.cpp\n'}
[0.849427] (px4_msgs) StdoutLine: {'line': b'-- Up-to-date: /home/nicolas/ws_ros2/install/px4_msgs/include/px4_msgs/px4_msgs/msg/detail/rate_ctrl_status__type_support.cpp\n'}
[0.849477] (px4_msgs) StdoutLine: {'line': b'-- Up-to-date: /home/nicolas/ws_ros2/install/px4_msgs/include/px4_msgs/px4_msgs/msg/detail/fixed_wing_runway_control__type_support.cpp\n'}
[0.849509] (px4_msgs) StdoutLine: {'line': b'-- Up-to-date: /home/nicolas/ws_ros2/install/px4_msgs/include/px4_msgs/px4_msgs/msg/detail/orbit_status__rosidl_typesupport_introspection_cpp.hpp\n'}
[0.849538] (px4_msgs) StdoutLine: {'line': b'-- Up-to-date: /home/nicolas/ws_ros2/install/px4_msgs/include/px4_msgs/px4_msgs/msg/detail/gpio_request__type_support.cpp\n'}
[0.849565] (px4_msgs) StdoutLine: {'line': b'-- Up-to-date: /home/nicolas/ws_ros2/install/px4_msgs/include/px4_msgs/px4_msgs/msg/detail/pure_pursuit_status__rosidl_typesupport_introspection_cpp.hpp\n'}
[0.849594] (px4_msgs) StdoutLine: {'line': b'-- Up-to-date: /home/nicolas/ws_ros2/install/px4_msgs/include/px4_msgs/px4_msgs/msg/detail/mission__type_support.cpp\n'}
[0.849624] (px4_msgs) StdoutLine: {'line': b'-- Up-to-date: /home/nicolas/ws_ros2/install/px4_msgs/include/px4_msgs/px4_msgs/msg/detail/rc_parameter_map__rosidl_typesupport_introspection_cpp.hpp\n'}
[0.849655] (px4_msgs) StdoutLine: {'line': b'-- Up-to-date: /home/nicolas/ws_ros2/install/px4_msgs/include/px4_msgs/px4_msgs/msg/detail/sensor_gyro__rosidl_typesupport_introspection_cpp.hpp\n'}
[0.849686] (px4_msgs) StdoutLine: {'line': b'-- Up-to-date: /home/nicolas/ws_ros2/install/px4_msgs/include/px4_msgs/px4_msgs/msg/detail/geofence_status__type_support.cpp\n'}
[0.849716] (px4_msgs) StdoutLine: {'line': b'-- Up-to-date: /home/nicolas/ws_ros2/install/px4_msgs/include/px4_msgs/px4_msgs/msg/detail/navigator_mission_item__type_support.cpp\n'}
[0.849746] (px4_msgs) StdoutLine: {'line': b'-- Up-to-date: /home/nicolas/ws_ros2/install/px4_msgs/include/px4_msgs/px4_msgs/msg/detail/rover_position_setpoint__type_support.cpp\n'}
[0.849778] (px4_msgs) StdoutLine: {'line': b'-- Up-to-date: /home/nicolas/ws_ros2/install/px4_msgs/include/px4_msgs/px4_msgs/msg/detail/action_request__rosidl_typesupport_introspection_cpp.hpp\n'}
[0.849808] (px4_msgs) StdoutLine: {'line': b'-- Up-to-date: /home/nicolas/ws_ros2/install/px4_msgs/include/px4_msgs/px4_msgs/msg/detail/parameter_set_value_response__type_support.cpp\n'}
[0.849838] (px4_msgs) StdoutLine: {'line': b'-- Up-to-date: /home/nicolas/ws_ros2/install/px4_msgs/include/px4_msgs/px4_msgs/msg/detail/sensor_combined__rosidl_typesupport_introspection_cpp.hpp\n'}
[0.849870] (px4_msgs) StdoutLine: {'line': b'-- Up-to-date: /home/nicolas/ws_ros2/install/px4_msgs/include/px4_msgs/px4_msgs/msg/detail/vehicle_land_detected__type_support.cpp\n'}
[0.849904] (px4_msgs) StdoutLine: {'line': b'-- Up-to-date: /home/nicolas/ws_ros2/install/px4_msgs/include/px4_msgs/px4_msgs/msg/detail/estimator_status_flags__type_support.cpp\n'}
[0.849936] (px4_msgs) StdoutLine: {'line': b'-- Up-to-date: /home/nicolas/ws_ros2/install/px4_msgs/include/px4_msgs/px4_msgs/msg/detail/sensor_optical_flow__rosidl_typesupport_introspection_cpp.hpp\n'}
[0.849968] (px4_msgs) StdoutLine: {'line': b'-- Up-to-date: /home/nicolas/ws_ros2/install/px4_msgs/include/px4_msgs/px4_msgs/msg/detail/vehicle_local_position__rosidl_typesupport_introspection_cpp.hpp\n'}
[0.850015] (px4_msgs) StdoutLine: {'line': b'-- Up-to-date: /home/nicolas/ws_ros2/install/px4_msgs/include/px4_msgs/px4_msgs/msg/detail/sensor_gnss_relative__type_support.cpp\n'}
[0.850046] (px4_msgs) StdoutLine: {'line': b'-- Up-to-date: /home/nicolas/ws_ros2/install/px4_msgs/include/px4_msgs/px4_msgs/msg/detail/sensor_gps__rosidl_typesupport_introspection_cpp.hpp\n'}
[0.850077] (px4_msgs) StdoutLine: {'line': b'-- Up-to-date: /home/nicolas/ws_ros2/install/px4_msgs/include/px4_msgs/px4_msgs/msg/detail/debug_value__rosidl_typesupport_introspection_cpp.hpp\n'}
[0.850108] (px4_msgs) StdoutLine: {'line': b'-- Up-to-date: /home/nicolas/ws_ros2/install/px4_msgs/include/px4_msgs/px4_msgs/msg/detail/tiltrotor_extra_controls__rosidl_typesupport_introspection_cpp.hpp\n'}
[0.850138] (px4_msgs) StdoutLine: {'line': b'-- Up-to-date: /home/nicolas/ws_ros2/install/px4_msgs/include/px4_msgs/px4_msgs/msg/detail/position_controller_landing_status__type_support.cpp\n'}
[0.850180] (px4_msgs) StdoutLine: {'line': b'-- Up-to-date: /home/nicolas/ws_ros2/install/px4_msgs/include/px4_msgs/px4_msgs/msg/detail/landing_target_innovations__type_support.cpp\n'}
[0.850210] (px4_msgs) StdoutLine: {'line': b'-- Up-to-date: /home/nicolas/ws_ros2/install/px4_msgs/include/px4_msgs/px4_msgs/msg/detail/message_format_response__rosidl_typesupport_introspection_cpp.hpp\n'}
[0.850239] (px4_msgs) StdoutLine: {'line': b'-- Up-to-date: /home/nicolas/ws_ros2/install/px4_msgs/include/px4_msgs/px4_msgs/msg/detail/landing_gear_wheel__rosidl_typesupport_introspection_cpp.hpp\n'}
[0.850268] (px4_msgs) StdoutLine: {'line': b'-- Up-to-date: /home/nicolas/ws_ros2/install/px4_msgs/include/px4_msgs/px4_msgs/msg/detail/camera_trigger__rosidl_typesupport_introspection_cpp.hpp\n'}
[0.850297] (px4_msgs) StdoutLine: {'line': b'-- Up-to-date: /home/nicolas/ws_ros2/install/px4_msgs/include/px4_msgs/px4_msgs/msg/detail/landing_target_pose__rosidl_typesupport_introspection_cpp.hpp\n'}
[0.850324] (px4_msgs) StdoutLine: {'line': b'-- Up-to-date: /home/nicolas/ws_ros2/install/px4_msgs/include/px4_msgs/px4_msgs/msg/detail/position_setpoint__type_support.cpp\n'}
[0.850352] (px4_msgs) StdoutLine: {'line': b'-- Up-to-date: /home/nicolas/ws_ros2/install/px4_msgs/include/px4_msgs/px4_msgs/msg/detail/cellular_status__type_support.cpp\n'}
[0.850381] (px4_msgs) StdoutLine: {'line': b'-- Up-to-date: /home/nicolas/ws_ros2/install/px4_msgs/include/px4_msgs/px4_msgs/msg/detail/sensor_mag__type_support.cpp\n'}
[0.850412] (px4_msgs) StdoutLine: {'line': b'-- Up-to-date: /home/nicolas/ws_ros2/install/px4_msgs/include/px4_msgs/px4_msgs/msg/detail/actuator_controls_status__type_support.cpp\n'}
[0.850443] (px4_msgs) StdoutLine: {'line': b'-- Up-to-date: /home/nicolas/ws_ros2/install/px4_msgs/include/px4_msgs/px4_msgs/msg/detail/arming_check_request__type_support.cpp\n'}
[0.850480] (px4_msgs) StdoutLine: {'line': b'-- Up-to-date: /home/nicolas/ws_ros2/install/px4_msgs/include/px4_msgs/px4_msgs/msg/detail/rate_ctrl_status__rosidl_typesupport_introspection_cpp.hpp\n'}
[0.850512] (px4_msgs) StdoutLine: {'line': b'-- Up-to-date: /home/nicolas/ws_ros2/install/px4_msgs/include/px4_msgs/px4_msgs/msg/detail/mission_result__type_support.cpp\n'}
[0.850542] (px4_msgs) StdoutLine: {'line': b'-- Up-to-date: /home/nicolas/ws_ros2/install/px4_msgs/include/px4_msgs/px4_msgs/msg/detail/orb_test__rosidl_typesupport_introspection_cpp.hpp\n'}
[0.850573] (px4_msgs) StdoutLine: {'line': b'-- Up-to-date: /home/nicolas/ws_ros2/install/px4_msgs/include/px4_msgs/px4_msgs/msg/detail/qshell_req__type_support.cpp\n'}
[0.850603] (px4_msgs) StdoutLine: {'line': b'-- Up-to-date: /home/nicolas/ws_ros2/install/px4_msgs/include/px4_msgs/px4_msgs/msg/detail/rover_speed_status__type_support.cpp\n'}
[0.850633] (px4_msgs) StdoutLine: {'line': b'-- Up-to-date: /home/nicolas/ws_ros2/install/px4_msgs/include/px4_msgs/px4_msgs/msg/detail/landing_gear__type_support.cpp\n'}
[0.850663] (px4_msgs) StdoutLine: {'line': b'-- Up-to-date: /home/nicolas/ws_ros2/install/px4_msgs/include/px4_msgs/px4_msgs/msg/detail/trajectory_setpoint__type_support.cpp\n'}
[0.850703] (px4_msgs) StdoutLine: {'line': b'-- Up-to-date: /home/nicolas/ws_ros2/install/px4_msgs/include/px4_msgs/px4_msgs/msg/detail/estimator_selector_status__type_support.cpp\n'}
[0.850736] (px4_msgs) StdoutLine: {'line': b'-- Up-to-date: /home/nicolas/ws_ros2/install/px4_msgs/include/px4_msgs/px4_msgs/msg/detail/parameter_set_value_response__rosidl_typesupport_introspection_cpp.hpp\n'}
[0.850766] (px4_msgs) StdoutLine: {'line': b'-- Up-to-date: /home/nicolas/ws_ros2/install/px4_msgs/include/px4_msgs/px4_msgs/msg/detail/manual_control_setpoint__rosidl_typesupport_introspection_cpp.hpp\n'}
[0.850798] (px4_msgs) StdoutLine: {'line': b'-- Up-to-date: /home/nicolas/ws_ros2/install/px4_msgs/include/px4_msgs/px4_msgs/msg/detail/actuator_servos__type_support.cpp\n'}
[0.850829] (px4_msgs) StdoutLine: {'line': b'-- Up-to-date: /home/nicolas/ws_ros2/install/px4_msgs/include/px4_msgs/px4_msgs/msg/detail/mavlink_log__type_support.cpp\n'}
[0.850861] (px4_msgs) StdoutLine: {'line': b'-- Up-to-date: /home/nicolas/ws_ros2/install/px4_msgs/include/px4_msgs/px4_msgs/msg/detail/rpm__type_support.cpp\n'}
[0.850906] (px4_msgs) StdoutLine: {'line': b'-- Up-to-date: /home/nicolas/ws_ros2/install/px4_msgs/include/px4_msgs/px4_msgs/msg/detail/vehicle_odometry__type_support.cpp\n'}
[0.850938] (px4_msgs) StdoutLine: {'line': b'-- Up-to-date: /home/nicolas/ws_ros2/install/px4_msgs/include/px4_msgs/px4_msgs/msg/detail/timesync_status__rosidl_typesupport_introspection_cpp.hpp\n'}
[0.850969] (px4_msgs) StdoutLine: {'line': b'-- Up-to-date: /home/nicolas/ws_ros2/install/px4_msgs/include/px4_msgs/px4_msgs/msg/detail/estimator_innovations__rosidl_typesupport_introspection_cpp.hpp\n'}
[0.851000] (px4_msgs) StdoutLine: {'line': b'-- Up-to-date: /home/nicolas/ws_ros2/install/px4_msgs/include/px4_msgs/px4_msgs/msg/detail/vehicle_global_position__type_support.cpp\n'}
[0.851029] (px4_msgs) StdoutLine: {'line': b'-- Up-to-date: /home/nicolas/ws_ros2/install/px4_msgs/include/px4_msgs/px4_msgs/msg/detail/gpio_config__type_support.cpp\n'}
[0.851058] (px4_msgs) StdoutLine: {'line': b'-- Up-to-date: /home/nicolas/ws_ros2/install/px4_msgs/include/px4_msgs/px4_msgs/msg/detail/fixed_wing_lateral_guidance_status__type_support.cpp\n'}
[0.851087] (px4_msgs) StdoutLine: {'line': b'-- Up-to-date: /home/nicolas/ws_ros2/install/px4_msgs/include/px4_msgs/px4_msgs/msg/detail/pps_capture__type_support.cpp\n'}
[0.851115] (px4_msgs) StdoutLine: {'line': b'-- Up-to-date: /home/nicolas/ws_ros2/install/px4_msgs/include/px4_msgs/px4_msgs/msg/detail/vehicle_air_data__type_support.cpp\n'}
[0.851156] (px4_msgs) StdoutLine: {'line': b'-- Up-to-date: /home/nicolas/ws_ros2/install/px4_msgs/include/px4_msgs/px4_msgs/msg/detail/vehicle_optical_flow__rosidl_typesupport_introspection_cpp.hpp\n'}
[0.851187] (px4_msgs) StdoutLine: {'line': b'-- Up-to-date: /home/nicolas/ws_ros2/install/px4_msgs/include/px4_msgs/px4_msgs/msg/detail/arming_check_reply__type_support.cpp\n'}
[0.851216] (px4_msgs) StdoutLine: {'line': b'-- Up-to-date: /home/nicolas/ws_ros2/install/px4_msgs/include/px4_msgs/px4_msgs/msg/detail/offboard_control_mode__rosidl_typesupport_introspection_cpp.hpp\n'}
[0.851245] (px4_msgs) StdoutLine: {'line': b'-- Up-to-date: /home/nicolas/ws_ros2/install/px4_msgs/include/px4_msgs/px4_msgs/msg/detail/rpm__rosidl_typesupport_introspection_cpp.hpp\n'}
[0.851273] (px4_msgs) StdoutLine: {'line': b'-- Up-to-date: /home/nicolas/ws_ros2/install/px4_msgs/include/px4_msgs/px4_msgs/msg/detail/battery_status__rosidl_typesupport_introspection_cpp.hpp\n'}
[0.851300] (px4_msgs) StdoutLine: {'line': b'-- Up-to-date: /home/nicolas/ws_ros2/install/px4_msgs/include/px4_msgs/px4_msgs/msg/detail/estimator_gps_status__rosidl_typesupport_introspection_cpp.hpp\n'}
[0.851340] (px4_msgs) StdoutLine: {'line': b'-- Up-to-date: /home/nicolas/ws_ros2/install/px4_msgs/include/px4_msgs/px4_msgs/msg/detail/ulog_stream__type_support.cpp\n'}
[0.851369] (px4_msgs) StdoutLine: {'line': b'-- Up-to-date: /home/nicolas/ws_ros2/install/px4_msgs/include/px4_msgs/px4_msgs/msg/detail/longitudinal_control_configuration__type_support.cpp\n'}
[0.851400] (px4_msgs) StdoutLine: {'line': b'-- Up-to-date: /home/nicolas/ws_ros2/install/px4_msgs/include/px4_msgs/px4_msgs/msg/detail/landing_gear_wheel__type_support.cpp\n'}
[0.851428] (px4_msgs) StdoutLine: {'line': b'-- Up-to-date: /home/nicolas/ws_ros2/install/px4_msgs/include/px4_msgs/px4_msgs/msg/detail/sensor_correction__type_support.cpp\n'}
[0.851473] (px4_msgs) StdoutLine: {'line': b'-- Up-to-date: /home/nicolas/ws_ros2/install/px4_msgs/include/px4_msgs/px4_msgs/msg/detail/debug_vect__type_support.cpp\n'}
[0.851503] (px4_msgs) StdoutLine: {'line': b'-- Up-to-date: /home/nicolas/ws_ros2/install/px4_msgs/include/px4_msgs/px4_msgs/msg/detail/register_ext_component_reply__rosidl_typesupport_introspection_cpp.hpp\n'}
[0.851531] (px4_msgs) StdoutLine: {'line': b'-- Up-to-date: /home/nicolas/ws_ros2/install/px4_msgs/include/px4_msgs/px4_msgs/msg/detail/vehicle_attitude_setpoint__type_support.cpp\n'}
[0.851559] (px4_msgs) StdoutLine: {'line': b'-- Up-to-date: /home/nicolas/ws_ros2/install/px4_msgs/include/px4_msgs/px4_msgs/msg/detail/vehicle_command_ack__rosidl_typesupport_introspection_cpp.hpp\n'}
[0.851588] (px4_msgs) StdoutLine: {'line': b'-- Up-to-date: /home/nicolas/ws_ros2/install/px4_msgs/include/px4_msgs/px4_msgs/msg/detail/config_overrides__type_support.cpp\n'}
[0.851615] (px4_msgs) StdoutLine: {'line': b'-- Up-to-date: /home/nicolas/ws_ros2/install/px4_msgs/include/px4_msgs/px4_msgs/msg/detail/tune_control__rosidl_typesupport_introspection_cpp.hpp\n'}
[0.851644] (px4_msgs) StdoutLine: {'line': b'-- Up-to-date: /home/nicolas/ws_ros2/install/px4_msgs/include/px4_msgs/px4_msgs/msg/detail/rover_attitude_setpoint__type_support.cpp\n'}
[0.851674] (px4_msgs) StdoutLine: {'line': b'-- Up-to-date: /home/nicolas/ws_ros2/install/px4_msgs/include/px4_msgs/px4_msgs/msg/detail/normalized_unsigned_setpoint__rosidl_typesupport_introspection_cpp.hpp\n'}
[0.851705] (px4_msgs) StdoutLine: {'line': b'-- Up-to-date: /home/nicolas/ws_ros2/install/px4_msgs/include/px4_msgs/px4_msgs/msg/detail/dataman_response__rosidl_typesupport_introspection_cpp.hpp\n'}
[0.851736] (px4_msgs) StdoutLine: {'line': b'-- Up-to-date: /home/nicolas/ws_ros2/install/px4_msgs/include/px4_msgs/px4_msgs/msg/detail/sensor_accel__rosidl_typesupport_introspection_cpp.hpp\n'}
[0.851775] (px4_msgs) StdoutLine: {'line': b'-- Up-to-date: /home/nicolas/ws_ros2/install/px4_msgs/include/px4_msgs/px4_msgs/msg/detail/vehicle_torque_setpoint__type_support.cpp\n'}
[0.851803] (px4_msgs) StdoutLine: {'line': b'-- Up-to-date: /home/nicolas/ws_ros2/install/px4_msgs/include/px4_msgs/px4_msgs/msg/detail/sensor_gps__type_support.cpp\n'}
[0.851831] (px4_msgs) StdoutLine: {'line': b'-- Up-to-date: /home/nicolas/ws_ros2/install/px4_msgs/include/px4_msgs/px4_msgs/msg/detail/mission_result__rosidl_typesupport_introspection_cpp.hpp\n'}
[0.851859] (px4_msgs) StdoutLine: {'line': b'-- Up-to-date: /home/nicolas/ws_ros2/install/px4_msgs/include/px4_msgs/px4_msgs/msg/detail/rover_attitude_status__type_support.cpp\n'}
[0.851890] (px4_msgs) StdoutLine: {'line': b'-- Up-to-date: /home/nicolas/ws_ros2/install/px4_msgs/include/px4_msgs/px4_msgs/msg/detail/power_monitor__type_support.cpp\n'}
[0.851920] (px4_msgs) StdoutLine: {'line': b'-- Up-to-date: /home/nicolas/ws_ros2/install/px4_msgs/include/px4_msgs/px4_msgs/msg/detail/tecs_status__rosidl_typesupport_introspection_cpp.hpp\n'}
[0.851950] (px4_msgs) StdoutLine: {'line': b'-- Up-to-date: /home/nicolas/ws_ros2/install/px4_msgs/include/px4_msgs/px4_msgs/msg/detail/sensor_airflow__rosidl_typesupport_introspection_cpp.hpp\n'}
[0.851980] (px4_msgs) StdoutLine: {'line': b'-- Up-to-date: /home/nicolas/ws_ros2/install/px4_msgs/include/px4_msgs/px4_msgs/msg/detail/onboard_computer_status__rosidl_typesupport_introspection_cpp.hpp\n'}
[0.852010] (px4_msgs) StdoutLine: {'line': b'-- Up-to-date: /home/nicolas/ws_ros2/install/px4_msgs/include/px4_msgs/px4_msgs/msg/detail/parameter_reset_request__rosidl_typesupport_introspection_cpp.hpp\n'}
[0.852053] (px4_msgs) StdoutLine: {'line': b'-- Up-to-date: /home/nicolas/ws_ros2/install/px4_msgs/include/px4_msgs/px4_msgs/msg/detail/fuel_tank_status__rosidl_typesupport_introspection_cpp.hpp\n'}
[0.852083] (px4_msgs) StdoutLine: {'line': b'-- Up-to-date: /home/nicolas/ws_ros2/install/px4_msgs/include/px4_msgs/px4_msgs/msg/detail/pwm_input__type_support.cpp\n'}
[0.852113] (px4_msgs) StdoutLine: {'line': b'-- Up-to-date: /home/nicolas/ws_ros2/install/px4_msgs/include/px4_msgs/px4_msgs/msg/detail/unregister_ext_component__type_support.cpp\n'}
[0.852142] (px4_msgs) StdoutLine: {'line': b'-- Up-to-date: /home/nicolas/ws_ros2/install/px4_msgs/include/px4_msgs/px4_msgs/msg/detail/rover_rate_status__type_support.cpp\n'}
[0.852173] (px4_msgs) StdoutLine: {'line': b'-- Up-to-date: /home/nicolas/ws_ros2/install/px4_msgs/include/px4_msgs/px4_msgs/msg/detail/offboard_control_mode__type_support.cpp\n'}
[0.852204] (px4_msgs) StdoutLine: {'line': b'-- Up-to-date: /home/nicolas/ws_ros2/install/px4_msgs/include/px4_msgs/px4_msgs/msg/detail/estimator_states__type_support.cpp\n'}
[0.852235] (px4_msgs) StdoutLine: {'line': b'-- Up-to-date: /home/nicolas/ws_ros2/install/px4_msgs/include/px4_msgs/px4_msgs/msg/detail/magnetometer_bias_estimate__type_support.cpp\n'}
[0.852265] (px4_msgs) StdoutLine: {'line': b'-- Up-to-date: /home/nicolas/ws_ros2/install/px4_msgs/include/px4_msgs/px4_msgs/msg/detail/sensor_mag__rosidl_typesupport_introspection_cpp.hpp\n'}
[0.852296] (px4_msgs) StdoutLine: {'line': b'-- Up-to-date: /home/nicolas/ws_ros2/install/px4_msgs/include/px4_msgs/px4_msgs/msg/detail/rover_rate_setpoint__rosidl_typesupport_introspection_cpp.hpp\n'}
[0.852327] (px4_msgs) StdoutLine: {'line': b'-- Up-to-date: /home/nicolas/ws_ros2/install/px4_msgs/include/px4_msgs/px4_msgs/msg/detail/ping__type_support.cpp\n'}
[0.852357] (px4_msgs) StdoutLine: {'line': b'-- Up-to-date: /home/nicolas/ws_ros2/install/px4_msgs/include/px4_msgs/px4_msgs/msg/detail/camera_capture__type_support.cpp\n'}
[0.852388] (px4_msgs) StdoutLine: {'line': b'-- Up-to-date: /home/nicolas/ws_ros2/install/px4_msgs/include/px4_msgs/px4_msgs/msg/detail/velocity_limits__rosidl_typesupport_introspection_cpp.hpp\n'}
[0.852418] (px4_msgs) StdoutLine: {'line': b'-- Up-to-date: /home/nicolas/ws_ros2/install/px4_msgs/include/px4_msgs/px4_msgs/msg/detail/fixed_wing_longitudinal_setpoint__rosidl_typesupport_introspection_cpp.hpp\n'}
[0.852451] (px4_msgs) StdoutLine: {'line': b'-- Up-to-date: /home/nicolas/ws_ros2/install/px4_msgs/include/px4_msgs/px4_msgs/msg/detail/sensor_gyro_fft__rosidl_typesupport_introspection_cpp.hpp\n'}
[0.852484] (px4_msgs) StdoutLine: {'line': b'-- Up-to-date: /home/nicolas/ws_ros2/install/px4_msgs/include/px4_msgs/px4_msgs/msg/detail/magnetometer_bias_estimate__rosidl_typesupport_introspection_cpp.hpp\n'}
[0.852515] (px4_msgs) StdoutLine: {'line': b'-- Up-to-date: /home/nicolas/ws_ros2/install/px4_msgs/include/px4_msgs/px4_msgs/msg/detail/follow_target__type_support.cpp\n'}
[0.852545] (px4_msgs) StdoutLine: {'line': b'-- Up-to-date: /home/nicolas/ws_ros2/install/px4_msgs/include/px4_msgs/px4_msgs/msg/detail/navigator_status__rosidl_typesupport_introspection_cpp.hpp\n'}
[0.852576] (px4_msgs) StdoutLine: {'line': b'-- Up-to-date: /home/nicolas/ws_ros2/install/px4_msgs/include/px4_msgs/px4_msgs/msg/detail/follow_target_status__type_support.cpp\n'}
[0.852623] (px4_msgs) StdoutLine: {'line': b'-- Up-to-date: /home/nicolas/ws_ros2/install/px4_msgs/include/px4_msgs/px4_msgs/msg/detail/gimbal_device_set_attitude__rosidl_typesupport_introspection_cpp.hpp\n'}
[0.852652] (px4_msgs) StdoutLine: {'line': b'-- Up-to-date: /home/nicolas/ws_ros2/install/px4_msgs/include/px4_msgs/px4_msgs/msg/detail/vehicle_angular_acceleration_setpoint__type_support.cpp\n'}
[0.852681] (px4_msgs) StdoutLine: {'line': b'-- Up-to-date: /home/nicolas/ws_ros2/install/px4_msgs/include/px4_msgs/px4_msgs/msg/detail/rover_rate_setpoint__type_support.cpp\n'}
[0.852709] (px4_msgs) StdoutLine: {'line': b'-- Up-to-date: /home/nicolas/ws_ros2/install/px4_msgs/include/px4_msgs/px4_msgs/msg/detail/vehicle_land_detected__rosidl_typesupport_introspection_cpp.hpp\n'}
[0.852738] (px4_msgs) StdoutLine: {'line': b'-- Up-to-date: /home/nicolas/ws_ros2/install/px4_msgs/include/px4_msgs/px4_msgs/msg/detail/obstacle_distance__rosidl_typesupport_introspection_cpp.hpp\n'}
[0.852768] (px4_msgs) StdoutLine: {'line': b'-- Up-to-date: /home/nicolas/ws_ros2/install/px4_msgs/include/px4_msgs/px4_msgs/msg/detail/vehicle_imu__type_support.cpp\n'}
[0.852795] (px4_msgs) StdoutLine: {'line': b'-- Up-to-date: /home/nicolas/ws_ros2/install/px4_msgs/include/px4_msgs/px4_msgs/msg/detail/flight_phase_estimation__rosidl_typesupport_introspection_cpp.hpp\n'}
[0.852824] (px4_msgs) StdoutLine: {'line': b'-- Up-to-date: /home/nicolas/ws_ros2/install/px4_msgs/include/px4_msgs/px4_msgs/msg/detail/vehicle_constraints__rosidl_typesupport_introspection_cpp.hpp\n'}
[0.852854] (px4_msgs) StdoutLine: {'line': b'-- Up-to-date: /home/nicolas/ws_ros2/install/px4_msgs/include/px4_msgs/px4_msgs/msg/detail/parameter_set_value_request__rosidl_typesupport_introspection_cpp.hpp\n'}
[0.852885] (px4_msgs) StdoutLine: {'line': b'-- Up-to-date: /home/nicolas/ws_ros2/install/px4_msgs/include/px4_msgs/px4_msgs/msg/detail/lateral_control_configuration__rosidl_typesupport_introspection_cpp.hpp\n'}
[0.852926] (px4_msgs) StdoutLine: {'line': b'-- Up-to-date: /home/nicolas/ws_ros2/install/px4_msgs/include/px4_msgs/px4_msgs/msg/detail/internal_combustion_engine_status__rosidl_typesupport_introspection_cpp.hpp\n'}
[0.852954] (px4_msgs) StdoutLine: {'line': b'-- Up-to-date: /home/nicolas/ws_ros2/install/px4_msgs/include/px4_msgs/px4_msgs/msg/detail/system_power__type_support.cpp\n'}
[0.852982] (px4_msgs) StdoutLine: {'line': b'-- Up-to-date: /home/nicolas/ws_ros2/install/px4_msgs/include/px4_msgs/px4_msgs/msg/detail/figure_eight_status__type_support.cpp\n'}
[0.853010] (px4_msgs) StdoutLine: {'line': b'-- Up-to-date: /home/nicolas/ws_ros2/install/px4_msgs/include/px4_msgs/px4_msgs/msg/detail/battery_info__rosidl_typesupport_introspection_cpp.hpp\n'}
[0.853038] (px4_msgs) StdoutLine: {'line': b'-- Up-to-date: /home/nicolas/ws_ros2/install/px4_msgs/include/px4_msgs/px4_msgs/msg/detail/message_format_request__rosidl_typesupport_introspection_cpp.hpp\n'}
[0.853067] (px4_msgs) StdoutLine: {'line': b'-- Up-to-date: /home/nicolas/ws_ros2/install/px4_msgs/include/px4_msgs/px4_msgs/msg/detail/event__type_support.cpp\n'}
[0.853098] (px4_msgs) StdoutLine: {'line': b'-- Up-to-date: /home/nicolas/ws_ros2/install/px4_msgs/include/px4_msgs/px4_msgs/msg/detail/gimbal_device_information__rosidl_typesupport_introspection_cpp.hpp\n'}
[0.853137] (px4_msgs) StdoutLine: {'line': b'-- Up-to-date: /home/nicolas/ws_ros2/install/px4_msgs/include/px4_msgs/px4_msgs/msg/detail/estimator_event_flags__type_support.cpp\n'}
[0.853169] (px4_msgs) StdoutLine: {'line': b'-- Up-to-date: /home/nicolas/ws_ros2/install/px4_msgs/include/px4_msgs/px4_msgs/msg/detail/vehicle_imu__rosidl_typesupport_introspection_cpp.hpp\n'}
[0.853199] (px4_msgs) StdoutLine: {'line': b'-- Up-to-date: /home/nicolas/ws_ros2/install/px4_msgs/include/px4_msgs/px4_msgs/msg/detail/hover_thrust_estimate__rosidl_typesupport_introspection_cpp.hpp\n'}
[0.853229] (px4_msgs) StdoutLine: {'line': b'-- Up-to-date: /home/nicolas/ws_ros2/install/px4_msgs/include/px4_msgs/px4_msgs/msg/detail/rtl_time_estimate__type_support.cpp\n'}
[0.853260] (px4_msgs) StdoutLine: {'line': b'-- Up-to-date: /home/nicolas/ws_ros2/install/px4_msgs/include/px4_msgs/px4_msgs/msg/detail/estimator_bias3d__rosidl_typesupport_introspection_cpp.hpp\n'}
[0.853290] (px4_msgs) StdoutLine: {'line': b'-- Up-to-date: /home/nicolas/ws_ros2/install/px4_msgs/include/px4_msgs/px4_msgs/msg/detail/rover_speed_status__rosidl_typesupport_introspection_cpp.hpp\n'}
[0.853321] (px4_msgs) StdoutLine: {'line': b'-- Up-to-date: /home/nicolas/ws_ros2/install/px4_msgs/include/px4_msgs/px4_msgs/msg/detail/vehicle_attitude_setpoint__rosidl_typesupport_introspection_cpp.hpp\n'}
[0.853351] (px4_msgs) StdoutLine: {'line': b'-- Up-to-date: /home/nicolas/ws_ros2/install/px4_msgs/include/px4_msgs/px4_msgs/msg/detail/telemetry_status__rosidl_typesupport_introspection_cpp.hpp\n'}
[0.853381] (px4_msgs) StdoutLine: {'line': b'-- Up-to-date: /home/nicolas/ws_ros2/install/px4_msgs/include/px4_msgs/px4_msgs/msg/detail/wind__rosidl_typesupport_introspection_cpp.hpp\n'}
[0.853423] (px4_msgs) StdoutLine: {'line': b'-- Up-to-date: /home/nicolas/ws_ros2/install/px4_msgs/include/px4_msgs/px4_msgs/msg/detail/actuator_motors__type_support.cpp\n'}
[0.853460] (px4_msgs) StdoutLine: {'line': b'-- Up-to-date: /home/nicolas/ws_ros2/install/px4_msgs/include/px4_msgs/px4_msgs/msg/detail/actuator_servos__rosidl_typesupport_introspection_cpp.hpp\n'}
[0.853491] (px4_msgs) StdoutLine: {'line': b'-- Up-to-date: /home/nicolas/ws_ros2/install/px4_msgs/include/px4_msgs/px4_msgs/msg/detail/follow_target_estimator__rosidl_typesupport_introspection_cpp.hpp\n'}
[0.853519] (px4_msgs) StdoutLine: {'line': b'-- Up-to-date: /home/nicolas/ws_ros2/install/px4_msgs/include/px4_msgs/px4_msgs/msg/detail/trajectory_setpoint6dof__type_support.cpp\n'}
[0.853549] (px4_msgs) StdoutLine: {'line': b'-- Up-to-date: /home/nicolas/ws_ros2/install/px4_msgs/include/px4_msgs/px4_msgs/msg/detail/debug_value__type_support.cpp\n'}
[0.853577] (px4_msgs) StdoutLine: {'line': b'-- Up-to-date: /home/nicolas/ws_ros2/install/px4_msgs/include/px4_msgs/px4_msgs/msg/detail/sensor_selection__rosidl_typesupport_introspection_cpp.hpp\n'}
[0.853607] (px4_msgs) StdoutLine: {'line': b'-- Up-to-date: /home/nicolas/ws_ros2/install/px4_msgs/include/px4_msgs/px4_msgs/msg/detail/takeoff_status__type_support.cpp\n'}
[0.853637] (px4_msgs) StdoutLine: {'line': b'-- Up-to-date: /home/nicolas/ws_ros2/install/px4_msgs/include/px4_msgs/px4_msgs/msg/detail/sensor_baro__rosidl_typesupport_introspection_cpp.hpp\n'}
[0.853667] (px4_msgs) StdoutLine: {'line': b'-- Up-to-date: /home/nicolas/ws_ros2/install/px4_msgs/include/px4_msgs/px4_msgs/msg/detail/gimbal_manager_set_attitude__rosidl_typesupport_introspection_cpp.hpp\n'}
[0.853698] (px4_msgs) StdoutLine: {'line': b'-- Up-to-date: /home/nicolas/ws_ros2/install/px4_msgs/include/px4_msgs/px4_msgs/msg/detail/autotune_attitude_control_status__rosidl_typesupport_introspection_cpp.hpp\n'}
[0.853729] (px4_msgs) StdoutLine: {'line': b'-- Up-to-date: /home/nicolas/ws_ros2/install/px4_msgs/include/px4_msgs/px4_msgs/msg/detail/sensor_gyro_fft__type_support.cpp\n'}
[0.853759] (px4_msgs) StdoutLine: {'line': b'-- Up-to-date: /home/nicolas/ws_ros2/install/px4_msgs/include/px4_msgs/px4_msgs/msg/detail/message_format_response__type_support.cpp\n'}
[0.853789] (px4_msgs) StdoutLine: {'line': b'-- Up-to-date: /home/nicolas/ws_ros2/install/px4_msgs/include/px4_msgs/px4_msgs/msg/detail/mount_orientation__rosidl_typesupport_introspection_cpp.hpp\n'}
[0.853834] (px4_msgs) StdoutLine: {'line': b'-- Up-to-date: /home/nicolas/ws_ros2/install/px4_msgs/include/px4_msgs/px4_msgs/msg/detail/qshell_retval__rosidl_typesupport_introspection_cpp.hpp\n'}
[0.853863] (px4_msgs) StdoutLine: {'line': b'-- Up-to-date: /home/nicolas/ws_ros2/install/px4_msgs/include/px4_msgs/px4_msgs/msg/detail/manual_control_setpoint__type_support.cpp\n'}
[0.853890] (px4_msgs) StdoutLine: {'line': b'-- Up-to-date: /home/nicolas/ws_ros2/install/px4_msgs/include/px4_msgs/px4_msgs/msg/detail/event__rosidl_typesupport_introspection_cpp.hpp\n'}
[0.853919] (px4_msgs) StdoutLine: {'line': b'-- Up-to-date: /home/nicolas/ws_ros2/install/px4_msgs/include/px4_msgs/px4_msgs/msg/detail/rtl_time_estimate__rosidl_typesupport_introspection_cpp.hpp\n'}
[0.853947] (px4_msgs) StdoutLine: {'line': b'-- Up-to-date: /home/nicolas/ws_ros2/install/px4_msgs/include/px4_msgs/px4_msgs/msg/detail/gpio_request__rosidl_typesupport_introspection_cpp.hpp\n'}
[0.853974] (px4_msgs) StdoutLine: {'line': b'-- Up-to-date: /home/nicolas/ws_ros2/install/px4_msgs/include/px4_msgs/px4_msgs/msg/detail/vehicle_command__type_support.cpp\n'}
[0.854002] (px4_msgs) StdoutLine: {'line': b'-- Up-to-date: /home/nicolas/ws_ros2/install/px4_msgs/include/px4_msgs/px4_msgs/msg/detail/landing_target_innovations__rosidl_typesupport_introspection_cpp.hpp\n'}
[0.854038] (px4_msgs) StdoutLine: {'line': b'-- Up-to-date: /home/nicolas/ws_ros2/install/px4_msgs/include/px4_msgs/px4_msgs/msg/detail/position_setpoint_triplet__rosidl_typesupport_introspection_cpp.hpp\n'}
[0.854069] (px4_msgs) StdoutLine: {'line': b'-- Up-to-date: /home/nicolas/ws_ros2/install/px4_msgs/include/px4_msgs/px4_msgs/msg/detail/ekf2_timestamps__type_support.cpp\n'}
[0.854096] (px4_msgs) StdoutLine: {'line': b'-- Up-to-date: /home/nicolas/ws_ros2/install/px4_msgs/include/px4_msgs/px4_msgs/msg/detail/estimator_status__type_support.cpp\n'}
[0.854124] (px4_msgs) StdoutLine: {'line': b'-- Up-to-date: /home/nicolas/ws_ros2/install/px4_msgs/include/px4_msgs/px4_msgs/msg/detail/vehicle_acceleration__type_support.cpp\n'}
[0.854151] (px4_msgs) StdoutLine: {'line': b'-- Up-to-date: /home/nicolas/ws_ros2/install/px4_msgs/include/px4_msgs/px4_msgs/msg/detail/rover_position_setpoint__rosidl_typesupport_introspection_cpp.hpp\n'}
[0.854180] (px4_msgs) StdoutLine: {'line': b'-- Up-to-date: /home/nicolas/ws_ros2/install/px4_msgs/include/px4_msgs/px4_msgs/msg/detail/geofence_result__type_support.cpp\n'}
[0.854209] (px4_msgs) StdoutLine: {'line': b'-- Up-to-date: /home/nicolas/ws_ros2/install/px4_msgs/include/px4_msgs/px4_msgs/msg/detail/estimator_aid_source2d__type_support.cpp\n'}
[0.854240] (px4_msgs) StdoutLine: {'line': b'-- Up-to-date: /home/nicolas/ws_ros2/install/px4_msgs/include/px4_msgs/px4_msgs/msg/detail/actuator_outputs__type_support.cpp\n'}
[0.854273] (px4_msgs) StdoutLine: {'line': b'-- Up-to-date: /home/nicolas/ws_ros2/install/px4_msgs/include/px4_msgs/px4_msgs/msg/detail/estimator_bias__rosidl_typesupport_introspection_cpp.hpp\n'}
[0.854302] (px4_msgs) StdoutLine: {'line': b'-- Up-to-date: /home/nicolas/ws_ros2/install/px4_msgs/include/px4_msgs/px4_msgs/msg/detail/vehicle_command_ack__type_support.cpp\n'}
[0.854331] (px4_msgs) StdoutLine: {'line': b'-- Up-to-date: /home/nicolas/ws_ros2/install/px4_msgs/include/px4_msgs/px4_msgs/msg/detail/rover_speed_setpoint__rosidl_typesupport_introspection_cpp.hpp\n'}
[0.854360] (px4_msgs) StdoutLine: {'line': b'-- Up-to-date: /home/nicolas/ws_ros2/install/px4_msgs/include/px4_msgs/px4_msgs/msg/detail/failure_detector_status__type_support.cpp\n'}
[0.854391] (px4_msgs) StdoutLine: {'line': b'-- Up-to-date: /home/nicolas/ws_ros2/install/px4_msgs/include/px4_msgs/px4_msgs/msg/detail/open_drone_id_arm_status__type_support.cpp\n'}
[0.854423] (px4_msgs) StdoutLine: {'line': b'-- Up-to-date: /home/nicolas/ws_ros2/install/px4_msgs/include/px4_msgs/px4_msgs/msg/detail/vehicle_optical_flow_vel__rosidl_typesupport_introspection_cpp.hpp\n'}
[0.854457] (px4_msgs) StdoutLine: {'line': b'-- Up-to-date: /home/nicolas/ws_ros2/install/px4_msgs/include/px4_msgs/px4_msgs/msg/detail/button_event__type_support.cpp\n'}
[0.854490] (px4_msgs) StdoutLine: {'line': b'-- Up-to-date: /home/nicolas/ws_ros2/install/px4_msgs/include/px4_msgs/px4_msgs/msg/detail/onboard_computer_status__type_support.cpp\n'}
[0.854520] (px4_msgs) StdoutLine: {'line': b'-- Up-to-date: /home/nicolas/ws_ros2/install/px4_msgs/include/px4_msgs/px4_msgs/msg/detail/adc_report__rosidl_typesupport_introspection_cpp.hpp\n'}
[0.854550] (px4_msgs) StdoutLine: {'line': b'-- Up-to-date: /home/nicolas/ws_ros2/install/px4_msgs/include/px4_msgs/px4_msgs/msg/detail/sensor_hygrometer__rosidl_typesupport_introspection_cpp.hpp\n'}
[0.854581] (px4_msgs) StdoutLine: {'line': b'-- Up-to-date: /home/nicolas/ws_ros2/install/px4_msgs/include/px4_msgs/px4_msgs/msg/detail/generator_status__rosidl_typesupport_introspection_cpp.hpp\n'}
[0.854612] (px4_msgs) StdoutLine: {'line': b'-- Up-to-date: /home/nicolas/ws_ros2/install/px4_msgs/include/px4_msgs/px4_msgs/msg/detail/vehicle_local_position_setpoint__rosidl_typesupport_introspection_cpp.hpp\n'}
[0.854642] (px4_msgs) StdoutLine: {'line': b'-- Up-to-date: /home/nicolas/ws_ros2/install/px4_msgs/include/px4_msgs/px4_msgs/msg/detail/vehicle_status__type_support.cpp\n'}
[0.854673] (px4_msgs) StdoutLine: {'line': b'-- Up-to-date: /home/nicolas/ws_ros2/install/px4_msgs/include/px4_msgs/px4_msgs/msg/detail/debug_key_value__type_support.cpp\n'}
[0.854719] (px4_msgs) StdoutLine: {'line': b'-- Up-to-date: /home/nicolas/ws_ros2/install/px4_msgs/include/px4_msgs/px4_msgs/msg/detail/failsafe_flags__rosidl_typesupport_introspection_cpp.hpp\n'}
[0.854751] (px4_msgs) StdoutLine: {'line': b'-- Up-to-date: /home/nicolas/ws_ros2/install/px4_msgs/include/px4_msgs/px4_msgs/msg/detail/estimator_aid_source3d__rosidl_typesupport_introspection_cpp.hpp\n'}
[0.854783] (px4_msgs) StdoutLine: {'line': b'-- Up-to-date: /home/nicolas/ws_ros2/install/px4_msgs/include/px4_msgs/px4_msgs/msg/detail/flight_phase_estimation__type_support.cpp\n'}
[0.854814] (px4_msgs) StdoutLine: {'line': b'-- Up-to-date: /home/nicolas/ws_ros2/install/px4_msgs/include/px4_msgs/px4_msgs/msg/detail/rover_steering_setpoint__type_support.cpp\n'}
[0.854846] (px4_msgs) StdoutLine: {'line': b'-- Up-to-date: /home/nicolas/ws_ros2/install/px4_msgs/include/px4_msgs/px4_msgs/msg/detail/yaw_estimator_status__rosidl_typesupport_introspection_cpp.hpp\n'}
[0.854876] (px4_msgs) StdoutLine: {'line': b'-- Up-to-date: /home/nicolas/ws_ros2/install/px4_msgs/include/px4_msgs/px4_msgs/msg/detail/power_button_state__type_support.cpp\n'}
[0.854906] (px4_msgs) StdoutLine: {'line': b'-- Up-to-date: /home/nicolas/ws_ros2/install/px4_msgs/include/px4_msgs/px4_msgs/msg/detail/vehicle_roi__type_support.cpp\n'}
[0.854937] (px4_msgs) StdoutLine: {'line': b'-- Up-to-date: /home/nicolas/ws_ros2/install/px4_msgs/include/px4_msgs/px4_msgs/msg/detail/navigator_status__type_support.cpp\n'}
[0.854967] (px4_msgs) StdoutLine: {'line': b'-- Up-to-date: /home/nicolas/ws_ros2/install/px4_msgs/include/px4_msgs/px4_msgs/msg/detail/gpio_in__rosidl_typesupport_introspection_cpp.hpp\n'}
[0.854998] (px4_msgs) StdoutLine: {'line': b'-- Up-to-date: /home/nicolas/ws_ros2/install/px4_msgs/include/px4_msgs/px4_msgs/msg/detail/goto_setpoint__type_support.cpp\n'}
[0.855029] (px4_msgs) StdoutLine: {'line': b'-- Up-to-date: /home/nicolas/ws_ros2/install/px4_msgs/include/px4_msgs/px4_msgs/msg/detail/distance_sensor_mode_change_request__rosidl_typesupport_introspection_cpp.hpp\n'}
[0.855059] (px4_msgs) StdoutLine: {'line': b'-- Up-to-date: /home/nicolas/ws_ros2/install/px4_msgs/include/px4_msgs/px4_msgs/msg/detail/home_position__type_support.cpp\n'}
[0.855090] (px4_msgs) StdoutLine: {'line': b'-- Up-to-date: /home/nicolas/ws_ros2/install/px4_msgs/include/px4_msgs/px4_msgs/msg/detail/gpio_out__type_support.cpp\n'}
[0.855121] (px4_msgs) StdoutLine: {'line': b'-- Up-to-date: /home/nicolas/ws_ros2/install/px4_msgs/include/px4_msgs/px4_msgs/msg/detail/sensor_gyro_fifo__type_support.cpp\n'}
[0.855166] (px4_msgs) StdoutLine: {'line': b'-- Up-to-date: /home/nicolas/ws_ros2/install/px4_msgs/include/px4_msgs/px4_msgs/msg/detail/gimbal_manager_information__type_support.cpp\n'}
[0.855195] (px4_msgs) StdoutLine: {'line': b'-- Up-to-date: /home/nicolas/ws_ros2/install/px4_msgs/include/px4_msgs/px4_msgs/msg/detail/estimator_status_flags__rosidl_typesupport_introspection_cpp.hpp\n'}
[0.855223] (px4_msgs) StdoutLine: {'line': b'-- Up-to-date: /home/nicolas/ws_ros2/install/px4_msgs/include/px4_msgs/px4_msgs/msg/detail/log_message__rosidl_typesupport_introspection_cpp.hpp\n'}
[0.855252] (px4_msgs) StdoutLine: {'line': b'-- Up-to-date: /home/nicolas/ws_ros2/install/px4_msgs/include/px4_msgs/px4_msgs/msg/detail/actuator_armed__rosidl_typesupport_introspection_cpp.hpp\n'}
[0.855279] (px4_msgs) StdoutLine: {'line': b'-- Up-to-date: /home/nicolas/ws_ros2/install/px4_msgs/include/px4_msgs/px4_msgs/msg/detail/open_drone_id_arm_status__rosidl_typesupport_introspection_cpp.hpp\n'}
[0.855308] (px4_msgs) StdoutLine: {'line': b'-- Up-to-date: /home/nicolas/ws_ros2/install/px4_msgs/include/px4_msgs/px4_msgs/msg/detail/px4io_status__rosidl_typesupport_introspection_cpp.hpp\n'}
[0.855338] (px4_msgs) StdoutLine: {'line': b'-- Up-to-date: /home/nicolas/ws_ros2/install/px4_msgs/include/px4_msgs/px4_msgs/msg/detail/camera_capture__rosidl_typesupport_introspection_cpp.hpp\n'}
[0.855368] (px4_msgs) StdoutLine: {'line': b'-- Up-to-date: /home/nicolas/ws_ros2/install/px4_msgs/include/px4_msgs/px4_msgs/msg/detail/action_request__type_support.cpp\n'}
[0.855398] (px4_msgs) StdoutLine: {'line': b'-- Up-to-date: /home/nicolas/ws_ros2/install/px4_msgs/include/px4_msgs/px4_msgs/msg/detail/sensors_status_imu__rosidl_typesupport_introspection_cpp.hpp\n'}
[0.855438] (px4_msgs) StdoutLine: {'line': b'-- Up-to-date: /home/nicolas/ws_ros2/install/px4_msgs/include/px4_msgs/px4_msgs/msg/detail/mode_completed__rosidl_typesupport_introspection_cpp.hpp\n'}
[0.855476] (px4_msgs) StdoutLine: {'line': b'-- Up-to-date: /home/nicolas/ws_ros2/install/px4_msgs/include/px4_msgs/px4_msgs/msg/detail/mavlink_tunnel__rosidl_typesupport_introspection_cpp.hpp\n'}
[0.855505] (px4_msgs) StdoutLine: {'line': b'-- Up-to-date: /home/nicolas/ws_ros2/install/px4_msgs/include/px4_msgs/px4_msgs/msg/detail/estimator_aid_source1d__rosidl_typesupport_introspection_cpp.hpp\n'}
[0.855536] (px4_msgs) StdoutLine: {'line': b'-- Up-to-date: /home/nicolas/ws_ros2/install/px4_msgs/include/px4_msgs/px4_msgs/msg/detail/position_setpoint_triplet__type_support.cpp\n'}
[0.855567] (px4_msgs) StdoutLine: {'line': b'-- Up-to-date: /home/nicolas/ws_ros2/install/px4_msgs/lib/libpx4_msgs__rosidl_typesupport_introspection_cpp.so\n'}
[0.855598] (px4_msgs) StdoutLine: {'line': b'-- Up-to-date: /home/nicolas/ws_ros2/install/px4_msgs/lib/libpx4_msgs__rosidl_typesupport_cpp.so\n'}
[0.855629] (px4_msgs) StdoutLine: {'line': b'-- Up-to-date: /home/nicolas/ws_ros2/install/px4_msgs/share/px4_msgs/environment/pythonpath.sh\n'}
[0.855674] (px4_msgs) StdoutLine: {'line': b'-- Up-to-date: /home/nicolas/ws_ros2/install/px4_msgs/share/px4_msgs/environment/pythonpath.dsv\n'}
[0.855704] (px4_msgs) StdoutLine: {'line': b'-- Up-to-date: /home/nicolas/ws_ros2/install/px4_msgs/local/lib/python3.10/dist-packages/px4_msgs-2.0.1-py3.10.egg-info\n'}
[0.855737] (px4_msgs) StdoutLine: {'line': b'-- Installing: /home/nicolas/ws_ros2/install/px4_msgs/local/lib/python3.10/dist-packages/px4_msgs-2.0.1-py3.10.egg-info/SOURCES.txt\n'}
[0.855769] (px4_msgs) StdoutLine: {'line': b'-- Installing: /home/nicolas/ws_ros2/install/px4_msgs/local/lib/python3.10/dist-packages/px4_msgs-2.0.1-py3.10.egg-info/top_level.txt\n'}
[0.855800] (px4_msgs) StdoutLine: {'line': b'-- Installing: /home/nicolas/ws_ros2/install/px4_msgs/local/lib/python3.10/dist-packages/px4_msgs-2.0.1-py3.10.egg-info/dependency_links.txt\n'}
[0.855831] (px4_msgs) StdoutLine: {'line': b'-- Installing: /home/nicolas/ws_ros2/install/px4_msgs/local/lib/python3.10/dist-packages/px4_msgs-2.0.1-py3.10.egg-info/PKG-INFO\n'}
[0.855862] (px4_msgs) StdoutLine: {'line': b'-- Up-to-date: /home/nicolas/ws_ros2/install/px4_msgs/local/lib/python3.10/dist-packages/px4_msgs\n'}
[0.855894] (px4_msgs) StdoutLine: {'line': b'-- Up-to-date: /home/nicolas/ws_ros2/install/px4_msgs/local/lib/python3.10/dist-packages/px4_msgs/px4_msgs_s__rosidl_typesupport_fastrtps_c.cpython-310-x86_64-linux-gnu.so\n'}
[0.855926] (px4_msgs) StdoutLine: {'line': b'-- Up-to-date: /home/nicolas/ws_ros2/install/px4_msgs/local/lib/python3.10/dist-packages/px4_msgs/__init__.py\n'}
[0.855957] (px4_msgs) StdoutLine: {'line': b'-- Up-to-date: /home/nicolas/ws_ros2/install/px4_msgs/local/lib/python3.10/dist-packages/px4_msgs/_px4_msgs_s.ep.rosidl_typesupport_introspection_c.c\n'}
[0.855988] (px4_msgs) StdoutLine: {'line': b'-- Up-to-date: /home/nicolas/ws_ros2/install/px4_msgs/local/lib/python3.10/dist-packages/px4_msgs/srv\n'}
[0.856019] (px4_msgs) StdoutLine: {'line': b'-- Up-to-date: /home/nicolas/ws_ros2/install/px4_msgs/local/lib/python3.10/dist-packages/px4_msgs/srv/__init__.py\n'}
[0.856049] (px4_msgs) StdoutLine: {'line': b'-- Up-to-date: /home/nicolas/ws_ros2/install/px4_msgs/local/lib/python3.10/dist-packages/px4_msgs/srv/_vehicle_command_s.c\n'}
[0.856094] (px4_msgs) StdoutLine: {'line': b'-- Up-to-date: /home/nicolas/ws_ros2/install/px4_msgs/local/lib/python3.10/dist-packages/px4_msgs/srv/_vehicle_command.py\n'}
[0.856133] (px4_msgs) StdoutLine: {'line': b'-- Up-to-date: /home/nicolas/ws_ros2/install/px4_msgs/local/lib/python3.10/dist-packages/px4_msgs/_px4_msgs_s.ep.rosidl_typesupport_c.c\n'}
[0.856163] (px4_msgs) StdoutLine: {'line': b'-- Up-to-date: /home/nicolas/ws_ros2/install/px4_msgs/local/lib/python3.10/dist-packages/px4_msgs/libpx4_msgs__rosidl_generator_py.so\n'}
[0.856195] (px4_msgs) StdoutLine: {'line': b'-- Up-to-date: /home/nicolas/ws_ros2/install/px4_msgs/local/lib/python3.10/dist-packages/px4_msgs/_px4_msgs_s.ep.rosidl_typesupport_fastrtps_c.c\n'}
[0.856223] (px4_msgs) StdoutLine: {'line': b'-- Up-to-date: /home/nicolas/ws_ros2/install/px4_msgs/local/lib/python3.10/dist-packages/px4_msgs/px4_msgs_s__rosidl_typesupport_c.cpython-310-x86_64-linux-gnu.so\n'}
[0.856252] (px4_msgs) StdoutLine: {'line': b'-- Up-to-date: /home/nicolas/ws_ros2/install/px4_msgs/local/lib/python3.10/dist-packages/px4_msgs/msg\n'}
[0.856280] (px4_msgs) StdoutLine: {'line': b'-- Up-to-date: /home/nicolas/ws_ros2/install/px4_msgs/local/lib/python3.10/dist-packages/px4_msgs/msg/_distance_sensor.py\n'}
[0.856311] (px4_msgs) StdoutLine: {'line': b'-- Up-to-date: /home/nicolas/ws_ros2/install/px4_msgs/local/lib/python3.10/dist-packages/px4_msgs/msg/_estimator_gps_status.py\n'}
[0.856341] (px4_msgs) StdoutLine: {'line': b'-- Up-to-date: /home/nicolas/ws_ros2/install/px4_msgs/local/lib/python3.10/dist-packages/px4_msgs/msg/_cpuload_s.c\n'}
[0.856372] (px4_msgs) StdoutLine: {'line': b'-- Up-to-date: /home/nicolas/ws_ros2/install/px4_msgs/local/lib/python3.10/dist-packages/px4_msgs/msg/_power_monitor.py\n'}
[0.856402] (px4_msgs) StdoutLine: {'line': b'-- Up-to-date: /home/nicolas/ws_ros2/install/px4_msgs/local/lib/python3.10/dist-packages/px4_msgs/msg/_debug_array_s.c\n'}
[0.856433] (px4_msgs) StdoutLine: {'line': b'-- Up-to-date: /home/nicolas/ws_ros2/install/px4_msgs/local/lib/python3.10/dist-packages/px4_msgs/msg/_velocity_limits.py\n'}
[0.856480] (px4_msgs) StdoutLine: {'line': b'-- Up-to-date: /home/nicolas/ws_ros2/install/px4_msgs/local/lib/python3.10/dist-packages/px4_msgs/msg/_gimbal_controls_s.c\n'}
[0.856514] (px4_msgs) StdoutLine: {'line': b'-- Up-to-date: /home/nicolas/ws_ros2/install/px4_msgs/local/lib/python3.10/dist-packages/px4_msgs/msg/_gripper_s.c\n'}
[0.856547] (px4_msgs) StdoutLine: {'line': b'-- Up-to-date: /home/nicolas/ws_ros2/install/px4_msgs/local/lib/python3.10/dist-packages/px4_msgs/msg/_open_drone_id_self_id.py\n'}
[0.856578] (px4_msgs) StdoutLine: {'line': b'-- Up-to-date: /home/nicolas/ws_ros2/install/px4_msgs/local/lib/python3.10/dist-packages/px4_msgs/msg/_estimator_event_flags_s.c\n'}
[0.856609] (px4_msgs) StdoutLine: {'line': b'-- Up-to-date: /home/nicolas/ws_ros2/install/px4_msgs/local/lib/python3.10/dist-packages/px4_msgs/msg/_actuator_test_s.c\n'}
[0.856640] (px4_msgs) StdoutLine: {'line': b'-- Up-to-date: /home/nicolas/ws_ros2/install/px4_msgs/local/lib/python3.10/dist-packages/px4_msgs/msg/_sensor_accel_fifo_s.c\n'}
[0.856671] (px4_msgs) StdoutLine: {'line': b'-- Up-to-date: /home/nicolas/ws_ros2/install/px4_msgs/local/lib/python3.10/dist-packages/px4_msgs/msg/_debug_value_s.c\n'}
[0.856702] (px4_msgs) StdoutLine: {'line': b'-- Up-to-date: /home/nicolas/ws_ros2/install/px4_msgs/local/lib/python3.10/dist-packages/px4_msgs/msg/_sensor_accel_s.c\n'}
[0.856748] (px4_msgs) StdoutLine: {'line': b'-- Up-to-date: /home/nicolas/ws_ros2/install/px4_msgs/local/lib/python3.10/dist-packages/px4_msgs/msg/_register_ext_component_request.py\n'}
[0.856777] (px4_msgs) StdoutLine: {'line': b'-- Up-to-date: /home/nicolas/ws_ros2/install/px4_msgs/local/lib/python3.10/dist-packages/px4_msgs/msg/_sensor_preflight_mag.py\n'}
[0.856807] (px4_msgs) StdoutLine: {'line': b'-- Up-to-date: /home/nicolas/ws_ros2/install/px4_msgs/local/lib/python3.10/dist-packages/px4_msgs/msg/_geofence_status_s.c\n'}
[0.856835] (px4_msgs) StdoutLine: {'line': b'-- Up-to-date: /home/nicolas/ws_ros2/install/px4_msgs/local/lib/python3.10/dist-packages/px4_msgs/msg/_parameter_reset_request_s.c\n'}
[0.856864] (px4_msgs) StdoutLine: {'line': b'-- Up-to-date: /home/nicolas/ws_ros2/install/px4_msgs/local/lib/python3.10/dist-packages/px4_msgs/msg/_cellular_status.py\n'}
[0.856892] (px4_msgs) StdoutLine: {'line': b'-- Up-to-date: /home/nicolas/ws_ros2/install/px4_msgs/local/lib/python3.10/dist-packages/px4_msgs/msg/_rover_throttle_setpoint.py\n'}
[0.856931] (px4_msgs) StdoutLine: {'line': b'-- Up-to-date: /home/nicolas/ws_ros2/install/px4_msgs/local/lib/python3.10/dist-packages/px4_msgs/msg/_sensor_correction_s.c\n'}
[0.856961] (px4_msgs) StdoutLine: {'line': b'-- Up-to-date: /home/nicolas/ws_ros2/install/px4_msgs/local/lib/python3.10/dist-packages/px4_msgs/msg/_parameter_set_used_request.py\n'}
[0.856990] (px4_msgs) StdoutLine: {'line': b'-- Up-to-date: /home/nicolas/ws_ros2/install/px4_msgs/local/lib/python3.10/dist-packages/px4_msgs/msg/_battery_status_s.c\n'}
[0.857019] (px4_msgs) StdoutLine: {'line': b'-- Up-to-date: /home/nicolas/ws_ros2/install/px4_msgs/local/lib/python3.10/dist-packages/px4_msgs/msg/_task_stack_info_s.c\n'}
[0.857047] (px4_msgs) StdoutLine: {'line': b'-- Up-to-date: /home/nicolas/ws_ros2/install/px4_msgs/local/lib/python3.10/dist-packages/px4_msgs/msg/_vehicle_air_data_s.c\n'}
[0.857078] (px4_msgs) StdoutLine: {'line': b'-- Up-to-date: /home/nicolas/ws_ros2/install/px4_msgs/local/lib/python3.10/dist-packages/px4_msgs/msg/_task_stack_info.py\n'}
[0.857106] (px4_msgs) StdoutLine: {'line': b'-- Up-to-date: /home/nicolas/ws_ros2/install/px4_msgs/local/lib/python3.10/dist-packages/px4_msgs/msg/_sensor_uwb_s.c\n'}
[0.857135] (px4_msgs) StdoutLine: {'line': b'-- Up-to-date: /home/nicolas/ws_ros2/install/px4_msgs/local/lib/python3.10/dist-packages/px4_msgs/msg/_landing_gear_s.c\n'}
[0.857162] (px4_msgs) StdoutLine: {'line': b'-- Up-to-date: /home/nicolas/ws_ros2/install/px4_msgs/local/lib/python3.10/dist-packages/px4_msgs/msg/_action_request.py\n'}
[0.857190] (px4_msgs) StdoutLine: {'line': b'-- Up-to-date: /home/nicolas/ws_ros2/install/px4_msgs/local/lib/python3.10/dist-packages/px4_msgs/msg/_vehicle_angular_velocity_s.c\n'}
[0.857218] (px4_msgs) StdoutLine: {'line': b'-- Up-to-date: /home/nicolas/ws_ros2/install/px4_msgs/local/lib/python3.10/dist-packages/px4_msgs/msg/_manual_control_switches.py\n'}
[0.857246] (px4_msgs) StdoutLine: {'line': b'-- Up-to-date: /home/nicolas/ws_ros2/install/px4_msgs/local/lib/python3.10/dist-packages/px4_msgs/msg/_estimator_status_s.c\n'}
[0.857274] (px4_msgs) StdoutLine: {'line': b'-- Up-to-date: /home/nicolas/ws_ros2/install/px4_msgs/local/lib/python3.10/dist-packages/px4_msgs/msg/_geofence_result.py\n'}
[0.857316] (px4_msgs) StdoutLine: {'line': b'-- Up-to-date: /home/nicolas/ws_ros2/install/px4_msgs/local/lib/python3.10/dist-packages/px4_msgs/msg/_manual_control_setpoint.py\n'}
[0.857345] (px4_msgs) StdoutLine: {'line': b'-- Up-to-date: /home/nicolas/ws_ros2/install/px4_msgs/local/lib/python3.10/dist-packages/px4_msgs/msg/_led_control_s.c\n'}
[0.857373] (px4_msgs) StdoutLine: {'line': b'-- Up-to-date: /home/nicolas/ws_ros2/install/px4_msgs/local/lib/python3.10/dist-packages/px4_msgs/msg/_figure_eight_status.py\n'}
[0.857402] (px4_msgs) StdoutLine: {'line': b'-- Up-to-date: /home/nicolas/ws_ros2/install/px4_msgs/local/lib/python3.10/dist-packages/px4_msgs/msg/_orb_test_medium_s.c\n'}
[0.857430] (px4_msgs) StdoutLine: {'line': b'-- Up-to-date: /home/nicolas/ws_ros2/install/px4_msgs/local/lib/python3.10/dist-packages/px4_msgs/msg/_gpio_request.py\n'}
[0.857461] (px4_msgs) StdoutLine: {'line': b'-- Up-to-date: /home/nicolas/ws_ros2/install/px4_msgs/local/lib/python3.10/dist-packages/px4_msgs/msg/_cpuload.py\n'}
[0.857491] (px4_msgs) StdoutLine: {'line': b'-- Up-to-date: /home/nicolas/ws_ros2/install/px4_msgs/local/lib/python3.10/dist-packages/px4_msgs/msg/_vehicle_acceleration.py\n'}
[0.857518] (px4_msgs) StdoutLine: {'line': b'-- Up-to-date: /home/nicolas/ws_ros2/install/px4_msgs/local/lib/python3.10/dist-packages/px4_msgs/msg/_esc_report_s.c\n'}
[0.857546] (px4_msgs) StdoutLine: {'line': b'-- Up-to-date: /home/nicolas/ws_ros2/install/px4_msgs/local/lib/python3.10/dist-packages/px4_msgs/msg/_sensor_gyro_fft.py\n'}
[0.857574] (px4_msgs) StdoutLine: {'line': b'-- Up-to-date: /home/nicolas/ws_ros2/install/px4_msgs/local/lib/python3.10/dist-packages/px4_msgs/msg/_sensor_gps_s.c\n'}
[0.857603] (px4_msgs) StdoutLine: {'line': b'-- Up-to-date: /home/nicolas/ws_ros2/install/px4_msgs/local/lib/python3.10/dist-packages/px4_msgs/msg/_vehicle_constraints_s.c\n'}
[0.857638] (px4_msgs) StdoutLine: {'line': b'-- Up-to-date: /home/nicolas/ws_ros2/install/px4_msgs/local/lib/python3.10/dist-packages/px4_msgs/msg/_input_rc_s.c\n'}
[0.857668] (px4_msgs) StdoutLine: {'line': b'-- Up-to-date: /home/nicolas/ws_ros2/install/px4_msgs/local/lib/python3.10/dist-packages/px4_msgs/msg/_vehicle_land_detected_s.c\n'}
[0.857699] (px4_msgs) StdoutLine: {'line': b'-- Up-to-date: /home/nicolas/ws_ros2/install/px4_msgs/local/lib/python3.10/dist-packages/px4_msgs/msg/_rover_rate_setpoint.py\n'}
[0.857744] (px4_msgs) StdoutLine: {'line': b'-- Up-to-date: /home/nicolas/ws_ros2/install/px4_msgs/local/lib/python3.10/dist-packages/px4_msgs/msg/_estimator_selector_status_s.c\n'}
[0.857773] (px4_msgs) StdoutLine: {'line': b'-- Up-to-date: /home/nicolas/ws_ros2/install/px4_msgs/local/lib/python3.10/dist-packages/px4_msgs/msg/_dronecan_node_status.py\n'}
[0.857802] (px4_msgs) StdoutLine: {'line': b'-- Up-to-date: /home/nicolas/ws_ros2/install/px4_msgs/local/lib/python3.10/dist-packages/px4_msgs/msg/_position_setpoint.py\n'}
[0.857832] (px4_msgs) StdoutLine: {'line': b'-- Up-to-date: /home/nicolas/ws_ros2/install/px4_msgs/local/lib/python3.10/dist-packages/px4_msgs/msg/_sensor_baro.py\n'}
[0.857862] (px4_msgs) StdoutLine: {'line': b'-- Up-to-date: /home/nicolas/ws_ros2/install/px4_msgs/local/lib/python3.10/dist-packages/px4_msgs/msg/_wind_s.c\n'}
[0.857892] (px4_msgs) StdoutLine: {'line': b'-- Up-to-date: /home/nicolas/ws_ros2/install/px4_msgs/local/lib/python3.10/dist-packages/px4_msgs/msg/_dataman_request_s.c\n'}
[0.857921] (px4_msgs) StdoutLine: {'line': b'-- Up-to-date: /home/nicolas/ws_ros2/install/px4_msgs/local/lib/python3.10/dist-packages/px4_msgs/msg/_rc_parameter_map.py\n'}
[0.857949] (px4_msgs) StdoutLine: {'line': b'-- Up-to-date: /home/nicolas/ws_ros2/install/px4_msgs/local/lib/python3.10/dist-packages/px4_msgs/msg/__init__.py\n'}
[0.857978] (px4_msgs) StdoutLine: {'line': b'-- Up-to-date: /home/nicolas/ws_ros2/install/px4_msgs/local/lib/python3.10/dist-packages/px4_msgs/msg/_actuator_servos_trim.py\n'}
[0.858009] (px4_msgs) StdoutLine: {'line': b'-- Up-to-date: /home/nicolas/ws_ros2/install/px4_msgs/local/lib/python3.10/dist-packages/px4_msgs/msg/_orbit_status.py\n'}
[0.858063] (px4_msgs) StdoutLine: {'line': b'-- Up-to-date: /home/nicolas/ws_ros2/install/px4_msgs/local/lib/python3.10/dist-packages/px4_msgs/msg/_px4io_status_s.c\n'}
[0.858092] (px4_msgs) StdoutLine: {'line': b'-- Up-to-date: /home/nicolas/ws_ros2/install/px4_msgs/local/lib/python3.10/dist-packages/px4_msgs/msg/_ekf2_timestamps.py\n'}
[0.858121] (px4_msgs) StdoutLine: {'line': b'-- Up-to-date: /home/nicolas/ws_ros2/install/px4_msgs/local/lib/python3.10/dist-packages/px4_msgs/msg/_rpm_s.c\n'}
[0.858149] (px4_msgs) StdoutLine: {'line': b'-- Up-to-date: /home/nicolas/ws_ros2/install/px4_msgs/local/lib/python3.10/dist-packages/px4_msgs/msg/_vehicle_imu_status_s.c\n'}
[0.858177] (px4_msgs) StdoutLine: {'line': b'-- Up-to-date: /home/nicolas/ws_ros2/install/px4_msgs/local/lib/python3.10/dist-packages/px4_msgs/msg/_vtol_vehicle_status.py\n'}
[0.858206] (px4_msgs) StdoutLine: {'line': b'-- Up-to-date: /home/nicolas/ws_ros2/install/px4_msgs/local/lib/python3.10/dist-packages/px4_msgs/msg/_sensor_gnss_status_s.c\n'}
[0.858235] (px4_msgs) StdoutLine: {'line': b'-- Up-to-date: /home/nicolas/ws_ros2/install/px4_msgs/local/lib/python3.10/dist-packages/px4_msgs/msg/_sensor_mag.py\n'}
[0.858263] (px4_msgs) StdoutLine: {'line': b'-- Up-to-date: /home/nicolas/ws_ros2/install/px4_msgs/local/lib/python3.10/dist-packages/px4_msgs/msg/_open_drone_id_system.py\n'}
[0.858291] (px4_msgs) StdoutLine: {'line': b'-- Up-to-date: /home/nicolas/ws_ros2/install/px4_msgs/local/lib/python3.10/dist-packages/px4_msgs/msg/_vehicle_control_mode.py\n'}
[0.858319] (px4_msgs) StdoutLine: {'line': b'-- Up-to-date: /home/nicolas/ws_ros2/install/px4_msgs/local/lib/python3.10/dist-packages/px4_msgs/msg/_gps_inject_data_s.c\n'}
[0.858347] (px4_msgs) StdoutLine: {'line': b'-- Up-to-date: /home/nicolas/ws_ros2/install/px4_msgs/local/lib/python3.10/dist-packages/px4_msgs/msg/_follow_target_status.py\n'}
[0.858407] (px4_msgs) StdoutLine: {'line': b'-- Up-to-date: /home/nicolas/ws_ros2/install/px4_msgs/local/lib/python3.10/dist-packages/px4_msgs/msg/_distance_sensor_s.c\n'}
[0.858436] (px4_msgs) StdoutLine: {'line': b'-- Up-to-date: /home/nicolas/ws_ros2/install/px4_msgs/local/lib/python3.10/dist-packages/px4_msgs/msg/_gimbal_manager_information.py\n'}
[0.858468] (px4_msgs) StdoutLine: {'line': b'-- Up-to-date: /home/nicolas/ws_ros2/install/px4_msgs/local/lib/python3.10/dist-packages/px4_msgs/msg/_gimbal_controls.py\n'}
[0.858498] (px4_msgs) StdoutLine: {'line': b'-- Up-to-date: /home/nicolas/ws_ros2/install/px4_msgs/local/lib/python3.10/dist-packages/px4_msgs/msg/_camera_status.py\n'}
[0.858526] (px4_msgs) StdoutLine: {'line': b'-- Up-to-date: /home/nicolas/ws_ros2/install/px4_msgs/local/lib/python3.10/dist-packages/px4_msgs/msg/_control_allocator_status_s.c\n'}
[0.858564] (px4_msgs) StdoutLine: {'line': b'-- Up-to-date: /home/nicolas/ws_ros2/install/px4_msgs/local/lib/python3.10/dist-packages/px4_msgs/msg/_rover_position_setpoint.py\n'}
[0.858592] (px4_msgs) StdoutLine: {'line': b'-- Up-to-date: /home/nicolas/ws_ros2/install/px4_msgs/local/lib/python3.10/dist-packages/px4_msgs/msg/_uavcan_parameter_request_s.c\n'}
[0.858621] (px4_msgs) StdoutLine: {'line': b'-- Up-to-date: /home/nicolas/ws_ros2/install/px4_msgs/local/lib/python3.10/dist-packages/px4_msgs/msg/_vehicle_local_position_setpoint_s.c\n'}
[0.858649] (px4_msgs) StdoutLine: {'line': b'-- Up-to-date: /home/nicolas/ws_ros2/install/px4_msgs/local/lib/python3.10/dist-packages/px4_msgs/msg/_rc_channels.py\n'}
[0.858677] (px4_msgs) StdoutLine: {'line': b'-- Up-to-date: /home/nicolas/ws_ros2/install/px4_msgs/local/lib/python3.10/dist-packages/px4_msgs/msg/_mission_result_s.c\n'}
[0.858705] (px4_msgs) StdoutLine: {'line': b'-- Up-to-date: /home/nicolas/ws_ros2/install/px4_msgs/local/lib/python3.10/dist-packages/px4_msgs/msg/_transponder_report.py\n'}
[0.858734] (px4_msgs) StdoutLine: {'line': b'-- Up-to-date: /home/nicolas/ws_ros2/install/px4_msgs/local/lib/python3.10/dist-packages/px4_msgs/msg/_rover_rate_status.py\n'}
[0.858776] (px4_msgs) StdoutLine: {'line': b'-- Up-to-date: /home/nicolas/ws_ros2/install/px4_msgs/local/lib/python3.10/dist-packages/px4_msgs/msg/_fuel_tank_status_s.c\n'}
[0.858804] (px4_msgs) StdoutLine: {'line': b'-- Up-to-date: /home/nicolas/ws_ros2/install/px4_msgs/local/lib/python3.10/dist-packages/px4_msgs/msg/_geofence_result_s.c\n'}
[0.858832] (px4_msgs) StdoutLine: {'line': b'-- Up-to-date: /home/nicolas/ws_ros2/install/px4_msgs/local/lib/python3.10/dist-packages/px4_msgs/msg/_iridiumsbd_status_s.c\n'}
[0.858860] (px4_msgs) StdoutLine: {'line': b'-- Up-to-date: /home/nicolas/ws_ros2/install/px4_msgs/local/lib/python3.10/dist-packages/px4_msgs/msg/_wheel_encoders_s.c\n'}
[0.858890] (px4_msgs) StdoutLine: {'line': b'-- Up-to-date: /home/nicolas/ws_ros2/install/px4_msgs/local/lib/python3.10/dist-packages/px4_msgs/msg/_landing_target_pose_s.c\n'}
[0.858918] (px4_msgs) StdoutLine: {'line': b'-- Up-to-date: /home/nicolas/ws_ros2/install/px4_msgs/local/lib/python3.10/dist-packages/px4_msgs/msg/_actuator_armed.py\n'}
[0.858948] (px4_msgs) StdoutLine: {'line': b'-- Up-to-date: /home/nicolas/ws_ros2/install/px4_msgs/local/lib/python3.10/dist-packages/px4_msgs/msg/_system_power.py\n'}
[0.858976] (px4_msgs) StdoutLine: {'line': b'-- Up-to-date: /home/nicolas/ws_ros2/install/px4_msgs/local/lib/python3.10/dist-packages/px4_msgs/msg/_vehicle_thrust_setpoint.py\n'}
[0.859006] (px4_msgs) StdoutLine: {'line': b'-- Up-to-date: /home/nicolas/ws_ros2/install/px4_msgs/local/lib/python3.10/dist-packages/px4_msgs/msg/_landing_gear_wheel.py\n'}
[0.859037] (px4_msgs) StdoutLine: {'line': b'-- Up-to-date: /home/nicolas/ws_ros2/install/px4_msgs/local/lib/python3.10/dist-packages/px4_msgs/msg/_rc_parameter_map_s.c\n'}
[0.859069] (px4_msgs) StdoutLine: {'line': b'-- Up-to-date: /home/nicolas/ws_ros2/install/px4_msgs/local/lib/python3.10/dist-packages/px4_msgs/msg/_gripper.py\n'}
[0.859098] (px4_msgs) StdoutLine: {'line': b'-- Up-to-date: /home/nicolas/ws_ros2/install/px4_msgs/local/lib/python3.10/dist-packages/px4_msgs/msg/_rtl_time_estimate.py\n'}
[0.859139] (px4_msgs) StdoutLine: {'line': b'-- Up-to-date: /home/nicolas/ws_ros2/install/px4_msgs/local/lib/python3.10/dist-packages/px4_msgs/msg/_parameter_set_value_request_s.c\n'}
[0.859168] (px4_msgs) StdoutLine: {'line': b'-- Up-to-date: /home/nicolas/ws_ros2/install/px4_msgs/local/lib/python3.10/dist-packages/px4_msgs/msg/_vehicle_control_mode_s.c\n'}
[0.859197] (px4_msgs) StdoutLine: {'line': b'-- Up-to-date: /home/nicolas/ws_ros2/install/px4_msgs/local/lib/python3.10/dist-packages/px4_msgs/msg/_orb_test.py\n'}
[0.859225] (px4_msgs) StdoutLine: {'line': b'-- Up-to-date: /home/nicolas/ws_ros2/install/px4_msgs/local/lib/python3.10/dist-packages/px4_msgs/msg/_fuel_tank_status.py\n'}
[0.859254] (px4_msgs) StdoutLine: {'line': b'-- Up-to-date: /home/nicolas/ws_ros2/install/px4_msgs/local/lib/python3.10/dist-packages/px4_msgs/msg/_tiltrotor_extra_controls_s.c\n'}
[0.859283] (px4_msgs) StdoutLine: {'line': b'-- Up-to-date: /home/nicolas/ws_ros2/install/px4_msgs/local/lib/python3.10/dist-packages/px4_msgs/msg/_rtl_time_estimate_s.c\n'}
[0.859311] (px4_msgs) StdoutLine: {'line': b'-- Up-to-date: /home/nicolas/ws_ros2/install/px4_msgs/local/lib/python3.10/dist-packages/px4_msgs/msg/_sensor_gps.py\n'}
[0.859341] (px4_msgs) StdoutLine: {'line': b'-- Up-to-date: /home/nicolas/ws_ros2/install/px4_msgs/local/lib/python3.10/dist-packages/px4_msgs/msg/_rover_rate_status_s.c\n'}
[0.859371] (px4_msgs) StdoutLine: {'line': b'-- Up-to-date: /home/nicolas/ws_ros2/install/px4_msgs/local/lib/python3.10/dist-packages/px4_msgs/msg/_fixed_wing_lateral_guidance_status.py\n'}
[0.859402] (px4_msgs) StdoutLine: {'line': b'-- Up-to-date: /home/nicolas/ws_ros2/install/px4_msgs/local/lib/python3.10/dist-packages/px4_msgs/msg/_transponder_report_s.c\n'}
[0.859432] (px4_msgs) StdoutLine: {'line': b'-- Up-to-date: /home/nicolas/ws_ros2/install/px4_msgs/local/lib/python3.10/dist-packages/px4_msgs/msg/_actuator_servos_s.c\n'}
[0.859467] (px4_msgs) StdoutLine: {'line': b'-- Up-to-date: /home/nicolas/ws_ros2/install/px4_msgs/local/lib/python3.10/dist-packages/px4_msgs/msg/_gimbal_device_information.py\n'}
[0.859500] (px4_msgs) StdoutLine: {'line': b'-- Up-to-date: /home/nicolas/ws_ros2/install/px4_msgs/local/lib/python3.10/dist-packages/px4_msgs/msg/_failsafe_flags_s.c\n'}
[0.859531] (px4_msgs) StdoutLine: {'line': b'-- Up-to-date: /home/nicolas/ws_ros2/install/px4_msgs/local/lib/python3.10/dist-packages/px4_msgs/msg/_takeoff_status.py\n'}
[0.859562] (px4_msgs) StdoutLine: {'line': b'-- Up-to-date: /home/nicolas/ws_ros2/install/px4_msgs/local/lib/python3.10/dist-packages/px4_msgs/msg/_debug_array.py\n'}
[0.859593] (px4_msgs) StdoutLine: {'line': b'-- Up-to-date: /home/nicolas/ws_ros2/install/px4_msgs/local/lib/python3.10/dist-packages/px4_msgs/msg/_rover_attitude_status.py\n'}
[0.859623] (px4_msgs) StdoutLine: {'line': b'-- Up-to-date: /home/nicolas/ws_ros2/install/px4_msgs/local/lib/python3.10/dist-packages/px4_msgs/msg/_heater_status.py\n'}
[0.859654] (px4_msgs) StdoutLine: {'line': b'-- Up-to-date: /home/nicolas/ws_ros2/install/px4_msgs/local/lib/python3.10/dist-packages/px4_msgs/msg/_vehicle_odometry_s.c\n'}
[0.859685] (px4_msgs) StdoutLine: {'line': b'-- Up-to-date: /home/nicolas/ws_ros2/install/px4_msgs/local/lib/python3.10/dist-packages/px4_msgs/msg/_onboard_computer_status_s.c\n'}
[0.859715] (px4_msgs) StdoutLine: {'line': b'-- Up-to-date: /home/nicolas/ws_ros2/install/px4_msgs/local/lib/python3.10/dist-packages/px4_msgs/msg/_actuator_motors.py\n'}
[0.859745] (px4_msgs) StdoutLine: {'line': b'-- Up-to-date: /home/nicolas/ws_ros2/install/px4_msgs/local/lib/python3.10/dist-packages/px4_msgs/msg/_rover_speed_setpoint.py\n'}
[0.859793] (px4_msgs) StdoutLine: {'line': b'-- Up-to-date: /home/nicolas/ws_ros2/install/px4_msgs/local/lib/python3.10/dist-packages/px4_msgs/msg/_gimbal_manager_set_manual_control.py\n'}
[0.859822] (px4_msgs) StdoutLine: {'line': b'-- Up-to-date: /home/nicolas/ws_ros2/install/px4_msgs/local/lib/python3.10/dist-packages/px4_msgs/msg/_parameter_update_s.c\n'}
[0.859854] (px4_msgs) StdoutLine: {'line': b'-- Up-to-date: /home/nicolas/ws_ros2/install/px4_msgs/local/lib/python3.10/dist-packages/px4_msgs/msg/_airspeed_wind_s.c\n'}
[0.859882] (px4_msgs) StdoutLine: {'line': b'-- Up-to-date: /home/nicolas/ws_ros2/install/px4_msgs/local/lib/python3.10/dist-packages/px4_msgs/msg/_failure_detector_status.py\n'}
[0.859913] (px4_msgs) StdoutLine: {'line': b'-- Up-to-date: /home/nicolas/ws_ros2/install/px4_msgs/local/lib/python3.10/dist-packages/px4_msgs/msg/_arming_check_reply.py\n'}
[0.859942] (px4_msgs) StdoutLine: {'line': b'-- Up-to-date: /home/nicolas/ws_ros2/install/px4_msgs/local/lib/python3.10/dist-packages/px4_msgs/msg/_arming_check_reply_s.c\n'}
[0.859973] (px4_msgs) StdoutLine: {'line': b'-- Up-to-date: /home/nicolas/ws_ros2/install/px4_msgs/local/lib/python3.10/dist-packages/px4_msgs/msg/_actuator_test.py\n'}
[0.860005] (px4_msgs) StdoutLine: {'line': b'-- Up-to-date: /home/nicolas/ws_ros2/install/px4_msgs/local/lib/python3.10/dist-packages/px4_msgs/msg/_battery_info.py\n'}
[0.860037] (px4_msgs) StdoutLine: {'line': b'-- Up-to-date: /home/nicolas/ws_ros2/install/px4_msgs/local/lib/python3.10/dist-packages/px4_msgs/msg/_gpio_in.py\n'}
[0.860068] (px4_msgs) StdoutLine: {'line': b'-- Up-to-date: /home/nicolas/ws_ros2/install/px4_msgs/local/lib/python3.10/dist-packages/px4_msgs/msg/_airspeed_validated_s.c\n'}
[0.860099] (px4_msgs) StdoutLine: {'line': b'-- Up-to-date: /home/nicolas/ws_ros2/install/px4_msgs/local/lib/python3.10/dist-packages/px4_msgs/msg/_vehicle_optical_flow_s.c\n'}
[0.860130] (px4_msgs) StdoutLine: {'line': b'-- Up-to-date: /home/nicolas/ws_ros2/install/px4_msgs/local/lib/python3.10/dist-packages/px4_msgs/msg/_irlock_report.py\n'}
[0.860161] (px4_msgs) StdoutLine: {'line': b'-- Up-to-date: /home/nicolas/ws_ros2/install/px4_msgs/local/lib/python3.10/dist-packages/px4_msgs/msg/_message_format_request_s.c\n'}
[0.860192] (px4_msgs) StdoutLine: {'line': b'-- Up-to-date: /home/nicolas/ws_ros2/install/px4_msgs/local/lib/python3.10/dist-packages/px4_msgs/msg/_gimbal_device_information_s.c\n'}
[0.860223] (px4_msgs) StdoutLine: {'line': b'-- Up-to-date: /home/nicolas/ws_ros2/install/px4_msgs/local/lib/python3.10/dist-packages/px4_msgs/msg/_estimator_bias3d.py\n'}
[0.860254] (px4_msgs) StdoutLine: {'line': b'-- Up-to-date: /home/nicolas/ws_ros2/install/px4_msgs/local/lib/python3.10/dist-packages/px4_msgs/msg/_vehicle_angular_acceleration_setpoint_s.c\n'}
[0.860284] (px4_msgs) StdoutLine: {'line': b'-- Up-to-date: /home/nicolas/ws_ros2/install/px4_msgs/local/lib/python3.10/dist-packages/px4_msgs/msg/_generator_status_s.c\n'}
[0.860315] (px4_msgs) StdoutLine: {'line': b'-- Up-to-date: /home/nicolas/ws_ros2/install/px4_msgs/local/lib/python3.10/dist-packages/px4_msgs/msg/_vehicle_thrust_setpoint_s.c\n'}
[0.860345] (px4_msgs) StdoutLine: {'line': b'-- Up-to-date: /home/nicolas/ws_ros2/install/px4_msgs/local/lib/python3.10/dist-packages/px4_msgs/msg/_camera_status_s.c\n'}
[0.860375] (px4_msgs) StdoutLine: {'line': b'-- Up-to-date: /home/nicolas/ws_ros2/install/px4_msgs/local/lib/python3.10/dist-packages/px4_msgs/msg/_rover_rate_setpoint_s.c\n'}
[0.860406] (px4_msgs) StdoutLine: {'line': b'-- Up-to-date: /home/nicolas/ws_ros2/install/px4_msgs/local/lib/python3.10/dist-packages/px4_msgs/msg/_sensor_gnss_relative.py\n'}
[0.860436] (px4_msgs) StdoutLine: {'line': b'-- Up-to-date: /home/nicolas/ws_ros2/install/px4_msgs/local/lib/python3.10/dist-packages/px4_msgs/msg/_pwm_input_s.c\n'}
[0.860472] (px4_msgs) StdoutLine: {'line': b'-- Up-to-date: /home/nicolas/ws_ros2/install/px4_msgs/local/lib/python3.10/dist-packages/px4_msgs/msg/_unregister_ext_component.py\n'}
[0.860503] (px4_msgs) StdoutLine: {'line': b'-- Up-to-date: /home/nicolas/ws_ros2/install/px4_msgs/local/lib/python3.10/dist-packages/px4_msgs/msg/_landing_target_pose.py\n'}
[0.860533] (px4_msgs) StdoutLine: {'line': b'-- Up-to-date: /home/nicolas/ws_ros2/install/px4_msgs/local/lib/python3.10/dist-packages/px4_msgs/msg/_open_drone_id_system_s.c\n'}
[0.860579] (px4_msgs) StdoutLine: {'line': b'-- Up-to-date: /home/nicolas/ws_ros2/install/px4_msgs/local/lib/python3.10/dist-packages/px4_msgs/msg/_pps_capture.py\n'}
[0.860607] (px4_msgs) StdoutLine: {'line': b'-- Up-to-date: /home/nicolas/ws_ros2/install/px4_msgs/local/lib/python3.10/dist-packages/px4_msgs/msg/_airspeed_s.c\n'}
[0.860635] (px4_msgs) StdoutLine: {'line': b'-- Up-to-date: /home/nicolas/ws_ros2/install/px4_msgs/local/lib/python3.10/dist-packages/px4_msgs/msg/_mission_result.py\n'}
[0.860663] (px4_msgs) StdoutLine: {'line': b'-- Up-to-date: /home/nicolas/ws_ros2/install/px4_msgs/local/lib/python3.10/dist-packages/px4_msgs/msg/_navigator_status.py\n'}
[0.860694] (px4_msgs) StdoutLine: {'line': b'-- Up-to-date: /home/nicolas/ws_ros2/install/px4_msgs/local/lib/python3.10/dist-packages/px4_msgs/msg/_navigator_mission_item.py\n'}
[0.860724] (px4_msgs) StdoutLine: {'line': b'-- Up-to-date: /home/nicolas/ws_ros2/install/px4_msgs/local/lib/python3.10/dist-packages/px4_msgs/msg/_can_interface_status.py\n'}
[0.860755] (px4_msgs) StdoutLine: {'line': b'-- Up-to-date: /home/nicolas/ws_ros2/install/px4_msgs/local/lib/python3.10/dist-packages/px4_msgs/msg/_action_request_s.c\n'}
[0.860786] (px4_msgs) StdoutLine: {'line': b'-- Up-to-date: /home/nicolas/ws_ros2/install/px4_msgs/local/lib/python3.10/dist-packages/px4_msgs/msg/_vehicle_command_ack.py\n'}
[0.860828] (px4_msgs) StdoutLine: {'line': b'-- Up-to-date: /home/nicolas/ws_ros2/install/px4_msgs/local/lib/python3.10/dist-packages/px4_msgs/msg/_qshell_req.py\n'}
[0.860860] (px4_msgs) StdoutLine: {'line': b'-- Up-to-date: /home/nicolas/ws_ros2/install/px4_msgs/local/lib/python3.10/dist-packages/px4_msgs/msg/_vehicle_imu_status.py\n'}
[0.860889] (px4_msgs) StdoutLine: {'line': b'-- Up-to-date: /home/nicolas/ws_ros2/install/px4_msgs/local/lib/python3.10/dist-packages/px4_msgs/msg/_orbit_status_s.c\n'}
[0.860918] (px4_msgs) StdoutLine: {'line': b'-- Up-to-date: /home/nicolas/ws_ros2/install/px4_msgs/local/lib/python3.10/dist-packages/px4_msgs/msg/_estimator_event_flags.py\n'}
[0.860949] (px4_msgs) StdoutLine: {'line': b'-- Up-to-date: /home/nicolas/ws_ros2/install/px4_msgs/local/lib/python3.10/dist-packages/px4_msgs/msg/_ulog_stream.py\n'}
[0.860978] (px4_msgs) StdoutLine: {'line': b'-- Up-to-date: /home/nicolas/ws_ros2/install/px4_msgs/local/lib/python3.10/dist-packages/px4_msgs/msg/_sensor_optical_flow_s.c\n'}
[0.861009] (px4_msgs) StdoutLine: {'line': b'-- Up-to-date: /home/nicolas/ws_ros2/install/px4_msgs/local/lib/python3.10/dist-packages/px4_msgs/msg/_gpio_out.py\n'}
[0.861040] (px4_msgs) StdoutLine: {'line': b'-- Up-to-date: /home/nicolas/ws_ros2/install/px4_msgs/local/lib/python3.10/dist-packages/px4_msgs/msg/_arming_check_request.py\n'}
[0.861070] (px4_msgs) StdoutLine: {'line': b'-- Up-to-date: /home/nicolas/ws_ros2/install/px4_msgs/local/lib/python3.10/dist-packages/px4_msgs/msg/_sensor_selection_s.c\n'}
[0.861102] (px4_msgs) StdoutLine: {'line': b'-- Up-to-date: /home/nicolas/ws_ros2/install/px4_msgs/local/lib/python3.10/dist-packages/px4_msgs/msg/_rover_attitude_status_s.c\n'}
[0.861133] (px4_msgs) StdoutLine: {'line': b'-- Up-to-date: /home/nicolas/ws_ros2/install/px4_msgs/local/lib/python3.10/dist-packages/px4_msgs/msg/_vehicle_command_s.c\n'}
[0.861164] (px4_msgs) StdoutLine: {'line': b'-- Up-to-date: /home/nicolas/ws_ros2/install/px4_msgs/local/lib/python3.10/dist-packages/px4_msgs/msg/_mode_completed_s.c\n'}
[0.861196] (px4_msgs) StdoutLine: {'line': b'-- Up-to-date: /home/nicolas/ws_ros2/install/px4_msgs/local/lib/python3.10/dist-packages/px4_msgs/msg/_gps_dump.py\n'}
[0.861226] (px4_msgs) StdoutLine: {'line': b'-- Up-to-date: /home/nicolas/ws_ros2/install/px4_msgs/local/lib/python3.10/dist-packages/px4_msgs/msg/_orb_test_s.c\n'}
[0.861256] (px4_msgs) StdoutLine: {'line': b'-- Up-to-date: /home/nicolas/ws_ros2/install/px4_msgs/local/lib/python3.10/dist-packages/px4_msgs/msg/_event.py\n'}
[0.861287] (px4_msgs) StdoutLine: {'line': b'-- Up-to-date: /home/nicolas/ws_ros2/install/px4_msgs/local/lib/python3.10/dist-packages/px4_msgs/msg/_gimbal_device_attitude_status.py\n'}
[0.861330] (px4_msgs) StdoutLine: {'line': b'-- Up-to-date: /home/nicolas/ws_ros2/install/px4_msgs/local/lib/python3.10/dist-packages/px4_msgs/msg/_mag_worker_data.py\n'}
[0.861361] (px4_msgs) StdoutLine: {'line': b'-- Up-to-date: /home/nicolas/ws_ros2/install/px4_msgs/local/lib/python3.10/dist-packages/px4_msgs/msg/_rover_speed_setpoint_s.c\n'}
[0.861389] (px4_msgs) StdoutLine: {'line': b'-- Up-to-date: /home/nicolas/ws_ros2/install/px4_msgs/local/lib/python3.10/dist-packages/px4_msgs/msg/_parameter_set_used_request_s.c\n'}
[0.861417] (px4_msgs) StdoutLine: {'line': b'-- Up-to-date: /home/nicolas/ws_ros2/install/px4_msgs/local/lib/python3.10/dist-packages/px4_msgs/msg/_vehicle_status_s.c\n'}
[0.861448] (px4_msgs) StdoutLine: {'line': b'-- Up-to-date: /home/nicolas/ws_ros2/install/px4_msgs/local/lib/python3.10/dist-packages/px4_msgs/msg/_estimator_sensor_bias_s.c\n'}
[0.861481] (px4_msgs) StdoutLine: {'line': b'-- Up-to-date: /home/nicolas/ws_ros2/install/px4_msgs/local/lib/python3.10/dist-packages/px4_msgs/msg/_irlock_report_s.c\n'}
[0.861513] (px4_msgs) StdoutLine: {'line': b'-- Up-to-date: /home/nicolas/ws_ros2/install/px4_msgs/local/lib/python3.10/dist-packages/px4_msgs/msg/_sensors_status_s.c\n'}
[0.861543] (px4_msgs) StdoutLine: {'line': b'-- Up-to-date: /home/nicolas/ws_ros2/install/px4_msgs/local/lib/python3.10/dist-packages/px4_msgs/msg/_vehicle_rates_setpoint.py\n'}
[0.861574] (px4_msgs) StdoutLine: {'line': b'-- Up-to-date: /home/nicolas/ws_ros2/install/px4_msgs/local/lib/python3.10/dist-packages/px4_msgs/msg/_camera_capture_s.c\n'}
[0.861605] (px4_msgs) StdoutLine: {'line': b'-- Up-to-date: /home/nicolas/ws_ros2/install/px4_msgs/local/lib/python3.10/dist-packages/px4_msgs/msg/_fixed_wing_longitudinal_setpoint_s.c\n'}
[0.861635] (px4_msgs) StdoutLine: {'line': b'-- Up-to-date: /home/nicolas/ws_ros2/install/px4_msgs/local/lib/python3.10/dist-packages/px4_msgs/msg/_register_ext_component_reply.py\n'}
[0.861723] (px4_msgs) StdoutLine: {'line': b'-- Up-to-date: /home/nicolas/ws_ros2/install/px4_msgs/local/lib/python3.10/dist-packages/px4_msgs/msg/_obstacle_distance.py\n'}
[0.861758] (px4_msgs) StdoutLine: {'line': b'-- Up-to-date: /home/nicolas/ws_ros2/install/px4_msgs/local/lib/python3.10/dist-packages/px4_msgs/msg/_mavlink_tunnel.py\n'}
[0.861790] (px4_msgs) StdoutLine: {'line': b'-- Up-to-date: /home/nicolas/ws_ros2/install/px4_msgs/local/lib/python3.10/dist-packages/px4_msgs/msg/_orb_test_large_s.c\n'}
[0.861823] (px4_msgs) StdoutLine: {'line': b'-- Up-to-date: /home/nicolas/ws_ros2/install/px4_msgs/local/lib/python3.10/dist-packages/px4_msgs/msg/_estimator_selector_status.py\n'}
[0.861855] (px4_msgs) StdoutLine: {'line': b'-- Up-to-date: /home/nicolas/ws_ros2/install/px4_msgs/local/lib/python3.10/dist-packages/px4_msgs/msg/_goto_setpoint_s.c\n'}
[0.861903] (px4_msgs) StdoutLine: {'line': b'-- Up-to-date: /home/nicolas/ws_ros2/install/px4_msgs/local/lib/python3.10/dist-packages/px4_msgs/msg/_actuator_controls_status_s.c\n'}
[0.861954] (px4_msgs) StdoutLine: {'line': b'-- Up-to-date: /home/nicolas/ws_ros2/install/px4_msgs/local/lib/python3.10/dist-packages/px4_msgs/msg/_pure_pursuit_status_s.c\n'}
[0.861984] (px4_msgs) StdoutLine: {'line': b'-- Up-to-date: /home/nicolas/ws_ros2/install/px4_msgs/local/lib/python3.10/dist-packages/px4_msgs/msg/_estimator_bias3d_s.c\n'}
[0.862013] (px4_msgs) StdoutLine: {'line': b'-- Up-to-date: /home/nicolas/ws_ros2/install/px4_msgs/local/lib/python3.10/dist-packages/px4_msgs/msg/_ekf2_timestamps_s.c\n'}
[0.862042] (px4_msgs) StdoutLine: {'line': b'-- Up-to-date: /home/nicolas/ws_ros2/install/px4_msgs/local/lib/python3.10/dist-packages/px4_msgs/msg/_vehicle_acceleration_s.c\n'}
[0.862072] (px4_msgs) StdoutLine: {'line': b'-- Up-to-date: /home/nicolas/ws_ros2/install/px4_msgs/local/lib/python3.10/dist-packages/px4_msgs/msg/_normalized_unsigned_setpoint.py\n'}
[0.862100] (px4_msgs) StdoutLine: {'line': b'-- Up-to-date: /home/nicolas/ws_ros2/install/px4_msgs/local/lib/python3.10/dist-packages/px4_msgs/msg/_orb_test_large.py\n'}
[0.862128] (px4_msgs) StdoutLine: {'line': b'-- Up-to-date: /home/nicolas/ws_ros2/install/px4_msgs/local/lib/python3.10/dist-packages/px4_msgs/msg/_actuator_armed_s.c\n'}
[0.862159] (px4_msgs) StdoutLine: {'line': b'-- Up-to-date: /home/nicolas/ws_ros2/install/px4_msgs/local/lib/python3.10/dist-packages/px4_msgs/msg/_position_setpoint_triplet_s.c\n'}
[0.862187] (px4_msgs) StdoutLine: {'line': b'-- Up-to-date: /home/nicolas/ws_ros2/install/px4_msgs/local/lib/python3.10/dist-packages/px4_msgs/msg/_estimator_bias_s.c\n'}
[0.862216] (px4_msgs) StdoutLine: {'line': b'-- Up-to-date: /home/nicolas/ws_ros2/install/px4_msgs/local/lib/python3.10/dist-packages/px4_msgs/msg/_power_button_state.py\n'}
[0.862247] (px4_msgs) StdoutLine: {'line': b'-- Up-to-date: /home/nicolas/ws_ros2/install/px4_msgs/local/lib/python3.10/dist-packages/px4_msgs/msg/_sensor_accel.py\n'}
[0.862278] (px4_msgs) StdoutLine: {'line': b'-- Up-to-date: /home/nicolas/ws_ros2/install/px4_msgs/local/lib/python3.10/dist-packages/px4_msgs/msg/_vehicle_air_data.py\n'}
[0.862308] (px4_msgs) StdoutLine: {'line': b'-- Up-to-date: /home/nicolas/ws_ros2/install/px4_msgs/local/lib/python3.10/dist-packages/px4_msgs/msg/_trajectory_setpoint6dof_s.c\n'}
[0.862340] (px4_msgs) StdoutLine: {'line': b'-- Up-to-date: /home/nicolas/ws_ros2/install/px4_msgs/local/lib/python3.10/dist-packages/px4_msgs/msg/_rc_channels_s.c\n'}
[0.862371] (px4_msgs) StdoutLine: {'line': b'-- Up-to-date: /home/nicolas/ws_ros2/install/px4_msgs/local/lib/python3.10/dist-packages/px4_msgs/msg/_navigator_status_s.c\n'}
[0.862401] (px4_msgs) StdoutLine: {'line': b'-- Up-to-date: /home/nicolas/ws_ros2/install/px4_msgs/local/lib/python3.10/dist-packages/px4_msgs/msg/_gimbal_manager_set_attitude.py\n'}
[0.862433] (px4_msgs) StdoutLine: {'line': b'-- Up-to-date: /home/nicolas/ws_ros2/install/px4_msgs/local/lib/python3.10/dist-packages/px4_msgs/msg/_estimator_gps_status_s.c\n'}
[0.862480] (px4_msgs) StdoutLine: {'line': b'-- Up-to-date: /home/nicolas/ws_ros2/install/px4_msgs/local/lib/python3.10/dist-packages/px4_msgs/msg/_gpio_request_s.c\n'}
[0.862512] (px4_msgs) StdoutLine: {'line': b'-- Up-to-date: /home/nicolas/ws_ros2/install/px4_msgs/local/lib/python3.10/dist-packages/px4_msgs/msg/_figure_eight_status_s.c\n'}
[0.862541] (px4_msgs) StdoutLine: {'line': b'-- Up-to-date: /home/nicolas/ws_ros2/install/px4_msgs/local/lib/python3.10/dist-packages/px4_msgs/msg/_uavcan_parameter_request.py\n'}
[0.862569] (px4_msgs) StdoutLine: {'line': b'-- Up-to-date: /home/nicolas/ws_ros2/install/px4_msgs/local/lib/python3.10/dist-packages/px4_msgs/msg/_open_drone_id_arm_status.py\n'}
[0.862598] (px4_msgs) StdoutLine: {'line': b'-- Up-to-date: /home/nicolas/ws_ros2/install/px4_msgs/local/lib/python3.10/dist-packages/px4_msgs/msg/_tune_control.py\n'}
[0.862636] (px4_msgs) StdoutLine: {'line': b'-- Up-to-date: /home/nicolas/ws_ros2/install/px4_msgs/local/lib/python3.10/dist-packages/px4_msgs/msg/_estimator_sensor_bias.py\n'}
[0.862664] (px4_msgs) StdoutLine: {'line': b'-- Up-to-date: /home/nicolas/ws_ros2/install/px4_msgs/local/lib/python3.10/dist-packages/px4_msgs/msg/_follow_target_estimator_s.c\n'}
[0.862693] (px4_msgs) StdoutLine: {'line': b'-- Up-to-date: /home/nicolas/ws_ros2/install/px4_msgs/local/lib/python3.10/dist-packages/px4_msgs/msg/_can_interface_status_s.c\n'}
[0.862722] (px4_msgs) StdoutLine: {'line': b'-- Up-to-date: /home/nicolas/ws_ros2/install/px4_msgs/local/lib/python3.10/dist-packages/px4_msgs/msg/_orb_test_medium.py\n'}
[0.862749] (px4_msgs) StdoutLine: {'line': b'-- Up-to-date: /home/nicolas/ws_ros2/install/px4_msgs/local/lib/python3.10/dist-packages/px4_msgs/msg/_mag_worker_data_s.c\n'}
[0.862778] (px4_msgs) StdoutLine: {'line': b'-- Up-to-date: /home/nicolas/ws_ros2/install/px4_msgs/local/lib/python3.10/dist-packages/px4_msgs/msg/_rover_position_setpoint_s.c\n'}
[0.862806] (px4_msgs) StdoutLine: {'line': b'-- Up-to-date: /home/nicolas/ws_ros2/install/px4_msgs/local/lib/python3.10/dist-packages/px4_msgs/msg/_landing_gear.py\n'}
[0.862834] (px4_msgs) StdoutLine: {'line': b'-- Up-to-date: /home/nicolas/ws_ros2/install/px4_msgs/local/lib/python3.10/dist-packages/px4_msgs/msg/_lateral_control_configuration.py\n'}
[0.862875] (px4_msgs) StdoutLine: {'line': b'-- Up-to-date: /home/nicolas/ws_ros2/install/px4_msgs/local/lib/python3.10/dist-packages/px4_msgs/msg/_rover_steering_setpoint.py\n'}
[0.862904] (px4_msgs) StdoutLine: {'line': b'-- Up-to-date: /home/nicolas/ws_ros2/install/px4_msgs/local/lib/python3.10/dist-packages/px4_msgs/msg/_estimator_aid_source1d_s.c\n'}
[0.862937] (px4_msgs) StdoutLine: {'line': b'-- Up-to-date: /home/nicolas/ws_ros2/install/px4_msgs/local/lib/python3.10/dist-packages/px4_msgs/msg/_sensor_airflow_s.c\n'}
[0.862965] (px4_msgs) StdoutLine: {'line': b'-- Up-to-date: /home/nicolas/ws_ros2/install/px4_msgs/local/lib/python3.10/dist-packages/px4_msgs/msg/_uavcan_parameter_value_s.c\n'}
[0.862994] (px4_msgs) StdoutLine: {'line': b'-- Up-to-date: /home/nicolas/ws_ros2/install/px4_msgs/local/lib/python3.10/dist-packages/px4_msgs/msg/_vehicle_optical_flow_vel_s.c\n'}
[0.863021] (px4_msgs) StdoutLine: {'line': b'-- Up-to-date: /home/nicolas/ws_ros2/install/px4_msgs/local/lib/python3.10/dist-packages/px4_msgs/msg/_lateral_control_configuration_s.c\n'}
[0.863049] (px4_msgs) StdoutLine: {'line': b'-- Up-to-date: /home/nicolas/ws_ros2/install/px4_msgs/local/lib/python3.10/dist-packages/px4_msgs/msg/_message_format_response.py\n'}
[0.863077] (px4_msgs) StdoutLine: {'line': b'-- Up-to-date: /home/nicolas/ws_ros2/install/px4_msgs/local/lib/python3.10/dist-packages/px4_msgs/msg/_estimator_innovations_s.c\n'}
[0.863105] (px4_msgs) StdoutLine: {'line': b'-- Up-to-date: /home/nicolas/ws_ros2/install/px4_msgs/local/lib/python3.10/dist-packages/px4_msgs/msg/_yaw_estimator_status_s.c\n'}
[0.863134] (px4_msgs) StdoutLine: {'line': b'-- Up-to-date: /home/nicolas/ws_ros2/install/px4_msgs/local/lib/python3.10/dist-packages/px4_msgs/msg/_vehicle_attitude.py\n'}
[0.863163] (px4_msgs) StdoutLine: {'line': b'-- Up-to-date: /home/nicolas/ws_ros2/install/px4_msgs/local/lib/python3.10/dist-packages/px4_msgs/msg/_dataman_response_s.c\n'}
[0.863191] (px4_msgs) StdoutLine: {'line': b'-- Up-to-date: /home/nicolas/ws_ros2/install/px4_msgs/local/lib/python3.10/dist-packages/px4_msgs/msg/_neural_control_s.c\n'}
[0.863232] (px4_msgs) StdoutLine: {'line': b'-- Up-to-date: /home/nicolas/ws_ros2/install/px4_msgs/local/lib/python3.10/dist-packages/px4_msgs/msg/_landing_gear_wheel_s.c\n'}
[0.863260] (px4_msgs) StdoutLine: {'line': b'-- Up-to-date: /home/nicolas/ws_ros2/install/px4_msgs/local/lib/python3.10/dist-packages/px4_msgs/msg/_actuator_servos_trim_s.c\n'}
[0.863288] (px4_msgs) StdoutLine: {'line': b'-- Up-to-date: /home/nicolas/ws_ros2/install/px4_msgs/local/lib/python3.10/dist-packages/px4_msgs/msg/_esc_status_s.c\n'}
[0.863316] (px4_msgs) StdoutLine: {'line': b'-- Up-to-date: /home/nicolas/ws_ros2/install/px4_msgs/local/lib/python3.10/dist-packages/px4_msgs/msg/_vehicle_attitude_setpoint_s.c\n'}
[0.863351] (px4_msgs) StdoutLine: {'line': b'-- Up-to-date: /home/nicolas/ws_ros2/install/px4_msgs/local/lib/python3.10/dist-packages/px4_msgs/msg/_sensor_correction.py\n'}
[0.863380] (px4_msgs) StdoutLine: {'line': b'-- Up-to-date: /home/nicolas/ws_ros2/install/px4_msgs/local/lib/python3.10/dist-packages/px4_msgs/msg/_launch_detection_status.py\n'}
[0.863409] (px4_msgs) StdoutLine: {'line': b'-- Up-to-date: /home/nicolas/ws_ros2/install/px4_msgs/local/lib/python3.10/dist-packages/px4_msgs/msg/_ulog_stream_ack.py\n'}
[0.863437] (px4_msgs) StdoutLine: {'line': b'-- Up-to-date: /home/nicolas/ws_ros2/install/px4_msgs/local/lib/python3.10/dist-packages/px4_msgs/msg/_rover_speed_status.py\n'}
[0.863471] (px4_msgs) StdoutLine: {'line': b'-- Up-to-date: /home/nicolas/ws_ros2/install/px4_msgs/local/lib/python3.10/dist-packages/px4_msgs/msg/_hover_thrust_estimate_s.c\n'}
[0.863500] (px4_msgs) StdoutLine: {'line': b'-- Up-to-date: /home/nicolas/ws_ros2/install/px4_msgs/local/lib/python3.10/dist-packages/px4_msgs/msg/_sensor_combined.py\n'}
[0.863531] (px4_msgs) StdoutLine: {'line': b'-- Up-to-date: /home/nicolas/ws_ros2/install/px4_msgs/local/lib/python3.10/dist-packages/px4_msgs/msg/_sensor_gyro_fifo_s.c\n'}
[0.863569] (px4_msgs) StdoutLine: {'line': b'-- Up-to-date: /home/nicolas/ws_ros2/install/px4_msgs/local/lib/python3.10/dist-packages/px4_msgs/msg/_rpm.py\n'}
[0.863599] (px4_msgs) StdoutLine: {'line': b'-- Up-to-date: /home/nicolas/ws_ros2/install/px4_msgs/local/lib/python3.10/dist-packages/px4_msgs/msg/_vehicle_angular_acceleration_setpoint.py\n'}
[0.863630] (px4_msgs) StdoutLine: {'line': b'-- Up-to-date: /home/nicolas/ws_ros2/install/px4_msgs/local/lib/python3.10/dist-packages/px4_msgs/msg/_button_event.py\n'}
[0.863661] (px4_msgs) StdoutLine: {'line': b'-- Up-to-date: /home/nicolas/ws_ros2/install/px4_msgs/local/lib/python3.10/dist-packages/px4_msgs/msg/_estimator_states_s.c\n'}
[0.863692] (px4_msgs) StdoutLine: {'line': b'-- Up-to-date: /home/nicolas/ws_ros2/install/px4_msgs/local/lib/python3.10/dist-packages/px4_msgs/msg/_actuator_outputs_s.c\n'}
[0.863722] (px4_msgs) StdoutLine: {'line': b'-- Up-to-date: /home/nicolas/ws_ros2/install/px4_msgs/local/lib/python3.10/dist-packages/px4_msgs/msg/_gimbal_device_set_attitude_s.c\n'}
[0.863753] (px4_msgs) StdoutLine: {'line': b'-- Up-to-date: /home/nicolas/ws_ros2/install/px4_msgs/local/lib/python3.10/dist-packages/px4_msgs/msg/_home_position_s.c\n'}
[0.863793] (px4_msgs) StdoutLine: {'line': b'-- Up-to-date: /home/nicolas/ws_ros2/install/px4_msgs/local/lib/python3.10/dist-packages/px4_msgs/msg/_vtol_vehicle_status_s.c\n'}
[0.863821] (px4_msgs) StdoutLine: {'line': b'-- Up-to-date: /home/nicolas/ws_ros2/install/px4_msgs/local/lib/python3.10/dist-packages/px4_msgs/msg/_camera_capture.py\n'}
[0.863850] (px4_msgs) StdoutLine: {'line': b'-- Up-to-date: /home/nicolas/ws_ros2/install/px4_msgs/local/lib/python3.10/dist-packages/px4_msgs/msg/_vehicle_status.py\n'}
[0.863877] (px4_msgs) StdoutLine: {'line': b'-- Up-to-date: /home/nicolas/ws_ros2/install/px4_msgs/local/lib/python3.10/dist-packages/px4_msgs/msg/_sensor_gyro_s.c\n'}
[0.863905] (px4_msgs) StdoutLine: {'line': b'-- Up-to-date: /home/nicolas/ws_ros2/install/px4_msgs/local/lib/python3.10/dist-packages/px4_msgs/msg/_sensors_status_imu_s.c\n'}
[0.863938] (px4_msgs) StdoutLine: {'line': b'-- Up-to-date: /home/nicolas/ws_ros2/install/px4_msgs/local/lib/python3.10/dist-packages/px4_msgs/msg/_landing_target_innovations.py\n'}
[0.863975] (px4_msgs) StdoutLine: {'line': b'-- Up-to-date: /home/nicolas/ws_ros2/install/px4_msgs/local/lib/python3.10/dist-packages/px4_msgs/msg/_vehicle_attitude_s.c\n'}
[0.864003] (px4_msgs) StdoutLine: {'line': b'-- Up-to-date: /home/nicolas/ws_ros2/install/px4_msgs/local/lib/python3.10/dist-packages/px4_msgs/msg/_airspeed_wind.py\n'}
[0.864032] (px4_msgs) StdoutLine: {'line': b'-- Up-to-date: /home/nicolas/ws_ros2/install/px4_msgs/local/lib/python3.10/dist-packages/px4_msgs/msg/_internal_combustion_engine_control_s.c\n'}
[0.864061] (px4_msgs) StdoutLine: {'line': b'-- Up-to-date: /home/nicolas/ws_ros2/install/px4_msgs/local/lib/python3.10/dist-packages/px4_msgs/msg/_rate_ctrl_status_s.c\n'}
[0.864091] (px4_msgs) StdoutLine: {'line': b'-- Up-to-date: /home/nicolas/ws_ros2/install/px4_msgs/local/lib/python3.10/dist-packages/px4_msgs/msg/_esc_status.py\n'}
[0.864120] (px4_msgs) StdoutLine: {'line': b'-- Up-to-date: /home/nicolas/ws_ros2/install/px4_msgs/local/lib/python3.10/dist-packages/px4_msgs/msg/_sensor_hygrometer.py\n'}
[0.864148] (px4_msgs) StdoutLine: {'line': b'-- Up-to-date: /home/nicolas/ws_ros2/install/px4_msgs/local/lib/python3.10/dist-packages/px4_msgs/msg/_vehicle_magnetometer.py\n'}
[0.864176] (px4_msgs) StdoutLine: {'line': b'-- Up-to-date: /home/nicolas/ws_ros2/install/px4_msgs/local/lib/python3.10/dist-packages/px4_msgs/msg/_wind.py\n'}
[0.864205] (px4_msgs) StdoutLine: {'line': b'-- Up-to-date: /home/nicolas/ws_ros2/install/px4_msgs/local/lib/python3.10/dist-packages/px4_msgs/msg/_estimator_aid_source2d_s.c\n'}
[0.864234] (px4_msgs) StdoutLine: {'line': b'-- Up-to-date: /home/nicolas/ws_ros2/install/px4_msgs/local/lib/python3.10/dist-packages/px4_msgs/msg/_collision_constraints_s.c\n'}
[0.864262] (px4_msgs) StdoutLine: {'line': b'-- Up-to-date: /home/nicolas/ws_ros2/install/px4_msgs/local/lib/python3.10/dist-packages/px4_msgs/msg/_radio_status.py\n'}
[0.864293] (px4_msgs) StdoutLine: {'line': b'-- Up-to-date: /home/nicolas/ws_ros2/install/px4_msgs/local/lib/python3.10/dist-packages/px4_msgs/msg/_trajectory_setpoint_s.c\n'}
[0.864336] (px4_msgs) StdoutLine: {'line': b'-- Up-to-date: /home/nicolas/ws_ros2/install/px4_msgs/local/lib/python3.10/dist-packages/px4_msgs/msg/_battery_status.py\n'}
[0.864364] (px4_msgs) StdoutLine: {'line': b'-- Up-to-date: /home/nicolas/ws_ros2/install/px4_msgs/local/lib/python3.10/dist-packages/px4_msgs/msg/_hover_thrust_estimate.py\n'}
[0.864392] (px4_msgs) StdoutLine: {'line': b'-- Up-to-date: /home/nicolas/ws_ros2/install/px4_msgs/local/lib/python3.10/dist-packages/px4_msgs/msg/_vehicle_attitude_setpoint.py\n'}
[0.864420] (px4_msgs) StdoutLine: {'line': b'-- Up-to-date: /home/nicolas/ws_ros2/install/px4_msgs/local/lib/python3.10/dist-packages/px4_msgs/msg/_ping_s.c\n'}
[0.864452] (px4_msgs) StdoutLine: {'line': b'-- Up-to-date: /home/nicolas/ws_ros2/install/px4_msgs/local/lib/python3.10/dist-packages/px4_msgs/msg/_airspeed.py\n'}
[0.864484] (px4_msgs) StdoutLine: {'line': b'-- Up-to-date: /home/nicolas/ws_ros2/install/px4_msgs/local/lib/python3.10/dist-packages/px4_msgs/msg/_differential_pressure_s.c\n'}
[0.864518] (px4_msgs) StdoutLine: {'line': b'-- Up-to-date: /home/nicolas/ws_ros2/install/px4_msgs/local/lib/python3.10/dist-packages/px4_msgs/msg/_vehicle_optical_flow.py\n'}
[0.864551] (px4_msgs) StdoutLine: {'line': b'-- Up-to-date: /home/nicolas/ws_ros2/install/px4_msgs/local/lib/python3.10/dist-packages/px4_msgs/msg/_power_monitor_s.c\n'}
[0.864582] (px4_msgs) StdoutLine: {'line': b'-- Up-to-date: /home/nicolas/ws_ros2/install/px4_msgs/local/lib/python3.10/dist-packages/px4_msgs/msg/_sensors_status.py\n'}
[0.864614] (px4_msgs) StdoutLine: {'line': b'-- Up-to-date: /home/nicolas/ws_ros2/install/px4_msgs/local/lib/python3.10/dist-packages/px4_msgs/msg/_autotune_attitude_control_status_s.c\n'}
[0.864645] (px4_msgs) StdoutLine: {'line': b'-- Up-to-date: /home/nicolas/ws_ros2/install/px4_msgs/local/lib/python3.10/dist-packages/px4_msgs/msg/_vehicle_global_position_s.c\n'}
[0.864676] (px4_msgs) StdoutLine: {'line': b'-- Up-to-date: /home/nicolas/ws_ros2/install/px4_msgs/local/lib/python3.10/dist-packages/px4_msgs/msg/_config_overrides_s.c\n'}
[0.864722] (px4_msgs) StdoutLine: {'line': b'-- Up-to-date: /home/nicolas/ws_ros2/install/px4_msgs/local/lib/python3.10/dist-packages/px4_msgs/msg/_vehicle_magnetometer_s.c\n'}
[0.864752] (px4_msgs) StdoutLine: {'line': b'-- Up-to-date: /home/nicolas/ws_ros2/install/px4_msgs/local/lib/python3.10/dist-packages/px4_msgs/msg/_internal_combustion_engine_status_s.c\n'}
[0.864782] (px4_msgs) StdoutLine: {'line': b'-- Up-to-date: /home/nicolas/ws_ros2/install/px4_msgs/local/lib/python3.10/dist-packages/px4_msgs/msg/_home_position.py\n'}
[0.864813] (px4_msgs) StdoutLine: {'line': b'-- Up-to-date: /home/nicolas/ws_ros2/install/px4_msgs/local/lib/python3.10/dist-packages/px4_msgs/msg/_position_controller_landing_status_s.c\n'}
[0.864843] (px4_msgs) StdoutLine: {'line': b'-- Up-to-date: /home/nicolas/ws_ros2/install/px4_msgs/local/lib/python3.10/dist-packages/px4_msgs/msg/_adc_report.py\n'}
[0.864873] (px4_msgs) StdoutLine: {'line': b'-- Up-to-date: /home/nicolas/ws_ros2/install/px4_msgs/local/lib/python3.10/dist-packages/px4_msgs/msg/_sensor_selection.py\n'}
[0.864902] (px4_msgs) StdoutLine: {'line': b'-- Up-to-date: /home/nicolas/ws_ros2/install/px4_msgs/local/lib/python3.10/dist-packages/px4_msgs/msg/_timesync_status.py\n'}
[0.864945] (px4_msgs) StdoutLine: {'line': b'-- Up-to-date: /home/nicolas/ws_ros2/install/px4_msgs/local/lib/python3.10/dist-packages/px4_msgs/msg/_goto_setpoint.py\n'}
[0.864974] (px4_msgs) StdoutLine: {'line': b'-- Up-to-date: /home/nicolas/ws_ros2/install/px4_msgs/local/lib/python3.10/dist-packages/px4_msgs/msg/_heater_status_s.c\n'}
[0.865003] (px4_msgs) StdoutLine: {'line': b'-- Up-to-date: /home/nicolas/ws_ros2/install/px4_msgs/local/lib/python3.10/dist-packages/px4_msgs/msg/_mavlink_log_s.c\n'}
[0.865033] (px4_msgs) StdoutLine: {'line': b'-- Up-to-date: /home/nicolas/ws_ros2/install/px4_msgs/local/lib/python3.10/dist-packages/px4_msgs/msg/_rtl_status_s.c\n'}
[0.865072] (px4_msgs) StdoutLine: {'line': b'-- Up-to-date: /home/nicolas/ws_ros2/install/px4_msgs/local/lib/python3.10/dist-packages/px4_msgs/msg/_actuator_servos.py\n'}
[0.865101] (px4_msgs) StdoutLine: {'line': b'-- Up-to-date: /home/nicolas/ws_ros2/install/px4_msgs/local/lib/python3.10/dist-packages/px4_msgs/msg/_pure_pursuit_status.py\n'}
[0.865130] (px4_msgs) StdoutLine: {'line': b'-- Up-to-date: /home/nicolas/ws_ros2/install/px4_msgs/local/lib/python3.10/dist-packages/px4_msgs/msg/_qshell_req_s.c\n'}
[0.865159] (px4_msgs) StdoutLine: {'line': b'-- Up-to-date: /home/nicolas/ws_ros2/install/px4_msgs/local/lib/python3.10/dist-packages/px4_msgs/msg/_rover_speed_status_s.c\n'}
[0.865188] (px4_msgs) StdoutLine: {'line': b'-- Up-to-date: /home/nicolas/ws_ros2/install/px4_msgs/local/lib/python3.10/dist-packages/px4_msgs/msg/_gpio_out_s.c\n'}
[0.865216] (px4_msgs) StdoutLine: {'line': b'-- Up-to-date: /home/nicolas/ws_ros2/install/px4_msgs/local/lib/python3.10/dist-packages/px4_msgs/msg/_sensor_gyro.py\n'}
[0.865252] (px4_msgs) StdoutLine: {'line': b'-- Up-to-date: /home/nicolas/ws_ros2/install/px4_msgs/local/lib/python3.10/dist-packages/px4_msgs/msg/_message_format_response_s.c\n'}
[0.865281] (px4_msgs) StdoutLine: {'line': b'-- Up-to-date: /home/nicolas/ws_ros2/install/px4_msgs/local/lib/python3.10/dist-packages/px4_msgs/msg/_telemetry_status.py\n'}
[0.865309] (px4_msgs) StdoutLine: {'line': b'-- Up-to-date: /home/nicolas/ws_ros2/install/px4_msgs/local/lib/python3.10/dist-packages/px4_msgs/msg/_yaw_estimator_status.py\n'}
[0.865338] (px4_msgs) StdoutLine: {'line': b'-- Up-to-date: /home/nicolas/ws_ros2/install/px4_msgs/local/lib/python3.10/dist-packages/px4_msgs/msg/_autotune_attitude_control_status.py\n'}
[0.865367] (px4_msgs) StdoutLine: {'line': b'-- Up-to-date: /home/nicolas/ws_ros2/install/px4_msgs/local/lib/python3.10/dist-packages/px4_msgs/msg/_sensor_combined_s.c\n'}
[0.865396] (px4_msgs) StdoutLine: {'line': b'-- Up-to-date: /home/nicolas/ws_ros2/install/px4_msgs/local/lib/python3.10/dist-packages/px4_msgs/msg/_tiltrotor_extra_controls.py\n'}
[0.865425] (px4_msgs) StdoutLine: {'line': b'-- Up-to-date: /home/nicolas/ws_ros2/install/px4_msgs/local/lib/python3.10/dist-packages/px4_msgs/msg/_input_rc.py\n'}
[0.865458] (px4_msgs) StdoutLine: {'line': b'-- Up-to-date: /home/nicolas/ws_ros2/install/px4_msgs/local/lib/python3.10/dist-packages/px4_msgs/msg/_led_control.py\n'}
[0.865490] (px4_msgs) StdoutLine: {'line': b'-- Up-to-date: /home/nicolas/ws_ros2/install/px4_msgs/local/lib/python3.10/dist-packages/px4_msgs/msg/_vehicle_local_position_setpoint.py\n'}
[0.865521] (px4_msgs) StdoutLine: {'line': b'-- Up-to-date: /home/nicolas/ws_ros2/install/px4_msgs/local/lib/python3.10/dist-packages/px4_msgs/msg/_vehicle_land_detected.py\n'}
[0.865552] (px4_msgs) StdoutLine: {'line': b'-- Up-to-date: /home/nicolas/ws_ros2/install/px4_msgs/local/lib/python3.10/dist-packages/px4_msgs/msg/_mission.py\n'}
[0.865582] (px4_msgs) StdoutLine: {'line': b'-- Up-to-date: /home/nicolas/ws_ros2/install/px4_msgs/local/lib/python3.10/dist-packages/px4_msgs/msg/_health_report.py\n'}
[0.865612] (px4_msgs) StdoutLine: {'line': b'-- Up-to-date: /home/nicolas/ws_ros2/install/px4_msgs/local/lib/python3.10/dist-packages/px4_msgs/msg/_system_power_s.c\n'}
[0.865643] (px4_msgs) StdoutLine: {'line': b'-- Up-to-date: /home/nicolas/ws_ros2/install/px4_msgs/local/lib/python3.10/dist-packages/px4_msgs/msg/_debug_vect_s.c\n'}
[0.865687] (px4_msgs) StdoutLine: {'line': b'-- Up-to-date: /home/nicolas/ws_ros2/install/px4_msgs/local/lib/python3.10/dist-packages/px4_msgs/msg/_estimator_aid_source2d.py\n'}
[0.865716] (px4_msgs) StdoutLine: {'line': b'-- Up-to-date: /home/nicolas/ws_ros2/install/px4_msgs/local/lib/python3.10/dist-packages/px4_msgs/msg/_estimator_aid_source3d.py\n'}
[0.865745] (px4_msgs) StdoutLine: {'line': b'-- Up-to-date: /home/nicolas/ws_ros2/install/px4_msgs/local/lib/python3.10/dist-packages/px4_msgs/msg/_sensor_optical_flow.py\n'}
[0.865776] (px4_msgs) StdoutLine: {'line': b'-- Up-to-date: /home/nicolas/ws_ros2/install/px4_msgs/local/lib/python3.10/dist-packages/px4_msgs/msg/_position_controller_landing_status.py\n'}
[0.865804] (px4_msgs) StdoutLine: {'line': b'-- Up-to-date: /home/nicolas/ws_ros2/install/px4_msgs/local/lib/python3.10/dist-packages/px4_msgs/msg/_vehicle_imu_s.c\n'}
[0.865834] (px4_msgs) StdoutLine: {'line': b'-- Up-to-date: /home/nicolas/ws_ros2/install/px4_msgs/local/lib/python3.10/dist-packages/px4_msgs/msg/_timesync_status_s.c\n'}
[0.865862] (px4_msgs) StdoutLine: {'line': b'-- Up-to-date: /home/nicolas/ws_ros2/install/px4_msgs/local/lib/python3.10/dist-packages/px4_msgs/msg/_vehicle_imu.py\n'}
[0.865891] (px4_msgs) StdoutLine: {'line': b'-- Up-to-date: /home/nicolas/ws_ros2/install/px4_msgs/local/lib/python3.10/dist-packages/px4_msgs/msg/_vehicle_odometry.py\n'}
[0.865922] (px4_msgs) StdoutLine: {'line': b'-- Up-to-date: /home/nicolas/ws_ros2/install/px4_msgs/local/lib/python3.10/dist-packages/px4_msgs/msg/_arming_check_request_s.c\n'}
[0.865964] (px4_msgs) StdoutLine: {'line': b'-- Up-to-date: /home/nicolas/ws_ros2/install/px4_msgs/local/lib/python3.10/dist-packages/px4_msgs/msg/_ping.py\n'}
[0.865993] (px4_msgs) StdoutLine: {'line': b'-- Up-to-date: /home/nicolas/ws_ros2/install/px4_msgs/local/lib/python3.10/dist-packages/px4_msgs/msg/_vehicle_command.py\n'}
[0.866022] (px4_msgs) StdoutLine: {'line': b'-- Up-to-date: /home/nicolas/ws_ros2/install/px4_msgs/local/lib/python3.10/dist-packages/px4_msgs/msg/_fixed_wing_lateral_status_s.c\n'}
[0.866050] (px4_msgs) StdoutLine: {'line': b'-- Up-to-date: /home/nicolas/ws_ros2/install/px4_msgs/local/lib/python3.10/dist-packages/px4_msgs/msg/_telemetry_status_s.c\n'}
[0.866079] (px4_msgs) StdoutLine: {'line': b'-- Up-to-date: /home/nicolas/ws_ros2/install/px4_msgs/local/lib/python3.10/dist-packages/px4_msgs/msg/_vehicle_local_position_s.c\n'}
[0.866107] (px4_msgs) StdoutLine: {'line': b'-- Up-to-date: /home/nicolas/ws_ros2/install/px4_msgs/local/lib/python3.10/dist-packages/px4_msgs/msg/_sensor_gyro_fft_s.c\n'}
[0.866137] (px4_msgs) StdoutLine: {'line': b'-- Up-to-date: /home/nicolas/ws_ros2/install/px4_msgs/local/lib/python3.10/dist-packages/px4_msgs/msg/_gimbal_manager_status_s.c\n'}
[0.866165] (px4_msgs) StdoutLine: {'line': b'-- Up-to-date: /home/nicolas/ws_ros2/install/px4_msgs/local/lib/python3.10/dist-packages/px4_msgs/msg/_open_drone_id_self_id_s.c\n'}
[0.866193] (px4_msgs) StdoutLine: {'line': b'-- Up-to-date: /home/nicolas/ws_ros2/install/px4_msgs/local/lib/python3.10/dist-packages/px4_msgs/msg/_gimbal_manager_status.py\n'}
[0.866221] (px4_msgs) StdoutLine: {'line': b'-- Up-to-date: /home/nicolas/ws_ros2/install/px4_msgs/local/lib/python3.10/dist-packages/px4_msgs/msg/_ulog_stream_ack_s.c\n'}
[0.866253] (px4_msgs) StdoutLine: {'line': b'-- Up-to-date: /home/nicolas/ws_ros2/install/px4_msgs/local/lib/python3.10/dist-packages/px4_msgs/msg/_parameter_reset_request.py\n'}
[0.866292] (px4_msgs) StdoutLine: {'line': b'-- Up-to-date: /home/nicolas/ws_ros2/install/px4_msgs/local/lib/python3.10/dist-packages/px4_msgs/msg/_vehicle_local_position.py\n'}
[0.866320] (px4_msgs) StdoutLine: {'line': b'-- Up-to-date: /home/nicolas/ws_ros2/install/px4_msgs/local/lib/python3.10/dist-packages/px4_msgs/msg/_register_ext_component_reply_s.c\n'}
[0.866348] (px4_msgs) StdoutLine: {'line': b'-- Up-to-date: /home/nicolas/ws_ros2/install/px4_msgs/local/lib/python3.10/dist-packages/px4_msgs/msg/_sensor_gnss_status.py\n'}
[0.866377] (px4_msgs) StdoutLine: {'line': b'-- Up-to-date: /home/nicolas/ws_ros2/install/px4_msgs/local/lib/python3.10/dist-packages/px4_msgs/msg/_rover_attitude_setpoint.py\n'}
[0.866406] (px4_msgs) StdoutLine: {'line': b'-- Up-to-date: /home/nicolas/ws_ros2/install/px4_msgs/local/lib/python3.10/dist-packages/px4_msgs/msg/_estimator_bias.py\n'}
[0.866434] (px4_msgs) StdoutLine: {'line': b'-- Up-to-date: /home/nicolas/ws_ros2/install/px4_msgs/local/lib/python3.10/dist-packages/px4_msgs/msg/_cellular_status_s.c\n'}
[0.866469] (px4_msgs) StdoutLine: {'line': b'-- Up-to-date: /home/nicolas/ws_ros2/install/px4_msgs/local/lib/python3.10/dist-packages/px4_msgs/msg/_dataman_request.py\n'}
[0.866509] (px4_msgs) StdoutLine: {'line': b'-- Up-to-date: /home/nicolas/ws_ros2/install/px4_msgs/local/lib/python3.10/dist-packages/px4_msgs/msg/_fixed_wing_runway_control.py\n'}
[0.866537] (px4_msgs) StdoutLine: {'line': b'-- Up-to-date: /home/nicolas/ws_ros2/install/px4_msgs/local/lib/python3.10/dist-packages/px4_msgs/msg/_mode_completed.py\n'}
[0.866566] (px4_msgs) StdoutLine: {'line': b'-- Up-to-date: /home/nicolas/ws_ros2/install/px4_msgs/local/lib/python3.10/dist-packages/px4_msgs/msg/_px4io_status.py\n'}
[0.866597] (px4_msgs) StdoutLine: {'line': b'-- Up-to-date: /home/nicolas/ws_ros2/install/px4_msgs/local/lib/python3.10/dist-packages/px4_msgs/msg/_magnetometer_bias_estimate.py\n'}
[0.866625] (px4_msgs) StdoutLine: {'line': b'-- Up-to-date: /home/nicolas/ws_ros2/install/px4_msgs/local/lib/python3.10/dist-packages/px4_msgs/msg/_follow_target_status_s.c\n'}
[0.866657] (px4_msgs) StdoutLine: {'line': b'-- Up-to-date: /home/nicolas/ws_ros2/install/px4_msgs/local/lib/python3.10/dist-packages/px4_msgs/msg/_open_drone_id_operator_id_s.c\n'}
[0.866687] (px4_msgs) StdoutLine: {'line': b'-- Up-to-date: /home/nicolas/ws_ros2/install/px4_msgs/local/lib/python3.10/dist-packages/px4_msgs/msg/_fixed_wing_longitudinal_setpoint.py\n'}
[0.866719] (px4_msgs) StdoutLine: {'line': b'-- Up-to-date: /home/nicolas/ws_ros2/install/px4_msgs/local/lib/python3.10/dist-packages/px4_msgs/msg/_rover_attitude_setpoint_s.c\n'}
[0.866750] (px4_msgs) StdoutLine: {'line': b'-- Up-to-date: /home/nicolas/ws_ros2/install/px4_msgs/local/lib/python3.10/dist-packages/px4_msgs/msg/_vehicle_global_position.py\n'}
[0.866781] (px4_msgs) StdoutLine: {'line': b'-- Up-to-date: /home/nicolas/ws_ros2/install/px4_msgs/local/lib/python3.10/dist-packages/px4_msgs/msg/_takeoff_status_s.c\n'}
[0.866811] (px4_msgs) StdoutLine: {'line': b'-- Up-to-date: /home/nicolas/ws_ros2/install/px4_msgs/local/lib/python3.10/dist-packages/px4_msgs/msg/_geofence_status.py\n'}
[0.866842] (px4_msgs) StdoutLine: {'line': b'-- Up-to-date: /home/nicolas/ws_ros2/install/px4_msgs/local/lib/python3.10/dist-packages/px4_msgs/msg/_neural_control.py\n'}
[0.866873] (px4_msgs) StdoutLine: {'line': b'-- Up-to-date: /home/nicolas/ws_ros2/install/px4_msgs/local/lib/python3.10/dist-packages/px4_msgs/msg/_estimator_status_flags_s.c\n'}
[0.866904] (px4_msgs) StdoutLine: {'line': b'-- Up-to-date: /home/nicolas/ws_ros2/install/px4_msgs/local/lib/python3.10/dist-packages/px4_msgs/msg/_distance_sensor_mode_change_request.py\n'}
[0.866951] (px4_msgs) StdoutLine: {'line': b'-- Up-to-date: /home/nicolas/ws_ros2/install/px4_msgs/local/lib/python3.10/dist-packages/px4_msgs/msg/_estimator_status_flags.py\n'}
[0.866980] (px4_msgs) StdoutLine: {'line': b'-- Up-to-date: /home/nicolas/ws_ros2/install/px4_msgs/local/lib/python3.10/dist-packages/px4_msgs/msg/_rover_throttle_setpoint_s.c\n'}
[0.867008] (px4_msgs) StdoutLine: {'line': b'-- Up-to-date: /home/nicolas/ws_ros2/install/px4_msgs/local/lib/python3.10/dist-packages/px4_msgs/msg/_actuator_controls_status.py\n'}
[0.867037] (px4_msgs) StdoutLine: {'line': b'-- Up-to-date: /home/nicolas/ws_ros2/install/px4_msgs/local/lib/python3.10/dist-packages/px4_msgs/msg/_vehicle_torque_setpoint.py\n'}
[0.867065] (px4_msgs) StdoutLine: {'line': b'-- Up-to-date: /home/nicolas/ws_ros2/install/px4_msgs/local/lib/python3.10/dist-packages/px4_msgs/msg/_gpio_in_s.c\n'}
[0.867093] (px4_msgs) StdoutLine: {'line': b'-- Up-to-date: /home/nicolas/ws_ros2/install/px4_msgs/local/lib/python3.10/dist-packages/px4_msgs/msg/_internal_combustion_engine_control.py\n'}
[0.867122] (px4_msgs) StdoutLine: {'line': b'-- Up-to-date: /home/nicolas/ws_ros2/install/px4_msgs/local/lib/python3.10/dist-packages/px4_msgs/msg/_mount_orientation_s.c\n'}
[0.867151] (px4_msgs) StdoutLine: {'line': b'-- Up-to-date: /home/nicolas/ws_ros2/install/px4_msgs/local/lib/python3.10/dist-packages/px4_msgs/msg/_pps_capture_s.c\n'}
[0.867179] (px4_msgs) StdoutLine: {'line': b'-- Up-to-date: /home/nicolas/ws_ros2/install/px4_msgs/local/lib/python3.10/dist-packages/px4_msgs/msg/_gps_dump_s.c\n'}
[0.867210] (px4_msgs) StdoutLine: {'line': b'-- Up-to-date: /home/nicolas/ws_ros2/install/px4_msgs/local/lib/python3.10/dist-packages/px4_msgs/msg/_wheel_encoders.py\n'}
[0.867254] (px4_msgs) StdoutLine: {'line': b'-- Up-to-date: /home/nicolas/ws_ros2/install/px4_msgs/local/lib/python3.10/dist-packages/px4_msgs/msg/_trajectory_setpoint6dof.py\n'}
[0.867283] (px4_msgs) StdoutLine: {'line': b'-- Up-to-date: /home/nicolas/ws_ros2/install/px4_msgs/local/lib/python3.10/dist-packages/px4_msgs/msg/_offboard_control_mode.py\n'}
[0.867311] (px4_msgs) StdoutLine: {'line': b'-- Up-to-date: /home/nicolas/ws_ros2/install/px4_msgs/local/lib/python3.10/dist-packages/px4_msgs/msg/_navigator_mission_item_s.c\n'}
[0.867339] (px4_msgs) StdoutLine: {'line': b'-- Up-to-date: /home/nicolas/ws_ros2/install/px4_msgs/local/lib/python3.10/dist-packages/px4_msgs/msg/_fixed_wing_lateral_status.py\n'}
[0.867368] (px4_msgs) StdoutLine: {'line': b'-- Up-to-date: /home/nicolas/ws_ros2/install/px4_msgs/local/lib/python3.10/dist-packages/px4_msgs/msg/_vehicle_angular_velocity.py\n'}
[0.867397] (px4_msgs) StdoutLine: {'line': b'-- Up-to-date: /home/nicolas/ws_ros2/install/px4_msgs/local/lib/python3.10/dist-packages/px4_msgs/msg/_sensor_uwb.py\n'}
[0.867428] (px4_msgs) StdoutLine: {'line': b'-- Up-to-date: /home/nicolas/ws_ros2/install/px4_msgs/local/lib/python3.10/dist-packages/px4_msgs/msg/_rate_ctrl_status.py\n'}
[0.867463] (px4_msgs) StdoutLine: {'line': b'-- Up-to-date: /home/nicolas/ws_ros2/install/px4_msgs/local/lib/python3.10/dist-packages/px4_msgs/msg/_health_report_s.c\n'}
[0.867495] (px4_msgs) StdoutLine: {'line': b'-- Up-to-date: /home/nicolas/ws_ros2/install/px4_msgs/local/lib/python3.10/dist-packages/px4_msgs/msg/_control_allocator_status.py\n'}
[0.867537] (px4_msgs) StdoutLine: {'line': b'-- Up-to-date: /home/nicolas/ws_ros2/install/px4_msgs/local/lib/python3.10/dist-packages/px4_msgs/msg/_config_overrides.py\n'}
[0.867565] (px4_msgs) StdoutLine: {'line': b'-- Up-to-date: /home/nicolas/ws_ros2/install/px4_msgs/local/lib/python3.10/dist-packages/px4_msgs/msg/_longitudinal_control_configuration_s.c\n'}
[0.867594] (px4_msgs) StdoutLine: {'line': b'-- Up-to-date: /home/nicolas/ws_ros2/install/px4_msgs/local/lib/python3.10/dist-packages/px4_msgs/msg/_follow_target.py\n'}
[0.867624] (px4_msgs) StdoutLine: {'line': b'-- Up-to-date: /home/nicolas/ws_ros2/install/px4_msgs/local/lib/python3.10/dist-packages/px4_msgs/msg/_airspeed_validated.py\n'}
[0.867656] (px4_msgs) StdoutLine: {'line': b'-- Up-to-date: /home/nicolas/ws_ros2/install/px4_msgs/local/lib/python3.10/dist-packages/px4_msgs/msg/_actuator_outputs.py\n'}
[0.867686] (px4_msgs) StdoutLine: {'line': b'-- Up-to-date: /home/nicolas/ws_ros2/install/px4_msgs/local/lib/python3.10/dist-packages/px4_msgs/msg/_normalized_unsigned_setpoint_s.c\n'}
[0.867717] (px4_msgs) StdoutLine: {'line': b'-- Up-to-date: /home/nicolas/ws_ros2/install/px4_msgs/local/lib/python3.10/dist-packages/px4_msgs/msg/_launch_detection_status_s.c\n'}
[0.867747] (px4_msgs) StdoutLine: {'line': b'-- Up-to-date: /home/nicolas/ws_ros2/install/px4_msgs/local/lib/python3.10/dist-packages/px4_msgs/msg/_differential_pressure.py\n'}
[0.867778] (px4_msgs) StdoutLine: {'line': b'-- Up-to-date: /home/nicolas/ws_ros2/install/px4_msgs/local/lib/python3.10/dist-packages/px4_msgs/msg/_fixed_wing_runway_control_s.c\n'}
[0.867809] (px4_msgs) StdoutLine: {'line': b'-- Up-to-date: /home/nicolas/ws_ros2/install/px4_msgs/local/lib/python3.10/dist-packages/px4_msgs/msg/_failure_detector_status_s.c\n'}
[0.867839] (px4_msgs) StdoutLine: {'line': b'-- Up-to-date: /home/nicolas/ws_ros2/install/px4_msgs/local/lib/python3.10/dist-packages/px4_msgs/msg/_mission_s.c\n'}
[0.867870] (px4_msgs) StdoutLine: {'line': b'-- Up-to-date: /home/nicolas/ws_ros2/install/px4_msgs/local/lib/python3.10/dist-packages/px4_msgs/msg/_event_s.c\n'}
[0.867901] (px4_msgs) StdoutLine: {'line': b'-- Up-to-date: /home/nicolas/ws_ros2/install/px4_msgs/local/lib/python3.10/dist-packages/px4_msgs/msg/_tecs_status.py\n'}
[0.867944] (px4_msgs) StdoutLine: {'line': b'-- Up-to-date: /home/nicolas/ws_ros2/install/px4_msgs/local/lib/python3.10/dist-packages/px4_msgs/msg/_debug_value.py\n'}
[0.867980] (px4_msgs) StdoutLine: {'line': b'-- Up-to-date: /home/nicolas/ws_ros2/install/px4_msgs/local/lib/python3.10/dist-packages/px4_msgs/msg/_mavlink_tunnel_s.c\n'}
[0.868008] (px4_msgs) StdoutLine: {'line': b'-- Up-to-date: /home/nicolas/ws_ros2/install/px4_msgs/local/lib/python3.10/dist-packages/px4_msgs/msg/_sensor_accel_fifo.py\n'}
[0.868037] (px4_msgs) StdoutLine: {'line': b'-- Up-to-date: /home/nicolas/ws_ros2/install/px4_msgs/local/lib/python3.10/dist-packages/px4_msgs/msg/_open_drone_id_operator_id.py\n'}
[0.868065] (px4_msgs) StdoutLine: {'line': b'-- Up-to-date: /home/nicolas/ws_ros2/install/px4_msgs/local/lib/python3.10/dist-packages/px4_msgs/msg/_logger_status_s.c\n'}
[0.868093] (px4_msgs) StdoutLine: {'line': b'-- Up-to-date: /home/nicolas/ws_ros2/install/px4_msgs/local/lib/python3.10/dist-packages/px4_msgs/msg/_magnetometer_bias_estimate_s.c\n'}
[0.868122] (px4_msgs) StdoutLine: {'line': b'-- Up-to-date: /home/nicolas/ws_ros2/install/px4_msgs/local/lib/python3.10/dist-packages/px4_msgs/msg/_uavcan_parameter_value.py\n'}
[0.868151] (px4_msgs) StdoutLine: {'line': b'-- Up-to-date: /home/nicolas/ws_ros2/install/px4_msgs/local/lib/python3.10/dist-packages/px4_msgs/msg/_mavlink_log.py\n'}
[0.868180] (px4_msgs) StdoutLine: {'line': b'-- Up-to-date: /home/nicolas/ws_ros2/install/px4_msgs/local/lib/python3.10/dist-packages/px4_msgs/msg/_generator_status.py\n'}
[0.868210] (px4_msgs) StdoutLine: {'line': b'-- Up-to-date: /home/nicolas/ws_ros2/install/px4_msgs/local/lib/python3.10/dist-packages/px4_msgs/msg/_velocity_limits_s.c\n'}
[0.868241] (px4_msgs) StdoutLine: {'line': b'-- Up-to-date: /home/nicolas/ws_ros2/install/px4_msgs/local/lib/python3.10/dist-packages/px4_msgs/msg/_rover_steering_setpoint_s.c\n'}
[0.868272] (px4_msgs) StdoutLine: {'line': b'-- Up-to-date: /home/nicolas/ws_ros2/install/px4_msgs/local/lib/python3.10/dist-packages/px4_msgs/msg/_position_setpoint_s.c\n'}
[0.868320] (px4_msgs) StdoutLine: {'line': b'-- Up-to-date: /home/nicolas/ws_ros2/install/px4_msgs/local/lib/python3.10/dist-packages/px4_msgs/msg/_fixed_wing_lateral_setpoint_s.c\n'}
[0.868371] (px4_msgs) StdoutLine: {'line': b'-- Up-to-date: /home/nicolas/ws_ros2/install/px4_msgs/local/lib/python3.10/dist-packages/px4_msgs/msg/_debug_key_value.py\n'}
[0.868426] (px4_msgs) StdoutLine: {'line': b'-- Up-to-date: /home/nicolas/ws_ros2/install/px4_msgs/local/lib/python3.10/dist-packages/px4_msgs/msg/_vehicle_roi.py\n'}
[0.868598] (px4_msgs) StdoutLine: {'line': b'-- Up-to-date: /home/nicolas/ws_ros2/install/px4_msgs/local/lib/python3.10/dist-packages/px4_msgs/msg/_camera_trigger.py\n'}
[0.868725] (px4_msgs) StdoutLine: {'line': b'-- Up-to-date: /home/nicolas/ws_ros2/install/px4_msgs/local/lib/python3.10/dist-packages/px4_msgs/msg/_vehicle_constraints.py\n'}
[0.868802] (px4_msgs) StdoutLine: {'line': b'-- Up-to-date: /home/nicolas/ws_ros2/install/px4_msgs/local/lib/python3.10/dist-packages/px4_msgs/msg/_dronecan_node_status_s.c\n'}
[0.868903] (px4_msgs) StdoutLine: {'line': b'-- Up-to-date: /home/nicolas/ws_ros2/install/px4_msgs/local/lib/python3.10/dist-packages/px4_msgs/msg/_estimator_innovations.py\n'}
[0.868975] (px4_msgs) StdoutLine: {'line': b'-- Up-to-date: /home/nicolas/ws_ros2/install/px4_msgs/local/lib/python3.10/dist-packages/px4_msgs/msg/_collision_constraints.py\n'}
[0.869044] (px4_msgs) StdoutLine: {'line': b'-- Up-to-date: /home/nicolas/ws_ros2/install/px4_msgs/local/lib/python3.10/dist-packages/px4_msgs/msg/_iridiumsbd_status.py\n'}
[0.869112] (px4_msgs) StdoutLine: {'line': b'-- Up-to-date: /home/nicolas/ws_ros2/install/px4_msgs/local/lib/python3.10/dist-packages/px4_msgs/msg/_qshell_retval_s.c\n'}
[0.869179] (px4_msgs) StdoutLine: {'line': b'-- Up-to-date: /home/nicolas/ws_ros2/install/px4_msgs/local/lib/python3.10/dist-packages/px4_msgs/msg/_satellite_info_s.c\n'}
[0.869262] (px4_msgs) StdoutLine: {'line': b'-- Up-to-date: /home/nicolas/ws_ros2/install/px4_msgs/local/lib/python3.10/dist-packages/px4_msgs/msg/_landing_target_innovations_s.c\n'}
[0.869339] (px4_msgs) StdoutLine: {'line': b'-- Up-to-date: /home/nicolas/ws_ros2/install/px4_msgs/local/lib/python3.10/dist-packages/px4_msgs/msg/_internal_combustion_engine_status.py\n'}
[0.869422] (px4_msgs) StdoutLine: {'line': b'-- Up-to-date: /home/nicolas/ws_ros2/install/px4_msgs/local/lib/python3.10/dist-packages/px4_msgs/msg/_esc_report.py\n'}
[0.869504] (px4_msgs) StdoutLine: {'line': b'-- Up-to-date: /home/nicolas/ws_ros2/install/px4_msgs/local/lib/python3.10/dist-packages/px4_msgs/msg/_rtl_status.py\n'}
[0.869717] (px4_msgs) StdoutLine: {'line': b'-- Up-to-date: /home/nicolas/ws_ros2/install/px4_msgs/local/lib/python3.10/dist-packages/px4_msgs/msg/_sensor_mag_s.c\n'}
[0.869782] (px4_msgs) StdoutLine: {'line': b'-- Up-to-date: /home/nicolas/ws_ros2/install/px4_msgs/local/lib/python3.10/dist-packages/px4_msgs/msg/_onboard_computer_status.py\n'}
[0.869818] (px4_msgs) StdoutLine: {'line': b'-- Up-to-date: /home/nicolas/ws_ros2/install/px4_msgs/local/lib/python3.10/dist-packages/px4_msgs/msg/_estimator_aid_source1d.py\n'}
[0.869853] (px4_msgs) StdoutLine: {'line': b'-- Up-to-date: /home/nicolas/ws_ros2/install/px4_msgs/local/lib/python3.10/dist-packages/px4_msgs/msg/_distance_sensor_mode_change_request_s.c\n'}
[0.869888] (px4_msgs) StdoutLine: {'line': b'-- Up-to-date: /home/nicolas/ws_ros2/install/px4_msgs/local/lib/python3.10/dist-packages/px4_msgs/msg/_sensor_gyro_fifo.py\n'}
[0.869921] (px4_msgs) StdoutLine: {'line': b'-- Up-to-date: /home/nicolas/ws_ros2/install/px4_msgs/local/lib/python3.10/dist-packages/px4_msgs/msg/_obstacle_distance_s.c\n'}
[0.869965] (px4_msgs) StdoutLine: {'line': b'-- Up-to-date: /home/nicolas/ws_ros2/install/px4_msgs/local/lib/python3.10/dist-packages/px4_msgs/msg/_follow_target_estimator.py\n'}
[0.869996] (px4_msgs) StdoutLine: {'line': b'-- Up-to-date: /home/nicolas/ws_ros2/install/px4_msgs/local/lib/python3.10/dist-packages/px4_msgs/msg/_camera_trigger_s.c\n'}
[0.870026] (px4_msgs) StdoutLine: {'line': b'-- Up-to-date: /home/nicolas/ws_ros2/install/px4_msgs/local/lib/python3.10/dist-packages/px4_msgs/msg/_position_setpoint_triplet.py\n'}
[0.870057] (px4_msgs) StdoutLine: {'line': b'-- Up-to-date: /home/nicolas/ws_ros2/install/px4_msgs/local/lib/python3.10/dist-packages/px4_msgs/msg/_satellite_info.py\n'}
[0.870087] (px4_msgs) StdoutLine: {'line': b'-- Up-to-date: /home/nicolas/ws_ros2/install/px4_msgs/local/lib/python3.10/dist-packages/px4_msgs/msg/_flight_phase_estimation_s.c\n'}
[0.870117] (px4_msgs) StdoutLine: {'line': b'-- Up-to-date: /home/nicolas/ws_ros2/install/px4_msgs/local/lib/python3.10/dist-packages/px4_msgs/msg/_manual_control_setpoint_s.c\n'}
[0.870146] (px4_msgs) StdoutLine: {'line': b'-- Up-to-date: /home/nicolas/ws_ros2/install/px4_msgs/local/lib/python3.10/dist-packages/px4_msgs/msg/_trajectory_setpoint.py\n'}
[0.870178] (px4_msgs) StdoutLine: {'line': b'-- Up-to-date: /home/nicolas/ws_ros2/install/px4_msgs/local/lib/python3.10/dist-packages/px4_msgs/msg/_debug_vect.py\n'}
[0.870209] (px4_msgs) StdoutLine: {'line': b'-- Up-to-date: /home/nicolas/ws_ros2/install/px4_msgs/local/lib/python3.10/dist-packages/px4_msgs/msg/_estimator_aid_source3d_s.c\n'}
[0.870241] (px4_msgs) StdoutLine: {'line': b'-- Up-to-date: /home/nicolas/ws_ros2/install/px4_msgs/local/lib/python3.10/dist-packages/px4_msgs/msg/_gimbal_manager_set_attitude_s.c\n'}
[0.870272] (px4_msgs) StdoutLine: {'line': b'-- Up-to-date: /home/nicolas/ws_ros2/install/px4_msgs/local/lib/python3.10/dist-packages/px4_msgs/msg/_parameter_set_value_response_s.c\n'}
[0.870303] (px4_msgs) StdoutLine: {'line': b'-- Up-to-date: /home/nicolas/ws_ros2/install/px4_msgs/local/lib/python3.10/dist-packages/px4_msgs/msg/_mount_orientation.py\n'}
[0.870335] (px4_msgs) StdoutLine: {'line': b'-- Up-to-date: /home/nicolas/ws_ros2/install/px4_msgs/local/lib/python3.10/dist-packages/px4_msgs/msg/_parameter_set_value_response.py\n'}
[0.870366] (px4_msgs) StdoutLine: {'line': b'-- Up-to-date: /home/nicolas/ws_ros2/install/px4_msgs/local/lib/python3.10/dist-packages/px4_msgs/msg/_vehicle_optical_flow_vel.py\n'}
[0.870411] (px4_msgs) StdoutLine: {'line': b'-- Up-to-date: /home/nicolas/ws_ros2/install/px4_msgs/local/lib/python3.10/dist-packages/px4_msgs/msg/_unregister_ext_component_s.c\n'}
[0.870444] (px4_msgs) StdoutLine: {'line': b'-- Up-to-date: /home/nicolas/ws_ros2/install/px4_msgs/local/lib/python3.10/dist-packages/px4_msgs/msg/_log_message_s.c\n'}
[0.870483] (px4_msgs) StdoutLine: {'line': b'-- Up-to-date: /home/nicolas/ws_ros2/install/px4_msgs/local/lib/python3.10/dist-packages/px4_msgs/msg/_estimator_status.py\n'}
[0.870516] (px4_msgs) StdoutLine: {'line': b'-- Up-to-date: /home/nicolas/ws_ros2/install/px4_msgs/local/lib/python3.10/dist-packages/px4_msgs/msg/_sensor_airflow.py\n'}
[0.870549] (px4_msgs) StdoutLine: {'line': b'-- Up-to-date: /home/nicolas/ws_ros2/install/px4_msgs/local/lib/python3.10/dist-packages/px4_msgs/msg/_fixed_wing_lateral_setpoint.py\n'}
[0.870583] (px4_msgs) StdoutLine: {'line': b'-- Up-to-date: /home/nicolas/ws_ros2/install/px4_msgs/local/lib/python3.10/dist-packages/px4_msgs/msg/_estimator_states.py\n'}
[0.870616] (px4_msgs) StdoutLine: {'line': b'-- Up-to-date: /home/nicolas/ws_ros2/install/px4_msgs/local/lib/python3.10/dist-packages/px4_msgs/msg/_gimbal_device_attitude_status_s.c\n'}
[0.870648] (px4_msgs) StdoutLine: {'line': b'-- Up-to-date: /home/nicolas/ws_ros2/install/px4_msgs/local/lib/python3.10/dist-packages/px4_msgs/msg/_gpio_config.py\n'}
[0.870679] (px4_msgs) StdoutLine: {'line': b'-- Up-to-date: /home/nicolas/ws_ros2/install/px4_msgs/local/lib/python3.10/dist-packages/px4_msgs/msg/_flight_phase_estimation.py\n'}
[0.870710] (px4_msgs) StdoutLine: {'line': b'-- Up-to-date: /home/nicolas/ws_ros2/install/px4_msgs/local/lib/python3.10/dist-packages/px4_msgs/msg/_pwm_input.py\n'}
[0.870742] (px4_msgs) StdoutLine: {'line': b'-- Up-to-date: /home/nicolas/ws_ros2/install/px4_msgs/local/lib/python3.10/dist-packages/px4_msgs/msg/_tecs_status_s.c\n'}
[0.870772] (px4_msgs) StdoutLine: {'line': b'-- Up-to-date: /home/nicolas/ws_ros2/install/px4_msgs/local/lib/python3.10/dist-packages/px4_msgs/msg/_gpio_config_s.c\n'}
[0.870803] (px4_msgs) StdoutLine: {'line': b'-- Up-to-date: /home/nicolas/ws_ros2/install/px4_msgs/local/lib/python3.10/dist-packages/px4_msgs/msg/_sensors_status_imu.py\n'}
[0.870834] (px4_msgs) StdoutLine: {'line': b'-- Up-to-date: /home/nicolas/ws_ros2/install/px4_msgs/local/lib/python3.10/dist-packages/px4_msgs/msg/_position_controller_status_s.c\n'}
[0.870865] (px4_msgs) StdoutLine: {'line': b'-- Up-to-date: /home/nicolas/ws_ros2/install/px4_msgs/local/lib/python3.10/dist-packages/px4_msgs/msg/_log_message.py\n'}
[0.870895] (px4_msgs) StdoutLine: {'line': b'-- Up-to-date: /home/nicolas/ws_ros2/install/px4_msgs/local/lib/python3.10/dist-packages/px4_msgs/msg/_tune_control_s.c\n'}
[0.870926] (px4_msgs) StdoutLine: {'line': b'-- Up-to-date: /home/nicolas/ws_ros2/install/px4_msgs/local/lib/python3.10/dist-packages/px4_msgs/msg/_adc_report_s.c\n'}
[0.870957] (px4_msgs) StdoutLine: {'line': b'-- Up-to-date: /home/nicolas/ws_ros2/install/px4_msgs/local/lib/python3.10/dist-packages/px4_msgs/msg/_radio_status_s.c\n'}
[0.870988] (px4_msgs) StdoutLine: {'line': b'-- Up-to-date: /home/nicolas/ws_ros2/install/px4_msgs/local/lib/python3.10/dist-packages/px4_msgs/msg/_failsafe_flags.py\n'}
[0.871037] (px4_msgs) StdoutLine: {'line': b'-- Up-to-date: /home/nicolas/ws_ros2/install/px4_msgs/local/lib/python3.10/dist-packages/px4_msgs/msg/_vehicle_command_ack_s.c\n'}
[0.871066] (px4_msgs) StdoutLine: {'line': b'-- Up-to-date: /home/nicolas/ws_ros2/install/px4_msgs/local/lib/python3.10/dist-packages/px4_msgs/msg/_follow_target_s.c\n'}
[0.871096] (px4_msgs) StdoutLine: {'line': b'-- Up-to-date: /home/nicolas/ws_ros2/install/px4_msgs/local/lib/python3.10/dist-packages/px4_msgs/msg/_sensor_gnss_relative_s.c\n'}
[0.871125] (px4_msgs) StdoutLine: {'line': b'-- Up-to-date: /home/nicolas/ws_ros2/install/px4_msgs/local/lib/python3.10/dist-packages/px4_msgs/msg/_qshell_retval.py\n'}
[0.871154] (px4_msgs) StdoutLine: {'line': b'-- Up-to-date: /home/nicolas/ws_ros2/install/px4_msgs/local/lib/python3.10/dist-packages/px4_msgs/msg/_logger_status.py\n'}
[0.871189] (px4_msgs) StdoutLine: {'line': b'-- Up-to-date: /home/nicolas/ws_ros2/install/px4_msgs/local/lib/python3.10/dist-packages/px4_msgs/msg/_vehicle_roi_s.c\n'}
[0.871217] (px4_msgs) StdoutLine: {'line': b'-- Up-to-date: /home/nicolas/ws_ros2/install/px4_msgs/local/lib/python3.10/dist-packages/px4_msgs/msg/_fixed_wing_lateral_guidance_status_s.c\n'}
[0.871245] (px4_msgs) StdoutLine: {'line': b'-- Up-to-date: /home/nicolas/ws_ros2/install/px4_msgs/local/lib/python3.10/dist-packages/px4_msgs/msg/_parameter_set_value_request.py\n'}
[0.871276] (px4_msgs) StdoutLine: {'line': b'-- Up-to-date: /home/nicolas/ws_ros2/install/px4_msgs/local/lib/python3.10/dist-packages/px4_msgs/msg/_vehicle_rates_setpoint_s.c\n'}
[0.871307] (px4_msgs) StdoutLine: {'line': b'-- Up-to-date: /home/nicolas/ws_ros2/install/px4_msgs/local/lib/python3.10/dist-packages/px4_msgs/msg/_battery_info_s.c\n'}
[0.871339] (px4_msgs) StdoutLine: {'line': b'-- Up-to-date: /home/nicolas/ws_ros2/install/px4_msgs/local/lib/python3.10/dist-packages/px4_msgs/msg/_button_event_s.c\n'}
[0.871369] (px4_msgs) StdoutLine: {'line': b'-- Up-to-date: /home/nicolas/ws_ros2/install/px4_msgs/local/lib/python3.10/dist-packages/px4_msgs/msg/_sensor_preflight_mag_s.c\n'}
[0.871401] (px4_msgs) StdoutLine: {'line': b'-- Up-to-date: /home/nicolas/ws_ros2/install/px4_msgs/local/lib/python3.10/dist-packages/px4_msgs/msg/_sensor_hygrometer_s.c\n'}
[0.871442] (px4_msgs) StdoutLine: {'line': b'-- Up-to-date: /home/nicolas/ws_ros2/install/px4_msgs/local/lib/python3.10/dist-packages/px4_msgs/msg/_register_ext_component_request_s.c\n'}
[0.871487] (px4_msgs) StdoutLine: {'line': b'-- Up-to-date: /home/nicolas/ws_ros2/install/px4_msgs/local/lib/python3.10/dist-packages/px4_msgs/msg/_gimbal_device_set_attitude.py\n'}
[0.871516] (px4_msgs) StdoutLine: {'line': b'-- Up-to-date: /home/nicolas/ws_ros2/install/px4_msgs/local/lib/python3.10/dist-packages/px4_msgs/msg/_dataman_response.py\n'}
[0.871545] (px4_msgs) StdoutLine: {'line': b'-- Up-to-date: /home/nicolas/ws_ros2/install/px4_msgs/local/lib/python3.10/dist-packages/px4_msgs/msg/_manual_control_switches_s.c\n'}
[0.871573] (px4_msgs) StdoutLine: {'line': b'-- Up-to-date: /home/nicolas/ws_ros2/install/px4_msgs/local/lib/python3.10/dist-packages/px4_msgs/msg/_ulog_stream_s.c\n'}
[0.871602] (px4_msgs) StdoutLine: {'line': b'-- Up-to-date: /home/nicolas/ws_ros2/install/px4_msgs/local/lib/python3.10/dist-packages/px4_msgs/msg/_gimbal_manager_information_s.c\n'}
[0.871630] (px4_msgs) StdoutLine: {'line': b'-- Up-to-date: /home/nicolas/ws_ros2/install/px4_msgs/local/lib/python3.10/dist-packages/px4_msgs/msg/_actuator_motors_s.c\n'}
[0.871659] (px4_msgs) StdoutLine: {'line': b'-- Up-to-date: /home/nicolas/ws_ros2/install/px4_msgs/local/lib/python3.10/dist-packages/px4_msgs/msg/_open_drone_id_arm_status_s.c\n'}
[0.871689] (px4_msgs) StdoutLine: {'line': b'-- Up-to-date: /home/nicolas/ws_ros2/install/px4_msgs/local/lib/python3.10/dist-packages/px4_msgs/msg/_vehicle_torque_setpoint_s.c\n'}
[0.871719] (px4_msgs) StdoutLine: {'line': b'-- Up-to-date: /home/nicolas/ws_ros2/install/px4_msgs/local/lib/python3.10/dist-packages/px4_msgs/msg/_debug_key_value_s.c\n'}
[0.871749] (px4_msgs) StdoutLine: {'line': b'-- Up-to-date: /home/nicolas/ws_ros2/install/px4_msgs/local/lib/python3.10/dist-packages/px4_msgs/msg/_longitudinal_control_configuration.py\n'}
[0.871780] (px4_msgs) StdoutLine: {'line': b'-- Up-to-date: /home/nicolas/ws_ros2/install/px4_msgs/local/lib/python3.10/dist-packages/px4_msgs/msg/_power_button_state_s.c\n'}
[0.871810] (px4_msgs) StdoutLine: {'line': b'-- Up-to-date: /home/nicolas/ws_ros2/install/px4_msgs/local/lib/python3.10/dist-packages/px4_msgs/msg/_sensor_baro_s.c\n'}
[0.871841] (px4_msgs) StdoutLine: {'line': b'-- Up-to-date: /home/nicolas/ws_ros2/install/px4_msgs/local/lib/python3.10/dist-packages/px4_msgs/msg/_offboard_control_mode_s.c\n'}
[0.871873] (px4_msgs) StdoutLine: {'line': b'-- Up-to-date: /home/nicolas/ws_ros2/install/px4_msgs/local/lib/python3.10/dist-packages/px4_msgs/msg/_gimbal_manager_set_manual_control_s.c\n'}
[0.871911] (px4_msgs) StdoutLine: {'line': b'-- Up-to-date: /home/nicolas/ws_ros2/install/px4_msgs/local/lib/python3.10/dist-packages/px4_msgs/msg/_gps_inject_data.py\n'}
[0.871942] (px4_msgs) StdoutLine: {'line': b'-- Up-to-date: /home/nicolas/ws_ros2/install/px4_msgs/local/lib/python3.10/dist-packages/px4_msgs/msg/_position_controller_status.py\n'}
[0.871974] (px4_msgs) StdoutLine: {'line': b'-- Up-to-date: /home/nicolas/ws_ros2/install/px4_msgs/local/lib/python3.10/dist-packages/px4_msgs/msg/_message_format_request.py\n'}
[0.872006] (px4_msgs) StdoutLine: {'line': b'-- Up-to-date: /home/nicolas/ws_ros2/install/px4_msgs/local/lib/python3.10/dist-packages/px4_msgs/msg/_parameter_update.py\n'}
[0.872050] (px4_msgs) StdoutLine: {'line': b'-- Up-to-date: /home/nicolas/ws_ros2/install/px4_msgs/local/lib/python3.10/dist-packages/px4_msgs/px4_msgs_s__rosidl_typesupport_introspection_c.cpython-310-x86_64-linux-gnu.so\n'}
[0.872081] (px4_msgs) StdoutLine: {'line': b"Listing '/home/nicolas/ws_ros2/install/px4_msgs/local/lib/python3.10/dist-packages/px4_msgs'...\n"}
[0.872112] (px4_msgs) StdoutLine: {'line': b"Listing '/home/nicolas/ws_ros2/install/px4_msgs/local/lib/python3.10/dist-packages/px4_msgs/msg'...\n"}
[0.872146] (px4_msgs) StdoutLine: {'line': b"Listing '/home/nicolas/ws_ros2/install/px4_msgs/local/lib/python3.10/dist-packages/px4_msgs/srv'...\n"}
[0.872178] (px4_msgs) StdoutLine: {'line': b'-- Up-to-date: /home/nicolas/ws_ros2/install/px4_msgs/local/lib/python3.10/dist-packages/px4_msgs/px4_msgs_s__rosidl_typesupport_fastrtps_c.cpython-310-x86_64-linux-gnu.so\n'}
[0.872210] (px4_msgs) StdoutLine: {'line': b'-- Up-to-date: /home/nicolas/ws_ros2/install/px4_msgs/local/lib/python3.10/dist-packages/px4_msgs/px4_msgs_s__rosidl_typesupport_introspection_c.cpython-310-x86_64-linux-gnu.so\n'}
[0.872243] (px4_msgs) StdoutLine: {'line': b'-- Up-to-date: /home/nicolas/ws_ros2/install/px4_msgs/local/lib/python3.10/dist-packages/px4_msgs/px4_msgs_s__rosidl_typesupport_c.cpython-310-x86_64-linux-gnu.so\n'}
[0.872275] (px4_msgs) StdoutLine: {'line': b'-- Up-to-date: /home/nicolas/ws_ros2/install/px4_msgs/lib/libpx4_msgs__rosidl_generator_py.so\n'}
[0.872309] (px4_msgs) StdoutLine: {'line': b'-- Up-to-date: /home/nicolas/ws_ros2/install/px4_msgs/share/px4_msgs/msg/ActionRequest.idl\n'}
[0.872341] (px4_msgs) StdoutLine: {'line': b'-- Up-to-date: /home/nicolas/ws_ros2/install/px4_msgs/share/px4_msgs/msg/ActuatorArmed.idl\n'}
[0.872372] (px4_msgs) StdoutLine: {'line': b'-- Up-to-date: /home/nicolas/ws_ros2/install/px4_msgs/share/px4_msgs/msg/ActuatorControlsStatus.idl\n'}
[0.872415] (px4_msgs) StdoutLine: {'line': b'-- Up-to-date: /home/nicolas/ws_ros2/install/px4_msgs/share/px4_msgs/msg/ActuatorMotors.idl\n'}
[0.872458] (px4_msgs) StdoutLine: {'line': b'-- Up-to-date: /home/nicolas/ws_ros2/install/px4_msgs/share/px4_msgs/msg/ActuatorOutputs.idl\n'}
[0.872490] (px4_msgs) StdoutLine: {'line': b'-- Up-to-date: /home/nicolas/ws_ros2/install/px4_msgs/share/px4_msgs/msg/ActuatorServos.idl\n'}
[0.872520] (px4_msgs) StdoutLine: {'line': b'-- Up-to-date: /home/nicolas/ws_ros2/install/px4_msgs/share/px4_msgs/msg/ActuatorServosTrim.idl\n'}
[0.872549] (px4_msgs) StdoutLine: {'line': b'-- Up-to-date: /home/nicolas/ws_ros2/install/px4_msgs/share/px4_msgs/msg/ActuatorTest.idl\n'}
[0.872578] (px4_msgs) StdoutLine: {'line': b'-- Up-to-date: /home/nicolas/ws_ros2/install/px4_msgs/share/px4_msgs/msg/AdcReport.idl\n'}
[0.872606] (px4_msgs) StdoutLine: {'line': b'-- Up-to-date: /home/nicolas/ws_ros2/install/px4_msgs/share/px4_msgs/msg/Airspeed.idl\n'}
[0.872635] (px4_msgs) StdoutLine: {'line': b'-- Up-to-date: /home/nicolas/ws_ros2/install/px4_msgs/share/px4_msgs/msg/AirspeedValidated.idl\n'}
[0.872666] (px4_msgs) StdoutLine: {'line': b'-- Up-to-date: /home/nicolas/ws_ros2/install/px4_msgs/share/px4_msgs/msg/AirspeedWind.idl\n'}
[0.872698] (px4_msgs) StdoutLine: {'line': b'-- Up-to-date: /home/nicolas/ws_ros2/install/px4_msgs/share/px4_msgs/msg/ArmingCheckReply.idl\n'}
[0.872738] (px4_msgs) StdoutLine: {'line': b'-- Up-to-date: /home/nicolas/ws_ros2/install/px4_msgs/share/px4_msgs/msg/ArmingCheckRequest.idl\n'}
[0.872767] (px4_msgs) StdoutLine: {'line': b'-- Up-to-date: /home/nicolas/ws_ros2/install/px4_msgs/share/px4_msgs/msg/AutotuneAttitudeControlStatus.idl\n'}
[0.872796] (px4_msgs) StdoutLine: {'line': b'-- Up-to-date: /home/nicolas/ws_ros2/install/px4_msgs/share/px4_msgs/msg/BatteryInfo.idl\n'}
[0.872824] (px4_msgs) StdoutLine: {'line': b'-- Up-to-date: /home/nicolas/ws_ros2/install/px4_msgs/share/px4_msgs/msg/BatteryStatus.idl\n'}
[0.872853] (px4_msgs) StdoutLine: {'line': b'-- Up-to-date: /home/nicolas/ws_ros2/install/px4_msgs/share/px4_msgs/msg/ButtonEvent.idl\n'}
[0.872883] (px4_msgs) StdoutLine: {'line': b'-- Up-to-date: /home/nicolas/ws_ros2/install/px4_msgs/share/px4_msgs/msg/CameraCapture.idl\n'}
[0.872915] (px4_msgs) StdoutLine: {'line': b'-- Up-to-date: /home/nicolas/ws_ros2/install/px4_msgs/share/px4_msgs/msg/CameraStatus.idl\n'}
[0.872946] (px4_msgs) StdoutLine: {'line': b'-- Up-to-date: /home/nicolas/ws_ros2/install/px4_msgs/share/px4_msgs/msg/CameraTrigger.idl\n'}
[0.872977] (px4_msgs) StdoutLine: {'line': b'-- Up-to-date: /home/nicolas/ws_ros2/install/px4_msgs/share/px4_msgs/msg/CanInterfaceStatus.idl\n'}
[0.873008] (px4_msgs) StdoutLine: {'line': b'-- Up-to-date: /home/nicolas/ws_ros2/install/px4_msgs/share/px4_msgs/msg/CellularStatus.idl\n'}
[0.873039] (px4_msgs) StdoutLine: {'line': b'-- Up-to-date: /home/nicolas/ws_ros2/install/px4_msgs/share/px4_msgs/msg/CollisionConstraints.idl\n'}
[0.873068] (px4_msgs) StdoutLine: {'line': b'-- Up-to-date: /home/nicolas/ws_ros2/install/px4_msgs/share/px4_msgs/msg/ConfigOverrides.idl\n'}
[0.873100] (px4_msgs) StdoutLine: {'line': b'-- Up-to-date: /home/nicolas/ws_ros2/install/px4_msgs/share/px4_msgs/msg/ControlAllocatorStatus.idl\n'}
[0.873131] (px4_msgs) StdoutLine: {'line': b'-- Up-to-date: /home/nicolas/ws_ros2/install/px4_msgs/share/px4_msgs/msg/Cpuload.idl\n'}
[0.873161] (px4_msgs) StdoutLine: {'line': b'-- Up-to-date: /home/nicolas/ws_ros2/install/px4_msgs/share/px4_msgs/msg/DatamanRequest.idl\n'}
[0.873193] (px4_msgs) StdoutLine: {'line': b'-- Up-to-date: /home/nicolas/ws_ros2/install/px4_msgs/share/px4_msgs/msg/DatamanResponse.idl\n'}
[0.873226] (px4_msgs) StdoutLine: {'line': b'-- Up-to-date: /home/nicolas/ws_ros2/install/px4_msgs/share/px4_msgs/msg/DebugArray.idl\n'}
[0.873257] (px4_msgs) StdoutLine: {'line': b'-- Up-to-date: /home/nicolas/ws_ros2/install/px4_msgs/share/px4_msgs/msg/DebugKeyValue.idl\n'}
[0.873288] (px4_msgs) StdoutLine: {'line': b'-- Up-to-date: /home/nicolas/ws_ros2/install/px4_msgs/share/px4_msgs/msg/DebugValue.idl\n'}
[0.873318] (px4_msgs) StdoutLine: {'line': b'-- Up-to-date: /home/nicolas/ws_ros2/install/px4_msgs/share/px4_msgs/msg/DebugVect.idl\n'}
[0.873364] (px4_msgs) StdoutLine: {'line': b'-- Up-to-date: /home/nicolas/ws_ros2/install/px4_msgs/share/px4_msgs/msg/DifferentialPressure.idl\n'}
[0.873393] (px4_msgs) StdoutLine: {'line': b'-- Up-to-date: /home/nicolas/ws_ros2/install/px4_msgs/share/px4_msgs/msg/DistanceSensor.idl\n'}
[0.873424] (px4_msgs) StdoutLine: {'line': b'-- Up-to-date: /home/nicolas/ws_ros2/install/px4_msgs/share/px4_msgs/msg/DistanceSensorModeChangeRequest.idl\n'}
[0.873461] (px4_msgs) StdoutLine: {'line': b'-- Up-to-date: /home/nicolas/ws_ros2/install/px4_msgs/share/px4_msgs/msg/DronecanNodeStatus.idl\n'}
[0.873495] (px4_msgs) StdoutLine: {'line': b'-- Up-to-date: /home/nicolas/ws_ros2/install/px4_msgs/share/px4_msgs/msg/Ekf2Timestamps.idl\n'}
[0.873528] (px4_msgs) StdoutLine: {'line': b'-- Up-to-date: /home/nicolas/ws_ros2/install/px4_msgs/share/px4_msgs/msg/EscReport.idl\n'}
[0.873561] (px4_msgs) StdoutLine: {'line': b'-- Up-to-date: /home/nicolas/ws_ros2/install/px4_msgs/share/px4_msgs/msg/EscStatus.idl\n'}
[0.873593] (px4_msgs) StdoutLine: {'line': b'-- Up-to-date: /home/nicolas/ws_ros2/install/px4_msgs/share/px4_msgs/msg/EstimatorAidSource1d.idl\n'}
[0.873624] (px4_msgs) StdoutLine: {'line': b'-- Up-to-date: /home/nicolas/ws_ros2/install/px4_msgs/share/px4_msgs/msg/EstimatorAidSource2d.idl\n'}
[0.873669] (px4_msgs) StdoutLine: {'line': b'-- Up-to-date: /home/nicolas/ws_ros2/install/px4_msgs/share/px4_msgs/msg/EstimatorAidSource3d.idl\n'}
[0.873701] (px4_msgs) StdoutLine: {'line': b'-- Up-to-date: /home/nicolas/ws_ros2/install/px4_msgs/share/px4_msgs/msg/EstimatorBias.idl\n'}
[0.873730] (px4_msgs) StdoutLine: {'line': b'-- Up-to-date: /home/nicolas/ws_ros2/install/px4_msgs/share/px4_msgs/msg/EstimatorBias3d.idl\n'}
[0.873759] (px4_msgs) StdoutLine: {'line': b'-- Up-to-date: /home/nicolas/ws_ros2/install/px4_msgs/share/px4_msgs/msg/EstimatorEventFlags.idl\n'}
[0.873788] (px4_msgs) StdoutLine: {'line': b'-- Up-to-date: /home/nicolas/ws_ros2/install/px4_msgs/share/px4_msgs/msg/EstimatorGpsStatus.idl\n'}
[0.873817] (px4_msgs) StdoutLine: {'line': b'-- Up-to-date: /home/nicolas/ws_ros2/install/px4_msgs/share/px4_msgs/msg/EstimatorInnovations.idl\n'}
[0.873846] (px4_msgs) StdoutLine: {'line': b'-- Up-to-date: /home/nicolas/ws_ros2/install/px4_msgs/share/px4_msgs/msg/EstimatorSelectorStatus.idl\n'}
[0.873877] (px4_msgs) StdoutLine: {'line': b'-- Up-to-date: /home/nicolas/ws_ros2/install/px4_msgs/share/px4_msgs/msg/EstimatorSensorBias.idl\n'}
[0.873908] (px4_msgs) StdoutLine: {'line': b'-- Up-to-date: /home/nicolas/ws_ros2/install/px4_msgs/share/px4_msgs/msg/EstimatorStates.idl\n'}
[0.873939] (px4_msgs) StdoutLine: {'line': b'-- Up-to-date: /home/nicolas/ws_ros2/install/px4_msgs/share/px4_msgs/msg/EstimatorStatus.idl\n'}
[0.873970] (px4_msgs) StdoutLine: {'line': b'-- Up-to-date: /home/nicolas/ws_ros2/install/px4_msgs/share/px4_msgs/msg/EstimatorStatusFlags.idl\n'}
[0.874001] (px4_msgs) StdoutLine: {'line': b'-- Up-to-date: /home/nicolas/ws_ros2/install/px4_msgs/share/px4_msgs/msg/Event.idl\n'}
[0.874032] (px4_msgs) StdoutLine: {'line': b'-- Up-to-date: /home/nicolas/ws_ros2/install/px4_msgs/share/px4_msgs/msg/FailsafeFlags.idl\n'}
[0.874062] (px4_msgs) StdoutLine: {'line': b'-- Up-to-date: /home/nicolas/ws_ros2/install/px4_msgs/share/px4_msgs/msg/FailureDetectorStatus.idl\n'}
[0.874093] (px4_msgs) StdoutLine: {'line': b'-- Up-to-date: /home/nicolas/ws_ros2/install/px4_msgs/share/px4_msgs/msg/FigureEightStatus.idl\n'}
[0.874123] (px4_msgs) StdoutLine: {'line': b'-- Up-to-date: /home/nicolas/ws_ros2/install/px4_msgs/share/px4_msgs/msg/FixedWingLateralGuidanceStatus.idl\n'}
[0.874155] (px4_msgs) StdoutLine: {'line': b'-- Up-to-date: /home/nicolas/ws_ros2/install/px4_msgs/share/px4_msgs/msg/FixedWingLateralSetpoint.idl\n'}
[0.874187] (px4_msgs) StdoutLine: {'line': b'-- Up-to-date: /home/nicolas/ws_ros2/install/px4_msgs/share/px4_msgs/msg/FixedWingLateralStatus.idl\n'}
[0.874220] (px4_msgs) StdoutLine: {'line': b'-- Up-to-date: /home/nicolas/ws_ros2/install/px4_msgs/share/px4_msgs/msg/FixedWingLongitudinalSetpoint.idl\n'}
[0.874252] (px4_msgs) StdoutLine: {'line': b'-- Up-to-date: /home/nicolas/ws_ros2/install/px4_msgs/share/px4_msgs/msg/FixedWingRunwayControl.idl\n'}
[0.874284] (px4_msgs) StdoutLine: {'line': b'-- Up-to-date: /home/nicolas/ws_ros2/install/px4_msgs/share/px4_msgs/msg/FlightPhaseEstimation.idl\n'}
[0.874315] (px4_msgs) StdoutLine: {'line': b'-- Up-to-date: /home/nicolas/ws_ros2/install/px4_msgs/share/px4_msgs/msg/FollowTarget.idl\n'}
[0.874346] (px4_msgs) StdoutLine: {'line': b'-- Up-to-date: /home/nicolas/ws_ros2/install/px4_msgs/share/px4_msgs/msg/FollowTargetEstimator.idl\n'}
[0.874378] (px4_msgs) StdoutLine: {'line': b'-- Up-to-date: /home/nicolas/ws_ros2/install/px4_msgs/share/px4_msgs/msg/FollowTargetStatus.idl\n'}
[0.874409] (px4_msgs) StdoutLine: {'line': b'-- Up-to-date: /home/nicolas/ws_ros2/install/px4_msgs/share/px4_msgs/msg/FuelTankStatus.idl\n'}
[0.874439] (px4_msgs) StdoutLine: {'line': b'-- Up-to-date: /home/nicolas/ws_ros2/install/px4_msgs/share/px4_msgs/msg/GeneratorStatus.idl\n'}
[0.874474] (px4_msgs) StdoutLine: {'line': b'-- Up-to-date: /home/nicolas/ws_ros2/install/px4_msgs/share/px4_msgs/msg/GeofenceResult.idl\n'}
[0.874506] (px4_msgs) StdoutLine: {'line': b'-- Up-to-date: /home/nicolas/ws_ros2/install/px4_msgs/share/px4_msgs/msg/GeofenceStatus.idl\n'}
[0.874553] (px4_msgs) StdoutLine: {'line': b'-- Up-to-date: /home/nicolas/ws_ros2/install/px4_msgs/share/px4_msgs/msg/GimbalControls.idl\n'}
[0.874582] (px4_msgs) StdoutLine: {'line': b'-- Up-to-date: /home/nicolas/ws_ros2/install/px4_msgs/share/px4_msgs/msg/GimbalDeviceAttitudeStatus.idl\n'}
[0.874615] (px4_msgs) StdoutLine: {'line': b'-- Up-to-date: /home/nicolas/ws_ros2/install/px4_msgs/share/px4_msgs/msg/GimbalDeviceInformation.idl\n'}
[0.874647] (px4_msgs) StdoutLine: {'line': b'-- Up-to-date: /home/nicolas/ws_ros2/install/px4_msgs/share/px4_msgs/msg/GimbalDeviceSetAttitude.idl\n'}
[0.874677] (px4_msgs) StdoutLine: {'line': b'-- Up-to-date: /home/nicolas/ws_ros2/install/px4_msgs/share/px4_msgs/msg/GimbalManagerInformation.idl\n'}
[0.874720] (px4_msgs) StdoutLine: {'line': b'-- Up-to-date: /home/nicolas/ws_ros2/install/px4_msgs/share/px4_msgs/msg/GimbalManagerSetAttitude.idl\n'}
[0.874749] (px4_msgs) StdoutLine: {'line': b'-- Up-to-date: /home/nicolas/ws_ros2/install/px4_msgs/share/px4_msgs/msg/GimbalManagerSetManualControl.idl\n'}
[0.874778] (px4_msgs) StdoutLine: {'line': b'-- Up-to-date: /home/nicolas/ws_ros2/install/px4_msgs/share/px4_msgs/msg/GimbalManagerStatus.idl\n'}
[0.874806] (px4_msgs) StdoutLine: {'line': b'-- Up-to-date: /home/nicolas/ws_ros2/install/px4_msgs/share/px4_msgs/msg/GotoSetpoint.idl\n'}
[0.874843] (px4_msgs) StdoutLine: {'line': b'-- Up-to-date: /home/nicolas/ws_ros2/install/px4_msgs/share/px4_msgs/msg/GpioConfig.idl\n'}
[0.874872] (px4_msgs) StdoutLine: {'line': b'-- Up-to-date: /home/nicolas/ws_ros2/install/px4_msgs/share/px4_msgs/msg/GpioIn.idl\n'}
[0.874900] (px4_msgs) StdoutLine: {'line': b'-- Up-to-date: /home/nicolas/ws_ros2/install/px4_msgs/share/px4_msgs/msg/GpioOut.idl\n'}
[0.874931] (px4_msgs) StdoutLine: {'line': b'-- Up-to-date: /home/nicolas/ws_ros2/install/px4_msgs/share/px4_msgs/msg/GpioRequest.idl\n'}
[0.874959] (px4_msgs) StdoutLine: {'line': b'-- Up-to-date: /home/nicolas/ws_ros2/install/px4_msgs/share/px4_msgs/msg/GpsDump.idl\n'}
[0.874987] (px4_msgs) StdoutLine: {'line': b'-- Up-to-date: /home/nicolas/ws_ros2/install/px4_msgs/share/px4_msgs/msg/GpsInjectData.idl\n'}
[0.875015] (px4_msgs) StdoutLine: {'line': b'-- Up-to-date: /home/nicolas/ws_ros2/install/px4_msgs/share/px4_msgs/msg/Gripper.idl\n'}
[0.875044] (px4_msgs) StdoutLine: {'line': b'-- Up-to-date: /home/nicolas/ws_ros2/install/px4_msgs/share/px4_msgs/msg/HealthReport.idl\n'}
[0.875072] (px4_msgs) StdoutLine: {'line': b'-- Up-to-date: /home/nicolas/ws_ros2/install/px4_msgs/share/px4_msgs/msg/HeaterStatus.idl\n'}
[0.875100] (px4_msgs) StdoutLine: {'line': b'-- Up-to-date: /home/nicolas/ws_ros2/install/px4_msgs/share/px4_msgs/msg/HomePosition.idl\n'}
[0.875128] (px4_msgs) StdoutLine: {'line': b'-- Up-to-date: /home/nicolas/ws_ros2/install/px4_msgs/share/px4_msgs/msg/HoverThrustEstimate.idl\n'}
[0.875156] (px4_msgs) StdoutLine: {'line': b'-- Up-to-date: /home/nicolas/ws_ros2/install/px4_msgs/share/px4_msgs/msg/InputRc.idl\n'}
[0.875187] (px4_msgs) StdoutLine: {'line': b'-- Up-to-date: /home/nicolas/ws_ros2/install/px4_msgs/share/px4_msgs/msg/InternalCombustionEngineControl.idl\n'}
[0.875217] (px4_msgs) StdoutLine: {'line': b'-- Up-to-date: /home/nicolas/ws_ros2/install/px4_msgs/share/px4_msgs/msg/InternalCombustionEngineStatus.idl\n'}
[0.875248] (px4_msgs) StdoutLine: {'line': b'-- Up-to-date: /home/nicolas/ws_ros2/install/px4_msgs/share/px4_msgs/msg/IridiumsbdStatus.idl\n'}
[0.875280] (px4_msgs) StdoutLine: {'line': b'-- Up-to-date: /home/nicolas/ws_ros2/install/px4_msgs/share/px4_msgs/msg/IrlockReport.idl\n'}
[0.875310] (px4_msgs) StdoutLine: {'line': b'-- Up-to-date: /home/nicolas/ws_ros2/install/px4_msgs/share/px4_msgs/msg/LandingGear.idl\n'}
[0.875342] (px4_msgs) StdoutLine: {'line': b'-- Up-to-date: /home/nicolas/ws_ros2/install/px4_msgs/share/px4_msgs/msg/LandingGearWheel.idl\n'}
[0.875373] (px4_msgs) StdoutLine: {'line': b'-- Up-to-date: /home/nicolas/ws_ros2/install/px4_msgs/share/px4_msgs/msg/LandingTargetInnovations.idl\n'}
[0.875403] (px4_msgs) StdoutLine: {'line': b'-- Up-to-date: /home/nicolas/ws_ros2/install/px4_msgs/share/px4_msgs/msg/LandingTargetPose.idl\n'}
[0.875449] (px4_msgs) StdoutLine: {'line': b'-- Up-to-date: /home/nicolas/ws_ros2/install/px4_msgs/share/px4_msgs/msg/LateralControlConfiguration.idl\n'}
[0.875480] (px4_msgs) StdoutLine: {'line': b'-- Up-to-date: /home/nicolas/ws_ros2/install/px4_msgs/share/px4_msgs/msg/LaunchDetectionStatus.idl\n'}
[0.875509] (px4_msgs) StdoutLine: {'line': b'-- Up-to-date: /home/nicolas/ws_ros2/install/px4_msgs/share/px4_msgs/msg/LedControl.idl\n'}
[0.875538] (px4_msgs) StdoutLine: {'line': b'-- Up-to-date: /home/nicolas/ws_ros2/install/px4_msgs/share/px4_msgs/msg/LogMessage.idl\n'}
[0.875569] (px4_msgs) StdoutLine: {'line': b'-- Up-to-date: /home/nicolas/ws_ros2/install/px4_msgs/share/px4_msgs/msg/LoggerStatus.idl\n'}
[0.875599] (px4_msgs) StdoutLine: {'line': b'-- Up-to-date: /home/nicolas/ws_ros2/install/px4_msgs/share/px4_msgs/msg/LongitudinalControlConfiguration.idl\n'}
[0.875630] (px4_msgs) StdoutLine: {'line': b'-- Up-to-date: /home/nicolas/ws_ros2/install/px4_msgs/share/px4_msgs/msg/MagWorkerData.idl\n'}
[0.875661] (px4_msgs) StdoutLine: {'line': b'-- Up-to-date: /home/nicolas/ws_ros2/install/px4_msgs/share/px4_msgs/msg/MagnetometerBiasEstimate.idl\n'}
[0.875692] (px4_msgs) StdoutLine: {'line': b'-- Up-to-date: /home/nicolas/ws_ros2/install/px4_msgs/share/px4_msgs/msg/ManualControlSetpoint.idl\n'}
[0.875723] (px4_msgs) StdoutLine: {'line': b'-- Up-to-date: /home/nicolas/ws_ros2/install/px4_msgs/share/px4_msgs/msg/ManualControlSwitches.idl\n'}
[0.875753] (px4_msgs) StdoutLine: {'line': b'-- Up-to-date: /home/nicolas/ws_ros2/install/px4_msgs/share/px4_msgs/msg/MavlinkLog.idl\n'}
[0.875784] (px4_msgs) StdoutLine: {'line': b'-- Up-to-date: /home/nicolas/ws_ros2/install/px4_msgs/share/px4_msgs/msg/MavlinkTunnel.idl\n'}
[0.875814] (px4_msgs) StdoutLine: {'line': b'-- Up-to-date: /home/nicolas/ws_ros2/install/px4_msgs/share/px4_msgs/msg/MessageFormatRequest.idl\n'}
[0.875845] (px4_msgs) StdoutLine: {'line': b'-- Up-to-date: /home/nicolas/ws_ros2/install/px4_msgs/share/px4_msgs/msg/MessageFormatResponse.idl\n'}
[0.875875] (px4_msgs) StdoutLine: {'line': b'-- Up-to-date: /home/nicolas/ws_ros2/install/px4_msgs/share/px4_msgs/msg/Mission.idl\n'}
[0.875906] (px4_msgs) StdoutLine: {'line': b'-- Up-to-date: /home/nicolas/ws_ros2/install/px4_msgs/share/px4_msgs/msg/MissionResult.idl\n'}
[0.875936] (px4_msgs) StdoutLine: {'line': b'-- Up-to-date: /home/nicolas/ws_ros2/install/px4_msgs/share/px4_msgs/msg/ModeCompleted.idl\n'}
[0.875967] (px4_msgs) StdoutLine: {'line': b'-- Up-to-date: /home/nicolas/ws_ros2/install/px4_msgs/share/px4_msgs/msg/MountOrientation.idl\n'}
[0.875998] (px4_msgs) StdoutLine: {'line': b'-- Up-to-date: /home/nicolas/ws_ros2/install/px4_msgs/share/px4_msgs/msg/NavigatorMissionItem.idl\n'}
[0.876029] (px4_msgs) StdoutLine: {'line': b'-- Up-to-date: /home/nicolas/ws_ros2/install/px4_msgs/share/px4_msgs/msg/NavigatorStatus.idl\n'}
[0.876076] (px4_msgs) StdoutLine: {'line': b'-- Up-to-date: /home/nicolas/ws_ros2/install/px4_msgs/share/px4_msgs/msg/NeuralControl.idl\n'}
[0.876105] (px4_msgs) StdoutLine: {'line': b'-- Up-to-date: /home/nicolas/ws_ros2/install/px4_msgs/share/px4_msgs/msg/NormalizedUnsignedSetpoint.idl\n'}
[0.876145] (px4_msgs) StdoutLine: {'line': b'-- Up-to-date: /home/nicolas/ws_ros2/install/px4_msgs/share/px4_msgs/msg/ObstacleDistance.idl\n'}
[0.876174] (px4_msgs) StdoutLine: {'line': b'-- Up-to-date: /home/nicolas/ws_ros2/install/px4_msgs/share/px4_msgs/msg/OffboardControlMode.idl\n'}
[0.876203] (px4_msgs) StdoutLine: {'line': b'-- Up-to-date: /home/nicolas/ws_ros2/install/px4_msgs/share/px4_msgs/msg/OnboardComputerStatus.idl\n'}
[0.876231] (px4_msgs) StdoutLine: {'line': b'-- Up-to-date: /home/nicolas/ws_ros2/install/px4_msgs/share/px4_msgs/msg/OpenDroneIdArmStatus.idl\n'}
[0.876259] (px4_msgs) StdoutLine: {'line': b'-- Up-to-date: /home/nicolas/ws_ros2/install/px4_msgs/share/px4_msgs/msg/OpenDroneIdOperatorId.idl\n'}
[0.876287] (px4_msgs) StdoutLine: {'line': b'-- Up-to-date: /home/nicolas/ws_ros2/install/px4_msgs/share/px4_msgs/msg/OpenDroneIdSelfId.idl\n'}
[0.876317] (px4_msgs) StdoutLine: {'line': b'-- Up-to-date: /home/nicolas/ws_ros2/install/px4_msgs/share/px4_msgs/msg/OpenDroneIdSystem.idl\n'}
[0.876345] (px4_msgs) StdoutLine: {'line': b'-- Up-to-date: /home/nicolas/ws_ros2/install/px4_msgs/share/px4_msgs/msg/OrbTest.idl\n'}
[0.876373] (px4_msgs) StdoutLine: {'line': b'-- Up-to-date: /home/nicolas/ws_ros2/install/px4_msgs/share/px4_msgs/msg/OrbTestLarge.idl\n'}
[0.876401] (px4_msgs) StdoutLine: {'line': b'-- Up-to-date: /home/nicolas/ws_ros2/install/px4_msgs/share/px4_msgs/msg/OrbTestMedium.idl\n'}
[0.876428] (px4_msgs) StdoutLine: {'line': b'-- Up-to-date: /home/nicolas/ws_ros2/install/px4_msgs/share/px4_msgs/msg/OrbitStatus.idl\n'}
[0.876459] (px4_msgs) StdoutLine: {'line': b'-- Up-to-date: /home/nicolas/ws_ros2/install/px4_msgs/share/px4_msgs/msg/ParameterResetRequest.idl\n'}
[0.876489] (px4_msgs) StdoutLine: {'line': b'-- Up-to-date: /home/nicolas/ws_ros2/install/px4_msgs/share/px4_msgs/msg/ParameterSetUsedRequest.idl\n'}
[0.876519] (px4_msgs) StdoutLine: {'line': b'-- Up-to-date: /home/nicolas/ws_ros2/install/px4_msgs/share/px4_msgs/msg/ParameterSetValueRequest.idl\n'}
[0.876550] (px4_msgs) StdoutLine: {'line': b'-- Up-to-date: /home/nicolas/ws_ros2/install/px4_msgs/share/px4_msgs/msg/ParameterSetValueResponse.idl\n'}
[0.876580] (px4_msgs) StdoutLine: {'line': b'-- Up-to-date: /home/nicolas/ws_ros2/install/px4_msgs/share/px4_msgs/msg/ParameterUpdate.idl\n'}
[0.876610] (px4_msgs) StdoutLine: {'line': b'-- Up-to-date: /home/nicolas/ws_ros2/install/px4_msgs/share/px4_msgs/msg/Ping.idl\n'}
[0.876640] (px4_msgs) StdoutLine: {'line': b'-- Up-to-date: /home/nicolas/ws_ros2/install/px4_msgs/share/px4_msgs/msg/PositionControllerLandingStatus.idl\n'}
[0.876671] (px4_msgs) StdoutLine: {'line': b'-- Up-to-date: /home/nicolas/ws_ros2/install/px4_msgs/share/px4_msgs/msg/PositionControllerStatus.idl\n'}
[0.876701] (px4_msgs) StdoutLine: {'line': b'-- Up-to-date: /home/nicolas/ws_ros2/install/px4_msgs/share/px4_msgs/msg/PositionSetpoint.idl\n'}
[0.876732] (px4_msgs) StdoutLine: {'line': b'-- Up-to-date: /home/nicolas/ws_ros2/install/px4_msgs/share/px4_msgs/msg/PositionSetpointTriplet.idl\n'}
[0.876763] (px4_msgs) StdoutLine: {'line': b'-- Up-to-date: /home/nicolas/ws_ros2/install/px4_msgs/share/px4_msgs/msg/PowerButtonState.idl\n'}
[0.876793] (px4_msgs) StdoutLine: {'line': b'-- Up-to-date: /home/nicolas/ws_ros2/install/px4_msgs/share/px4_msgs/msg/PowerMonitor.idl\n'}
[0.876824] (px4_msgs) StdoutLine: {'line': b'-- Up-to-date: /home/nicolas/ws_ros2/install/px4_msgs/share/px4_msgs/msg/PpsCapture.idl\n'}
[0.876855] (px4_msgs) StdoutLine: {'line': b'-- Up-to-date: /home/nicolas/ws_ros2/install/px4_msgs/share/px4_msgs/msg/PurePursuitStatus.idl\n'}
[0.876886] (px4_msgs) StdoutLine: {'line': b'-- Up-to-date: /home/nicolas/ws_ros2/install/px4_msgs/share/px4_msgs/msg/PwmInput.idl\n'}
[0.876916] (px4_msgs) StdoutLine: {'line': b'-- Up-to-date: /home/nicolas/ws_ros2/install/px4_msgs/share/px4_msgs/msg/Px4ioStatus.idl\n'}
[0.876947] (px4_msgs) StdoutLine: {'line': b'-- Up-to-date: /home/nicolas/ws_ros2/install/px4_msgs/share/px4_msgs/msg/QshellReq.idl\n'}
[0.876977] (px4_msgs) StdoutLine: {'line': b'-- Up-to-date: /home/nicolas/ws_ros2/install/px4_msgs/share/px4_msgs/msg/QshellRetval.idl\n'}
[0.877008] (px4_msgs) StdoutLine: {'line': b'-- Up-to-date: /home/nicolas/ws_ros2/install/px4_msgs/share/px4_msgs/msg/RadioStatus.idl\n'}
[0.877039] (px4_msgs) StdoutLine: {'line': b'-- Up-to-date: /home/nicolas/ws_ros2/install/px4_msgs/share/px4_msgs/msg/RateCtrlStatus.idl\n'}
[0.877069] (px4_msgs) StdoutLine: {'line': b'-- Up-to-date: /home/nicolas/ws_ros2/install/px4_msgs/share/px4_msgs/msg/RcChannels.idl\n'}
[0.877100] (px4_msgs) StdoutLine: {'line': b'-- Up-to-date: /home/nicolas/ws_ros2/install/px4_msgs/share/px4_msgs/msg/RcParameterMap.idl\n'}
[0.877132] (px4_msgs) StdoutLine: {'line': b'-- Up-to-date: /home/nicolas/ws_ros2/install/px4_msgs/share/px4_msgs/msg/RegisterExtComponentReply.idl\n'}
[0.877162] (px4_msgs) StdoutLine: {'line': b'-- Up-to-date: /home/nicolas/ws_ros2/install/px4_msgs/share/px4_msgs/msg/RegisterExtComponentRequest.idl\n'}
[0.877207] (px4_msgs) StdoutLine: {'line': b'-- Up-to-date: /home/nicolas/ws_ros2/install/px4_msgs/share/px4_msgs/msg/RoverAttitudeSetpoint.idl\n'}
[0.877237] (px4_msgs) StdoutLine: {'line': b'-- Up-to-date: /home/nicolas/ws_ros2/install/px4_msgs/share/px4_msgs/msg/RoverAttitudeStatus.idl\n'}
[0.877267] (px4_msgs) StdoutLine: {'line': b'-- Up-to-date: /home/nicolas/ws_ros2/install/px4_msgs/share/px4_msgs/msg/RoverPositionSetpoint.idl\n'}
[0.877298] (px4_msgs) StdoutLine: {'line': b'-- Up-to-date: /home/nicolas/ws_ros2/install/px4_msgs/share/px4_msgs/msg/RoverRateSetpoint.idl\n'}
[0.877329] (px4_msgs) StdoutLine: {'line': b'-- Up-to-date: /home/nicolas/ws_ros2/install/px4_msgs/share/px4_msgs/msg/RoverRateStatus.idl\n'}
[0.877369] (px4_msgs) StdoutLine: {'line': b'-- Up-to-date: /home/nicolas/ws_ros2/install/px4_msgs/share/px4_msgs/msg/RoverSpeedSetpoint.idl\n'}
[0.877404] (px4_msgs) StdoutLine: {'line': b'-- Up-to-date: /home/nicolas/ws_ros2/install/px4_msgs/share/px4_msgs/msg/RoverSpeedStatus.idl\n'}
[0.877431] (px4_msgs) StdoutLine: {'line': b'-- Up-to-date: /home/nicolas/ws_ros2/install/px4_msgs/share/px4_msgs/msg/RoverSteeringSetpoint.idl\n'}
[0.877466] (px4_msgs) StdoutLine: {'line': b'-- Up-to-date: /home/nicolas/ws_ros2/install/px4_msgs/share/px4_msgs/msg/RoverThrottleSetpoint.idl\n'}
[0.877498] (px4_msgs) StdoutLine: {'line': b'-- Up-to-date: /home/nicolas/ws_ros2/install/px4_msgs/share/px4_msgs/msg/Rpm.idl\n'}
[0.877528] (px4_msgs) StdoutLine: {'line': b'-- Up-to-date: /home/nicolas/ws_ros2/install/px4_msgs/share/px4_msgs/msg/RtlStatus.idl\n'}
[0.877559] (px4_msgs) StdoutLine: {'line': b'-- Up-to-date: /home/nicolas/ws_ros2/install/px4_msgs/share/px4_msgs/msg/RtlTimeEstimate.idl\n'}
[0.877590] (px4_msgs) StdoutLine: {'line': b'-- Up-to-date: /home/nicolas/ws_ros2/install/px4_msgs/share/px4_msgs/msg/SatelliteInfo.idl\n'}
[0.877620] (px4_msgs) StdoutLine: {'line': b'-- Up-to-date: /home/nicolas/ws_ros2/install/px4_msgs/share/px4_msgs/msg/SensorAccel.idl\n'}
[0.877651] (px4_msgs) StdoutLine: {'line': b'-- Up-to-date: /home/nicolas/ws_ros2/install/px4_msgs/share/px4_msgs/msg/SensorAccelFifo.idl\n'}
[0.877681] (px4_msgs) StdoutLine: {'line': b'-- Up-to-date: /home/nicolas/ws_ros2/install/px4_msgs/share/px4_msgs/msg/SensorAirflow.idl\n'}
[0.877712] (px4_msgs) StdoutLine: {'line': b'-- Up-to-date: /home/nicolas/ws_ros2/install/px4_msgs/share/px4_msgs/msg/SensorBaro.idl\n'}
[0.877742] (px4_msgs) StdoutLine: {'line': b'-- Up-to-date: /home/nicolas/ws_ros2/install/px4_msgs/share/px4_msgs/msg/SensorCombined.idl\n'}
[0.877773] (px4_msgs) StdoutLine: {'line': b'-- Up-to-date: /home/nicolas/ws_ros2/install/px4_msgs/share/px4_msgs/msg/SensorCorrection.idl\n'}
[0.877804] (px4_msgs) StdoutLine: {'line': b'-- Up-to-date: /home/nicolas/ws_ros2/install/px4_msgs/share/px4_msgs/msg/SensorGnssRelative.idl\n'}
[0.877834] (px4_msgs) StdoutLine: {'line': b'-- Up-to-date: /home/nicolas/ws_ros2/install/px4_msgs/share/px4_msgs/msg/SensorGnssStatus.idl\n'}
[0.877865] (px4_msgs) StdoutLine: {'line': b'-- Up-to-date: /home/nicolas/ws_ros2/install/px4_msgs/share/px4_msgs/msg/SensorGps.idl\n'}
[0.877896] (px4_msgs) StdoutLine: {'line': b'-- Up-to-date: /home/nicolas/ws_ros2/install/px4_msgs/share/px4_msgs/msg/SensorGyro.idl\n'}
[0.877927] (px4_msgs) StdoutLine: {'line': b'-- Up-to-date: /home/nicolas/ws_ros2/install/px4_msgs/share/px4_msgs/msg/SensorGyroFft.idl\n'}
[0.877958] (px4_msgs) StdoutLine: {'line': b'-- Up-to-date: /home/nicolas/ws_ros2/install/px4_msgs/share/px4_msgs/msg/SensorGyroFifo.idl\n'}
[0.877988] (px4_msgs) StdoutLine: {'line': b'-- Up-to-date: /home/nicolas/ws_ros2/install/px4_msgs/share/px4_msgs/msg/SensorHygrometer.idl\n'}
[0.878019] (px4_msgs) StdoutLine: {'line': b'-- Up-to-date: /home/nicolas/ws_ros2/install/px4_msgs/share/px4_msgs/msg/SensorMag.idl\n'}
[0.878050] (px4_msgs) StdoutLine: {'line': b'-- Up-to-date: /home/nicolas/ws_ros2/install/px4_msgs/share/px4_msgs/msg/SensorOpticalFlow.idl\n'}
[0.878094] (px4_msgs) StdoutLine: {'line': b'-- Up-to-date: /home/nicolas/ws_ros2/install/px4_msgs/share/px4_msgs/msg/SensorPreflightMag.idl\n'}
[0.878122] (px4_msgs) StdoutLine: {'line': b'-- Up-to-date: /home/nicolas/ws_ros2/install/px4_msgs/share/px4_msgs/msg/SensorSelection.idl\n'}
[0.878151] (px4_msgs) StdoutLine: {'line': b'-- Up-to-date: /home/nicolas/ws_ros2/install/px4_msgs/share/px4_msgs/msg/SensorUwb.idl\n'}
[0.878179] (px4_msgs) StdoutLine: {'line': b'-- Up-to-date: /home/nicolas/ws_ros2/install/px4_msgs/share/px4_msgs/msg/SensorsStatus.idl\n'}
[0.878207] (px4_msgs) StdoutLine: {'line': b'-- Up-to-date: /home/nicolas/ws_ros2/install/px4_msgs/share/px4_msgs/msg/SensorsStatusImu.idl\n'}
[0.878238] (px4_msgs) StdoutLine: {'line': b'-- Up-to-date: /home/nicolas/ws_ros2/install/px4_msgs/share/px4_msgs/msg/SystemPower.idl\n'}
[0.878268] (px4_msgs) StdoutLine: {'line': b'-- Up-to-date: /home/nicolas/ws_ros2/install/px4_msgs/share/px4_msgs/msg/TakeoffStatus.idl\n'}
[0.878299] (px4_msgs) StdoutLine: {'line': b'-- Up-to-date: /home/nicolas/ws_ros2/install/px4_msgs/share/px4_msgs/msg/TaskStackInfo.idl\n'}
[0.878331] (px4_msgs) StdoutLine: {'line': b'-- Up-to-date: /home/nicolas/ws_ros2/install/px4_msgs/share/px4_msgs/msg/TecsStatus.idl\n'}
[0.878363] (px4_msgs) StdoutLine: {'line': b'-- Up-to-date: /home/nicolas/ws_ros2/install/px4_msgs/share/px4_msgs/msg/TelemetryStatus.idl\n'}
[0.878393] (px4_msgs) StdoutLine: {'line': b'-- Up-to-date: /home/nicolas/ws_ros2/install/px4_msgs/share/px4_msgs/msg/TiltrotorExtraControls.idl\n'}
[0.878425] (px4_msgs) StdoutLine: {'line': b'-- Up-to-date: /home/nicolas/ws_ros2/install/px4_msgs/share/px4_msgs/msg/TimesyncStatus.idl\n'}
[0.878459] (px4_msgs) StdoutLine: {'line': b'-- Up-to-date: /home/nicolas/ws_ros2/install/px4_msgs/share/px4_msgs/msg/TrajectorySetpoint.idl\n'}
[0.878492] (px4_msgs) StdoutLine: {'line': b'-- Up-to-date: /home/nicolas/ws_ros2/install/px4_msgs/share/px4_msgs/msg/TrajectorySetpoint6dof.idl\n'}
[0.878526] (px4_msgs) StdoutLine: {'line': b'-- Up-to-date: /home/nicolas/ws_ros2/install/px4_msgs/share/px4_msgs/msg/TransponderReport.idl\n'}
[0.878558] (px4_msgs) StdoutLine: {'line': b'-- Up-to-date: /home/nicolas/ws_ros2/install/px4_msgs/share/px4_msgs/msg/TuneControl.idl\n'}
[0.878590] (px4_msgs) StdoutLine: {'line': b'-- Up-to-date: /home/nicolas/ws_ros2/install/px4_msgs/share/px4_msgs/msg/UavcanParameterRequest.idl\n'}
[0.878638] (px4_msgs) StdoutLine: {'line': b'-- Up-to-date: /home/nicolas/ws_ros2/install/px4_msgs/share/px4_msgs/msg/UavcanParameterValue.idl\n'}
[0.878668] (px4_msgs) StdoutLine: {'line': b'-- Up-to-date: /home/nicolas/ws_ros2/install/px4_msgs/share/px4_msgs/msg/UlogStream.idl\n'}
[0.878696] (px4_msgs) StdoutLine: {'line': b'-- Up-to-date: /home/nicolas/ws_ros2/install/px4_msgs/share/px4_msgs/msg/UlogStreamAck.idl\n'}
[0.878726] (px4_msgs) StdoutLine: {'line': b'-- Up-to-date: /home/nicolas/ws_ros2/install/px4_msgs/share/px4_msgs/msg/UnregisterExtComponent.idl\n'}
[0.878755] (px4_msgs) StdoutLine: {'line': b'-- Up-to-date: /home/nicolas/ws_ros2/install/px4_msgs/share/px4_msgs/msg/VehicleAcceleration.idl\n'}
[0.878789] (px4_msgs) StdoutLine: {'line': b'-- Up-to-date: /home/nicolas/ws_ros2/install/px4_msgs/share/px4_msgs/msg/VehicleAirData.idl\n'}
[0.878817] (px4_msgs) StdoutLine: {'line': b'-- Up-to-date: /home/nicolas/ws_ros2/install/px4_msgs/share/px4_msgs/msg/VehicleAngularAccelerationSetpoint.idl\n'}
[0.878845] (px4_msgs) StdoutLine: {'line': b'-- Up-to-date: /home/nicolas/ws_ros2/install/px4_msgs/share/px4_msgs/msg/VehicleAngularVelocity.idl\n'}
[0.878875] (px4_msgs) StdoutLine: {'line': b'-- Up-to-date: /home/nicolas/ws_ros2/install/px4_msgs/share/px4_msgs/msg/VehicleAttitude.idl\n'}
[0.878906] (px4_msgs) StdoutLine: {'line': b'-- Up-to-date: /home/nicolas/ws_ros2/install/px4_msgs/share/px4_msgs/msg/VehicleAttitudeSetpoint.idl\n'}
[0.878936] (px4_msgs) StdoutLine: {'line': b'-- Up-to-date: /home/nicolas/ws_ros2/install/px4_msgs/share/px4_msgs/msg/VehicleCommand.idl\n'}
[0.878966] (px4_msgs) StdoutLine: {'line': b'-- Up-to-date: /home/nicolas/ws_ros2/install/px4_msgs/share/px4_msgs/msg/VehicleCommandAck.idl\n'}
[0.879007] (px4_msgs) StdoutLine: {'line': b'-- Up-to-date: /home/nicolas/ws_ros2/install/px4_msgs/share/px4_msgs/msg/VehicleConstraints.idl\n'}
[0.879035] (px4_msgs) StdoutLine: {'line': b'-- Up-to-date: /home/nicolas/ws_ros2/install/px4_msgs/share/px4_msgs/msg/VehicleControlMode.idl\n'}
[0.879063] (px4_msgs) StdoutLine: {'line': b'-- Up-to-date: /home/nicolas/ws_ros2/install/px4_msgs/share/px4_msgs/msg/VehicleGlobalPosition.idl\n'}
[0.879092] (px4_msgs) StdoutLine: {'line': b'-- Up-to-date: /home/nicolas/ws_ros2/install/px4_msgs/share/px4_msgs/msg/VehicleImu.idl\n'}
[0.879121] (px4_msgs) StdoutLine: {'line': b'-- Up-to-date: /home/nicolas/ws_ros2/install/px4_msgs/share/px4_msgs/msg/VehicleImuStatus.idl\n'}
[0.879149] (px4_msgs) StdoutLine: {'line': b'-- Up-to-date: /home/nicolas/ws_ros2/install/px4_msgs/share/px4_msgs/msg/VehicleLandDetected.idl\n'}
[0.879177] (px4_msgs) StdoutLine: {'line': b'-- Up-to-date: /home/nicolas/ws_ros2/install/px4_msgs/share/px4_msgs/msg/VehicleLocalPosition.idl\n'}
[0.879206] (px4_msgs) StdoutLine: {'line': b'-- Up-to-date: /home/nicolas/ws_ros2/install/px4_msgs/share/px4_msgs/msg/VehicleLocalPositionSetpoint.idl\n'}
[0.879237] (px4_msgs) StdoutLine: {'line': b'-- Up-to-date: /home/nicolas/ws_ros2/install/px4_msgs/share/px4_msgs/msg/VehicleMagnetometer.idl\n'}
[0.879268] (px4_msgs) StdoutLine: {'line': b'-- Up-to-date: /home/nicolas/ws_ros2/install/px4_msgs/share/px4_msgs/msg/VehicleOdometry.idl\n'}
[0.879298] (px4_msgs) StdoutLine: {'line': b'-- Up-to-date: /home/nicolas/ws_ros2/install/px4_msgs/share/px4_msgs/msg/VehicleOpticalFlow.idl\n'}
[0.879329] (px4_msgs) StdoutLine: {'line': b'-- Up-to-date: /home/nicolas/ws_ros2/install/px4_msgs/share/px4_msgs/msg/VehicleOpticalFlowVel.idl\n'}
[0.879360] (px4_msgs) StdoutLine: {'line': b'-- Up-to-date: /home/nicolas/ws_ros2/install/px4_msgs/share/px4_msgs/msg/VehicleRatesSetpoint.idl\n'}
[0.879391] (px4_msgs) StdoutLine: {'line': b'-- Up-to-date: /home/nicolas/ws_ros2/install/px4_msgs/share/px4_msgs/msg/VehicleRoi.idl\n'}
[0.879423] (px4_msgs) StdoutLine: {'line': b'-- Up-to-date: /home/nicolas/ws_ros2/install/px4_msgs/share/px4_msgs/msg/VehicleStatus.idl\n'}
[0.879457] (px4_msgs) StdoutLine: {'line': b'-- Up-to-date: /home/nicolas/ws_ros2/install/px4_msgs/share/px4_msgs/msg/VehicleThrustSetpoint.idl\n'}
[0.879490] (px4_msgs) StdoutLine: {'line': b'-- Up-to-date: /home/nicolas/ws_ros2/install/px4_msgs/share/px4_msgs/msg/VehicleTorqueSetpoint.idl\n'}
[0.879520] (px4_msgs) StdoutLine: {'line': b'-- Up-to-date: /home/nicolas/ws_ros2/install/px4_msgs/share/px4_msgs/msg/VelocityLimits.idl\n'}
[0.879551] (px4_msgs) StdoutLine: {'line': b'-- Up-to-date: /home/nicolas/ws_ros2/install/px4_msgs/share/px4_msgs/msg/VtolVehicleStatus.idl\n'}
[0.879581] (px4_msgs) StdoutLine: {'line': b'-- Up-to-date: /home/nicolas/ws_ros2/install/px4_msgs/share/px4_msgs/msg/WheelEncoders.idl\n'}
[0.879611] (px4_msgs) StdoutLine: {'line': b'-- Up-to-date: /home/nicolas/ws_ros2/install/px4_msgs/share/px4_msgs/msg/Wind.idl\n'}
[0.879642] (px4_msgs) StdoutLine: {'line': b'-- Up-to-date: /home/nicolas/ws_ros2/install/px4_msgs/share/px4_msgs/msg/YawEstimatorStatus.idl\n'}
[0.879672] (px4_msgs) StdoutLine: {'line': b'-- Up-to-date: /home/nicolas/ws_ros2/install/px4_msgs/share/px4_msgs/srv/VehicleCommand.idl\n'}
[0.879703] (px4_msgs) StdoutLine: {'line': b'-- Up-to-date: /home/nicolas/ws_ros2/install/px4_msgs/share/px4_msgs/msg/ActionRequest.msg\n'}
[0.879734] (px4_msgs) StdoutLine: {'line': b'-- Up-to-date: /home/nicolas/ws_ros2/install/px4_msgs/share/px4_msgs/msg/ActuatorArmed.msg\n'}
[0.879765] (px4_msgs) StdoutLine: {'line': b'-- Up-to-date: /home/nicolas/ws_ros2/install/px4_msgs/share/px4_msgs/msg/ActuatorControlsStatus.msg\n'}
[0.879795] (px4_msgs) StdoutLine: {'line': b'-- Up-to-date: /home/nicolas/ws_ros2/install/px4_msgs/share/px4_msgs/msg/ActuatorMotors.msg\n'}
[0.879845] (px4_msgs) StdoutLine: {'line': b'-- Up-to-date: /home/nicolas/ws_ros2/install/px4_msgs/share/px4_msgs/msg/ActuatorOutputs.msg\n'}
[0.879874] (px4_msgs) StdoutLine: {'line': b'-- Up-to-date: /home/nicolas/ws_ros2/install/px4_msgs/share/px4_msgs/msg/ActuatorServos.msg\n'}
[0.879905] (px4_msgs) StdoutLine: {'line': b'-- Up-to-date: /home/nicolas/ws_ros2/install/px4_msgs/share/px4_msgs/msg/ActuatorServosTrim.msg\n'}
[0.879933] (px4_msgs) StdoutLine: {'line': b'-- Up-to-date: /home/nicolas/ws_ros2/install/px4_msgs/share/px4_msgs/msg/ActuatorTest.msg\n'}
[0.879961] (px4_msgs) StdoutLine: {'line': b'-- Up-to-date: /home/nicolas/ws_ros2/install/px4_msgs/share/px4_msgs/msg/AdcReport.msg\n'}
[0.879989] (px4_msgs) StdoutLine: {'line': b'-- Up-to-date: /home/nicolas/ws_ros2/install/px4_msgs/share/px4_msgs/msg/Airspeed.msg\n'}
[0.880017] (px4_msgs) StdoutLine: {'line': b'-- Up-to-date: /home/nicolas/ws_ros2/install/px4_msgs/share/px4_msgs/msg/AirspeedValidated.msg\n'}
[0.880045] (px4_msgs) StdoutLine: {'line': b'-- Up-to-date: /home/nicolas/ws_ros2/install/px4_msgs/share/px4_msgs/msg/AirspeedWind.msg\n'}
[0.880073] (px4_msgs) StdoutLine: {'line': b'-- Up-to-date: /home/nicolas/ws_ros2/install/px4_msgs/share/px4_msgs/msg/ArmingCheckReply.msg\n'}
[0.880102] (px4_msgs) StdoutLine: {'line': b'-- Up-to-date: /home/nicolas/ws_ros2/install/px4_msgs/share/px4_msgs/msg/ArmingCheckRequest.msg\n'}
[0.880138] (px4_msgs) StdoutLine: {'line': b'-- Up-to-date: /home/nicolas/ws_ros2/install/px4_msgs/share/px4_msgs/msg/AutotuneAttitudeControlStatus.msg\n'}
[0.880167] (px4_msgs) StdoutLine: {'line': b'-- Up-to-date: /home/nicolas/ws_ros2/install/px4_msgs/share/px4_msgs/msg/BatteryInfo.msg\n'}
[0.880212] (px4_msgs) StdoutLine: {'line': b'-- Up-to-date: /home/nicolas/ws_ros2/install/px4_msgs/share/px4_msgs/msg/BatteryStatus.msg\n'}
[0.880240] (px4_msgs) StdoutLine: {'line': b'-- Up-to-date: /home/nicolas/ws_ros2/install/px4_msgs/share/px4_msgs/msg/ButtonEvent.msg\n'}
[0.880269] (px4_msgs) StdoutLine: {'line': b'-- Up-to-date: /home/nicolas/ws_ros2/install/px4_msgs/share/px4_msgs/msg/CameraCapture.msg\n'}
[0.880297] (px4_msgs) StdoutLine: {'line': b'-- Up-to-date: /home/nicolas/ws_ros2/install/px4_msgs/share/px4_msgs/msg/CameraStatus.msg\n'}
[0.880327] (px4_msgs) StdoutLine: {'line': b'-- Up-to-date: /home/nicolas/ws_ros2/install/px4_msgs/share/px4_msgs/msg/CameraTrigger.msg\n'}
[0.880355] (px4_msgs) StdoutLine: {'line': b'-- Up-to-date: /home/nicolas/ws_ros2/install/px4_msgs/share/px4_msgs/msg/CanInterfaceStatus.msg\n'}
[0.880385] (px4_msgs) StdoutLine: {'line': b'-- Up-to-date: /home/nicolas/ws_ros2/install/px4_msgs/share/px4_msgs/msg/CellularStatus.msg\n'}
[0.880415] (px4_msgs) StdoutLine: {'line': b'-- Up-to-date: /home/nicolas/ws_ros2/install/px4_msgs/share/px4_msgs/msg/CollisionConstraints.msg\n'}
[0.880446] (px4_msgs) StdoutLine: {'line': b'-- Up-to-date: /home/nicolas/ws_ros2/install/px4_msgs/share/px4_msgs/msg/ConfigOverrides.msg\n'}
[0.880481] (px4_msgs) StdoutLine: {'line': b'-- Up-to-date: /home/nicolas/ws_ros2/install/px4_msgs/share/px4_msgs/msg/ControlAllocatorStatus.msg\n'}
[0.880512] (px4_msgs) StdoutLine: {'line': b'-- Up-to-date: /home/nicolas/ws_ros2/install/px4_msgs/share/px4_msgs/msg/Cpuload.msg\n'}
[0.880544] (px4_msgs) StdoutLine: {'line': b'-- Up-to-date: /home/nicolas/ws_ros2/install/px4_msgs/share/px4_msgs/msg/DatamanRequest.msg\n'}
[0.880575] (px4_msgs) StdoutLine: {'line': b'-- Up-to-date: /home/nicolas/ws_ros2/install/px4_msgs/share/px4_msgs/msg/DatamanResponse.msg\n'}
[0.880606] (px4_msgs) StdoutLine: {'line': b'-- Up-to-date: /home/nicolas/ws_ros2/install/px4_msgs/share/px4_msgs/msg/DebugArray.msg\n'}
[0.880637] (px4_msgs) StdoutLine: {'line': b'-- Up-to-date: /home/nicolas/ws_ros2/install/px4_msgs/share/px4_msgs/msg/DebugKeyValue.msg\n'}
[0.880668] (px4_msgs) StdoutLine: {'line': b'-- Up-to-date: /home/nicolas/ws_ros2/install/px4_msgs/share/px4_msgs/msg/DebugValue.msg\n'}
[0.880699] (px4_msgs) StdoutLine: {'line': b'-- Up-to-date: /home/nicolas/ws_ros2/install/px4_msgs/share/px4_msgs/msg/DebugVect.msg\n'}
[0.880729] (px4_msgs) StdoutLine: {'line': b'-- Up-to-date: /home/nicolas/ws_ros2/install/px4_msgs/share/px4_msgs/msg/DifferentialPressure.msg\n'}
[0.880760] (px4_msgs) StdoutLine: {'line': b'-- Up-to-date: /home/nicolas/ws_ros2/install/px4_msgs/share/px4_msgs/msg/DistanceSensor.msg\n'}
[0.880805] (px4_msgs) StdoutLine: {'line': b'-- Up-to-date: /home/nicolas/ws_ros2/install/px4_msgs/share/px4_msgs/msg/DistanceSensorModeChangeRequest.msg\n'}
[0.880837] (px4_msgs) StdoutLine: {'line': b'-- Up-to-date: /home/nicolas/ws_ros2/install/px4_msgs/share/px4_msgs/msg/DronecanNodeStatus.msg\n'}
[0.880868] (px4_msgs) StdoutLine: {'line': b'-- Up-to-date: /home/nicolas/ws_ros2/install/px4_msgs/share/px4_msgs/msg/Ekf2Timestamps.msg\n'}
[0.880899] (px4_msgs) StdoutLine: {'line': b'-- Up-to-date: /home/nicolas/ws_ros2/install/px4_msgs/share/px4_msgs/msg/EscReport.msg\n'}
[0.880931] (px4_msgs) StdoutLine: {'line': b'-- Up-to-date: /home/nicolas/ws_ros2/install/px4_msgs/share/px4_msgs/msg/EscStatus.msg\n'}
[0.880962] (px4_msgs) StdoutLine: {'line': b'-- Up-to-date: /home/nicolas/ws_ros2/install/px4_msgs/share/px4_msgs/msg/EstimatorAidSource1d.msg\n'}
[0.880993] (px4_msgs) StdoutLine: {'line': b'-- Up-to-date: /home/nicolas/ws_ros2/install/px4_msgs/share/px4_msgs/msg/EstimatorAidSource2d.msg\n'}
[0.881024] (px4_msgs) StdoutLine: {'line': b'-- Up-to-date: /home/nicolas/ws_ros2/install/px4_msgs/share/px4_msgs/msg/EstimatorAidSource3d.msg\n'}
[0.881055] (px4_msgs) StdoutLine: {'line': b'-- Up-to-date: /home/nicolas/ws_ros2/install/px4_msgs/share/px4_msgs/msg/EstimatorBias.msg\n'}
[0.881085] (px4_msgs) StdoutLine: {'line': b'-- Up-to-date: /home/nicolas/ws_ros2/install/px4_msgs/share/px4_msgs/msg/EstimatorBias3d.msg\n'}
[0.881126] (px4_msgs) StdoutLine: {'line': b'-- Up-to-date: /home/nicolas/ws_ros2/install/px4_msgs/share/px4_msgs/msg/EstimatorEventFlags.msg\n'}
[0.881157] (px4_msgs) StdoutLine: {'line': b'-- Up-to-date: /home/nicolas/ws_ros2/install/px4_msgs/share/px4_msgs/msg/EstimatorGpsStatus.msg\n'}
[0.881209] (px4_msgs) StdoutLine: {'line': b'-- Up-to-date: /home/nicolas/ws_ros2/install/px4_msgs/share/px4_msgs/msg/EstimatorInnovations.msg\n'}
[0.881347] (px4_msgs) StdoutLine: {'line': b'-- Up-to-date: /home/nicolas/ws_ros2/install/px4_msgs/share/px4_msgs/msg/EstimatorSelectorStatus.msg\n'}
[0.881556] (px4_msgs) StdoutLine: {'line': b'-- Up-to-date: /home/nicolas/ws_ros2/install/px4_msgs/share/px4_msgs/msg/EstimatorSensorBias.msg\n'}
[0.881782] (px4_msgs) StdoutLine: {'line': b'-- Up-to-date: /home/nicolas/ws_ros2/install/px4_msgs/share/px4_msgs/msg/EstimatorStates.msg\n'}
[0.882240] (px4_msgs) StdoutLine: {'line': b'-- Up-to-date: /home/nicolas/ws_ros2/install/px4_msgs/share/px4_msgs/msg/EstimatorStatus.msg\n'}
[0.882337] (px4_msgs) StdoutLine: {'line': b'-- Up-to-date: /home/nicolas/ws_ros2/install/px4_msgs/share/px4_msgs/msg/EstimatorStatusFlags.msg\n'}
[0.882573] (px4_msgs) StdoutLine: {'line': b'-- Up-to-date: /home/nicolas/ws_ros2/install/px4_msgs/share/px4_msgs/msg/Event.msg\n'}
[0.882733] (px4_msgs) StdoutLine: {'line': b'-- Up-to-date: /home/nicolas/ws_ros2/install/px4_msgs/share/px4_msgs/msg/FailsafeFlags.msg\n'}
[0.883144] (px4_msgs) StdoutLine: {'line': b'-- Up-to-date: /home/nicolas/ws_ros2/install/px4_msgs/share/px4_msgs/msg/FailureDetectorStatus.msg\n'}
[0.883383] (px4_msgs) StdoutLine: {'line': b'-- Up-to-date: /home/nicolas/ws_ros2/install/px4_msgs/share/px4_msgs/msg/FigureEightStatus.msg\n'}
[0.883511] (px4_msgs) StdoutLine: {'line': b'-- Up-to-date: /home/nicolas/ws_ros2/install/px4_msgs/share/px4_msgs/msg/FixedWingLateralGuidanceStatus.msg\n'}
[0.883851] (px4_msgs) StdoutLine: {'line': b'-- Up-to-date: /home/nicolas/ws_ros2/install/px4_msgs/share/px4_msgs/msg/FixedWingLateralSetpoint.msg\n'}
[0.884137] (px4_msgs) StdoutLine: {'line': b'-- Up-to-date: /home/nicolas/ws_ros2/install/px4_msgs/share/px4_msgs/msg/FixedWingLateralStatus.msg\n'}
[0.884338] (px4_msgs) StdoutLine: {'line': b'-- Up-to-date: /home/nicolas/ws_ros2/install/px4_msgs/share/px4_msgs/msg/FixedWingLongitudinalSetpoint.msg\n'}
[0.884555] (px4_msgs) StdoutLine: {'line': b'-- Up-to-date: /home/nicolas/ws_ros2/install/px4_msgs/share/px4_msgs/msg/FixedWingRunwayControl.msg\n'}
[0.884857] (px4_msgs) StdoutLine: {'line': b'-- Up-to-date: /home/nicolas/ws_ros2/install/px4_msgs/share/px4_msgs/msg/FlightPhaseEstimation.msg\n'}
[0.885178] (px4_msgs) StdoutLine: {'line': b'-- Up-to-date: /home/nicolas/ws_ros2/install/px4_msgs/share/px4_msgs/msg/FollowTarget.msg\n'}
[0.885395] (px4_msgs) StdoutLine: {'line': b'-- Up-to-date: /home/nicolas/ws_ros2/install/px4_msgs/share/px4_msgs/msg/FollowTargetEstimator.msg\n'}
[0.885710] (px4_msgs) StdoutLine: {'line': b'-- Up-to-date: /home/nicolas/ws_ros2/install/px4_msgs/share/px4_msgs/msg/FollowTargetStatus.msg\n'}
[0.885983] (px4_msgs) StdoutLine: {'line': b'-- Up-to-date: /home/nicolas/ws_ros2/install/px4_msgs/share/px4_msgs/msg/FuelTankStatus.msg\n'}
[0.886367] (px4_msgs) StdoutLine: {'line': b'-- Up-to-date: /home/nicolas/ws_ros2/install/px4_msgs/share/px4_msgs/msg/GeneratorStatus.msg\n'}
[0.886550] (px4_msgs) StdoutLine: {'line': b'-- Up-to-date: /home/nicolas/ws_ros2/install/px4_msgs/share/px4_msgs/msg/GeofenceResult.msg\n'}
[0.886760] (px4_msgs) StdoutLine: {'line': b'-- Up-to-date: /home/nicolas/ws_ros2/install/px4_msgs/share/px4_msgs/msg/GeofenceStatus.msg\n'}
[0.886999] (px4_msgs) StdoutLine: {'line': b'-- Up-to-date: /home/nicolas/ws_ros2/install/px4_msgs/share/px4_msgs/msg/GimbalControls.msg\n'}
[0.887369] (px4_msgs) StdoutLine: {'line': b'-- Up-to-date: /home/nicolas/ws_ros2/install/px4_msgs/share/px4_msgs/msg/GimbalDeviceAttitudeStatus.msg\n'}
[0.887551] (px4_msgs) StdoutLine: {'line': b'-- Up-to-date: /home/nicolas/ws_ros2/install/px4_msgs/share/px4_msgs/msg/GimbalDeviceInformation.msg\n'}
[0.887754] (px4_msgs) StdoutLine: {'line': b'-- Up-to-date: /home/nicolas/ws_ros2/install/px4_msgs/share/px4_msgs/msg/GimbalDeviceSetAttitude.msg\n'}
[0.887983] (px4_msgs) StdoutLine: {'line': b'-- Up-to-date: /home/nicolas/ws_ros2/install/px4_msgs/share/px4_msgs/msg/GimbalManagerInformation.msg\n'}
[0.888374] (px4_msgs) StdoutLine: {'line': b'-- Up-to-date: /home/nicolas/ws_ros2/install/px4_msgs/share/px4_msgs/msg/GimbalManagerSetAttitude.msg\n'}
[0.888520] (px4_msgs) StdoutLine: {'line': b'-- Up-to-date: /home/nicolas/ws_ros2/install/px4_msgs/share/px4_msgs/msg/GimbalManagerSetManualControl.msg\n'}
[0.888723] (px4_msgs) StdoutLine: {'line': b'-- Up-to-date: /home/nicolas/ws_ros2/install/px4_msgs/share/px4_msgs/msg/GimbalManagerStatus.msg\n'}
[0.888960] (px4_msgs) StdoutLine: {'line': b'-- Up-to-date: /home/nicolas/ws_ros2/install/px4_msgs/share/px4_msgs/msg/GotoSetpoint.msg\n'}
[0.889311] (px4_msgs) StdoutLine: {'line': b'-- Up-to-date: /home/nicolas/ws_ros2/install/px4_msgs/share/px4_msgs/msg/GpioConfig.msg\n'}
[0.889652] (px4_msgs) StdoutLine: {'line': b'-- Up-to-date: /home/nicolas/ws_ros2/install/px4_msgs/share/px4_msgs/msg/GpioIn.msg\n'}
[0.889737] (px4_msgs) StdoutLine: {'line': b'-- Up-to-date: /home/nicolas/ws_ros2/install/px4_msgs/share/px4_msgs/msg/GpioOut.msg\n'}
[0.890138] (px4_msgs) StdoutLine: {'line': b'-- Up-to-date: /home/nicolas/ws_ros2/install/px4_msgs/share/px4_msgs/msg/GpioRequest.msg\n'}
[0.890426] (px4_msgs) StdoutLine: {'line': b'-- Up-to-date: /home/nicolas/ws_ros2/install/px4_msgs/share/px4_msgs/msg/GpsDump.msg\n'}
[0.890632] (px4_msgs) StdoutLine: {'line': b'-- Up-to-date: /home/nicolas/ws_ros2/install/px4_msgs/share/px4_msgs/msg/GpsInjectData.msg\n'}
[0.890833] (px4_msgs) StdoutLine: {'line': b'-- Up-to-date: /home/nicolas/ws_ros2/install/px4_msgs/share/px4_msgs/msg/Gripper.msg\n'}
[0.891063] (px4_msgs) StdoutLine: {'line': b'-- Up-to-date: /home/nicolas/ws_ros2/install/px4_msgs/share/px4_msgs/msg/HealthReport.msg\n'}
[0.891397] (px4_msgs) StdoutLine: {'line': b'-- Up-to-date: /home/nicolas/ws_ros2/install/px4_msgs/share/px4_msgs/msg/HeaterStatus.msg\n'}
[0.891597] (px4_msgs) StdoutLine: {'line': b'-- Up-to-date: /home/nicolas/ws_ros2/install/px4_msgs/share/px4_msgs/msg/HomePosition.msg\n'}
[0.891796] (px4_msgs) StdoutLine: {'line': b'-- Up-to-date: /home/nicolas/ws_ros2/install/px4_msgs/share/px4_msgs/msg/HoverThrustEstimate.msg\n'}
[0.892027] (px4_msgs) StdoutLine: {'line': b'-- Up-to-date: /home/nicolas/ws_ros2/install/px4_msgs/share/px4_msgs/msg/InputRc.msg\n'}
[0.892384] (px4_msgs) StdoutLine: {'line': b'-- Up-to-date: /home/nicolas/ws_ros2/install/px4_msgs/share/px4_msgs/msg/InternalCombustionEngineControl.msg\n'}
[0.892560] (px4_msgs) StdoutLine: {'line': b'-- Up-to-date: /home/nicolas/ws_ros2/install/px4_msgs/share/px4_msgs/msg/InternalCombustionEngineStatus.msg\n'}
[0.892758] (px4_msgs) StdoutLine: {'line': b'-- Up-to-date: /home/nicolas/ws_ros2/install/px4_msgs/share/px4_msgs/msg/IridiumsbdStatus.msg\n'}
[0.892992] (px4_msgs) StdoutLine: {'line': b'-- Up-to-date: /home/nicolas/ws_ros2/install/px4_msgs/share/px4_msgs/msg/IrlockReport.msg\n'}
[0.893349] (px4_msgs) StdoutLine: {'line': b'-- Up-to-date: /home/nicolas/ws_ros2/install/px4_msgs/share/px4_msgs/msg/LandingGear.msg\n'}
[0.893523] (px4_msgs) StdoutLine: {'line': b'-- Up-to-date: /home/nicolas/ws_ros2/install/px4_msgs/share/px4_msgs/msg/LandingGearWheel.msg\n'}
[0.893722] (px4_msgs) StdoutLine: {'line': b'-- Up-to-date: /home/nicolas/ws_ros2/install/px4_msgs/share/px4_msgs/msg/LandingTargetInnovations.msg\n'}
[0.893953] (px4_msgs) StdoutLine: {'line': b'-- Up-to-date: /home/nicolas/ws_ros2/install/px4_msgs/share/px4_msgs/msg/LandingTargetPose.msg\n'}
[0.894304] (px4_msgs) StdoutLine: {'line': b'-- Up-to-date: /home/nicolas/ws_ros2/install/px4_msgs/share/px4_msgs/msg/LateralControlConfiguration.msg\n'}
[0.894490] (px4_msgs) StdoutLine: {'line': b'-- Up-to-date: /home/nicolas/ws_ros2/install/px4_msgs/share/px4_msgs/msg/LaunchDetectionStatus.msg\n'}
[0.894690] (px4_msgs) StdoutLine: {'line': b'-- Up-to-date: /home/nicolas/ws_ros2/install/px4_msgs/share/px4_msgs/msg/LedControl.msg\n'}
[0.894918] (px4_msgs) StdoutLine: {'line': b'-- Up-to-date: /home/nicolas/ws_ros2/install/px4_msgs/share/px4_msgs/msg/LogMessage.msg\n'}
[0.895273] (px4_msgs) StdoutLine: {'line': b'-- Up-to-date: /home/nicolas/ws_ros2/install/px4_msgs/share/px4_msgs/msg/LoggerStatus.msg\n'}
[0.895451] (px4_msgs) StdoutLine: {'line': b'-- Up-to-date: /home/nicolas/ws_ros2/install/px4_msgs/share/px4_msgs/msg/LongitudinalControlConfiguration.msg\n'}
[0.895651] (px4_msgs) StdoutLine: {'line': b'-- Up-to-date: /home/nicolas/ws_ros2/install/px4_msgs/share/px4_msgs/msg/MagWorkerData.msg\n'}
[0.895882] (px4_msgs) StdoutLine: {'line': b'-- Up-to-date: /home/nicolas/ws_ros2/install/px4_msgs/share/px4_msgs/msg/MagnetometerBiasEstimate.msg\n'}
[0.896225] (px4_msgs) StdoutLine: {'line': b'-- Up-to-date: /home/nicolas/ws_ros2/install/px4_msgs/share/px4_msgs/msg/ManualControlSetpoint.msg\n'}
[0.896551] (px4_msgs) StdoutLine: {'line': b'-- Up-to-date: /home/nicolas/ws_ros2/install/px4_msgs/share/px4_msgs/msg/ManualControlSwitches.msg\n'}
[0.896630] (px4_msgs) StdoutLine: {'line': b'-- Up-to-date: /home/nicolas/ws_ros2/install/px4_msgs/share/px4_msgs/msg/MavlinkLog.msg\n'}
[0.897016] (px4_msgs) StdoutLine: {'line': b'-- Up-to-date: /home/nicolas/ws_ros2/install/px4_msgs/share/px4_msgs/msg/MavlinkTunnel.msg\n'}
[0.897309] (px4_msgs) StdoutLine: {'line': b'-- Up-to-date: /home/nicolas/ws_ros2/install/px4_msgs/share/px4_msgs/msg/MessageFormatRequest.msg\n'}
[0.897521] (px4_msgs) StdoutLine: {'line': b'-- Up-to-date: /home/nicolas/ws_ros2/install/px4_msgs/share/px4_msgs/msg/MessageFormatResponse.msg\n'}
[0.897736] (px4_msgs) StdoutLine: {'line': b'-- Up-to-date: /home/nicolas/ws_ros2/install/px4_msgs/share/px4_msgs/msg/Mission.msg\n'}
[0.897970] (px4_msgs) StdoutLine: {'line': b'-- Up-to-date: /home/nicolas/ws_ros2/install/px4_msgs/share/px4_msgs/msg/MissionResult.msg\n'}
[0.898323] (px4_msgs) StdoutLine: {'line': b'-- Up-to-date: /home/nicolas/ws_ros2/install/px4_msgs/share/px4_msgs/msg/ModeCompleted.msg\n'}
[0.898508] (px4_msgs) StdoutLine: {'line': b'-- Up-to-date: /home/nicolas/ws_ros2/install/px4_msgs/share/px4_msgs/msg/MountOrientation.msg\n'}
[0.898707] (px4_msgs) StdoutLine: {'line': b'-- Up-to-date: /home/nicolas/ws_ros2/install/px4_msgs/share/px4_msgs/msg/NavigatorMissionItem.msg\n'}
[0.898938] (px4_msgs) StdoutLine: {'line': b'-- Up-to-date: /home/nicolas/ws_ros2/install/px4_msgs/share/px4_msgs/msg/NavigatorStatus.msg\n'}
[0.899291] (px4_msgs) StdoutLine: {'line': b'-- Up-to-date: /home/nicolas/ws_ros2/install/px4_msgs/share/px4_msgs/msg/NeuralControl.msg\n'}
[0.899468] (px4_msgs) StdoutLine: {'line': b'-- Up-to-date: /home/nicolas/ws_ros2/install/px4_msgs/share/px4_msgs/msg/NormalizedUnsignedSetpoint.msg\n'}
[0.899668] (px4_msgs) StdoutLine: {'line': b'-- Up-to-date: /home/nicolas/ws_ros2/install/px4_msgs/share/px4_msgs/msg/ObstacleDistance.msg\n'}
[0.899904] (px4_msgs) StdoutLine: {'line': b'-- Up-to-date: /home/nicolas/ws_ros2/install/px4_msgs/share/px4_msgs/msg/OffboardControlMode.msg\n'}
[0.900255] (px4_msgs) StdoutLine: {'line': b'-- Up-to-date: /home/nicolas/ws_ros2/install/px4_msgs/share/px4_msgs/msg/OnboardComputerStatus.msg\n'}
[0.900287] (-) TimerEvent: {}
[0.900450] (px4_msgs) StdoutLine: {'line': b'-- Up-to-date: /home/nicolas/ws_ros2/install/px4_msgs/share/px4_msgs/msg/OpenDroneIdArmStatus.msg\n'}
[0.900683] (px4_msgs) StdoutLine: {'line': b'-- Up-to-date: /home/nicolas/ws_ros2/install/px4_msgs/share/px4_msgs/msg/OpenDroneIdOperatorId.msg\n'}
[0.900988] (px4_msgs) StdoutLine: {'line': b'-- Up-to-date: /home/nicolas/ws_ros2/install/px4_msgs/share/px4_msgs/msg/OpenDroneIdSelfId.msg\n'}
[0.901329] (px4_msgs) StdoutLine: {'line': b'-- Up-to-date: /home/nicolas/ws_ros2/install/px4_msgs/share/px4_msgs/msg/OpenDroneIdSystem.msg\n'}
[0.901537] (px4_msgs) StdoutLine: {'line': b'-- Up-to-date: /home/nicolas/ws_ros2/install/px4_msgs/share/px4_msgs/msg/OrbTest.msg\n'}
[0.901764] (px4_msgs) StdoutLine: {'line': b'-- Up-to-date: /home/nicolas/ws_ros2/install/px4_msgs/share/px4_msgs/msg/OrbTestLarge.msg\n'}
[0.901999] (px4_msgs) StdoutLine: {'line': b'-- Up-to-date: /home/nicolas/ws_ros2/install/px4_msgs/share/px4_msgs/msg/OrbTestMedium.msg\n'}
[0.902503] (px4_msgs) StdoutLine: {'line': b'-- Up-to-date: /home/nicolas/ws_ros2/install/px4_msgs/share/px4_msgs/msg/OrbitStatus.msg\n'}
[0.902609] (px4_msgs) StdoutLine: {'line': b'-- Up-to-date: /home/nicolas/ws_ros2/install/px4_msgs/share/px4_msgs/msg/ParameterResetRequest.msg\n'}
[0.902669] (px4_msgs) StdoutLine: {'line': b'-- Up-to-date: /home/nicolas/ws_ros2/install/px4_msgs/share/px4_msgs/msg/ParameterSetUsedRequest.msg\n'}
[0.903152] (px4_msgs) StdoutLine: {'line': b'-- Up-to-date: /home/nicolas/ws_ros2/install/px4_msgs/share/px4_msgs/msg/ParameterSetValueRequest.msg\n'}
[0.903341] (px4_msgs) StdoutLine: {'line': b'-- Up-to-date: /home/nicolas/ws_ros2/install/px4_msgs/share/px4_msgs/msg/ParameterSetValueResponse.msg\n'}
[0.903585] (px4_msgs) StdoutLine: {'line': b'-- Up-to-date: /home/nicolas/ws_ros2/install/px4_msgs/share/px4_msgs/msg/ParameterUpdate.msg\n'}
[0.903763] (px4_msgs) StdoutLine: {'line': b'-- Up-to-date: /home/nicolas/ws_ros2/install/px4_msgs/share/px4_msgs/msg/Ping.msg\n'}
[0.903996] (px4_msgs) StdoutLine: {'line': b'-- Up-to-date: /home/nicolas/ws_ros2/install/px4_msgs/share/px4_msgs/msg/PositionControllerLandingStatus.msg\n'}
[0.904406] (px4_msgs) StdoutLine: {'line': b'-- Up-to-date: /home/nicolas/ws_ros2/install/px4_msgs/share/px4_msgs/msg/PositionControllerStatus.msg\n'}
[0.904548] (px4_msgs) StdoutLine: {'line': b'-- Up-to-date: /home/nicolas/ws_ros2/install/px4_msgs/share/px4_msgs/msg/PositionSetpoint.msg\n'}
[0.904760] (px4_msgs) StdoutLine: {'line': b'-- Up-to-date: /home/nicolas/ws_ros2/install/px4_msgs/share/px4_msgs/msg/PositionSetpointTriplet.msg\n'}
[0.904987] (px4_msgs) StdoutLine: {'line': b'-- Up-to-date: /home/nicolas/ws_ros2/install/px4_msgs/share/px4_msgs/msg/PowerButtonState.msg\n'}
[0.905322] (px4_msgs) StdoutLine: {'line': b'-- Up-to-date: /home/nicolas/ws_ros2/install/px4_msgs/share/px4_msgs/msg/PowerMonitor.msg\n'}
[0.905542] (px4_msgs) StdoutLine: {'line': b'-- Up-to-date: /home/nicolas/ws_ros2/install/px4_msgs/share/px4_msgs/msg/PpsCapture.msg\n'}
[0.905744] (px4_msgs) StdoutLine: {'line': b'-- Up-to-date: /home/nicolas/ws_ros2/install/px4_msgs/share/px4_msgs/msg/PurePursuitStatus.msg\n'}
[0.905985] (px4_msgs) StdoutLine: {'line': b'-- Up-to-date: /home/nicolas/ws_ros2/install/px4_msgs/share/px4_msgs/msg/PwmInput.msg\n'}
[0.906399] (px4_msgs) StdoutLine: {'line': b'-- Up-to-date: /home/nicolas/ws_ros2/install/px4_msgs/share/px4_msgs/msg/Px4ioStatus.msg\n'}
[0.906533] (px4_msgs) StdoutLine: {'line': b'-- Up-to-date: /home/nicolas/ws_ros2/install/px4_msgs/share/px4_msgs/msg/QshellReq.msg\n'}
[0.906741] (px4_msgs) StdoutLine: {'line': b'-- Up-to-date: /home/nicolas/ws_ros2/install/px4_msgs/share/px4_msgs/msg/QshellRetval.msg\n'}
[0.906981] (px4_msgs) StdoutLine: {'line': b'-- Up-to-date: /home/nicolas/ws_ros2/install/px4_msgs/share/px4_msgs/msg/RadioStatus.msg\n'}
[0.907403] (px4_msgs) StdoutLine: {'line': b'-- Up-to-date: /home/nicolas/ws_ros2/install/px4_msgs/share/px4_msgs/msg/RateCtrlStatus.msg\n'}
[0.907543] (px4_msgs) StdoutLine: {'line': b'-- Up-to-date: /home/nicolas/ws_ros2/install/px4_msgs/share/px4_msgs/msg/RcChannels.msg\n'}
[0.907756] (px4_msgs) StdoutLine: {'line': b'-- Up-to-date: /home/nicolas/ws_ros2/install/px4_msgs/share/px4_msgs/msg/RcParameterMap.msg\n'}
[0.907986] (px4_msgs) StdoutLine: {'line': b'-- Up-to-date: /home/nicolas/ws_ros2/install/px4_msgs/share/px4_msgs/msg/RegisterExtComponentReply.msg\n'}
[0.908331] (px4_msgs) StdoutLine: {'line': b'-- Up-to-date: /home/nicolas/ws_ros2/install/px4_msgs/share/px4_msgs/msg/RegisterExtComponentRequest.msg\n'}
[0.908545] (px4_msgs) StdoutLine: {'line': b'-- Up-to-date: /home/nicolas/ws_ros2/install/px4_msgs/share/px4_msgs/msg/RoverAttitudeSetpoint.msg\n'}
[0.908750] (px4_msgs) StdoutLine: {'line': b'-- Up-to-date: /home/nicolas/ws_ros2/install/px4_msgs/share/px4_msgs/msg/RoverAttitudeStatus.msg\n'}
[0.909003] (px4_msgs) StdoutLine: {'line': b'-- Up-to-date: /home/nicolas/ws_ros2/install/px4_msgs/share/px4_msgs/msg/RoverPositionSetpoint.msg\n'}
[0.909434] (px4_msgs) StdoutLine: {'line': b'-- Up-to-date: /home/nicolas/ws_ros2/install/px4_msgs/share/px4_msgs/msg/RoverRateSetpoint.msg\n'}
[0.909692] (px4_msgs) StdoutLine: {'line': b'-- Up-to-date: /home/nicolas/ws_ros2/install/px4_msgs/share/px4_msgs/msg/RoverRateStatus.msg\n'}
[0.909793] (px4_msgs) StdoutLine: {'line': b'-- Up-to-date: /home/nicolas/ws_ros2/install/px4_msgs/share/px4_msgs/msg/RoverSpeedSetpoint.msg\n'}
[0.910238] (px4_msgs) StdoutLine: {'line': b'-- Up-to-date: /home/nicolas/ws_ros2/install/px4_msgs/share/px4_msgs/msg/RoverSpeedStatus.msg\n'}
[0.910506] (px4_msgs) StdoutLine: {'line': b'-- Up-to-date: /home/nicolas/ws_ros2/install/px4_msgs/share/px4_msgs/msg/RoverSteeringSetpoint.msg\n'}
[0.910718] (px4_msgs) StdoutLine: {'line': b'-- Up-to-date: /home/nicolas/ws_ros2/install/px4_msgs/share/px4_msgs/msg/RoverThrottleSetpoint.msg\n'}
[0.910936] (px4_msgs) StdoutLine: {'line': b'-- Up-to-date: /home/nicolas/ws_ros2/install/px4_msgs/share/px4_msgs/msg/Rpm.msg\n'}
[0.911167] (px4_msgs) StdoutLine: {'line': b'-- Up-to-date: /home/nicolas/ws_ros2/install/px4_msgs/share/px4_msgs/msg/RtlStatus.msg\n'}
[0.911556] (px4_msgs) StdoutLine: {'line': b'-- Up-to-date: /home/nicolas/ws_ros2/install/px4_msgs/share/px4_msgs/msg/RtlTimeEstimate.msg\n'}
[0.911721] (px4_msgs) StdoutLine: {'line': b'-- Up-to-date: /home/nicolas/ws_ros2/install/px4_msgs/share/px4_msgs/msg/SatelliteInfo.msg\n'}
[0.911925] (px4_msgs) StdoutLine: {'line': b'-- Up-to-date: /home/nicolas/ws_ros2/install/px4_msgs/share/px4_msgs/msg/SensorAccel.msg\n'}
[0.912163] (px4_msgs) StdoutLine: {'line': b'-- Up-to-date: /home/nicolas/ws_ros2/install/px4_msgs/share/px4_msgs/msg/SensorAccelFifo.msg\n'}
[0.912507] (px4_msgs) StdoutLine: {'line': b'-- Up-to-date: /home/nicolas/ws_ros2/install/px4_msgs/share/px4_msgs/msg/SensorAirflow.msg\n'}
[0.912717] (px4_msgs) StdoutLine: {'line': b'-- Up-to-date: /home/nicolas/ws_ros2/install/px4_msgs/share/px4_msgs/msg/SensorBaro.msg\n'}
[0.912924] (px4_msgs) StdoutLine: {'line': b'-- Up-to-date: /home/nicolas/ws_ros2/install/px4_msgs/share/px4_msgs/msg/SensorCombined.msg\n'}
[0.913169] (px4_msgs) StdoutLine: {'line': b'-- Up-to-date: /home/nicolas/ws_ros2/install/px4_msgs/share/px4_msgs/msg/SensorCorrection.msg\n'}
[0.913564] (px4_msgs) StdoutLine: {'line': b'-- Up-to-date: /home/nicolas/ws_ros2/install/px4_msgs/share/px4_msgs/msg/SensorGnssRelative.msg\n'}
[0.913723] (px4_msgs) StdoutLine: {'line': b'-- Up-to-date: /home/nicolas/ws_ros2/install/px4_msgs/share/px4_msgs/msg/SensorGnssStatus.msg\n'}
[0.913944] (px4_msgs) StdoutLine: {'line': b'-- Up-to-date: /home/nicolas/ws_ros2/install/px4_msgs/share/px4_msgs/msg/SensorGps.msg\n'}
[0.914184] (px4_msgs) StdoutLine: {'line': b'-- Up-to-date: /home/nicolas/ws_ros2/install/px4_msgs/share/px4_msgs/msg/SensorGyro.msg\n'}
[0.914612] (px4_msgs) StdoutLine: {'line': b'-- Up-to-date: /home/nicolas/ws_ros2/install/px4_msgs/share/px4_msgs/msg/SensorGyroFft.msg\n'}
[0.914734] (px4_msgs) StdoutLine: {'line': b'-- Up-to-date: /home/nicolas/ws_ros2/install/px4_msgs/share/px4_msgs/msg/SensorGyroFifo.msg\n'}
[0.914942] (px4_msgs) StdoutLine: {'line': b'-- Up-to-date: /home/nicolas/ws_ros2/install/px4_msgs/share/px4_msgs/msg/SensorHygrometer.msg\n'}
[0.915193] (px4_msgs) StdoutLine: {'line': b'-- Up-to-date: /home/nicolas/ws_ros2/install/px4_msgs/share/px4_msgs/msg/SensorMag.msg\n'}
[0.915615] (px4_msgs) StdoutLine: {'line': b'-- Up-to-date: /home/nicolas/ws_ros2/install/px4_msgs/share/px4_msgs/msg/SensorOpticalFlow.msg\n'}
[0.915912] (px4_msgs) StdoutLine: {'line': b'-- Up-to-date: /home/nicolas/ws_ros2/install/px4_msgs/share/px4_msgs/msg/SensorPreflightMag.msg\n'}
[0.915962] (px4_msgs) StdoutLine: {'line': b'-- Up-to-date: /home/nicolas/ws_ros2/install/px4_msgs/share/px4_msgs/msg/SensorSelection.msg\n'}
[0.916381] (px4_msgs) StdoutLine: {'line': b'-- Up-to-date: /home/nicolas/ws_ros2/install/px4_msgs/share/px4_msgs/msg/SensorUwb.msg\n'}
[0.916668] (px4_msgs) StdoutLine: {'line': b'-- Up-to-date: /home/nicolas/ws_ros2/install/px4_msgs/share/px4_msgs/msg/SensorsStatus.msg\n'}
[0.916877] (px4_msgs) StdoutLine: {'line': b'-- Up-to-date: /home/nicolas/ws_ros2/install/px4_msgs/share/px4_msgs/msg/SensorsStatusImu.msg\n'}
[0.917084] (px4_msgs) StdoutLine: {'line': b'-- Up-to-date: /home/nicolas/ws_ros2/install/px4_msgs/share/px4_msgs/msg/SystemPower.msg\n'}
[0.917339] (px4_msgs) StdoutLine: {'line': b'-- Up-to-date: /home/nicolas/ws_ros2/install/px4_msgs/share/px4_msgs/msg/TakeoffStatus.msg\n'}
[0.917738] (px4_msgs) StdoutLine: {'line': b'-- Up-to-date: /home/nicolas/ws_ros2/install/px4_msgs/share/px4_msgs/msg/TaskStackInfo.msg\n'}
[0.917891] (px4_msgs) StdoutLine: {'line': b'-- Up-to-date: /home/nicolas/ws_ros2/install/px4_msgs/share/px4_msgs/msg/TecsStatus.msg\n'}
[0.918113] (px4_msgs) StdoutLine: {'line': b'-- Up-to-date: /home/nicolas/ws_ros2/install/px4_msgs/share/px4_msgs/msg/TelemetryStatus.msg\n'}
[0.918358] (px4_msgs) StdoutLine: {'line': b'-- Up-to-date: /home/nicolas/ws_ros2/install/px4_msgs/share/px4_msgs/msg/TiltrotorExtraControls.msg\n'}
[0.918756] (px4_msgs) StdoutLine: {'line': b'-- Up-to-date: /home/nicolas/ws_ros2/install/px4_msgs/share/px4_msgs/msg/TimesyncStatus.msg\n'}
[0.918909] (px4_msgs) StdoutLine: {'line': b'-- Up-to-date: /home/nicolas/ws_ros2/install/px4_msgs/share/px4_msgs/msg/TrajectorySetpoint.msg\n'}
[0.919115] (px4_msgs) StdoutLine: {'line': b'-- Up-to-date: /home/nicolas/ws_ros2/install/px4_msgs/share/px4_msgs/msg/TrajectorySetpoint6dof.msg\n'}
[0.919356] (px4_msgs) StdoutLine: {'line': b'-- Up-to-date: /home/nicolas/ws_ros2/install/px4_msgs/share/px4_msgs/msg/TransponderReport.msg\n'}
[0.919700] (px4_msgs) StdoutLine: {'line': b'-- Up-to-date: /home/nicolas/ws_ros2/install/px4_msgs/share/px4_msgs/msg/TuneControl.msg\n'}
[0.919922] (px4_msgs) StdoutLine: {'line': b'-- Up-to-date: /home/nicolas/ws_ros2/install/px4_msgs/share/px4_msgs/msg/UavcanParameterRequest.msg\n'}
[0.920119] (px4_msgs) StdoutLine: {'line': b'-- Up-to-date: /home/nicolas/ws_ros2/install/px4_msgs/share/px4_msgs/msg/UavcanParameterValue.msg\n'}
[0.920374] (px4_msgs) StdoutLine: {'line': b'-- Up-to-date: /home/nicolas/ws_ros2/install/px4_msgs/share/px4_msgs/msg/UlogStream.msg\n'}
[0.920773] (px4_msgs) StdoutLine: {'line': b'-- Up-to-date: /home/nicolas/ws_ros2/install/px4_msgs/share/px4_msgs/msg/UlogStreamAck.msg\n'}
[0.920927] (px4_msgs) StdoutLine: {'line': b'-- Up-to-date: /home/nicolas/ws_ros2/install/px4_msgs/share/px4_msgs/msg/UnregisterExtComponent.msg\n'}
[0.921133] (px4_msgs) StdoutLine: {'line': b'-- Up-to-date: /home/nicolas/ws_ros2/install/px4_msgs/share/px4_msgs/msg/VehicleAcceleration.msg\n'}
[0.921375] (px4_msgs) StdoutLine: {'line': b'-- Up-to-date: /home/nicolas/ws_ros2/install/px4_msgs/share/px4_msgs/msg/VehicleAirData.msg\n'}
[0.921775] (px4_msgs) StdoutLine: {'line': b'-- Up-to-date: /home/nicolas/ws_ros2/install/px4_msgs/share/px4_msgs/msg/VehicleAngularAccelerationSetpoint.msg\n'}
[0.921933] (px4_msgs) StdoutLine: {'line': b'-- Up-to-date: /home/nicolas/ws_ros2/install/px4_msgs/share/px4_msgs/msg/VehicleAngularVelocity.msg\n'}
[0.922148] (px4_msgs) StdoutLine: {'line': b'-- Up-to-date: /home/nicolas/ws_ros2/install/px4_msgs/share/px4_msgs/msg/VehicleAttitude.msg\n'}
[0.922403] (px4_msgs) StdoutLine: {'line': b'-- Up-to-date: /home/nicolas/ws_ros2/install/px4_msgs/share/px4_msgs/msg/VehicleAttitudeSetpoint.msg\n'}
[0.922838] (px4_msgs) StdoutLine: {'line': b'-- Up-to-date: /home/nicolas/ws_ros2/install/px4_msgs/share/px4_msgs/msg/VehicleCommand.msg\n'}
[0.923136] (px4_msgs) StdoutLine: {'line': b'-- Up-to-date: /home/nicolas/ws_ros2/install/px4_msgs/share/px4_msgs/msg/VehicleCommandAck.msg\n'}
[0.923185] (px4_msgs) StdoutLine: {'line': b'-- Up-to-date: /home/nicolas/ws_ros2/install/px4_msgs/share/px4_msgs/msg/VehicleConstraints.msg\n'}
[0.923581] (px4_msgs) StdoutLine: {'line': b'-- Up-to-date: /home/nicolas/ws_ros2/install/px4_msgs/share/px4_msgs/msg/VehicleControlMode.msg\n'}
[0.923914] (px4_msgs) StdoutLine: {'line': b'-- Up-to-date: /home/nicolas/ws_ros2/install/px4_msgs/share/px4_msgs/msg/VehicleGlobalPosition.msg\n'}
[0.924107] (px4_msgs) StdoutLine: {'line': b'-- Up-to-date: /home/nicolas/ws_ros2/install/px4_msgs/share/px4_msgs/msg/VehicleImu.msg\n'}
[0.924312] (px4_msgs) StdoutLine: {'line': b'-- Up-to-date: /home/nicolas/ws_ros2/install/px4_msgs/share/px4_msgs/msg/VehicleImuStatus.msg\n'}
[0.924556] (px4_msgs) StdoutLine: {'line': b'-- Up-to-date: /home/nicolas/ws_ros2/install/px4_msgs/share/px4_msgs/msg/VehicleLandDetected.msg\n'}
[0.924981] (px4_msgs) StdoutLine: {'line': b'-- Up-to-date: /home/nicolas/ws_ros2/install/px4_msgs/share/px4_msgs/msg/VehicleLocalPosition.msg\n'}
[0.925107] (px4_msgs) StdoutLine: {'line': b'-- Up-to-date: /home/nicolas/ws_ros2/install/px4_msgs/share/px4_msgs/msg/VehicleLocalPositionSetpoint.msg\n'}
[0.925316] (px4_msgs) StdoutLine: {'line': b'-- Up-to-date: /home/nicolas/ws_ros2/install/px4_msgs/share/px4_msgs/msg/VehicleMagnetometer.msg\n'}
[0.925574] (px4_msgs) StdoutLine: {'line': b'-- Up-to-date: /home/nicolas/ws_ros2/install/px4_msgs/share/px4_msgs/msg/VehicleOdometry.msg\n'}
[0.925958] (px4_msgs) StdoutLine: {'line': b'-- Up-to-date: /home/nicolas/ws_ros2/install/px4_msgs/share/px4_msgs/msg/VehicleOpticalFlow.msg\n'}
[0.926163] (px4_msgs) StdoutLine: {'line': b'-- Up-to-date: /home/nicolas/ws_ros2/install/px4_msgs/share/px4_msgs/msg/VehicleOpticalFlowVel.msg\n'}
[0.926364] (px4_msgs) StdoutLine: {'line': b'-- Up-to-date: /home/nicolas/ws_ros2/install/px4_msgs/share/px4_msgs/msg/VehicleRatesSetpoint.msg\n'}
[0.926652] (px4_msgs) StdoutLine: {'line': b'-- Up-to-date: /home/nicolas/ws_ros2/install/px4_msgs/share/px4_msgs/msg/VehicleRoi.msg\n'}
[0.926962] (px4_msgs) StdoutLine: {'line': b'-- Up-to-date: /home/nicolas/ws_ros2/install/px4_msgs/share/px4_msgs/msg/VehicleStatus.msg\n'}
[0.927167] (px4_msgs) StdoutLine: {'line': b'-- Up-to-date: /home/nicolas/ws_ros2/install/px4_msgs/share/px4_msgs/msg/VehicleThrustSetpoint.msg\n'}
[0.927403] (px4_msgs) StdoutLine: {'line': b'-- Up-to-date: /home/nicolas/ws_ros2/install/px4_msgs/share/px4_msgs/msg/VehicleTorqueSetpoint.msg\n'}
[0.927642] (px4_msgs) StdoutLine: {'line': b'-- Up-to-date: /home/nicolas/ws_ros2/install/px4_msgs/share/px4_msgs/msg/VelocityLimits.msg\n'}
[0.928047] (px4_msgs) StdoutLine: {'line': b'-- Up-to-date: /home/nicolas/ws_ros2/install/px4_msgs/share/px4_msgs/msg/VtolVehicleStatus.msg\n'}
[0.928201] (px4_msgs) StdoutLine: {'line': b'-- Up-to-date: /home/nicolas/ws_ros2/install/px4_msgs/share/px4_msgs/msg/WheelEncoders.msg\n'}
[0.928403] (px4_msgs) StdoutLine: {'line': b'-- Up-to-date: /home/nicolas/ws_ros2/install/px4_msgs/share/px4_msgs/msg/Wind.msg\n'}
[0.928664] (px4_msgs) StdoutLine: {'line': b'-- Up-to-date: /home/nicolas/ws_ros2/install/px4_msgs/share/px4_msgs/msg/YawEstimatorStatus.msg\n'}
[0.929089] (px4_msgs) StdoutLine: {'line': b'-- Up-to-date: /home/nicolas/ws_ros2/install/px4_msgs/share/px4_msgs/srv/VehicleCommand.srv\n'}
[0.929456] (px4_msgs) StdoutLine: {'line': b'-- Up-to-date: /home/nicolas/ws_ros2/install/px4_msgs/share/px4_msgs/srv/VehicleCommand_Request.msg\n'}
[0.929505] (px4_msgs) StdoutLine: {'line': b'-- Up-to-date: /home/nicolas/ws_ros2/install/px4_msgs/share/px4_msgs/srv/VehicleCommand_Response.msg\n'}
[0.929958] (px4_msgs) StdoutLine: {'line': b'-- Up-to-date: /home/nicolas/ws_ros2/install/px4_msgs/share/ament_index/resource_index/package_run_dependencies/px4_msgs\n'}
[0.930285] (px4_msgs) StdoutLine: {'line': b'-- Up-to-date: /home/nicolas/ws_ros2/install/px4_msgs/share/ament_index/resource_index/parent_prefix_path/px4_msgs\n'}
[0.930548] (px4_msgs) StdoutLine: {'line': b'-- Up-to-date: /home/nicolas/ws_ros2/install/px4_msgs/share/px4_msgs/environment/ament_prefix_path.sh\n'}
[0.930769] (px4_msgs) StdoutLine: {'line': b'-- Up-to-date: /home/nicolas/ws_ros2/install/px4_msgs/share/px4_msgs/environment/ament_prefix_path.dsv\n'}
[0.931018] (px4_msgs) StdoutLine: {'line': b'-- Up-to-date: /home/nicolas/ws_ros2/install/px4_msgs/share/px4_msgs/environment/path.sh\n'}
[0.931301] (px4_msgs) StdoutLine: {'line': b'-- Up-to-date: /home/nicolas/ws_ros2/install/px4_msgs/share/px4_msgs/environment/path.dsv\n'}
[0.931591] (px4_msgs) StdoutLine: {'line': b'-- Up-to-date: /home/nicolas/ws_ros2/install/px4_msgs/share/px4_msgs/local_setup.bash\n'}
[0.931786] (px4_msgs) StdoutLine: {'line': b'-- Up-to-date: /home/nicolas/ws_ros2/install/px4_msgs/share/px4_msgs/local_setup.sh\n'}
[0.932026] (px4_msgs) StdoutLine: {'line': b'-- Up-to-date: /home/nicolas/ws_ros2/install/px4_msgs/share/px4_msgs/local_setup.zsh\n'}
[0.932395] (px4_msgs) StdoutLine: {'line': b'-- Up-to-date: /home/nicolas/ws_ros2/install/px4_msgs/share/px4_msgs/local_setup.dsv\n'}
[0.932523] (px4_msgs) StdoutLine: {'line': b'-- Installing: /home/nicolas/ws_ros2/install/px4_msgs/share/px4_msgs/package.dsv\n'}
[0.932922] (px4_msgs) StdoutLine: {'line': b'-- Up-to-date: /home/nicolas/ws_ros2/install/px4_msgs/share/ament_index/resource_index/packages/px4_msgs\n'}
[0.933166] (px4_msgs) StdoutLine: {'line': b'-- Up-to-date: /home/nicolas/ws_ros2/install/px4_msgs/share/px4_msgs/cmake/export_px4_msgs__rosidl_generator_cExport.cmake\n'}
[0.933560] (px4_msgs) StdoutLine: {'line': b'-- Up-to-date: /home/nicolas/ws_ros2/install/px4_msgs/share/px4_msgs/cmake/export_px4_msgs__rosidl_generator_cExport-noconfig.cmake\n'}
[0.933751] (px4_msgs) StdoutLine: {'line': b'-- Up-to-date: /home/nicolas/ws_ros2/install/px4_msgs/share/px4_msgs/cmake/export_px4_msgs__rosidl_typesupport_fastrtps_cExport.cmake\n'}
[0.933967] (px4_msgs) StdoutLine: {'line': b'-- Up-to-date: /home/nicolas/ws_ros2/install/px4_msgs/share/px4_msgs/cmake/export_px4_msgs__rosidl_typesupport_fastrtps_cExport-noconfig.cmake\n'}
[0.934238] (px4_msgs) StdoutLine: {'line': b'-- Up-to-date: /home/nicolas/ws_ros2/install/px4_msgs/share/px4_msgs/cmake/export_px4_msgs__rosidl_generator_cppExport.cmake\n'}
[0.934653] (px4_msgs) StdoutLine: {'line': b'-- Up-to-date: /home/nicolas/ws_ros2/install/px4_msgs/share/px4_msgs/cmake/export_px4_msgs__rosidl_typesupport_fastrtps_cppExport.cmake\n'}
[0.934836] (px4_msgs) StdoutLine: {'line': b'-- Up-to-date: /home/nicolas/ws_ros2/install/px4_msgs/share/px4_msgs/cmake/export_px4_msgs__rosidl_typesupport_fastrtps_cppExport-noconfig.cmake\n'}
[0.935069] (px4_msgs) StdoutLine: {'line': b'-- Up-to-date: /home/nicolas/ws_ros2/install/px4_msgs/share/px4_msgs/cmake/px4_msgs__rosidl_typesupport_introspection_cExport.cmake\n'}
[0.935324] (px4_msgs) StdoutLine: {'line': b'-- Up-to-date: /home/nicolas/ws_ros2/install/px4_msgs/share/px4_msgs/cmake/px4_msgs__rosidl_typesupport_introspection_cExport-noconfig.cmake\n'}
[0.935699] (px4_msgs) StdoutLine: {'line': b'-- Up-to-date: /home/nicolas/ws_ros2/install/px4_msgs/share/px4_msgs/cmake/px4_msgs__rosidl_typesupport_cExport.cmake\n'}
[0.936125] (px4_msgs) StdoutLine: {'line': b'-- Up-to-date: /home/nicolas/ws_ros2/install/px4_msgs/share/px4_msgs/cmake/px4_msgs__rosidl_typesupport_cExport-noconfig.cmake\n'}
[0.936171] (px4_msgs) StdoutLine: {'line': b'-- Up-to-date: /home/nicolas/ws_ros2/install/px4_msgs/share/px4_msgs/cmake/px4_msgs__rosidl_typesupport_introspection_cppExport.cmake\n'}
[0.936548] (px4_msgs) StdoutLine: {'line': b'-- Up-to-date: /home/nicolas/ws_ros2/install/px4_msgs/share/px4_msgs/cmake/px4_msgs__rosidl_typesupport_introspection_cppExport-noconfig.cmake\n'}
[0.937007] (px4_msgs) StdoutLine: {'line': b'-- Up-to-date: /home/nicolas/ws_ros2/install/px4_msgs/share/px4_msgs/cmake/px4_msgs__rosidl_typesupport_cppExport.cmake\n'}
[0.937134] (px4_msgs) StdoutLine: {'line': b'-- Up-to-date: /home/nicolas/ws_ros2/install/px4_msgs/share/px4_msgs/cmake/px4_msgs__rosidl_typesupport_cppExport-noconfig.cmake\n'}
[0.937384] (px4_msgs) StdoutLine: {'line': b'-- Up-to-date: /home/nicolas/ws_ros2/install/px4_msgs/share/px4_msgs/cmake/export_px4_msgs__rosidl_generator_pyExport.cmake\n'}
[0.937631] (px4_msgs) StdoutLine: {'line': b'-- Up-to-date: /home/nicolas/ws_ros2/install/px4_msgs/share/px4_msgs/cmake/export_px4_msgs__rosidl_generator_pyExport-noconfig.cmake\n'}
[0.938052] (px4_msgs) StdoutLine: {'line': b'-- Up-to-date: /home/nicolas/ws_ros2/install/px4_msgs/share/px4_msgs/cmake/rosidl_cmake-extras.cmake\n'}
[0.938232] (px4_msgs) StdoutLine: {'line': b'-- Up-to-date: /home/nicolas/ws_ros2/install/px4_msgs/share/px4_msgs/cmake/ament_cmake_export_dependencies-extras.cmake\n'}
[0.938457] (px4_msgs) StdoutLine: {'line': b'-- Up-to-date: /home/nicolas/ws_ros2/install/px4_msgs/share/px4_msgs/cmake/ament_cmake_export_include_directories-extras.cmake\n'}
[0.938702] (px4_msgs) StdoutLine: {'line': b'-- Up-to-date: /home/nicolas/ws_ros2/install/px4_msgs/share/px4_msgs/cmake/ament_cmake_export_libraries-extras.cmake\n'}
[0.939155] (px4_msgs) StdoutLine: {'line': b'-- Up-to-date: /home/nicolas/ws_ros2/install/px4_msgs/share/px4_msgs/cmake/ament_cmake_export_targets-extras.cmake\n'}
[0.939272] (px4_msgs) StdoutLine: {'line': b'-- Up-to-date: /home/nicolas/ws_ros2/install/px4_msgs/share/px4_msgs/cmake/rosidl_cmake_export_typesupport_targets-extras.cmake\n'}
[0.939488] (px4_msgs) StdoutLine: {'line': b'-- Up-to-date: /home/nicolas/ws_ros2/install/px4_msgs/share/px4_msgs/cmake/rosidl_cmake_export_typesupport_libraries-extras.cmake\n'}
[0.939747] (px4_msgs) StdoutLine: {'line': b'-- Up-to-date: /home/nicolas/ws_ros2/install/px4_msgs/share/px4_msgs/cmake/px4_msgsConfig.cmake\n'}
[0.939899] (px4_msgs) StdoutLine: {'line': b'-- Up-to-date: /home/nicolas/ws_ros2/install/px4_msgs/share/px4_msgs/cmake/px4_msgsConfig-version.cmake\n'}
[0.940104] (px4_msgs) StdoutLine: {'line': b'-- Up-to-date: /home/nicolas/ws_ros2/install/px4_msgs/share/px4_msgs/package.xml\n'}
[0.943180] (px4_msgs) CommandEnded: {'returncode': 0}
[0.957965] (px4_msgs) JobEnded: {'identifier': 'px4_msgs', 'rc': 0}
[0.958381] (px4_ros_com) JobStarted: {'identifier': 'px4_ros_com'}
[0.963420] (px4_ros_com) JobProgress: {'identifier': 'px4_ros_com', 'progress': 'cmake'}
[0.963998] (px4_ros_com) JobProgress: {'identifier': 'px4_ros_com', 'progress': 'build'}
[0.964331] (px4_ros_com) Command: {'cmd': ['/usr/bin/cmake', '--build', '/home/nicolas/ws_ros2/build/px4_ros_com', '--', '-j16', '-l16'], 'cwd': '/home/nicolas/ws_ros2/build/px4_ros_com', 'env': OrderedDict([('LESSOPEN', '| /usr/bin/lesspipe %s'), ('USER', 'nicolas'), ('LC_TIME', 'fr_FR.UTF-8'), ('XDG_SESSION_TYPE', 'x11'), ('SHLVL', '1'), ('LD_LIBRARY_PATH', '/home/nicolas/ws_ros2/install/px4_msgs/lib:/opt/ros/humble/opt/rviz_ogre_vendor/lib:/opt/ros/humble/lib/x86_64-linux-gnu:/opt/ros/humble/lib'), ('HOME', '/home/nicolas'), ('OLDPWD', '/home/nicolas'), ('DESKTOP_SESSION', 'ubuntu'), ('ROS_PYTHON_VERSION', '3'), ('GNOME_SHELL_SESSION_MODE', 'ubuntu'), ('GTK_MODULES', 'gail:atk-bridge'), ('LC_MONETARY', 'fr_FR.UTF-8'), ('SYSTEMD_EXEC_PID', '2066'), ('DBUS_SESSION_BUS_ADDRESS', 'unix:path=/run/user/1000/bus'), ('COLORTERM', 'truecolor'), ('ROS_DISTRO', 'humble'), ('GTK_IM_MODULE', 'ibus'), ('LOGNAME', 'nicolas'), ('_', '/usr/bin/colcon'), ('ROS_VERSION', '2'), ('XDG_SESSION_CLASS', 'user'), ('USERNAME', 'nicolas'), ('TERM', 'xterm-256color'), ('GNOME_DESKTOP_SESSION_ID', 'this-is-deprecated'), ('ROS_LOCALHOST_ONLY', '0'), ('WINDOWPATH', '2'), ('PATH', '/opt/ros/humble/bin:/home/nicolas/.local/bin:/usr/local/sbin:/usr/local/bin:/usr/sbin:/usr/bin:/sbin:/bin:/usr/games:/usr/local/games:/snap/bin:/snap/bin:/opt/xtensa-esp-elf/bin/'), ('SESSION_MANAGER', 'local/nicolas-Deputy-P60:@/tmp/.ICE-unix/2041,unix/nicolas-Deputy-P60:/tmp/.ICE-unix/2041'), ('XDG_MENU_PREFIX', 'gnome-'), ('LC_ADDRESS', 'fr_FR.UTF-8'), ('GNOME_TERMINAL_SCREEN', '/org/gnome/Terminal/screen/67bb2182_95d7_49d0_b45b_5ef8ef3d1335'), ('XDG_RUNTIME_DIR', '/run/user/1000'), ('DISPLAY', ':1'), ('LANG', 'en_US.UTF-8'), ('XDG_CURRENT_DESKTOP', 'ubuntu:GNOME'), ('LC_TELEPHONE', 'fr_FR.UTF-8'), ('XMODIFIERS', '@im=ibus'), ('XDG_SESSION_DESKTOP', 'ubuntu'), ('XAUTHORITY', '/run/user/1000/gdm/Xauthority'), ('LS_COLORS', 'rs=0:di=01;34:ln=01;36:mh=00:pi=40;33:so=01;35:do=01;35:bd=40;33;01:cd=40;33;01:or=40;31;01:mi=00:su=37;41:sg=30;43:ca=30;41:tw=30;42:ow=34;42:st=37;44:ex=01;32:*.tar=01;31:*.tgz=01;31:*.arc=01;31:*.arj=01;31:*.taz=01;31:*.lha=01;31:*.lz4=01;31:*.lzh=01;31:*.lzma=01;31:*.tlz=01;31:*.txz=01;31:*.tzo=01;31:*.t7z=01;31:*.zip=01;31:*.z=01;31:*.dz=01;31:*.gz=01;31:*.lrz=01;31:*.lz=01;31:*.lzo=01;31:*.xz=01;31:*.zst=01;31:*.tzst=01;31:*.bz2=01;31:*.bz=01;31:*.tbz=01;31:*.tbz2=01;31:*.tz=01;31:*.deb=01;31:*.rpm=01;31:*.jar=01;31:*.war=01;31:*.ear=01;31:*.sar=01;31:*.rar=01;31:*.alz=01;31:*.ace=01;31:*.zoo=01;31:*.cpio=01;31:*.7z=01;31:*.rz=01;31:*.cab=01;31:*.wim=01;31:*.swm=01;31:*.dwm=01;31:*.esd=01;31:*.jpg=01;35:*.jpeg=01;35:*.mjpg=01;35:*.mjpeg=01;35:*.gif=01;35:*.bmp=01;35:*.pbm=01;35:*.pgm=01;35:*.ppm=01;35:*.tga=01;35:*.xbm=01;35:*.xpm=01;35:*.tif=01;35:*.tiff=01;35:*.png=01;35:*.svg=01;35:*.svgz=01;35:*.mng=01;35:*.pcx=01;35:*.mov=01;35:*.mpg=01;35:*.mpeg=01;35:*.m2v=01;35:*.mkv=01;35:*.webm=01;35:*.webp=01;35:*.ogm=01;35:*.mp4=01;35:*.m4v=01;35:*.mp4v=01;35:*.vob=01;35:*.qt=01;35:*.nuv=01;35:*.wmv=01;35:*.asf=01;35:*.rm=01;35:*.rmvb=01;35:*.flc=01;35:*.avi=01;35:*.fli=01;35:*.flv=01;35:*.gl=01;35:*.dl=01;35:*.xcf=01;35:*.xwd=01;35:*.yuv=01;35:*.cgm=01;35:*.emf=01;35:*.ogv=01;35:*.ogx=01;35:*.aac=00;36:*.au=00;36:*.flac=00;36:*.m4a=00;36:*.mid=00;36:*.midi=00;36:*.mka=00;36:*.mp3=00;36:*.mpc=00;36:*.ogg=00;36:*.ra=00;36:*.wav=00;36:*.oga=00;36:*.opus=00;36:*.spx=00;36:*.xspf=00;36:'), ('GNOME_TERMINAL_SERVICE', ':1.315'), ('SSH_AGENT_LAUNCHER', 'gnome-keyring'), ('SSH_AUTH_SOCK', '/run/user/1000/keyring/ssh'), ('AMENT_PREFIX_PATH', '/home/nicolas/ws_ros2/install/px4_msgs:/opt/ros/humble'), ('SHELL', '/bin/bash'), ('LC_NAME', 'fr_FR.UTF-8'), ('QT_ACCESSIBILITY', '1'), ('GDMSESSION', 'ubuntu'), ('LESSCLOSE', '/usr/bin/lesspipe %s %s'), ('LC_MEASUREMENT', 'fr_FR.UTF-8'), ('GPG_AGENT_INFO', '/run/user/1000/gnupg/S.gpg-agent:0:1'), ('LC_IDENTIFICATION', 'fr_FR.UTF-8'), ('QT_IM_MODULE', 'ibus'), ('PWD', '/home/nicolas/ws_ros2/build/px4_ros_com'), ('LC_ALL', 'en_US.UTF-8'), ('XDG_CONFIG_DIRS', '/etc/xdg/xdg-ubuntu:/etc/xdg'), ('XDG_DATA_DIRS', '/usr/share/ubuntu:/usr/share/gnome:/usr/local/share/:/usr/share/:/var/lib/snapd/desktop'), ('PYTHONPATH', '/home/nicolas/ws_ros2/install/px4_msgs/local/lib/python3.10/dist-packages:/opt/ros/humble/lib/python3.10/site-packages:/opt/ros/humble/local/lib/python3.10/dist-packages'), ('LC_NUMERIC', 'fr_FR.UTF-8'), ('LC_PAPER', 'fr_FR.UTF-8'), ('COLCON', '1'), ('VTE_VERSION', '6800'), ('CMAKE_PREFIX_PATH', '/home/nicolas/ws_ros2/install/px4_msgs:/opt/ros/humble')]), 'shell': False}
[1.000405] (-) TimerEvent: {}
[1.002485] (px4_ros_com) StdoutLine: {'line': b'[ 16%] Built target vehicle_gps_position_listener\n'}
[1.004457] (px4_ros_com) StdoutLine: {'line': b'[ 33%] Built target frame_transforms\n'}
[1.004657] (px4_ros_com) StdoutLine: {'line': b'[ 50%] Built target debug_vect_advertiser\n'}
[1.004760] (px4_ros_com) StdoutLine: {'line': b'[ 50%] Built target ament_cmake_python_copy_px4_ros_com\n'}
[1.004853] (px4_ros_com) StdoutLine: {'line': b'[ 66%] Built target sensor_combined_listener\n'}
[1.004958] (px4_ros_com) StdoutLine: {'line': b'[ 83%] Built target offboard_control_srv\n'}
[1.007315] (px4_ros_com) StdoutLine: {'line': b'[100%] Built target offboard_control\n'}
[1.100646] (-) TimerEvent: {}
[1.167201] (px4_ros_com) StdoutLine: {'line': b'running egg_info\n'}
[1.167656] (px4_ros_com) StdoutLine: {'line': b'writing px4_ros_com.egg-info/PKG-INFO\n'}
[1.167830] (px4_ros_com) StdoutLine: {'line': b'writing dependency_links to px4_ros_com.egg-info/dependency_links.txt\n'}
[1.167995] (px4_ros_com) StdoutLine: {'line': b'writing top-level names to px4_ros_com.egg-info/top_level.txt\n'}
[1.169400] (px4_ros_com) StdoutLine: {'line': b"reading manifest file 'px4_ros_com.egg-info/SOURCES.txt'\n"}
[1.169699] (px4_ros_com) StdoutLine: {'line': b"writing manifest file 'px4_ros_com.egg-info/SOURCES.txt'\n"}
[1.187682] (px4_ros_com) StdoutLine: {'line': b'[100%] Built target ament_cmake_python_build_px4_ros_com_egg\n'}
[1.196983] (px4_ros_com) CommandEnded: {'returncode': 0}
[1.197636] (px4_ros_com) JobProgress: {'identifier': 'px4_ros_com', 'progress': 'install'}
[1.197976] (px4_ros_com) Command: {'cmd': ['/usr/bin/cmake', '--install', '/home/nicolas/ws_ros2/build/px4_ros_com'], 'cwd': '/home/nicolas/ws_ros2/build/px4_ros_com', 'env': OrderedDict([('LESSOPEN', '| /usr/bin/lesspipe %s'), ('USER', 'nicolas'), ('LC_TIME', 'fr_FR.UTF-8'), ('XDG_SESSION_TYPE', 'x11'), ('SHLVL', '1'), ('LD_LIBRARY_PATH', '/home/nicolas/ws_ros2/install/px4_msgs/lib:/opt/ros/humble/opt/rviz_ogre_vendor/lib:/opt/ros/humble/lib/x86_64-linux-gnu:/opt/ros/humble/lib'), ('HOME', '/home/nicolas'), ('OLDPWD', '/home/nicolas'), ('DESKTOP_SESSION', 'ubuntu'), ('ROS_PYTHON_VERSION', '3'), ('GNOME_SHELL_SESSION_MODE', 'ubuntu'), ('GTK_MODULES', 'gail:atk-bridge'), ('LC_MONETARY', 'fr_FR.UTF-8'), ('SYSTEMD_EXEC_PID', '2066'), ('DBUS_SESSION_BUS_ADDRESS', 'unix:path=/run/user/1000/bus'), ('COLORTERM', 'truecolor'), ('ROS_DISTRO', 'humble'), ('GTK_IM_MODULE', 'ibus'), ('LOGNAME', 'nicolas'), ('_', '/usr/bin/colcon'), ('ROS_VERSION', '2'), ('XDG_SESSION_CLASS', 'user'), ('USERNAME', 'nicolas'), ('TERM', 'xterm-256color'), ('GNOME_DESKTOP_SESSION_ID', 'this-is-deprecated'), ('ROS_LOCALHOST_ONLY', '0'), ('WINDOWPATH', '2'), ('PATH', '/opt/ros/humble/bin:/home/nicolas/.local/bin:/usr/local/sbin:/usr/local/bin:/usr/sbin:/usr/bin:/sbin:/bin:/usr/games:/usr/local/games:/snap/bin:/snap/bin:/opt/xtensa-esp-elf/bin/'), ('SESSION_MANAGER', 'local/nicolas-Deputy-P60:@/tmp/.ICE-unix/2041,unix/nicolas-Deputy-P60:/tmp/.ICE-unix/2041'), ('XDG_MENU_PREFIX', 'gnome-'), ('LC_ADDRESS', 'fr_FR.UTF-8'), ('GNOME_TERMINAL_SCREEN', '/org/gnome/Terminal/screen/67bb2182_95d7_49d0_b45b_5ef8ef3d1335'), ('XDG_RUNTIME_DIR', '/run/user/1000'), ('DISPLAY', ':1'), ('LANG', 'en_US.UTF-8'), ('XDG_CURRENT_DESKTOP', 'ubuntu:GNOME'), ('LC_TELEPHONE', 'fr_FR.UTF-8'), ('XMODIFIERS', '@im=ibus'), ('XDG_SESSION_DESKTOP', 'ubuntu'), ('XAUTHORITY', '/run/user/1000/gdm/Xauthority'), ('LS_COLORS', 'rs=0:di=01;34:ln=01;36:mh=00:pi=40;33:so=01;35:do=01;35:bd=40;33;01:cd=40;33;01:or=40;31;01:mi=00:su=37;41:sg=30;43:ca=30;41:tw=30;42:ow=34;42:st=37;44:ex=01;32:*.tar=01;31:*.tgz=01;31:*.arc=01;31:*.arj=01;31:*.taz=01;31:*.lha=01;31:*.lz4=01;31:*.lzh=01;31:*.lzma=01;31:*.tlz=01;31:*.txz=01;31:*.tzo=01;31:*.t7z=01;31:*.zip=01;31:*.z=01;31:*.dz=01;31:*.gz=01;31:*.lrz=01;31:*.lz=01;31:*.lzo=01;31:*.xz=01;31:*.zst=01;31:*.tzst=01;31:*.bz2=01;31:*.bz=01;31:*.tbz=01;31:*.tbz2=01;31:*.tz=01;31:*.deb=01;31:*.rpm=01;31:*.jar=01;31:*.war=01;31:*.ear=01;31:*.sar=01;31:*.rar=01;31:*.alz=01;31:*.ace=01;31:*.zoo=01;31:*.cpio=01;31:*.7z=01;31:*.rz=01;31:*.cab=01;31:*.wim=01;31:*.swm=01;31:*.dwm=01;31:*.esd=01;31:*.jpg=01;35:*.jpeg=01;35:*.mjpg=01;35:*.mjpeg=01;35:*.gif=01;35:*.bmp=01;35:*.pbm=01;35:*.pgm=01;35:*.ppm=01;35:*.tga=01;35:*.xbm=01;35:*.xpm=01;35:*.tif=01;35:*.tiff=01;35:*.png=01;35:*.svg=01;35:*.svgz=01;35:*.mng=01;35:*.pcx=01;35:*.mov=01;35:*.mpg=01;35:*.mpeg=01;35:*.m2v=01;35:*.mkv=01;35:*.webm=01;35:*.webp=01;35:*.ogm=01;35:*.mp4=01;35:*.m4v=01;35:*.mp4v=01;35:*.vob=01;35:*.qt=01;35:*.nuv=01;35:*.wmv=01;35:*.asf=01;35:*.rm=01;35:*.rmvb=01;35:*.flc=01;35:*.avi=01;35:*.fli=01;35:*.flv=01;35:*.gl=01;35:*.dl=01;35:*.xcf=01;35:*.xwd=01;35:*.yuv=01;35:*.cgm=01;35:*.emf=01;35:*.ogv=01;35:*.ogx=01;35:*.aac=00;36:*.au=00;36:*.flac=00;36:*.m4a=00;36:*.mid=00;36:*.midi=00;36:*.mka=00;36:*.mp3=00;36:*.mpc=00;36:*.ogg=00;36:*.ra=00;36:*.wav=00;36:*.oga=00;36:*.opus=00;36:*.spx=00;36:*.xspf=00;36:'), ('GNOME_TERMINAL_SERVICE', ':1.315'), ('SSH_AGENT_LAUNCHER', 'gnome-keyring'), ('SSH_AUTH_SOCK', '/run/user/1000/keyring/ssh'), ('AMENT_PREFIX_PATH', '/home/nicolas/ws_ros2/install/px4_msgs:/opt/ros/humble'), ('SHELL', '/bin/bash'), ('LC_NAME', 'fr_FR.UTF-8'), ('QT_ACCESSIBILITY', '1'), ('GDMSESSION', 'ubuntu'), ('LESSCLOSE', '/usr/bin/lesspipe %s %s'), ('LC_MEASUREMENT', 'fr_FR.UTF-8'), ('GPG_AGENT_INFO', '/run/user/1000/gnupg/S.gpg-agent:0:1'), ('LC_IDENTIFICATION', 'fr_FR.UTF-8'), ('QT_IM_MODULE', 'ibus'), ('PWD', '/home/nicolas/ws_ros2/build/px4_ros_com'), ('LC_ALL', 'en_US.UTF-8'), ('XDG_CONFIG_DIRS', '/etc/xdg/xdg-ubuntu:/etc/xdg'), ('XDG_DATA_DIRS', '/usr/share/ubuntu:/usr/share/gnome:/usr/local/share/:/usr/share/:/var/lib/snapd/desktop'), ('PYTHONPATH', '/home/nicolas/ws_ros2/install/px4_msgs/local/lib/python3.10/dist-packages:/opt/ros/humble/lib/python3.10/site-packages:/opt/ros/humble/local/lib/python3.10/dist-packages'), ('LC_NUMERIC', 'fr_FR.UTF-8'), ('LC_PAPER', 'fr_FR.UTF-8'), ('COLCON', '1'), ('VTE_VERSION', '6800'), ('CMAKE_PREFIX_PATH', '/home/nicolas/ws_ros2/install/px4_msgs:/opt/ros/humble')]), 'shell': False}
[1.200805] (-) TimerEvent: {}
[1.204120] (px4_ros_com) StdoutLine: {'line': b'-- Install configuration: ""\n'}
[1.204207] (px4_ros_com) StdoutLine: {'line': b'-- Up-to-date: /home/nicolas/ws_ros2/install/px4_ros_com/lib/px4_ros_com/sensor_combined_listener\n'}
[1.204270] (px4_ros_com) StdoutLine: {'line': b'-- Up-to-date: /home/nicolas/ws_ros2/install/px4_ros_com/lib/px4_ros_com/vehicle_gps_position_listener\n'}
[1.204402] (px4_ros_com) StdoutLine: {'line': b'-- Up-to-date: /home/nicolas/ws_ros2/install/px4_ros_com/lib/px4_ros_com/debug_vect_advertiser\n'}
[1.204623] (px4_ros_com) StdoutLine: {'line': b'-- Up-to-date: /home/nicolas/ws_ros2/install/px4_ros_com/lib/px4_ros_com/offboard_control\n'}
[1.204727] (px4_ros_com) StdoutLine: {'line': b'-- Up-to-date: /home/nicolas/ws_ros2/install/px4_ros_com/lib/px4_ros_com/offboard_control_srv\n'}
[1.204811] (px4_ros_com) StdoutLine: {'line': b'-- Up-to-date: /home/nicolas/ws_ros2/install/px4_ros_com/share/px4_ros_com/environment/library_path.sh\n'}
[1.204845] (px4_ros_com) StdoutLine: {'line': b'-- Up-to-date: /home/nicolas/ws_ros2/install/px4_ros_com/share/px4_ros_com/environment/library_path.dsv\n'}
[1.204876] (px4_ros_com) StdoutLine: {'line': b'-- Up-to-date: /home/nicolas/ws_ros2/install/px4_ros_com/include/px4_ros_com\n'}
[1.204906] (px4_ros_com) StdoutLine: {'line': b'-- Up-to-date: /home/nicolas/ws_ros2/install/px4_ros_com/include/px4_ros_com/frame_transforms.h\n'}
[1.205009] (px4_ros_com) StdoutLine: {'line': b'-- Up-to-date: /home/nicolas/ws_ros2/install/px4_ros_com/lib/libframe_transforms.so\n'}
[1.205077] (px4_ros_com) StdoutLine: {'line': b'-- Up-to-date: /home/nicolas/ws_ros2/install/px4_ros_com/share/px4_ros_com//launch\n'}
[1.205118] (px4_ros_com) StdoutLine: {'line': b'-- Up-to-date: /home/nicolas/ws_ros2/install/px4_ros_com/share/px4_ros_com//launch/sensor_combined_listener.launch.py\n'}
[1.205153] (px4_ros_com) StdoutLine: {'line': b'-- Up-to-date: /home/nicolas/ws_ros2/install/px4_ros_com/share/px4_ros_com//launch/offboard_control_launch.yaml\n'}
[1.205185] (px4_ros_com) StdoutLine: {'line': b'-- Up-to-date: /home/nicolas/ws_ros2/install/px4_ros_com/share/px4_ros_com//test\n'}
[1.205215] (px4_ros_com) StdoutLine: {'line': b'-- Up-to-date: /home/nicolas/ws_ros2/install/px4_ros_com/share/px4_ros_com//test/test_output.py\n'}
[1.205263] (px4_ros_com) StdoutLine: {'line': b'-- Up-to-date: /home/nicolas/ws_ros2/install/px4_ros_com/share/px4_ros_com//test/__init__.py\n'}
[1.205293] (px4_ros_com) StdoutLine: {'line': b'-- Up-to-date: /home/nicolas/ws_ros2/install/px4_ros_com/share/px4_ros_com//test/pipeline_io_test.py\n'}
[1.205324] (px4_ros_com) StdoutLine: {'line': b'-- Up-to-date: /home/nicolas/ws_ros2/install/px4_ros_com/share/px4_ros_com//test/test_input.py\n'}
[1.205378] (px4_ros_com) StdoutLine: {'line': b'-- Up-to-date: /home/nicolas/ws_ros2/install/px4_ros_com/share/px4_ros_com/environment/pythonpath.sh\n'}
[1.205408] (px4_ros_com) StdoutLine: {'line': b'-- Up-to-date: /home/nicolas/ws_ros2/install/px4_ros_com/share/px4_ros_com/environment/pythonpath.dsv\n'}
[1.205437] (px4_ros_com) StdoutLine: {'line': b'-- Up-to-date: /home/nicolas/ws_ros2/install/px4_ros_com/local/lib/python3.10/dist-packages/px4_ros_com-0.1.0-py3.10.egg-info\n'}
[1.205475] (px4_ros_com) StdoutLine: {'line': b'-- Installing: /home/nicolas/ws_ros2/install/px4_ros_com/local/lib/python3.10/dist-packages/px4_ros_com-0.1.0-py3.10.egg-info/SOURCES.txt\n'}
[1.205507] (px4_ros_com) StdoutLine: {'line': b'-- Installing: /home/nicolas/ws_ros2/install/px4_ros_com/local/lib/python3.10/dist-packages/px4_ros_com-0.1.0-py3.10.egg-info/top_level.txt\n'}
[1.205538] (px4_ros_com) StdoutLine: {'line': b'-- Installing: /home/nicolas/ws_ros2/install/px4_ros_com/local/lib/python3.10/dist-packages/px4_ros_com-0.1.0-py3.10.egg-info/dependency_links.txt\n'}
[1.205568] (px4_ros_com) StdoutLine: {'line': b'-- Installing: /home/nicolas/ws_ros2/install/px4_ros_com/local/lib/python3.10/dist-packages/px4_ros_com-0.1.0-py3.10.egg-info/PKG-INFO\n'}
[1.205620] (px4_ros_com) StdoutLine: {'line': b'-- Up-to-date: /home/nicolas/ws_ros2/install/px4_ros_com/local/lib/python3.10/dist-packages/px4_ros_com\n'}
[1.205650] (px4_ros_com) StdoutLine: {'line': b'-- Up-to-date: /home/nicolas/ws_ros2/install/px4_ros_com/local/lib/python3.10/dist-packages/px4_ros_com/__init__.py\n'}
[1.205680] (px4_ros_com) StdoutLine: {'line': b'-- Up-to-date: /home/nicolas/ws_ros2/install/px4_ros_com/local/lib/python3.10/dist-packages/px4_ros_com/module_to_import.py\n'}
[1.228381] (px4_ros_com) StdoutLine: {'line': b"Listing '/home/nicolas/ws_ros2/install/px4_ros_com/local/lib/python3.10/dist-packages/px4_ros_com'...\n"}
[1.231453] (px4_ros_com) StdoutLine: {'line': b'-- Up-to-date: /home/nicolas/ws_ros2/install/px4_ros_com/lib/px4_ros_com/offboard_control.py\n'}
[1.231537] (px4_ros_com) StdoutLine: {'line': b'-- Up-to-date: /home/nicolas/ws_ros2/install/px4_ros_com/share/ament_index/resource_index/package_run_dependencies/px4_ros_com\n'}
[1.231577] (px4_ros_com) StdoutLine: {'line': b'-- Up-to-date: /home/nicolas/ws_ros2/install/px4_ros_com/share/ament_index/resource_index/parent_prefix_path/px4_ros_com\n'}
[1.231718] (px4_ros_com) StdoutLine: {'line': b'-- Up-to-date: /home/nicolas/ws_ros2/install/px4_ros_com/share/px4_ros_com/environment/ament_prefix_path.sh\n'}
[1.231800] (px4_ros_com) StdoutLine: {'line': b'-- Up-to-date: /home/nicolas/ws_ros2/install/px4_ros_com/share/px4_ros_com/environment/ament_prefix_path.dsv\n'}
[1.231839] (px4_ros_com) StdoutLine: {'line': b'-- Up-to-date: /home/nicolas/ws_ros2/install/px4_ros_com/share/px4_ros_com/environment/path.sh\n'}
[1.231873] (px4_ros_com) StdoutLine: {'line': b'-- Up-to-date: /home/nicolas/ws_ros2/install/px4_ros_com/share/px4_ros_com/environment/path.dsv\n'}
[1.231907] (px4_ros_com) StdoutLine: {'line': b'-- Up-to-date: /home/nicolas/ws_ros2/install/px4_ros_com/share/px4_ros_com/local_setup.bash\n'}
[1.231938] (px4_ros_com) StdoutLine: {'line': b'-- Up-to-date: /home/nicolas/ws_ros2/install/px4_ros_com/share/px4_ros_com/local_setup.sh\n'}
[1.231970] (px4_ros_com) StdoutLine: {'line': b'-- Up-to-date: /home/nicolas/ws_ros2/install/px4_ros_com/share/px4_ros_com/local_setup.zsh\n'}
[1.232001] (px4_ros_com) StdoutLine: {'line': b'-- Up-to-date: /home/nicolas/ws_ros2/install/px4_ros_com/share/px4_ros_com/local_setup.dsv\n'}
[1.232030] (px4_ros_com) StdoutLine: {'line': b'-- Installing: /home/nicolas/ws_ros2/install/px4_ros_com/share/px4_ros_com/package.dsv\n'}
[1.232071] (px4_ros_com) StdoutLine: {'line': b'-- Up-to-date: /home/nicolas/ws_ros2/install/px4_ros_com/share/ament_index/resource_index/packages/px4_ros_com\n'}
[1.232101] (px4_ros_com) StdoutLine: {'line': b'-- Up-to-date: /home/nicolas/ws_ros2/install/px4_ros_com/share/px4_ros_com/cmake/export_frame_transformsExport.cmake\n'}
[1.232159] (px4_ros_com) StdoutLine: {'line': b'-- Up-to-date: /home/nicolas/ws_ros2/install/px4_ros_com/share/px4_ros_com/cmake/export_frame_transformsExport-noconfig.cmake\n'}
[1.232190] (px4_ros_com) StdoutLine: {'line': b'-- Up-to-date: /home/nicolas/ws_ros2/install/px4_ros_com/share/px4_ros_com/cmake/ament_cmake_export_dependencies-extras.cmake\n'}
[1.232219] (px4_ros_com) StdoutLine: {'line': b'-- Up-to-date: /home/nicolas/ws_ros2/install/px4_ros_com/share/px4_ros_com/cmake/ament_cmake_export_targets-extras.cmake\n'}
[1.232248] (px4_ros_com) StdoutLine: {'line': b'-- Up-to-date: /home/nicolas/ws_ros2/install/px4_ros_com/share/px4_ros_com/cmake/ament_cmake_export_include_directories-extras.cmake\n'}
[1.232275] (px4_ros_com) StdoutLine: {'line': b'-- Up-to-date: /home/nicolas/ws_ros2/install/px4_ros_com/share/px4_ros_com/cmake/ament_cmake_export_libraries-extras.cmake\n'}
[1.232304] (px4_ros_com) StdoutLine: {'line': b'-- Up-to-date: /home/nicolas/ws_ros2/install/px4_ros_com/share/px4_ros_com/cmake/px4_ros_comConfig.cmake\n'}
[1.232331] (px4_ros_com) StdoutLine: {'line': b'-- Up-to-date: /home/nicolas/ws_ros2/install/px4_ros_com/share/px4_ros_com/cmake/px4_ros_comConfig-version.cmake\n'}
[1.232358] (px4_ros_com) StdoutLine: {'line': b'-- Up-to-date: /home/nicolas/ws_ros2/install/px4_ros_com/share/px4_ros_com/package.xml\n'}
[1.233655] (px4_ros_com) CommandEnded: {'returncode': 0}
[1.243140] (px4_ros_com) JobEnded: {'identifier': 'px4_ros_com', 'rc': 0}
[1.243556] (-) EventReactorShutdown: {}
