[0.000000] (-) TimerEvent: {}
[0.000210] (my_tf2_package) JobQueued: {'identifier': 'my_tf2_package', 'dependencies': OrderedDict()}
[0.000347] (px4_msgs) JobQueued: {'identifier': 'px4_msgs', 'dependencies': OrderedDict()}
[0.000371] (rtabmap_slam_pkg) JobQueued: {'identifier': 'rtabmap_slam_pkg', 'dependencies': OrderedDict()}
[0.000392] (px4_ros_com) JobQueued: {'identifier': 'px4_ros_com', 'dependencies': OrderedDict([('px4_msgs', '/home/nicolas/ws_ros2/install/px4_msgs')])}
[0.000668] (px4_msgs) JobStarted: {'identifier': 'px4_msgs'}
[0.011426] (my_tf2_package) JobStarted: {'identifier': 'my_tf2_package'}
[0.014245] (rtabmap_slam_pkg) JobStarted: {'identifier': 'rtabmap_slam_pkg'}
[0.016736] (px4_msgs) JobProgress: {'identifier': 'px4_msgs', 'progress': 'cmake'}
[0.017062] (px4_msgs) JobProgress: {'identifier': 'px4_msgs', 'progress': 'build'}
[0.017470] (px4_msgs) Command: {'cmd': ['/usr/bin/cmake', '--build', '/home/nicolas/ws_ros2/build/px4_msgs', '--', '-j16', '-l16'], 'cwd': '/home/nicolas/ws_ros2/build/px4_msgs', 'env': OrderedDict([('LESSOPEN', '| /usr/bin/lesspipe %s'), ('USER', 'nicolas'), ('LC_TIME', 'fr_FR.UTF-8'), ('XDG_SESSION_TYPE', 'x11'), ('SHLVL', '1'), ('LD_LIBRARY_PATH', '/opt/ros/humble/opt/rviz_ogre_vendor/lib:/opt/ros/humble/lib/x86_64-linux-gnu:/opt/ros/humble/lib'), ('HOME', '/home/nicolas'), ('OLDPWD', '/home/nicolas'), ('DESKTOP_SESSION', 'ubuntu'), ('ROS_PYTHON_VERSION', '3'), ('GNOME_SHELL_SESSION_MODE', 'ubuntu'), ('GTK_MODULES', 'gail:atk-bridge'), ('LC_MONETARY', 'fr_FR.UTF-8'), ('SYSTEMD_EXEC_PID', '2031'), ('DBUS_SESSION_BUS_ADDRESS', 'unix:path=/run/user/1000/bus'), ('COLORTERM', 'truecolor'), ('ROS_DISTRO', 'humble'), ('GTK_IM_MODULE', 'ibus'), ('LOGNAME', 'nicolas'), ('_', '/usr/bin/colcon'), ('ROS_VERSION', '2'), ('XDG_SESSION_CLASS', 'user'), ('USERNAME', 'nicolas'), ('TERM', 'xterm-256color'), ('GNOME_DESKTOP_SESSION_ID', 'this-is-deprecated'), ('ROS_LOCALHOST_ONLY', '0'), ('WINDOWPATH', '2'), ('PATH', '/opt/ros/humble/bin:/home/nicolas/.local/bin:/usr/local/sbin:/usr/local/bin:/usr/sbin:/usr/bin:/sbin:/bin:/usr/games:/usr/local/games:/snap/bin:/snap/bin:/opt/xtensa-esp-elf/bin/'), ('SESSION_MANAGER', 'local/nicolas-Deputy-P60:@/tmp/.ICE-unix/2007,unix/nicolas-Deputy-P60:/tmp/.ICE-unix/2007'), ('XDG_MENU_PREFIX', 'gnome-'), ('LC_ADDRESS', 'fr_FR.UTF-8'), ('GNOME_TERMINAL_SCREEN', '/org/gnome/Terminal/screen/cf15e979_cfb8_4291_85e2_f9e5f35140d0'), ('XDG_RUNTIME_DIR', '/run/user/1000'), ('DISPLAY', ':1'), ('LANG', 'en_US.UTF-8'), ('XDG_CURRENT_DESKTOP', 'ubuntu:GNOME'), ('LC_TELEPHONE', 'fr_FR.UTF-8'), ('XMODIFIERS', '@im=ibus'), ('XDG_SESSION_DESKTOP', 'ubuntu'), ('XAUTHORITY', '/run/user/1000/gdm/Xauthority'), ('LS_COLORS', 'rs=0:di=01;34:ln=01;36:mh=00:pi=40;33:so=01;35:do=01;35:bd=40;33;01:cd=40;33;01:or=40;31;01:mi=00:su=37;41:sg=30;43:ca=30;41:tw=30;42:ow=34;42:st=37;44:ex=01;32:*.tar=01;31:*.tgz=01;31:*.arc=01;31:*.arj=01;31:*.taz=01;31:*.lha=01;31:*.lz4=01;31:*.lzh=01;31:*.lzma=01;31:*.tlz=01;31:*.txz=01;31:*.tzo=01;31:*.t7z=01;31:*.zip=01;31:*.z=01;31:*.dz=01;31:*.gz=01;31:*.lrz=01;31:*.lz=01;31:*.lzo=01;31:*.xz=01;31:*.zst=01;31:*.tzst=01;31:*.bz2=01;31:*.bz=01;31:*.tbz=01;31:*.tbz2=01;31:*.tz=01;31:*.deb=01;31:*.rpm=01;31:*.jar=01;31:*.war=01;31:*.ear=01;31:*.sar=01;31:*.rar=01;31:*.alz=01;31:*.ace=01;31:*.zoo=01;31:*.cpio=01;31:*.7z=01;31:*.rz=01;31:*.cab=01;31:*.wim=01;31:*.swm=01;31:*.dwm=01;31:*.esd=01;31:*.jpg=01;35:*.jpeg=01;35:*.mjpg=01;35:*.mjpeg=01;35:*.gif=01;35:*.bmp=01;35:*.pbm=01;35:*.pgm=01;35:*.ppm=01;35:*.tga=01;35:*.xbm=01;35:*.xpm=01;35:*.tif=01;35:*.tiff=01;35:*.png=01;35:*.svg=01;35:*.svgz=01;35:*.mng=01;35:*.pcx=01;35:*.mov=01;35:*.mpg=01;35:*.mpeg=01;35:*.m2v=01;35:*.mkv=01;35:*.webm=01;35:*.webp=01;35:*.ogm=01;35:*.mp4=01;35:*.m4v=01;35:*.mp4v=01;35:*.vob=01;35:*.qt=01;35:*.nuv=01;35:*.wmv=01;35:*.asf=01;35:*.rm=01;35:*.rmvb=01;35:*.flc=01;35:*.avi=01;35:*.fli=01;35:*.flv=01;35:*.gl=01;35:*.dl=01;35:*.xcf=01;35:*.xwd=01;35:*.yuv=01;35:*.cgm=01;35:*.emf=01;35:*.ogv=01;35:*.ogx=01;35:*.aac=00;36:*.au=00;36:*.flac=00;36:*.m4a=00;36:*.mid=00;36:*.midi=00;36:*.mka=00;36:*.mp3=00;36:*.mpc=00;36:*.ogg=00;36:*.ra=00;36:*.wav=00;36:*.oga=00;36:*.opus=00;36:*.spx=00;36:*.xspf=00;36:'), ('GNOME_TERMINAL_SERVICE', ':1.228'), ('SSH_AGENT_LAUNCHER', 'gnome-keyring'), ('SSH_AUTH_SOCK', '/run/user/1000/keyring/ssh'), ('AMENT_PREFIX_PATH', '/opt/ros/humble'), ('SHELL', '/bin/bash'), ('LC_NAME', 'fr_FR.UTF-8'), ('QT_ACCESSIBILITY', '1'), ('GDMSESSION', 'ubuntu'), ('LESSCLOSE', '/usr/bin/lesspipe %s %s'), ('LC_MEASUREMENT', 'fr_FR.UTF-8'), ('GPG_AGENT_INFO', '/run/user/1000/gnupg/S.gpg-agent:0:1'), ('LC_IDENTIFICATION', 'fr_FR.UTF-8'), ('QT_IM_MODULE', 'ibus'), ('PWD', '/home/nicolas/ws_ros2/build/px4_msgs'), ('LC_ALL', 'en_US.UTF-8'), ('XDG_CONFIG_DIRS', '/etc/xdg/xdg-ubuntu:/etc/xdg'), ('XDG_DATA_DIRS', '/usr/share/ubuntu:/usr/share/gnome:/usr/local/share/:/usr/share/:/var/lib/snapd/desktop'), ('PYTHONPATH', '/opt/ros/humble/lib/python3.10/site-packages:/opt/ros/humble/local/lib/python3.10/dist-packages'), ('LC_NUMERIC', 'fr_FR.UTF-8'), ('LC_PAPER', 'fr_FR.UTF-8'), ('COLCON', '1'), ('VTE_VERSION', '6800'), ('CMAKE_PREFIX_PATH', '/opt/ros/humble')]), 'shell': False}
[0.099779] (-) TimerEvent: {}
[0.199917] (rtabmap_slam_pkg) JobProgress: {'identifier': 'rtabmap_slam_pkg', 'progress': 'cmake'}
[0.199995] (-) TimerEvent: {}
[0.200775] (rtabmap_slam_pkg) JobProgress: {'identifier': 'rtabmap_slam_pkg', 'progress': 'build'}
[0.201013] (rtabmap_slam_pkg) Command: {'cmd': ['/usr/bin/cmake', '--build', '/home/nicolas/ws_ros2/build/rtabmap_slam_pkg', '--', '-j16', '-l16'], 'cwd': '/home/nicolas/ws_ros2/build/rtabmap_slam_pkg', 'env': OrderedDict([('LESSOPEN', '| /usr/bin/lesspipe %s'), ('USER', 'nicolas'), ('LC_TIME', 'fr_FR.UTF-8'), ('XDG_SESSION_TYPE', 'x11'), ('SHLVL', '1'), ('LD_LIBRARY_PATH', '/opt/ros/humble/opt/rviz_ogre_vendor/lib:/opt/ros/humble/lib/x86_64-linux-gnu:/opt/ros/humble/lib'), ('HOME', '/home/nicolas'), ('OLDPWD', '/home/nicolas'), ('DESKTOP_SESSION', 'ubuntu'), ('ROS_PYTHON_VERSION', '3'), ('GNOME_SHELL_SESSION_MODE', 'ubuntu'), ('GTK_MODULES', 'gail:atk-bridge'), ('LC_MONETARY', 'fr_FR.UTF-8'), ('SYSTEMD_EXEC_PID', '2031'), ('DBUS_SESSION_BUS_ADDRESS', 'unix:path=/run/user/1000/bus'), ('COLORTERM', 'truecolor'), ('ROS_DISTRO', 'humble'), ('GTK_IM_MODULE', 'ibus'), ('LOGNAME', 'nicolas'), ('_', '/usr/bin/colcon'), ('ROS_VERSION', '2'), ('XDG_SESSION_CLASS', 'user'), ('USERNAME', 'nicolas'), ('TERM', 'xterm-256color'), ('GNOME_DESKTOP_SESSION_ID', 'this-is-deprecated'), ('ROS_LOCALHOST_ONLY', '0'), ('WINDOWPATH', '2'), ('PATH', '/opt/ros/humble/bin:/home/nicolas/.local/bin:/usr/local/sbin:/usr/local/bin:/usr/sbin:/usr/bin:/sbin:/bin:/usr/games:/usr/local/games:/snap/bin:/snap/bin:/opt/xtensa-esp-elf/bin/'), ('SESSION_MANAGER', 'local/nicolas-Deputy-P60:@/tmp/.ICE-unix/2007,unix/nicolas-Deputy-P60:/tmp/.ICE-unix/2007'), ('XDG_MENU_PREFIX', 'gnome-'), ('LC_ADDRESS', 'fr_FR.UTF-8'), ('GNOME_TERMINAL_SCREEN', '/org/gnome/Terminal/screen/cf15e979_cfb8_4291_85e2_f9e5f35140d0'), ('XDG_RUNTIME_DIR', '/run/user/1000'), ('DISPLAY', ':1'), ('LANG', 'en_US.UTF-8'), ('XDG_CURRENT_DESKTOP', 'ubuntu:GNOME'), ('LC_TELEPHONE', 'fr_FR.UTF-8'), ('XMODIFIERS', '@im=ibus'), ('XDG_SESSION_DESKTOP', 'ubuntu'), ('XAUTHORITY', '/run/user/1000/gdm/Xauthority'), ('LS_COLORS', 'rs=0:di=01;34:ln=01;36:mh=00:pi=40;33:so=01;35:do=01;35:bd=40;33;01:cd=40;33;01:or=40;31;01:mi=00:su=37;41:sg=30;43:ca=30;41:tw=30;42:ow=34;42:st=37;44:ex=01;32:*.tar=01;31:*.tgz=01;31:*.arc=01;31:*.arj=01;31:*.taz=01;31:*.lha=01;31:*.lz4=01;31:*.lzh=01;31:*.lzma=01;31:*.tlz=01;31:*.txz=01;31:*.tzo=01;31:*.t7z=01;31:*.zip=01;31:*.z=01;31:*.dz=01;31:*.gz=01;31:*.lrz=01;31:*.lz=01;31:*.lzo=01;31:*.xz=01;31:*.zst=01;31:*.tzst=01;31:*.bz2=01;31:*.bz=01;31:*.tbz=01;31:*.tbz2=01;31:*.tz=01;31:*.deb=01;31:*.rpm=01;31:*.jar=01;31:*.war=01;31:*.ear=01;31:*.sar=01;31:*.rar=01;31:*.alz=01;31:*.ace=01;31:*.zoo=01;31:*.cpio=01;31:*.7z=01;31:*.rz=01;31:*.cab=01;31:*.wim=01;31:*.swm=01;31:*.dwm=01;31:*.esd=01;31:*.jpg=01;35:*.jpeg=01;35:*.mjpg=01;35:*.mjpeg=01;35:*.gif=01;35:*.bmp=01;35:*.pbm=01;35:*.pgm=01;35:*.ppm=01;35:*.tga=01;35:*.xbm=01;35:*.xpm=01;35:*.tif=01;35:*.tiff=01;35:*.png=01;35:*.svg=01;35:*.svgz=01;35:*.mng=01;35:*.pcx=01;35:*.mov=01;35:*.mpg=01;35:*.mpeg=01;35:*.m2v=01;35:*.mkv=01;35:*.webm=01;35:*.webp=01;35:*.ogm=01;35:*.mp4=01;35:*.m4v=01;35:*.mp4v=01;35:*.vob=01;35:*.qt=01;35:*.nuv=01;35:*.wmv=01;35:*.asf=01;35:*.rm=01;35:*.rmvb=01;35:*.flc=01;35:*.avi=01;35:*.fli=01;35:*.flv=01;35:*.gl=01;35:*.dl=01;35:*.xcf=01;35:*.xwd=01;35:*.yuv=01;35:*.cgm=01;35:*.emf=01;35:*.ogv=01;35:*.ogx=01;35:*.aac=00;36:*.au=00;36:*.flac=00;36:*.m4a=00;36:*.mid=00;36:*.midi=00;36:*.mka=00;36:*.mp3=00;36:*.mpc=00;36:*.ogg=00;36:*.ra=00;36:*.wav=00;36:*.oga=00;36:*.opus=00;36:*.spx=00;36:*.xspf=00;36:'), ('GNOME_TERMINAL_SERVICE', ':1.228'), ('SSH_AGENT_LAUNCHER', 'gnome-keyring'), ('SSH_AUTH_SOCK', '/run/user/1000/keyring/ssh'), ('AMENT_PREFIX_PATH', '/opt/ros/humble'), ('SHELL', '/bin/bash'), ('LC_NAME', 'fr_FR.UTF-8'), ('QT_ACCESSIBILITY', '1'), ('GDMSESSION', 'ubuntu'), ('LESSCLOSE', '/usr/bin/lesspipe %s %s'), ('LC_MEASUREMENT', 'fr_FR.UTF-8'), ('GPG_AGENT_INFO', '/run/user/1000/gnupg/S.gpg-agent:0:1'), ('LC_IDENTIFICATION', 'fr_FR.UTF-8'), ('QT_IM_MODULE', 'ibus'), ('PWD', '/home/nicolas/ws_ros2/build/rtabmap_slam_pkg'), ('LC_ALL', 'en_US.UTF-8'), ('XDG_CONFIG_DIRS', '/etc/xdg/xdg-ubuntu:/etc/xdg'), ('XDG_DATA_DIRS', '/usr/share/ubuntu:/usr/share/gnome:/usr/local/share/:/usr/share/:/var/lib/snapd/desktop'), ('PYTHONPATH', '/opt/ros/humble/lib/python3.10/site-packages:/opt/ros/humble/local/lib/python3.10/dist-packages'), ('LC_NUMERIC', 'fr_FR.UTF-8'), ('LC_PAPER', 'fr_FR.UTF-8'), ('COLCON', '1'), ('VTE_VERSION', '6800'), ('CMAKE_PREFIX_PATH', '/opt/ros/humble')]), 'shell': False}
[0.231576] (rtabmap_slam_pkg) CommandEnded: {'returncode': 0}
[0.232309] (rtabmap_slam_pkg) JobProgress: {'identifier': 'rtabmap_slam_pkg', 'progress': 'install'}
[0.239589] (rtabmap_slam_pkg) Command: {'cmd': ['/usr/bin/cmake', '--install', '/home/nicolas/ws_ros2/build/rtabmap_slam_pkg'], 'cwd': '/home/nicolas/ws_ros2/build/rtabmap_slam_pkg', 'env': OrderedDict([('LESSOPEN', '| /usr/bin/lesspipe %s'), ('USER', 'nicolas'), ('LC_TIME', 'fr_FR.UTF-8'), ('XDG_SESSION_TYPE', 'x11'), ('SHLVL', '1'), ('LD_LIBRARY_PATH', '/opt/ros/humble/opt/rviz_ogre_vendor/lib:/opt/ros/humble/lib/x86_64-linux-gnu:/opt/ros/humble/lib'), ('HOME', '/home/nicolas'), ('OLDPWD', '/home/nicolas'), ('DESKTOP_SESSION', 'ubuntu'), ('ROS_PYTHON_VERSION', '3'), ('GNOME_SHELL_SESSION_MODE', 'ubuntu'), ('GTK_MODULES', 'gail:atk-bridge'), ('LC_MONETARY', 'fr_FR.UTF-8'), ('SYSTEMD_EXEC_PID', '2031'), ('DBUS_SESSION_BUS_ADDRESS', 'unix:path=/run/user/1000/bus'), ('COLORTERM', 'truecolor'), ('ROS_DISTRO', 'humble'), ('GTK_IM_MODULE', 'ibus'), ('LOGNAME', 'nicolas'), ('_', '/usr/bin/colcon'), ('ROS_VERSION', '2'), ('XDG_SESSION_CLASS', 'user'), ('USERNAME', 'nicolas'), ('TERM', 'xterm-256color'), ('GNOME_DESKTOP_SESSION_ID', 'this-is-deprecated'), ('ROS_LOCALHOST_ONLY', '0'), ('WINDOWPATH', '2'), ('PATH', '/opt/ros/humble/bin:/home/nicolas/.local/bin:/usr/local/sbin:/usr/local/bin:/usr/sbin:/usr/bin:/sbin:/bin:/usr/games:/usr/local/games:/snap/bin:/snap/bin:/opt/xtensa-esp-elf/bin/'), ('SESSION_MANAGER', 'local/nicolas-Deputy-P60:@/tmp/.ICE-unix/2007,unix/nicolas-Deputy-P60:/tmp/.ICE-unix/2007'), ('XDG_MENU_PREFIX', 'gnome-'), ('LC_ADDRESS', 'fr_FR.UTF-8'), ('GNOME_TERMINAL_SCREEN', '/org/gnome/Terminal/screen/cf15e979_cfb8_4291_85e2_f9e5f35140d0'), ('XDG_RUNTIME_DIR', '/run/user/1000'), ('DISPLAY', ':1'), ('LANG', 'en_US.UTF-8'), ('XDG_CURRENT_DESKTOP', 'ubuntu:GNOME'), ('LC_TELEPHONE', 'fr_FR.UTF-8'), ('XMODIFIERS', '@im=ibus'), ('XDG_SESSION_DESKTOP', 'ubuntu'), ('XAUTHORITY', '/run/user/1000/gdm/Xauthority'), ('LS_COLORS', 'rs=0:di=01;34:ln=01;36:mh=00:pi=40;33:so=01;35:do=01;35:bd=40;33;01:cd=40;33;01:or=40;31;01:mi=00:su=37;41:sg=30;43:ca=30;41:tw=30;42:ow=34;42:st=37;44:ex=01;32:*.tar=01;31:*.tgz=01;31:*.arc=01;31:*.arj=01;31:*.taz=01;31:*.lha=01;31:*.lz4=01;31:*.lzh=01;31:*.lzma=01;31:*.tlz=01;31:*.txz=01;31:*.tzo=01;31:*.t7z=01;31:*.zip=01;31:*.z=01;31:*.dz=01;31:*.gz=01;31:*.lrz=01;31:*.lz=01;31:*.lzo=01;31:*.xz=01;31:*.zst=01;31:*.tzst=01;31:*.bz2=01;31:*.bz=01;31:*.tbz=01;31:*.tbz2=01;31:*.tz=01;31:*.deb=01;31:*.rpm=01;31:*.jar=01;31:*.war=01;31:*.ear=01;31:*.sar=01;31:*.rar=01;31:*.alz=01;31:*.ace=01;31:*.zoo=01;31:*.cpio=01;31:*.7z=01;31:*.rz=01;31:*.cab=01;31:*.wim=01;31:*.swm=01;31:*.dwm=01;31:*.esd=01;31:*.jpg=01;35:*.jpeg=01;35:*.mjpg=01;35:*.mjpeg=01;35:*.gif=01;35:*.bmp=01;35:*.pbm=01;35:*.pgm=01;35:*.ppm=01;35:*.tga=01;35:*.xbm=01;35:*.xpm=01;35:*.tif=01;35:*.tiff=01;35:*.png=01;35:*.svg=01;35:*.svgz=01;35:*.mng=01;35:*.pcx=01;35:*.mov=01;35:*.mpg=01;35:*.mpeg=01;35:*.m2v=01;35:*.mkv=01;35:*.webm=01;35:*.webp=01;35:*.ogm=01;35:*.mp4=01;35:*.m4v=01;35:*.mp4v=01;35:*.vob=01;35:*.qt=01;35:*.nuv=01;35:*.wmv=01;35:*.asf=01;35:*.rm=01;35:*.rmvb=01;35:*.flc=01;35:*.avi=01;35:*.fli=01;35:*.flv=01;35:*.gl=01;35:*.dl=01;35:*.xcf=01;35:*.xwd=01;35:*.yuv=01;35:*.cgm=01;35:*.emf=01;35:*.ogv=01;35:*.ogx=01;35:*.aac=00;36:*.au=00;36:*.flac=00;36:*.m4a=00;36:*.mid=00;36:*.midi=00;36:*.mka=00;36:*.mp3=00;36:*.mpc=00;36:*.ogg=00;36:*.ra=00;36:*.wav=00;36:*.oga=00;36:*.opus=00;36:*.spx=00;36:*.xspf=00;36:'), ('GNOME_TERMINAL_SERVICE', ':1.228'), ('SSH_AGENT_LAUNCHER', 'gnome-keyring'), ('SSH_AUTH_SOCK', '/run/user/1000/keyring/ssh'), ('AMENT_PREFIX_PATH', '/opt/ros/humble'), ('SHELL', '/bin/bash'), ('LC_NAME', 'fr_FR.UTF-8'), ('QT_ACCESSIBILITY', '1'), ('GDMSESSION', 'ubuntu'), ('LESSCLOSE', '/usr/bin/lesspipe %s %s'), ('LC_MEASUREMENT', 'fr_FR.UTF-8'), ('GPG_AGENT_INFO', '/run/user/1000/gnupg/S.gpg-agent:0:1'), ('LC_IDENTIFICATION', 'fr_FR.UTF-8'), ('QT_IM_MODULE', 'ibus'), ('PWD', '/home/nicolas/ws_ros2/build/rtabmap_slam_pkg'), ('LC_ALL', 'en_US.UTF-8'), ('XDG_CONFIG_DIRS', '/etc/xdg/xdg-ubuntu:/etc/xdg'), ('XDG_DATA_DIRS', '/usr/share/ubuntu:/usr/share/gnome:/usr/local/share/:/usr/share/:/var/lib/snapd/desktop'), ('PYTHONPATH', '/opt/ros/humble/lib/python3.10/site-packages:/opt/ros/humble/local/lib/python3.10/dist-packages'), ('LC_NUMERIC', 'fr_FR.UTF-8'), ('LC_PAPER', 'fr_FR.UTF-8'), ('COLCON', '1'), ('VTE_VERSION', '6800'), ('CMAKE_PREFIX_PATH', '/opt/ros/humble')]), 'shell': False}
[0.245610] (rtabmap_slam_pkg) StdoutLine: {'line': b'-- Install configuration: ""\n'}
[0.245789] (rtabmap_slam_pkg) StdoutLine: {'line': b'-- Up-to-date: /home/nicolas/ws_ros2/install/rtabmap_slam_pkg/share/rtabmap_slam_pkg/launch\n'}
[0.245882] (rtabmap_slam_pkg) StdoutLine: {'line': b'-- Installing: /home/nicolas/ws_ros2/install/rtabmap_slam_pkg/share/rtabmap_slam_pkg/launch/rtabmap_slam.launch.py\n'}
[0.245991] (rtabmap_slam_pkg) StdoutLine: {'line': b'-- Up-to-date: /home/nicolas/ws_ros2/install/rtabmap_slam_pkg/share/ament_index/resource_index/package_run_dependencies/rtabmap_slam_pkg\n'}
[0.246138] (rtabmap_slam_pkg) StdoutLine: {'line': b'-- Up-to-date: /home/nicolas/ws_ros2/install/rtabmap_slam_pkg/share/ament_index/resource_index/parent_prefix_path/rtabmap_slam_pkg\n'}
[0.246221] (rtabmap_slam_pkg) StdoutLine: {'line': b'-- Up-to-date: /home/nicolas/ws_ros2/install/rtabmap_slam_pkg/share/rtabmap_slam_pkg/environment/ament_prefix_path.sh\n'}
[0.246300] (rtabmap_slam_pkg) StdoutLine: {'line': b'-- Up-to-date: /home/nicolas/ws_ros2/install/rtabmap_slam_pkg/share/rtabmap_slam_pkg/environment/ament_prefix_path.dsv\n'}
[0.246380] (rtabmap_slam_pkg) StdoutLine: {'line': b'-- Up-to-date: /home/nicolas/ws_ros2/install/rtabmap_slam_pkg/share/rtabmap_slam_pkg/environment/path.sh\n'}
[0.246464] (rtabmap_slam_pkg) StdoutLine: {'line': b'-- Up-to-date: /home/nicolas/ws_ros2/install/rtabmap_slam_pkg/share/rtabmap_slam_pkg/environment/path.dsv\n'}
[0.246573] (rtabmap_slam_pkg) StdoutLine: {'line': b'-- Up-to-date: /home/nicolas/ws_ros2/install/rtabmap_slam_pkg/share/rtabmap_slam_pkg/local_setup.bash\n'}
[0.246646] (rtabmap_slam_pkg) StdoutLine: {'line': b'-- Up-to-date: /home/nicolas/ws_ros2/install/rtabmap_slam_pkg/share/rtabmap_slam_pkg/local_setup.sh\n'}
[0.246718] (rtabmap_slam_pkg) StdoutLine: {'line': b'-- Up-to-date: /home/nicolas/ws_ros2/install/rtabmap_slam_pkg/share/rtabmap_slam_pkg/local_setup.zsh\n'}
[0.246788] (rtabmap_slam_pkg) StdoutLine: {'line': b'-- Up-to-date: /home/nicolas/ws_ros2/install/rtabmap_slam_pkg/share/rtabmap_slam_pkg/local_setup.dsv\n'}
[0.246869] (rtabmap_slam_pkg) StdoutLine: {'line': b'-- Installing: /home/nicolas/ws_ros2/install/rtabmap_slam_pkg/share/rtabmap_slam_pkg/package.dsv\n'}
[0.246942] (rtabmap_slam_pkg) StdoutLine: {'line': b'-- Up-to-date: /home/nicolas/ws_ros2/install/rtabmap_slam_pkg/share/ament_index/resource_index/packages/rtabmap_slam_pkg\n'}
[0.247063] (rtabmap_slam_pkg) StdoutLine: {'line': b'-- Up-to-date: /home/nicolas/ws_ros2/install/rtabmap_slam_pkg/share/rtabmap_slam_pkg/cmake/rtabmap_slam_pkgConfig.cmake\n'}
[0.247187] (rtabmap_slam_pkg) StdoutLine: {'line': b'-- Up-to-date: /home/nicolas/ws_ros2/install/rtabmap_slam_pkg/share/rtabmap_slam_pkg/cmake/rtabmap_slam_pkgConfig-version.cmake\n'}
[0.247445] (rtabmap_slam_pkg) StdoutLine: {'line': b'-- Up-to-date: /home/nicolas/ws_ros2/install/rtabmap_slam_pkg/share/rtabmap_slam_pkg/package.xml\n'}
[0.248071] (rtabmap_slam_pkg) CommandEnded: {'returncode': 0}
[0.259937] (rtabmap_slam_pkg) JobEnded: {'identifier': 'rtabmap_slam_pkg', 'rc': 0}
[0.300092] (-) TimerEvent: {}
[0.400331] (-) TimerEvent: {}
[0.446186] (my_tf2_package) Command: {'cmd': ['/usr/bin/python3', '-W', 'ignore:setup.py install is deprecated', '-W', 'ignore:easy_install command is deprecated', 'setup.py', 'egg_info', '--egg-base', '../../build/my_tf2_package', 'build', '--build-base', '/home/nicolas/ws_ros2/build/my_tf2_package/build', 'install', '--record', '/home/nicolas/ws_ros2/build/my_tf2_package/install.log', '--single-version-externally-managed', 'install_data'], 'cwd': '/home/nicolas/ws_ros2/src/my_tf2_package', 'env': {'LESSOPEN': '| /usr/bin/lesspipe %s', 'USER': 'nicolas', 'LC_TIME': 'fr_FR.UTF-8', 'XDG_SESSION_TYPE': 'x11', 'SHLVL': '1', 'LD_LIBRARY_PATH': '/opt/ros/humble/opt/rviz_ogre_vendor/lib:/opt/ros/humble/lib/x86_64-linux-gnu:/opt/ros/humble/lib', 'HOME': '/home/nicolas', 'OLDPWD': '/home/nicolas', 'DESKTOP_SESSION': 'ubuntu', 'ROS_PYTHON_VERSION': '3', 'GNOME_SHELL_SESSION_MODE': 'ubuntu', 'GTK_MODULES': 'gail:atk-bridge', 'LC_MONETARY': 'fr_FR.UTF-8', 'SYSTEMD_EXEC_PID': '2031', 'DBUS_SESSION_BUS_ADDRESS': 'unix:path=/run/user/1000/bus', 'COLORTERM': 'truecolor', 'ROS_DISTRO': 'humble', 'GTK_IM_MODULE': 'ibus', 'LOGNAME': 'nicolas', '_': '/usr/bin/colcon', 'ROS_VERSION': '2', 'XDG_SESSION_CLASS': 'user', 'USERNAME': 'nicolas', 'TERM': 'xterm-256color', 'GNOME_DESKTOP_SESSION_ID': 'this-is-deprecated', 'ROS_LOCALHOST_ONLY': '0', 'WINDOWPATH': '2', 'PATH': '/opt/ros/humble/bin:/home/nicolas/.local/bin:/usr/local/sbin:/usr/local/bin:/usr/sbin:/usr/bin:/sbin:/bin:/usr/games:/usr/local/games:/snap/bin:/snap/bin:/opt/xtensa-esp-elf/bin/', 'SESSION_MANAGER': 'local/nicolas-Deputy-P60:@/tmp/.ICE-unix/2007,unix/nicolas-Deputy-P60:/tmp/.ICE-unix/2007', 'XDG_MENU_PREFIX': 'gnome-', 'LC_ADDRESS': 'fr_FR.UTF-8', 'GNOME_TERMINAL_SCREEN': '/org/gnome/Terminal/screen/cf15e979_cfb8_4291_85e2_f9e5f35140d0', 'XDG_RUNTIME_DIR': '/run/user/1000', 'DISPLAY': ':1', 'LANG': 'en_US.UTF-8', 'XDG_CURRENT_DESKTOP': 'ubuntu:GNOME', 'LC_TELEPHONE': 'fr_FR.UTF-8', 'XMODIFIERS': '@im=ibus', 'XDG_SESSION_DESKTOP': 'ubuntu', 'XAUTHORITY': '/run/user/1000/gdm/Xauthority', 'LS_COLORS': 'rs=0:di=01;34:ln=01;36:mh=00:pi=40;33:so=01;35:do=01;35:bd=40;33;01:cd=40;33;01:or=40;31;01:mi=00:su=37;41:sg=30;43:ca=30;41:tw=30;42:ow=34;42:st=37;44:ex=01;32:*.tar=01;31:*.tgz=01;31:*.arc=01;31:*.arj=01;31:*.taz=01;31:*.lha=01;31:*.lz4=01;31:*.lzh=01;31:*.lzma=01;31:*.tlz=01;31:*.txz=01;31:*.tzo=01;31:*.t7z=01;31:*.zip=01;31:*.z=01;31:*.dz=01;31:*.gz=01;31:*.lrz=01;31:*.lz=01;31:*.lzo=01;31:*.xz=01;31:*.zst=01;31:*.tzst=01;31:*.bz2=01;31:*.bz=01;31:*.tbz=01;31:*.tbz2=01;31:*.tz=01;31:*.deb=01;31:*.rpm=01;31:*.jar=01;31:*.war=01;31:*.ear=01;31:*.sar=01;31:*.rar=01;31:*.alz=01;31:*.ace=01;31:*.zoo=01;31:*.cpio=01;31:*.7z=01;31:*.rz=01;31:*.cab=01;31:*.wim=01;31:*.swm=01;31:*.dwm=01;31:*.esd=01;31:*.jpg=01;35:*.jpeg=01;35:*.mjpg=01;35:*.mjpeg=01;35:*.gif=01;35:*.bmp=01;35:*.pbm=01;35:*.pgm=01;35:*.ppm=01;35:*.tga=01;35:*.xbm=01;35:*.xpm=01;35:*.tif=01;35:*.tiff=01;35:*.png=01;35:*.svg=01;35:*.svgz=01;35:*.mng=01;35:*.pcx=01;35:*.mov=01;35:*.mpg=01;35:*.mpeg=01;35:*.m2v=01;35:*.mkv=01;35:*.webm=01;35:*.webp=01;35:*.ogm=01;35:*.mp4=01;35:*.m4v=01;35:*.mp4v=01;35:*.vob=01;35:*.qt=01;35:*.nuv=01;35:*.wmv=01;35:*.asf=01;35:*.rm=01;35:*.rmvb=01;35:*.flc=01;35:*.avi=01;35:*.fli=01;35:*.flv=01;35:*.gl=01;35:*.dl=01;35:*.xcf=01;35:*.xwd=01;35:*.yuv=01;35:*.cgm=01;35:*.emf=01;35:*.ogv=01;35:*.ogx=01;35:*.aac=00;36:*.au=00;36:*.flac=00;36:*.m4a=00;36:*.mid=00;36:*.midi=00;36:*.mka=00;36:*.mp3=00;36:*.mpc=00;36:*.ogg=00;36:*.ra=00;36:*.wav=00;36:*.oga=00;36:*.opus=00;36:*.spx=00;36:*.xspf=00;36:', 'GNOME_TERMINAL_SERVICE': ':1.228', 'SSH_AGENT_LAUNCHER': 'gnome-keyring', 'SSH_AUTH_SOCK': '/run/user/1000/keyring/ssh', 'AMENT_PREFIX_PATH': '/opt/ros/humble', 'SHELL': '/bin/bash', 'LC_NAME': 'fr_FR.UTF-8', 'QT_ACCESSIBILITY': '1', 'GDMSESSION': 'ubuntu', 'LESSCLOSE': '/usr/bin/lesspipe %s %s', 'LC_MEASUREMENT': 'fr_FR.UTF-8', 'GPG_AGENT_INFO': '/run/user/1000/gnupg/S.gpg-agent:0:1', 'LC_IDENTIFICATION': 'fr_FR.UTF-8', 'QT_IM_MODULE': 'ibus', 'PWD': '/home/nicolas/ws_ros2/build/my_tf2_package', 'LC_ALL': 'en_US.UTF-8', 'XDG_CONFIG_DIRS': '/etc/xdg/xdg-ubuntu:/etc/xdg', 'XDG_DATA_DIRS': '/usr/share/ubuntu:/usr/share/gnome:/usr/local/share/:/usr/share/:/var/lib/snapd/desktop', 'PYTHONPATH': '/home/nicolas/ws_ros2/build/my_tf2_package/prefix_override:/usr/lib/python3/dist-packages/colcon_core/task/python/colcon_distutils_commands:/home/nicolas/ws_ros2/install/my_tf2_package/lib/python3.10/site-packages:/opt/ros/humble/lib/python3.10/site-packages:/opt/ros/humble/local/lib/python3.10/dist-packages', 'LC_NUMERIC': 'fr_FR.UTF-8', 'LC_PAPER': 'fr_FR.UTF-8', 'COLCON': '1', 'VTE_VERSION': '6800'}, 'shell': False}
[0.500440] (-) TimerEvent: {}
[0.512303] (px4_msgs) StdoutLine: {'line': b'[  0%] Built target px4_msgs__cpp\n'}
[0.536717] (px4_msgs) StdoutLine: {'line': b'[  0%] Built target ament_cmake_python_copy_px4_msgs\n'}
[0.550231] (px4_msgs) StdoutLine: {'line': b'[ 12%] Built target px4_msgs__rosidl_generator_c\n'}
[0.603507] (-) TimerEvent: {}
[0.623765] (px4_msgs) StdoutLine: {'line': b'[ 25%] Built target px4_msgs__rosidl_typesupport_c\n'}
[0.629372] (px4_msgs) StdoutLine: {'line': b'[ 51%] Built target px4_msgs__rosidl_typesupport_introspection_cpp\n'}
[0.629875] (px4_msgs) StdoutLine: {'line': b'[ 51%] Built target px4_msgs__rosidl_typesupport_introspection_c\n'}
[0.630510] (px4_msgs) StdoutLine: {'line': b'[ 63%] Built target px4_msgs__rosidl_typesupport_cpp\n'}
[0.635994] (px4_msgs) StdoutLine: {'line': b'[ 75%] Built target px4_msgs__rosidl_typesupport_fastrtps_cpp\n'}
[0.659282] (my_tf2_package) StdoutLine: {'line': b'running egg_info\n'}
[0.660038] (my_tf2_package) StdoutLine: {'line': b'writing ../../build/my_tf2_package/my_tf2_package.egg-info/PKG-INFO\n'}
[0.660217] (my_tf2_package) StdoutLine: {'line': b'writing dependency_links to ../../build/my_tf2_package/my_tf2_package.egg-info/dependency_links.txt\n'}
[0.660337] (my_tf2_package) StdoutLine: {'line': b'writing entry points to ../../build/my_tf2_package/my_tf2_package.egg-info/entry_points.txt\n'}
[0.660424] (my_tf2_package) StdoutLine: {'line': b'writing requirements to ../../build/my_tf2_package/my_tf2_package.egg-info/requires.txt\n'}
[0.660500] (my_tf2_package) StdoutLine: {'line': b'writing top-level names to ../../build/my_tf2_package/my_tf2_package.egg-info/top_level.txt\n'}
[0.662153] (my_tf2_package) StdoutLine: {'line': b"reading manifest file '../../build/my_tf2_package/my_tf2_package.egg-info/SOURCES.txt'\n"}
[0.663019] (my_tf2_package) StdoutLine: {'line': b"writing manifest file '../../build/my_tf2_package/my_tf2_package.egg-info/SOURCES.txt'\n"}
[0.663256] (my_tf2_package) StdoutLine: {'line': b'running build\n'}
[0.663363] (my_tf2_package) StdoutLine: {'line': b'running build_py\n'}
[0.663491] (my_tf2_package) StdoutLine: {'line': b'running install\n'}
[0.663661] (my_tf2_package) StdoutLine: {'line': b'running install_lib\n'}
[0.664663] (my_tf2_package) StdoutLine: {'line': b'running install_data\n'}
[0.664787] (my_tf2_package) StdoutLine: {'line': b'running install_egg_info\n'}
[0.666502] (my_tf2_package) StdoutLine: {'line': b"removing '/home/nicolas/ws_ros2/install/my_tf2_package/lib/python3.10/site-packages/my_tf2_package-0.0.0-py3.10.egg-info' (and everything under it)\n"}
[0.666722] (my_tf2_package) StdoutLine: {'line': b'Copying ../../build/my_tf2_package/my_tf2_package.egg-info to /home/nicolas/ws_ros2/install/my_tf2_package/lib/python3.10/site-packages/my_tf2_package-0.0.0-py3.10.egg-info\n'}
[0.667271] (my_tf2_package) StdoutLine: {'line': b'running install_scripts\n'}
[0.683536] (my_tf2_package) StdoutLine: {'line': b'Installing drone_tf_node script to /home/nicolas/ws_ros2/install/my_tf2_package/lib/my_tf2_package\n'}
[0.683798] (my_tf2_package) StdoutLine: {'line': b"writing list of installed files to '/home/nicolas/ws_ros2/build/my_tf2_package/install.log'\n"}
[0.696294] (px4_msgs) StdoutLine: {'line': b'[ 88%] Built target px4_msgs__rosidl_typesupport_fastrtps_c\n'}
[0.703586] (-) TimerEvent: {}
[0.705199] (my_tf2_package) CommandEnded: {'returncode': 0}
[0.710509] (my_tf2_package) JobEnded: {'identifier': 'my_tf2_package', 'rc': 0}
[0.713709] (px4_msgs) StdoutLine: {'line': b'[ 88%] Built target px4_msgs\n'}
[0.746149] (px4_msgs) StdoutLine: {'line': b'[ 88%] Built target px4_msgs__py\n'}
[0.764556] (px4_msgs) StdoutLine: {'line': b'running egg_info\n'}
[0.765082] (px4_msgs) StdoutLine: {'line': b'writing px4_msgs.egg-info/PKG-INFO\n'}
[0.765205] (px4_msgs) StdoutLine: {'line': b'writing dependency_links to px4_msgs.egg-info/dependency_links.txt\n'}
[0.765296] (px4_msgs) StdoutLine: {'line': b'writing top-level names to px4_msgs.egg-info/top_level.txt\n'}
[0.768627] (px4_msgs) StdoutLine: {'line': b"reading manifest file 'px4_msgs.egg-info/SOURCES.txt'\n"}
[0.771010] (px4_msgs) StdoutLine: {'line': b"writing manifest file 'px4_msgs.egg-info/SOURCES.txt'\n"}
[0.790308] (px4_msgs) StdoutLine: {'line': b'[ 88%] Built target ament_cmake_python_build_px4_msgs_egg\n'}
[0.803675] (-) TimerEvent: {}
[0.836199] (px4_msgs) StdoutLine: {'line': b'[100%] Built target px4_msgs__rosidl_generator_py\n'}
[0.854518] (px4_msgs) StdoutLine: {'line': b'[100%] Built target px4_msgs__rosidl_typesupport_fastrtps_c__pyext\n'}
[0.854669] (px4_msgs) StdoutLine: {'line': b'[100%] Built target px4_msgs__rosidl_typesupport_c__pyext\n'}
[0.854706] (px4_msgs) StdoutLine: {'line': b'[100%] Built target px4_msgs__rosidl_typesupport_introspection_c__pyext\n'}
[0.865373] (px4_msgs) CommandEnded: {'returncode': 0}
[0.865891] (px4_msgs) JobProgress: {'identifier': 'px4_msgs', 'progress': 'install'}
[0.866045] (px4_msgs) Command: {'cmd': ['/usr/bin/cmake', '--install', '/home/nicolas/ws_ros2/build/px4_msgs'], 'cwd': '/home/nicolas/ws_ros2/build/px4_msgs', 'env': OrderedDict([('LESSOPEN', '| /usr/bin/lesspipe %s'), ('USER', 'nicolas'), ('LC_TIME', 'fr_FR.UTF-8'), ('XDG_SESSION_TYPE', 'x11'), ('SHLVL', '1'), ('LD_LIBRARY_PATH', '/opt/ros/humble/opt/rviz_ogre_vendor/lib:/opt/ros/humble/lib/x86_64-linux-gnu:/opt/ros/humble/lib'), ('HOME', '/home/nicolas'), ('OLDPWD', '/home/nicolas'), ('DESKTOP_SESSION', 'ubuntu'), ('ROS_PYTHON_VERSION', '3'), ('GNOME_SHELL_SESSION_MODE', 'ubuntu'), ('GTK_MODULES', 'gail:atk-bridge'), ('LC_MONETARY', 'fr_FR.UTF-8'), ('SYSTEMD_EXEC_PID', '2031'), ('DBUS_SESSION_BUS_ADDRESS', 'unix:path=/run/user/1000/bus'), ('COLORTERM', 'truecolor'), ('ROS_DISTRO', 'humble'), ('GTK_IM_MODULE', 'ibus'), ('LOGNAME', 'nicolas'), ('_', '/usr/bin/colcon'), ('ROS_VERSION', '2'), ('XDG_SESSION_CLASS', 'user'), ('USERNAME', 'nicolas'), ('TERM', 'xterm-256color'), ('GNOME_DESKTOP_SESSION_ID', 'this-is-deprecated'), ('ROS_LOCALHOST_ONLY', '0'), ('WINDOWPATH', '2'), ('PATH', '/opt/ros/humble/bin:/home/nicolas/.local/bin:/usr/local/sbin:/usr/local/bin:/usr/sbin:/usr/bin:/sbin:/bin:/usr/games:/usr/local/games:/snap/bin:/snap/bin:/opt/xtensa-esp-elf/bin/'), ('SESSION_MANAGER', 'local/nicolas-Deputy-P60:@/tmp/.ICE-unix/2007,unix/nicolas-Deputy-P60:/tmp/.ICE-unix/2007'), ('XDG_MENU_PREFIX', 'gnome-'), ('LC_ADDRESS', 'fr_FR.UTF-8'), ('GNOME_TERMINAL_SCREEN', '/org/gnome/Terminal/screen/cf15e979_cfb8_4291_85e2_f9e5f35140d0'), ('XDG_RUNTIME_DIR', '/run/user/1000'), ('DISPLAY', ':1'), ('LANG', 'en_US.UTF-8'), ('XDG_CURRENT_DESKTOP', 'ubuntu:GNOME'), ('LC_TELEPHONE', 'fr_FR.UTF-8'), ('XMODIFIERS', '@im=ibus'), ('XDG_SESSION_DESKTOP', 'ubuntu'), ('XAUTHORITY', '/run/user/1000/gdm/Xauthority'), ('LS_COLORS', 'rs=0:di=01;34:ln=01;36:mh=00:pi=40;33:so=01;35:do=01;35:bd=40;33;01:cd=40;33;01:or=40;31;01:mi=00:su=37;41:sg=30;43:ca=30;41:tw=30;42:ow=34;42:st=37;44:ex=01;32:*.tar=01;31:*.tgz=01;31:*.arc=01;31:*.arj=01;31:*.taz=01;31:*.lha=01;31:*.lz4=01;31:*.lzh=01;31:*.lzma=01;31:*.tlz=01;31:*.txz=01;31:*.tzo=01;31:*.t7z=01;31:*.zip=01;31:*.z=01;31:*.dz=01;31:*.gz=01;31:*.lrz=01;31:*.lz=01;31:*.lzo=01;31:*.xz=01;31:*.zst=01;31:*.tzst=01;31:*.bz2=01;31:*.bz=01;31:*.tbz=01;31:*.tbz2=01;31:*.tz=01;31:*.deb=01;31:*.rpm=01;31:*.jar=01;31:*.war=01;31:*.ear=01;31:*.sar=01;31:*.rar=01;31:*.alz=01;31:*.ace=01;31:*.zoo=01;31:*.cpio=01;31:*.7z=01;31:*.rz=01;31:*.cab=01;31:*.wim=01;31:*.swm=01;31:*.dwm=01;31:*.esd=01;31:*.jpg=01;35:*.jpeg=01;35:*.mjpg=01;35:*.mjpeg=01;35:*.gif=01;35:*.bmp=01;35:*.pbm=01;35:*.pgm=01;35:*.ppm=01;35:*.tga=01;35:*.xbm=01;35:*.xpm=01;35:*.tif=01;35:*.tiff=01;35:*.png=01;35:*.svg=01;35:*.svgz=01;35:*.mng=01;35:*.pcx=01;35:*.mov=01;35:*.mpg=01;35:*.mpeg=01;35:*.m2v=01;35:*.mkv=01;35:*.webm=01;35:*.webp=01;35:*.ogm=01;35:*.mp4=01;35:*.m4v=01;35:*.mp4v=01;35:*.vob=01;35:*.qt=01;35:*.nuv=01;35:*.wmv=01;35:*.asf=01;35:*.rm=01;35:*.rmvb=01;35:*.flc=01;35:*.avi=01;35:*.fli=01;35:*.flv=01;35:*.gl=01;35:*.dl=01;35:*.xcf=01;35:*.xwd=01;35:*.yuv=01;35:*.cgm=01;35:*.emf=01;35:*.ogv=01;35:*.ogx=01;35:*.aac=00;36:*.au=00;36:*.flac=00;36:*.m4a=00;36:*.mid=00;36:*.midi=00;36:*.mka=00;36:*.mp3=00;36:*.mpc=00;36:*.ogg=00;36:*.ra=00;36:*.wav=00;36:*.oga=00;36:*.opus=00;36:*.spx=00;36:*.xspf=00;36:'), ('GNOME_TERMINAL_SERVICE', ':1.228'), ('SSH_AGENT_LAUNCHER', 'gnome-keyring'), ('SSH_AUTH_SOCK', '/run/user/1000/keyring/ssh'), ('AMENT_PREFIX_PATH', '/opt/ros/humble'), ('SHELL', '/bin/bash'), ('LC_NAME', 'fr_FR.UTF-8'), ('QT_ACCESSIBILITY', '1'), ('GDMSESSION', 'ubuntu'), ('LESSCLOSE', '/usr/bin/lesspipe %s %s'), ('LC_MEASUREMENT', 'fr_FR.UTF-8'), ('GPG_AGENT_INFO', '/run/user/1000/gnupg/S.gpg-agent:0:1'), ('LC_IDENTIFICATION', 'fr_FR.UTF-8'), ('QT_IM_MODULE', 'ibus'), ('PWD', '/home/nicolas/ws_ros2/build/px4_msgs'), ('LC_ALL', 'en_US.UTF-8'), ('XDG_CONFIG_DIRS', '/etc/xdg/xdg-ubuntu:/etc/xdg'), ('XDG_DATA_DIRS', '/usr/share/ubuntu:/usr/share/gnome:/usr/local/share/:/usr/share/:/var/lib/snapd/desktop'), ('PYTHONPATH', '/opt/ros/humble/lib/python3.10/site-packages:/opt/ros/humble/local/lib/python3.10/dist-packages'), ('LC_NUMERIC', 'fr_FR.UTF-8'), ('LC_PAPER', 'fr_FR.UTF-8'), ('COLCON', '1'), ('VTE_VERSION', '6800'), ('CMAKE_PREFIX_PATH', '/opt/ros/humble')]), 'shell': False}
[0.873495] (px4_msgs) StdoutLine: {'line': b'-- Install configuration: ""\n'}
[0.873601] (px4_msgs) StdoutLine: {'line': b'-- Up-to-date: /home/nicolas/ws_ros2/install/px4_msgs/share/ament_index/resource_index/rosidl_interfaces/px4_msgs\n'}
[0.873640] (px4_msgs) StdoutLine: {'line': b'-- Up-to-date: /home/nicolas/ws_ros2/install/px4_msgs/include/px4_msgs/px4_msgs\n'}
[0.873675] (px4_msgs) StdoutLine: {'line': b'-- Up-to-date: /home/nicolas/ws_ros2/install/px4_msgs/include/px4_msgs/px4_msgs/srv\n'}
[0.873707] (px4_msgs) StdoutLine: {'line': b'-- Up-to-date: /home/nicolas/ws_ros2/install/px4_msgs/include/px4_msgs/px4_msgs/srv/detail\n'}
[0.873737] (px4_msgs) StdoutLine: {'line': b'-- Up-to-date: /home/nicolas/ws_ros2/install/px4_msgs/include/px4_msgs/px4_msgs/srv/detail/vehicle_command__type_support.h\n'}
[0.873770] (px4_msgs) StdoutLine: {'line': b'-- Up-to-date: /home/nicolas/ws_ros2/install/px4_msgs/include/px4_msgs/px4_msgs/srv/detail/vehicle_command__struct.h\n'}
[0.873812] (px4_msgs) StdoutLine: {'line': b'-- Up-to-date: /home/nicolas/ws_ros2/install/px4_msgs/include/px4_msgs/px4_msgs/srv/detail/vehicle_command__functions.c\n'}
[0.873905] (px4_msgs) StdoutLine: {'line': b'-- Up-to-date: /home/nicolas/ws_ros2/install/px4_msgs/include/px4_msgs/px4_msgs/srv/detail/vehicle_command__functions.h\n'}
[0.873980] (px4_msgs) StdoutLine: {'line': b'-- Up-to-date: /home/nicolas/ws_ros2/install/px4_msgs/include/px4_msgs/px4_msgs/srv/vehicle_command.h\n'}
[0.874019] (px4_msgs) StdoutLine: {'line': b'-- Up-to-date: /home/nicolas/ws_ros2/install/px4_msgs/include/px4_msgs/px4_msgs/msg\n'}
[0.874057] (px4_msgs) StdoutLine: {'line': b'-- Up-to-date: /home/nicolas/ws_ros2/install/px4_msgs/include/px4_msgs/px4_msgs/msg/distance_sensor.h\n'}
[0.874094] (px4_msgs) StdoutLine: {'line': b'-- Up-to-date: /home/nicolas/ws_ros2/install/px4_msgs/include/px4_msgs/px4_msgs/msg/airspeed.h\n'}
[0.874129] (px4_msgs) StdoutLine: {'line': b'-- Up-to-date: /home/nicolas/ws_ros2/install/px4_msgs/include/px4_msgs/px4_msgs/msg/actuator_armed.h\n'}
[0.874164] (px4_msgs) StdoutLine: {'line': b'-- Up-to-date: /home/nicolas/ws_ros2/install/px4_msgs/include/px4_msgs/px4_msgs/msg/debug_key_value.h\n'}
[0.874199] (px4_msgs) StdoutLine: {'line': b'-- Up-to-date: /home/nicolas/ws_ros2/install/px4_msgs/include/px4_msgs/px4_msgs/msg/sensor_gnss_status.h\n'}
[0.874234] (px4_msgs) StdoutLine: {'line': b'-- Up-to-date: /home/nicolas/ws_ros2/install/px4_msgs/include/px4_msgs/px4_msgs/msg/fixed_wing_longitudinal_setpoint.h\n'}
[0.874270] (px4_msgs) StdoutLine: {'line': b'-- Up-to-date: /home/nicolas/ws_ros2/install/px4_msgs/include/px4_msgs/px4_msgs/msg/actuator_controls_status.h\n'}
[0.874304] (px4_msgs) StdoutLine: {'line': b'-- Up-to-date: /home/nicolas/ws_ros2/install/px4_msgs/include/px4_msgs/px4_msgs/msg/gimbal_device_set_attitude.h\n'}
[0.874338] (px4_msgs) StdoutLine: {'line': b'-- Up-to-date: /home/nicolas/ws_ros2/install/px4_msgs/include/px4_msgs/px4_msgs/msg/message_format_response.h\n'}
[0.874372] (px4_msgs) StdoutLine: {'line': b'-- Up-to-date: /home/nicolas/ws_ros2/install/px4_msgs/include/px4_msgs/px4_msgs/msg/pwm_input.h\n'}
[0.874419] (px4_msgs) StdoutLine: {'line': b'-- Up-to-date: /home/nicolas/ws_ros2/install/px4_msgs/include/px4_msgs/px4_msgs/msg/vehicle_angular_acceleration_setpoint.h\n'}
[0.874462] (px4_msgs) StdoutLine: {'line': b'-- Up-to-date: /home/nicolas/ws_ros2/install/px4_msgs/include/px4_msgs/px4_msgs/msg/sensor_accel.h\n'}
[0.874498] (px4_msgs) StdoutLine: {'line': b'-- Up-to-date: /home/nicolas/ws_ros2/install/px4_msgs/include/px4_msgs/px4_msgs/msg/vehicle_torque_setpoint.h\n'}
[0.874532] (px4_msgs) StdoutLine: {'line': b'-- Up-to-date: /home/nicolas/ws_ros2/install/px4_msgs/include/px4_msgs/px4_msgs/msg/parameter_reset_request.h\n'}
[0.874567] (px4_msgs) StdoutLine: {'line': b'-- Up-to-date: /home/nicolas/ws_ros2/install/px4_msgs/include/px4_msgs/px4_msgs/msg/vehicle_land_detected.h\n'}
[0.874601] (px4_msgs) StdoutLine: {'line': b'-- Up-to-date: /home/nicolas/ws_ros2/install/px4_msgs/include/px4_msgs/px4_msgs/msg/dataman_request.h\n'}
[0.874635] (px4_msgs) StdoutLine: {'line': b'-- Up-to-date: /home/nicolas/ws_ros2/install/px4_msgs/include/px4_msgs/px4_msgs/msg/rate_ctrl_status.h\n'}
[0.874670] (px4_msgs) StdoutLine: {'line': b'-- Up-to-date: /home/nicolas/ws_ros2/install/px4_msgs/include/px4_msgs/px4_msgs/msg/sensor_gnss_relative.h\n'}
[0.874789] (px4_msgs) StdoutLine: {'line': b'-- Up-to-date: /home/nicolas/ws_ros2/install/px4_msgs/include/px4_msgs/px4_msgs/msg/rc_parameter_map.h\n'}
[0.874828] (px4_msgs) StdoutLine: {'line': b'-- Up-to-date: /home/nicolas/ws_ros2/install/px4_msgs/include/px4_msgs/px4_msgs/msg/distance_sensor_mode_change_request.h\n'}
[0.874864] (px4_msgs) StdoutLine: {'line': b'-- Up-to-date: /home/nicolas/ws_ros2/install/px4_msgs/include/px4_msgs/px4_msgs/msg/orbit_status.h\n'}
[0.874898] (px4_msgs) StdoutLine: {'line': b'-- Up-to-date: /home/nicolas/ws_ros2/install/px4_msgs/include/px4_msgs/px4_msgs/msg/gimbal_manager_status.h\n'}
[0.874933] (px4_msgs) StdoutLine: {'line': b'-- Up-to-date: /home/nicolas/ws_ros2/install/px4_msgs/include/px4_msgs/px4_msgs/msg/system_power.h\n'}
[0.874967] (px4_msgs) StdoutLine: {'line': b'-- Up-to-date: /home/nicolas/ws_ros2/install/px4_msgs/include/px4_msgs/px4_msgs/msg/neural_control.h\n'}
[0.875018] (px4_msgs) StdoutLine: {'line': b'-- Up-to-date: /home/nicolas/ws_ros2/install/px4_msgs/include/px4_msgs/px4_msgs/msg/px4io_status.h\n'}
[0.875054] (px4_msgs) StdoutLine: {'line': b'-- Up-to-date: /home/nicolas/ws_ros2/install/px4_msgs/include/px4_msgs/px4_msgs/msg/vehicle_attitude.h\n'}
[0.875089] (px4_msgs) StdoutLine: {'line': b'-- Up-to-date: /home/nicolas/ws_ros2/install/px4_msgs/include/px4_msgs/px4_msgs/msg/manual_control_setpoint.h\n'}
[0.875125] (px4_msgs) StdoutLine: {'line': b'-- Up-to-date: /home/nicolas/ws_ros2/install/px4_msgs/include/px4_msgs/px4_msgs/msg/sensor_optical_flow.h\n'}
[0.875160] (px4_msgs) StdoutLine: {'line': b'-- Up-to-date: /home/nicolas/ws_ros2/install/px4_msgs/include/px4_msgs/px4_msgs/msg/cellular_status.h\n'}
[0.875194] (px4_msgs) StdoutLine: {'line': b'-- Up-to-date: /home/nicolas/ws_ros2/install/px4_msgs/include/px4_msgs/px4_msgs/msg/rover_throttle_setpoint.h\n'}
[0.875228] (px4_msgs) StdoutLine: {'line': b'-- Up-to-date: /home/nicolas/ws_ros2/install/px4_msgs/include/px4_msgs/px4_msgs/msg/onboard_computer_status.h\n'}
[0.875262] (px4_msgs) StdoutLine: {'line': b'-- Up-to-date: /home/nicolas/ws_ros2/install/px4_msgs/include/px4_msgs/px4_msgs/msg/sensor_hygrometer.h\n'}
[0.875297] (px4_msgs) StdoutLine: {'line': b'-- Up-to-date: /home/nicolas/ws_ros2/install/px4_msgs/include/px4_msgs/px4_msgs/msg/offboard_control_mode.h\n'}
[0.875331] (px4_msgs) StdoutLine: {'line': b'-- Up-to-date: /home/nicolas/ws_ros2/install/px4_msgs/include/px4_msgs/px4_msgs/msg/fixed_wing_lateral_guidance_status.h\n'}
[0.875373] (px4_msgs) StdoutLine: {'line': b'-- Up-to-date: /home/nicolas/ws_ros2/install/px4_msgs/include/px4_msgs/px4_msgs/msg/fuel_tank_status.h\n'}
[0.875407] (px4_msgs) StdoutLine: {'line': b'-- Up-to-date: /home/nicolas/ws_ros2/install/px4_msgs/include/px4_msgs/px4_msgs/msg/vehicle_optical_flow.h\n'}
[0.875488] (px4_msgs) StdoutLine: {'line': b'-- Up-to-date: /home/nicolas/ws_ros2/install/px4_msgs/include/px4_msgs/px4_msgs/msg/battery_info.h\n'}
[0.875602] (px4_msgs) StdoutLine: {'line': b'-- Up-to-date: /home/nicolas/ws_ros2/install/px4_msgs/include/px4_msgs/px4_msgs/msg/orb_test.h\n'}
[0.875638] (px4_msgs) StdoutLine: {'line': b'-- Up-to-date: /home/nicolas/ws_ros2/install/px4_msgs/include/px4_msgs/px4_msgs/msg/sensors_status.h\n'}
[0.875673] (px4_msgs) StdoutLine: {'line': b'-- Up-to-date: /home/nicolas/ws_ros2/install/px4_msgs/include/px4_msgs/px4_msgs/msg/battery_status.h\n'}
[0.875707] (px4_msgs) StdoutLine: {'line': b'-- Up-to-date: /home/nicolas/ws_ros2/install/px4_msgs/include/px4_msgs/px4_msgs/msg/gps_inject_data.h\n'}
[0.875742] (px4_msgs) StdoutLine: {'line': b'-- Up-to-date: /home/nicolas/ws_ros2/install/px4_msgs/include/px4_msgs/px4_msgs/msg/unregister_ext_component.h\n'}
[0.875777] (px4_msgs) StdoutLine: {'line': b'-- Up-to-date: /home/nicolas/ws_ros2/install/px4_msgs/include/px4_msgs/px4_msgs/msg/mission_result.h\n'}
[0.875811] (px4_msgs) StdoutLine: {'line': b'-- Up-to-date: /home/nicolas/ws_ros2/install/px4_msgs/include/px4_msgs/px4_msgs/msg/debug_array.h\n'}
[0.875866] (px4_msgs) StdoutLine: {'line': b'-- Up-to-date: /home/nicolas/ws_ros2/install/px4_msgs/include/px4_msgs/px4_msgs/msg/manual_control_switches.h\n'}
[0.875904] (px4_msgs) StdoutLine: {'line': b'-- Up-to-date: /home/nicolas/ws_ros2/install/px4_msgs/include/px4_msgs/px4_msgs/msg/actuator_outputs.h\n'}
[0.875985] (px4_msgs) StdoutLine: {'line': b'-- Up-to-date: /home/nicolas/ws_ros2/install/px4_msgs/include/px4_msgs/px4_msgs/msg/ulog_stream.h\n'}
[0.876023] (px4_msgs) StdoutLine: {'line': b'-- Up-to-date: /home/nicolas/ws_ros2/install/px4_msgs/include/px4_msgs/px4_msgs/msg/home_position.h\n'}
[0.876058] (px4_msgs) StdoutLine: {'line': b'-- Up-to-date: /home/nicolas/ws_ros2/install/px4_msgs/include/px4_msgs/px4_msgs/msg/estimator_status.h\n'}
[0.876093] (px4_msgs) StdoutLine: {'line': b'-- Up-to-date: /home/nicolas/ws_ros2/install/px4_msgs/include/px4_msgs/px4_msgs/msg/mount_orientation.h\n'}
[0.876126] (px4_msgs) StdoutLine: {'line': b'-- Up-to-date: /home/nicolas/ws_ros2/install/px4_msgs/include/px4_msgs/px4_msgs/msg/vehicle_control_mode.h\n'}
[0.876197] (px4_msgs) StdoutLine: {'line': b'-- Up-to-date: /home/nicolas/ws_ros2/install/px4_msgs/include/px4_msgs/px4_msgs/msg/dataman_response.h\n'}
[0.876234] (px4_msgs) StdoutLine: {'line': b'-- Up-to-date: /home/nicolas/ws_ros2/install/px4_msgs/include/px4_msgs/px4_msgs/msg/telemetry_status.h\n'}
[0.876268] (px4_msgs) StdoutLine: {'line': b'-- Up-to-date: /home/nicolas/ws_ros2/install/px4_msgs/include/px4_msgs/px4_msgs/msg/qshell_req.h\n'}
[0.876302] (px4_msgs) StdoutLine: {'line': b'-- Up-to-date: /home/nicolas/ws_ros2/install/px4_msgs/include/px4_msgs/px4_msgs/msg/pps_capture.h\n'}
[0.876336] (px4_msgs) StdoutLine: {'line': b'-- Up-to-date: /home/nicolas/ws_ros2/install/px4_msgs/include/px4_msgs/px4_msgs/msg/vtol_vehicle_status.h\n'}
[0.876369] (px4_msgs) StdoutLine: {'line': b'-- Up-to-date: /home/nicolas/ws_ros2/install/px4_msgs/include/px4_msgs/px4_msgs/msg/estimator_aid_source1d.h\n'}
[0.876403] (px4_msgs) StdoutLine: {'line': b'-- Up-to-date: /home/nicolas/ws_ros2/install/px4_msgs/include/px4_msgs/px4_msgs/msg/rover_rate_status.h\n'}
[0.876546] (px4_msgs) StdoutLine: {'line': b'-- Up-to-date: /home/nicolas/ws_ros2/install/px4_msgs/include/px4_msgs/px4_msgs/msg/follow_target.h\n'}
[0.876587] (px4_msgs) StdoutLine: {'line': b'-- Up-to-date: /home/nicolas/ws_ros2/install/px4_msgs/include/px4_msgs/px4_msgs/msg/follow_target_status.h\n'}
[0.876623] (px4_msgs) StdoutLine: {'line': b'-- Up-to-date: /home/nicolas/ws_ros2/install/px4_msgs/include/px4_msgs/px4_msgs/msg/control_allocator_status.h\n'}
[0.876658] (px4_msgs) StdoutLine: {'line': b'-- Up-to-date: /home/nicolas/ws_ros2/install/px4_msgs/include/px4_msgs/px4_msgs/msg/vehicle_imu.h\n'}
[0.876692] (px4_msgs) StdoutLine: {'line': b'-- Up-to-date: /home/nicolas/ws_ros2/install/px4_msgs/include/px4_msgs/px4_msgs/msg/mavlink_log.h\n'}
[0.876726] (px4_msgs) StdoutLine: {'line': b'-- Up-to-date: /home/nicolas/ws_ros2/install/px4_msgs/include/px4_msgs/px4_msgs/msg/landing_gear.h\n'}
[0.876760] (px4_msgs) StdoutLine: {'line': b'-- Up-to-date: /home/nicolas/ws_ros2/install/px4_msgs/include/px4_msgs/px4_msgs/msg/sensor_gyro_fft.h\n'}
[0.876794] (px4_msgs) StdoutLine: {'line': b'-- Up-to-date: /home/nicolas/ws_ros2/install/px4_msgs/include/px4_msgs/px4_msgs/msg/gpio_request.h\n'}
[0.876827] (px4_msgs) StdoutLine: {'line': b'-- Up-to-date: /home/nicolas/ws_ros2/install/px4_msgs/include/px4_msgs/px4_msgs/msg/gpio_out.h\n'}
[0.876860] (px4_msgs) StdoutLine: {'line': b'-- Up-to-date: /home/nicolas/ws_ros2/install/px4_msgs/include/px4_msgs/px4_msgs/msg/mission.h\n'}
[0.876895] (px4_msgs) StdoutLine: {'line': b'-- Up-to-date: /home/nicolas/ws_ros2/install/px4_msgs/include/px4_msgs/px4_msgs/msg/debug_value.h\n'}
[0.876928] (px4_msgs) StdoutLine: {'line': b'-- Up-to-date: /home/nicolas/ws_ros2/install/px4_msgs/include/px4_msgs/px4_msgs/msg/position_controller_landing_status.h\n'}
[0.876962] (px4_msgs) StdoutLine: {'line': b'-- Up-to-date: /home/nicolas/ws_ros2/install/px4_msgs/include/px4_msgs/px4_msgs/msg/input_rc.h\n'}
[0.876996] (px4_msgs) StdoutLine: {'line': b'-- Up-to-date: /home/nicolas/ws_ros2/install/px4_msgs/include/px4_msgs/px4_msgs/msg/esc_status.h\n'}
[0.877037] (px4_msgs) StdoutLine: {'line': b'-- Up-to-date: /home/nicolas/ws_ros2/install/px4_msgs/include/px4_msgs/px4_msgs/msg/mag_worker_data.h\n'}
[0.877070] (px4_msgs) StdoutLine: {'line': b'-- Up-to-date: /home/nicolas/ws_ros2/install/px4_msgs/include/px4_msgs/px4_msgs/msg/wind.h\n'}
[0.877104] (px4_msgs) StdoutLine: {'line': b'-- Up-to-date: /home/nicolas/ws_ros2/install/px4_msgs/include/px4_msgs/px4_msgs/msg/can_interface_status.h\n'}
[0.877138] (px4_msgs) StdoutLine: {'line': b'-- Up-to-date: /home/nicolas/ws_ros2/install/px4_msgs/include/px4_msgs/px4_msgs/msg/gimbal_manager_set_manual_control.h\n'}
[0.877171] (px4_msgs) StdoutLine: {'line': b'-- Up-to-date: /home/nicolas/ws_ros2/install/px4_msgs/include/px4_msgs/px4_msgs/msg/radio_status.h\n'}
[0.877205] (px4_msgs) StdoutLine: {'line': b'-- Up-to-date: /home/nicolas/ws_ros2/install/px4_msgs/include/px4_msgs/px4_msgs/msg/rover_steering_setpoint.h\n'}
[0.877252] (px4_msgs) StdoutLine: {'line': b'-- Up-to-date: /home/nicolas/ws_ros2/install/px4_msgs/include/px4_msgs/px4_msgs/msg/position_setpoint.h\n'}
[0.877286] (px4_msgs) StdoutLine: {'line': b'-- Up-to-date: /home/nicolas/ws_ros2/install/px4_msgs/include/px4_msgs/px4_msgs/msg/vehicle_constraints.h\n'}
[0.877320] (px4_msgs) StdoutLine: {'line': b'-- Up-to-date: /home/nicolas/ws_ros2/install/px4_msgs/include/px4_msgs/px4_msgs/msg/power_button_state.h\n'}
[0.877353] (px4_msgs) StdoutLine: {'line': b'-- Up-to-date: /home/nicolas/ws_ros2/install/px4_msgs/include/px4_msgs/px4_msgs/msg/goto_setpoint.h\n'}
[0.877438] (px4_msgs) StdoutLine: {'line': b'-- Up-to-date: /home/nicolas/ws_ros2/install/px4_msgs/include/px4_msgs/px4_msgs/msg/parameter_set_used_request.h\n'}
[0.877750] (px4_msgs) StdoutLine: {'line': b'-- Up-to-date: /home/nicolas/ws_ros2/install/px4_msgs/include/px4_msgs/px4_msgs/msg/detail\n'}
[0.877798] (px4_msgs) StdoutLine: {'line': b'-- Up-to-date: /home/nicolas/ws_ros2/install/px4_msgs/include/px4_msgs/px4_msgs/msg/detail/flight_phase_estimation__functions.h\n'}
[0.877838] (px4_msgs) StdoutLine: {'line': b'-- Up-to-date: /home/nicolas/ws_ros2/install/px4_msgs/include/px4_msgs/px4_msgs/msg/detail/esc_status__functions.h\n'}
[0.877874] (px4_msgs) StdoutLine: {'line': b'-- Up-to-date: /home/nicolas/ws_ros2/install/px4_msgs/include/px4_msgs/px4_msgs/msg/detail/differential_pressure__functions.c\n'}
[0.877912] (px4_msgs) StdoutLine: {'line': b'-- Up-to-date: /home/nicolas/ws_ros2/install/px4_msgs/include/px4_msgs/px4_msgs/msg/detail/led_control__functions.h\n'}
[0.877963] (px4_msgs) StdoutLine: {'line': b'-- Up-to-date: /home/nicolas/ws_ros2/install/px4_msgs/include/px4_msgs/px4_msgs/msg/detail/parameter_set_value_response__functions.h\n'}
[0.878000] (px4_msgs) StdoutLine: {'line': b'-- Up-to-date: /home/nicolas/ws_ros2/install/px4_msgs/include/px4_msgs/px4_msgs/msg/detail/debug_key_value__functions.c\n'}
[0.878038] (px4_msgs) StdoutLine: {'line': b'-- Up-to-date: /home/nicolas/ws_ros2/install/px4_msgs/include/px4_msgs/px4_msgs/msg/detail/estimator_selector_status__struct.h\n'}
[0.878068] (px4_msgs) StdoutLine: {'line': b'-- Up-to-date: /home/nicolas/ws_ros2/install/px4_msgs/include/px4_msgs/px4_msgs/msg/detail/open_drone_id_self_id__struct.h\n'}
[0.878101] (px4_msgs) StdoutLine: {'line': b'-- Up-to-date: /home/nicolas/ws_ros2/install/px4_msgs/include/px4_msgs/px4_msgs/msg/detail/gpio_out__functions.h\n'}
[0.878131] (px4_msgs) StdoutLine: {'line': b'-- Up-to-date: /home/nicolas/ws_ros2/install/px4_msgs/include/px4_msgs/px4_msgs/msg/detail/vehicle_odometry__functions.h\n'}
[0.878161] (px4_msgs) StdoutLine: {'line': b'-- Up-to-date: /home/nicolas/ws_ros2/install/px4_msgs/include/px4_msgs/px4_msgs/msg/detail/config_overrides__functions.c\n'}
[0.878287] (px4_msgs) StdoutLine: {'line': b'-- Up-to-date: /home/nicolas/ws_ros2/install/px4_msgs/include/px4_msgs/px4_msgs/msg/detail/tiltrotor_extra_controls__functions.h\n'}
[0.878321] (px4_msgs) StdoutLine: {'line': b'-- Up-to-date: /home/nicolas/ws_ros2/install/px4_msgs/include/px4_msgs/px4_msgs/msg/detail/sensor_gps__type_support.h\n'}
[0.878351] (px4_msgs) StdoutLine: {'line': b'-- Up-to-date: /home/nicolas/ws_ros2/install/px4_msgs/include/px4_msgs/px4_msgs/msg/detail/fixed_wing_lateral_guidance_status__functions.c\n'}
[0.878381] (px4_msgs) StdoutLine: {'line': b'-- Up-to-date: /home/nicolas/ws_ros2/install/px4_msgs/include/px4_msgs/px4_msgs/msg/detail/gps_inject_data__functions.c\n'}
[0.878410] (px4_msgs) StdoutLine: {'line': b'-- Up-to-date: /home/nicolas/ws_ros2/install/px4_msgs/include/px4_msgs/px4_msgs/msg/detail/landing_target_innovations__functions.c\n'}
[0.878445] (px4_msgs) StdoutLine: {'line': b'-- Up-to-date: /home/nicolas/ws_ros2/install/px4_msgs/include/px4_msgs/px4_msgs/msg/detail/dronecan_node_status__struct.h\n'}
[0.878475] (px4_msgs) StdoutLine: {'line': b'-- Up-to-date: /home/nicolas/ws_ros2/install/px4_msgs/include/px4_msgs/px4_msgs/msg/detail/button_event__functions.h\n'}
[0.878503] (px4_msgs) StdoutLine: {'line': b'-- Up-to-date: /home/nicolas/ws_ros2/install/px4_msgs/include/px4_msgs/px4_msgs/msg/detail/config_overrides__struct.h\n'}
[0.878542] (px4_msgs) StdoutLine: {'line': b'-- Up-to-date: /home/nicolas/ws_ros2/install/px4_msgs/include/px4_msgs/px4_msgs/msg/detail/sensor_gnss_status__type_support.h\n'}
[0.878571] (px4_msgs) StdoutLine: {'line': b'-- Up-to-date: /home/nicolas/ws_ros2/install/px4_msgs/include/px4_msgs/px4_msgs/msg/detail/power_button_state__functions.c\n'}
[0.878599] (px4_msgs) StdoutLine: {'line': b'-- Up-to-date: /home/nicolas/ws_ros2/install/px4_msgs/include/px4_msgs/px4_msgs/msg/detail/debug_key_value__functions.h\n'}
[0.878628] (px4_msgs) StdoutLine: {'line': b'-- Up-to-date: /home/nicolas/ws_ros2/install/px4_msgs/include/px4_msgs/px4_msgs/msg/detail/navigator_status__functions.c\n'}
[0.878656] (px4_msgs) StdoutLine: {'line': b'-- Up-to-date: /home/nicolas/ws_ros2/install/px4_msgs/include/px4_msgs/px4_msgs/msg/detail/rover_rate_status__struct.h\n'}
[0.878684] (px4_msgs) StdoutLine: {'line': b'-- Up-to-date: /home/nicolas/ws_ros2/install/px4_msgs/include/px4_msgs/px4_msgs/msg/detail/power_button_state__struct.h\n'}
[0.878711] (px4_msgs) StdoutLine: {'line': b'-- Up-to-date: /home/nicolas/ws_ros2/install/px4_msgs/include/px4_msgs/px4_msgs/msg/detail/hover_thrust_estimate__struct.h\n'}
[0.878739] (px4_msgs) StdoutLine: {'line': b'-- Up-to-date: /home/nicolas/ws_ros2/install/px4_msgs/include/px4_msgs/px4_msgs/msg/detail/power_button_state__functions.h\n'}
[0.878767] (px4_msgs) StdoutLine: {'line': b'-- Up-to-date: /home/nicolas/ws_ros2/install/px4_msgs/include/px4_msgs/px4_msgs/msg/detail/estimator_bias3d__functions.h\n'}
[0.878796] (px4_msgs) StdoutLine: {'line': b'-- Up-to-date: /home/nicolas/ws_ros2/install/px4_msgs/include/px4_msgs/px4_msgs/msg/detail/actuator_motors__type_support.h\n'}
[0.878825] (px4_msgs) StdoutLine: {'line': b'-- Up-to-date: /home/nicolas/ws_ros2/install/px4_msgs/include/px4_msgs/px4_msgs/msg/detail/timesync_status__type_support.h\n'}
[0.878876] (px4_msgs) StdoutLine: {'line': b'-- Up-to-date: /home/nicolas/ws_ros2/install/px4_msgs/include/px4_msgs/px4_msgs/msg/detail/mode_completed__functions.c\n'}
[0.878906] (px4_msgs) StdoutLine: {'line': b'-- Up-to-date: /home/nicolas/ws_ros2/install/px4_msgs/include/px4_msgs/px4_msgs/msg/detail/landing_gear_wheel__type_support.h\n'}
[0.878934] (px4_msgs) StdoutLine: {'line': b'-- Up-to-date: /home/nicolas/ws_ros2/install/px4_msgs/include/px4_msgs/px4_msgs/msg/detail/navigator_mission_item__functions.h\n'}
[0.878963] (px4_msgs) StdoutLine: {'line': b'-- Up-to-date: /home/nicolas/ws_ros2/install/px4_msgs/include/px4_msgs/px4_msgs/msg/detail/ping__functions.h\n'}
[0.878991] (px4_msgs) StdoutLine: {'line': b'-- Up-to-date: /home/nicolas/ws_ros2/install/px4_msgs/include/px4_msgs/px4_msgs/msg/detail/vehicle_air_data__functions.h\n'}
[0.879019] (px4_msgs) StdoutLine: {'line': b'-- Up-to-date: /home/nicolas/ws_ros2/install/px4_msgs/include/px4_msgs/px4_msgs/msg/detail/sensors_status__functions.h\n'}
[0.879046] (px4_msgs) StdoutLine: {'line': b'-- Up-to-date: /home/nicolas/ws_ros2/install/px4_msgs/include/px4_msgs/px4_msgs/msg/detail/vehicle_imu__type_support.h\n'}
[0.879074] (px4_msgs) StdoutLine: {'line': b'-- Up-to-date: /home/nicolas/ws_ros2/install/px4_msgs/include/px4_msgs/px4_msgs/msg/detail/vehicle_command_ack__functions.h\n'}
[0.879102] (px4_msgs) StdoutLine: {'line': b'-- Up-to-date: /home/nicolas/ws_ros2/install/px4_msgs/include/px4_msgs/px4_msgs/msg/detail/estimator_states__functions.c\n'}
[0.879129] (px4_msgs) StdoutLine: {'line': b'-- Up-to-date: /home/nicolas/ws_ros2/install/px4_msgs/include/px4_msgs/px4_msgs/msg/detail/mount_orientation__type_support.h\n'}
[0.879157] (px4_msgs) StdoutLine: {'line': b'-- Up-to-date: /home/nicolas/ws_ros2/install/px4_msgs/include/px4_msgs/px4_msgs/msg/detail/cellular_status__functions.c\n'}
[0.879186] (px4_msgs) StdoutLine: {'line': b'-- Up-to-date: /home/nicolas/ws_ros2/install/px4_msgs/include/px4_msgs/px4_msgs/msg/detail/event__type_support.h\n'}
[0.879214] (px4_msgs) StdoutLine: {'line': b'-- Up-to-date: /home/nicolas/ws_ros2/install/px4_msgs/include/px4_msgs/px4_msgs/msg/detail/transponder_report__functions.h\n'}
[0.879278] (px4_msgs) StdoutLine: {'line': b'-- Up-to-date: /home/nicolas/ws_ros2/install/px4_msgs/include/px4_msgs/px4_msgs/msg/detail/rover_rate_status__functions.h\n'}
[0.879308] (px4_msgs) StdoutLine: {'line': b'-- Up-to-date: /home/nicolas/ws_ros2/install/px4_msgs/include/px4_msgs/px4_msgs/msg/detail/mission__functions.c\n'}
[0.879390] (px4_msgs) StdoutLine: {'line': b'-- Up-to-date: /home/nicolas/ws_ros2/install/px4_msgs/include/px4_msgs/px4_msgs/msg/detail/pwm_input__functions.c\n'}
[0.879421] (px4_msgs) StdoutLine: {'line': b'-- Up-to-date: /home/nicolas/ws_ros2/install/px4_msgs/include/px4_msgs/px4_msgs/msg/detail/position_controller_landing_status__type_support.h\n'}
[0.879458] (px4_msgs) StdoutLine: {'line': b'-- Up-to-date: /home/nicolas/ws_ros2/install/px4_msgs/include/px4_msgs/px4_msgs/msg/detail/sensors_status_imu__struct.h\n'}
[0.879489] (px4_msgs) StdoutLine: {'line': b'-- Up-to-date: /home/nicolas/ws_ros2/install/px4_msgs/include/px4_msgs/px4_msgs/msg/detail/rover_attitude_setpoint__functions.h\n'}
[0.879518] (px4_msgs) StdoutLine: {'line': b'-- Up-to-date: /home/nicolas/ws_ros2/install/px4_msgs/include/px4_msgs/px4_msgs/msg/detail/can_interface_status__functions.h\n'}
[0.879547] (px4_msgs) StdoutLine: {'line': b'-- Up-to-date: /home/nicolas/ws_ros2/install/px4_msgs/include/px4_msgs/px4_msgs/msg/detail/mag_worker_data__functions.c\n'}
[0.879575] (px4_msgs) StdoutLine: {'line': b'-- Up-to-date: /home/nicolas/ws_ros2/install/px4_msgs/include/px4_msgs/px4_msgs/msg/detail/vehicle_attitude_setpoint__type_support.h\n'}
[0.879604] (px4_msgs) StdoutLine: {'line': b'-- Up-to-date: /home/nicolas/ws_ros2/install/px4_msgs/include/px4_msgs/px4_msgs/msg/detail/launch_detection_status__type_support.h\n'}
[0.879633] (px4_msgs) StdoutLine: {'line': b'-- Up-to-date: /home/nicolas/ws_ros2/install/px4_msgs/include/px4_msgs/px4_msgs/msg/detail/sensor_hygrometer__type_support.h\n'}
[0.879661] (px4_msgs) StdoutLine: {'line': b'-- Up-to-date: /home/nicolas/ws_ros2/install/px4_msgs/include/px4_msgs/px4_msgs/msg/detail/fixed_wing_lateral_setpoint__type_support.h\n'}
[0.879688] (px4_msgs) StdoutLine: {'line': b'-- Up-to-date: /home/nicolas/ws_ros2/install/px4_msgs/include/px4_msgs/px4_msgs/msg/detail/trajectory_setpoint__functions.h\n'}
[0.879716] (px4_msgs) StdoutLine: {'line': b'-- Up-to-date: /home/nicolas/ws_ros2/install/px4_msgs/include/px4_msgs/px4_msgs/msg/detail/ping__functions.c\n'}
[0.879744] (px4_msgs) StdoutLine: {'line': b'-- Up-to-date: /home/nicolas/ws_ros2/install/px4_msgs/include/px4_msgs/px4_msgs/msg/detail/parameter_set_value_response__type_support.h\n'}
[0.879772] (px4_msgs) StdoutLine: {'line': b'-- Up-to-date: /home/nicolas/ws_ros2/install/px4_msgs/include/px4_msgs/px4_msgs/msg/detail/vehicle_global_position__type_support.h\n'}
[0.879800] (px4_msgs) StdoutLine: {'line': b'-- Up-to-date: /home/nicolas/ws_ros2/install/px4_msgs/include/px4_msgs/px4_msgs/msg/detail/manual_control_setpoint__functions.h\n'}
[0.879827] (px4_msgs) StdoutLine: {'line': b'-- Up-to-date: /home/nicolas/ws_ros2/install/px4_msgs/include/px4_msgs/px4_msgs/msg/detail/actuator_servos__functions.h\n'}
[0.879865] (px4_msgs) StdoutLine: {'line': b'-- Up-to-date: /home/nicolas/ws_ros2/install/px4_msgs/include/px4_msgs/px4_msgs/msg/detail/transponder_report__struct.h\n'}
[0.879893] (px4_msgs) StdoutLine: {'line': b'-- Up-to-date: /home/nicolas/ws_ros2/install/px4_msgs/include/px4_msgs/px4_msgs/msg/detail/vehicle_rates_setpoint__functions.h\n'}
[0.879922] (px4_msgs) StdoutLine: {'line': b'-- Up-to-date: /home/nicolas/ws_ros2/install/px4_msgs/include/px4_msgs/px4_msgs/msg/detail/velocity_limits__struct.h\n'}
[0.879949] (px4_msgs) StdoutLine: {'line': b'-- Up-to-date: /home/nicolas/ws_ros2/install/px4_msgs/include/px4_msgs/px4_msgs/msg/detail/irlock_report__struct.h\n'}
[0.879976] (px4_msgs) StdoutLine: {'line': b'-- Up-to-date: /home/nicolas/ws_ros2/install/px4_msgs/include/px4_msgs/px4_msgs/msg/detail/health_report__type_support.h\n'}
[0.880044] (px4_msgs) StdoutLine: {'line': b'-- Up-to-date: /home/nicolas/ws_ros2/install/px4_msgs/include/px4_msgs/px4_msgs/msg/detail/yaw_estimator_status__functions.c\n'}
[0.880074] (px4_msgs) StdoutLine: {'line': b'-- Up-to-date: /home/nicolas/ws_ros2/install/px4_msgs/include/px4_msgs/px4_msgs/msg/detail/vehicle_roi__functions.c\n'}
[0.880102] (px4_msgs) StdoutLine: {'line': b'-- Up-to-date: /home/nicolas/ws_ros2/install/px4_msgs/include/px4_msgs/px4_msgs/msg/detail/debug_array__struct.h\n'}
[0.880131] (px4_msgs) StdoutLine: {'line': b'-- Up-to-date: /home/nicolas/ws_ros2/install/px4_msgs/include/px4_msgs/px4_msgs/msg/detail/airspeed_wind__type_support.h\n'}
[0.880159] (px4_msgs) StdoutLine: {'line': b'-- Up-to-date: /home/nicolas/ws_ros2/install/px4_msgs/include/px4_msgs/px4_msgs/msg/detail/mavlink_log__functions.h\n'}
[0.880187] (px4_msgs) StdoutLine: {'line': b'-- Up-to-date: /home/nicolas/ws_ros2/install/px4_msgs/include/px4_msgs/px4_msgs/msg/detail/parameter_set_used_request__type_support.h\n'}
[0.880214] (px4_msgs) StdoutLine: {'line': b'-- Up-to-date: /home/nicolas/ws_ros2/install/px4_msgs/include/px4_msgs/px4_msgs/msg/detail/message_format_request__type_support.h\n'}
[0.880242] (px4_msgs) StdoutLine: {'line': b'-- Up-to-date: /home/nicolas/ws_ros2/install/px4_msgs/include/px4_msgs/px4_msgs/msg/detail/sensor_airflow__type_support.h\n'}
[0.880269] (px4_msgs) StdoutLine: {'line': b'-- Up-to-date: /home/nicolas/ws_ros2/install/px4_msgs/include/px4_msgs/px4_msgs/msg/detail/sensor_uwb__type_support.h\n'}
[0.880296] (px4_msgs) StdoutLine: {'line': b'-- Up-to-date: /home/nicolas/ws_ros2/install/px4_msgs/include/px4_msgs/px4_msgs/msg/detail/orb_test_large__functions.c\n'}
[0.880323] (px4_msgs) StdoutLine: {'line': b'-- Up-to-date: /home/nicolas/ws_ros2/install/px4_msgs/include/px4_msgs/px4_msgs/msg/detail/rover_attitude_setpoint__struct.h\n'}
[0.880352] (px4_msgs) StdoutLine: {'line': b'-- Up-to-date: /home/nicolas/ws_ros2/install/px4_msgs/include/px4_msgs/px4_msgs/msg/detail/position_setpoint_triplet__type_support.h\n'}
[0.880444] (px4_msgs) StdoutLine: {'line': b'-- Up-to-date: /home/nicolas/ws_ros2/install/px4_msgs/include/px4_msgs/px4_msgs/msg/detail/action_request__struct.h\n'}
[0.880486] (px4_msgs) StdoutLine: {'line': b'-- Up-to-date: /home/nicolas/ws_ros2/install/px4_msgs/include/px4_msgs/px4_msgs/msg/detail/navigator_status__type_support.h\n'}
[0.880514] (px4_msgs) StdoutLine: {'line': b'-- Up-to-date: /home/nicolas/ws_ros2/install/px4_msgs/include/px4_msgs/px4_msgs/msg/detail/generator_status__functions.c\n'}
[0.880543] (px4_msgs) StdoutLine: {'line': b'-- Up-to-date: /home/nicolas/ws_ros2/install/px4_msgs/include/px4_msgs/px4_msgs/msg/detail/estimator_bias__struct.h\n'}
[0.880571] (px4_msgs) StdoutLine: {'line': b'-- Up-to-date: /home/nicolas/ws_ros2/install/px4_msgs/include/px4_msgs/px4_msgs/msg/detail/actuator_test__struct.h\n'}
[0.880598] (px4_msgs) StdoutLine: {'line': b'-- Up-to-date: /home/nicolas/ws_ros2/install/px4_msgs/include/px4_msgs/px4_msgs/msg/detail/debug_value__functions.h\n'}
[0.880625] (px4_msgs) StdoutLine: {'line': b'-- Up-to-date: /home/nicolas/ws_ros2/install/px4_msgs/include/px4_msgs/px4_msgs/msg/detail/obstacle_distance__functions.c\n'}
[0.880652] (px4_msgs) StdoutLine: {'line': b'-- Up-to-date: /home/nicolas/ws_ros2/install/px4_msgs/include/px4_msgs/px4_msgs/msg/detail/vehicle_control_mode__struct.h\n'}
[0.880680] (px4_msgs) StdoutLine: {'line': b'-- Up-to-date: /home/nicolas/ws_ros2/install/px4_msgs/include/px4_msgs/px4_msgs/msg/detail/collision_constraints__type_support.h\n'}
[0.880706] (px4_msgs) StdoutLine: {'line': b'-- Up-to-date: /home/nicolas/ws_ros2/install/px4_msgs/include/px4_msgs/px4_msgs/msg/detail/estimator_innovations__type_support.h\n'}
[0.880733] (px4_msgs) StdoutLine: {'line': b'-- Up-to-date: /home/nicolas/ws_ros2/install/px4_msgs/include/px4_msgs/px4_msgs/msg/detail/actuator_servos_trim__struct.h\n'}
[0.880760] (px4_msgs) StdoutLine: {'line': b'-- Up-to-date: /home/nicolas/ws_ros2/install/px4_msgs/include/px4_msgs/px4_msgs/msg/detail/estimator_event_flags__functions.h\n'}
[0.880797] (px4_msgs) StdoutLine: {'line': b'-- Up-to-date: /home/nicolas/ws_ros2/install/px4_msgs/include/px4_msgs/px4_msgs/msg/detail/vehicle_constraints__functions.h\n'}
[0.880825] (px4_msgs) StdoutLine: {'line': b'-- Up-to-date: /home/nicolas/ws_ros2/install/px4_msgs/include/px4_msgs/px4_msgs/msg/detail/power_monitor__type_support.h\n'}
[0.880891] (px4_msgs) StdoutLine: {'line': b'-- Up-to-date: /home/nicolas/ws_ros2/install/px4_msgs/include/px4_msgs/px4_msgs/msg/detail/estimator_aid_source2d__functions.c\n'}
[0.880919] (px4_msgs) StdoutLine: {'line': b'-- Up-to-date: /home/nicolas/ws_ros2/install/px4_msgs/include/px4_msgs/px4_msgs/msg/detail/battery_status__struct.h\n'}
[0.880947] (px4_msgs) StdoutLine: {'line': b'-- Up-to-date: /home/nicolas/ws_ros2/install/px4_msgs/include/px4_msgs/px4_msgs/msg/detail/rover_throttle_setpoint__functions.c\n'}
[0.880974] (px4_msgs) StdoutLine: {'line': b'-- Up-to-date: /home/nicolas/ws_ros2/install/px4_msgs/include/px4_msgs/px4_msgs/msg/detail/orb_test_medium__functions.h\n'}
[0.881001] (px4_msgs) StdoutLine: {'line': b'-- Up-to-date: /home/nicolas/ws_ros2/install/px4_msgs/include/px4_msgs/px4_msgs/msg/detail/estimator_status__functions.h\n'}
[0.881028] (px4_msgs) StdoutLine: {'line': b'-- Up-to-date: /home/nicolas/ws_ros2/install/px4_msgs/include/px4_msgs/px4_msgs/msg/detail/actuator_servos__type_support.h\n'}
[0.881056] (px4_msgs) StdoutLine: {'line': b'-- Up-to-date: /home/nicolas/ws_ros2/install/px4_msgs/include/px4_msgs/px4_msgs/msg/detail/fixed_wing_longitudinal_setpoint__functions.h\n'}
[0.881083] (px4_msgs) StdoutLine: {'line': b'-- Up-to-date: /home/nicolas/ws_ros2/install/px4_msgs/include/px4_msgs/px4_msgs/msg/detail/sensors_status__struct.h\n'}
[0.881110] (px4_msgs) StdoutLine: {'line': b'-- Up-to-date: /home/nicolas/ws_ros2/install/px4_msgs/include/px4_msgs/px4_msgs/msg/detail/airspeed_validated__struct.h\n'}
[0.881136] (px4_msgs) StdoutLine: {'line': b'-- Up-to-date: /home/nicolas/ws_ros2/install/px4_msgs/include/px4_msgs/px4_msgs/msg/detail/mavlink_log__functions.c\n'}
[0.881163] (px4_msgs) StdoutLine: {'line': b'-- Up-to-date: /home/nicolas/ws_ros2/install/px4_msgs/include/px4_msgs/px4_msgs/msg/detail/vehicle_control_mode__functions.h\n'}
[0.881189] (px4_msgs) StdoutLine: {'line': b'-- Up-to-date: /home/nicolas/ws_ros2/install/px4_msgs/include/px4_msgs/px4_msgs/msg/detail/sensor_hygrometer__functions.h\n'}
[0.881216] (px4_msgs) StdoutLine: {'line': b'-- Up-to-date: /home/nicolas/ws_ros2/install/px4_msgs/include/px4_msgs/px4_msgs/msg/detail/debug_value__type_support.h\n'}
[0.881242] (px4_msgs) StdoutLine: {'line': b'-- Up-to-date: /home/nicolas/ws_ros2/install/px4_msgs/include/px4_msgs/px4_msgs/msg/detail/transponder_report__type_support.h\n'}
[0.881271] (px4_msgs) StdoutLine: {'line': b'-- Up-to-date: /home/nicolas/ws_ros2/install/px4_msgs/include/px4_msgs/px4_msgs/msg/detail/landing_target_pose__type_support.h\n'}
[0.881298] (px4_msgs) StdoutLine: {'line': b'-- Up-to-date: /home/nicolas/ws_ros2/install/px4_msgs/include/px4_msgs/px4_msgs/msg/detail/manual_control_switches__type_support.h\n'}
[0.881325] (px4_msgs) StdoutLine: {'line': b'-- Up-to-date: /home/nicolas/ws_ros2/install/px4_msgs/include/px4_msgs/px4_msgs/msg/detail/yaw_estimator_status__type_support.h\n'}
[0.881352] (px4_msgs) StdoutLine: {'line': b'-- Up-to-date: /home/nicolas/ws_ros2/install/px4_msgs/include/px4_msgs/px4_msgs/msg/detail/failsafe_flags__struct.h\n'}
[0.881378] (px4_msgs) StdoutLine: {'line': b'-- Up-to-date: /home/nicolas/ws_ros2/install/px4_msgs/include/px4_msgs/px4_msgs/msg/detail/arming_check_request__functions.c\n'}
[0.881405] (px4_msgs) StdoutLine: {'line': b'-- Up-to-date: /home/nicolas/ws_ros2/install/px4_msgs/include/px4_msgs/px4_msgs/msg/detail/parameter_update__functions.c\n'}
[0.881489] (px4_msgs) StdoutLine: {'line': b'-- Up-to-date: /home/nicolas/ws_ros2/install/px4_msgs/include/px4_msgs/px4_msgs/msg/detail/qshell_retval__type_support.h\n'}
[0.881520] (px4_msgs) StdoutLine: {'line': b'-- Up-to-date: /home/nicolas/ws_ros2/install/px4_msgs/include/px4_msgs/px4_msgs/msg/detail/open_drone_id_self_id__type_support.h\n'}
[0.881563] (px4_msgs) StdoutLine: {'line': b'-- Up-to-date: /home/nicolas/ws_ros2/install/px4_msgs/include/px4_msgs/px4_msgs/msg/detail/open_drone_id_self_id__functions.h\n'}
[0.881592] (px4_msgs) StdoutLine: {'line': b'-- Up-to-date: /home/nicolas/ws_ros2/install/px4_msgs/include/px4_msgs/px4_msgs/msg/detail/pps_capture__type_support.h\n'}
[0.881622] (px4_msgs) StdoutLine: {'line': b'-- Up-to-date: /home/nicolas/ws_ros2/install/px4_msgs/include/px4_msgs/px4_msgs/msg/detail/input_rc__functions.c\n'}
[0.881650] (px4_msgs) StdoutLine: {'line': b'-- Up-to-date: /home/nicolas/ws_ros2/install/px4_msgs/include/px4_msgs/px4_msgs/msg/detail/rover_steering_setpoint__struct.h\n'}
[0.881678] (px4_msgs) StdoutLine: {'line': b'-- Up-to-date: /home/nicolas/ws_ros2/install/px4_msgs/include/px4_msgs/px4_msgs/msg/detail/vehicle_local_position_setpoint__struct.h\n'}
[0.881705] (px4_msgs) StdoutLine: {'line': b'-- Up-to-date: /home/nicolas/ws_ros2/install/px4_msgs/include/px4_msgs/px4_msgs/msg/detail/rover_throttle_setpoint__type_support.h\n'}
[0.881734] (px4_msgs) StdoutLine: {'line': b'-- Up-to-date: /home/nicolas/ws_ros2/install/px4_msgs/include/px4_msgs/px4_msgs/msg/detail/action_request__functions.c\n'}
[0.881761] (px4_msgs) StdoutLine: {'line': b'-- Up-to-date: /home/nicolas/ws_ros2/install/px4_msgs/include/px4_msgs/px4_msgs/msg/detail/sensor_gnss_status__functions.h\n'}
[0.881793] (px4_msgs) StdoutLine: {'line': b'-- Up-to-date: /home/nicolas/ws_ros2/install/px4_msgs/include/px4_msgs/px4_msgs/msg/detail/uavcan_parameter_value__functions.c\n'}
[0.881894] (px4_msgs) StdoutLine: {'line': b'-- Up-to-date: /home/nicolas/ws_ros2/install/px4_msgs/include/px4_msgs/px4_msgs/msg/detail/distance_sensor__functions.h\n'}
[0.882038] (px4_msgs) StdoutLine: {'line': b'-- Up-to-date: /home/nicolas/ws_ros2/install/px4_msgs/include/px4_msgs/px4_msgs/msg/detail/follow_target_estimator__functions.c\n'}
[0.882083] (px4_msgs) StdoutLine: {'line': b'-- Up-to-date: /home/nicolas/ws_ros2/install/px4_msgs/include/px4_msgs/px4_msgs/msg/detail/open_drone_id_arm_status__struct.h\n'}
[0.882121] (px4_msgs) StdoutLine: {'line': b'-- Up-to-date: /home/nicolas/ws_ros2/install/px4_msgs/include/px4_msgs/px4_msgs/msg/detail/vehicle_imu__functions.h\n'}
[0.882165] (px4_msgs) StdoutLine: {'line': b'-- Up-to-date: /home/nicolas/ws_ros2/install/px4_msgs/include/px4_msgs/px4_msgs/msg/detail/actuator_controls_status__functions.h\n'}
[0.882203] (px4_msgs) StdoutLine: {'line': b'-- Up-to-date: /home/nicolas/ws_ros2/install/px4_msgs/include/px4_msgs/px4_msgs/msg/detail/transponder_report__functions.c\n'}
[0.882244] (px4_msgs) StdoutLine: {'line': b'-- Up-to-date: /home/nicolas/ws_ros2/install/px4_msgs/include/px4_msgs/px4_msgs/msg/detail/unregister_ext_component__functions.c\n'}
[0.882309] (px4_msgs) StdoutLine: {'line': b'-- Up-to-date: /home/nicolas/ws_ros2/install/px4_msgs/include/px4_msgs/px4_msgs/msg/detail/power_monitor__functions.c\n'}
[0.882342] (px4_msgs) StdoutLine: {'line': b'-- Up-to-date: /home/nicolas/ws_ros2/install/px4_msgs/include/px4_msgs/px4_msgs/msg/detail/hover_thrust_estimate__functions.h\n'}
[0.882374] (px4_msgs) StdoutLine: {'line': b'-- Up-to-date: /home/nicolas/ws_ros2/install/px4_msgs/include/px4_msgs/px4_msgs/msg/detail/gps_inject_data__type_support.h\n'}
[0.882406] (px4_msgs) StdoutLine: {'line': b'-- Up-to-date: /home/nicolas/ws_ros2/install/px4_msgs/include/px4_msgs/px4_msgs/msg/detail/gimbal_manager_set_manual_control__struct.h\n'}
[0.882455] (px4_msgs) StdoutLine: {'line': b'-- Up-to-date: /home/nicolas/ws_ros2/install/px4_msgs/include/px4_msgs/px4_msgs/msg/detail/ulog_stream__functions.c\n'}
[0.882489] (px4_msgs) StdoutLine: {'line': b'-- Up-to-date: /home/nicolas/ws_ros2/install/px4_msgs/include/px4_msgs/px4_msgs/msg/detail/ulog_stream_ack__functions.h\n'}
[0.882519] (px4_msgs) StdoutLine: {'line': b'-- Up-to-date: /home/nicolas/ws_ros2/install/px4_msgs/include/px4_msgs/px4_msgs/msg/detail/trajectory_setpoint__struct.h\n'}
[0.882548] (px4_msgs) StdoutLine: {'line': b'-- Up-to-date: /home/nicolas/ws_ros2/install/px4_msgs/include/px4_msgs/px4_msgs/msg/detail/rover_steering_setpoint__functions.c\n'}
[0.882691] (px4_msgs) StdoutLine: {'line': b'-- Up-to-date: /home/nicolas/ws_ros2/install/px4_msgs/include/px4_msgs/px4_msgs/msg/detail/rate_ctrl_status__type_support.h\n'}
[0.882723] (px4_msgs) StdoutLine: {'line': b'-- Up-to-date: /home/nicolas/ws_ros2/install/px4_msgs/include/px4_msgs/px4_msgs/msg/detail/can_interface_status__functions.c\n'}
[0.882756] (px4_msgs) StdoutLine: {'line': b'-- Up-to-date: /home/nicolas/ws_ros2/install/px4_msgs/include/px4_msgs/px4_msgs/msg/detail/wheel_encoders__type_support.h\n'}
[0.882787] (px4_msgs) StdoutLine: {'line': b'-- Up-to-date: /home/nicolas/ws_ros2/install/px4_msgs/include/px4_msgs/px4_msgs/msg/detail/actuator_motors__functions.h\n'}
[0.882829] (px4_msgs) StdoutLine: {'line': b'-- Up-to-date: /home/nicolas/ws_ros2/install/px4_msgs/include/px4_msgs/px4_msgs/msg/detail/control_allocator_status__type_support.h\n'}
[0.882871] (px4_msgs) StdoutLine: {'line': b'-- Up-to-date: /home/nicolas/ws_ros2/install/px4_msgs/include/px4_msgs/px4_msgs/msg/detail/rover_steering_setpoint__type_support.h\n'}
[0.883039] (px4_msgs) StdoutLine: {'line': b'-- Up-to-date: /home/nicolas/ws_ros2/install/px4_msgs/include/px4_msgs/px4_msgs/msg/detail/gimbal_device_information__functions.h\n'}
[0.883088] (px4_msgs) StdoutLine: {'line': b'-- Up-to-date: /home/nicolas/ws_ros2/install/px4_msgs/include/px4_msgs/px4_msgs/msg/detail/sensor_hygrometer__functions.c\n'}
[0.883129] (px4_msgs) StdoutLine: {'line': b'-- Up-to-date: /home/nicolas/ws_ros2/install/px4_msgs/include/px4_msgs/px4_msgs/msg/detail/rover_speed_status__struct.h\n'}
[0.883167] (px4_msgs) StdoutLine: {'line': b'-- Up-to-date: /home/nicolas/ws_ros2/install/px4_msgs/include/px4_msgs/px4_msgs/msg/detail/distance_sensor__functions.c\n'}
[0.883212] (px4_msgs) StdoutLine: {'line': b'-- Up-to-date: /home/nicolas/ws_ros2/install/px4_msgs/include/px4_msgs/px4_msgs/msg/detail/rate_ctrl_status__functions.c\n'}
[0.883254] (px4_msgs) StdoutLine: {'line': b'-- Up-to-date: /home/nicolas/ws_ros2/install/px4_msgs/include/px4_msgs/px4_msgs/msg/detail/gpio_request__functions.h\n'}
[0.883293] (px4_msgs) StdoutLine: {'line': b'-- Up-to-date: /home/nicolas/ws_ros2/install/px4_msgs/include/px4_msgs/px4_msgs/msg/detail/rover_position_setpoint__functions.h\n'}
[0.883337] (px4_msgs) StdoutLine: {'line': b'-- Up-to-date: /home/nicolas/ws_ros2/install/px4_msgs/include/px4_msgs/px4_msgs/msg/detail/vehicle_torque_setpoint__functions.h\n'}
[0.883375] (px4_msgs) StdoutLine: {'line': b'-- Up-to-date: /home/nicolas/ws_ros2/install/px4_msgs/include/px4_msgs/px4_msgs/msg/detail/actuator_armed__functions.h\n'}
[0.883413] (px4_msgs) StdoutLine: {'line': b'-- Up-to-date: /home/nicolas/ws_ros2/install/px4_msgs/include/px4_msgs/px4_msgs/msg/detail/internal_combustion_engine_control__struct.h\n'}
[0.883546] (px4_msgs) StdoutLine: {'line': b'-- Up-to-date: /home/nicolas/ws_ros2/install/px4_msgs/include/px4_msgs/px4_msgs/msg/detail/gpio_in__type_support.h\n'}
[0.883600] (px4_msgs) StdoutLine: {'line': b'-- Up-to-date: /home/nicolas/ws_ros2/install/px4_msgs/include/px4_msgs/px4_msgs/msg/detail/takeoff_status__functions.c\n'}
[0.883643] (px4_msgs) StdoutLine: {'line': b'-- Up-to-date: /home/nicolas/ws_ros2/install/px4_msgs/include/px4_msgs/px4_msgs/msg/detail/fuel_tank_status__functions.c\n'}
[0.883796] (px4_msgs) StdoutLine: {'line': b'-- Up-to-date: /home/nicolas/ws_ros2/install/px4_msgs/include/px4_msgs/px4_msgs/msg/detail/estimator_bias__functions.h\n'}
[0.884173] (px4_msgs) StdoutLine: {'line': b'-- Up-to-date: /home/nicolas/ws_ros2/install/px4_msgs/include/px4_msgs/px4_msgs/msg/detail/vehicle_torque_setpoint__struct.h\n'}
[0.884227] (px4_msgs) StdoutLine: {'line': b'-- Up-to-date: /home/nicolas/ws_ros2/install/px4_msgs/include/px4_msgs/px4_msgs/msg/detail/sensor_uwb__struct.h\n'}
[0.884273] (px4_msgs) StdoutLine: {'line': b'-- Up-to-date: /home/nicolas/ws_ros2/install/px4_msgs/include/px4_msgs/px4_msgs/msg/detail/heater_status__functions.h\n'}
[0.884304] (px4_msgs) StdoutLine: {'line': b'-- Up-to-date: /home/nicolas/ws_ros2/install/px4_msgs/include/px4_msgs/px4_msgs/msg/detail/vehicle_rates_setpoint__type_support.h\n'}
[0.884385] (px4_msgs) StdoutLine: {'line': b'-- Up-to-date: /home/nicolas/ws_ros2/install/px4_msgs/include/px4_msgs/px4_msgs/msg/detail/airspeed_wind__functions.h\n'}
[0.884418] (px4_msgs) StdoutLine: {'line': b'-- Up-to-date: /home/nicolas/ws_ros2/install/px4_msgs/include/px4_msgs/px4_msgs/msg/detail/register_ext_component_request__struct.h\n'}
[0.884602] (px4_msgs) StdoutLine: {'line': b'-- Up-to-date: /home/nicolas/ws_ros2/install/px4_msgs/include/px4_msgs/px4_msgs/msg/detail/estimator_bias3d__type_support.h\n'}
[0.884642] (px4_msgs) StdoutLine: {'line': b'-- Up-to-date: /home/nicolas/ws_ros2/install/px4_msgs/include/px4_msgs/px4_msgs/msg/detail/estimator_bias3d__functions.c\n'}
[0.884673] (px4_msgs) StdoutLine: {'line': b'-- Up-to-date: /home/nicolas/ws_ros2/install/px4_msgs/include/px4_msgs/px4_msgs/msg/detail/landing_gear_wheel__struct.h\n'}
[0.884703] (px4_msgs) StdoutLine: {'line': b'-- Up-to-date: /home/nicolas/ws_ros2/install/px4_msgs/include/px4_msgs/px4_msgs/msg/detail/actuator_test__functions.c\n'}
[0.884734] (px4_msgs) StdoutLine: {'line': b'-- Up-to-date: /home/nicolas/ws_ros2/install/px4_msgs/include/px4_msgs/px4_msgs/msg/detail/magnetometer_bias_estimate__functions.h\n'}
[0.884765] (px4_msgs) StdoutLine: {'line': b'-- Up-to-date: /home/nicolas/ws_ros2/install/px4_msgs/include/px4_msgs/px4_msgs/msg/detail/fixed_wing_lateral_guidance_status__functions.h\n'}
[0.884795] (px4_msgs) StdoutLine: {'line': b'-- Up-to-date: /home/nicolas/ws_ros2/install/px4_msgs/include/px4_msgs/px4_msgs/msg/detail/wheel_encoders__functions.h\n'}
[0.884824] (px4_msgs) StdoutLine: {'line': b'-- Up-to-date: /home/nicolas/ws_ros2/install/px4_msgs/include/px4_msgs/px4_msgs/msg/detail/vehicle_local_position__struct.h\n'}
[0.884854] (px4_msgs) StdoutLine: {'line': b'-- Up-to-date: /home/nicolas/ws_ros2/install/px4_msgs/include/px4_msgs/px4_msgs/msg/detail/hover_thrust_estimate__type_support.h\n'}
[0.884883] (px4_msgs) StdoutLine: {'line': b'-- Up-to-date: /home/nicolas/ws_ros2/install/px4_msgs/include/px4_msgs/px4_msgs/msg/detail/rover_attitude_status__struct.h\n'}
[0.884911] (px4_msgs) StdoutLine: {'line': b'-- Up-to-date: /home/nicolas/ws_ros2/install/px4_msgs/include/px4_msgs/px4_msgs/msg/detail/generator_status__type_support.h\n'}
[0.884940] (px4_msgs) StdoutLine: {'line': b'-- Up-to-date: /home/nicolas/ws_ros2/install/px4_msgs/include/px4_msgs/px4_msgs/msg/detail/ulog_stream__struct.h\n'}
[0.884970] (px4_msgs) StdoutLine: {'line': b'-- Up-to-date: /home/nicolas/ws_ros2/install/px4_msgs/include/px4_msgs/px4_msgs/msg/detail/irlock_report__functions.c\n'}
[0.884998] (px4_msgs) StdoutLine: {'line': b'-- Up-to-date: /home/nicolas/ws_ros2/install/px4_msgs/include/px4_msgs/px4_msgs/msg/detail/neural_control__functions.c\n'}
[0.885112] (px4_msgs) StdoutLine: {'line': b'-- Up-to-date: /home/nicolas/ws_ros2/install/px4_msgs/include/px4_msgs/px4_msgs/msg/detail/geofence_result__type_support.h\n'}
[0.885144] (px4_msgs) StdoutLine: {'line': b'-- Up-to-date: /home/nicolas/ws_ros2/install/px4_msgs/include/px4_msgs/px4_msgs/msg/detail/arming_check_request__struct.h\n'}
[0.885173] (px4_msgs) StdoutLine: {'line': b'-- Up-to-date: /home/nicolas/ws_ros2/install/px4_msgs/include/px4_msgs/px4_msgs/msg/detail/gimbal_manager_status__functions.c\n'}
[0.885201] (px4_msgs) StdoutLine: {'line': b'-- Up-to-date: /home/nicolas/ws_ros2/install/px4_msgs/include/px4_msgs/px4_msgs/msg/detail/vehicle_local_position_setpoint__functions.h\n'}
[0.885230] (px4_msgs) StdoutLine: {'line': b'-- Up-to-date: /home/nicolas/ws_ros2/install/px4_msgs/include/px4_msgs/px4_msgs/msg/detail/cellular_status__struct.h\n'}
[0.885261] (px4_msgs) StdoutLine: {'line': b'-- Up-to-date: /home/nicolas/ws_ros2/install/px4_msgs/include/px4_msgs/px4_msgs/msg/detail/distance_sensor_mode_change_request__functions.c\n'}
[0.885290] (px4_msgs) StdoutLine: {'line': b'-- Up-to-date: /home/nicolas/ws_ros2/install/px4_msgs/include/px4_msgs/px4_msgs/msg/detail/vehicle_local_position__type_support.h\n'}
[0.885373] (px4_msgs) StdoutLine: {'line': b'-- Up-to-date: /home/nicolas/ws_ros2/install/px4_msgs/include/px4_msgs/px4_msgs/msg/detail/sensor_gyro_fifo__functions.h\n'}
[0.885404] (px4_msgs) StdoutLine: {'line': b'-- Up-to-date: /home/nicolas/ws_ros2/install/px4_msgs/include/px4_msgs/px4_msgs/msg/detail/mission_result__struct.h\n'}
[0.885655] (px4_msgs) StdoutLine: {'line': b'-- Up-to-date: /home/nicolas/ws_ros2/install/px4_msgs/include/px4_msgs/px4_msgs/msg/detail/tecs_status__functions.c\n'}
[0.885728] (px4_msgs) StdoutLine: {'line': b'-- Up-to-date: /home/nicolas/ws_ros2/install/px4_msgs/include/px4_msgs/px4_msgs/msg/detail/task_stack_info__struct.h\n'}
[0.885764] (px4_msgs) StdoutLine: {'line': b'-- Up-to-date: /home/nicolas/ws_ros2/install/px4_msgs/include/px4_msgs/px4_msgs/msg/detail/vehicle_command__type_support.h\n'}
[0.885799] (px4_msgs) StdoutLine: {'line': b'-- Up-to-date: /home/nicolas/ws_ros2/install/px4_msgs/include/px4_msgs/px4_msgs/msg/detail/hover_thrust_estimate__functions.c\n'}
[0.885831] (px4_msgs) StdoutLine: {'line': b'-- Up-to-date: /home/nicolas/ws_ros2/install/px4_msgs/include/px4_msgs/px4_msgs/msg/detail/task_stack_info__functions.h\n'}
[0.885872] (px4_msgs) StdoutLine: {'line': b'-- Up-to-date: /home/nicolas/ws_ros2/install/px4_msgs/include/px4_msgs/px4_msgs/msg/detail/gpio_in__functions.c\n'}
[0.885929] (px4_msgs) StdoutLine: {'line': b'-- Up-to-date: /home/nicolas/ws_ros2/install/px4_msgs/include/px4_msgs/px4_msgs/msg/detail/mavlink_tunnel__functions.c\n'}
[0.885961] (px4_msgs) StdoutLine: {'line': b'-- Up-to-date: /home/nicolas/ws_ros2/install/px4_msgs/include/px4_msgs/px4_msgs/msg/detail/parameter_set_value_request__functions.h\n'}
[0.885992] (px4_msgs) StdoutLine: {'line': b'-- Up-to-date: /home/nicolas/ws_ros2/install/px4_msgs/include/px4_msgs/px4_msgs/msg/detail/vehicle_imu_status__type_support.h\n'}
[0.886023] (px4_msgs) StdoutLine: {'line': b'-- Up-to-date: /home/nicolas/ws_ros2/install/px4_msgs/include/px4_msgs/px4_msgs/msg/detail/figure_eight_status__functions.h\n'}
[0.886053] (px4_msgs) StdoutLine: {'line': b'-- Up-to-date: /home/nicolas/ws_ros2/install/px4_msgs/include/px4_msgs/px4_msgs/msg/detail/message_format_response__functions.h\n'}
[0.886083] (px4_msgs) StdoutLine: {'line': b'-- Up-to-date: /home/nicolas/ws_ros2/install/px4_msgs/include/px4_msgs/px4_msgs/msg/detail/onboard_computer_status__type_support.h\n'}
[0.886113] (px4_msgs) StdoutLine: {'line': b'-- Up-to-date: /home/nicolas/ws_ros2/install/px4_msgs/include/px4_msgs/px4_msgs/msg/detail/estimator_states__struct.h\n'}
[0.886142] (px4_msgs) StdoutLine: {'line': b'-- Up-to-date: /home/nicolas/ws_ros2/install/px4_msgs/include/px4_msgs/px4_msgs/msg/detail/rate_ctrl_status__struct.h\n'}
[0.886171] (px4_msgs) StdoutLine: {'line': b'-- Up-to-date: /home/nicolas/ws_ros2/install/px4_msgs/include/px4_msgs/px4_msgs/msg/detail/tecs_status__struct.h\n'}
[0.886201] (px4_msgs) StdoutLine: {'line': b'-- Up-to-date: /home/nicolas/ws_ros2/install/px4_msgs/include/px4_msgs/px4_msgs/msg/detail/rc_parameter_map__functions.c\n'}
[0.886230] (px4_msgs) StdoutLine: {'line': b'-- Up-to-date: /home/nicolas/ws_ros2/install/px4_msgs/include/px4_msgs/px4_msgs/msg/detail/button_event__functions.c\n'}
[0.886260] (px4_msgs) StdoutLine: {'line': b'-- Up-to-date: /home/nicolas/ws_ros2/install/px4_msgs/include/px4_msgs/px4_msgs/msg/detail/fuel_tank_status__struct.h\n'}
[0.886289] (px4_msgs) StdoutLine: {'line': b'-- Up-to-date: /home/nicolas/ws_ros2/install/px4_msgs/include/px4_msgs/px4_msgs/msg/detail/figure_eight_status__functions.c\n'}
[0.886324] (px4_msgs) StdoutLine: {'line': b'-- Up-to-date: /home/nicolas/ws_ros2/install/px4_msgs/include/px4_msgs/px4_msgs/msg/detail/qshell_retval__functions.c\n'}
[0.886356] (px4_msgs) StdoutLine: {'line': b'-- Up-to-date: /home/nicolas/ws_ros2/install/px4_msgs/include/px4_msgs/px4_msgs/msg/detail/gimbal_manager_information__type_support.h\n'}
[0.886387] (px4_msgs) StdoutLine: {'line': b'-- Up-to-date: /home/nicolas/ws_ros2/install/px4_msgs/include/px4_msgs/px4_msgs/msg/detail/fixed_wing_runway_control__type_support.h\n'}
[0.886563] (px4_msgs) StdoutLine: {'line': b'-- Up-to-date: /home/nicolas/ws_ros2/install/px4_msgs/include/px4_msgs/px4_msgs/msg/detail/follow_target__type_support.h\n'}
[0.886597] (px4_msgs) StdoutLine: {'line': b'-- Up-to-date: /home/nicolas/ws_ros2/install/px4_msgs/include/px4_msgs/px4_msgs/msg/detail/qshell_req__type_support.h\n'}
[0.886669] (px4_msgs) StdoutLine: {'line': b'-- Up-to-date: /home/nicolas/ws_ros2/install/px4_msgs/include/px4_msgs/px4_msgs/msg/detail/logger_status__functions.h\n'}
[0.886702] (px4_msgs) StdoutLine: {'line': b'-- Up-to-date: /home/nicolas/ws_ros2/install/px4_msgs/include/px4_msgs/px4_msgs/msg/detail/esc_status__type_support.h\n'}
[0.886731] (px4_msgs) StdoutLine: {'line': b'-- Up-to-date: /home/nicolas/ws_ros2/install/px4_msgs/include/px4_msgs/px4_msgs/msg/detail/camera_capture__functions.h\n'}
[0.886762] (px4_msgs) StdoutLine: {'line': b'-- Up-to-date: /home/nicolas/ws_ros2/install/px4_msgs/include/px4_msgs/px4_msgs/msg/detail/input_rc__type_support.h\n'}
[0.886792] (px4_msgs) StdoutLine: {'line': b'-- Up-to-date: /home/nicolas/ws_ros2/install/px4_msgs/include/px4_msgs/px4_msgs/msg/detail/wind__functions.c\n'}
[0.886833] (px4_msgs) StdoutLine: {'line': b'-- Up-to-date: /home/nicolas/ws_ros2/install/px4_msgs/include/px4_msgs/px4_msgs/msg/detail/fixed_wing_longitudinal_setpoint__struct.h\n'}
[0.886864] (px4_msgs) StdoutLine: {'line': b'-- Up-to-date: /home/nicolas/ws_ros2/install/px4_msgs/include/px4_msgs/px4_msgs/msg/detail/rc_parameter_map__struct.h\n'}
[0.886894] (px4_msgs) StdoutLine: {'line': b'-- Up-to-date: /home/nicolas/ws_ros2/install/px4_msgs/include/px4_msgs/px4_msgs/msg/detail/sensor_baro__struct.h\n'}
[0.886923] (px4_msgs) StdoutLine: {'line': b'-- Up-to-date: /home/nicolas/ws_ros2/install/px4_msgs/include/px4_msgs/px4_msgs/msg/detail/onboard_computer_status__functions.h\n'}
[0.887005] (px4_msgs) StdoutLine: {'line': b'-- Up-to-date: /home/nicolas/ws_ros2/install/px4_msgs/include/px4_msgs/px4_msgs/msg/detail/vehicle_status__struct.h\n'}
[0.887039] (px4_msgs) StdoutLine: {'line': b'-- Up-to-date: /home/nicolas/ws_ros2/install/px4_msgs/include/px4_msgs/px4_msgs/msg/detail/orb_test__type_support.h\n'}
[0.887070] (px4_msgs) StdoutLine: {'line': b'-- Up-to-date: /home/nicolas/ws_ros2/install/px4_msgs/include/px4_msgs/px4_msgs/msg/detail/power_monitor__struct.h\n'}
[0.887102] (px4_msgs) StdoutLine: {'line': b'-- Up-to-date: /home/nicolas/ws_ros2/install/px4_msgs/include/px4_msgs/px4_msgs/msg/detail/gimbal_device_set_attitude__type_support.h\n'}
[0.887132] (px4_msgs) StdoutLine: {'line': b'-- Up-to-date: /home/nicolas/ws_ros2/install/px4_msgs/include/px4_msgs/px4_msgs/msg/detail/vehicle_land_detected__functions.c\n'}
[0.887162] (px4_msgs) StdoutLine: {'line': b'-- Up-to-date: /home/nicolas/ws_ros2/install/px4_msgs/include/px4_msgs/px4_msgs/msg/detail/landing_gear__struct.h\n'}
[0.887192] (px4_msgs) StdoutLine: {'line': b'-- Up-to-date: /home/nicolas/ws_ros2/install/px4_msgs/include/px4_msgs/px4_msgs/msg/detail/iridiumsbd_status__functions.c\n'}
[0.887222] (px4_msgs) StdoutLine: {'line': b'-- Up-to-date: /home/nicolas/ws_ros2/install/px4_msgs/include/px4_msgs/px4_msgs/msg/detail/vehicle_angular_acceleration_setpoint__functions.h\n'}
[0.887252] (px4_msgs) StdoutLine: {'line': b'-- Up-to-date: /home/nicolas/ws_ros2/install/px4_msgs/include/px4_msgs/px4_msgs/msg/detail/health_report__functions.c\n'}
[0.887283] (px4_msgs) StdoutLine: {'line': b'-- Up-to-date: /home/nicolas/ws_ros2/install/px4_msgs/include/px4_msgs/px4_msgs/msg/detail/rover_speed_status__functions.h\n'}
[0.887316] (px4_msgs) StdoutLine: {'line': b'-- Up-to-date: /home/nicolas/ws_ros2/install/px4_msgs/include/px4_msgs/px4_msgs/msg/detail/parameter_set_value_request__type_support.h\n'}
[0.887349] (px4_msgs) StdoutLine: {'line': b'-- Up-to-date: /home/nicolas/ws_ros2/install/px4_msgs/include/px4_msgs/px4_msgs/msg/detail/gimbal_manager_set_attitude__type_support.h\n'}
[0.887381] (px4_msgs) StdoutLine: {'line': b'-- Up-to-date: /home/nicolas/ws_ros2/install/px4_msgs/include/px4_msgs/px4_msgs/msg/detail/action_request__functions.h\n'}
[0.887460] (px4_msgs) StdoutLine: {'line': b'-- Up-to-date: /home/nicolas/ws_ros2/install/px4_msgs/include/px4_msgs/px4_msgs/msg/detail/parameter_reset_request__type_support.h\n'}
[0.887494] (px4_msgs) StdoutLine: {'line': b'-- Up-to-date: /home/nicolas/ws_ros2/install/px4_msgs/include/px4_msgs/px4_msgs/msg/detail/velocity_limits__type_support.h\n'}
[0.887524] (px4_msgs) StdoutLine: {'line': b'-- Up-to-date: /home/nicolas/ws_ros2/install/px4_msgs/include/px4_msgs/px4_msgs/msg/detail/logger_status__functions.c\n'}
[0.887556] (px4_msgs) StdoutLine: {'line': b'-- Up-to-date: /home/nicolas/ws_ros2/install/px4_msgs/include/px4_msgs/px4_msgs/msg/detail/gripper__type_support.h\n'}
[0.887587] (px4_msgs) StdoutLine: {'line': b'-- Up-to-date: /home/nicolas/ws_ros2/install/px4_msgs/include/px4_msgs/px4_msgs/msg/detail/vehicle_air_data__struct.h\n'}
[0.887616] (px4_msgs) StdoutLine: {'line': b'-- Up-to-date: /home/nicolas/ws_ros2/install/px4_msgs/include/px4_msgs/px4_msgs/msg/detail/fixed_wing_runway_control__functions.h\n'}
[0.887646] (px4_msgs) StdoutLine: {'line': b'-- Up-to-date: /home/nicolas/ws_ros2/install/px4_msgs/include/px4_msgs/px4_msgs/msg/detail/geofence_status__functions.c\n'}
[0.887677] (px4_msgs) StdoutLine: {'line': b'-- Up-to-date: /home/nicolas/ws_ros2/install/px4_msgs/include/px4_msgs/px4_msgs/msg/detail/landing_target_innovations__type_support.h\n'}
[0.887707] (px4_msgs) StdoutLine: {'line': b'-- Up-to-date: /home/nicolas/ws_ros2/install/px4_msgs/include/px4_msgs/px4_msgs/msg/detail/vtol_vehicle_status__functions.c\n'}
[0.887737] (px4_msgs) StdoutLine: {'line': b'-- Up-to-date: /home/nicolas/ws_ros2/install/px4_msgs/include/px4_msgs/px4_msgs/msg/detail/esc_report__functions.h\n'}
[0.887769] (px4_msgs) StdoutLine: {'line': b'-- Up-to-date: /home/nicolas/ws_ros2/install/px4_msgs/include/px4_msgs/px4_msgs/msg/detail/rc_parameter_map__type_support.h\n'}
[0.887801] (px4_msgs) StdoutLine: {'line': b'-- Up-to-date: /home/nicolas/ws_ros2/install/px4_msgs/include/px4_msgs/px4_msgs/msg/detail/dataman_request__functions.c\n'}
[0.887858] (px4_msgs) StdoutLine: {'line': b'-- Up-to-date: /home/nicolas/ws_ros2/install/px4_msgs/include/px4_msgs/px4_msgs/msg/detail/uavcan_parameter_value__functions.h\n'}
[0.887891] (px4_msgs) StdoutLine: {'line': b'-- Up-to-date: /home/nicolas/ws_ros2/install/px4_msgs/include/px4_msgs/px4_msgs/msg/detail/sensor_uwb__functions.h\n'}
[0.887946] (px4_msgs) StdoutLine: {'line': b'-- Up-to-date: /home/nicolas/ws_ros2/install/px4_msgs/include/px4_msgs/px4_msgs/msg/detail/position_setpoint_triplet__struct.h\n'}
[0.887979] (px4_msgs) StdoutLine: {'line': b'-- Up-to-date: /home/nicolas/ws_ros2/install/px4_msgs/include/px4_msgs/px4_msgs/msg/detail/estimator_selector_status__type_support.h\n'}
[0.888012] (px4_msgs) StdoutLine: {'line': b'-- Up-to-date: /home/nicolas/ws_ros2/install/px4_msgs/include/px4_msgs/px4_msgs/msg/detail/mission_result__functions.c\n'}
[0.888046] (px4_msgs) StdoutLine: {'line': b'-- Up-to-date: /home/nicolas/ws_ros2/install/px4_msgs/include/px4_msgs/px4_msgs/msg/detail/sensor_optical_flow__struct.h\n'}
[0.888079] (px4_msgs) StdoutLine: {'line': b'-- Up-to-date: /home/nicolas/ws_ros2/install/px4_msgs/include/px4_msgs/px4_msgs/msg/detail/vehicle_optical_flow__type_support.h\n'}
[0.888124] (px4_msgs) StdoutLine: {'line': b'-- Up-to-date: /home/nicolas/ws_ros2/install/px4_msgs/include/px4_msgs/px4_msgs/msg/detail/parameter_update__functions.h\n'}
[0.888157] (px4_msgs) StdoutLine: {'line': b'-- Up-to-date: /home/nicolas/ws_ros2/install/px4_msgs/include/px4_msgs/px4_msgs/msg/detail/log_message__functions.c\n'}
[0.888190] (px4_msgs) StdoutLine: {'line': b'-- Up-to-date: /home/nicolas/ws_ros2/install/px4_msgs/include/px4_msgs/px4_msgs/msg/detail/parameter_set_value_response__struct.h\n'}
[0.888223] (px4_msgs) StdoutLine: {'line': b'-- Up-to-date: /home/nicolas/ws_ros2/install/px4_msgs/include/px4_msgs/px4_msgs/msg/detail/navigator_status__struct.h\n'}
[0.888256] (px4_msgs) StdoutLine: {'line': b'-- Up-to-date: /home/nicolas/ws_ros2/install/px4_msgs/include/px4_msgs/px4_msgs/msg/detail/px4io_status__functions.c\n'}
[0.888322] (px4_msgs) StdoutLine: {'line': b'-- Up-to-date: /home/nicolas/ws_ros2/install/px4_msgs/include/px4_msgs/px4_msgs/msg/detail/manual_control_switches__functions.c\n'}
[0.888357] (px4_msgs) StdoutLine: {'line': b'-- Up-to-date: /home/nicolas/ws_ros2/install/px4_msgs/include/px4_msgs/px4_msgs/msg/detail/timesync_status__functions.h\n'}
[0.888393] (px4_msgs) StdoutLine: {'line': b'-- Up-to-date: /home/nicolas/ws_ros2/install/px4_msgs/include/px4_msgs/px4_msgs/msg/detail/esc_report__functions.c\n'}
[0.888434] (px4_msgs) StdoutLine: {'line': b'-- Up-to-date: /home/nicolas/ws_ros2/install/px4_msgs/include/px4_msgs/px4_msgs/msg/detail/input_rc__struct.h\n'}
[0.888553] (px4_msgs) StdoutLine: {'line': b'-- Up-to-date: /home/nicolas/ws_ros2/install/px4_msgs/include/px4_msgs/px4_msgs/msg/detail/battery_info__type_support.h\n'}
[0.888590] (px4_msgs) StdoutLine: {'line': b'-- Up-to-date: /home/nicolas/ws_ros2/install/px4_msgs/include/px4_msgs/px4_msgs/msg/detail/tiltrotor_extra_controls__struct.h\n'}
[0.888627] (px4_msgs) StdoutLine: {'line': b'-- Up-to-date: /home/nicolas/ws_ros2/install/px4_msgs/include/px4_msgs/px4_msgs/msg/detail/battery_info__functions.h\n'}
[0.888663] (px4_msgs) StdoutLine: {'line': b'-- Up-to-date: /home/nicolas/ws_ros2/install/px4_msgs/include/px4_msgs/px4_msgs/msg/detail/rover_position_setpoint__struct.h\n'}
[0.888698] (px4_msgs) StdoutLine: {'line': b'-- Up-to-date: /home/nicolas/ws_ros2/install/px4_msgs/include/px4_msgs/px4_msgs/msg/detail/sensor_combined__functions.c\n'}
[0.888733] (px4_msgs) StdoutLine: {'line': b'-- Up-to-date: /home/nicolas/ws_ros2/install/px4_msgs/include/px4_msgs/px4_msgs/msg/detail/mode_completed__type_support.h\n'}
[0.888766] (px4_msgs) StdoutLine: {'line': b'-- Up-to-date: /home/nicolas/ws_ros2/install/px4_msgs/include/px4_msgs/px4_msgs/msg/detail/sensor_gyro_fft__type_support.h\n'}
[0.888814] (px4_msgs) StdoutLine: {'line': b'-- Up-to-date: /home/nicolas/ws_ros2/install/px4_msgs/include/px4_msgs/px4_msgs/msg/detail/takeoff_status__functions.h\n'}
[0.888849] (px4_msgs) StdoutLine: {'line': b'-- Up-to-date: /home/nicolas/ws_ros2/install/px4_msgs/include/px4_msgs/px4_msgs/msg/detail/vehicle_land_detected__type_support.h\n'}
[0.888883] (px4_msgs) StdoutLine: {'line': b'-- Up-to-date: /home/nicolas/ws_ros2/install/px4_msgs/include/px4_msgs/px4_msgs/msg/detail/sensor_gnss_status__functions.c\n'}
[0.888917] (px4_msgs) StdoutLine: {'line': b'-- Up-to-date: /home/nicolas/ws_ros2/install/px4_msgs/include/px4_msgs/px4_msgs/msg/detail/fixed_wing_lateral_guidance_status__type_support.h\n'}
[0.888951] (px4_msgs) StdoutLine: {'line': b'-- Up-to-date: /home/nicolas/ws_ros2/install/px4_msgs/include/px4_msgs/px4_msgs/msg/detail/landing_target_pose__functions.c\n'}
[0.888985] (px4_msgs) StdoutLine: {'line': b'-- Up-to-date: /home/nicolas/ws_ros2/install/px4_msgs/include/px4_msgs/px4_msgs/msg/detail/task_stack_info__functions.c\n'}
[0.889019] (px4_msgs) StdoutLine: {'line': b'-- Up-to-date: /home/nicolas/ws_ros2/install/px4_msgs/include/px4_msgs/px4_msgs/msg/detail/gps_dump__functions.c\n'}
[0.889056] (px4_msgs) StdoutLine: {'line': b'-- Up-to-date: /home/nicolas/ws_ros2/install/px4_msgs/include/px4_msgs/px4_msgs/msg/detail/estimator_status__type_support.h\n'}
[0.889090] (px4_msgs) StdoutLine: {'line': b'-- Up-to-date: /home/nicolas/ws_ros2/install/px4_msgs/include/px4_msgs/px4_msgs/msg/detail/parameter_update__struct.h\n'}
[0.889124] (px4_msgs) StdoutLine: {'line': b'-- Up-to-date: /home/nicolas/ws_ros2/install/px4_msgs/include/px4_msgs/px4_msgs/msg/detail/estimator_selector_status__functions.c\n'}
[0.889291] (px4_msgs) StdoutLine: {'line': b'-- Up-to-date: /home/nicolas/ws_ros2/install/px4_msgs/include/px4_msgs/px4_msgs/msg/detail/mavlink_tunnel__struct.h\n'}
[0.889332] (px4_msgs) StdoutLine: {'line': b'-- Up-to-date: /home/nicolas/ws_ros2/install/px4_msgs/include/px4_msgs/px4_msgs/msg/detail/sensor_baro__functions.c\n'}
[0.889369] (px4_msgs) StdoutLine: {'line': b'-- Up-to-date: /home/nicolas/ws_ros2/install/px4_msgs/include/px4_msgs/px4_msgs/msg/detail/actuator_test__functions.h\n'}
[0.889415] (px4_msgs) StdoutLine: {'line': b'-- Up-to-date: /home/nicolas/ws_ros2/install/px4_msgs/include/px4_msgs/px4_msgs/msg/detail/vehicle_thrust_setpoint__type_support.h\n'}
[0.889495] (px4_msgs) StdoutLine: {'line': b'-- Up-to-date: /home/nicolas/ws_ros2/install/px4_msgs/include/px4_msgs/px4_msgs/msg/detail/longitudinal_control_configuration__functions.h\n'}
[0.889533] (px4_msgs) StdoutLine: {'line': b'-- Up-to-date: /home/nicolas/ws_ros2/install/px4_msgs/include/px4_msgs/px4_msgs/msg/detail/arming_check_request__type_support.h\n'}
[0.889595] (px4_msgs) StdoutLine: {'line': b'-- Up-to-date: /home/nicolas/ws_ros2/install/px4_msgs/include/px4_msgs/px4_msgs/msg/detail/longitudinal_control_configuration__struct.h\n'}
[0.889629] (px4_msgs) StdoutLine: {'line': b'-- Up-to-date: /home/nicolas/ws_ros2/install/px4_msgs/include/px4_msgs/px4_msgs/msg/detail/rtl_status__functions.c\n'}
[0.889662] (px4_msgs) StdoutLine: {'line': b'-- Up-to-date: /home/nicolas/ws_ros2/install/px4_msgs/include/px4_msgs/px4_msgs/msg/detail/internal_combustion_engine_status__type_support.h\n'}
[0.889693] (px4_msgs) StdoutLine: {'line': b'-- Up-to-date: /home/nicolas/ws_ros2/install/px4_msgs/include/px4_msgs/px4_msgs/msg/detail/sensor_combined__functions.h\n'}
[0.889725] (px4_msgs) StdoutLine: {'line': b'-- Up-to-date: /home/nicolas/ws_ros2/install/px4_msgs/include/px4_msgs/px4_msgs/msg/detail/rover_attitude_status__type_support.h\n'}
[0.889767] (px4_msgs) StdoutLine: {'line': b'-- Up-to-date: /home/nicolas/ws_ros2/install/px4_msgs/include/px4_msgs/px4_msgs/msg/detail/cpuload__type_support.h\n'}
[0.889818] (px4_msgs) StdoutLine: {'line': b'-- Up-to-date: /home/nicolas/ws_ros2/install/px4_msgs/include/px4_msgs/px4_msgs/msg/detail/debug_vect__functions.c\n'}
[0.889867] (px4_msgs) StdoutLine: {'line': b'-- Up-to-date: /home/nicolas/ws_ros2/install/px4_msgs/include/px4_msgs/px4_msgs/msg/detail/camera_status__functions.h\n'}
[0.889915] (px4_msgs) StdoutLine: {'line': b'-- Up-to-date: /home/nicolas/ws_ros2/install/px4_msgs/include/px4_msgs/px4_msgs/msg/detail/failure_detector_status__struct.h\n'}
[0.889964] (px4_msgs) StdoutLine: {'line': b'-- Up-to-date: /home/nicolas/ws_ros2/install/px4_msgs/include/px4_msgs/px4_msgs/msg/detail/autotune_attitude_control_status__struct.h\n'}
[0.890013] (px4_msgs) StdoutLine: {'line': b'-- Up-to-date: /home/nicolas/ws_ros2/install/px4_msgs/include/px4_msgs/px4_msgs/msg/detail/estimator_status_flags__type_support.h\n'}
[0.890062] (px4_msgs) StdoutLine: {'line': b'-- Up-to-date: /home/nicolas/ws_ros2/install/px4_msgs/include/px4_msgs/px4_msgs/msg/detail/register_ext_component_request__type_support.h\n'}
[0.890139] (px4_msgs) StdoutLine: {'line': b'-- Up-to-date: /home/nicolas/ws_ros2/install/px4_msgs/include/px4_msgs/px4_msgs/msg/detail/landing_target_innovations__functions.h\n'}
[0.890922] (px4_msgs) StdoutLine: {'line': b'-- Up-to-date: /home/nicolas/ws_ros2/install/px4_msgs/include/px4_msgs/px4_msgs/msg/detail/trajectory_setpoint6dof__functions.h\n'}
[0.891291] (px4_msgs) StdoutLine: {'line': b'-- Up-to-date: /home/nicolas/ws_ros2/install/px4_msgs/include/px4_msgs/px4_msgs/msg/detail/sensor_optical_flow__functions.h\n'}
[0.891496] (px4_msgs) StdoutLine: {'line': b'-- Up-to-date: /home/nicolas/ws_ros2/install/px4_msgs/include/px4_msgs/px4_msgs/msg/detail/vehicle_angular_velocity__functions.c\n'}
[0.891595] (px4_msgs) StdoutLine: {'line': b'-- Up-to-date: /home/nicolas/ws_ros2/install/px4_msgs/include/px4_msgs/px4_msgs/msg/detail/pps_capture__struct.h\n'}
[0.891773] (px4_msgs) StdoutLine: {'line': b'-- Up-to-date: /home/nicolas/ws_ros2/install/px4_msgs/include/px4_msgs/px4_msgs/msg/detail/actuator_test__type_support.h\n'}
[0.891876] (px4_msgs) StdoutLine: {'line': b'-- Up-to-date: /home/nicolas/ws_ros2/install/px4_msgs/include/px4_msgs/px4_msgs/msg/detail/estimator_gps_status__functions.h\n'}
[0.891952] (px4_msgs) StdoutLine: {'line': b'-- Up-to-date: /home/nicolas/ws_ros2/install/px4_msgs/include/px4_msgs/px4_msgs/msg/detail/lateral_control_configuration__type_support.h\n'}
[0.892184] (px4_msgs) StdoutLine: {'line': b'-- Up-to-date: /home/nicolas/ws_ros2/install/px4_msgs/include/px4_msgs/px4_msgs/msg/detail/cpuload__functions.c\n'}
[0.892241] (px4_msgs) StdoutLine: {'line': b'-- Up-to-date: /home/nicolas/ws_ros2/install/px4_msgs/include/px4_msgs/px4_msgs/msg/detail/irlock_report__functions.h\n'}
[0.892292] (px4_msgs) StdoutLine: {'line': b'-- Up-to-date: /home/nicolas/ws_ros2/install/px4_msgs/include/px4_msgs/px4_msgs/msg/detail/debug_value__struct.h\n'}
[0.892364] (px4_msgs) StdoutLine: {'line': b'-- Up-to-date: /home/nicolas/ws_ros2/install/px4_msgs/include/px4_msgs/px4_msgs/msg/detail/rover_speed_setpoint__functions.h\n'}
[0.892416] (px4_msgs) StdoutLine: {'line': b'-- Up-to-date: /home/nicolas/ws_ros2/install/px4_msgs/include/px4_msgs/px4_msgs/msg/detail/gimbal_manager_set_manual_control__type_support.h\n'}
[0.892558] (px4_msgs) StdoutLine: {'line': b'-- Up-to-date: /home/nicolas/ws_ros2/install/px4_msgs/include/px4_msgs/px4_msgs/msg/detail/px4io_status__functions.h\n'}
[0.892605] (px4_msgs) StdoutLine: {'line': b'-- Up-to-date: /home/nicolas/ws_ros2/install/px4_msgs/include/px4_msgs/px4_msgs/msg/detail/onboard_computer_status__functions.c\n'}
[0.892714] (px4_msgs) StdoutLine: {'line': b'-- Up-to-date: /home/nicolas/ws_ros2/install/px4_msgs/include/px4_msgs/px4_msgs/msg/detail/tiltrotor_extra_controls__type_support.h\n'}
[0.892768] (px4_msgs) StdoutLine: {'line': b'-- Up-to-date: /home/nicolas/ws_ros2/install/px4_msgs/include/px4_msgs/px4_msgs/msg/detail/pure_pursuit_status__functions.h\n'}
[0.892992] (px4_msgs) StdoutLine: {'line': b'-- Up-to-date: /home/nicolas/ws_ros2/install/px4_msgs/include/px4_msgs/px4_msgs/msg/detail/tune_control__struct.h\n'}
[0.893065] (px4_msgs) StdoutLine: {'line': b'-- Up-to-date: /home/nicolas/ws_ros2/install/px4_msgs/include/px4_msgs/px4_msgs/msg/detail/gimbal_manager_information__functions.h\n'}
[0.893116] (px4_msgs) StdoutLine: {'line': b'-- Up-to-date: /home/nicolas/ws_ros2/install/px4_msgs/include/px4_msgs/px4_msgs/msg/detail/estimator_status_flags__struct.h\n'}
[0.893162] (px4_msgs) StdoutLine: {'line': b'-- Up-to-date: /home/nicolas/ws_ros2/install/px4_msgs/include/px4_msgs/px4_msgs/msg/detail/sensors_status_imu__type_support.h\n'}
[0.893207] (px4_msgs) StdoutLine: {'line': b'-- Up-to-date: /home/nicolas/ws_ros2/install/px4_msgs/include/px4_msgs/px4_msgs/msg/detail/esc_status__struct.h\n'}
[0.893251] (px4_msgs) StdoutLine: {'line': b'-- Up-to-date: /home/nicolas/ws_ros2/install/px4_msgs/include/px4_msgs/px4_msgs/msg/detail/camera_capture__type_support.h\n'}
[0.893295] (px4_msgs) StdoutLine: {'line': b'-- Up-to-date: /home/nicolas/ws_ros2/install/px4_msgs/include/px4_msgs/px4_msgs/msg/detail/pure_pursuit_status__struct.h\n'}
[0.893337] (px4_msgs) StdoutLine: {'line': b'-- Up-to-date: /home/nicolas/ws_ros2/install/px4_msgs/include/px4_msgs/px4_msgs/msg/detail/vehicle_control_mode__type_support.h\n'}
[0.893381] (px4_msgs) StdoutLine: {'line': b'-- Up-to-date: /home/nicolas/ws_ros2/install/px4_msgs/include/px4_msgs/px4_msgs/msg/detail/open_drone_id_operator_id__functions.c\n'}
[0.893416] (px4_msgs) StdoutLine: {'line': b'-- Up-to-date: /home/nicolas/ws_ros2/install/px4_msgs/include/px4_msgs/px4_msgs/msg/detail/longitudinal_control_configuration__type_support.h\n'}
[0.893498] (px4_msgs) StdoutLine: {'line': b'-- Up-to-date: /home/nicolas/ws_ros2/install/px4_msgs/include/px4_msgs/px4_msgs/msg/detail/sensor_selection__type_support.h\n'}
[0.893537] (px4_msgs) StdoutLine: {'line': b'-- Up-to-date: /home/nicolas/ws_ros2/install/px4_msgs/include/px4_msgs/px4_msgs/msg/detail/vehicle_acceleration__struct.h\n'}
[0.893573] (px4_msgs) StdoutLine: {'line': b'-- Up-to-date: /home/nicolas/ws_ros2/install/px4_msgs/include/px4_msgs/px4_msgs/msg/detail/px4io_status__type_support.h\n'}
[0.893608] (px4_msgs) StdoutLine: {'line': b'-- Up-to-date: /home/nicolas/ws_ros2/install/px4_msgs/include/px4_msgs/px4_msgs/msg/detail/action_request__type_support.h\n'}
[0.893644] (px4_msgs) StdoutLine: {'line': b'-- Up-to-date: /home/nicolas/ws_ros2/install/px4_msgs/include/px4_msgs/px4_msgs/msg/detail/normalized_unsigned_setpoint__struct.h\n'}
[0.893768] (px4_msgs) StdoutLine: {'line': b'-- Up-to-date: /home/nicolas/ws_ros2/install/px4_msgs/include/px4_msgs/px4_msgs/msg/detail/sensor_gyro_fifo__functions.c\n'}
[0.893805] (px4_msgs) StdoutLine: {'line': b'-- Up-to-date: /home/nicolas/ws_ros2/install/px4_msgs/include/px4_msgs/px4_msgs/msg/detail/open_drone_id_self_id__functions.c\n'}
[0.893839] (px4_msgs) StdoutLine: {'line': b'-- Up-to-date: /home/nicolas/ws_ros2/install/px4_msgs/include/px4_msgs/px4_msgs/msg/detail/position_setpoint_triplet__functions.c\n'}
[0.893873] (px4_msgs) StdoutLine: {'line': b'-- Up-to-date: /home/nicolas/ws_ros2/install/px4_msgs/include/px4_msgs/px4_msgs/msg/detail/task_stack_info__type_support.h\n'}
[0.893906] (px4_msgs) StdoutLine: {'line': b'-- Up-to-date: /home/nicolas/ws_ros2/install/px4_msgs/include/px4_msgs/px4_msgs/msg/detail/vehicle_optical_flow_vel__functions.h\n'}
[0.893946] (px4_msgs) StdoutLine: {'line': b'-- Up-to-date: /home/nicolas/ws_ros2/install/px4_msgs/include/px4_msgs/px4_msgs/msg/detail/mavlink_tunnel__functions.h\n'}
[0.894033] (px4_msgs) StdoutLine: {'line': b'-- Up-to-date: /home/nicolas/ws_ros2/install/px4_msgs/include/px4_msgs/px4_msgs/msg/detail/qshell_retval__functions.h\n'}
[0.894076] (px4_msgs) StdoutLine: {'line': b'-- Up-to-date: /home/nicolas/ws_ros2/install/px4_msgs/include/px4_msgs/px4_msgs/msg/detail/estimator_aid_source1d__functions.c\n'}
[0.894112] (px4_msgs) StdoutLine: {'line': b'-- Up-to-date: /home/nicolas/ws_ros2/install/px4_msgs/include/px4_msgs/px4_msgs/msg/detail/launch_detection_status__struct.h\n'}
[0.894146] (px4_msgs) StdoutLine: {'line': b'-- Up-to-date: /home/nicolas/ws_ros2/install/px4_msgs/include/px4_msgs/px4_msgs/msg/detail/qshell_req__struct.h\n'}
[0.894180] (px4_msgs) StdoutLine: {'line': b'-- Up-to-date: /home/nicolas/ws_ros2/install/px4_msgs/include/px4_msgs/px4_msgs/msg/detail/actuator_outputs__type_support.h\n'}
[0.894213] (px4_msgs) StdoutLine: {'line': b'-- Up-to-date: /home/nicolas/ws_ros2/install/px4_msgs/include/px4_msgs/px4_msgs/msg/detail/cellular_status__functions.h\n'}
[0.894290] (px4_msgs) StdoutLine: {'line': b'-- Up-to-date: /home/nicolas/ws_ros2/install/px4_msgs/include/px4_msgs/px4_msgs/msg/detail/sensor_gnss_relative__functions.h\n'}
[0.894336] (px4_msgs) StdoutLine: {'line': b'-- Up-to-date: /home/nicolas/ws_ros2/install/px4_msgs/include/px4_msgs/px4_msgs/msg/detail/position_setpoint__type_support.h\n'}
[0.894371] (px4_msgs) StdoutLine: {'line': b'-- Up-to-date: /home/nicolas/ws_ros2/install/px4_msgs/include/px4_msgs/px4_msgs/msg/detail/fixed_wing_lateral_status__functions.c\n'}
[0.894406] (px4_msgs) StdoutLine: {'line': b'-- Up-to-date: /home/nicolas/ws_ros2/install/px4_msgs/include/px4_msgs/px4_msgs/msg/detail/geofence_status__struct.h\n'}
[0.894584] (px4_msgs) StdoutLine: {'line': b'-- Up-to-date: /home/nicolas/ws_ros2/install/px4_msgs/include/px4_msgs/px4_msgs/msg/detail/rover_rate_setpoint__type_support.h\n'}
[0.894693] (px4_msgs) StdoutLine: {'line': b'-- Up-to-date: /home/nicolas/ws_ros2/install/px4_msgs/include/px4_msgs/px4_msgs/msg/detail/ulog_stream__type_support.h\n'}
[0.894736] (px4_msgs) StdoutLine: {'line': b'-- Up-to-date: /home/nicolas/ws_ros2/install/px4_msgs/include/px4_msgs/px4_msgs/msg/detail/log_message__functions.h\n'}
[0.894774] (px4_msgs) StdoutLine: {'line': b'-- Up-to-date: /home/nicolas/ws_ros2/install/px4_msgs/include/px4_msgs/px4_msgs/msg/detail/gimbal_manager_status__functions.h\n'}
[0.894811] (px4_msgs) StdoutLine: {'line': b'-- Up-to-date: /home/nicolas/ws_ros2/install/px4_msgs/include/px4_msgs/px4_msgs/msg/detail/vehicle_thrust_setpoint__functions.c\n'}
[0.894848] (px4_msgs) StdoutLine: {'line': b'-- Up-to-date: /home/nicolas/ws_ros2/install/px4_msgs/include/px4_msgs/px4_msgs/msg/detail/navigator_mission_item__struct.h\n'}
[0.894885] (px4_msgs) StdoutLine: {'line': b'-- Up-to-date: /home/nicolas/ws_ros2/install/px4_msgs/include/px4_msgs/px4_msgs/msg/detail/unregister_ext_component__functions.h\n'}
[0.894920] (px4_msgs) StdoutLine: {'line': b'-- Up-to-date: /home/nicolas/ws_ros2/install/px4_msgs/include/px4_msgs/px4_msgs/msg/detail/gripper__functions.h\n'}
[0.894968] (px4_msgs) StdoutLine: {'line': b'-- Up-to-date: /home/nicolas/ws_ros2/install/px4_msgs/include/px4_msgs/px4_msgs/msg/detail/rover_rate_setpoint__functions.h\n'}
[0.895005] (px4_msgs) StdoutLine: {'line': b'-- Up-to-date: /home/nicolas/ws_ros2/install/px4_msgs/include/px4_msgs/px4_msgs/msg/detail/parameter_reset_request__functions.h\n'}
[0.895041] (px4_msgs) StdoutLine: {'line': b'-- Up-to-date: /home/nicolas/ws_ros2/install/px4_msgs/include/px4_msgs/px4_msgs/msg/detail/register_ext_component_reply__functions.c\n'}
[0.895077] (px4_msgs) StdoutLine: {'line': b'-- Up-to-date: /home/nicolas/ws_ros2/install/px4_msgs/include/px4_msgs/px4_msgs/msg/detail/fixed_wing_lateral_setpoint__struct.h\n'}
[0.895113] (px4_msgs) StdoutLine: {'line': b'-- Up-to-date: /home/nicolas/ws_ros2/install/px4_msgs/include/px4_msgs/px4_msgs/msg/detail/position_controller_landing_status__functions.h\n'}
[0.895148] (px4_msgs) StdoutLine: {'line': b'-- Up-to-date: /home/nicolas/ws_ros2/install/px4_msgs/include/px4_msgs/px4_msgs/msg/detail/goto_setpoint__functions.c\n'}
[0.895184] (px4_msgs) StdoutLine: {'line': b'-- Up-to-date: /home/nicolas/ws_ros2/install/px4_msgs/include/px4_msgs/px4_msgs/msg/detail/estimator_states__type_support.h\n'}
[0.895219] (px4_msgs) StdoutLine: {'line': b'-- Up-to-date: /home/nicolas/ws_ros2/install/px4_msgs/include/px4_msgs/px4_msgs/msg/detail/vehicle_optical_flow__functions.h\n'}
[0.895256] (px4_msgs) StdoutLine: {'line': b'-- Up-to-date: /home/nicolas/ws_ros2/install/px4_msgs/include/px4_msgs/px4_msgs/msg/detail/vehicle_status__functions.h\n'}
[0.895338] (px4_msgs) StdoutLine: {'line': b'-- Up-to-date: /home/nicolas/ws_ros2/install/px4_msgs/include/px4_msgs/px4_msgs/msg/detail/goto_setpoint__type_support.h\n'}
[0.895378] (px4_msgs) StdoutLine: {'line': b'-- Up-to-date: /home/nicolas/ws_ros2/install/px4_msgs/include/px4_msgs/px4_msgs/msg/detail/timesync_status__struct.h\n'}
[0.895415] (px4_msgs) StdoutLine: {'line': b'-- Up-to-date: /home/nicolas/ws_ros2/install/px4_msgs/include/px4_msgs/px4_msgs/msg/detail/vehicle_command_ack__struct.h\n'}
[0.895526] (px4_msgs) StdoutLine: {'line': b'-- Up-to-date: /home/nicolas/ws_ros2/install/px4_msgs/include/px4_msgs/px4_msgs/msg/detail/cellular_status__type_support.h\n'}
[0.895570] (px4_msgs) StdoutLine: {'line': b'-- Up-to-date: /home/nicolas/ws_ros2/install/px4_msgs/include/px4_msgs/px4_msgs/msg/detail/sensor_gnss_status__struct.h\n'}
[0.895609] (px4_msgs) StdoutLine: {'line': b'-- Up-to-date: /home/nicolas/ws_ros2/install/px4_msgs/include/px4_msgs/px4_msgs/msg/detail/vehicle_command_ack__functions.c\n'}
[0.895647] (px4_msgs) StdoutLine: {'line': b'-- Up-to-date: /home/nicolas/ws_ros2/install/px4_msgs/include/px4_msgs/px4_msgs/msg/detail/position_setpoint__struct.h\n'}
[0.895688] (px4_msgs) StdoutLine: {'line': b'-- Up-to-date: /home/nicolas/ws_ros2/install/px4_msgs/include/px4_msgs/px4_msgs/msg/detail/mount_orientation__functions.h\n'}
[0.895725] (px4_msgs) StdoutLine: {'line': b'-- Up-to-date: /home/nicolas/ws_ros2/install/px4_msgs/include/px4_msgs/px4_msgs/msg/detail/sensor_gyro_fft__struct.h\n'}
[0.895808] (px4_msgs) StdoutLine: {'line': b'-- Up-to-date: /home/nicolas/ws_ros2/install/px4_msgs/include/px4_msgs/px4_msgs/msg/detail/internal_combustion_engine_control__functions.h\n'}
[0.895849] (px4_msgs) StdoutLine: {'line': b'-- Up-to-date: /home/nicolas/ws_ros2/install/px4_msgs/include/px4_msgs/px4_msgs/msg/detail/led_control__struct.h\n'}
[0.895886] (px4_msgs) StdoutLine: {'line': b'-- Up-to-date: /home/nicolas/ws_ros2/install/px4_msgs/include/px4_msgs/px4_msgs/msg/detail/flight_phase_estimation__struct.h\n'}
[0.895922] (px4_msgs) StdoutLine: {'line': b'-- Up-to-date: /home/nicolas/ws_ros2/install/px4_msgs/include/px4_msgs/px4_msgs/msg/detail/system_power__functions.h\n'}
[0.895961] (px4_msgs) StdoutLine: {'line': b'-- Up-to-date: /home/nicolas/ws_ros2/install/px4_msgs/include/px4_msgs/px4_msgs/msg/detail/failure_detector_status__type_support.h\n'}
[0.896049] (px4_msgs) StdoutLine: {'line': b'-- Up-to-date: /home/nicolas/ws_ros2/install/px4_msgs/include/px4_msgs/px4_msgs/msg/detail/lateral_control_configuration__functions.h\n'}
[0.896099] (px4_msgs) StdoutLine: {'line': b'-- Up-to-date: /home/nicolas/ws_ros2/install/px4_msgs/include/px4_msgs/px4_msgs/msg/detail/vehicle_magnetometer__functions.c\n'}
[0.896232] (px4_msgs) StdoutLine: {'line': b'-- Up-to-date: /home/nicolas/ws_ros2/install/px4_msgs/include/px4_msgs/px4_msgs/msg/detail/internal_combustion_engine_status__functions.h\n'}
[0.896280] (px4_msgs) StdoutLine: {'line': b'-- Up-to-date: /home/nicolas/ws_ros2/install/px4_msgs/include/px4_msgs/px4_msgs/msg/detail/autotune_attitude_control_status__type_support.h\n'}
[0.896324] (px4_msgs) StdoutLine: {'line': b'-- Up-to-date: /home/nicolas/ws_ros2/install/px4_msgs/include/px4_msgs/px4_msgs/msg/detail/mission_result__type_support.h\n'}
[0.896362] (px4_msgs) StdoutLine: {'line': b'-- Up-to-date: /home/nicolas/ws_ros2/install/px4_msgs/include/px4_msgs/px4_msgs/msg/detail/actuator_controls_status__struct.h\n'}
[0.896399] (px4_msgs) StdoutLine: {'line': b'-- Up-to-date: /home/nicolas/ws_ros2/install/px4_msgs/include/px4_msgs/px4_msgs/msg/detail/offboard_control_mode__functions.c\n'}
[0.896443] (px4_msgs) StdoutLine: {'line': b'-- Up-to-date: /home/nicolas/ws_ros2/install/px4_msgs/include/px4_msgs/px4_msgs/msg/detail/estimator_sensor_bias__type_support.h\n'}
[0.896483] (px4_msgs) StdoutLine: {'line': b'-- Up-to-date: /home/nicolas/ws_ros2/install/px4_msgs/include/px4_msgs/px4_msgs/msg/detail/vtol_vehicle_status__struct.h\n'}
[0.896520] (px4_msgs) StdoutLine: {'line': b'-- Up-to-date: /home/nicolas/ws_ros2/install/px4_msgs/include/px4_msgs/px4_msgs/msg/detail/vehicle_constraints__type_support.h\n'}
[0.896558] (px4_msgs) StdoutLine: {'line': b'-- Up-to-date: /home/nicolas/ws_ros2/install/px4_msgs/include/px4_msgs/px4_msgs/msg/detail/landing_gear__type_support.h\n'}
[0.896596] (px4_msgs) StdoutLine: {'line': b'-- Up-to-date: /home/nicolas/ws_ros2/install/px4_msgs/include/px4_msgs/px4_msgs/msg/detail/airspeed_wind__struct.h\n'}
[0.896634] (px4_msgs) StdoutLine: {'line': b'-- Up-to-date: /home/nicolas/ws_ros2/install/px4_msgs/include/px4_msgs/px4_msgs/msg/detail/estimator_aid_source2d__type_support.h\n'}
[0.896674] (px4_msgs) StdoutLine: {'line': b'-- Up-to-date: /home/nicolas/ws_ros2/install/px4_msgs/include/px4_msgs/px4_msgs/msg/detail/offboard_control_mode__struct.h\n'}
[0.896711] (px4_msgs) StdoutLine: {'line': b'-- Up-to-date: /home/nicolas/ws_ros2/install/px4_msgs/include/px4_msgs/px4_msgs/msg/detail/message_format_request__struct.h\n'}
[0.896745] (px4_msgs) StdoutLine: {'line': b'-- Up-to-date: /home/nicolas/ws_ros2/install/px4_msgs/include/px4_msgs/px4_msgs/msg/detail/radio_status__type_support.h\n'}
[0.896779] (px4_msgs) StdoutLine: {'line': b'-- Up-to-date: /home/nicolas/ws_ros2/install/px4_msgs/include/px4_msgs/px4_msgs/msg/detail/ulog_stream_ack__struct.h\n'}
[0.896814] (px4_msgs) StdoutLine: {'line': b'-- Up-to-date: /home/nicolas/ws_ros2/install/px4_msgs/include/px4_msgs/px4_msgs/msg/detail/estimator_gps_status__type_support.h\n'}
[0.896863] (px4_msgs) StdoutLine: {'line': b'-- Up-to-date: /home/nicolas/ws_ros2/install/px4_msgs/include/px4_msgs/px4_msgs/msg/detail/open_drone_id_arm_status__type_support.h\n'}
[0.896902] (px4_msgs) StdoutLine: {'line': b'-- Up-to-date: /home/nicolas/ws_ros2/install/px4_msgs/include/px4_msgs/px4_msgs/msg/detail/follow_target__functions.c\n'}
[0.896956] (px4_msgs) StdoutLine: {'line': b'-- Up-to-date: /home/nicolas/ws_ros2/install/px4_msgs/include/px4_msgs/px4_msgs/msg/detail/gps_inject_data__functions.h\n'}
[0.897013] (px4_msgs) StdoutLine: {'line': b'-- Up-to-date: /home/nicolas/ws_ros2/install/px4_msgs/include/px4_msgs/px4_msgs/msg/detail/can_interface_status__type_support.h\n'}
[0.897068] (px4_msgs) StdoutLine: {'line': b'-- Up-to-date: /home/nicolas/ws_ros2/install/px4_msgs/include/px4_msgs/px4_msgs/msg/detail/vehicle_command__struct.h\n'}
[0.897114] (px4_msgs) StdoutLine: {'line': b'-- Up-to-date: /home/nicolas/ws_ros2/install/px4_msgs/include/px4_msgs/px4_msgs/msg/detail/vehicle_acceleration__type_support.h\n'}
[0.897249] (px4_msgs) StdoutLine: {'line': b'-- Up-to-date: /home/nicolas/ws_ros2/install/px4_msgs/include/px4_msgs/px4_msgs/msg/detail/position_controller_landing_status__functions.c\n'}
[0.897285] (px4_msgs) StdoutLine: {'line': b'-- Up-to-date: /home/nicolas/ws_ros2/install/px4_msgs/include/px4_msgs/px4_msgs/msg/detail/differential_pressure__functions.h\n'}
[0.897409] (px4_msgs) StdoutLine: {'line': b'-- Up-to-date: /home/nicolas/ws_ros2/install/px4_msgs/include/px4_msgs/px4_msgs/msg/detail/satellite_info__functions.h\n'}
[0.897454] (px4_msgs) StdoutLine: {'line': b'-- Up-to-date: /home/nicolas/ws_ros2/install/px4_msgs/include/px4_msgs/px4_msgs/msg/detail/rc_channels__functions.c\n'}
[0.897491] (px4_msgs) StdoutLine: {'line': b'-- Up-to-date: /home/nicolas/ws_ros2/install/px4_msgs/include/px4_msgs/px4_msgs/msg/detail/ulog_stream_ack__type_support.h\n'}
[0.897527] (px4_msgs) StdoutLine: {'line': b'-- Up-to-date: /home/nicolas/ws_ros2/install/px4_msgs/include/px4_msgs/px4_msgs/msg/detail/longitudinal_control_configuration__functions.c\n'}
[0.897563] (px4_msgs) StdoutLine: {'line': b'-- Up-to-date: /home/nicolas/ws_ros2/install/px4_msgs/include/px4_msgs/px4_msgs/msg/detail/geofence_result__struct.h\n'}
[0.897599] (px4_msgs) StdoutLine: {'line': b'-- Up-to-date: /home/nicolas/ws_ros2/install/px4_msgs/include/px4_msgs/px4_msgs/msg/detail/manual_control_setpoint__type_support.h\n'}
[0.897636] (px4_msgs) StdoutLine: {'line': b'-- Up-to-date: /home/nicolas/ws_ros2/install/px4_msgs/include/px4_msgs/px4_msgs/msg/detail/mag_worker_data__struct.h\n'}
[0.897672] (px4_msgs) StdoutLine: {'line': b'-- Up-to-date: /home/nicolas/ws_ros2/install/px4_msgs/include/px4_msgs/px4_msgs/msg/detail/gimbal_manager_information__functions.c\n'}
[0.897749] (px4_msgs) StdoutLine: {'line': b'-- Up-to-date: /home/nicolas/ws_ros2/install/px4_msgs/include/px4_msgs/px4_msgs/msg/detail/sensor_gyro__functions.c\n'}
[0.897875] (px4_msgs) StdoutLine: {'line': b'-- Up-to-date: /home/nicolas/ws_ros2/install/px4_msgs/include/px4_msgs/px4_msgs/msg/detail/fuel_tank_status__type_support.h\n'}
[0.897914] (px4_msgs) StdoutLine: {'line': b'-- Up-to-date: /home/nicolas/ws_ros2/install/px4_msgs/include/px4_msgs/px4_msgs/msg/detail/neural_control__type_support.h\n'}
[0.897951] (px4_msgs) StdoutLine: {'line': b'-- Up-to-date: /home/nicolas/ws_ros2/install/px4_msgs/include/px4_msgs/px4_msgs/msg/detail/rover_rate_setpoint__struct.h\n'}
[0.897986] (px4_msgs) StdoutLine: {'line': b'-- Up-to-date: /home/nicolas/ws_ros2/install/px4_msgs/include/px4_msgs/px4_msgs/msg/detail/parameter_update__type_support.h\n'}
[0.898021] (px4_msgs) StdoutLine: {'line': b'-- Up-to-date: /home/nicolas/ws_ros2/install/px4_msgs/include/px4_msgs/px4_msgs/msg/detail/vehicle_control_mode__functions.c\n'}
[0.898070] (px4_msgs) StdoutLine: {'line': b'-- Up-to-date: /home/nicolas/ws_ros2/install/px4_msgs/include/px4_msgs/px4_msgs/msg/detail/sensor_accel__type_support.h\n'}
[0.898118] (px4_msgs) StdoutLine: {'line': b'-- Up-to-date: /home/nicolas/ws_ros2/install/px4_msgs/include/px4_msgs/px4_msgs/msg/detail/fixed_wing_runway_control__functions.c\n'}
[0.898158] (px4_msgs) StdoutLine: {'line': b'-- Up-to-date: /home/nicolas/ws_ros2/install/px4_msgs/include/px4_msgs/px4_msgs/msg/detail/orbit_status__functions.c\n'}
[0.898196] (px4_msgs) StdoutLine: {'line': b'-- Up-to-date: /home/nicolas/ws_ros2/install/px4_msgs/include/px4_msgs/px4_msgs/msg/detail/mission__functions.h\n'}
[0.898232] (px4_msgs) StdoutLine: {'line': b'-- Up-to-date: /home/nicolas/ws_ros2/install/px4_msgs/include/px4_msgs/px4_msgs/msg/detail/vehicle_angular_velocity__struct.h\n'}
[0.898269] (px4_msgs) StdoutLine: {'line': b'-- Up-to-date: /home/nicolas/ws_ros2/install/px4_msgs/include/px4_msgs/px4_msgs/msg/detail/home_position__struct.h\n'}
[0.898305] (px4_msgs) StdoutLine: {'line': b'-- Up-to-date: /home/nicolas/ws_ros2/install/px4_msgs/include/px4_msgs/px4_msgs/msg/detail/vehicle_thrust_setpoint__struct.h\n'}
[0.898342] (px4_msgs) StdoutLine: {'line': b'-- Up-to-date: /home/nicolas/ws_ros2/install/px4_msgs/include/px4_msgs/px4_msgs/msg/detail/airspeed_validated__type_support.h\n'}
[0.898417] (px4_msgs) StdoutLine: {'line': b'-- Up-to-date: /home/nicolas/ws_ros2/install/px4_msgs/include/px4_msgs/px4_msgs/msg/detail/offboard_control_mode__type_support.h\n'}
[0.898461] (px4_msgs) StdoutLine: {'line': b'-- Up-to-date: /home/nicolas/ws_ros2/install/px4_msgs/include/px4_msgs/px4_msgs/msg/detail/rover_rate_setpoint__functions.c\n'}
[0.898503] (px4_msgs) StdoutLine: {'line': b'-- Up-to-date: /home/nicolas/ws_ros2/install/px4_msgs/include/px4_msgs/px4_msgs/msg/detail/vehicle_acceleration__functions.c\n'}
[0.898540] (px4_msgs) StdoutLine: {'line': b'-- Up-to-date: /home/nicolas/ws_ros2/install/px4_msgs/include/px4_msgs/px4_msgs/msg/detail/fixed_wing_lateral_status__type_support.h\n'}
[0.898574] (px4_msgs) StdoutLine: {'line': b'-- Up-to-date: /home/nicolas/ws_ros2/install/px4_msgs/include/px4_msgs/px4_msgs/msg/detail/sensors_status__type_support.h\n'}
[0.898608] (px4_msgs) StdoutLine: {'line': b'-- Up-to-date: /home/nicolas/ws_ros2/install/px4_msgs/include/px4_msgs/px4_msgs/msg/detail/estimator_aid_source2d__struct.h\n'}
[0.898643] (px4_msgs) StdoutLine: {'line': b'-- Up-to-date: /home/nicolas/ws_ros2/install/px4_msgs/include/px4_msgs/px4_msgs/msg/detail/arming_check_reply__functions.h\n'}
[0.898678] (px4_msgs) StdoutLine: {'line': b'-- Up-to-date: /home/nicolas/ws_ros2/install/px4_msgs/include/px4_msgs/px4_msgs/msg/detail/mode_completed__functions.h\n'}
[0.898714] (px4_msgs) StdoutLine: {'line': b'-- Up-to-date: /home/nicolas/ws_ros2/install/px4_msgs/include/px4_msgs/px4_msgs/msg/detail/register_ext_component_reply__functions.h\n'}
[0.898881] (px4_msgs) StdoutLine: {'line': b'-- Up-to-date: /home/nicolas/ws_ros2/install/px4_msgs/include/px4_msgs/px4_msgs/msg/detail/debug_array__type_support.h\n'}
[0.898919] (px4_msgs) StdoutLine: {'line': b'-- Up-to-date: /home/nicolas/ws_ros2/install/px4_msgs/include/px4_msgs/px4_msgs/msg/detail/config_overrides__type_support.h\n'}
[0.898952] (px4_msgs) StdoutLine: {'line': b'-- Up-to-date: /home/nicolas/ws_ros2/install/px4_msgs/include/px4_msgs/px4_msgs/msg/detail/rpm__type_support.h\n'}
[0.899002] (px4_msgs) StdoutLine: {'line': b'-- Up-to-date: /home/nicolas/ws_ros2/install/px4_msgs/include/px4_msgs/px4_msgs/msg/detail/vehicle_attitude_setpoint__functions.h\n'}
[0.899038] (px4_msgs) StdoutLine: {'line': b'-- Up-to-date: /home/nicolas/ws_ros2/install/px4_msgs/include/px4_msgs/px4_msgs/msg/detail/actuator_armed__functions.c\n'}
[0.899072] (px4_msgs) StdoutLine: {'line': b'-- Up-to-date: /home/nicolas/ws_ros2/install/px4_msgs/include/px4_msgs/px4_msgs/msg/detail/rc_channels__functions.h\n'}
[0.899108] (px4_msgs) StdoutLine: {'line': b'-- Up-to-date: /home/nicolas/ws_ros2/install/px4_msgs/include/px4_msgs/px4_msgs/msg/detail/battery_status__type_support.h\n'}
[0.899142] (px4_msgs) StdoutLine: {'line': b'-- Up-to-date: /home/nicolas/ws_ros2/install/px4_msgs/include/px4_msgs/px4_msgs/msg/detail/goto_setpoint__functions.h\n'}
[0.899177] (px4_msgs) StdoutLine: {'line': b'-- Up-to-date: /home/nicolas/ws_ros2/install/px4_msgs/include/px4_msgs/px4_msgs/msg/detail/control_allocator_status__struct.h\n'}
[0.899296] (px4_msgs) StdoutLine: {'line': b'-- Up-to-date: /home/nicolas/ws_ros2/install/px4_msgs/include/px4_msgs/px4_msgs/msg/detail/iridiumsbd_status__struct.h\n'}
[0.899332] (px4_msgs) StdoutLine: {'line': b'-- Up-to-date: /home/nicolas/ws_ros2/install/px4_msgs/include/px4_msgs/px4_msgs/msg/detail/vehicle_attitude_setpoint__struct.h\n'}
[0.899634] (px4_msgs) StdoutLine: {'line': b'-- Up-to-date: /home/nicolas/ws_ros2/install/px4_msgs/include/px4_msgs/px4_msgs/msg/detail/estimator_status_flags__functions.c\n'}
[0.899782] (px4_msgs) StdoutLine: {'line': b'-- Up-to-date: /home/nicolas/ws_ros2/install/px4_msgs/include/px4_msgs/px4_msgs/msg/detail/estimator_status_flags__functions.h\n'}
[0.899833] (px4_msgs) StdoutLine: {'line': b'-- Up-to-date: /home/nicolas/ws_ros2/install/px4_msgs/include/px4_msgs/px4_msgs/msg/detail/velocity_limits__functions.c\n'}
[0.900042] (px4_msgs) StdoutLine: {'line': b'-- Up-to-date: /home/nicolas/ws_ros2/install/px4_msgs/include/px4_msgs/px4_msgs/msg/detail/estimator_bias__type_support.h\n'}
[0.900090] (px4_msgs) StdoutLine: {'line': b'-- Up-to-date: /home/nicolas/ws_ros2/install/px4_msgs/include/px4_msgs/px4_msgs/msg/detail/estimator_gps_status__functions.c\n'}
[0.900133] (px4_msgs) StdoutLine: {'line': b'-- Up-to-date: /home/nicolas/ws_ros2/install/px4_msgs/include/px4_msgs/px4_msgs/msg/detail/velocity_limits__functions.h\n'}
[0.900174] (px4_msgs) StdoutLine: {'line': b'-- Up-to-date: /home/nicolas/ws_ros2/install/px4_msgs/include/px4_msgs/px4_msgs/msg/detail/figure_eight_status__struct.h\n'}
[0.900217] (px4_msgs) StdoutLine: {'line': b'-- Up-to-date: /home/nicolas/ws_ros2/install/px4_msgs/include/px4_msgs/px4_msgs/msg/detail/open_drone_id_system__functions.h\n'}
[0.900271] (px4_msgs) StdoutLine: {'line': b'-- Up-to-date: /home/nicolas/ws_ros2/install/px4_msgs/include/px4_msgs/px4_msgs/msg/detail/sensor_gyro__struct.h\n'}
[0.900311] (px4_msgs) StdoutLine: {'line': b'-- Up-to-date: /home/nicolas/ws_ros2/install/px4_msgs/include/px4_msgs/px4_msgs/msg/detail/parameter_reset_request__functions.c\n'}
[0.900350] (px4_msgs) StdoutLine: {'line': b'-- Up-to-date: /home/nicolas/ws_ros2/install/px4_msgs/include/px4_msgs/px4_msgs/msg/detail/gimbal_manager_set_manual_control__functions.h\n'}
[0.900389] (px4_msgs) StdoutLine: {'line': b'-- Up-to-date: /home/nicolas/ws_ros2/install/px4_msgs/include/px4_msgs/px4_msgs/msg/detail/ulog_stream_ack__functions.c\n'}
[0.900431] (px4_msgs) StdoutLine: {'line': b'-- Up-to-date: /home/nicolas/ws_ros2/install/px4_msgs/include/px4_msgs/px4_msgs/msg/detail/iridiumsbd_status__functions.h\n'}
[0.900476] (px4_msgs) StdoutLine: {'line': b'-- Up-to-date: /home/nicolas/ws_ros2/install/px4_msgs/include/px4_msgs/px4_msgs/msg/detail/follow_target_status__functions.h\n'}
[0.900517] (px4_msgs) StdoutLine: {'line': b'-- Up-to-date: /home/nicolas/ws_ros2/install/px4_msgs/include/px4_msgs/px4_msgs/msg/detail/vehicle_magnetometer__struct.h\n'}
[0.900555] (px4_msgs) StdoutLine: {'line': b'-- Up-to-date: /home/nicolas/ws_ros2/install/px4_msgs/include/px4_msgs/px4_msgs/msg/detail/parameter_reset_request__struct.h\n'}
[0.900594] (px4_msgs) StdoutLine: {'line': b'-- Up-to-date: /home/nicolas/ws_ros2/install/px4_msgs/include/px4_msgs/px4_msgs/msg/detail/rover_speed_setpoint__type_support.h\n'}
[0.900633] (px4_msgs) StdoutLine: {'line': b'-- Up-to-date: /home/nicolas/ws_ros2/install/px4_msgs/include/px4_msgs/px4_msgs/msg/detail/logger_status__type_support.h\n'}
[0.900670] (px4_msgs) StdoutLine: {'line': b'-- Up-to-date: /home/nicolas/ws_ros2/install/px4_msgs/include/px4_msgs/px4_msgs/msg/detail/gimbal_device_set_attitude__functions.h\n'}
[0.900707] (px4_msgs) StdoutLine: {'line': b'-- Up-to-date: /home/nicolas/ws_ros2/install/px4_msgs/include/px4_msgs/px4_msgs/msg/detail/rtl_time_estimate__type_support.h\n'}
[0.900788] (px4_msgs) StdoutLine: {'line': b'-- Up-to-date: /home/nicolas/ws_ros2/install/px4_msgs/include/px4_msgs/px4_msgs/msg/detail/actuator_controls_status__functions.c\n'}
[0.900826] (px4_msgs) StdoutLine: {'line': b'-- Up-to-date: /home/nicolas/ws_ros2/install/px4_msgs/include/px4_msgs/px4_msgs/msg/detail/rover_throttle_setpoint__struct.h\n'}
[0.900864] (px4_msgs) StdoutLine: {'line': b'-- Up-to-date: /home/nicolas/ws_ros2/install/px4_msgs/include/px4_msgs/px4_msgs/msg/detail/generator_status__struct.h\n'}
[0.900901] (px4_msgs) StdoutLine: {'line': b'-- Up-to-date: /home/nicolas/ws_ros2/install/px4_msgs/include/px4_msgs/px4_msgs/msg/detail/home_position__functions.h\n'}
[0.900939] (px4_msgs) StdoutLine: {'line': b'-- Up-to-date: /home/nicolas/ws_ros2/install/px4_msgs/include/px4_msgs/px4_msgs/msg/detail/launch_detection_status__functions.h\n'}
[0.900975] (px4_msgs) StdoutLine: {'line': b'-- Up-to-date: /home/nicolas/ws_ros2/install/px4_msgs/include/px4_msgs/px4_msgs/msg/detail/vehicle_air_data__type_support.h\n'}
[0.901012] (px4_msgs) StdoutLine: {'line': b'-- Up-to-date: /home/nicolas/ws_ros2/install/px4_msgs/include/px4_msgs/px4_msgs/msg/detail/vehicle_angular_acceleration_setpoint__type_support.h\n'}
[0.901130] (px4_msgs) StdoutLine: {'line': b'-- Up-to-date: /home/nicolas/ws_ros2/install/px4_msgs/include/px4_msgs/px4_msgs/msg/detail/message_format_response__functions.c\n'}
[0.901170] (px4_msgs) StdoutLine: {'line': b'-- Up-to-date: /home/nicolas/ws_ros2/install/px4_msgs/include/px4_msgs/px4_msgs/msg/detail/uavcan_parameter_request__type_support.h\n'}
[0.901211] (px4_msgs) StdoutLine: {'line': b'-- Up-to-date: /home/nicolas/ws_ros2/install/px4_msgs/include/px4_msgs/px4_msgs/msg/detail/trajectory_setpoint6dof__functions.c\n'}
[0.901251] (px4_msgs) StdoutLine: {'line': b'-- Up-to-date: /home/nicolas/ws_ros2/install/px4_msgs/include/px4_msgs/px4_msgs/msg/detail/magnetometer_bias_estimate__struct.h\n'}
[0.901293] (px4_msgs) StdoutLine: {'line': b'-- Up-to-date: /home/nicolas/ws_ros2/install/px4_msgs/include/px4_msgs/px4_msgs/msg/detail/gpio_in__struct.h\n'}
[0.901332] (px4_msgs) StdoutLine: {'line': b'-- Up-to-date: /home/nicolas/ws_ros2/install/px4_msgs/include/px4_msgs/px4_msgs/msg/detail/estimator_aid_source1d__functions.h\n'}
[0.901490] (px4_msgs) StdoutLine: {'line': b'-- Up-to-date: /home/nicolas/ws_ros2/install/px4_msgs/include/px4_msgs/px4_msgs/msg/detail/vehicle_global_position__functions.c\n'}
[0.901533] (px4_msgs) StdoutLine: {'line': b'-- Up-to-date: /home/nicolas/ws_ros2/install/px4_msgs/include/px4_msgs/px4_msgs/msg/detail/rpm__functions.h\n'}
[0.901572] (px4_msgs) StdoutLine: {'line': b'-- Up-to-date: /home/nicolas/ws_ros2/install/px4_msgs/include/px4_msgs/px4_msgs/msg/detail/failure_detector_status__functions.c\n'}
[0.901610] (px4_msgs) StdoutLine: {'line': b'-- Up-to-date: /home/nicolas/ws_ros2/install/px4_msgs/include/px4_msgs/px4_msgs/msg/detail/timesync_status__functions.c\n'}
[0.901648] (px4_msgs) StdoutLine: {'line': b'-- Up-to-date: /home/nicolas/ws_ros2/install/px4_msgs/include/px4_msgs/px4_msgs/msg/detail/vehicle_roi__struct.h\n'}
[0.901683] (px4_msgs) StdoutLine: {'line': b'-- Up-to-date: /home/nicolas/ws_ros2/install/px4_msgs/include/px4_msgs/px4_msgs/msg/detail/adc_report__type_support.h\n'}
[0.901717] (px4_msgs) StdoutLine: {'line': b'-- Up-to-date: /home/nicolas/ws_ros2/install/px4_msgs/include/px4_msgs/px4_msgs/msg/detail/fixed_wing_lateral_status__functions.h\n'}
[0.901751] (px4_msgs) StdoutLine: {'line': b'-- Up-to-date: /home/nicolas/ws_ros2/install/px4_msgs/include/px4_msgs/px4_msgs/msg/detail/rover_attitude_status__functions.h\n'}
[0.901785] (px4_msgs) StdoutLine: {'line': b'-- Up-to-date: /home/nicolas/ws_ros2/install/px4_msgs/include/px4_msgs/px4_msgs/msg/detail/dronecan_node_status__functions.c\n'}
[0.901819] (px4_msgs) StdoutLine: {'line': b'-- Up-to-date: /home/nicolas/ws_ros2/install/px4_msgs/include/px4_msgs/px4_msgs/msg/detail/manual_control_switches__struct.h\n'}
[0.901852] (px4_msgs) StdoutLine: {'line': b'-- Up-to-date: /home/nicolas/ws_ros2/install/px4_msgs/include/px4_msgs/px4_msgs/msg/detail/sensor_accel_fifo__functions.h\n'}
[0.901886] (px4_msgs) StdoutLine: {'line': b'-- Up-to-date: /home/nicolas/ws_ros2/install/px4_msgs/include/px4_msgs/px4_msgs/msg/detail/geofence_status__type_support.h\n'}
[0.901919] (px4_msgs) StdoutLine: {'line': b'-- Up-to-date: /home/nicolas/ws_ros2/install/px4_msgs/include/px4_msgs/px4_msgs/msg/detail/gpio_config__functions.h\n'}
[0.901954] (px4_msgs) StdoutLine: {'line': b'-- Up-to-date: /home/nicolas/ws_ros2/install/px4_msgs/include/px4_msgs/px4_msgs/msg/detail/sensors_status__functions.c\n'}
[0.901993] (px4_msgs) StdoutLine: {'line': b'-- Up-to-date: /home/nicolas/ws_ros2/install/px4_msgs/include/px4_msgs/px4_msgs/msg/detail/estimator_status__functions.c\n'}
[0.902046] (px4_msgs) StdoutLine: {'line': b'-- Up-to-date: /home/nicolas/ws_ros2/install/px4_msgs/include/px4_msgs/px4_msgs/msg/detail/sensor_selection__functions.h\n'}
[0.902094] (px4_msgs) StdoutLine: {'line': b'-- Up-to-date: /home/nicolas/ws_ros2/install/px4_msgs/include/px4_msgs/px4_msgs/msg/detail/open_drone_id_operator_id__type_support.h\n'}
[0.902133] (px4_msgs) StdoutLine: {'line': b'-- Up-to-date: /home/nicolas/ws_ros2/install/px4_msgs/include/px4_msgs/px4_msgs/msg/detail/actuator_outputs__struct.h\n'}
[0.902252] (px4_msgs) StdoutLine: {'line': b'-- Up-to-date: /home/nicolas/ws_ros2/install/px4_msgs/include/px4_msgs/px4_msgs/msg/detail/position_controller_status__struct.h\n'}
[0.902291] (px4_msgs) StdoutLine: {'line': b'-- Up-to-date: /home/nicolas/ws_ros2/install/px4_msgs/include/px4_msgs/px4_msgs/msg/detail/debug_vect__type_support.h\n'}
[0.902334] (px4_msgs) StdoutLine: {'line': b'-- Up-to-date: /home/nicolas/ws_ros2/install/px4_msgs/include/px4_msgs/px4_msgs/msg/detail/gpio_config__functions.c\n'}
[0.902372] (px4_msgs) StdoutLine: {'line': b'-- Up-to-date: /home/nicolas/ws_ros2/install/px4_msgs/include/px4_msgs/px4_msgs/msg/detail/sensor_accel_fifo__struct.h\n'}
[0.902410] (px4_msgs) StdoutLine: {'line': b'-- Up-to-date: /home/nicolas/ws_ros2/install/px4_msgs/include/px4_msgs/px4_msgs/msg/detail/actuator_servos__struct.h\n'}
[0.902494] (px4_msgs) StdoutLine: {'line': b'-- Up-to-date: /home/nicolas/ws_ros2/install/px4_msgs/include/px4_msgs/px4_msgs/msg/detail/uavcan_parameter_request__functions.h\n'}
[0.902535] (px4_msgs) StdoutLine: {'line': b'-- Up-to-date: /home/nicolas/ws_ros2/install/px4_msgs/include/px4_msgs/px4_msgs/msg/detail/mavlink_log__type_support.h\n'}
[0.902574] (px4_msgs) StdoutLine: {'line': b'-- Up-to-date: /home/nicolas/ws_ros2/install/px4_msgs/include/px4_msgs/px4_msgs/msg/detail/rate_ctrl_status__functions.h\n'}
[0.902611] (px4_msgs) StdoutLine: {'line': b'-- Up-to-date: /home/nicolas/ws_ros2/install/px4_msgs/include/px4_msgs/px4_msgs/msg/detail/vehicle_imu__struct.h\n'}
[0.902649] (px4_msgs) StdoutLine: {'line': b'-- Up-to-date: /home/nicolas/ws_ros2/install/px4_msgs/include/px4_msgs/px4_msgs/msg/detail/pps_capture__functions.h\n'}
[0.902687] (px4_msgs) StdoutLine: {'line': b'-- Up-to-date: /home/nicolas/ws_ros2/install/px4_msgs/include/px4_msgs/px4_msgs/msg/detail/gimbal_manager_set_attitude__struct.h\n'}
[0.902725] (px4_msgs) StdoutLine: {'line': b'-- Up-to-date: /home/nicolas/ws_ros2/install/px4_msgs/include/px4_msgs/px4_msgs/msg/detail/vtol_vehicle_status__functions.h\n'}
[0.902763] (px4_msgs) StdoutLine: {'line': b'-- Up-to-date: /home/nicolas/ws_ros2/install/px4_msgs/include/px4_msgs/px4_msgs/msg/detail/mag_worker_data__functions.h\n'}
[0.902801] (px4_msgs) StdoutLine: {'line': b'-- Up-to-date: /home/nicolas/ws_ros2/install/px4_msgs/include/px4_msgs/px4_msgs/msg/detail/satellite_info__struct.h\n'}
[0.902839] (px4_msgs) StdoutLine: {'line': b'-- Up-to-date: /home/nicolas/ws_ros2/install/px4_msgs/include/px4_msgs/px4_msgs/msg/detail/gimbal_device_information__functions.c\n'}
[0.902878] (px4_msgs) StdoutLine: {'line': b'-- Up-to-date: /home/nicolas/ws_ros2/install/px4_msgs/include/px4_msgs/px4_msgs/msg/detail/estimator_aid_source3d__struct.h\n'}
[0.903049] (px4_msgs) StdoutLine: {'line': b'-- Up-to-date: /home/nicolas/ws_ros2/install/px4_msgs/include/px4_msgs/px4_msgs/msg/detail/normalized_unsigned_setpoint__functions.h\n'}
[0.903090] (px4_msgs) StdoutLine: {'line': b'-- Up-to-date: /home/nicolas/ws_ros2/install/px4_msgs/include/px4_msgs/px4_msgs/msg/detail/battery_info__struct.h\n'}
[0.903130] (px4_msgs) StdoutLine: {'line': b'-- Up-to-date: /home/nicolas/ws_ros2/install/px4_msgs/include/px4_msgs/px4_msgs/msg/detail/vehicle_imu_status__functions.h\n'}
[0.903169] (px4_msgs) StdoutLine: {'line': b'-- Up-to-date: /home/nicolas/ws_ros2/install/px4_msgs/include/px4_msgs/px4_msgs/msg/detail/rover_position_setpoint__type_support.h\n'}
[0.903207] (px4_msgs) StdoutLine: {'line': b'-- Up-to-date: /home/nicolas/ws_ros2/install/px4_msgs/include/px4_msgs/px4_msgs/msg/detail/battery_status__functions.c\n'}
[0.903246] (px4_msgs) StdoutLine: {'line': b'-- Up-to-date: /home/nicolas/ws_ros2/install/px4_msgs/include/px4_msgs/px4_msgs/msg/detail/tune_control__type_support.h\n'}
[0.903285] (px4_msgs) StdoutLine: {'line': b'-- Up-to-date: /home/nicolas/ws_ros2/install/px4_msgs/include/px4_msgs/px4_msgs/msg/detail/gpio_config__type_support.h\n'}
[0.903325] (px4_msgs) StdoutLine: {'line': b'-- Up-to-date: /home/nicolas/ws_ros2/install/px4_msgs/include/px4_msgs/px4_msgs/msg/detail/estimator_states__functions.h\n'}
[0.903380] (px4_msgs) StdoutLine: {'line': b'-- Up-to-date: /home/nicolas/ws_ros2/install/px4_msgs/include/px4_msgs/px4_msgs/msg/detail/vehicle_thrust_setpoint__functions.h\n'}
[0.903421] (px4_msgs) StdoutLine: {'line': b'-- Up-to-date: /home/nicolas/ws_ros2/install/px4_msgs/include/px4_msgs/px4_msgs/msg/detail/fixed_wing_lateral_setpoint__functions.c\n'}
[0.903470] (px4_msgs) StdoutLine: {'line': b'-- Up-to-date: /home/nicolas/ws_ros2/install/px4_msgs/include/px4_msgs/px4_msgs/msg/detail/control_allocator_status__functions.c\n'}
[0.903509] (px4_msgs) StdoutLine: {'line': b'-- Up-to-date: /home/nicolas/ws_ros2/install/px4_msgs/include/px4_msgs/px4_msgs/msg/detail/actuator_servos_trim__functions.h\n'}
[0.903548] (px4_msgs) StdoutLine: {'line': b'-- Up-to-date: /home/nicolas/ws_ros2/install/px4_msgs/include/px4_msgs/px4_msgs/msg/detail/wind__struct.h\n'}
[0.903586] (px4_msgs) StdoutLine: {'line': b'-- Up-to-date: /home/nicolas/ws_ros2/install/px4_msgs/include/px4_msgs/px4_msgs/msg/detail/follow_target_status__functions.c\n'}
[0.903623] (px4_msgs) StdoutLine: {'line': b'-- Up-to-date: /home/nicolas/ws_ros2/install/px4_msgs/include/px4_msgs/px4_msgs/msg/detail/parameter_set_used_request__functions.h\n'}
[0.903693] (-) TimerEvent: {}
[0.903821] (px4_msgs) StdoutLine: {'line': b'-- Up-to-date: /home/nicolas/ws_ros2/install/px4_msgs/include/px4_msgs/px4_msgs/msg/detail/rtl_time_estimate__functions.c\n'}
[0.903877] (px4_msgs) StdoutLine: {'line': b'-- Up-to-date: /home/nicolas/ws_ros2/install/px4_msgs/include/px4_msgs/px4_msgs/msg/detail/camera_capture__functions.c\n'}
[0.903924] (px4_msgs) StdoutLine: {'line': b'-- Up-to-date: /home/nicolas/ws_ros2/install/px4_msgs/include/px4_msgs/px4_msgs/msg/detail/fixed_wing_lateral_status__struct.h\n'}
[0.903968] (px4_msgs) StdoutLine: {'line': b'-- Up-to-date: /home/nicolas/ws_ros2/install/px4_msgs/include/px4_msgs/px4_msgs/msg/detail/tecs_status__type_support.h\n'}
[0.904010] (px4_msgs) StdoutLine: {'line': b'-- Up-to-date: /home/nicolas/ws_ros2/install/px4_msgs/include/px4_msgs/px4_msgs/msg/detail/failure_detector_status__functions.h\n'}
[0.904053] (px4_msgs) StdoutLine: {'line': b'-- Up-to-date: /home/nicolas/ws_ros2/install/px4_msgs/include/px4_msgs/px4_msgs/msg/detail/flight_phase_estimation__type_support.h\n'}
[0.904096] (px4_msgs) StdoutLine: {'line': b'-- Up-to-date: /home/nicolas/ws_ros2/install/px4_msgs/include/px4_msgs/px4_msgs/msg/detail/gpio_request__struct.h\n'}
[0.904138] (px4_msgs) StdoutLine: {'line': b'-- Up-to-date: /home/nicolas/ws_ros2/install/px4_msgs/include/px4_msgs/px4_msgs/msg/detail/vehicle_local_position__functions.c\n'}
[0.904179] (px4_msgs) StdoutLine: {'line': b'-- Up-to-date: /home/nicolas/ws_ros2/install/px4_msgs/include/px4_msgs/px4_msgs/msg/detail/sensors_status_imu__functions.h\n'}
[0.904219] (px4_msgs) StdoutLine: {'line': b'-- Up-to-date: /home/nicolas/ws_ros2/install/px4_msgs/include/px4_msgs/px4_msgs/msg/detail/battery_status__functions.h\n'}
[0.904260] (px4_msgs) StdoutLine: {'line': b'-- Up-to-date: /home/nicolas/ws_ros2/install/px4_msgs/include/px4_msgs/px4_msgs/msg/detail/actuator_motors__struct.h\n'}
[0.904300] (px4_msgs) StdoutLine: {'line': b'-- Up-to-date: /home/nicolas/ws_ros2/install/px4_msgs/include/px4_msgs/px4_msgs/msg/detail/camera_trigger__type_support.h\n'}
[0.904338] (px4_msgs) StdoutLine: {'line': b'-- Up-to-date: /home/nicolas/ws_ros2/install/px4_msgs/include/px4_msgs/px4_msgs/msg/detail/estimator_sensor_bias__struct.h\n'}
[0.904377] (px4_msgs) StdoutLine: {'line': b'-- Up-to-date: /home/nicolas/ws_ros2/install/px4_msgs/include/px4_msgs/px4_msgs/msg/detail/system_power__functions.c\n'}
[0.904416] (px4_msgs) StdoutLine: {'line': b'-- Up-to-date: /home/nicolas/ws_ros2/install/px4_msgs/include/px4_msgs/px4_msgs/msg/detail/estimator_aid_source3d__type_support.h\n'}
[0.904480] (px4_msgs) StdoutLine: {'line': b'-- Up-to-date: /home/nicolas/ws_ros2/install/px4_msgs/include/px4_msgs/px4_msgs/msg/detail/follow_target_estimator__struct.h\n'}
[0.904593] (px4_msgs) StdoutLine: {'line': b'-- Up-to-date: /home/nicolas/ws_ros2/install/px4_msgs/include/px4_msgs/px4_msgs/msg/detail/pwm_input__type_support.h\n'}
[0.904640] (px4_msgs) StdoutLine: {'line': b'-- Up-to-date: /home/nicolas/ws_ros2/install/px4_msgs/include/px4_msgs/px4_msgs/msg/detail/lateral_control_configuration__struct.h\n'}
[0.904715] (px4_msgs) StdoutLine: {'line': b'-- Up-to-date: /home/nicolas/ws_ros2/install/px4_msgs/include/px4_msgs/px4_msgs/msg/detail/estimator_innovations__struct.h\n'}
[0.904758] (px4_msgs) StdoutLine: {'line': b'-- Up-to-date: /home/nicolas/ws_ros2/install/px4_msgs/include/px4_msgs/px4_msgs/msg/detail/sensor_optical_flow__type_support.h\n'}
[0.904799] (px4_msgs) StdoutLine: {'line': b'-- Up-to-date: /home/nicolas/ws_ros2/install/px4_msgs/include/px4_msgs/px4_msgs/msg/detail/arming_check_reply__struct.h\n'}
[0.904839] (px4_msgs) StdoutLine: {'line': b'-- Up-to-date: /home/nicolas/ws_ros2/install/px4_msgs/include/px4_msgs/px4_msgs/msg/detail/orb_test__functions.h\n'}
[0.904881] (px4_msgs) StdoutLine: {'line': b'-- Up-to-date: /home/nicolas/ws_ros2/install/px4_msgs/include/px4_msgs/px4_msgs/msg/detail/fixed_wing_lateral_guidance_status__struct.h\n'}
[0.904920] (px4_msgs) StdoutLine: {'line': b'-- Up-to-date: /home/nicolas/ws_ros2/install/px4_msgs/include/px4_msgs/px4_msgs/msg/detail/button_event__struct.h\n'}
[0.904960] (px4_msgs) StdoutLine: {'line': b'-- Up-to-date: /home/nicolas/ws_ros2/install/px4_msgs/include/px4_msgs/px4_msgs/msg/detail/estimator_sensor_bias__functions.h\n'}
[0.904999] (px4_msgs) StdoutLine: {'line': b'-- Up-to-date: /home/nicolas/ws_ros2/install/px4_msgs/include/px4_msgs/px4_msgs/msg/detail/differential_pressure__struct.h\n'}
[0.905039] (px4_msgs) StdoutLine: {'line': b'-- Up-to-date: /home/nicolas/ws_ros2/install/px4_msgs/include/px4_msgs/px4_msgs/msg/detail/led_control__type_support.h\n'}
[0.905078] (px4_msgs) StdoutLine: {'line': b'-- Up-to-date: /home/nicolas/ws_ros2/install/px4_msgs/include/px4_msgs/px4_msgs/msg/detail/sensor_accel__functions.h\n'}
[0.905116] (px4_msgs) StdoutLine: {'line': b'-- Up-to-date: /home/nicolas/ws_ros2/install/px4_msgs/include/px4_msgs/px4_msgs/msg/detail/sensor_mag__functions.h\n'}
[0.905154] (px4_msgs) StdoutLine: {'line': b'-- Up-to-date: /home/nicolas/ws_ros2/install/px4_msgs/include/px4_msgs/px4_msgs/msg/detail/vehicle_command__functions.c\n'}
[0.905192] (px4_msgs) StdoutLine: {'line': b'-- Up-to-date: /home/nicolas/ws_ros2/install/px4_msgs/include/px4_msgs/px4_msgs/msg/detail/unregister_ext_component__struct.h\n'}
[0.905244] (px4_msgs) StdoutLine: {'line': b'-- Up-to-date: /home/nicolas/ws_ros2/install/px4_msgs/include/px4_msgs/px4_msgs/msg/detail/adc_report__functions.c\n'}
[0.905285] (px4_msgs) StdoutLine: {'line': b'-- Up-to-date: /home/nicolas/ws_ros2/install/px4_msgs/include/px4_msgs/px4_msgs/msg/detail/airspeed__functions.h\n'}
[0.905324] (px4_msgs) StdoutLine: {'line': b'-- Up-to-date: /home/nicolas/ws_ros2/install/px4_msgs/include/px4_msgs/px4_msgs/msg/detail/sensor_gyro_fft__functions.h\n'}
[0.905376] (px4_msgs) StdoutLine: {'line': b'-- Up-to-date: /home/nicolas/ws_ros2/install/px4_msgs/include/px4_msgs/px4_msgs/msg/detail/gimbal_controls__type_support.h\n'}
[0.905417] (px4_msgs) StdoutLine: {'line': b'-- Up-to-date: /home/nicolas/ws_ros2/install/px4_msgs/include/px4_msgs/px4_msgs/msg/detail/register_ext_component_reply__struct.h\n'}
[0.905466] (px4_msgs) StdoutLine: {'line': b'-- Up-to-date: /home/nicolas/ws_ros2/install/px4_msgs/include/px4_msgs/px4_msgs/msg/detail/position_setpoint__functions.h\n'}
[0.905515] (px4_msgs) StdoutLine: {'line': b'-- Up-to-date: /home/nicolas/ws_ros2/install/px4_msgs/include/px4_msgs/px4_msgs/msg/detail/camera_capture__struct.h\n'}
[0.905557] (px4_msgs) StdoutLine: {'line': b'-- Up-to-date: /home/nicolas/ws_ros2/install/px4_msgs/include/px4_msgs/px4_msgs/msg/detail/pure_pursuit_status__type_support.h\n'}
[0.905599] (px4_msgs) StdoutLine: {'line': b'-- Up-to-date: /home/nicolas/ws_ros2/install/px4_msgs/include/px4_msgs/px4_msgs/msg/detail/open_drone_id_system__type_support.h\n'}
[0.905697] (px4_msgs) StdoutLine: {'line': b'-- Up-to-date: /home/nicolas/ws_ros2/install/px4_msgs/include/px4_msgs/px4_msgs/msg/detail/heater_status__functions.c\n'}
[0.905739] (px4_msgs) StdoutLine: {'line': b'-- Up-to-date: /home/nicolas/ws_ros2/install/px4_msgs/include/px4_msgs/px4_msgs/msg/detail/vehicle_local_position_setpoint__functions.c\n'}
[0.905783] (px4_msgs) StdoutLine: {'line': b'-- Up-to-date: /home/nicolas/ws_ros2/install/px4_msgs/include/px4_msgs/px4_msgs/msg/detail/vehicle_acceleration__functions.h\n'}
[0.905826] (px4_msgs) StdoutLine: {'line': b'-- Up-to-date: /home/nicolas/ws_ros2/install/px4_msgs/include/px4_msgs/px4_msgs/msg/detail/debug_array__functions.c\n'}
[0.905867] (px4_msgs) StdoutLine: {'line': b'-- Up-to-date: /home/nicolas/ws_ros2/install/px4_msgs/include/px4_msgs/px4_msgs/msg/detail/gpio_request__functions.c\n'}
[0.905908] (px4_msgs) StdoutLine: {'line': b'-- Up-to-date: /home/nicolas/ws_ros2/install/px4_msgs/include/px4_msgs/px4_msgs/msg/detail/tune_control__functions.c\n'}
[0.905949] (px4_msgs) StdoutLine: {'line': b'-- Up-to-date: /home/nicolas/ws_ros2/install/px4_msgs/include/px4_msgs/px4_msgs/msg/detail/open_drone_id_arm_status__functions.c\n'}
[0.905991] (px4_msgs) StdoutLine: {'line': b'-- Up-to-date: /home/nicolas/ws_ros2/install/px4_msgs/include/px4_msgs/px4_msgs/msg/detail/pwm_input__struct.h\n'}
[0.906031] (px4_msgs) StdoutLine: {'line': b'-- Up-to-date: /home/nicolas/ws_ros2/install/px4_msgs/include/px4_msgs/px4_msgs/msg/detail/open_drone_id_system__functions.c\n'}
[0.906093] (px4_msgs) StdoutLine: {'line': b'-- Up-to-date: /home/nicolas/ws_ros2/install/px4_msgs/include/px4_msgs/px4_msgs/msg/detail/vehicle_status__functions.c\n'}
[0.906141] (px4_msgs) StdoutLine: {'line': b'-- Up-to-date: /home/nicolas/ws_ros2/install/px4_msgs/include/px4_msgs/px4_msgs/msg/detail/sensor_preflight_mag__functions.h\n'}
[0.906198] (px4_msgs) StdoutLine: {'line': b'-- Up-to-date: /home/nicolas/ws_ros2/install/px4_msgs/include/px4_msgs/px4_msgs/msg/detail/distance_sensor_mode_change_request__type_support.h\n'}
[0.906326] (px4_msgs) StdoutLine: {'line': b'-- Up-to-date: /home/nicolas/ws_ros2/install/px4_msgs/include/px4_msgs/px4_msgs/msg/detail/wind__functions.h\n'}
[0.906366] (px4_msgs) StdoutLine: {'line': b'-- Up-to-date: /home/nicolas/ws_ros2/install/px4_msgs/include/px4_msgs/px4_msgs/msg/detail/estimator_aid_source3d__functions.c\n'}
[0.906524] (px4_msgs) StdoutLine: {'line': b'-- Up-to-date: /home/nicolas/ws_ros2/install/px4_msgs/include/px4_msgs/px4_msgs/msg/detail/vehicle_rates_setpoint__struct.h\n'}
[0.906575] (px4_msgs) StdoutLine: {'line': b'-- Up-to-date: /home/nicolas/ws_ros2/install/px4_msgs/include/px4_msgs/px4_msgs/msg/detail/vehicle_rates_setpoint__functions.c\n'}
[0.906617] (px4_msgs) StdoutLine: {'line': b'-- Up-to-date: /home/nicolas/ws_ros2/install/px4_msgs/include/px4_msgs/px4_msgs/msg/detail/vehicle_magnetometer__type_support.h\n'}
[0.906658] (px4_msgs) StdoutLine: {'line': b'-- Up-to-date: /home/nicolas/ws_ros2/install/px4_msgs/include/px4_msgs/px4_msgs/msg/detail/unregister_ext_component__type_support.h\n'}
[0.906700] (px4_msgs) StdoutLine: {'line': b'-- Up-to-date: /home/nicolas/ws_ros2/install/px4_msgs/include/px4_msgs/px4_msgs/msg/detail/ekf2_timestamps__functions.h\n'}
[0.906740] (px4_msgs) StdoutLine: {'line': b'-- Up-to-date: /home/nicolas/ws_ros2/install/px4_msgs/include/px4_msgs/px4_msgs/msg/detail/gpio_config__struct.h\n'}
[0.906781] (px4_msgs) StdoutLine: {'line': b'-- Up-to-date: /home/nicolas/ws_ros2/install/px4_msgs/include/px4_msgs/px4_msgs/msg/detail/telemetry_status__functions.c\n'}
[0.906822] (px4_msgs) StdoutLine: {'line': b'-- Up-to-date: /home/nicolas/ws_ros2/install/px4_msgs/include/px4_msgs/px4_msgs/msg/detail/onboard_computer_status__struct.h\n'}
[0.906944] (px4_msgs) StdoutLine: {'line': b'-- Up-to-date: /home/nicolas/ws_ros2/install/px4_msgs/include/px4_msgs/px4_msgs/msg/detail/gimbal_manager_information__struct.h\n'}
[0.906989] (px4_msgs) StdoutLine: {'line': b'-- Up-to-date: /home/nicolas/ws_ros2/install/px4_msgs/include/px4_msgs/px4_msgs/msg/detail/px4io_status__struct.h\n'}
[0.907143] (px4_msgs) StdoutLine: {'line': b'-- Up-to-date: /home/nicolas/ws_ros2/install/px4_msgs/include/px4_msgs/px4_msgs/msg/detail/wheel_encoders__struct.h\n'}
[0.907187] (px4_msgs) StdoutLine: {'line': b'-- Up-to-date: /home/nicolas/ws_ros2/install/px4_msgs/include/px4_msgs/px4_msgs/msg/detail/navigator_mission_item__type_support.h\n'}
[0.907229] (px4_msgs) StdoutLine: {'line': b'-- Up-to-date: /home/nicolas/ws_ros2/install/px4_msgs/include/px4_msgs/px4_msgs/msg/detail/sensor_airflow__functions.h\n'}
[0.907270] (px4_msgs) StdoutLine: {'line': b'-- Up-to-date: /home/nicolas/ws_ros2/install/px4_msgs/include/px4_msgs/px4_msgs/msg/detail/vehicle_constraints__functions.c\n'}
[0.907310] (px4_msgs) StdoutLine: {'line': b'-- Up-to-date: /home/nicolas/ws_ros2/install/px4_msgs/include/px4_msgs/px4_msgs/msg/detail/sensor_airflow__struct.h\n'}
[0.907351] (px4_msgs) StdoutLine: {'line': b'-- Up-to-date: /home/nicolas/ws_ros2/install/px4_msgs/include/px4_msgs/px4_msgs/msg/detail/orb_test_medium__functions.c\n'}
[0.907392] (px4_msgs) StdoutLine: {'line': b'-- Up-to-date: /home/nicolas/ws_ros2/install/px4_msgs/include/px4_msgs/px4_msgs/msg/detail/button_event__type_support.h\n'}
[0.907438] (px4_msgs) StdoutLine: {'line': b'-- Up-to-date: /home/nicolas/ws_ros2/install/px4_msgs/include/px4_msgs/px4_msgs/msg/detail/vehicle_imu_status__functions.c\n'}
[0.907484] (px4_msgs) StdoutLine: {'line': b'-- Up-to-date: /home/nicolas/ws_ros2/install/px4_msgs/include/px4_msgs/px4_msgs/msg/detail/esc_report__struct.h\n'}
[0.907526] (px4_msgs) StdoutLine: {'line': b'-- Up-to-date: /home/nicolas/ws_ros2/install/px4_msgs/include/px4_msgs/px4_msgs/msg/detail/gimbal_manager_set_attitude__functions.c\n'}
[0.907566] (px4_msgs) StdoutLine: {'line': b'-- Up-to-date: /home/nicolas/ws_ros2/install/px4_msgs/include/px4_msgs/px4_msgs/msg/detail/autotune_attitude_control_status__functions.h\n'}
[0.907611] (px4_msgs) StdoutLine: {'line': b'-- Up-to-date: /home/nicolas/ws_ros2/install/px4_msgs/include/px4_msgs/px4_msgs/msg/detail/sensor_mag__struct.h\n'}
[0.907653] (px4_msgs) StdoutLine: {'line': b'-- Up-to-date: /home/nicolas/ws_ros2/install/px4_msgs/include/px4_msgs/px4_msgs/msg/detail/dataman_response__type_support.h\n'}
[0.907695] (px4_msgs) StdoutLine: {'line': b'-- Up-to-date: /home/nicolas/ws_ros2/install/px4_msgs/include/px4_msgs/px4_msgs/msg/detail/failsafe_flags__type_support.h\n'}
[0.907736] (px4_msgs) StdoutLine: {'line': b'-- Up-to-date: /home/nicolas/ws_ros2/install/px4_msgs/include/px4_msgs/px4_msgs/msg/detail/orb_test_medium__struct.h\n'}
[0.907776] (px4_msgs) StdoutLine: {'line': b'-- Up-to-date: /home/nicolas/ws_ros2/install/px4_msgs/include/px4_msgs/px4_msgs/msg/detail/orb_test_medium__type_support.h\n'}
[0.907817] (px4_msgs) StdoutLine: {'line': b'-- Up-to-date: /home/nicolas/ws_ros2/install/px4_msgs/include/px4_msgs/px4_msgs/msg/detail/sensor_airflow__functions.c\n'}
[0.907857] (px4_msgs) StdoutLine: {'line': b'-- Up-to-date: /home/nicolas/ws_ros2/install/px4_msgs/include/px4_msgs/px4_msgs/msg/detail/debug_vect__struct.h\n'}
[0.907897] (px4_msgs) StdoutLine: {'line': b'-- Up-to-date: /home/nicolas/ws_ros2/install/px4_msgs/include/px4_msgs/px4_msgs/msg/detail/sensor_combined__struct.h\n'}
[0.907936] (px4_msgs) StdoutLine: {'line': b'-- Up-to-date: /home/nicolas/ws_ros2/install/px4_msgs/include/px4_msgs/px4_msgs/msg/detail/airspeed__type_support.h\n'}
[0.907977] (px4_msgs) StdoutLine: {'line': b'-- Up-to-date: /home/nicolas/ws_ros2/install/px4_msgs/include/px4_msgs/px4_msgs/msg/detail/gpio_out__functions.c\n'}
[0.908074] (px4_msgs) StdoutLine: {'line': b'-- Up-to-date: /home/nicolas/ws_ros2/install/px4_msgs/include/px4_msgs/px4_msgs/msg/detail/estimator_sensor_bias__functions.c\n'}
[0.908118] (px4_msgs) StdoutLine: {'line': b'-- Up-to-date: /home/nicolas/ws_ros2/install/px4_msgs/include/px4_msgs/px4_msgs/msg/detail/orbit_status__functions.h\n'}
[0.908162] (px4_msgs) StdoutLine: {'line': b'-- Up-to-date: /home/nicolas/ws_ros2/install/px4_msgs/include/px4_msgs/px4_msgs/msg/detail/gimbal_controls__functions.h\n'}
[0.908414] (px4_msgs) StdoutLine: {'line': b'-- Up-to-date: /home/nicolas/ws_ros2/install/px4_msgs/include/px4_msgs/px4_msgs/msg/detail/estimator_aid_source3d__functions.h\n'}
[0.908467] (px4_msgs) StdoutLine: {'line': b'-- Up-to-date: /home/nicolas/ws_ros2/install/px4_msgs/include/px4_msgs/px4_msgs/msg/detail/vehicle_local_position_setpoint__type_support.h\n'}
[0.908513] (px4_msgs) StdoutLine: {'line': b'-- Up-to-date: /home/nicolas/ws_ros2/install/px4_msgs/include/px4_msgs/px4_msgs/msg/detail/gimbal_manager_set_manual_control__functions.c\n'}
[0.908555] (px4_msgs) StdoutLine: {'line': b'-- Up-to-date: /home/nicolas/ws_ros2/install/px4_msgs/include/px4_msgs/px4_msgs/msg/detail/collision_constraints__functions.c\n'}
[0.908598] (px4_msgs) StdoutLine: {'line': b'-- Up-to-date: /home/nicolas/ws_ros2/install/px4_msgs/include/px4_msgs/px4_msgs/msg/detail/gps_dump__type_support.h\n'}
[0.908689] (px4_msgs) StdoutLine: {'line': b'-- Up-to-date: /home/nicolas/ws_ros2/install/px4_msgs/include/px4_msgs/px4_msgs/msg/detail/camera_trigger__struct.h\n'}
[0.908728] (px4_msgs) StdoutLine: {'line': b'-- Up-to-date: /home/nicolas/ws_ros2/install/px4_msgs/include/px4_msgs/px4_msgs/msg/detail/estimator_bias3d__struct.h\n'}
[0.908766] (px4_msgs) StdoutLine: {'line': b'-- Up-to-date: /home/nicolas/ws_ros2/install/px4_msgs/include/px4_msgs/px4_msgs/msg/detail/system_power__struct.h\n'}
[0.908805] (px4_msgs) StdoutLine: {'line': b'-- Up-to-date: /home/nicolas/ws_ros2/install/px4_msgs/include/px4_msgs/px4_msgs/msg/detail/pwm_input__functions.h\n'}
[0.908847] (px4_msgs) StdoutLine: {'line': b'-- Up-to-date: /home/nicolas/ws_ros2/install/px4_msgs/include/px4_msgs/px4_msgs/msg/detail/power_monitor__functions.h\n'}
[0.908890] (px4_msgs) StdoutLine: {'line': b'-- Up-to-date: /home/nicolas/ws_ros2/install/px4_msgs/include/px4_msgs/px4_msgs/msg/detail/vehicle_attitude__struct.h\n'}
[0.908933] (px4_msgs) StdoutLine: {'line': b'-- Up-to-date: /home/nicolas/ws_ros2/install/px4_msgs/include/px4_msgs/px4_msgs/msg/detail/obstacle_distance__functions.h\n'}
[0.908976] (px4_msgs) StdoutLine: {'line': b'-- Up-to-date: /home/nicolas/ws_ros2/install/px4_msgs/include/px4_msgs/px4_msgs/msg/detail/open_drone_id_arm_status__functions.h\n'}
[0.909036] (px4_msgs) StdoutLine: {'line': b'-- Up-to-date: /home/nicolas/ws_ros2/install/px4_msgs/include/px4_msgs/px4_msgs/msg/detail/estimator_event_flags__struct.h\n'}
[0.909077] (px4_msgs) StdoutLine: {'line': b'-- Up-to-date: /home/nicolas/ws_ros2/install/px4_msgs/include/px4_msgs/px4_msgs/msg/detail/vehicle_constraints__struct.h\n'}
[0.909115] (px4_msgs) StdoutLine: {'line': b'-- Up-to-date: /home/nicolas/ws_ros2/install/px4_msgs/include/px4_msgs/px4_msgs/msg/detail/ekf2_timestamps__functions.c\n'}
[0.909152] (px4_msgs) StdoutLine: {'line': b'-- Up-to-date: /home/nicolas/ws_ros2/install/px4_msgs/include/px4_msgs/px4_msgs/msg/detail/estimator_bias__functions.c\n'}
[0.909190] (px4_msgs) StdoutLine: {'line': b'-- Up-to-date: /home/nicolas/ws_ros2/install/px4_msgs/include/px4_msgs/px4_msgs/msg/detail/vehicle_attitude__functions.c\n'}
[0.909228] (px4_msgs) StdoutLine: {'line': b'-- Up-to-date: /home/nicolas/ws_ros2/install/px4_msgs/include/px4_msgs/px4_msgs/msg/detail/telemetry_status__type_support.h\n'}
[0.909265] (px4_msgs) StdoutLine: {'line': b'-- Up-to-date: /home/nicolas/ws_ros2/install/px4_msgs/include/px4_msgs/px4_msgs/msg/detail/normalized_unsigned_setpoint__functions.c\n'}
[0.909303] (px4_msgs) StdoutLine: {'line': b'-- Up-to-date: /home/nicolas/ws_ros2/install/px4_msgs/include/px4_msgs/px4_msgs/msg/detail/sensor_correction__type_support.h\n'}
[0.909340] (px4_msgs) StdoutLine: {'line': b'-- Up-to-date: /home/nicolas/ws_ros2/install/px4_msgs/include/px4_msgs/px4_msgs/msg/detail/mount_orientation__struct.h\n'}
[0.909379] (px4_msgs) StdoutLine: {'line': b'-- Up-to-date: /home/nicolas/ws_ros2/install/px4_msgs/include/px4_msgs/px4_msgs/msg/detail/sensor_accel_fifo__type_support.h\n'}
[0.909417] (px4_msgs) StdoutLine: {'line': b'-- Up-to-date: /home/nicolas/ws_ros2/install/px4_msgs/include/px4_msgs/px4_msgs/msg/detail/vehicle_local_position__functions.h\n'}
[0.909491] (px4_msgs) StdoutLine: {'line': b'-- Up-to-date: /home/nicolas/ws_ros2/install/px4_msgs/include/px4_msgs/px4_msgs/msg/detail/gimbal_device_set_attitude__functions.c\n'}
[0.909531] (px4_msgs) StdoutLine: {'line': b'-- Up-to-date: /home/nicolas/ws_ros2/install/px4_msgs/include/px4_msgs/px4_msgs/msg/detail/vehicle_magnetometer__functions.h\n'}
[0.909569] (px4_msgs) StdoutLine: {'line': b'-- Up-to-date: /home/nicolas/ws_ros2/install/px4_msgs/include/px4_msgs/px4_msgs/msg/detail/follow_target_status__type_support.h\n'}
[0.909608] (px4_msgs) StdoutLine: {'line': b'-- Up-to-date: /home/nicolas/ws_ros2/install/px4_msgs/include/px4_msgs/px4_msgs/msg/detail/parameter_set_value_response__functions.c\n'}
[0.909645] (px4_msgs) StdoutLine: {'line': b'-- Up-to-date: /home/nicolas/ws_ros2/install/px4_msgs/include/px4_msgs/px4_msgs/msg/detail/sensor_selection__struct.h\n'}
[0.909683] (px4_msgs) StdoutLine: {'line': b'-- Up-to-date: /home/nicolas/ws_ros2/install/px4_msgs/include/px4_msgs/px4_msgs/msg/detail/ekf2_timestamps__struct.h\n'}
[0.909875] (px4_msgs) StdoutLine: {'line': b'-- Up-to-date: /home/nicolas/ws_ros2/install/px4_msgs/include/px4_msgs/px4_msgs/msg/detail/gps_inject_data__struct.h\n'}
[0.909931] (px4_msgs) StdoutLine: {'line': b'-- Up-to-date: /home/nicolas/ws_ros2/install/px4_msgs/include/px4_msgs/px4_msgs/msg/detail/neural_control__functions.h\n'}
[0.909971] (px4_msgs) StdoutLine: {'line': b'-- Up-to-date: /home/nicolas/ws_ros2/install/px4_msgs/include/px4_msgs/px4_msgs/msg/detail/airspeed_validated__functions.h\n'}
[0.910009] (px4_msgs) StdoutLine: {'line': b'-- Up-to-date: /home/nicolas/ws_ros2/install/px4_msgs/include/px4_msgs/px4_msgs/msg/detail/adc_report__functions.h\n'}
[0.910047] (px4_msgs) StdoutLine: {'line': b'-- Up-to-date: /home/nicolas/ws_ros2/install/px4_msgs/include/px4_msgs/px4_msgs/msg/detail/parameter_set_value_request__struct.h\n'}
[0.910085] (px4_msgs) StdoutLine: {'line': b'-- Up-to-date: /home/nicolas/ws_ros2/install/px4_msgs/include/px4_msgs/px4_msgs/msg/detail/dataman_response__functions.h\n'}
[0.910123] (px4_msgs) StdoutLine: {'line': b'-- Up-to-date: /home/nicolas/ws_ros2/install/px4_msgs/include/px4_msgs/px4_msgs/msg/detail/gpio_out__type_support.h\n'}
[0.910199] (px4_msgs) StdoutLine: {'line': b'-- Up-to-date: /home/nicolas/ws_ros2/install/px4_msgs/include/px4_msgs/px4_msgs/msg/detail/sensor_mag__type_support.h\n'}
[0.910239] (px4_msgs) StdoutLine: {'line': b'-- Up-to-date: /home/nicolas/ws_ros2/install/px4_msgs/include/px4_msgs/px4_msgs/msg/detail/orb_test_large__functions.h\n'}
[0.910278] (px4_msgs) StdoutLine: {'line': b'-- Up-to-date: /home/nicolas/ws_ros2/install/px4_msgs/include/px4_msgs/px4_msgs/msg/detail/tecs_status__functions.h\n'}
[0.910316] (px4_msgs) StdoutLine: {'line': b'-- Up-to-date: /home/nicolas/ws_ros2/install/px4_msgs/include/px4_msgs/px4_msgs/msg/detail/parameter_set_value_request__functions.c\n'}
[0.910357] (px4_msgs) StdoutLine: {'line': b'-- Up-to-date: /home/nicolas/ws_ros2/install/px4_msgs/include/px4_msgs/px4_msgs/msg/detail/landing_target_pose__struct.h\n'}
[0.910396] (px4_msgs) StdoutLine: {'line': b'-- Up-to-date: /home/nicolas/ws_ros2/install/px4_msgs/include/px4_msgs/px4_msgs/msg/detail/gimbal_device_attitude_status__struct.h\n'}
[0.910443] (px4_msgs) StdoutLine: {'line': b'-- Up-to-date: /home/nicolas/ws_ros2/install/px4_msgs/include/px4_msgs/px4_msgs/msg/detail/position_setpoint_triplet__functions.h\n'}
[0.910486] (px4_msgs) StdoutLine: {'line': b'-- Up-to-date: /home/nicolas/ws_ros2/install/px4_msgs/include/px4_msgs/px4_msgs/msg/detail/message_format_response__type_support.h\n'}
[0.910524] (px4_msgs) StdoutLine: {'line': b'-- Up-to-date: /home/nicolas/ws_ros2/install/px4_msgs/include/px4_msgs/px4_msgs/msg/detail/mag_worker_data__type_support.h\n'}
[0.910563] (px4_msgs) StdoutLine: {'line': b'-- Up-to-date: /home/nicolas/ws_ros2/install/px4_msgs/include/px4_msgs/px4_msgs/msg/detail/health_report__struct.h\n'}
[0.910601] (px4_msgs) StdoutLine: {'line': b'-- Up-to-date: /home/nicolas/ws_ros2/install/px4_msgs/include/px4_msgs/px4_msgs/msg/detail/vehicle_command_ack__type_support.h\n'}
[0.910700] (px4_msgs) StdoutLine: {'line': b'-- Up-to-date: /home/nicolas/ws_ros2/install/px4_msgs/include/px4_msgs/px4_msgs/msg/detail/heater_status__type_support.h\n'}
[0.910748] (px4_msgs) StdoutLine: {'line': b'-- Up-to-date: /home/nicolas/ws_ros2/install/px4_msgs/include/px4_msgs/px4_msgs/msg/detail/obstacle_distance__struct.h\n'}
[0.910797] (px4_msgs) StdoutLine: {'line': b'-- Up-to-date: /home/nicolas/ws_ros2/install/px4_msgs/include/px4_msgs/px4_msgs/msg/detail/rc_parameter_map__functions.h\n'}
[0.910838] (px4_msgs) StdoutLine: {'line': b'-- Up-to-date: /home/nicolas/ws_ros2/install/px4_msgs/include/px4_msgs/px4_msgs/msg/detail/lateral_control_configuration__functions.c\n'}
[0.910880] (px4_msgs) StdoutLine: {'line': b'-- Up-to-date: /home/nicolas/ws_ros2/install/px4_msgs/include/px4_msgs/px4_msgs/msg/detail/mavlink_tunnel__type_support.h\n'}
[0.910921] (px4_msgs) StdoutLine: {'line': b'-- Up-to-date: /home/nicolas/ws_ros2/install/px4_msgs/include/px4_msgs/px4_msgs/msg/detail/airspeed_validated__functions.c\n'}
[0.910962] (px4_msgs) StdoutLine: {'line': b'-- Up-to-date: /home/nicolas/ws_ros2/install/px4_msgs/include/px4_msgs/px4_msgs/msg/detail/register_ext_component_request__functions.h\n'}
[0.911002] (px4_msgs) StdoutLine: {'line': b'-- Up-to-date: /home/nicolas/ws_ros2/install/px4_msgs/include/px4_msgs/px4_msgs/msg/detail/goto_setpoint__struct.h\n'}
[0.911040] (px4_msgs) StdoutLine: {'line': b'-- Up-to-date: /home/nicolas/ws_ros2/install/px4_msgs/include/px4_msgs/px4_msgs/msg/detail/sensor_correction__functions.c\n'}
[0.911079] (px4_msgs) StdoutLine: {'line': b'-- Up-to-date: /home/nicolas/ws_ros2/install/px4_msgs/include/px4_msgs/px4_msgs/msg/detail/vehicle_angular_acceleration_setpoint__struct.h\n'}
[0.911118] (px4_msgs) StdoutLine: {'line': b'-- Up-to-date: /home/nicolas/ws_ros2/install/px4_msgs/include/px4_msgs/px4_msgs/msg/detail/control_allocator_status__functions.h\n'}
[0.911155] (px4_msgs) StdoutLine: {'line': b'-- Up-to-date: /home/nicolas/ws_ros2/install/px4_msgs/include/px4_msgs/px4_msgs/msg/detail/vehicle_land_detected__struct.h\n'}
[0.911192] (px4_msgs) StdoutLine: {'line': b'-- Up-to-date: /home/nicolas/ws_ros2/install/px4_msgs/include/px4_msgs/px4_msgs/msg/detail/gimbal_controls__struct.h\n'}
[0.911230] (px4_msgs) StdoutLine: {'line': b'-- Up-to-date: /home/nicolas/ws_ros2/install/px4_msgs/include/px4_msgs/px4_msgs/msg/detail/rover_steering_setpoint__functions.h\n'}
[0.911301] (px4_msgs) StdoutLine: {'line': b'-- Up-to-date: /home/nicolas/ws_ros2/install/px4_msgs/include/px4_msgs/px4_msgs/msg/detail/vehicle_roi__functions.h\n'}
[0.911341] (px4_msgs) StdoutLine: {'line': b'-- Up-to-date: /home/nicolas/ws_ros2/install/px4_msgs/include/px4_msgs/px4_msgs/msg/detail/message_format_request__functions.h\n'}
[0.911499] (px4_msgs) StdoutLine: {'line': b'-- Up-to-date: /home/nicolas/ws_ros2/install/px4_msgs/include/px4_msgs/px4_msgs/msg/detail/orb_test__struct.h\n'}
[0.911589] (px4_msgs) StdoutLine: {'line': b'-- Up-to-date: /home/nicolas/ws_ros2/install/px4_msgs/include/px4_msgs/px4_msgs/msg/detail/generator_status__functions.h\n'}
[0.911631] (px4_msgs) StdoutLine: {'line': b'-- Up-to-date: /home/nicolas/ws_ros2/install/px4_msgs/include/px4_msgs/px4_msgs/msg/detail/actuator_servos__functions.c\n'}
[0.911673] (px4_msgs) StdoutLine: {'line': b'-- Up-to-date: /home/nicolas/ws_ros2/install/px4_msgs/include/px4_msgs/px4_msgs/msg/detail/sensor_correction__struct.h\n'}
[0.911726] (px4_msgs) StdoutLine: {'line': b'-- Up-to-date: /home/nicolas/ws_ros2/install/px4_msgs/include/px4_msgs/px4_msgs/msg/detail/sensor_optical_flow__functions.c\n'}
[0.911766] (px4_msgs) StdoutLine: {'line': b'-- Up-to-date: /home/nicolas/ws_ros2/install/px4_msgs/include/px4_msgs/px4_msgs/msg/detail/debug_key_value__type_support.h\n'}
[0.911804] (px4_msgs) StdoutLine: {'line': b'-- Up-to-date: /home/nicolas/ws_ros2/install/px4_msgs/include/px4_msgs/px4_msgs/msg/detail/estimator_event_flags__functions.c\n'}
[0.911848] (px4_msgs) StdoutLine: {'line': b'-- Up-to-date: /home/nicolas/ws_ros2/install/px4_msgs/include/px4_msgs/px4_msgs/msg/detail/trajectory_setpoint__functions.c\n'}
[0.911920] (px4_msgs) StdoutLine: {'line': b'-- Up-to-date: /home/nicolas/ws_ros2/install/px4_msgs/include/px4_msgs/px4_msgs/msg/detail/sensor_gyro__type_support.h\n'}
[0.911962] (px4_msgs) StdoutLine: {'line': b'-- Up-to-date: /home/nicolas/ws_ros2/install/px4_msgs/include/px4_msgs/px4_msgs/msg/detail/orbit_status__type_support.h\n'}
[0.912001] (px4_msgs) StdoutLine: {'line': b'-- Up-to-date: /home/nicolas/ws_ros2/install/px4_msgs/include/px4_msgs/px4_msgs/msg/detail/position_controller_status__functions.h\n'}
[0.912040] (px4_msgs) StdoutLine: {'line': b'-- Up-to-date: /home/nicolas/ws_ros2/install/px4_msgs/include/px4_msgs/px4_msgs/msg/detail/system_power__type_support.h\n'}
[0.912079] (px4_msgs) StdoutLine: {'line': b'-- Up-to-date: /home/nicolas/ws_ros2/install/px4_msgs/include/px4_msgs/px4_msgs/msg/detail/orb_test_large__struct.h\n'}
[0.912117] (px4_msgs) StdoutLine: {'line': b'-- Up-to-date: /home/nicolas/ws_ros2/install/px4_msgs/include/px4_msgs/px4_msgs/msg/detail/follow_target_status__struct.h\n'}
[0.912156] (px4_msgs) StdoutLine: {'line': b'-- Up-to-date: /home/nicolas/ws_ros2/install/px4_msgs/include/px4_msgs/px4_msgs/msg/detail/distance_sensor_mode_change_request__struct.h\n'}
[0.912193] (px4_msgs) StdoutLine: {'line': b'-- Up-to-date: /home/nicolas/ws_ros2/install/px4_msgs/include/px4_msgs/px4_msgs/msg/detail/gpio_in__functions.h\n'}
[0.912231] (px4_msgs) StdoutLine: {'line': b'-- Up-to-date: /home/nicolas/ws_ros2/install/px4_msgs/include/px4_msgs/px4_msgs/msg/detail/sensor_uwb__functions.c\n'}
[0.912269] (px4_msgs) StdoutLine: {'line': b'-- Up-to-date: /home/nicolas/ws_ros2/install/px4_msgs/include/px4_msgs/px4_msgs/msg/detail/esc_report__type_support.h\n'}
[0.912306] (px4_msgs) StdoutLine: {'line': b'-- Up-to-date: /home/nicolas/ws_ros2/install/px4_msgs/include/px4_msgs/px4_msgs/msg/detail/rpm__struct.h\n'}
[0.912345] (px4_msgs) StdoutLine: {'line': b'-- Up-to-date: /home/nicolas/ws_ros2/install/px4_msgs/include/px4_msgs/px4_msgs/msg/detail/orb_test_large__type_support.h\n'}
[0.912383] (px4_msgs) StdoutLine: {'line': b'-- Up-to-date: /home/nicolas/ws_ros2/install/px4_msgs/include/px4_msgs/px4_msgs/msg/detail/home_position__functions.c\n'}
[0.912422] (px4_msgs) StdoutLine: {'line': b'-- Up-to-date: /home/nicolas/ws_ros2/install/px4_msgs/include/px4_msgs/px4_msgs/msg/detail/fuel_tank_status__functions.h\n'}
[0.912467] (px4_msgs) StdoutLine: {'line': b'-- Up-to-date: /home/nicolas/ws_ros2/install/px4_msgs/include/px4_msgs/px4_msgs/msg/detail/vehicle_optical_flow__functions.c\n'}
[0.912505] (px4_msgs) StdoutLine: {'line': b'-- Up-to-date: /home/nicolas/ws_ros2/install/px4_msgs/include/px4_msgs/px4_msgs/msg/detail/arming_check_reply__type_support.h\n'}
[0.912543] (px4_msgs) StdoutLine: {'line': b'-- Up-to-date: /home/nicolas/ws_ros2/install/px4_msgs/include/px4_msgs/px4_msgs/msg/detail/open_drone_id_operator_id__functions.h\n'}
[0.912580] (px4_msgs) StdoutLine: {'line': b'-- Up-to-date: /home/nicolas/ws_ros2/install/px4_msgs/include/px4_msgs/px4_msgs/msg/detail/magnetometer_bias_estimate__functions.c\n'}
[0.912617] (px4_msgs) StdoutLine: {'line': b'-- Up-to-date: /home/nicolas/ws_ros2/install/px4_msgs/include/px4_msgs/px4_msgs/msg/detail/rover_position_setpoint__functions.c\n'}
[0.912654] (px4_msgs) StdoutLine: {'line': b'-- Up-to-date: /home/nicolas/ws_ros2/install/px4_msgs/include/px4_msgs/px4_msgs/msg/detail/tiltrotor_extra_controls__functions.c\n'}
[0.912692] (px4_msgs) StdoutLine: {'line': b'-- Up-to-date: /home/nicolas/ws_ros2/install/px4_msgs/include/px4_msgs/px4_msgs/msg/detail/vehicle_roi__type_support.h\n'}
[0.912730] (px4_msgs) StdoutLine: {'line': b'-- Up-to-date: /home/nicolas/ws_ros2/install/px4_msgs/include/px4_msgs/px4_msgs/msg/detail/qshell_req__functions.h\n'}
[0.912771] (px4_msgs) StdoutLine: {'line': b'-- Up-to-date: /home/nicolas/ws_ros2/install/px4_msgs/include/px4_msgs/px4_msgs/msg/detail/dataman_response__struct.h\n'}
[0.912811] (px4_msgs) StdoutLine: {'line': b'-- Up-to-date: /home/nicolas/ws_ros2/install/px4_msgs/include/px4_msgs/px4_msgs/msg/detail/navigator_mission_item__functions.c\n'}
[0.912887] (px4_msgs) StdoutLine: {'line': b'-- Up-to-date: /home/nicolas/ws_ros2/install/px4_msgs/include/px4_msgs/px4_msgs/msg/detail/position_controller_landing_status__struct.h\n'}
[0.913062] (px4_msgs) StdoutLine: {'line': b'-- Up-to-date: /home/nicolas/ws_ros2/install/px4_msgs/include/px4_msgs/px4_msgs/msg/detail/follow_target_estimator__functions.h\n'}
[0.913103] (px4_msgs) StdoutLine: {'line': b'-- Up-to-date: /home/nicolas/ws_ros2/install/px4_msgs/include/px4_msgs/px4_msgs/msg/detail/arming_check_request__functions.h\n'}
[0.913164] (px4_msgs) StdoutLine: {'line': b'-- Up-to-date: /home/nicolas/ws_ros2/install/px4_msgs/include/px4_msgs/px4_msgs/msg/detail/actuator_motors__functions.c\n'}
[0.913199] (px4_msgs) StdoutLine: {'line': b'-- Up-to-date: /home/nicolas/ws_ros2/install/px4_msgs/include/px4_msgs/px4_msgs/msg/detail/rtl_time_estimate__functions.h\n'}
[0.913235] (px4_msgs) StdoutLine: {'line': b'-- Up-to-date: /home/nicolas/ws_ros2/install/px4_msgs/include/px4_msgs/px4_msgs/msg/detail/uavcan_parameter_request__struct.h\n'}
[0.913271] (px4_msgs) StdoutLine: {'line': b'-- Up-to-date: /home/nicolas/ws_ros2/install/px4_msgs/include/px4_msgs/px4_msgs/msg/detail/register_ext_component_request__functions.c\n'}
[0.913308] (px4_msgs) StdoutLine: {'line': b'-- Up-to-date: /home/nicolas/ws_ros2/install/px4_msgs/include/px4_msgs/px4_msgs/msg/detail/airspeed__struct.h\n'}
[0.913346] (px4_msgs) StdoutLine: {'line': b'-- Up-to-date: /home/nicolas/ws_ros2/install/px4_msgs/include/px4_msgs/px4_msgs/msg/detail/estimator_innovations__functions.c\n'}
[0.913386] (px4_msgs) StdoutLine: {'line': b'-- Up-to-date: /home/nicolas/ws_ros2/install/px4_msgs/include/px4_msgs/px4_msgs/msg/detail/message_format_response__struct.h\n'}
[0.913424] (px4_msgs) StdoutLine: {'line': b'-- Up-to-date: /home/nicolas/ws_ros2/install/px4_msgs/include/px4_msgs/px4_msgs/msg/detail/vehicle_imu__functions.c\n'}
[0.913470] (px4_msgs) StdoutLine: {'line': b'-- Up-to-date: /home/nicolas/ws_ros2/install/px4_msgs/include/px4_msgs/px4_msgs/msg/detail/estimator_aid_source1d__type_support.h\n'}
[0.913510] (px4_msgs) StdoutLine: {'line': b'-- Up-to-date: /home/nicolas/ws_ros2/install/px4_msgs/include/px4_msgs/px4_msgs/msg/detail/satellite_info__functions.c\n'}
[0.913547] (px4_msgs) StdoutLine: {'line': b'-- Up-to-date: /home/nicolas/ws_ros2/install/px4_msgs/include/px4_msgs/px4_msgs/msg/detail/arming_check_reply__functions.c\n'}
[0.913619] (px4_msgs) StdoutLine: {'line': b'-- Up-to-date: /home/nicolas/ws_ros2/install/px4_msgs/include/px4_msgs/px4_msgs/msg/detail/dataman_request__struct.h\n'}
[0.913658] (px4_msgs) StdoutLine: {'line': b'-- Up-to-date: /home/nicolas/ws_ros2/install/px4_msgs/include/px4_msgs/px4_msgs/msg/detail/fixed_wing_lateral_setpoint__functions.h\n'}
[0.913696] (px4_msgs) StdoutLine: {'line': b'-- Up-to-date: /home/nicolas/ws_ros2/install/px4_msgs/include/px4_msgs/px4_msgs/msg/detail/rtl_time_estimate__struct.h\n'}
[0.913734] (px4_msgs) StdoutLine: {'line': b'-- Up-to-date: /home/nicolas/ws_ros2/install/px4_msgs/include/px4_msgs/px4_msgs/msg/detail/ping__type_support.h\n'}
[0.913772] (px4_msgs) StdoutLine: {'line': b'-- Up-to-date: /home/nicolas/ws_ros2/install/px4_msgs/include/px4_msgs/px4_msgs/msg/detail/power_button_state__type_support.h\n'}
[0.913810] (px4_msgs) StdoutLine: {'line': b'-- Up-to-date: /home/nicolas/ws_ros2/install/px4_msgs/include/px4_msgs/px4_msgs/msg/detail/sensor_preflight_mag__type_support.h\n'}
[0.913847] (px4_msgs) StdoutLine: {'line': b'-- Up-to-date: /home/nicolas/ws_ros2/install/px4_msgs/include/px4_msgs/px4_msgs/msg/detail/trajectory_setpoint6dof__type_support.h\n'}
[0.913904] (px4_msgs) StdoutLine: {'line': b'-- Up-to-date: /home/nicolas/ws_ros2/install/px4_msgs/include/px4_msgs/px4_msgs/msg/detail/actuator_controls_status__type_support.h\n'}
[0.913963] (px4_msgs) StdoutLine: {'line': b'-- Up-to-date: /home/nicolas/ws_ros2/install/px4_msgs/include/px4_msgs/px4_msgs/msg/detail/mount_orientation__functions.c\n'}
[0.914036] (px4_msgs) StdoutLine: {'line': b'-- Up-to-date: /home/nicolas/ws_ros2/install/px4_msgs/include/px4_msgs/px4_msgs/msg/detail/vehicle_global_position__struct.h\n'}
[0.914076] (px4_msgs) StdoutLine: {'line': b'-- Up-to-date: /home/nicolas/ws_ros2/install/px4_msgs/include/px4_msgs/px4_msgs/msg/detail/health_report__functions.h\n'}
[0.914128] (px4_msgs) StdoutLine: {'line': b'-- Up-to-date: /home/nicolas/ws_ros2/install/px4_msgs/include/px4_msgs/px4_msgs/msg/detail/vehicle_land_detected__functions.h\n'}
[0.914390] (px4_msgs) StdoutLine: {'line': b'-- Up-to-date: /home/nicolas/ws_ros2/install/px4_msgs/include/px4_msgs/px4_msgs/msg/detail/debug_key_value__struct.h\n'}
[0.914717] (px4_msgs) StdoutLine: {'line': b'-- Up-to-date: /home/nicolas/ws_ros2/install/px4_msgs/include/px4_msgs/px4_msgs/msg/detail/led_control__functions.c\n'}
[0.914830] (px4_msgs) StdoutLine: {'line': b'-- Up-to-date: /home/nicolas/ws_ros2/install/px4_msgs/include/px4_msgs/px4_msgs/msg/detail/gimbal_device_information__type_support.h\n'}
[0.914886] (px4_msgs) StdoutLine: {'line': b'-- Up-to-date: /home/nicolas/ws_ros2/install/px4_msgs/include/px4_msgs/px4_msgs/msg/detail/position_controller_status__functions.c\n'}
[0.914946] (px4_msgs) StdoutLine: {'line': b'-- Up-to-date: /home/nicolas/ws_ros2/install/px4_msgs/include/px4_msgs/px4_msgs/msg/detail/airspeed__functions.c\n'}
[0.914997] (px4_msgs) StdoutLine: {'line': b'-- Up-to-date: /home/nicolas/ws_ros2/install/px4_msgs/include/px4_msgs/px4_msgs/msg/detail/event__functions.h\n'}
[0.915038] (px4_msgs) StdoutLine: {'line': b'-- Up-to-date: /home/nicolas/ws_ros2/install/px4_msgs/include/px4_msgs/px4_msgs/msg/detail/failsafe_flags__functions.h\n'}
[0.915079] (px4_msgs) StdoutLine: {'line': b'-- Up-to-date: /home/nicolas/ws_ros2/install/px4_msgs/include/px4_msgs/px4_msgs/msg/detail/message_format_request__functions.c\n'}
[0.915239] (px4_msgs) StdoutLine: {'line': b'-- Up-to-date: /home/nicolas/ws_ros2/install/px4_msgs/include/px4_msgs/px4_msgs/msg/detail/estimator_event_flags__type_support.h\n'}
[0.915283] (px4_msgs) StdoutLine: {'line': b'-- Up-to-date: /home/nicolas/ws_ros2/install/px4_msgs/include/px4_msgs/px4_msgs/msg/detail/sensor_combined__type_support.h\n'}
[0.915324] (px4_msgs) StdoutLine: {'line': b'-- Up-to-date: /home/nicolas/ws_ros2/install/px4_msgs/include/px4_msgs/px4_msgs/msg/detail/vehicle_angular_velocity__type_support.h\n'}
[0.915368] (px4_msgs) StdoutLine: {'line': b'-- Up-to-date: /home/nicolas/ws_ros2/install/px4_msgs/include/px4_msgs/px4_msgs/msg/detail/geofence_result__functions.h\n'}
[0.915413] (px4_msgs) StdoutLine: {'line': b'-- Up-to-date: /home/nicolas/ws_ros2/install/px4_msgs/include/px4_msgs/px4_msgs/msg/detail/landing_gear_wheel__functions.c\n'}
[0.915488] (px4_msgs) StdoutLine: {'line': b'-- Up-to-date: /home/nicolas/ws_ros2/install/px4_msgs/include/px4_msgs/px4_msgs/msg/detail/estimator_innovations__functions.h\n'}
[0.915547] (px4_msgs) StdoutLine: {'line': b'-- Up-to-date: /home/nicolas/ws_ros2/install/px4_msgs/include/px4_msgs/px4_msgs/msg/detail/actuator_armed__struct.h\n'}
[0.915605] (px4_msgs) StdoutLine: {'line': b'-- Up-to-date: /home/nicolas/ws_ros2/install/px4_msgs/include/px4_msgs/px4_msgs/msg/detail/follow_target_estimator__type_support.h\n'}
[0.915664] (px4_msgs) StdoutLine: {'line': b'-- Up-to-date: /home/nicolas/ws_ros2/install/px4_msgs/include/px4_msgs/px4_msgs/msg/detail/sensor_gps__functions.c\n'}
[0.915724] (px4_msgs) StdoutLine: {'line': b'-- Up-to-date: /home/nicolas/ws_ros2/install/px4_msgs/include/px4_msgs/px4_msgs/msg/detail/sensors_status_imu__functions.c\n'}
[0.915774] (px4_msgs) StdoutLine: {'line': b'-- Up-to-date: /home/nicolas/ws_ros2/install/px4_msgs/include/px4_msgs/px4_msgs/msg/detail/vehicle_odometry__struct.h\n'}
[0.915825] (px4_msgs) StdoutLine: {'line': b'-- Up-to-date: /home/nicolas/ws_ros2/install/px4_msgs/include/px4_msgs/px4_msgs/msg/detail/vehicle_command__functions.h\n'}
[0.915875] (px4_msgs) StdoutLine: {'line': b'-- Up-to-date: /home/nicolas/ws_ros2/install/px4_msgs/include/px4_msgs/px4_msgs/msg/detail/sensor_gyro_fifo__type_support.h\n'}
[0.915994] (px4_msgs) StdoutLine: {'line': b'-- Up-to-date: /home/nicolas/ws_ros2/install/px4_msgs/include/px4_msgs/px4_msgs/msg/detail/distance_sensor_mode_change_request__functions.h\n'}
[0.916047] (px4_msgs) StdoutLine: {'line': b'-- Up-to-date: /home/nicolas/ws_ros2/install/px4_msgs/include/px4_msgs/px4_msgs/msg/detail/rtl_status__functions.h\n'}
[0.916090] (px4_msgs) StdoutLine: {'line': b'-- Up-to-date: /home/nicolas/ws_ros2/install/px4_msgs/include/px4_msgs/px4_msgs/msg/detail/gps_dump__struct.h\n'}
[0.916149] (px4_msgs) StdoutLine: {'line': b'-- Up-to-date: /home/nicolas/ws_ros2/install/px4_msgs/include/px4_msgs/px4_msgs/msg/detail/launch_detection_status__functions.c\n'}
[0.916204] (px4_msgs) StdoutLine: {'line': b'-- Up-to-date: /home/nicolas/ws_ros2/install/px4_msgs/include/px4_msgs/px4_msgs/msg/detail/vehicle_optical_flow__struct.h\n'}
[0.916254] (px4_msgs) StdoutLine: {'line': b'-- Up-to-date: /home/nicolas/ws_ros2/install/px4_msgs/include/px4_msgs/px4_msgs/msg/detail/gimbal_manager_status__type_support.h\n'}
[0.916303] (px4_msgs) StdoutLine: {'line': b'-- Up-to-date: /home/nicolas/ws_ros2/install/px4_msgs/include/px4_msgs/px4_msgs/msg/detail/debug_array__functions.h\n'}
[0.916350] (px4_msgs) StdoutLine: {'line': b'-- Up-to-date: /home/nicolas/ws_ros2/install/px4_msgs/include/px4_msgs/px4_msgs/msg/detail/mission__struct.h\n'}
[0.916402] (px4_msgs) StdoutLine: {'line': b'-- Up-to-date: /home/nicolas/ws_ros2/install/px4_msgs/include/px4_msgs/px4_msgs/msg/detail/vehicle_odometry__functions.c\n'}
[0.916471] (px4_msgs) StdoutLine: {'line': b'-- Up-to-date: /home/nicolas/ws_ros2/install/px4_msgs/include/px4_msgs/px4_msgs/msg/detail/sensor_selection__functions.c\n'}
[0.916530] (px4_msgs) StdoutLine: {'line': b'-- Up-to-date: /home/nicolas/ws_ros2/install/px4_msgs/include/px4_msgs/px4_msgs/msg/detail/rover_rate_status__functions.c\n'}
[0.916587] (px4_msgs) StdoutLine: {'line': b'-- Up-to-date: /home/nicolas/ws_ros2/install/px4_msgs/include/px4_msgs/px4_msgs/msg/detail/telemetry_status__functions.h\n'}
[0.916642] (px4_msgs) StdoutLine: {'line': b'-- Up-to-date: /home/nicolas/ws_ros2/install/px4_msgs/include/px4_msgs/px4_msgs/msg/detail/yaw_estimator_status__struct.h\n'}
[0.916694] (px4_msgs) StdoutLine: {'line': b'-- Up-to-date: /home/nicolas/ws_ros2/install/px4_msgs/include/px4_msgs/px4_msgs/msg/detail/sensor_gnss_relative__type_support.h\n'}
[0.916739] (px4_msgs) StdoutLine: {'line': b'-- Up-to-date: /home/nicolas/ws_ros2/install/px4_msgs/include/px4_msgs/px4_msgs/msg/detail/config_overrides__functions.h\n'}
[0.916787] (px4_msgs) StdoutLine: {'line': b'-- Up-to-date: /home/nicolas/ws_ros2/install/px4_msgs/include/px4_msgs/px4_msgs/msg/detail/orbit_status__struct.h\n'}
[0.916836] (px4_msgs) StdoutLine: {'line': b'-- Up-to-date: /home/nicolas/ws_ros2/install/px4_msgs/include/px4_msgs/px4_msgs/msg/detail/can_interface_status__struct.h\n'}
[0.916885] (px4_msgs) StdoutLine: {'line': b'-- Up-to-date: /home/nicolas/ws_ros2/install/px4_msgs/include/px4_msgs/px4_msgs/msg/detail/estimator_gps_status__struct.h\n'}
[0.917022] (px4_msgs) StdoutLine: {'line': b'-- Up-to-date: /home/nicolas/ws_ros2/install/px4_msgs/include/px4_msgs/px4_msgs/msg/detail/qshell_req__functions.c\n'}
[0.917065] (px4_msgs) StdoutLine: {'line': b'-- Up-to-date: /home/nicolas/ws_ros2/install/px4_msgs/include/px4_msgs/px4_msgs/msg/detail/open_drone_id_system__struct.h\n'}
[0.917105] (px4_msgs) StdoutLine: {'line': b'-- Up-to-date: /home/nicolas/ws_ros2/install/px4_msgs/include/px4_msgs/px4_msgs/msg/detail/radio_status__functions.h\n'}
[0.917328] (px4_msgs) StdoutLine: {'line': b'-- Up-to-date: /home/nicolas/ws_ros2/install/px4_msgs/include/px4_msgs/px4_msgs/msg/detail/estimator_selector_status__functions.h\n'}
[0.917401] (px4_msgs) StdoutLine: {'line': b'-- Up-to-date: /home/nicolas/ws_ros2/install/px4_msgs/include/px4_msgs/px4_msgs/msg/detail/sensor_gps__functions.h\n'}
[0.917478] (px4_msgs) StdoutLine: {'line': b'-- Up-to-date: /home/nicolas/ws_ros2/install/px4_msgs/include/px4_msgs/px4_msgs/msg/detail/wheel_encoders__functions.c\n'}
[0.917635] (px4_msgs) StdoutLine: {'line': b'-- Up-to-date: /home/nicolas/ws_ros2/install/px4_msgs/include/px4_msgs/px4_msgs/msg/detail/orb_test__functions.c\n'}
[0.917707] (px4_msgs) StdoutLine: {'line': b'-- Up-to-date: /home/nicolas/ws_ros2/install/px4_msgs/include/px4_msgs/px4_msgs/msg/detail/vehicle_air_data__functions.c\n'}
[0.917777] (px4_msgs) StdoutLine: {'line': b'-- Up-to-date: /home/nicolas/ws_ros2/install/px4_msgs/include/px4_msgs/px4_msgs/msg/detail/rover_attitude_status__functions.c\n'}
[0.917845] (px4_msgs) StdoutLine: {'line': b'-- Up-to-date: /home/nicolas/ws_ros2/install/px4_msgs/include/px4_msgs/px4_msgs/msg/detail/gimbal_device_set_attitude__struct.h\n'}
[0.917913] (px4_msgs) StdoutLine: {'line': b'-- Up-to-date: /home/nicolas/ws_ros2/install/px4_msgs/include/px4_msgs/px4_msgs/msg/detail/open_drone_id_operator_id__struct.h\n'}
[0.917980] (px4_msgs) StdoutLine: {'line': b'-- Up-to-date: /home/nicolas/ws_ros2/install/px4_msgs/include/px4_msgs/px4_msgs/msg/detail/sensor_gyro_fft__functions.c\n'}
[0.918048] (px4_msgs) StdoutLine: {'line': b'-- Up-to-date: /home/nicolas/ws_ros2/install/px4_msgs/include/px4_msgs/px4_msgs/msg/detail/rover_throttle_setpoint__functions.h\n'}
[0.918115] (px4_msgs) StdoutLine: {'line': b'-- Up-to-date: /home/nicolas/ws_ros2/install/px4_msgs/include/px4_msgs/px4_msgs/msg/detail/follow_target__functions.h\n'}
[0.918181] (px4_msgs) StdoutLine: {'line': b'-- Up-to-date: /home/nicolas/ws_ros2/install/px4_msgs/include/px4_msgs/px4_msgs/msg/detail/obstacle_distance__type_support.h\n'}
[0.918224] (px4_msgs) StdoutLine: {'line': b'-- Up-to-date: /home/nicolas/ws_ros2/install/px4_msgs/include/px4_msgs/px4_msgs/msg/detail/rover_speed_setpoint__struct.h\n'}
[0.918266] (px4_msgs) StdoutLine: {'line': b'-- Up-to-date: /home/nicolas/ws_ros2/install/px4_msgs/include/px4_msgs/px4_msgs/msg/detail/actuator_armed__type_support.h\n'}
[0.918308] (px4_msgs) StdoutLine: {'line': b'-- Up-to-date: /home/nicolas/ws_ros2/install/px4_msgs/include/px4_msgs/px4_msgs/msg/detail/sensor_preflight_mag__struct.h\n'}
[0.918349] (px4_msgs) StdoutLine: {'line': b'-- Up-to-date: /home/nicolas/ws_ros2/install/px4_msgs/include/px4_msgs/px4_msgs/msg/detail/internal_combustion_engine_status__functions.c\n'}
[0.918391] (px4_msgs) StdoutLine: {'line': b'-- Up-to-date: /home/nicolas/ws_ros2/install/px4_msgs/include/px4_msgs/px4_msgs/msg/detail/landing_target_innovations__struct.h\n'}
[0.918440] (px4_msgs) StdoutLine: {'line': b'-- Up-to-date: /home/nicolas/ws_ros2/install/px4_msgs/include/px4_msgs/px4_msgs/msg/detail/gimbal_device_attitude_status__type_support.h\n'}
[0.918485] (px4_msgs) StdoutLine: {'line': b'-- Up-to-date: /home/nicolas/ws_ros2/install/px4_msgs/include/px4_msgs/px4_msgs/msg/detail/sensor_mag__functions.c\n'}
[0.918526] (px4_msgs) StdoutLine: {'line': b'-- Up-to-date: /home/nicolas/ws_ros2/install/px4_msgs/include/px4_msgs/px4_msgs/msg/detail/irlock_report__type_support.h\n'}
[0.918567] (px4_msgs) StdoutLine: {'line': b'-- Up-to-date: /home/nicolas/ws_ros2/install/px4_msgs/include/px4_msgs/px4_msgs/msg/detail/rover_speed_setpoint__functions.c\n'}
[0.918608] (px4_msgs) StdoutLine: {'line': b'-- Up-to-date: /home/nicolas/ws_ros2/install/px4_msgs/include/px4_msgs/px4_msgs/msg/detail/camera_status__functions.c\n'}
[0.918648] (px4_msgs) StdoutLine: {'line': b'-- Up-to-date: /home/nicolas/ws_ros2/install/px4_msgs/include/px4_msgs/px4_msgs/msg/detail/camera_trigger__functions.h\n'}
[0.918738] (px4_msgs) StdoutLine: {'line': b'-- Up-to-date: /home/nicolas/ws_ros2/install/px4_msgs/include/px4_msgs/px4_msgs/msg/detail/sensor_gyro__functions.h\n'}
[0.918781] (px4_msgs) StdoutLine: {'line': b'-- Up-to-date: /home/nicolas/ws_ros2/install/px4_msgs/include/px4_msgs/px4_msgs/msg/detail/sensor_preflight_mag__functions.c\n'}
[0.918824] (px4_msgs) StdoutLine: {'line': b'-- Up-to-date: /home/nicolas/ws_ros2/install/px4_msgs/include/px4_msgs/px4_msgs/msg/detail/register_ext_component_reply__type_support.h\n'}
[0.918867] (px4_msgs) StdoutLine: {'line': b'-- Up-to-date: /home/nicolas/ws_ros2/install/px4_msgs/include/px4_msgs/px4_msgs/msg/detail/vehicle_angular_acceleration_setpoint__functions.c\n'}
[0.919033] (px4_msgs) StdoutLine: {'line': b'-- Up-to-date: /home/nicolas/ws_ros2/install/px4_msgs/include/px4_msgs/px4_msgs/msg/detail/failsafe_flags__functions.c\n'}
[0.919130] (px4_msgs) StdoutLine: {'line': b'-- Up-to-date: /home/nicolas/ws_ros2/install/px4_msgs/include/px4_msgs/px4_msgs/msg/detail/actuator_outputs__functions.c\n'}
[0.919188] (px4_msgs) StdoutLine: {'line': b'-- Up-to-date: /home/nicolas/ws_ros2/install/px4_msgs/include/px4_msgs/px4_msgs/msg/detail/log_message__struct.h\n'}
[0.919229] (px4_msgs) StdoutLine: {'line': b'-- Up-to-date: /home/nicolas/ws_ros2/install/px4_msgs/include/px4_msgs/px4_msgs/msg/detail/manual_control_switches__functions.h\n'}
[0.919271] (px4_msgs) StdoutLine: {'line': b'-- Up-to-date: /home/nicolas/ws_ros2/install/px4_msgs/include/px4_msgs/px4_msgs/msg/detail/distance_sensor__struct.h\n'}
[0.919313] (px4_msgs) StdoutLine: {'line': b'-- Up-to-date: /home/nicolas/ws_ros2/install/px4_msgs/include/px4_msgs/px4_msgs/msg/detail/ekf2_timestamps__type_support.h\n'}
[0.919396] (px4_msgs) StdoutLine: {'line': b'-- Up-to-date: /home/nicolas/ws_ros2/install/px4_msgs/include/px4_msgs/px4_msgs/msg/detail/gimbal_manager_status__struct.h\n'}
[0.919446] (px4_msgs) StdoutLine: {'line': b'-- Up-to-date: /home/nicolas/ws_ros2/install/px4_msgs/include/px4_msgs/px4_msgs/msg/detail/dataman_response__functions.c\n'}
[0.919491] (px4_msgs) StdoutLine: {'line': b'-- Up-to-date: /home/nicolas/ws_ros2/install/px4_msgs/include/px4_msgs/px4_msgs/msg/detail/normalized_unsigned_setpoint__type_support.h\n'}
[0.919531] (px4_msgs) StdoutLine: {'line': b'-- Up-to-date: /home/nicolas/ws_ros2/install/px4_msgs/include/px4_msgs/px4_msgs/msg/detail/gpio_out__struct.h\n'}
[0.919572] (px4_msgs) StdoutLine: {'line': b'-- Up-to-date: /home/nicolas/ws_ros2/install/px4_msgs/include/px4_msgs/px4_msgs/msg/detail/sensor_correction__functions.h\n'}
[0.919612] (px4_msgs) StdoutLine: {'line': b'-- Up-to-date: /home/nicolas/ws_ros2/install/px4_msgs/include/px4_msgs/px4_msgs/msg/detail/parameter_set_used_request__functions.c\n'}
[0.919666] (px4_msgs) StdoutLine: {'line': b'-- Up-to-date: /home/nicolas/ws_ros2/install/px4_msgs/include/px4_msgs/px4_msgs/msg/detail/gimbal_device_information__struct.h\n'}
[0.919707] (px4_msgs) StdoutLine: {'line': b'-- Up-to-date: /home/nicolas/ws_ros2/install/px4_msgs/include/px4_msgs/px4_msgs/msg/detail/collision_constraints__struct.h\n'}
[0.919746] (px4_msgs) StdoutLine: {'line': b'-- Up-to-date: /home/nicolas/ws_ros2/install/px4_msgs/include/px4_msgs/px4_msgs/msg/detail/vehicle_imu_status__struct.h\n'}
[0.919785] (px4_msgs) StdoutLine: {'line': b'-- Up-to-date: /home/nicolas/ws_ros2/install/px4_msgs/include/px4_msgs/px4_msgs/msg/detail/event__struct.h\n'}
[0.919825] (px4_msgs) StdoutLine: {'line': b'-- Up-to-date: /home/nicolas/ws_ros2/install/px4_msgs/include/px4_msgs/px4_msgs/msg/detail/mission_result__functions.h\n'}
[0.919864] (px4_msgs) StdoutLine: {'line': b'-- Up-to-date: /home/nicolas/ws_ros2/install/px4_msgs/include/px4_msgs/px4_msgs/msg/detail/uavcan_parameter_value__struct.h\n'}
[0.919903] (px4_msgs) StdoutLine: {'line': b'-- Up-to-date: /home/nicolas/ws_ros2/install/px4_msgs/include/px4_msgs/px4_msgs/msg/detail/esc_status__functions.c\n'}
[0.919942] (px4_msgs) StdoutLine: {'line': b'-- Up-to-date: /home/nicolas/ws_ros2/install/px4_msgs/include/px4_msgs/px4_msgs/msg/detail/camera_trigger__functions.c\n'}
[0.919981] (px4_msgs) StdoutLine: {'line': b'-- Up-to-date: /home/nicolas/ws_ros2/install/px4_msgs/include/px4_msgs/px4_msgs/msg/detail/parameter_set_used_request__struct.h\n'}
[0.920021] (px4_msgs) StdoutLine: {'line': b'-- Up-to-date: /home/nicolas/ws_ros2/install/px4_msgs/include/px4_msgs/px4_msgs/msg/detail/gripper__functions.c\n'}
[0.920060] (px4_msgs) StdoutLine: {'line': b'-- Up-to-date: /home/nicolas/ws_ros2/install/px4_msgs/include/px4_msgs/px4_msgs/msg/detail/battery_info__functions.c\n'}
[0.920099] (px4_msgs) StdoutLine: {'line': b'-- Up-to-date: /home/nicolas/ws_ros2/install/px4_msgs/include/px4_msgs/px4_msgs/msg/detail/fixed_wing_longitudinal_setpoint__functions.c\n'}
[0.920169] (px4_msgs) StdoutLine: {'line': b'-- Up-to-date: /home/nicolas/ws_ros2/install/px4_msgs/include/px4_msgs/px4_msgs/msg/detail/rtl_status__type_support.h\n'}
[0.920209] (px4_msgs) StdoutLine: {'line': b'-- Up-to-date: /home/nicolas/ws_ros2/install/px4_msgs/include/px4_msgs/px4_msgs/msg/detail/takeoff_status__struct.h\n'}
[0.920250] (px4_msgs) StdoutLine: {'line': b'-- Up-to-date: /home/nicolas/ws_ros2/install/px4_msgs/include/px4_msgs/px4_msgs/msg/detail/gripper__struct.h\n'}
[0.920289] (px4_msgs) StdoutLine: {'line': b'-- Up-to-date: /home/nicolas/ws_ros2/install/px4_msgs/include/px4_msgs/px4_msgs/msg/detail/distance_sensor__type_support.h\n'}
[0.920370] (px4_msgs) StdoutLine: {'line': b'-- Up-to-date: /home/nicolas/ws_ros2/install/px4_msgs/include/px4_msgs/px4_msgs/msg/detail/mavlink_log__struct.h\n'}
[0.920411] (px4_msgs) StdoutLine: {'line': b'-- Up-to-date: /home/nicolas/ws_ros2/install/px4_msgs/include/px4_msgs/px4_msgs/msg/detail/rpm__functions.c\n'}
[0.920459] (px4_msgs) StdoutLine: {'line': b'-- Up-to-date: /home/nicolas/ws_ros2/install/px4_msgs/include/px4_msgs/px4_msgs/msg/detail/differential_pressure__type_support.h\n'}
[0.920505] (px4_msgs) StdoutLine: {'line': b'-- Up-to-date: /home/nicolas/ws_ros2/install/px4_msgs/include/px4_msgs/px4_msgs/msg/detail/ulog_stream__functions.h\n'}
[0.920567] (px4_msgs) StdoutLine: {'line': b'-- Up-to-date: /home/nicolas/ws_ros2/install/px4_msgs/include/px4_msgs/px4_msgs/msg/detail/vehicle_angular_velocity__functions.h\n'}
[0.920645] (px4_msgs) StdoutLine: {'line': b'-- Up-to-date: /home/nicolas/ws_ros2/install/px4_msgs/include/px4_msgs/px4_msgs/msg/detail/rover_speed_status__functions.c\n'}
[0.920691] (px4_msgs) StdoutLine: {'line': b'-- Up-to-date: /home/nicolas/ws_ros2/install/px4_msgs/include/px4_msgs/px4_msgs/msg/detail/vehicle_global_position__functions.h\n'}
[0.920734] (px4_msgs) StdoutLine: {'line': b'-- Up-to-date: /home/nicolas/ws_ros2/install/px4_msgs/include/px4_msgs/px4_msgs/msg/detail/mode_completed__struct.h\n'}
[0.920777] (px4_msgs) StdoutLine: {'line': b'-- Up-to-date: /home/nicolas/ws_ros2/install/px4_msgs/include/px4_msgs/px4_msgs/msg/detail/home_position__type_support.h\n'}
[0.920818] (px4_msgs) StdoutLine: {'line': b'-- Up-to-date: /home/nicolas/ws_ros2/install/px4_msgs/include/px4_msgs/px4_msgs/msg/detail/estimator_aid_source1d__struct.h\n'}
[0.920858] (px4_msgs) StdoutLine: {'line': b'-- Up-to-date: /home/nicolas/ws_ros2/install/px4_msgs/include/px4_msgs/px4_msgs/msg/detail/gps_dump__functions.h\n'}
[0.920899] (px4_msgs) StdoutLine: {'line': b'-- Up-to-date: /home/nicolas/ws_ros2/install/px4_msgs/include/px4_msgs/px4_msgs/msg/detail/landing_target_pose__functions.h\n'}
[0.921007] (px4_msgs) StdoutLine: {'line': b'-- Up-to-date: /home/nicolas/ws_ros2/install/px4_msgs/include/px4_msgs/px4_msgs/msg/detail/vehicle_optical_flow_vel__functions.c\n'}
[0.921053] (px4_msgs) StdoutLine: {'line': b'-- Up-to-date: /home/nicolas/ws_ros2/install/px4_msgs/include/px4_msgs/px4_msgs/msg/detail/position_controller_status__type_support.h\n'}
[0.921096] (px4_msgs) StdoutLine: {'line': b'-- Up-to-date: /home/nicolas/ws_ros2/install/px4_msgs/include/px4_msgs/px4_msgs/msg/detail/airspeed_wind__functions.c\n'}
[0.921139] (px4_msgs) StdoutLine: {'line': b'-- Up-to-date: /home/nicolas/ws_ros2/install/px4_msgs/include/px4_msgs/px4_msgs/msg/detail/rover_attitude_setpoint__type_support.h\n'}
[0.921215] (px4_msgs) StdoutLine: {'line': b'-- Up-to-date: /home/nicolas/ws_ros2/install/px4_msgs/include/px4_msgs/px4_msgs/msg/detail/gimbal_manager_set_attitude__functions.h\n'}
[0.921257] (px4_msgs) StdoutLine: {'line': b'-- Up-to-date: /home/nicolas/ws_ros2/install/px4_msgs/include/px4_msgs/px4_msgs/msg/detail/sensor_accel__functions.c\n'}
[0.921299] (px4_msgs) StdoutLine: {'line': b'-- Up-to-date: /home/nicolas/ws_ros2/install/px4_msgs/include/px4_msgs/px4_msgs/msg/detail/vehicle_attitude__type_support.h\n'}
[0.921343] (px4_msgs) StdoutLine: {'line': b'-- Up-to-date: /home/nicolas/ws_ros2/install/px4_msgs/include/px4_msgs/px4_msgs/msg/detail/sensor_hygrometer__struct.h\n'}
[0.921418] (px4_msgs) StdoutLine: {'line': b'-- Up-to-date: /home/nicolas/ws_ros2/install/px4_msgs/include/px4_msgs/px4_msgs/msg/detail/qshell_retval__struct.h\n'}
[0.921472] (px4_msgs) StdoutLine: {'line': b'-- Up-to-date: /home/nicolas/ws_ros2/install/px4_msgs/include/px4_msgs/px4_msgs/msg/detail/input_rc__functions.h\n'}
[0.921518] (px4_msgs) StdoutLine: {'line': b'-- Up-to-date: /home/nicolas/ws_ros2/install/px4_msgs/include/px4_msgs/px4_msgs/msg/detail/estimator_aid_source2d__functions.h\n'}
[0.921564] (px4_msgs) StdoutLine: {'line': b'-- Up-to-date: /home/nicolas/ws_ros2/install/px4_msgs/include/px4_msgs/px4_msgs/msg/detail/navigator_status__functions.h\n'}
[0.921607] (px4_msgs) StdoutLine: {'line': b'-- Up-to-date: /home/nicolas/ws_ros2/install/px4_msgs/include/px4_msgs/px4_msgs/msg/detail/debug_value__functions.c\n'}
[0.921654] (px4_msgs) StdoutLine: {'line': b'-- Up-to-date: /home/nicolas/ws_ros2/install/px4_msgs/include/px4_msgs/px4_msgs/msg/detail/debug_vect__functions.h\n'}
[0.921697] (px4_msgs) StdoutLine: {'line': b'-- Up-to-date: /home/nicolas/ws_ros2/install/px4_msgs/include/px4_msgs/px4_msgs/msg/detail/geofence_status__functions.h\n'}
[0.921745] (px4_msgs) StdoutLine: {'line': b'-- Up-to-date: /home/nicolas/ws_ros2/install/px4_msgs/include/px4_msgs/px4_msgs/msg/detail/sensor_gyro_fifo__struct.h\n'}
[0.921797] (px4_msgs) StdoutLine: {'line': b'-- Up-to-date: /home/nicolas/ws_ros2/install/px4_msgs/include/px4_msgs/px4_msgs/msg/detail/landing_gear__functions.h\n'}
[0.921845] (px4_msgs) StdoutLine: {'line': b'-- Up-to-date: /home/nicolas/ws_ros2/install/px4_msgs/include/px4_msgs/px4_msgs/msg/detail/adc_report__struct.h\n'}
[0.921888] (px4_msgs) StdoutLine: {'line': b'-- Up-to-date: /home/nicolas/ws_ros2/install/px4_msgs/include/px4_msgs/px4_msgs/msg/detail/gimbal_device_attitude_status__functions.h\n'}
[0.921931] (px4_msgs) StdoutLine: {'line': b'-- Up-to-date: /home/nicolas/ws_ros2/install/px4_msgs/include/px4_msgs/px4_msgs/msg/detail/uavcan_parameter_request__functions.c\n'}
[0.921993] (px4_msgs) StdoutLine: {'line': b'-- Up-to-date: /home/nicolas/ws_ros2/install/px4_msgs/include/px4_msgs/px4_msgs/msg/detail/camera_status__type_support.h\n'}
[0.922054] (px4_msgs) StdoutLine: {'line': b'-- Up-to-date: /home/nicolas/ws_ros2/install/px4_msgs/include/px4_msgs/px4_msgs/msg/detail/actuator_servos_trim__functions.c\n'}
[0.922135] (px4_msgs) StdoutLine: {'line': b'-- Up-to-date: /home/nicolas/ws_ros2/install/px4_msgs/include/px4_msgs/px4_msgs/msg/detail/uavcan_parameter_value__type_support.h\n'}
[0.922200] (px4_msgs) StdoutLine: {'line': b'-- Up-to-date: /home/nicolas/ws_ros2/install/px4_msgs/include/px4_msgs/px4_msgs/msg/detail/vehicle_optical_flow_vel__struct.h\n'}
[0.922271] (px4_msgs) StdoutLine: {'line': b'-- Up-to-date: /home/nicolas/ws_ros2/install/px4_msgs/include/px4_msgs/px4_msgs/msg/detail/sensor_accel_fifo__functions.c\n'}
[0.922321] (px4_msgs) StdoutLine: {'line': b'-- Up-to-date: /home/nicolas/ws_ros2/install/px4_msgs/include/px4_msgs/px4_msgs/msg/detail/dronecan_node_status__functions.h\n'}
[0.922374] (px4_msgs) StdoutLine: {'line': b'-- Up-to-date: /home/nicolas/ws_ros2/install/px4_msgs/include/px4_msgs/px4_msgs/msg/detail/figure_eight_status__type_support.h\n'}
[0.922418] (px4_msgs) StdoutLine: {'line': b'-- Up-to-date: /home/nicolas/ws_ros2/install/px4_msgs/include/px4_msgs/px4_msgs/msg/detail/heater_status__struct.h\n'}
[0.922469] (px4_msgs) StdoutLine: {'line': b'-- Up-to-date: /home/nicolas/ws_ros2/install/px4_msgs/include/px4_msgs/px4_msgs/msg/detail/neural_control__struct.h\n'}
[0.922510] (px4_msgs) StdoutLine: {'line': b'-- Up-to-date: /home/nicolas/ws_ros2/install/px4_msgs/include/px4_msgs/px4_msgs/msg/detail/manual_control_setpoint__struct.h\n'}
[0.922550] (px4_msgs) StdoutLine: {'line': b'-- Up-to-date: /home/nicolas/ws_ros2/install/px4_msgs/include/px4_msgs/px4_msgs/msg/detail/dataman_request__functions.h\n'}
[0.922600] (px4_msgs) StdoutLine: {'line': b'-- Up-to-date: /home/nicolas/ws_ros2/install/px4_msgs/include/px4_msgs/px4_msgs/msg/detail/wind__type_support.h\n'}
[0.922763] (px4_msgs) StdoutLine: {'line': b'-- Up-to-date: /home/nicolas/ws_ros2/install/px4_msgs/include/px4_msgs/px4_msgs/msg/detail/pps_capture__functions.c\n'}
[0.922819] (px4_msgs) StdoutLine: {'line': b'-- Up-to-date: /home/nicolas/ws_ros2/install/px4_msgs/include/px4_msgs/px4_msgs/msg/detail/rc_channels__struct.h\n'}
[0.922886] (px4_msgs) StdoutLine: {'line': b'-- Up-to-date: /home/nicolas/ws_ros2/install/px4_msgs/include/px4_msgs/px4_msgs/msg/detail/vehicle_odometry__type_support.h\n'}
[0.922944] (px4_msgs) StdoutLine: {'line': b'-- Up-to-date: /home/nicolas/ws_ros2/install/px4_msgs/include/px4_msgs/px4_msgs/msg/detail/estimator_status__struct.h\n'}
[0.923001] (px4_msgs) StdoutLine: {'line': b'-- Up-to-date: /home/nicolas/ws_ros2/install/px4_msgs/include/px4_msgs/px4_msgs/msg/detail/dronecan_node_status__type_support.h\n'}
[0.923057] (px4_msgs) StdoutLine: {'line': b'-- Up-to-date: /home/nicolas/ws_ros2/install/px4_msgs/include/px4_msgs/px4_msgs/msg/detail/gpio_request__type_support.h\n'}
[0.923114] (px4_msgs) StdoutLine: {'line': b'-- Up-to-date: /home/nicolas/ws_ros2/install/px4_msgs/include/px4_msgs/px4_msgs/msg/detail/vehicle_attitude__functions.h\n'}
[0.923189] (px4_msgs) StdoutLine: {'line': b'-- Up-to-date: /home/nicolas/ws_ros2/install/px4_msgs/include/px4_msgs/px4_msgs/msg/detail/offboard_control_mode__functions.h\n'}
[0.923240] (px4_msgs) StdoutLine: {'line': b'-- Up-to-date: /home/nicolas/ws_ros2/install/px4_msgs/include/px4_msgs/px4_msgs/msg/detail/trajectory_setpoint__type_support.h\n'}
[0.923289] (px4_msgs) StdoutLine: {'line': b'-- Up-to-date: /home/nicolas/ws_ros2/install/px4_msgs/include/px4_msgs/px4_msgs/msg/detail/satellite_info__type_support.h\n'}
[0.923339] (px4_msgs) StdoutLine: {'line': b'-- Up-to-date: /home/nicolas/ws_ros2/install/px4_msgs/include/px4_msgs/px4_msgs/msg/detail/telemetry_status__struct.h\n'}
[0.923388] (px4_msgs) StdoutLine: {'line': b'-- Up-to-date: /home/nicolas/ws_ros2/install/px4_msgs/include/px4_msgs/px4_msgs/msg/detail/geofence_result__functions.c\n'}
[0.923443] (px4_msgs) StdoutLine: {'line': b'-- Up-to-date: /home/nicolas/ws_ros2/install/px4_msgs/include/px4_msgs/px4_msgs/msg/detail/ping__struct.h\n'}
[0.923504] (px4_msgs) StdoutLine: {'line': b'-- Up-to-date: /home/nicolas/ws_ros2/install/px4_msgs/include/px4_msgs/px4_msgs/msg/detail/position_setpoint__functions.c\n'}
[0.923604] (px4_msgs) StdoutLine: {'line': b'-- Up-to-date: /home/nicolas/ws_ros2/install/px4_msgs/include/px4_msgs/px4_msgs/msg/detail/rover_speed_status__type_support.h\n'}
[0.923641] (px4_msgs) StdoutLine: {'line': b'-- Up-to-date: /home/nicolas/ws_ros2/install/px4_msgs/include/px4_msgs/px4_msgs/msg/detail/log_message__type_support.h\n'}
[0.923688] (px4_msgs) StdoutLine: {'line': b'-- Up-to-date: /home/nicolas/ws_ros2/install/px4_msgs/include/px4_msgs/px4_msgs/msg/detail/vehicle_attitude_setpoint__functions.c\n'}
[0.923729] (px4_msgs) StdoutLine: {'line': b'-- Up-to-date: /home/nicolas/ws_ros2/install/px4_msgs/include/px4_msgs/px4_msgs/msg/detail/sensor_baro__type_support.h\n'}
[0.923766] (px4_msgs) StdoutLine: {'line': b'-- Up-to-date: /home/nicolas/ws_ros2/install/px4_msgs/include/px4_msgs/px4_msgs/msg/detail/manual_control_setpoint__functions.c\n'}
[0.923803] (px4_msgs) StdoutLine: {'line': b'-- Up-to-date: /home/nicolas/ws_ros2/install/px4_msgs/include/px4_msgs/px4_msgs/msg/detail/internal_combustion_engine_control__type_support.h\n'}
[0.923839] (px4_msgs) StdoutLine: {'line': b'-- Up-to-date: /home/nicolas/ws_ros2/install/px4_msgs/include/px4_msgs/px4_msgs/msg/detail/gimbal_device_attitude_status__functions.c\n'}
[0.923883] (px4_msgs) StdoutLine: {'line': b'-- Up-to-date: /home/nicolas/ws_ros2/install/px4_msgs/include/px4_msgs/px4_msgs/msg/detail/pure_pursuit_status__functions.c\n'}
[0.923927] (px4_msgs) StdoutLine: {'line': b'-- Up-to-date: /home/nicolas/ws_ros2/install/px4_msgs/include/px4_msgs/px4_msgs/msg/detail/rc_channels__type_support.h\n'}
[0.923968] (px4_msgs) StdoutLine: {'line': b'-- Up-to-date: /home/nicolas/ws_ros2/install/px4_msgs/include/px4_msgs/px4_msgs/msg/detail/actuator_servos_trim__type_support.h\n'}
[0.924009] (px4_msgs) StdoutLine: {'line': b'-- Up-to-date: /home/nicolas/ws_ros2/install/px4_msgs/include/px4_msgs/px4_msgs/msg/detail/iridiumsbd_status__type_support.h\n'}
[0.924063] (px4_msgs) StdoutLine: {'line': b'-- Up-to-date: /home/nicolas/ws_ros2/install/px4_msgs/include/px4_msgs/px4_msgs/msg/detail/actuator_outputs__functions.h\n'}
[0.924110] (px4_msgs) StdoutLine: {'line': b'-- Up-to-date: /home/nicolas/ws_ros2/install/px4_msgs/include/px4_msgs/px4_msgs/msg/detail/mission__type_support.h\n'}
[0.924150] (px4_msgs) StdoutLine: {'line': b'-- Up-to-date: /home/nicolas/ws_ros2/install/px4_msgs/include/px4_msgs/px4_msgs/msg/detail/sensor_gnss_relative__struct.h\n'}
[0.924189] (px4_msgs) StdoutLine: {'line': b'-- Up-to-date: /home/nicolas/ws_ros2/install/px4_msgs/include/px4_msgs/px4_msgs/msg/detail/internal_combustion_engine_control__functions.c\n'}
[0.924228] (px4_msgs) StdoutLine: {'line': b'-- Up-to-date: /home/nicolas/ws_ros2/install/px4_msgs/include/px4_msgs/px4_msgs/msg/detail/tune_control__functions.h\n'}
[0.924266] (px4_msgs) StdoutLine: {'line': b'-- Up-to-date: /home/nicolas/ws_ros2/install/px4_msgs/include/px4_msgs/px4_msgs/msg/detail/radio_status__struct.h\n'}
[0.924305] (px4_msgs) StdoutLine: {'line': b'-- Up-to-date: /home/nicolas/ws_ros2/install/px4_msgs/include/px4_msgs/px4_msgs/msg/detail/vehicle_torque_setpoint__functions.c\n'}
[0.924343] (px4_msgs) StdoutLine: {'line': b'-- Up-to-date: /home/nicolas/ws_ros2/install/px4_msgs/include/px4_msgs/px4_msgs/msg/detail/rtl_status__struct.h\n'}
[0.924382] (px4_msgs) StdoutLine: {'line': b'-- Up-to-date: /home/nicolas/ws_ros2/install/px4_msgs/include/px4_msgs/px4_msgs/msg/detail/dataman_request__type_support.h\n'}
[0.924421] (px4_msgs) StdoutLine: {'line': b'-- Up-to-date: /home/nicolas/ws_ros2/install/px4_msgs/include/px4_msgs/px4_msgs/msg/detail/collision_constraints__functions.h\n'}
[0.924519] (px4_msgs) StdoutLine: {'line': b'-- Up-to-date: /home/nicolas/ws_ros2/install/px4_msgs/include/px4_msgs/px4_msgs/msg/detail/takeoff_status__type_support.h\n'}
[0.924562] (px4_msgs) StdoutLine: {'line': b'-- Up-to-date: /home/nicolas/ws_ros2/install/px4_msgs/include/px4_msgs/px4_msgs/msg/detail/vehicle_torque_setpoint__type_support.h\n'}
[0.924603] (px4_msgs) StdoutLine: {'line': b'-- Up-to-date: /home/nicolas/ws_ros2/install/px4_msgs/include/px4_msgs/px4_msgs/msg/detail/cpuload__functions.h\n'}
[0.924643] (px4_msgs) StdoutLine: {'line': b'-- Up-to-date: /home/nicolas/ws_ros2/install/px4_msgs/include/px4_msgs/px4_msgs/msg/detail/trajectory_setpoint6dof__struct.h\n'}
[0.924684] (px4_msgs) StdoutLine: {'line': b'-- Up-to-date: /home/nicolas/ws_ros2/install/px4_msgs/include/px4_msgs/px4_msgs/msg/detail/gimbal_controls__functions.c\n'}
[0.924724] (px4_msgs) StdoutLine: {'line': b'-- Up-to-date: /home/nicolas/ws_ros2/install/px4_msgs/include/px4_msgs/px4_msgs/msg/detail/flight_phase_estimation__functions.c\n'}
[0.924764] (px4_msgs) StdoutLine: {'line': b'-- Up-to-date: /home/nicolas/ws_ros2/install/px4_msgs/include/px4_msgs/px4_msgs/msg/detail/rover_attitude_setpoint__functions.c\n'}
[0.924802] (px4_msgs) StdoutLine: {'line': b'-- Up-to-date: /home/nicolas/ws_ros2/install/px4_msgs/include/px4_msgs/px4_msgs/msg/detail/vehicle_status__type_support.h\n'}
[0.924841] (px4_msgs) StdoutLine: {'line': b'-- Up-to-date: /home/nicolas/ws_ros2/install/px4_msgs/include/px4_msgs/px4_msgs/msg/detail/landing_gear__functions.c\n'}
[0.924879] (px4_msgs) StdoutLine: {'line': b'-- Up-to-date: /home/nicolas/ws_ros2/install/px4_msgs/include/px4_msgs/px4_msgs/msg/detail/vehicle_optical_flow_vel__type_support.h\n'}
[0.924918] (px4_msgs) StdoutLine: {'line': b'-- Up-to-date: /home/nicolas/ws_ros2/install/px4_msgs/include/px4_msgs/px4_msgs/msg/detail/follow_target__struct.h\n'}
[0.924956] (px4_msgs) StdoutLine: {'line': b'-- Up-to-date: /home/nicolas/ws_ros2/install/px4_msgs/include/px4_msgs/px4_msgs/msg/detail/sensor_gps__struct.h\n'}
[0.924994] (px4_msgs) StdoutLine: {'line': b'-- Up-to-date: /home/nicolas/ws_ros2/install/px4_msgs/include/px4_msgs/px4_msgs/msg/detail/radio_status__functions.c\n'}
[0.925048] (px4_msgs) StdoutLine: {'line': b'-- Up-to-date: /home/nicolas/ws_ros2/install/px4_msgs/include/px4_msgs/px4_msgs/msg/detail/cpuload__struct.h\n'}
[0.925089] (px4_msgs) StdoutLine: {'line': b'-- Up-to-date: /home/nicolas/ws_ros2/install/px4_msgs/include/px4_msgs/px4_msgs/msg/detail/vtol_vehicle_status__type_support.h\n'}
[0.925127] (px4_msgs) StdoutLine: {'line': b'-- Up-to-date: /home/nicolas/ws_ros2/install/px4_msgs/include/px4_msgs/px4_msgs/msg/detail/autotune_attitude_control_status__functions.c\n'}
[0.925167] (px4_msgs) StdoutLine: {'line': b'-- Up-to-date: /home/nicolas/ws_ros2/install/px4_msgs/include/px4_msgs/px4_msgs/msg/detail/sensor_gnss_relative__functions.c\n'}
[0.925277] (px4_msgs) StdoutLine: {'line': b'-- Up-to-date: /home/nicolas/ws_ros2/install/px4_msgs/include/px4_msgs/px4_msgs/msg/detail/fixed_wing_longitudinal_setpoint__type_support.h\n'}
[0.925318] (px4_msgs) StdoutLine: {'line': b'-- Up-to-date: /home/nicolas/ws_ros2/install/px4_msgs/include/px4_msgs/px4_msgs/msg/detail/sensor_accel__struct.h\n'}
[0.925481] (px4_msgs) StdoutLine: {'line': b'-- Up-to-date: /home/nicolas/ws_ros2/install/px4_msgs/include/px4_msgs/px4_msgs/msg/detail/internal_combustion_engine_status__struct.h\n'}
[0.925542] (px4_msgs) StdoutLine: {'line': b'-- Up-to-date: /home/nicolas/ws_ros2/install/px4_msgs/include/px4_msgs/px4_msgs/msg/detail/fixed_wing_runway_control__struct.h\n'}
[0.925585] (px4_msgs) StdoutLine: {'line': b'-- Up-to-date: /home/nicolas/ws_ros2/install/px4_msgs/include/px4_msgs/px4_msgs/msg/detail/magnetometer_bias_estimate__type_support.h\n'}
[0.925626] (px4_msgs) StdoutLine: {'line': b'-- Up-to-date: /home/nicolas/ws_ros2/install/px4_msgs/include/px4_msgs/px4_msgs/msg/detail/rover_rate_status__type_support.h\n'}
[0.925666] (px4_msgs) StdoutLine: {'line': b'-- Up-to-date: /home/nicolas/ws_ros2/install/px4_msgs/include/px4_msgs/px4_msgs/msg/detail/yaw_estimator_status__functions.h\n'}
[0.925706] (px4_msgs) StdoutLine: {'line': b'-- Up-to-date: /home/nicolas/ws_ros2/install/px4_msgs/include/px4_msgs/px4_msgs/msg/detail/landing_gear_wheel__functions.h\n'}
[0.925745] (px4_msgs) StdoutLine: {'line': b'-- Up-to-date: /home/nicolas/ws_ros2/install/px4_msgs/include/px4_msgs/px4_msgs/msg/detail/event__functions.c\n'}
[0.925783] (px4_msgs) StdoutLine: {'line': b'-- Up-to-date: /home/nicolas/ws_ros2/install/px4_msgs/include/px4_msgs/px4_msgs/msg/detail/logger_status__struct.h\n'}
[0.925821] (px4_msgs) StdoutLine: {'line': b'-- Up-to-date: /home/nicolas/ws_ros2/install/px4_msgs/include/px4_msgs/px4_msgs/msg/detail/sensor_baro__functions.h\n'}
[0.925859] (px4_msgs) StdoutLine: {'line': b'-- Up-to-date: /home/nicolas/ws_ros2/install/px4_msgs/include/px4_msgs/px4_msgs/msg/detail/camera_status__struct.h\n'}
[0.925898] (px4_msgs) StdoutLine: {'line': b'-- Up-to-date: /home/nicolas/ws_ros2/install/px4_msgs/include/px4_msgs/px4_msgs/msg/gpio_in.h\n'}
[0.925937] (px4_msgs) StdoutLine: {'line': b'-- Up-to-date: /home/nicolas/ws_ros2/install/px4_msgs/include/px4_msgs/px4_msgs/msg/internal_combustion_engine_status.h\n'}
[0.925977] (px4_msgs) StdoutLine: {'line': b'-- Up-to-date: /home/nicolas/ws_ros2/install/px4_msgs/include/px4_msgs/px4_msgs/msg/normalized_unsigned_setpoint.h\n'}
[0.926016] (px4_msgs) StdoutLine: {'line': b'-- Up-to-date: /home/nicolas/ws_ros2/install/px4_msgs/include/px4_msgs/px4_msgs/msg/vehicle_air_data.h\n'}
[0.926086] (px4_msgs) StdoutLine: {'line': b'-- Up-to-date: /home/nicolas/ws_ros2/install/px4_msgs/include/px4_msgs/px4_msgs/msg/sensor_gyro.h\n'}
[0.926401] (px4_msgs) StdoutLine: {'line': b'-- Up-to-date: /home/nicolas/ws_ros2/install/px4_msgs/include/px4_msgs/px4_msgs/msg/rc_channels.h\n'}
[0.926599] (px4_msgs) StdoutLine: {'line': b'-- Up-to-date: /home/nicolas/ws_ros2/install/px4_msgs/include/px4_msgs/px4_msgs/msg/rover_rate_setpoint.h\n'}
[0.926670] (px4_msgs) StdoutLine: {'line': b'-- Up-to-date: /home/nicolas/ws_ros2/install/px4_msgs/include/px4_msgs/px4_msgs/msg/failure_detector_status.h\n'}
[0.926731] (px4_msgs) StdoutLine: {'line': b'-- Up-to-date: /home/nicolas/ws_ros2/install/px4_msgs/include/px4_msgs/px4_msgs/msg/vehicle_command_ack.h\n'}
[0.926830] (px4_msgs) StdoutLine: {'line': b'-- Up-to-date: /home/nicolas/ws_ros2/install/px4_msgs/include/px4_msgs/px4_msgs/msg/adc_report.h\n'}
[0.926902] (px4_msgs) StdoutLine: {'line': b'-- Up-to-date: /home/nicolas/ws_ros2/install/px4_msgs/include/px4_msgs/px4_msgs/msg/vehicle_local_position_setpoint.h\n'}
[0.926965] (px4_msgs) StdoutLine: {'line': b'-- Up-to-date: /home/nicolas/ws_ros2/install/px4_msgs/include/px4_msgs/px4_msgs/msg/estimator_selector_status.h\n'}
[0.927029] (px4_msgs) StdoutLine: {'line': b'-- Up-to-date: /home/nicolas/ws_ros2/install/px4_msgs/include/px4_msgs/px4_msgs/msg/irlock_report.h\n'}
[0.927093] (px4_msgs) StdoutLine: {'line': b'-- Up-to-date: /home/nicolas/ws_ros2/install/px4_msgs/include/px4_msgs/px4_msgs/msg/obstacle_distance.h\n'}
[0.927197] (px4_msgs) StdoutLine: {'line': b'-- Up-to-date: /home/nicolas/ws_ros2/install/px4_msgs/include/px4_msgs/px4_msgs/msg/vehicle_rates_setpoint.h\n'}
[0.927246] (px4_msgs) StdoutLine: {'line': b'-- Up-to-date: /home/nicolas/ws_ros2/install/px4_msgs/include/px4_msgs/px4_msgs/msg/airspeed_wind.h\n'}
[0.927295] (px4_msgs) StdoutLine: {'line': b'-- Up-to-date: /home/nicolas/ws_ros2/install/px4_msgs/include/px4_msgs/px4_msgs/msg/uavcan_parameter_request.h\n'}
[0.927339] (px4_msgs) StdoutLine: {'line': b'-- Up-to-date: /home/nicolas/ws_ros2/install/px4_msgs/include/px4_msgs/px4_msgs/msg/rover_attitude_status.h\n'}
[0.927388] (px4_msgs) StdoutLine: {'line': b'-- Up-to-date: /home/nicolas/ws_ros2/install/px4_msgs/include/px4_msgs/px4_msgs/msg/geofence_result.h\n'}
[0.927449] (px4_msgs) StdoutLine: {'line': b'-- Up-to-date: /home/nicolas/ws_ros2/install/px4_msgs/include/px4_msgs/px4_msgs/msg/actuator_servos_trim.h\n'}
[0.927671] (px4_msgs) StdoutLine: {'line': b'-- Up-to-date: /home/nicolas/ws_ros2/install/px4_msgs/include/px4_msgs/px4_msgs/msg/vehicle_thrust_setpoint.h\n'}
[0.927723] (px4_msgs) StdoutLine: {'line': b'-- Up-to-date: /home/nicolas/ws_ros2/install/px4_msgs/include/px4_msgs/px4_msgs/msg/launch_detection_status.h\n'}
[0.927770] (px4_msgs) StdoutLine: {'line': b'-- Up-to-date: /home/nicolas/ws_ros2/install/px4_msgs/include/px4_msgs/px4_msgs/msg/landing_target_innovations.h\n'}
[0.927819] (px4_msgs) StdoutLine: {'line': b'-- Up-to-date: /home/nicolas/ws_ros2/install/px4_msgs/include/px4_msgs/px4_msgs/msg/rover_speed_status.h\n'}
[0.927929] (px4_msgs) StdoutLine: {'line': b'-- Up-to-date: /home/nicolas/ws_ros2/install/px4_msgs/include/px4_msgs/px4_msgs/msg/timesync_status.h\n'}
[0.927992] (px4_msgs) StdoutLine: {'line': b'-- Up-to-date: /home/nicolas/ws_ros2/install/px4_msgs/include/px4_msgs/px4_msgs/msg/health_report.h\n'}
[0.928038] (px4_msgs) StdoutLine: {'line': b'-- Up-to-date: /home/nicolas/ws_ros2/install/px4_msgs/include/px4_msgs/px4_msgs/msg/parameter_set_value_response.h\n'}
[0.928084] (px4_msgs) StdoutLine: {'line': b'-- Up-to-date: /home/nicolas/ws_ros2/install/px4_msgs/include/px4_msgs/px4_msgs/msg/rover_position_setpoint.h\n'}
[0.928125] (px4_msgs) StdoutLine: {'line': b'-- Up-to-date: /home/nicolas/ws_ros2/install/px4_msgs/include/px4_msgs/px4_msgs/msg/vehicle_status.h\n'}
[0.928164] (px4_msgs) StdoutLine: {'line': b'-- Up-to-date: /home/nicolas/ws_ros2/install/px4_msgs/include/px4_msgs/px4_msgs/msg/qshell_retval.h\n'}
[0.928205] (px4_msgs) StdoutLine: {'line': b'-- Up-to-date: /home/nicolas/ws_ros2/install/px4_msgs/include/px4_msgs/px4_msgs/msg/ping.h\n'}
[0.928245] (px4_msgs) StdoutLine: {'line': b'-- Up-to-date: /home/nicolas/ws_ros2/install/px4_msgs/include/px4_msgs/px4_msgs/msg/camera_trigger.h\n'}
[0.928284] (px4_msgs) StdoutLine: {'line': b'-- Up-to-date: /home/nicolas/ws_ros2/install/px4_msgs/include/px4_msgs/px4_msgs/msg/longitudinal_control_configuration.h\n'}
[0.928324] (px4_msgs) StdoutLine: {'line': b'-- Up-to-date: /home/nicolas/ws_ros2/install/px4_msgs/include/px4_msgs/px4_msgs/msg/figure_eight_status.h\n'}
[0.928364] (px4_msgs) StdoutLine: {'line': b'-- Up-to-date: /home/nicolas/ws_ros2/install/px4_msgs/include/px4_msgs/px4_msgs/msg/trajectory_setpoint6dof.h\n'}
[0.928421] (px4_msgs) StdoutLine: {'line': b'-- Up-to-date: /home/nicolas/ws_ros2/install/px4_msgs/include/px4_msgs/px4_msgs/msg/arming_check_request.h\n'}
[0.928529] (px4_msgs) StdoutLine: {'line': b'-- Up-to-date: /home/nicolas/ws_ros2/install/px4_msgs/include/px4_msgs/px4_msgs/msg/sensor_selection.h\n'}
[0.928575] (px4_msgs) StdoutLine: {'line': b'-- Up-to-date: /home/nicolas/ws_ros2/install/px4_msgs/include/px4_msgs/px4_msgs/msg/gimbal_device_information.h\n'}
[0.928619] (px4_msgs) StdoutLine: {'line': b'-- Up-to-date: /home/nicolas/ws_ros2/install/px4_msgs/include/px4_msgs/px4_msgs/msg/tecs_status.h\n'}
[0.928662] (px4_msgs) StdoutLine: {'line': b'-- Up-to-date: /home/nicolas/ws_ros2/install/px4_msgs/include/px4_msgs/px4_msgs/msg/position_controller_status.h\n'}
[0.928707] (px4_msgs) StdoutLine: {'line': b'-- Up-to-date: /home/nicolas/ws_ros2/install/px4_msgs/include/px4_msgs/px4_msgs/msg/takeoff_status.h\n'}
[0.928749] (px4_msgs) StdoutLine: {'line': b'-- Up-to-date: /home/nicolas/ws_ros2/install/px4_msgs/include/px4_msgs/px4_msgs/msg/gimbal_device_attitude_status.h\n'}
[0.928789] (px4_msgs) StdoutLine: {'line': b'-- Up-to-date: /home/nicolas/ws_ros2/install/px4_msgs/include/px4_msgs/px4_msgs/msg/vehicle_optical_flow_vel.h\n'}
[0.928828] (px4_msgs) StdoutLine: {'line': b'-- Up-to-date: /home/nicolas/ws_ros2/install/px4_msgs/include/px4_msgs/px4_msgs/msg/vehicle_magnetometer.h\n'}
[0.928990] (px4_msgs) StdoutLine: {'line': b'-- Up-to-date: /home/nicolas/ws_ros2/install/px4_msgs/include/px4_msgs/px4_msgs/msg/task_stack_info.h\n'}
[0.929035] (px4_msgs) StdoutLine: {'line': b'-- Up-to-date: /home/nicolas/ws_ros2/install/px4_msgs/include/px4_msgs/px4_msgs/msg/config_overrides.h\n'}
[0.929078] (px4_msgs) StdoutLine: {'line': b'-- Up-to-date: /home/nicolas/ws_ros2/install/px4_msgs/include/px4_msgs/px4_msgs/msg/rover_speed_setpoint.h\n'}
[0.929118] (px4_msgs) StdoutLine: {'line': b'-- Up-to-date: /home/nicolas/ws_ros2/install/px4_msgs/include/px4_msgs/px4_msgs/msg/tiltrotor_extra_controls.h\n'}
[0.929162] (px4_msgs) StdoutLine: {'line': b'-- Up-to-date: /home/nicolas/ws_ros2/install/px4_msgs/include/px4_msgs/px4_msgs/msg/vehicle_roi.h\n'}
[0.929201] (px4_msgs) StdoutLine: {'line': b'-- Up-to-date: /home/nicolas/ws_ros2/install/px4_msgs/include/px4_msgs/px4_msgs/msg/actuator_servos.h\n'}
[0.929240] (px4_msgs) StdoutLine: {'line': b'-- Up-to-date: /home/nicolas/ws_ros2/install/px4_msgs/include/px4_msgs/px4_msgs/msg/button_event.h\n'}
[0.929279] (px4_msgs) StdoutLine: {'line': b'-- Up-to-date: /home/nicolas/ws_ros2/install/px4_msgs/include/px4_msgs/px4_msgs/msg/gpio_config.h\n'}
[0.929318] (px4_msgs) StdoutLine: {'line': b'-- Up-to-date: /home/nicolas/ws_ros2/install/px4_msgs/include/px4_msgs/px4_msgs/msg/orb_test_large.h\n'}
[0.929356] (px4_msgs) StdoutLine: {'line': b'-- Up-to-date: /home/nicolas/ws_ros2/install/px4_msgs/include/px4_msgs/px4_msgs/msg/sensor_baro.h\n'}
[0.929397] (px4_msgs) StdoutLine: {'line': b'-- Up-to-date: /home/nicolas/ws_ros2/install/px4_msgs/include/px4_msgs/px4_msgs/msg/satellite_info.h\n'}
[0.929461] (px4_msgs) StdoutLine: {'line': b'-- Up-to-date: /home/nicolas/ws_ros2/install/px4_msgs/include/px4_msgs/px4_msgs/msg/estimator_bias.h\n'}
[0.929504] (px4_msgs) StdoutLine: {'line': b'-- Up-to-date: /home/nicolas/ws_ros2/install/px4_msgs/include/px4_msgs/px4_msgs/msg/open_drone_id_system.h\n'}
[0.929544] (px4_msgs) StdoutLine: {'line': b'-- Up-to-date: /home/nicolas/ws_ros2/install/px4_msgs/include/px4_msgs/px4_msgs/msg/register_ext_component_reply.h\n'}
[0.929585] (px4_msgs) StdoutLine: {'line': b'-- Up-to-date: /home/nicolas/ws_ros2/install/px4_msgs/include/px4_msgs/px4_msgs/msg/rosidl_generator_c__visibility_control.h\n'}
[0.929625] (px4_msgs) StdoutLine: {'line': b'-- Up-to-date: /home/nicolas/ws_ros2/install/px4_msgs/include/px4_msgs/px4_msgs/msg/fixed_wing_runway_control.h\n'}
[0.929731] (px4_msgs) StdoutLine: {'line': b'-- Up-to-date: /home/nicolas/ws_ros2/install/px4_msgs/include/px4_msgs/px4_msgs/msg/sensor_airflow.h\n'}
[0.929772] (px4_msgs) StdoutLine: {'line': b'-- Up-to-date: /home/nicolas/ws_ros2/install/px4_msgs/include/px4_msgs/px4_msgs/msg/sensor_preflight_mag.h\n'}
[0.929859] (px4_msgs) StdoutLine: {'line': b'-- Up-to-date: /home/nicolas/ws_ros2/install/px4_msgs/include/px4_msgs/px4_msgs/msg/estimator_states.h\n'}
[0.929903] (px4_msgs) StdoutLine: {'line': b'-- Up-to-date: /home/nicolas/ws_ros2/install/px4_msgs/include/px4_msgs/px4_msgs/msg/autotune_attitude_control_status.h\n'}
[0.929950] (px4_msgs) StdoutLine: {'line': b'-- Up-to-date: /home/nicolas/ws_ros2/install/px4_msgs/include/px4_msgs/px4_msgs/msg/uavcan_parameter_value.h\n'}
[0.929989] (px4_msgs) StdoutLine: {'line': b'-- Up-to-date: /home/nicolas/ws_ros2/install/px4_msgs/include/px4_msgs/px4_msgs/msg/vehicle_angular_velocity.h\n'}
[0.930028] (px4_msgs) StdoutLine: {'line': b'-- Up-to-date: /home/nicolas/ws_ros2/install/px4_msgs/include/px4_msgs/px4_msgs/msg/sensor_accel_fifo.h\n'}
[0.930067] (px4_msgs) StdoutLine: {'line': b'-- Up-to-date: /home/nicolas/ws_ros2/install/px4_msgs/include/px4_msgs/px4_msgs/msg/navigator_mission_item.h\n'}
[0.930107] (px4_msgs) StdoutLine: {'line': b'-- Up-to-date: /home/nicolas/ws_ros2/install/px4_msgs/include/px4_msgs/px4_msgs/msg/rover_attitude_setpoint.h\n'}
[0.930144] (px4_msgs) StdoutLine: {'line': b'-- Up-to-date: /home/nicolas/ws_ros2/install/px4_msgs/include/px4_msgs/px4_msgs/msg/estimator_bias3d.h\n'}
[0.930183] (px4_msgs) StdoutLine: {'line': b'-- Up-to-date: /home/nicolas/ws_ros2/install/px4_msgs/include/px4_msgs/px4_msgs/msg/logger_status.h\n'}
[0.930221] (px4_msgs) StdoutLine: {'line': b'-- Up-to-date: /home/nicolas/ws_ros2/install/px4_msgs/include/px4_msgs/px4_msgs/msg/estimator_aid_source2d.h\n'}
[0.930259] (px4_msgs) StdoutLine: {'line': b'-- Up-to-date: /home/nicolas/ws_ros2/install/px4_msgs/include/px4_msgs/px4_msgs/msg/cpuload.h\n'}
[0.930300] (px4_msgs) StdoutLine: {'line': b'-- Up-to-date: /home/nicolas/ws_ros2/install/px4_msgs/include/px4_msgs/px4_msgs/msg/sensor_gps.h\n'}
[0.930339] (px4_msgs) StdoutLine: {'line': b'-- Up-to-date: /home/nicolas/ws_ros2/install/px4_msgs/include/px4_msgs/px4_msgs/msg/trajectory_setpoint.h\n'}
[0.930404] (px4_msgs) StdoutLine: {'line': b'-- Up-to-date: /home/nicolas/ws_ros2/install/px4_msgs/include/px4_msgs/px4_msgs/msg/follow_target_estimator.h\n'}
[0.930610] (px4_msgs) StdoutLine: {'line': b'-- Up-to-date: /home/nicolas/ws_ros2/install/px4_msgs/include/px4_msgs/px4_msgs/msg/estimator_innovations.h\n'}
[0.930794] (px4_msgs) StdoutLine: {'line': b'-- Up-to-date: /home/nicolas/ws_ros2/install/px4_msgs/include/px4_msgs/px4_msgs/msg/debug_vect.h\n'}
[0.930904] (px4_msgs) StdoutLine: {'line': b'-- Up-to-date: /home/nicolas/ws_ros2/install/px4_msgs/include/px4_msgs/px4_msgs/msg/pure_pursuit_status.h\n'}
[0.930998] (px4_msgs) StdoutLine: {'line': b'-- Up-to-date: /home/nicolas/ws_ros2/install/px4_msgs/include/px4_msgs/px4_msgs/msg/estimator_event_flags.h\n'}
[0.931065] (px4_msgs) StdoutLine: {'line': b'-- Up-to-date: /home/nicolas/ws_ros2/install/px4_msgs/include/px4_msgs/px4_msgs/msg/sensor_gyro_fifo.h\n'}
[0.931439] (px4_msgs) StdoutLine: {'line': b'-- Up-to-date: /home/nicolas/ws_ros2/install/px4_msgs/include/px4_msgs/px4_msgs/msg/parameter_set_value_request.h\n'}
[0.931598] (px4_msgs) StdoutLine: {'line': b'-- Up-to-date: /home/nicolas/ws_ros2/install/px4_msgs/include/px4_msgs/px4_msgs/msg/rpm.h\n'}
[0.931681] (px4_msgs) StdoutLine: {'line': b'-- Up-to-date: /home/nicolas/ws_ros2/install/px4_msgs/include/px4_msgs/px4_msgs/msg/fixed_wing_lateral_setpoint.h\n'}
[0.931722] (px4_msgs) StdoutLine: {'line': b'-- Up-to-date: /home/nicolas/ws_ros2/install/px4_msgs/include/px4_msgs/px4_msgs/msg/geofence_status.h\n'}
[0.931761] (px4_msgs) StdoutLine: {'line': b'-- Up-to-date: /home/nicolas/ws_ros2/install/px4_msgs/include/px4_msgs/px4_msgs/msg/estimator_gps_status.h\n'}
[0.931798] (px4_msgs) StdoutLine: {'line': b'-- Up-to-date: /home/nicolas/ws_ros2/install/px4_msgs/include/px4_msgs/px4_msgs/msg/actuator_test.h\n'}
[0.931833] (px4_msgs) StdoutLine: {'line': b'-- Up-to-date: /home/nicolas/ws_ros2/install/px4_msgs/include/px4_msgs/px4_msgs/msg/landing_target_pose.h\n'}
[0.931877] (px4_msgs) StdoutLine: {'line': b'-- Up-to-date: /home/nicolas/ws_ros2/install/px4_msgs/include/px4_msgs/px4_msgs/msg/gripper.h\n'}
[0.931912] (px4_msgs) StdoutLine: {'line': b'-- Up-to-date: /home/nicolas/ws_ros2/install/px4_msgs/include/px4_msgs/px4_msgs/msg/gimbal_manager_set_attitude.h\n'}
[0.931947] (px4_msgs) StdoutLine: {'line': b'-- Up-to-date: /home/nicolas/ws_ros2/install/px4_msgs/include/px4_msgs/px4_msgs/msg/lateral_control_configuration.h\n'}
[0.931983] (px4_msgs) StdoutLine: {'line': b'-- Up-to-date: /home/nicolas/ws_ros2/install/px4_msgs/include/px4_msgs/px4_msgs/msg/transponder_report.h\n'}
[0.932017] (px4_msgs) StdoutLine: {'line': b'-- Up-to-date: /home/nicolas/ws_ros2/install/px4_msgs/include/px4_msgs/px4_msgs/msg/iridiumsbd_status.h\n'}
[0.932052] (px4_msgs) StdoutLine: {'line': b'-- Up-to-date: /home/nicolas/ws_ros2/install/px4_msgs/include/px4_msgs/px4_msgs/msg/tune_control.h\n'}
[0.932085] (px4_msgs) StdoutLine: {'line': b'-- Up-to-date: /home/nicolas/ws_ros2/install/px4_msgs/include/px4_msgs/px4_msgs/msg/velocity_limits.h\n'}
[0.932119] (px4_msgs) StdoutLine: {'line': b'-- Up-to-date: /home/nicolas/ws_ros2/install/px4_msgs/include/px4_msgs/px4_msgs/msg/internal_combustion_engine_control.h\n'}
[0.932157] (px4_msgs) StdoutLine: {'line': b'-- Up-to-date: /home/nicolas/ws_ros2/install/px4_msgs/include/px4_msgs/px4_msgs/msg/led_control.h\n'}
[0.932192] (px4_msgs) StdoutLine: {'line': b'-- Up-to-date: /home/nicolas/ws_ros2/install/px4_msgs/include/px4_msgs/px4_msgs/msg/vehicle_acceleration.h\n'}
[0.932226] (px4_msgs) StdoutLine: {'line': b'-- Up-to-date: /home/nicolas/ws_ros2/install/px4_msgs/include/px4_msgs/px4_msgs/msg/sensor_correction.h\n'}
[0.932261] (px4_msgs) StdoutLine: {'line': b'-- Up-to-date: /home/nicolas/ws_ros2/install/px4_msgs/include/px4_msgs/px4_msgs/msg/power_monitor.h\n'}
[0.932299] (px4_msgs) StdoutLine: {'line': b'-- Up-to-date: /home/nicolas/ws_ros2/install/px4_msgs/include/px4_msgs/px4_msgs/msg/vehicle_odometry.h\n'}
[0.932339] (px4_msgs) StdoutLine: {'line': b'-- Up-to-date: /home/nicolas/ws_ros2/install/px4_msgs/include/px4_msgs/px4_msgs/msg/esc_report.h\n'}
[0.932375] (px4_msgs) StdoutLine: {'line': b'-- Up-to-date: /home/nicolas/ws_ros2/install/px4_msgs/include/px4_msgs/px4_msgs/msg/log_message.h\n'}
[0.932412] (px4_msgs) StdoutLine: {'line': b'-- Up-to-date: /home/nicolas/ws_ros2/install/px4_msgs/include/px4_msgs/px4_msgs/msg/gimbal_controls.h\n'}
[0.932465] (px4_msgs) StdoutLine: {'line': b'-- Up-to-date: /home/nicolas/ws_ros2/install/px4_msgs/include/px4_msgs/px4_msgs/msg/failsafe_flags.h\n'}
[0.932532] (px4_msgs) StdoutLine: {'line': b'-- Up-to-date: /home/nicolas/ws_ros2/install/px4_msgs/include/px4_msgs/px4_msgs/msg/rtl_status.h\n'}
[0.932566] (px4_msgs) StdoutLine: {'line': b'-- Up-to-date: /home/nicolas/ws_ros2/install/px4_msgs/include/px4_msgs/px4_msgs/msg/sensor_combined.h\n'}
[0.932600] (px4_msgs) StdoutLine: {'line': b'-- Up-to-date: /home/nicolas/ws_ros2/install/px4_msgs/include/px4_msgs/px4_msgs/msg/magnetometer_bias_estimate.h\n'}
[0.932635] (px4_msgs) StdoutLine: {'line': b'-- Up-to-date: /home/nicolas/ws_ros2/install/px4_msgs/include/px4_msgs/px4_msgs/msg/action_request.h\n'}
[0.932667] (px4_msgs) StdoutLine: {'line': b'-- Up-to-date: /home/nicolas/ws_ros2/install/px4_msgs/include/px4_msgs/px4_msgs/msg/flight_phase_estimation.h\n'}
[0.932701] (px4_msgs) StdoutLine: {'line': b'-- Up-to-date: /home/nicolas/ws_ros2/install/px4_msgs/include/px4_msgs/px4_msgs/msg/open_drone_id_operator_id.h\n'}
[0.932734] (px4_msgs) StdoutLine: {'line': b'-- Up-to-date: /home/nicolas/ws_ros2/install/px4_msgs/include/px4_msgs/px4_msgs/msg/landing_gear_wheel.h\n'}
[0.932771] (px4_msgs) StdoutLine: {'line': b'-- Up-to-date: /home/nicolas/ws_ros2/install/px4_msgs/include/px4_msgs/px4_msgs/msg/orb_test_medium.h\n'}
[0.932809] (px4_msgs) StdoutLine: {'line': b'-- Up-to-date: /home/nicolas/ws_ros2/install/px4_msgs/include/px4_msgs/px4_msgs/msg/dronecan_node_status.h\n'}
[0.932847] (px4_msgs) StdoutLine: {'line': b'-- Up-to-date: /home/nicolas/ws_ros2/install/px4_msgs/include/px4_msgs/px4_msgs/msg/actuator_motors.h\n'}
[0.932910] (px4_msgs) StdoutLine: {'line': b'-- Up-to-date: /home/nicolas/ws_ros2/install/px4_msgs/include/px4_msgs/px4_msgs/msg/ulog_stream_ack.h\n'}
[0.932944] (px4_msgs) StdoutLine: {'line': b'-- Up-to-date: /home/nicolas/ws_ros2/install/px4_msgs/include/px4_msgs/px4_msgs/msg/gps_dump.h\n'}
[0.932977] (px4_msgs) StdoutLine: {'line': b'-- Up-to-date: /home/nicolas/ws_ros2/install/px4_msgs/include/px4_msgs/px4_msgs/msg/vehicle_local_position.h\n'}
[0.933013] (px4_msgs) StdoutLine: {'line': b'-- Up-to-date: /home/nicolas/ws_ros2/install/px4_msgs/include/px4_msgs/px4_msgs/msg/open_drone_id_self_id.h\n'}
[0.933049] (px4_msgs) StdoutLine: {'line': b'-- Up-to-date: /home/nicolas/ws_ros2/install/px4_msgs/include/px4_msgs/px4_msgs/msg/rtl_time_estimate.h\n'}
[0.933085] (px4_msgs) StdoutLine: {'line': b'-- Up-to-date: /home/nicolas/ws_ros2/install/px4_msgs/include/px4_msgs/px4_msgs/msg/open_drone_id_arm_status.h\n'}
[0.933120] (px4_msgs) StdoutLine: {'line': b'-- Up-to-date: /home/nicolas/ws_ros2/install/px4_msgs/include/px4_msgs/px4_msgs/msg/gimbal_manager_information.h\n'}
[0.933178] (px4_msgs) StdoutLine: {'line': b'-- Up-to-date: /home/nicolas/ws_ros2/install/px4_msgs/include/px4_msgs/px4_msgs/msg/event.h\n'}
[0.933212] (px4_msgs) StdoutLine: {'line': b'-- Up-to-date: /home/nicolas/ws_ros2/install/px4_msgs/include/px4_msgs/px4_msgs/msg/vehicle_attitude_setpoint.h\n'}
[0.933248] (px4_msgs) StdoutLine: {'line': b'-- Up-to-date: /home/nicolas/ws_ros2/install/px4_msgs/include/px4_msgs/px4_msgs/msg/camera_capture.h\n'}
[0.933287] (px4_msgs) StdoutLine: {'line': b'-- Up-to-date: /home/nicolas/ws_ros2/install/px4_msgs/include/px4_msgs/px4_msgs/msg/position_setpoint_triplet.h\n'}
[0.933326] (px4_msgs) StdoutLine: {'line': b'-- Up-to-date: /home/nicolas/ws_ros2/install/px4_msgs/include/px4_msgs/px4_msgs/msg/estimator_aid_source3d.h\n'}
[0.933364] (px4_msgs) StdoutLine: {'line': b'-- Up-to-date: /home/nicolas/ws_ros2/install/px4_msgs/include/px4_msgs/px4_msgs/msg/differential_pressure.h\n'}
[0.933401] (px4_msgs) StdoutLine: {'line': b'-- Up-to-date: /home/nicolas/ws_ros2/install/px4_msgs/include/px4_msgs/px4_msgs/msg/collision_constraints.h\n'}
[0.933441] (px4_msgs) StdoutLine: {'line': b'-- Up-to-date: /home/nicolas/ws_ros2/install/px4_msgs/include/px4_msgs/px4_msgs/msg/camera_status.h\n'}
[0.933479] (px4_msgs) StdoutLine: {'line': b'-- Up-to-date: /home/nicolas/ws_ros2/install/px4_msgs/include/px4_msgs/px4_msgs/msg/parameter_update.h\n'}
[0.933515] (px4_msgs) StdoutLine: {'line': b'-- Up-to-date: /home/nicolas/ws_ros2/install/px4_msgs/include/px4_msgs/px4_msgs/msg/vehicle_command.h\n'}
[0.933569] (px4_msgs) StdoutLine: {'line': b'-- Up-to-date: /home/nicolas/ws_ros2/install/px4_msgs/include/px4_msgs/px4_msgs/msg/heater_status.h\n'}
[0.933605] (px4_msgs) StdoutLine: {'line': b'-- Up-to-date: /home/nicolas/ws_ros2/install/px4_msgs/include/px4_msgs/px4_msgs/msg/vehicle_imu_status.h\n'}
[0.933640] (px4_msgs) StdoutLine: {'line': b'-- Up-to-date: /home/nicolas/ws_ros2/install/px4_msgs/include/px4_msgs/px4_msgs/msg/estimator_status_flags.h\n'}
[0.933676] (px4_msgs) StdoutLine: {'line': b'-- Up-to-date: /home/nicolas/ws_ros2/install/px4_msgs/include/px4_msgs/px4_msgs/msg/fixed_wing_lateral_status.h\n'}
[0.933712] (px4_msgs) StdoutLine: {'line': b'-- Up-to-date: /home/nicolas/ws_ros2/install/px4_msgs/include/px4_msgs/px4_msgs/msg/yaw_estimator_status.h\n'}
[0.933747] (px4_msgs) StdoutLine: {'line': b'-- Up-to-date: /home/nicolas/ws_ros2/install/px4_msgs/include/px4_msgs/px4_msgs/msg/navigator_status.h\n'}
[0.933787] (px4_msgs) StdoutLine: {'line': b'-- Up-to-date: /home/nicolas/ws_ros2/install/px4_msgs/include/px4_msgs/px4_msgs/msg/vehicle_global_position.h\n'}
[0.933821] (px4_msgs) StdoutLine: {'line': b'-- Up-to-date: /home/nicolas/ws_ros2/install/px4_msgs/include/px4_msgs/px4_msgs/msg/estimator_sensor_bias.h\n'}
[0.933855] (px4_msgs) StdoutLine: {'line': b'-- Up-to-date: /home/nicolas/ws_ros2/install/px4_msgs/include/px4_msgs/px4_msgs/msg/sensors_status_imu.h\n'}
[0.933935] (px4_msgs) StdoutLine: {'line': b'-- Up-to-date: /home/nicolas/ws_ros2/install/px4_msgs/include/px4_msgs/px4_msgs/msg/message_format_request.h\n'}
[0.933984] (px4_msgs) StdoutLine: {'line': b'-- Up-to-date: /home/nicolas/ws_ros2/install/px4_msgs/include/px4_msgs/px4_msgs/msg/sensor_uwb.h\n'}
[0.934020] (px4_msgs) StdoutLine: {'line': b'-- Up-to-date: /home/nicolas/ws_ros2/install/px4_msgs/include/px4_msgs/px4_msgs/msg/register_ext_component_request.h\n'}
[0.934055] (px4_msgs) StdoutLine: {'line': b'-- Up-to-date: /home/nicolas/ws_ros2/install/px4_msgs/include/px4_msgs/px4_msgs/msg/airspeed_validated.h\n'}
[0.934092] (px4_msgs) StdoutLine: {'line': b'-- Up-to-date: /home/nicolas/ws_ros2/install/px4_msgs/include/px4_msgs/px4_msgs/msg/sensor_mag.h\n'}
[0.934129] (px4_msgs) StdoutLine: {'line': b'-- Up-to-date: /home/nicolas/ws_ros2/install/px4_msgs/include/px4_msgs/px4_msgs/msg/generator_status.h\n'}
[0.934166] (px4_msgs) StdoutLine: {'line': b'-- Up-to-date: /home/nicolas/ws_ros2/install/px4_msgs/include/px4_msgs/px4_msgs/msg/mode_completed.h\n'}
[0.934370] (px4_msgs) StdoutLine: {'line': b'-- Up-to-date: /home/nicolas/ws_ros2/install/px4_msgs/include/px4_msgs/px4_msgs/msg/wheel_encoders.h\n'}
[0.934439] (px4_msgs) StdoutLine: {'line': b'-- Up-to-date: /home/nicolas/ws_ros2/install/px4_msgs/include/px4_msgs/px4_msgs/msg/ekf2_timestamps.h\n'}
[0.934510] (px4_msgs) StdoutLine: {'line': b'-- Up-to-date: /home/nicolas/ws_ros2/install/px4_msgs/include/px4_msgs/px4_msgs/msg/arming_check_reply.h\n'}
[0.934554] (px4_msgs) StdoutLine: {'line': b'-- Up-to-date: /home/nicolas/ws_ros2/install/px4_msgs/include/px4_msgs/px4_msgs/msg/mavlink_tunnel.h\n'}
[0.934593] (px4_msgs) StdoutLine: {'line': b'-- Up-to-date: /home/nicolas/ws_ros2/install/px4_msgs/include/px4_msgs/px4_msgs/msg/hover_thrust_estimate.h\n'}
[0.934631] (px4_msgs) StdoutLine: {'line': b'-- Up-to-date: /home/nicolas/ws_ros2/install/px4_msgs/share/px4_msgs/environment/library_path.sh\n'}
[0.934669] (px4_msgs) StdoutLine: {'line': b'-- Up-to-date: /home/nicolas/ws_ros2/install/px4_msgs/share/px4_msgs/environment/library_path.dsv\n'}
[0.934706] (px4_msgs) StdoutLine: {'line': b'-- Up-to-date: /home/nicolas/ws_ros2/install/px4_msgs/lib/libpx4_msgs__rosidl_generator_c.so\n'}
[0.934742] (px4_msgs) StdoutLine: {'line': b'-- Up-to-date: /home/nicolas/ws_ros2/install/px4_msgs/include/px4_msgs/px4_msgs\n'}
[0.934779] (px4_msgs) StdoutLine: {'line': b'-- Up-to-date: /home/nicolas/ws_ros2/install/px4_msgs/include/px4_msgs/px4_msgs/srv\n'}
[0.934815] (px4_msgs) StdoutLine: {'line': b'-- Up-to-date: /home/nicolas/ws_ros2/install/px4_msgs/include/px4_msgs/px4_msgs/srv/detail\n'}
[0.934851] (px4_msgs) StdoutLine: {'line': b'-- Up-to-date: /home/nicolas/ws_ros2/install/px4_msgs/include/px4_msgs/px4_msgs/srv/detail/vehicle_command__rosidl_typesupport_fastrtps_c.h\n'}
[0.934887] (px4_msgs) StdoutLine: {'line': b'-- Up-to-date: /home/nicolas/ws_ros2/install/px4_msgs/include/px4_msgs/px4_msgs/msg\n'}
[0.934923] (px4_msgs) StdoutLine: {'line': b'-- Up-to-date: /home/nicolas/ws_ros2/install/px4_msgs/include/px4_msgs/px4_msgs/msg/detail\n'}
[0.935090] (px4_msgs) StdoutLine: {'line': b'-- Up-to-date: /home/nicolas/ws_ros2/install/px4_msgs/include/px4_msgs/px4_msgs/msg/detail/onboard_computer_status__rosidl_typesupport_fastrtps_c.h\n'}
[0.935165] (px4_msgs) StdoutLine: {'line': b'-- Up-to-date: /home/nicolas/ws_ros2/install/px4_msgs/include/px4_msgs/px4_msgs/msg/detail/gpio_out__rosidl_typesupport_fastrtps_c.h\n'}
[0.935208] (px4_msgs) StdoutLine: {'line': b'-- Up-to-date: /home/nicolas/ws_ros2/install/px4_msgs/include/px4_msgs/px4_msgs/msg/detail/distance_sensor_mode_change_request__rosidl_typesupport_fastrtps_c.h\n'}
[0.935247] (px4_msgs) StdoutLine: {'line': b'-- Up-to-date: /home/nicolas/ws_ros2/install/px4_msgs/include/px4_msgs/px4_msgs/msg/detail/vtol_vehicle_status__rosidl_typesupport_fastrtps_c.h\n'}
[0.935284] (px4_msgs) StdoutLine: {'line': b'-- Up-to-date: /home/nicolas/ws_ros2/install/px4_msgs/include/px4_msgs/px4_msgs/msg/detail/estimator_sensor_bias__rosidl_typesupport_fastrtps_c.h\n'}
[0.935381] (px4_msgs) StdoutLine: {'line': b'-- Up-to-date: /home/nicolas/ws_ros2/install/px4_msgs/include/px4_msgs/px4_msgs/msg/detail/dataman_response__rosidl_typesupport_fastrtps_c.h\n'}
[0.935421] (px4_msgs) StdoutLine: {'line': b'-- Up-to-date: /home/nicolas/ws_ros2/install/px4_msgs/include/px4_msgs/px4_msgs/msg/detail/estimator_innovations__rosidl_typesupport_fastrtps_c.h\n'}
[0.935465] (px4_msgs) StdoutLine: {'line': b'-- Up-to-date: /home/nicolas/ws_ros2/install/px4_msgs/include/px4_msgs/px4_msgs/msg/detail/sensor_correction__rosidl_typesupport_fastrtps_c.h\n'}
[0.935503] (px4_msgs) StdoutLine: {'line': b'-- Up-to-date: /home/nicolas/ws_ros2/install/px4_msgs/include/px4_msgs/px4_msgs/msg/detail/offboard_control_mode__rosidl_typesupport_fastrtps_c.h\n'}
[0.935541] (px4_msgs) StdoutLine: {'line': b'-- Up-to-date: /home/nicolas/ws_ros2/install/px4_msgs/include/px4_msgs/px4_msgs/msg/detail/vehicle_control_mode__rosidl_typesupport_fastrtps_c.h\n'}
[0.935578] (px4_msgs) StdoutLine: {'line': b'-- Up-to-date: /home/nicolas/ws_ros2/install/px4_msgs/include/px4_msgs/px4_msgs/msg/detail/airspeed_validated__rosidl_typesupport_fastrtps_c.h\n'}
[0.935615] (px4_msgs) StdoutLine: {'line': b'-- Up-to-date: /home/nicolas/ws_ros2/install/px4_msgs/include/px4_msgs/px4_msgs/msg/detail/rover_rate_status__rosidl_typesupport_fastrtps_c.h\n'}
[0.935650] (px4_msgs) StdoutLine: {'line': b'-- Up-to-date: /home/nicolas/ws_ros2/install/px4_msgs/include/px4_msgs/px4_msgs/msg/detail/vehicle_angular_acceleration_setpoint__rosidl_typesupport_fastrtps_c.h\n'}
[0.935685] (px4_msgs) StdoutLine: {'line': b'-- Up-to-date: /home/nicolas/ws_ros2/install/px4_msgs/include/px4_msgs/px4_msgs/msg/detail/vehicle_acceleration__rosidl_typesupport_fastrtps_c.h\n'}
[0.935720] (px4_msgs) StdoutLine: {'line': b'-- Up-to-date: /home/nicolas/ws_ros2/install/px4_msgs/include/px4_msgs/px4_msgs/msg/detail/wheel_encoders__rosidl_typesupport_fastrtps_c.h\n'}
[0.935755] (px4_msgs) StdoutLine: {'line': b'-- Up-to-date: /home/nicolas/ws_ros2/install/px4_msgs/include/px4_msgs/px4_msgs/msg/detail/gimbal_manager_set_attitude__rosidl_typesupport_fastrtps_c.h\n'}
[0.935790] (px4_msgs) StdoutLine: {'line': b'-- Up-to-date: /home/nicolas/ws_ros2/install/px4_msgs/include/px4_msgs/px4_msgs/msg/detail/gpio_config__rosidl_typesupport_fastrtps_c.h\n'}
[0.935836] (px4_msgs) StdoutLine: {'line': b'-- Up-to-date: /home/nicolas/ws_ros2/install/px4_msgs/include/px4_msgs/px4_msgs/msg/detail/sensor_optical_flow__rosidl_typesupport_fastrtps_c.h\n'}
[0.935872] (px4_msgs) StdoutLine: {'line': b'-- Up-to-date: /home/nicolas/ws_ros2/install/px4_msgs/include/px4_msgs/px4_msgs/msg/detail/battery_status__rosidl_typesupport_fastrtps_c.h\n'}
[0.935907] (px4_msgs) StdoutLine: {'line': b'-- Up-to-date: /home/nicolas/ws_ros2/install/px4_msgs/include/px4_msgs/px4_msgs/msg/detail/power_button_state__rosidl_typesupport_fastrtps_c.h\n'}
[0.935942] (px4_msgs) StdoutLine: {'line': b'-- Up-to-date: /home/nicolas/ws_ros2/install/px4_msgs/include/px4_msgs/px4_msgs/msg/detail/estimator_status__rosidl_typesupport_fastrtps_c.h\n'}
[0.935977] (px4_msgs) StdoutLine: {'line': b'-- Up-to-date: /home/nicolas/ws_ros2/install/px4_msgs/include/px4_msgs/px4_msgs/msg/detail/unregister_ext_component__rosidl_typesupport_fastrtps_c.h\n'}
[0.936013] (px4_msgs) StdoutLine: {'line': b'-- Up-to-date: /home/nicolas/ws_ros2/install/px4_msgs/include/px4_msgs/px4_msgs/msg/detail/fixed_wing_lateral_status__rosidl_typesupport_fastrtps_c.h\n'}
[0.936046] (px4_msgs) StdoutLine: {'line': b'-- Up-to-date: /home/nicolas/ws_ros2/install/px4_msgs/include/px4_msgs/px4_msgs/msg/detail/vehicle_command_ack__rosidl_typesupport_fastrtps_c.h\n'}
[0.936080] (px4_msgs) StdoutLine: {'line': b'-- Up-to-date: /home/nicolas/ws_ros2/install/px4_msgs/include/px4_msgs/px4_msgs/msg/detail/register_ext_component_reply__rosidl_typesupport_fastrtps_c.h\n'}
[0.936115] (px4_msgs) StdoutLine: {'line': b'-- Up-to-date: /home/nicolas/ws_ros2/install/px4_msgs/include/px4_msgs/px4_msgs/msg/detail/dronecan_node_status__rosidl_typesupport_fastrtps_c.h\n'}
[0.936249] (px4_msgs) StdoutLine: {'line': b'-- Up-to-date: /home/nicolas/ws_ros2/install/px4_msgs/include/px4_msgs/px4_msgs/msg/detail/camera_trigger__rosidl_typesupport_fastrtps_c.h\n'}
[0.936287] (px4_msgs) StdoutLine: {'line': b'-- Up-to-date: /home/nicolas/ws_ros2/install/px4_msgs/include/px4_msgs/px4_msgs/msg/detail/rpm__rosidl_typesupport_fastrtps_c.h\n'}
[0.936444] (px4_msgs) StdoutLine: {'line': b'-- Up-to-date: /home/nicolas/ws_ros2/install/px4_msgs/include/px4_msgs/px4_msgs/msg/detail/debug_key_value__rosidl_typesupport_fastrtps_c.h\n'}
[0.936484] (px4_msgs) StdoutLine: {'line': b'-- Up-to-date: /home/nicolas/ws_ros2/install/px4_msgs/include/px4_msgs/px4_msgs/msg/detail/rtl_status__rosidl_typesupport_fastrtps_c.h\n'}
[0.936522] (px4_msgs) StdoutLine: {'line': b'-- Up-to-date: /home/nicolas/ws_ros2/install/px4_msgs/include/px4_msgs/px4_msgs/msg/detail/arming_check_request__rosidl_typesupport_fastrtps_c.h\n'}
[0.936559] (px4_msgs) StdoutLine: {'line': b'-- Up-to-date: /home/nicolas/ws_ros2/install/px4_msgs/include/px4_msgs/px4_msgs/msg/detail/vehicle_torque_setpoint__rosidl_typesupport_fastrtps_c.h\n'}
[0.936605] (px4_msgs) StdoutLine: {'line': b'-- Up-to-date: /home/nicolas/ws_ros2/install/px4_msgs/include/px4_msgs/px4_msgs/msg/detail/action_request__rosidl_typesupport_fastrtps_c.h\n'}
[0.936641] (px4_msgs) StdoutLine: {'line': b'-- Up-to-date: /home/nicolas/ws_ros2/install/px4_msgs/include/px4_msgs/px4_msgs/msg/detail/health_report__rosidl_typesupport_fastrtps_c.h\n'}
[0.936676] (px4_msgs) StdoutLine: {'line': b'-- Up-to-date: /home/nicolas/ws_ros2/install/px4_msgs/include/px4_msgs/px4_msgs/msg/detail/irlock_report__rosidl_typesupport_fastrtps_c.h\n'}
[0.936711] (px4_msgs) StdoutLine: {'line': b'-- Up-to-date: /home/nicolas/ws_ros2/install/px4_msgs/include/px4_msgs/px4_msgs/msg/detail/battery_info__rosidl_typesupport_fastrtps_c.h\n'}
[0.936745] (px4_msgs) StdoutLine: {'line': b'-- Up-to-date: /home/nicolas/ws_ros2/install/px4_msgs/include/px4_msgs/px4_msgs/msg/detail/landing_target_innovations__rosidl_typesupport_fastrtps_c.h\n'}
[0.936779] (px4_msgs) StdoutLine: {'line': b'-- Up-to-date: /home/nicolas/ws_ros2/install/px4_msgs/include/px4_msgs/px4_msgs/msg/detail/sensor_accel__rosidl_typesupport_fastrtps_c.h\n'}
[0.936811] (px4_msgs) StdoutLine: {'line': b'-- Up-to-date: /home/nicolas/ws_ros2/install/px4_msgs/include/px4_msgs/px4_msgs/msg/detail/actuator_motors__rosidl_typesupport_fastrtps_c.h\n'}
[0.936844] (px4_msgs) StdoutLine: {'line': b'-- Up-to-date: /home/nicolas/ws_ros2/install/px4_msgs/include/px4_msgs/px4_msgs/msg/detail/pwm_input__rosidl_typesupport_fastrtps_c.h\n'}
[0.936877] (px4_msgs) StdoutLine: {'line': b'-- Up-to-date: /home/nicolas/ws_ros2/install/px4_msgs/include/px4_msgs/px4_msgs/msg/detail/follow_target_estimator__rosidl_typesupport_fastrtps_c.h\n'}
[0.936910] (px4_msgs) StdoutLine: {'line': b'-- Up-to-date: /home/nicolas/ws_ros2/install/px4_msgs/include/px4_msgs/px4_msgs/msg/detail/gimbal_device_information__rosidl_typesupport_fastrtps_c.h\n'}
[0.936943] (px4_msgs) StdoutLine: {'line': b'-- Up-to-date: /home/nicolas/ws_ros2/install/px4_msgs/include/px4_msgs/px4_msgs/msg/detail/vehicle_optical_flow__rosidl_typesupport_fastrtps_c.h\n'}
[0.936976] (px4_msgs) StdoutLine: {'line': b'-- Up-to-date: /home/nicolas/ws_ros2/install/px4_msgs/include/px4_msgs/px4_msgs/msg/detail/gimbal_manager_information__rosidl_typesupport_fastrtps_c.h\n'}
[0.937009] (px4_msgs) StdoutLine: {'line': b'-- Up-to-date: /home/nicolas/ws_ros2/install/px4_msgs/include/px4_msgs/px4_msgs/msg/detail/trajectory_setpoint6dof__rosidl_typesupport_fastrtps_c.h\n'}
[0.937042] (px4_msgs) StdoutLine: {'line': b'-- Up-to-date: /home/nicolas/ws_ros2/install/px4_msgs/include/px4_msgs/px4_msgs/msg/detail/esc_report__rosidl_typesupport_fastrtps_c.h\n'}
[0.937075] (px4_msgs) StdoutLine: {'line': b'-- Up-to-date: /home/nicolas/ws_ros2/install/px4_msgs/include/px4_msgs/px4_msgs/msg/detail/mode_completed__rosidl_typesupport_fastrtps_c.h\n'}
[0.937108] (px4_msgs) StdoutLine: {'line': b'-- Up-to-date: /home/nicolas/ws_ros2/install/px4_msgs/include/px4_msgs/px4_msgs/msg/detail/dataman_request__rosidl_typesupport_fastrtps_c.h\n'}
[0.937173] (px4_msgs) StdoutLine: {'line': b'-- Up-to-date: /home/nicolas/ws_ros2/install/px4_msgs/include/px4_msgs/px4_msgs/msg/detail/sensor_uwb__rosidl_typesupport_fastrtps_c.h\n'}
[0.937208] (px4_msgs) StdoutLine: {'line': b'-- Up-to-date: /home/nicolas/ws_ros2/install/px4_msgs/include/px4_msgs/px4_msgs/msg/detail/timesync_status__rosidl_typesupport_fastrtps_c.h\n'}
[0.937241] (px4_msgs) StdoutLine: {'line': b'-- Up-to-date: /home/nicolas/ws_ros2/install/px4_msgs/include/px4_msgs/px4_msgs/msg/detail/rover_throttle_setpoint__rosidl_typesupport_fastrtps_c.h\n'}
[0.937274] (px4_msgs) StdoutLine: {'line': b'-- Up-to-date: /home/nicolas/ws_ros2/install/px4_msgs/include/px4_msgs/px4_msgs/msg/detail/heater_status__rosidl_typesupport_fastrtps_c.h\n'}
[0.937306] (px4_msgs) StdoutLine: {'line': b'-- Up-to-date: /home/nicolas/ws_ros2/install/px4_msgs/include/px4_msgs/px4_msgs/msg/detail/pps_capture__rosidl_typesupport_fastrtps_c.h\n'}
[0.937339] (px4_msgs) StdoutLine: {'line': b'-- Up-to-date: /home/nicolas/ws_ros2/install/px4_msgs/include/px4_msgs/px4_msgs/msg/detail/parameter_set_value_response__rosidl_typesupport_fastrtps_c.h\n'}
[0.937371] (px4_msgs) StdoutLine: {'line': b'-- Up-to-date: /home/nicolas/ws_ros2/install/px4_msgs/include/px4_msgs/px4_msgs/msg/detail/sensors_status__rosidl_typesupport_fastrtps_c.h\n'}
[0.937405] (px4_msgs) StdoutLine: {'line': b'-- Up-to-date: /home/nicolas/ws_ros2/install/px4_msgs/include/px4_msgs/px4_msgs/msg/detail/estimator_aid_source1d__rosidl_typesupport_fastrtps_c.h\n'}
[0.937441] (px4_msgs) StdoutLine: {'line': b'-- Up-to-date: /home/nicolas/ws_ros2/install/px4_msgs/include/px4_msgs/px4_msgs/msg/detail/distance_sensor__rosidl_typesupport_fastrtps_c.h\n'}
[0.937587] (px4_msgs) StdoutLine: {'line': b'-- Up-to-date: /home/nicolas/ws_ros2/install/px4_msgs/include/px4_msgs/px4_msgs/msg/detail/rate_ctrl_status__rosidl_typesupport_fastrtps_c.h\n'}
[0.937624] (px4_msgs) StdoutLine: {'line': b'-- Up-to-date: /home/nicolas/ws_ros2/install/px4_msgs/include/px4_msgs/px4_msgs/msg/detail/sensor_mag__rosidl_typesupport_fastrtps_c.h\n'}
[0.937704] (px4_msgs) StdoutLine: {'line': b'-- Up-to-date: /home/nicolas/ws_ros2/install/px4_msgs/include/px4_msgs/px4_msgs/msg/detail/rover_speed_status__rosidl_typesupport_fastrtps_c.h\n'}
[0.937737] (px4_msgs) StdoutLine: {'line': b'-- Up-to-date: /home/nicolas/ws_ros2/install/px4_msgs/include/px4_msgs/px4_msgs/msg/detail/log_message__rosidl_typesupport_fastrtps_c.h\n'}
[0.937771] (px4_msgs) StdoutLine: {'line': b'-- Up-to-date: /home/nicolas/ws_ros2/install/px4_msgs/include/px4_msgs/px4_msgs/msg/detail/open_drone_id_system__rosidl_typesupport_fastrtps_c.h\n'}
[0.937807] (px4_msgs) StdoutLine: {'line': b'-- Up-to-date: /home/nicolas/ws_ros2/install/px4_msgs/include/px4_msgs/px4_msgs/msg/detail/radio_status__rosidl_typesupport_fastrtps_c.h\n'}
[0.937845] (px4_msgs) StdoutLine: {'line': b'-- Up-to-date: /home/nicolas/ws_ros2/install/px4_msgs/include/px4_msgs/px4_msgs/msg/detail/sensor_baro__rosidl_typesupport_fastrtps_c.h\n'}
[0.937880] (px4_msgs) StdoutLine: {'line': b'-- Up-to-date: /home/nicolas/ws_ros2/install/px4_msgs/include/px4_msgs/px4_msgs/msg/detail/position_controller_landing_status__rosidl_typesupport_fastrtps_c.h\n'}
[0.937916] (px4_msgs) StdoutLine: {'line': b'-- Up-to-date: /home/nicolas/ws_ros2/install/px4_msgs/include/px4_msgs/px4_msgs/msg/detail/arming_check_reply__rosidl_typesupport_fastrtps_c.h\n'}
[0.937950] (px4_msgs) StdoutLine: {'line': b'-- Up-to-date: /home/nicolas/ws_ros2/install/px4_msgs/include/px4_msgs/px4_msgs/msg/detail/vehicle_angular_velocity__rosidl_typesupport_fastrtps_c.h\n'}
[0.937984] (px4_msgs) StdoutLine: {'line': b'-- Up-to-date: /home/nicolas/ws_ros2/install/px4_msgs/include/px4_msgs/px4_msgs/msg/detail/mavlink_tunnel__rosidl_typesupport_fastrtps_c.h\n'}
[0.938017] (px4_msgs) StdoutLine: {'line': b'-- Up-to-date: /home/nicolas/ws_ros2/install/px4_msgs/include/px4_msgs/px4_msgs/msg/detail/event__rosidl_typesupport_fastrtps_c.h\n'}
[0.938091] (px4_msgs) StdoutLine: {'line': b'-- Up-to-date: /home/nicolas/ws_ros2/install/px4_msgs/include/px4_msgs/px4_msgs/msg/detail/estimator_event_flags__rosidl_typesupport_fastrtps_c.h\n'}
[0.938128] (px4_msgs) StdoutLine: {'line': b'-- Up-to-date: /home/nicolas/ws_ros2/install/px4_msgs/include/px4_msgs/px4_msgs/msg/detail/ulog_stream_ack__rosidl_typesupport_fastrtps_c.h\n'}
[0.938179] (px4_msgs) StdoutLine: {'line': b'-- Up-to-date: /home/nicolas/ws_ros2/install/px4_msgs/include/px4_msgs/px4_msgs/msg/detail/obstacle_distance__rosidl_typesupport_fastrtps_c.h\n'}
[0.938222] (px4_msgs) StdoutLine: {'line': b'-- Up-to-date: /home/nicolas/ws_ros2/install/px4_msgs/include/px4_msgs/px4_msgs/msg/detail/tiltrotor_extra_controls__rosidl_typesupport_fastrtps_c.h\n'}
[0.938258] (px4_msgs) StdoutLine: {'line': b'-- Up-to-date: /home/nicolas/ws_ros2/install/px4_msgs/include/px4_msgs/px4_msgs/msg/detail/internal_combustion_engine_control__rosidl_typesupport_fastrtps_c.h\n'}
[0.938291] (px4_msgs) StdoutLine: {'line': b'-- Up-to-date: /home/nicolas/ws_ros2/install/px4_msgs/include/px4_msgs/px4_msgs/msg/detail/estimator_aid_source2d__rosidl_typesupport_fastrtps_c.h\n'}
[0.938326] (px4_msgs) StdoutLine: {'line': b'-- Up-to-date: /home/nicolas/ws_ros2/install/px4_msgs/include/px4_msgs/px4_msgs/msg/detail/sensor_gps__rosidl_typesupport_fastrtps_c.h\n'}
[0.938359] (px4_msgs) StdoutLine: {'line': b'-- Up-to-date: /home/nicolas/ws_ros2/install/px4_msgs/include/px4_msgs/px4_msgs/msg/detail/tune_control__rosidl_typesupport_fastrtps_c.h\n'}
[0.938394] (px4_msgs) StdoutLine: {'line': b'-- Up-to-date: /home/nicolas/ws_ros2/install/px4_msgs/include/px4_msgs/px4_msgs/msg/detail/autotune_attitude_control_status__rosidl_typesupport_fastrtps_c.h\n'}
[0.938435] (px4_msgs) StdoutLine: {'line': b'-- Up-to-date: /home/nicolas/ws_ros2/install/px4_msgs/include/px4_msgs/px4_msgs/msg/detail/rover_speed_setpoint__rosidl_typesupport_fastrtps_c.h\n'}
[0.938474] (px4_msgs) StdoutLine: {'line': b'-- Up-to-date: /home/nicolas/ws_ros2/install/px4_msgs/include/px4_msgs/px4_msgs/msg/detail/gps_inject_data__rosidl_typesupport_fastrtps_c.h\n'}
[0.938508] (px4_msgs) StdoutLine: {'line': b'-- Up-to-date: /home/nicolas/ws_ros2/install/px4_msgs/include/px4_msgs/px4_msgs/msg/detail/rover_position_setpoint__rosidl_typesupport_fastrtps_c.h\n'}
[0.938613] (px4_msgs) StdoutLine: {'line': b'-- Up-to-date: /home/nicolas/ws_ros2/install/px4_msgs/include/px4_msgs/px4_msgs/msg/detail/yaw_estimator_status__rosidl_typesupport_fastrtps_c.h\n'}
[0.938649] (px4_msgs) StdoutLine: {'line': b'-- Up-to-date: /home/nicolas/ws_ros2/install/px4_msgs/include/px4_msgs/px4_msgs/msg/detail/logger_status__rosidl_typesupport_fastrtps_c.h\n'}
[0.938684] (px4_msgs) StdoutLine: {'line': b'-- Up-to-date: /home/nicolas/ws_ros2/install/px4_msgs/include/px4_msgs/px4_msgs/msg/detail/sensor_gnss_status__rosidl_typesupport_fastrtps_c.h\n'}
[0.938718] (px4_msgs) StdoutLine: {'line': b'-- Up-to-date: /home/nicolas/ws_ros2/install/px4_msgs/include/px4_msgs/px4_msgs/msg/detail/input_rc__rosidl_typesupport_fastrtps_c.h\n'}
[0.938753] (px4_msgs) StdoutLine: {'line': b'-- Up-to-date: /home/nicolas/ws_ros2/install/px4_msgs/include/px4_msgs/px4_msgs/msg/detail/failsafe_flags__rosidl_typesupport_fastrtps_c.h\n'}
[0.938938] (px4_msgs) StdoutLine: {'line': b'-- Up-to-date: /home/nicolas/ws_ros2/install/px4_msgs/include/px4_msgs/px4_msgs/msg/detail/longitudinal_control_configuration__rosidl_typesupport_fastrtps_c.h\n'}
[0.938975] (px4_msgs) StdoutLine: {'line': b'-- Up-to-date: /home/nicolas/ws_ros2/install/px4_msgs/include/px4_msgs/px4_msgs/msg/detail/vehicle_attitude__rosidl_typesupport_fastrtps_c.h\n'}
[0.939010] (px4_msgs) StdoutLine: {'line': b'-- Up-to-date: /home/nicolas/ws_ros2/install/px4_msgs/include/px4_msgs/px4_msgs/msg/detail/estimator_bias__rosidl_typesupport_fastrtps_c.h\n'}
[0.939044] (px4_msgs) StdoutLine: {'line': b'-- Up-to-date: /home/nicolas/ws_ros2/install/px4_msgs/include/px4_msgs/px4_msgs/msg/detail/gimbal_controls__rosidl_typesupport_fastrtps_c.h\n'}
[0.939081] (px4_msgs) StdoutLine: {'line': b'-- Up-to-date: /home/nicolas/ws_ros2/install/px4_msgs/include/px4_msgs/px4_msgs/msg/detail/launch_detection_status__rosidl_typesupport_fastrtps_c.h\n'}
[0.939128] (px4_msgs) StdoutLine: {'line': b'-- Up-to-date: /home/nicolas/ws_ros2/install/px4_msgs/include/px4_msgs/px4_msgs/msg/detail/home_position__rosidl_typesupport_fastrtps_c.h\n'}
[0.939163] (px4_msgs) StdoutLine: {'line': b'-- Up-to-date: /home/nicolas/ws_ros2/install/px4_msgs/include/px4_msgs/px4_msgs/msg/detail/actuator_test__rosidl_typesupport_fastrtps_c.h\n'}
[0.939198] (px4_msgs) StdoutLine: {'line': b'-- Up-to-date: /home/nicolas/ws_ros2/install/px4_msgs/include/px4_msgs/px4_msgs/msg/detail/rc_channels__rosidl_typesupport_fastrtps_c.h\n'}
[0.939232] (px4_msgs) StdoutLine: {'line': b'-- Up-to-date: /home/nicolas/ws_ros2/install/px4_msgs/include/px4_msgs/px4_msgs/msg/detail/led_control__rosidl_typesupport_fastrtps_c.h\n'}
[0.939285] (px4_msgs) StdoutLine: {'line': b'-- Up-to-date: /home/nicolas/ws_ros2/install/px4_msgs/include/px4_msgs/px4_msgs/msg/detail/actuator_controls_status__rosidl_typesupport_fastrtps_c.h\n'}
[0.939330] (px4_msgs) StdoutLine: {'line': b'-- Up-to-date: /home/nicolas/ws_ros2/install/px4_msgs/include/px4_msgs/px4_msgs/msg/detail/estimator_gps_status__rosidl_typesupport_fastrtps_c.h\n'}
[0.939368] (px4_msgs) StdoutLine: {'line': b'-- Up-to-date: /home/nicolas/ws_ros2/install/px4_msgs/include/px4_msgs/px4_msgs/msg/detail/vehicle_roi__rosidl_typesupport_fastrtps_c.h\n'}
[0.939403] (px4_msgs) StdoutLine: {'line': b'-- Up-to-date: /home/nicolas/ws_ros2/install/px4_msgs/include/px4_msgs/px4_msgs/msg/detail/hover_thrust_estimate__rosidl_typesupport_fastrtps_c.h\n'}
[0.939446] (px4_msgs) StdoutLine: {'line': b'-- Up-to-date: /home/nicolas/ws_ros2/install/px4_msgs/include/px4_msgs/px4_msgs/msg/detail/estimator_states__rosidl_typesupport_fastrtps_c.h\n'}
[0.939485] (px4_msgs) StdoutLine: {'line': b'-- Up-to-date: /home/nicolas/ws_ros2/install/px4_msgs/include/px4_msgs/px4_msgs/msg/detail/tecs_status__rosidl_typesupport_fastrtps_c.h\n'}
[0.939521] (px4_msgs) StdoutLine: {'line': b'-- Up-to-date: /home/nicolas/ws_ros2/install/px4_msgs/include/px4_msgs/px4_msgs/msg/detail/lateral_control_configuration__rosidl_typesupport_fastrtps_c.h\n'}
[0.939557] (px4_msgs) StdoutLine: {'line': b'-- Up-to-date: /home/nicolas/ws_ros2/install/px4_msgs/include/px4_msgs/px4_msgs/msg/detail/parameter_set_used_request__rosidl_typesupport_fastrtps_c.h\n'}
[0.939592] (px4_msgs) StdoutLine: {'line': b'-- Up-to-date: /home/nicolas/ws_ros2/install/px4_msgs/include/px4_msgs/px4_msgs/msg/detail/position_controller_status__rosidl_typesupport_fastrtps_c.h\n'}
[0.939626] (px4_msgs) StdoutLine: {'line': b'-- Up-to-date: /home/nicolas/ws_ros2/install/px4_msgs/include/px4_msgs/px4_msgs/msg/detail/follow_target_status__rosidl_typesupport_fastrtps_c.h\n'}
[0.939661] (px4_msgs) StdoutLine: {'line': b'-- Up-to-date: /home/nicolas/ws_ros2/install/px4_msgs/include/px4_msgs/px4_msgs/msg/detail/landing_target_pose__rosidl_typesupport_fastrtps_c.h\n'}
[0.939695] (px4_msgs) StdoutLine: {'line': b'-- Up-to-date: /home/nicolas/ws_ros2/install/px4_msgs/include/px4_msgs/px4_msgs/msg/detail/uavcan_parameter_request__rosidl_typesupport_fastrtps_c.h\n'}
[0.939729] (px4_msgs) StdoutLine: {'line': b'-- Up-to-date: /home/nicolas/ws_ros2/install/px4_msgs/include/px4_msgs/px4_msgs/msg/detail/velocity_limits__rosidl_typesupport_fastrtps_c.h\n'}
[0.939763] (px4_msgs) StdoutLine: {'line': b'-- Up-to-date: /home/nicolas/ws_ros2/install/px4_msgs/include/px4_msgs/px4_msgs/msg/detail/generator_status__rosidl_typesupport_fastrtps_c.h\n'}
[0.939798] (px4_msgs) StdoutLine: {'line': b'-- Up-to-date: /home/nicolas/ws_ros2/install/px4_msgs/include/px4_msgs/px4_msgs/msg/detail/parameter_set_value_request__rosidl_typesupport_fastrtps_c.h\n'}
[0.939832] (px4_msgs) StdoutLine: {'line': b'-- Up-to-date: /home/nicolas/ws_ros2/install/px4_msgs/include/px4_msgs/px4_msgs/msg/detail/estimator_status_flags__rosidl_typesupport_fastrtps_c.h\n'}
[0.939867] (px4_msgs) StdoutLine: {'line': b'-- Up-to-date: /home/nicolas/ws_ros2/install/px4_msgs/include/px4_msgs/px4_msgs/msg/detail/button_event__rosidl_typesupport_fastrtps_c.h\n'}
[0.939934] (px4_msgs) StdoutLine: {'line': b'-- Up-to-date: /home/nicolas/ws_ros2/install/px4_msgs/include/px4_msgs/px4_msgs/msg/detail/goto_setpoint__rosidl_typesupport_fastrtps_c.h\n'}
[0.940040] (px4_msgs) StdoutLine: {'line': b'-- Up-to-date: /home/nicolas/ws_ros2/install/px4_msgs/include/px4_msgs/px4_msgs/msg/detail/estimator_bias3d__rosidl_typesupport_fastrtps_c.h\n'}
[0.940130] (px4_msgs) StdoutLine: {'line': b'-- Up-to-date: /home/nicolas/ws_ros2/install/px4_msgs/include/px4_msgs/px4_msgs/msg/detail/follow_target__rosidl_typesupport_fastrtps_c.h\n'}
[0.940165] (px4_msgs) StdoutLine: {'line': b'-- Up-to-date: /home/nicolas/ws_ros2/install/px4_msgs/include/px4_msgs/px4_msgs/msg/detail/trajectory_setpoint__rosidl_typesupport_fastrtps_c.h\n'}
[0.940197] (px4_msgs) StdoutLine: {'line': b'-- Up-to-date: /home/nicolas/ws_ros2/install/px4_msgs/include/px4_msgs/px4_msgs/msg/detail/vehicle_rates_setpoint__rosidl_typesupport_fastrtps_c.h\n'}
[0.940229] (px4_msgs) StdoutLine: {'line': b'-- Up-to-date: /home/nicolas/ws_ros2/install/px4_msgs/include/px4_msgs/px4_msgs/msg/detail/vehicle_command__rosidl_typesupport_fastrtps_c.h\n'}
[0.940261] (px4_msgs) StdoutLine: {'line': b'-- Up-to-date: /home/nicolas/ws_ros2/install/px4_msgs/include/px4_msgs/px4_msgs/msg/detail/satellite_info__rosidl_typesupport_fastrtps_c.h\n'}
[0.940292] (px4_msgs) StdoutLine: {'line': b'-- Up-to-date: /home/nicolas/ws_ros2/install/px4_msgs/include/px4_msgs/px4_msgs/msg/detail/figure_eight_status__rosidl_typesupport_fastrtps_c.h\n'}
[0.940324] (px4_msgs) StdoutLine: {'line': b'-- Up-to-date: /home/nicolas/ws_ros2/install/px4_msgs/include/px4_msgs/px4_msgs/msg/detail/sensor_gnss_relative__rosidl_typesupport_fastrtps_c.h\n'}
[0.940355] (px4_msgs) StdoutLine: {'line': b'-- Up-to-date: /home/nicolas/ws_ros2/install/px4_msgs/include/px4_msgs/px4_msgs/msg/detail/rc_parameter_map__rosidl_typesupport_fastrtps_c.h\n'}
[0.940391] (px4_msgs) StdoutLine: {'line': b'-- Up-to-date: /home/nicolas/ws_ros2/install/px4_msgs/include/px4_msgs/px4_msgs/msg/detail/qshell_req__rosidl_typesupport_fastrtps_c.h\n'}
[0.940425] (px4_msgs) StdoutLine: {'line': b'-- Up-to-date: /home/nicolas/ws_ros2/install/px4_msgs/include/px4_msgs/px4_msgs/msg/detail/vehicle_land_detected__rosidl_typesupport_fastrtps_c.h\n'}
[0.940463] (px4_msgs) StdoutLine: {'line': b'-- Up-to-date: /home/nicolas/ws_ros2/install/px4_msgs/include/px4_msgs/px4_msgs/msg/detail/vehicle_odometry__rosidl_typesupport_fastrtps_c.h\n'}
[0.940496] (px4_msgs) StdoutLine: {'line': b'-- Up-to-date: /home/nicolas/ws_ros2/install/px4_msgs/include/px4_msgs/px4_msgs/msg/detail/vehicle_local_position__rosidl_typesupport_fastrtps_c.h\n'}
[0.940529] (px4_msgs) StdoutLine: {'line': b'-- Up-to-date: /home/nicolas/ws_ros2/install/px4_msgs/include/px4_msgs/px4_msgs/msg/detail/failure_detector_status__rosidl_typesupport_fastrtps_c.h\n'}
[0.940561] (px4_msgs) StdoutLine: {'line': b'-- Up-to-date: /home/nicolas/ws_ros2/install/px4_msgs/include/px4_msgs/px4_msgs/msg/detail/adc_report__rosidl_typesupport_fastrtps_c.h\n'}
[0.940594] (px4_msgs) StdoutLine: {'line': b'-- Up-to-date: /home/nicolas/ws_ros2/install/px4_msgs/include/px4_msgs/px4_msgs/msg/detail/vehicle_status__rosidl_typesupport_fastrtps_c.h\n'}
[0.940628] (px4_msgs) StdoutLine: {'line': b'-- Up-to-date: /home/nicolas/ws_ros2/install/px4_msgs/include/px4_msgs/px4_msgs/msg/detail/manual_control_setpoint__rosidl_typesupport_fastrtps_c.h\n'}
[0.940660] (px4_msgs) StdoutLine: {'line': b'-- Up-to-date: /home/nicolas/ws_ros2/install/px4_msgs/include/px4_msgs/px4_msgs/msg/detail/control_allocator_status__rosidl_typesupport_fastrtps_c.h\n'}
[0.940694] (px4_msgs) StdoutLine: {'line': b'-- Up-to-date: /home/nicolas/ws_ros2/install/px4_msgs/include/px4_msgs/px4_msgs/msg/detail/debug_array__rosidl_typesupport_fastrtps_c.h\n'}
[0.940728] (px4_msgs) StdoutLine: {'line': b'-- Up-to-date: /home/nicolas/ws_ros2/install/px4_msgs/include/px4_msgs/px4_msgs/msg/detail/register_ext_component_request__rosidl_typesupport_fastrtps_c.h\n'}
[0.940768] (px4_msgs) StdoutLine: {'line': b'-- Up-to-date: /home/nicolas/ws_ros2/install/px4_msgs/include/px4_msgs/px4_msgs/msg/detail/vehicle_imu_status__rosidl_typesupport_fastrtps_c.h\n'}
[0.940802] (px4_msgs) StdoutLine: {'line': b'-- Up-to-date: /home/nicolas/ws_ros2/install/px4_msgs/include/px4_msgs/px4_msgs/msg/detail/uavcan_parameter_value__rosidl_typesupport_fastrtps_c.h\n'}
[0.940835] (px4_msgs) StdoutLine: {'line': b'-- Up-to-date: /home/nicolas/ws_ros2/install/px4_msgs/include/px4_msgs/px4_msgs/msg/detail/vehicle_constraints__rosidl_typesupport_fastrtps_c.h\n'}
[0.940868] (px4_msgs) StdoutLine: {'line': b'-- Up-to-date: /home/nicolas/ws_ros2/install/px4_msgs/include/px4_msgs/px4_msgs/msg/detail/ulog_stream__rosidl_typesupport_fastrtps_c.h\n'}
[0.940901] (px4_msgs) StdoutLine: {'line': b'-- Up-to-date: /home/nicolas/ws_ros2/install/px4_msgs/include/px4_msgs/px4_msgs/msg/detail/mount_orientation__rosidl_typesupport_fastrtps_c.h\n'}
[0.940933] (px4_msgs) StdoutLine: {'line': b'-- Up-to-date: /home/nicolas/ws_ros2/install/px4_msgs/include/px4_msgs/px4_msgs/msg/detail/open_drone_id_arm_status__rosidl_typesupport_fastrtps_c.h\n'}
[0.940966] (px4_msgs) StdoutLine: {'line': b'-- Up-to-date: /home/nicolas/ws_ros2/install/px4_msgs/include/px4_msgs/px4_msgs/msg/detail/ping__rosidl_typesupport_fastrtps_c.h\n'}
[0.941001] (px4_msgs) StdoutLine: {'line': b'-- Up-to-date: /home/nicolas/ws_ros2/install/px4_msgs/include/px4_msgs/px4_msgs/msg/detail/sensor_gyro_fft__rosidl_typesupport_fastrtps_c.h\n'}
[0.941034] (px4_msgs) StdoutLine: {'line': b'-- Up-to-date: /home/nicolas/ws_ros2/install/px4_msgs/include/px4_msgs/px4_msgs/msg/detail/actuator_servos_trim__rosidl_typesupport_fastrtps_c.h\n'}
[0.941066] (px4_msgs) StdoutLine: {'line': b'-- Up-to-date: /home/nicolas/ws_ros2/install/px4_msgs/include/px4_msgs/px4_msgs/msg/detail/takeoff_status__rosidl_typesupport_fastrtps_c.h\n'}
[0.941104] (px4_msgs) StdoutLine: {'line': b'-- Up-to-date: /home/nicolas/ws_ros2/install/px4_msgs/include/px4_msgs/px4_msgs/msg/detail/sensor_combined__rosidl_typesupport_fastrtps_c.h\n'}
[0.941137] (px4_msgs) StdoutLine: {'line': b'-- Up-to-date: /home/nicolas/ws_ros2/install/px4_msgs/include/px4_msgs/px4_msgs/msg/detail/neural_control__rosidl_typesupport_fastrtps_c.h\n'}
[0.941177] (px4_msgs) StdoutLine: {'line': b'-- Up-to-date: /home/nicolas/ws_ros2/install/px4_msgs/include/px4_msgs/px4_msgs/msg/detail/camera_status__rosidl_typesupport_fastrtps_c.h\n'}
[0.941211] (px4_msgs) StdoutLine: {'line': b'-- Up-to-date: /home/nicolas/ws_ros2/install/px4_msgs/include/px4_msgs/px4_msgs/msg/detail/px4io_status__rosidl_typesupport_fastrtps_c.h\n'}
[0.941243] (px4_msgs) StdoutLine: {'line': b'-- Up-to-date: /home/nicolas/ws_ros2/install/px4_msgs/include/px4_msgs/px4_msgs/msg/detail/pure_pursuit_status__rosidl_typesupport_fastrtps_c.h\n'}
[0.941275] (px4_msgs) StdoutLine: {'line': b'-- Up-to-date: /home/nicolas/ws_ros2/install/px4_msgs/include/px4_msgs/px4_msgs/msg/detail/magnetometer_bias_estimate__rosidl_typesupport_fastrtps_c.h\n'}
[0.941307] (px4_msgs) StdoutLine: {'line': b'-- Up-to-date: /home/nicolas/ws_ros2/install/px4_msgs/include/px4_msgs/px4_msgs/msg/detail/estimator_selector_status__rosidl_typesupport_fastrtps_c.h\n'}
[0.941339] (px4_msgs) StdoutLine: {'line': b'-- Up-to-date: /home/nicolas/ws_ros2/install/px4_msgs/include/px4_msgs/px4_msgs/msg/detail/gimbal_device_attitude_status__rosidl_typesupport_fastrtps_c.h\n'}
[0.941372] (px4_msgs) StdoutLine: {'line': b'-- Up-to-date: /home/nicolas/ws_ros2/install/px4_msgs/include/px4_msgs/px4_msgs/msg/detail/sensor_accel_fifo__rosidl_typesupport_fastrtps_c.h\n'}
[0.941405] (px4_msgs) StdoutLine: {'line': b'-- Up-to-date: /home/nicolas/ws_ros2/install/px4_msgs/include/px4_msgs/px4_msgs/msg/detail/navigator_mission_item__rosidl_typesupport_fastrtps_c.h\n'}
[0.941440] (px4_msgs) StdoutLine: {'line': b'-- Up-to-date: /home/nicolas/ws_ros2/install/px4_msgs/include/px4_msgs/px4_msgs/msg/detail/ekf2_timestamps__rosidl_typesupport_fastrtps_c.h\n'}
[0.941476] (px4_msgs) StdoutLine: {'line': b'-- Up-to-date: /home/nicolas/ws_ros2/install/px4_msgs/include/px4_msgs/px4_msgs/msg/detail/rover_attitude_setpoint__rosidl_typesupport_fastrtps_c.h\n'}
[0.941515] (px4_msgs) StdoutLine: {'line': b'-- Up-to-date: /home/nicolas/ws_ros2/install/px4_msgs/include/px4_msgs/px4_msgs/msg/detail/gimbal_manager_set_manual_control__rosidl_typesupport_fastrtps_c.h\n'}
[0.941549] (px4_msgs) StdoutLine: {'line': b'-- Up-to-date: /home/nicolas/ws_ros2/install/px4_msgs/include/px4_msgs/px4_msgs/msg/detail/orbit_status__rosidl_typesupport_fastrtps_c.h\n'}
[0.941582] (px4_msgs) StdoutLine: {'line': b'-- Up-to-date: /home/nicolas/ws_ros2/install/px4_msgs/include/px4_msgs/px4_msgs/msg/detail/actuator_outputs__rosidl_typesupport_fastrtps_c.h\n'}
[0.941614] (px4_msgs) StdoutLine: {'line': b'-- Up-to-date: /home/nicolas/ws_ros2/install/px4_msgs/include/px4_msgs/px4_msgs/msg/detail/internal_combustion_engine_status__rosidl_typesupport_fastrtps_c.h\n'}
[0.941647] (px4_msgs) StdoutLine: {'line': b'-- Up-to-date: /home/nicolas/ws_ros2/install/px4_msgs/include/px4_msgs/px4_msgs/msg/detail/vehicle_air_data__rosidl_typesupport_fastrtps_c.h\n'}
[0.941680] (px4_msgs) StdoutLine: {'line': b'-- Up-to-date: /home/nicolas/ws_ros2/install/px4_msgs/include/px4_msgs/px4_msgs/msg/detail/transponder_report__rosidl_typesupport_fastrtps_c.h\n'}
[0.941713] (px4_msgs) StdoutLine: {'line': b'-- Up-to-date: /home/nicolas/ws_ros2/install/px4_msgs/include/px4_msgs/px4_msgs/msg/detail/power_monitor__rosidl_typesupport_fastrtps_c.h\n'}
[0.941745] (px4_msgs) StdoutLine: {'line': b'-- Up-to-date: /home/nicolas/ws_ros2/install/px4_msgs/include/px4_msgs/px4_msgs/msg/detail/mission__rosidl_typesupport_fastrtps_c.h\n'}
[0.941777] (px4_msgs) StdoutLine: {'line': b'-- Up-to-date: /home/nicolas/ws_ros2/install/px4_msgs/include/px4_msgs/px4_msgs/msg/detail/estimator_aid_source3d__rosidl_typesupport_fastrtps_c.h\n'}
[0.941809] (px4_msgs) StdoutLine: {'line': b'-- Up-to-date: /home/nicolas/ws_ros2/install/px4_msgs/include/px4_msgs/px4_msgs/msg/detail/geofence_result__rosidl_typesupport_fastrtps_c.h\n'}
[0.941842] (px4_msgs) StdoutLine: {'line': b'-- Up-to-date: /home/nicolas/ws_ros2/install/px4_msgs/include/px4_msgs/px4_msgs/msg/detail/sensor_airflow__rosidl_typesupport_fastrtps_c.h\n'}
[0.941873] (px4_msgs) StdoutLine: {'line': b'-- Up-to-date: /home/nicolas/ws_ros2/install/px4_msgs/include/px4_msgs/px4_msgs/msg/detail/vehicle_imu__rosidl_typesupport_fastrtps_c.h\n'}
[0.941908] (px4_msgs) StdoutLine: {'line': b'-- Up-to-date: /home/nicolas/ws_ros2/install/px4_msgs/include/px4_msgs/px4_msgs/msg/detail/flight_phase_estimation__rosidl_typesupport_fastrtps_c.h\n'}
[0.941941] (px4_msgs) StdoutLine: {'line': b'-- Up-to-date: /home/nicolas/ws_ros2/install/px4_msgs/include/px4_msgs/px4_msgs/msg/detail/cellular_status__rosidl_typesupport_fastrtps_c.h\n'}
[0.941974] (px4_msgs) StdoutLine: {'line': b'-- Up-to-date: /home/nicolas/ws_ros2/install/px4_msgs/include/px4_msgs/px4_msgs/msg/detail/open_drone_id_self_id__rosidl_typesupport_fastrtps_c.h\n'}
[0.942008] (px4_msgs) StdoutLine: {'line': b'-- Up-to-date: /home/nicolas/ws_ros2/install/px4_msgs/include/px4_msgs/px4_msgs/msg/detail/mag_worker_data__rosidl_typesupport_fastrtps_c.h\n'}
[0.942041] (px4_msgs) StdoutLine: {'line': b'-- Up-to-date: /home/nicolas/ws_ros2/install/px4_msgs/include/px4_msgs/px4_msgs/msg/detail/orb_test__rosidl_typesupport_fastrtps_c.h\n'}
[0.942078] (px4_msgs) StdoutLine: {'line': b'-- Up-to-date: /home/nicolas/ws_ros2/install/px4_msgs/include/px4_msgs/px4_msgs/msg/detail/gimbal_manager_status__rosidl_typesupport_fastrtps_c.h\n'}
[0.942120] (px4_msgs) StdoutLine: {'line': b'-- Up-to-date: /home/nicolas/ws_ros2/install/px4_msgs/include/px4_msgs/px4_msgs/msg/detail/can_interface_status__rosidl_typesupport_fastrtps_c.h\n'}
[0.942160] (px4_msgs) StdoutLine: {'line': b'-- Up-to-date: /home/nicolas/ws_ros2/install/px4_msgs/include/px4_msgs/px4_msgs/msg/detail/manual_control_switches__rosidl_typesupport_fastrtps_c.h\n'}
[0.942194] (px4_msgs) StdoutLine: {'line': b'-- Up-to-date: /home/nicolas/ws_ros2/install/px4_msgs/include/px4_msgs/px4_msgs/msg/detail/rover_steering_setpoint__rosidl_typesupport_fastrtps_c.h\n'}
[0.942233] (px4_msgs) StdoutLine: {'line': b'-- Up-to-date: /home/nicolas/ws_ros2/install/px4_msgs/include/px4_msgs/px4_msgs/msg/detail/fuel_tank_status__rosidl_typesupport_fastrtps_c.h\n'}
[0.942269] (px4_msgs) StdoutLine: {'line': b'-- Up-to-date: /home/nicolas/ws_ros2/install/px4_msgs/include/px4_msgs/px4_msgs/msg/detail/navigator_status__rosidl_typesupport_fastrtps_c.h\n'}
[0.942301] (px4_msgs) StdoutLine: {'line': b'-- Up-to-date: /home/nicolas/ws_ros2/install/px4_msgs/include/px4_msgs/px4_msgs/msg/detail/vehicle_global_position__rosidl_typesupport_fastrtps_c.h\n'}
[0.942333] (px4_msgs) StdoutLine: {'line': b'-- Up-to-date: /home/nicolas/ws_ros2/install/px4_msgs/include/px4_msgs/px4_msgs/msg/detail/gpio_request__rosidl_typesupport_fastrtps_c.h\n'}
[0.942365] (px4_msgs) StdoutLine: {'line': b'-- Up-to-date: /home/nicolas/ws_ros2/install/px4_msgs/include/px4_msgs/px4_msgs/msg/detail/camera_capture__rosidl_typesupport_fastrtps_c.h\n'}
[0.942397] (px4_msgs) StdoutLine: {'line': b'-- Up-to-date: /home/nicolas/ws_ros2/install/px4_msgs/include/px4_msgs/px4_msgs/msg/detail/vehicle_local_position_setpoint__rosidl_typesupport_fastrtps_c.h\n'}
[0.942434] (px4_msgs) StdoutLine: {'line': b'-- Up-to-date: /home/nicolas/ws_ros2/install/px4_msgs/include/px4_msgs/px4_msgs/msg/detail/mission_result__rosidl_typesupport_fastrtps_c.h\n'}
[0.942470] (px4_msgs) StdoutLine: {'line': b'-- Up-to-date: /home/nicolas/ws_ros2/install/px4_msgs/include/px4_msgs/px4_msgs/msg/detail/position_setpoint__rosidl_typesupport_fastrtps_c.h\n'}
[0.942503] (px4_msgs) StdoutLine: {'line': b'-- Up-to-date: /home/nicolas/ws_ros2/install/px4_msgs/include/px4_msgs/px4_msgs/msg/detail/airspeed__rosidl_typesupport_fastrtps_c.h\n'}
[0.942536] (px4_msgs) StdoutLine: {'line': b'-- Up-to-date: /home/nicolas/ws_ros2/install/px4_msgs/include/px4_msgs/px4_msgs/msg/detail/normalized_unsigned_setpoint__rosidl_typesupport_fastrtps_c.h\n'}
[0.942568] (px4_msgs) StdoutLine: {'line': b'-- Up-to-date: /home/nicolas/ws_ros2/install/px4_msgs/include/px4_msgs/px4_msgs/msg/detail/actuator_servos__rosidl_typesupport_fastrtps_c.h\n'}
[0.942601] (px4_msgs) StdoutLine: {'line': b'-- Up-to-date: /home/nicolas/ws_ros2/install/px4_msgs/include/px4_msgs/px4_msgs/msg/detail/vehicle_thrust_setpoint__rosidl_typesupport_fastrtps_c.h\n'}
[0.942634] (px4_msgs) StdoutLine: {'line': b'-- Up-to-date: /home/nicolas/ws_ros2/install/px4_msgs/include/px4_msgs/px4_msgs/msg/detail/gimbal_device_set_attitude__rosidl_typesupport_fastrtps_c.h\n'}
[0.942668] (px4_msgs) StdoutLine: {'line': b'-- Up-to-date: /home/nicolas/ws_ros2/install/px4_msgs/include/px4_msgs/px4_msgs/msg/detail/sensors_status_imu__rosidl_typesupport_fastrtps_c.h\n'}
[0.942700] (px4_msgs) StdoutLine: {'line': b'-- Up-to-date: /home/nicolas/ws_ros2/install/px4_msgs/include/px4_msgs/px4_msgs/msg/detail/landing_gear__rosidl_typesupport_fastrtps_c.h\n'}
[0.942732] (px4_msgs) StdoutLine: {'line': b'-- Up-to-date: /home/nicolas/ws_ros2/install/px4_msgs/include/px4_msgs/px4_msgs/msg/detail/wind__rosidl_typesupport_fastrtps_c.h\n'}
[0.942764] (px4_msgs) StdoutLine: {'line': b'-- Up-to-date: /home/nicolas/ws_ros2/install/px4_msgs/include/px4_msgs/px4_msgs/msg/detail/parameter_reset_request__rosidl_typesupport_fastrtps_c.h\n'}
[0.942798] (px4_msgs) StdoutLine: {'line': b'-- Up-to-date: /home/nicolas/ws_ros2/install/px4_msgs/include/px4_msgs/px4_msgs/msg/detail/open_drone_id_operator_id__rosidl_typesupport_fastrtps_c.h\n'}
[0.942834] (px4_msgs) StdoutLine: {'line': b'-- Up-to-date: /home/nicolas/ws_ros2/install/px4_msgs/include/px4_msgs/px4_msgs/msg/detail/airspeed_wind__rosidl_typesupport_fastrtps_c.h\n'}
[0.942866] (px4_msgs) StdoutLine: {'line': b'-- Up-to-date: /home/nicolas/ws_ros2/install/px4_msgs/include/px4_msgs/px4_msgs/msg/detail/sensor_gyro__rosidl_typesupport_fastrtps_c.h\n'}
[0.942898] (px4_msgs) StdoutLine: {'line': b'-- Up-to-date: /home/nicolas/ws_ros2/install/px4_msgs/include/px4_msgs/px4_msgs/msg/detail/sensor_preflight_mag__rosidl_typesupport_fastrtps_c.h\n'}
[0.942933] (px4_msgs) StdoutLine: {'line': b'-- Up-to-date: /home/nicolas/ws_ros2/install/px4_msgs/include/px4_msgs/px4_msgs/msg/detail/sensor_gyro_fifo__rosidl_typesupport_fastrtps_c.h\n'}
[0.942966] (px4_msgs) StdoutLine: {'line': b'-- Up-to-date: /home/nicolas/ws_ros2/install/px4_msgs/include/px4_msgs/px4_msgs/msg/detail/config_overrides__rosidl_typesupport_fastrtps_c.h\n'}
[0.942998] (px4_msgs) StdoutLine: {'line': b'-- Up-to-date: /home/nicolas/ws_ros2/install/px4_msgs/include/px4_msgs/px4_msgs/msg/detail/telemetry_status__rosidl_typesupport_fastrtps_c.h\n'}
[0.943035] (px4_msgs) StdoutLine: {'line': b'-- Up-to-date: /home/nicolas/ws_ros2/install/px4_msgs/include/px4_msgs/px4_msgs/msg/detail/task_stack_info__rosidl_typesupport_fastrtps_c.h\n'}
[0.943068] (px4_msgs) StdoutLine: {'line': b'-- Up-to-date: /home/nicolas/ws_ros2/install/px4_msgs/include/px4_msgs/px4_msgs/msg/detail/message_format_request__rosidl_typesupport_fastrtps_c.h\n'}
[0.943100] (px4_msgs) StdoutLine: {'line': b'-- Up-to-date: /home/nicolas/ws_ros2/install/px4_msgs/include/px4_msgs/px4_msgs/msg/detail/rover_rate_setpoint__rosidl_typesupport_fastrtps_c.h\n'}
[0.943133] (px4_msgs) StdoutLine: {'line': b'-- Up-to-date: /home/nicolas/ws_ros2/install/px4_msgs/include/px4_msgs/px4_msgs/msg/detail/sensor_selection__rosidl_typesupport_fastrtps_c.h\n'}
[0.943165] (px4_msgs) StdoutLine: {'line': b'-- Up-to-date: /home/nicolas/ws_ros2/install/px4_msgs/include/px4_msgs/px4_msgs/msg/detail/sensor_hygrometer__rosidl_typesupport_fastrtps_c.h\n'}
[0.943197] (px4_msgs) StdoutLine: {'line': b'-- Up-to-date: /home/nicolas/ws_ros2/install/px4_msgs/include/px4_msgs/px4_msgs/msg/detail/differential_pressure__rosidl_typesupport_fastrtps_c.h\n'}
[0.943229] (px4_msgs) StdoutLine: {'line': b'-- Up-to-date: /home/nicolas/ws_ros2/install/px4_msgs/include/px4_msgs/px4_msgs/msg/detail/system_power__rosidl_typesupport_fastrtps_c.h\n'}
[0.943261] (px4_msgs) StdoutLine: {'line': b'-- Up-to-date: /home/nicolas/ws_ros2/install/px4_msgs/include/px4_msgs/px4_msgs/msg/detail/orb_test_large__rosidl_typesupport_fastrtps_c.h\n'}
[0.943293] (px4_msgs) StdoutLine: {'line': b'-- Up-to-date: /home/nicolas/ws_ros2/install/px4_msgs/include/px4_msgs/px4_msgs/msg/detail/rtl_time_estimate__rosidl_typesupport_fastrtps_c.h\n'}
[0.943329] (px4_msgs) StdoutLine: {'line': b'-- Up-to-date: /home/nicolas/ws_ros2/install/px4_msgs/include/px4_msgs/px4_msgs/msg/detail/qshell_retval__rosidl_typesupport_fastrtps_c.h\n'}
[0.943361] (px4_msgs) StdoutLine: {'line': b'-- Up-to-date: /home/nicolas/ws_ros2/install/px4_msgs/include/px4_msgs/px4_msgs/msg/detail/orb_test_medium__rosidl_typesupport_fastrtps_c.h\n'}
[0.943393] (px4_msgs) StdoutLine: {'line': b'-- Up-to-date: /home/nicolas/ws_ros2/install/px4_msgs/include/px4_msgs/px4_msgs/msg/detail/vehicle_magnetometer__rosidl_typesupport_fastrtps_c.h\n'}
[0.943426] (px4_msgs) StdoutLine: {'line': b'-- Up-to-date: /home/nicolas/ws_ros2/install/px4_msgs/include/px4_msgs/px4_msgs/msg/detail/fixed_wing_lateral_guidance_status__rosidl_typesupport_fastrtps_c.h\n'}
[0.943463] (px4_msgs) StdoutLine: {'line': b'-- Up-to-date: /home/nicolas/ws_ros2/install/px4_msgs/include/px4_msgs/px4_msgs/msg/detail/message_format_response__rosidl_typesupport_fastrtps_c.h\n'}
[0.943497] (px4_msgs) StdoutLine: {'line': b'-- Up-to-date: /home/nicolas/ws_ros2/install/px4_msgs/include/px4_msgs/px4_msgs/msg/detail/rover_attitude_status__rosidl_typesupport_fastrtps_c.h\n'}
[0.943530] (px4_msgs) StdoutLine: {'line': b'-- Up-to-date: /home/nicolas/ws_ros2/install/px4_msgs/include/px4_msgs/px4_msgs/msg/detail/mavlink_log__rosidl_typesupport_fastrtps_c.h\n'}
[0.943562] (px4_msgs) StdoutLine: {'line': b'-- Up-to-date: /home/nicolas/ws_ros2/install/px4_msgs/include/px4_msgs/px4_msgs/msg/detail/vehicle_attitude_setpoint__rosidl_typesupport_fastrtps_c.h\n'}
[0.943594] (px4_msgs) StdoutLine: {'line': b'-- Up-to-date: /home/nicolas/ws_ros2/install/px4_msgs/include/px4_msgs/px4_msgs/msg/detail/collision_constraints__rosidl_typesupport_fastrtps_c.h\n'}
[0.943627] (px4_msgs) StdoutLine: {'line': b'-- Up-to-date: /home/nicolas/ws_ros2/install/px4_msgs/include/px4_msgs/px4_msgs/msg/detail/gripper__rosidl_typesupport_fastrtps_c.h\n'}
[0.943661] (px4_msgs) StdoutLine: {'line': b'-- Up-to-date: /home/nicolas/ws_ros2/install/px4_msgs/include/px4_msgs/px4_msgs/msg/detail/debug_value__rosidl_typesupport_fastrtps_c.h\n'}
[0.943693] (px4_msgs) StdoutLine: {'line': b'-- Up-to-date: /home/nicolas/ws_ros2/install/px4_msgs/include/px4_msgs/px4_msgs/msg/detail/landing_gear_wheel__rosidl_typesupport_fastrtps_c.h\n'}
[0.943728] (px4_msgs) StdoutLine: {'line': b'-- Up-to-date: /home/nicolas/ws_ros2/install/px4_msgs/include/px4_msgs/px4_msgs/msg/detail/fixed_wing_runway_control__rosidl_typesupport_fastrtps_c.h\n'}
[0.943761] (px4_msgs) StdoutLine: {'line': b'-- Up-to-date: /home/nicolas/ws_ros2/install/px4_msgs/include/px4_msgs/px4_msgs/msg/detail/fixed_wing_lateral_setpoint__rosidl_typesupport_fastrtps_c.h\n'}
[0.943792] (px4_msgs) StdoutLine: {'line': b'-- Up-to-date: /home/nicolas/ws_ros2/install/px4_msgs/include/px4_msgs/px4_msgs/msg/detail/actuator_armed__rosidl_typesupport_fastrtps_c.h\n'}
[0.943824] (px4_msgs) StdoutLine: {'line': b'-- Up-to-date: /home/nicolas/ws_ros2/install/px4_msgs/include/px4_msgs/px4_msgs/msg/detail/gpio_in__rosidl_typesupport_fastrtps_c.h\n'}
[0.943856] (px4_msgs) StdoutLine: {'line': b'-- Up-to-date: /home/nicolas/ws_ros2/install/px4_msgs/include/px4_msgs/px4_msgs/msg/detail/iridiumsbd_status__rosidl_typesupport_fastrtps_c.h\n'}
[0.943889] (px4_msgs) StdoutLine: {'line': b'-- Up-to-date: /home/nicolas/ws_ros2/install/px4_msgs/include/px4_msgs/px4_msgs/msg/detail/fixed_wing_longitudinal_setpoint__rosidl_typesupport_fastrtps_c.h\n'}
[0.943921] (px4_msgs) StdoutLine: {'line': b'-- Up-to-date: /home/nicolas/ws_ros2/install/px4_msgs/include/px4_msgs/px4_msgs/msg/detail/debug_vect__rosidl_typesupport_fastrtps_c.h\n'}
[0.943954] (px4_msgs) StdoutLine: {'line': b'-- Up-to-date: /home/nicolas/ws_ros2/install/px4_msgs/include/px4_msgs/px4_msgs/msg/detail/parameter_update__rosidl_typesupport_fastrtps_c.h\n'}
[0.943993] (px4_msgs) StdoutLine: {'line': b'-- Up-to-date: /home/nicolas/ws_ros2/install/px4_msgs/include/px4_msgs/px4_msgs/msg/detail/geofence_status__rosidl_typesupport_fastrtps_c.h\n'}
[0.944025] (px4_msgs) StdoutLine: {'line': b'-- Up-to-date: /home/nicolas/ws_ros2/install/px4_msgs/include/px4_msgs/px4_msgs/msg/detail/esc_status__rosidl_typesupport_fastrtps_c.h\n'}
[0.944057] (px4_msgs) StdoutLine: {'line': b'-- Up-to-date: /home/nicolas/ws_ros2/install/px4_msgs/include/px4_msgs/px4_msgs/msg/detail/gps_dump__rosidl_typesupport_fastrtps_c.h\n'}
[0.944089] (px4_msgs) StdoutLine: {'line': b'-- Up-to-date: /home/nicolas/ws_ros2/install/px4_msgs/include/px4_msgs/px4_msgs/msg/detail/vehicle_optical_flow_vel__rosidl_typesupport_fastrtps_c.h\n'}
[0.944122] (px4_msgs) StdoutLine: {'line': b'-- Up-to-date: /home/nicolas/ws_ros2/install/px4_msgs/include/px4_msgs/px4_msgs/msg/detail/cpuload__rosidl_typesupport_fastrtps_c.h\n'}
[0.944154] (px4_msgs) StdoutLine: {'line': b'-- Up-to-date: /home/nicolas/ws_ros2/install/px4_msgs/include/px4_msgs/px4_msgs/msg/detail/position_setpoint_triplet__rosidl_typesupport_fastrtps_c.h\n'}
[0.944186] (px4_msgs) StdoutLine: {'line': b'-- Up-to-date: /home/nicolas/ws_ros2/install/px4_msgs/include/px4_msgs/px4_msgs/msg/rosidl_typesupport_fastrtps_c__visibility_control.h\n'}
[0.944218] (px4_msgs) StdoutLine: {'line': b'-- Up-to-date: /home/nicolas/ws_ros2/install/px4_msgs/lib/libpx4_msgs__rosidl_typesupport_fastrtps_c.so\n'}
[0.944250] (px4_msgs) StdoutLine: {'line': b'-- Up-to-date: /home/nicolas/ws_ros2/install/px4_msgs/include/px4_msgs/px4_msgs\n'}
[0.944282] (px4_msgs) StdoutLine: {'line': b'-- Up-to-date: /home/nicolas/ws_ros2/install/px4_msgs/include/px4_msgs/px4_msgs/srv\n'}
[0.944314] (px4_msgs) StdoutLine: {'line': b'-- Up-to-date: /home/nicolas/ws_ros2/install/px4_msgs/include/px4_msgs/px4_msgs/srv/detail\n'}
[0.944347] (px4_msgs) StdoutLine: {'line': b'-- Up-to-date: /home/nicolas/ws_ros2/install/px4_msgs/include/px4_msgs/px4_msgs/srv/detail/vehicle_command__traits.hpp\n'}
[0.944384] (px4_msgs) StdoutLine: {'line': b'-- Up-to-date: /home/nicolas/ws_ros2/install/px4_msgs/include/px4_msgs/px4_msgs/srv/detail/vehicle_command__type_support.hpp\n'}
[0.944416] (px4_msgs) StdoutLine: {'line': b'-- Up-to-date: /home/nicolas/ws_ros2/install/px4_msgs/include/px4_msgs/px4_msgs/srv/detail/vehicle_command__struct.hpp\n'}
[0.944454] (px4_msgs) StdoutLine: {'line': b'-- Up-to-date: /home/nicolas/ws_ros2/install/px4_msgs/include/px4_msgs/px4_msgs/srv/detail/vehicle_command__builder.hpp\n'}
[0.944490] (px4_msgs) StdoutLine: {'line': b'-- Up-to-date: /home/nicolas/ws_ros2/install/px4_msgs/include/px4_msgs/px4_msgs/srv/vehicle_command.hpp\n'}
[0.944526] (px4_msgs) StdoutLine: {'line': b'-- Up-to-date: /home/nicolas/ws_ros2/install/px4_msgs/include/px4_msgs/px4_msgs/msg\n'}
[0.944559] (px4_msgs) StdoutLine: {'line': b'-- Up-to-date: /home/nicolas/ws_ros2/install/px4_msgs/include/px4_msgs/px4_msgs/msg/internal_combustion_engine_control.hpp\n'}
[0.944595] (px4_msgs) StdoutLine: {'line': b'-- Up-to-date: /home/nicolas/ws_ros2/install/px4_msgs/include/px4_msgs/px4_msgs/msg/vehicle_global_position.hpp\n'}
[0.944628] (px4_msgs) StdoutLine: {'line': b'-- Up-to-date: /home/nicolas/ws_ros2/install/px4_msgs/include/px4_msgs/px4_msgs/msg/debug_vect.hpp\n'}
[0.944661] (px4_msgs) StdoutLine: {'line': b'-- Up-to-date: /home/nicolas/ws_ros2/install/px4_msgs/include/px4_msgs/px4_msgs/msg/figure_eight_status.hpp\n'}
[0.944693] (px4_msgs) StdoutLine: {'line': b'-- Up-to-date: /home/nicolas/ws_ros2/install/px4_msgs/include/px4_msgs/px4_msgs/msg/yaw_estimator_status.hpp\n'}
[0.944724] (px4_msgs) StdoutLine: {'line': b'-- Up-to-date: /home/nicolas/ws_ros2/install/px4_msgs/include/px4_msgs/px4_msgs/msg/landing_target_pose.hpp\n'}
[0.944758] (px4_msgs) StdoutLine: {'line': b'-- Up-to-date: /home/nicolas/ws_ros2/install/px4_msgs/include/px4_msgs/px4_msgs/msg/autotune_attitude_control_status.hpp\n'}
[0.944791] (px4_msgs) StdoutLine: {'line': b'-- Up-to-date: /home/nicolas/ws_ros2/install/px4_msgs/include/px4_msgs/px4_msgs/msg/rover_throttle_setpoint.hpp\n'}
[0.944823] (px4_msgs) StdoutLine: {'line': b'-- Up-to-date: /home/nicolas/ws_ros2/install/px4_msgs/include/px4_msgs/px4_msgs/msg/sensor_hygrometer.hpp\n'}
[0.944855] (px4_msgs) StdoutLine: {'line': b'-- Up-to-date: /home/nicolas/ws_ros2/install/px4_msgs/include/px4_msgs/px4_msgs/msg/airspeed.hpp\n'}
[0.944887] (px4_msgs) StdoutLine: {'line': b'-- Up-to-date: /home/nicolas/ws_ros2/install/px4_msgs/include/px4_msgs/px4_msgs/msg/longitudinal_control_configuration.hpp\n'}
[0.944920] (px4_msgs) StdoutLine: {'line': b'-- Up-to-date: /home/nicolas/ws_ros2/install/px4_msgs/include/px4_msgs/px4_msgs/msg/log_message.hpp\n'}
[0.944952] (px4_msgs) StdoutLine: {'line': b'-- Up-to-date: /home/nicolas/ws_ros2/install/px4_msgs/include/px4_msgs/px4_msgs/msg/cellular_status.hpp\n'}
[0.944983] (px4_msgs) StdoutLine: {'line': b'-- Up-to-date: /home/nicolas/ws_ros2/install/px4_msgs/include/px4_msgs/px4_msgs/msg/sensor_gnss_relative.hpp\n'}
[0.945014] (px4_msgs) StdoutLine: {'line': b'-- Up-to-date: /home/nicolas/ws_ros2/install/px4_msgs/include/px4_msgs/px4_msgs/msg/vehicle_attitude.hpp\n'}
[0.945045] (px4_msgs) StdoutLine: {'line': b'-- Up-to-date: /home/nicolas/ws_ros2/install/px4_msgs/include/px4_msgs/px4_msgs/msg/telemetry_status.hpp\n'}
[0.945077] (px4_msgs) StdoutLine: {'line': b'-- Up-to-date: /home/nicolas/ws_ros2/install/px4_msgs/include/px4_msgs/px4_msgs/msg/obstacle_distance.hpp\n'}
[0.945108] (px4_msgs) StdoutLine: {'line': b'-- Up-to-date: /home/nicolas/ws_ros2/install/px4_msgs/include/px4_msgs/px4_msgs/msg/register_ext_component_reply.hpp\n'}
[0.945140] (px4_msgs) StdoutLine: {'line': b'-- Up-to-date: /home/nicolas/ws_ros2/install/px4_msgs/include/px4_msgs/px4_msgs/msg/system_power.hpp\n'}
[0.945177] (px4_msgs) StdoutLine: {'line': b'-- Up-to-date: /home/nicolas/ws_ros2/install/px4_msgs/include/px4_msgs/px4_msgs/msg/debug_key_value.hpp\n'}
[0.945209] (px4_msgs) StdoutLine: {'line': b'-- Up-to-date: /home/nicolas/ws_ros2/install/px4_msgs/include/px4_msgs/px4_msgs/msg/actuator_outputs.hpp\n'}
[0.945243] (px4_msgs) StdoutLine: {'line': b'-- Up-to-date: /home/nicolas/ws_ros2/install/px4_msgs/include/px4_msgs/px4_msgs/msg/follow_target_estimator.hpp\n'}
[0.945274] (px4_msgs) StdoutLine: {'line': b'-- Up-to-date: /home/nicolas/ws_ros2/install/px4_msgs/include/px4_msgs/px4_msgs/msg/open_drone_id_arm_status.hpp\n'}
[0.945306] (px4_msgs) StdoutLine: {'line': b'-- Up-to-date: /home/nicolas/ws_ros2/install/px4_msgs/include/px4_msgs/px4_msgs/msg/offboard_control_mode.hpp\n'}
[0.945338] (px4_msgs) StdoutLine: {'line': b'-- Up-to-date: /home/nicolas/ws_ros2/install/px4_msgs/include/px4_msgs/px4_msgs/msg/landing_target_innovations.hpp\n'}
[0.945370] (px4_msgs) StdoutLine: {'line': b'-- Up-to-date: /home/nicolas/ws_ros2/install/px4_msgs/include/px4_msgs/px4_msgs/msg/rover_steering_setpoint.hpp\n'}
[0.945402] (px4_msgs) StdoutLine: {'line': b'-- Up-to-date: /home/nicolas/ws_ros2/install/px4_msgs/include/px4_msgs/px4_msgs/msg/neural_control.hpp\n'}
[0.945438] (px4_msgs) StdoutLine: {'line': b'-- Up-to-date: /home/nicolas/ws_ros2/install/px4_msgs/include/px4_msgs/px4_msgs/msg/parameter_update.hpp\n'}
[0.945473] (px4_msgs) StdoutLine: {'line': b'-- Up-to-date: /home/nicolas/ws_ros2/install/px4_msgs/include/px4_msgs/px4_msgs/msg/mavlink_log.hpp\n'}
[0.945505] (px4_msgs) StdoutLine: {'line': b'-- Up-to-date: /home/nicolas/ws_ros2/install/px4_msgs/include/px4_msgs/px4_msgs/msg/pure_pursuit_status.hpp\n'}
[0.945537] (px4_msgs) StdoutLine: {'line': b'-- Up-to-date: /home/nicolas/ws_ros2/install/px4_msgs/include/px4_msgs/px4_msgs/msg/vehicle_command_ack.hpp\n'}
[0.945569] (px4_msgs) StdoutLine: {'line': b'-- Up-to-date: /home/nicolas/ws_ros2/install/px4_msgs/include/px4_msgs/px4_msgs/msg/sensors_status_imu.hpp\n'}
[0.945600] (px4_msgs) StdoutLine: {'line': b'-- Up-to-date: /home/nicolas/ws_ros2/install/px4_msgs/include/px4_msgs/px4_msgs/msg/orbit_status.hpp\n'}
[0.945632] (px4_msgs) StdoutLine: {'line': b'-- Up-to-date: /home/nicolas/ws_ros2/install/px4_msgs/include/px4_msgs/px4_msgs/msg/home_position.hpp\n'}
[0.945663] (px4_msgs) StdoutLine: {'line': b'-- Up-to-date: /home/nicolas/ws_ros2/install/px4_msgs/include/px4_msgs/px4_msgs/msg/internal_combustion_engine_status.hpp\n'}
[0.945695] (px4_msgs) StdoutLine: {'line': b'-- Up-to-date: /home/nicolas/ws_ros2/install/px4_msgs/include/px4_msgs/px4_msgs/msg/estimator_innovations.hpp\n'}
[0.945727] (px4_msgs) StdoutLine: {'line': b'-- Up-to-date: /home/nicolas/ws_ros2/install/px4_msgs/include/px4_msgs/px4_msgs/msg/led_control.hpp\n'}
[0.945759] (px4_msgs) StdoutLine: {'line': b'-- Up-to-date: /home/nicolas/ws_ros2/install/px4_msgs/include/px4_msgs/px4_msgs/msg/sensor_preflight_mag.hpp\n'}
[0.945790] (px4_msgs) StdoutLine: {'line': b'-- Up-to-date: /home/nicolas/ws_ros2/install/px4_msgs/include/px4_msgs/px4_msgs/msg/debug_value.hpp\n'}
[0.945822] (px4_msgs) StdoutLine: {'line': b'-- Up-to-date: /home/nicolas/ws_ros2/install/px4_msgs/include/px4_msgs/px4_msgs/msg/fuel_tank_status.hpp\n'}
[0.945853] (px4_msgs) StdoutLine: {'line': b'-- Up-to-date: /home/nicolas/ws_ros2/install/px4_msgs/include/px4_msgs/px4_msgs/msg/gimbal_manager_information.hpp\n'}
[0.945888] (px4_msgs) StdoutLine: {'line': b'-- Up-to-date: /home/nicolas/ws_ros2/install/px4_msgs/include/px4_msgs/px4_msgs/msg/task_stack_info.hpp\n'}
[0.945920] (px4_msgs) StdoutLine: {'line': b'-- Up-to-date: /home/nicolas/ws_ros2/install/px4_msgs/include/px4_msgs/px4_msgs/msg/parameter_set_value_request.hpp\n'}
[0.945953] (px4_msgs) StdoutLine: {'line': b'-- Up-to-date: /home/nicolas/ws_ros2/install/px4_msgs/include/px4_msgs/px4_msgs/msg/manual_control_setpoint.hpp\n'}
[0.945985] (px4_msgs) StdoutLine: {'line': b'-- Up-to-date: /home/nicolas/ws_ros2/install/px4_msgs/include/px4_msgs/px4_msgs/msg/action_request.hpp\n'}
[0.946018] (px4_msgs) StdoutLine: {'line': b'-- Up-to-date: /home/nicolas/ws_ros2/install/px4_msgs/include/px4_msgs/px4_msgs/msg/rover_rate_setpoint.hpp\n'}
[0.946050] (px4_msgs) StdoutLine: {'line': b'-- Up-to-date: /home/nicolas/ws_ros2/install/px4_msgs/include/px4_msgs/px4_msgs/msg/orb_test_large.hpp\n'}
[0.946098] (px4_msgs) StdoutLine: {'line': b'-- Up-to-date: /home/nicolas/ws_ros2/install/px4_msgs/include/px4_msgs/px4_msgs/msg/airspeed_wind.hpp\n'}
[0.946131] (px4_msgs) StdoutLine: {'line': b'-- Up-to-date: /home/nicolas/ws_ros2/install/px4_msgs/include/px4_msgs/px4_msgs/msg/vehicle_imu.hpp\n'}
[0.946163] (px4_msgs) StdoutLine: {'line': b'-- Up-to-date: /home/nicolas/ws_ros2/install/px4_msgs/include/px4_msgs/px4_msgs/msg/sensor_gps.hpp\n'}
[0.946200] (px4_msgs) StdoutLine: {'line': b'-- Up-to-date: /home/nicolas/ws_ros2/install/px4_msgs/include/px4_msgs/px4_msgs/msg/rtl_time_estimate.hpp\n'}
[0.946236] (px4_msgs) StdoutLine: {'line': b'-- Up-to-date: /home/nicolas/ws_ros2/install/px4_msgs/include/px4_msgs/px4_msgs/msg/velocity_limits.hpp\n'}
[0.946268] (px4_msgs) StdoutLine: {'line': b'-- Up-to-date: /home/nicolas/ws_ros2/install/px4_msgs/include/px4_msgs/px4_msgs/msg/vehicle_magnetometer.hpp\n'}
[0.946300] (px4_msgs) StdoutLine: {'line': b'-- Up-to-date: /home/nicolas/ws_ros2/install/px4_msgs/include/px4_msgs/px4_msgs/msg/follow_target.hpp\n'}
[0.946332] (px4_msgs) StdoutLine: {'line': b'-- Up-to-date: /home/nicolas/ws_ros2/install/px4_msgs/include/px4_msgs/px4_msgs/msg/camera_trigger.hpp\n'}
[0.946365] (px4_msgs) StdoutLine: {'line': b'-- Up-to-date: /home/nicolas/ws_ros2/install/px4_msgs/include/px4_msgs/px4_msgs/msg/gpio_in.hpp\n'}
[0.946397] (px4_msgs) StdoutLine: {'line': b'-- Up-to-date: /home/nicolas/ws_ros2/install/px4_msgs/include/px4_msgs/px4_msgs/msg/tiltrotor_extra_controls.hpp\n'}
[0.946433] (px4_msgs) StdoutLine: {'line': b'-- Up-to-date: /home/nicolas/ws_ros2/install/px4_msgs/include/px4_msgs/px4_msgs/msg/input_rc.hpp\n'}
[0.946474] (px4_msgs) StdoutLine: {'line': b'-- Up-to-date: /home/nicolas/ws_ros2/install/px4_msgs/include/px4_msgs/px4_msgs/msg/gimbal_device_information.hpp\n'}
[0.946510] (px4_msgs) StdoutLine: {'line': b'-- Up-to-date: /home/nicolas/ws_ros2/install/px4_msgs/include/px4_msgs/px4_msgs/msg/position_setpoint_triplet.hpp\n'}
[0.946556] (px4_msgs) StdoutLine: {'line': b'-- Up-to-date: /home/nicolas/ws_ros2/install/px4_msgs/include/px4_msgs/px4_msgs/msg/rover_rate_status.hpp\n'}
[0.946599] (px4_msgs) StdoutLine: {'line': b'-- Up-to-date: /home/nicolas/ws_ros2/install/px4_msgs/include/px4_msgs/px4_msgs/msg/gps_dump.hpp\n'}
[0.946637] (px4_msgs) StdoutLine: {'line': b'-- Up-to-date: /home/nicolas/ws_ros2/install/px4_msgs/include/px4_msgs/px4_msgs/msg/gripper.hpp\n'}
[0.946674] (px4_msgs) StdoutLine: {'line': b'-- Up-to-date: /home/nicolas/ws_ros2/install/px4_msgs/include/px4_msgs/px4_msgs/msg/gimbal_manager_set_attitude.hpp\n'}
[0.946707] (px4_msgs) StdoutLine: {'line': b'-- Up-to-date: /home/nicolas/ws_ros2/install/px4_msgs/include/px4_msgs/px4_msgs/msg/vehicle_thrust_setpoint.hpp\n'}
[0.946738] (px4_msgs) StdoutLine: {'line': b'-- Up-to-date: /home/nicolas/ws_ros2/install/px4_msgs/include/px4_msgs/px4_msgs/msg/distance_sensor.hpp\n'}
[0.946771] (px4_msgs) StdoutLine: {'line': b'-- Up-to-date: /home/nicolas/ws_ros2/install/px4_msgs/include/px4_msgs/px4_msgs/msg/airspeed_validated.hpp\n'}
[0.946804] (px4_msgs) StdoutLine: {'line': b'-- Up-to-date: /home/nicolas/ws_ros2/install/px4_msgs/include/px4_msgs/px4_msgs/msg/fixed_wing_runway_control.hpp\n'}
[0.946848] (px4_msgs) StdoutLine: {'line': b'-- Up-to-date: /home/nicolas/ws_ros2/install/px4_msgs/include/px4_msgs/px4_msgs/msg/detail\n'}
[0.946890] (px4_msgs) StdoutLine: {'line': b'-- Up-to-date: /home/nicolas/ws_ros2/install/px4_msgs/include/px4_msgs/px4_msgs/msg/detail/airspeed__struct.hpp\n'}
[0.946928] (px4_msgs) StdoutLine: {'line': b'-- Up-to-date: /home/nicolas/ws_ros2/install/px4_msgs/include/px4_msgs/px4_msgs/msg/detail/gpio_config__traits.hpp\n'}
[0.946965] (px4_msgs) StdoutLine: {'line': b'-- Up-to-date: /home/nicolas/ws_ros2/install/px4_msgs/include/px4_msgs/px4_msgs/msg/detail/vehicle_roi__struct.hpp\n'}
[0.947000] (px4_msgs) StdoutLine: {'line': b'-- Up-to-date: /home/nicolas/ws_ros2/install/px4_msgs/include/px4_msgs/px4_msgs/msg/detail/sensors_status_imu__struct.hpp\n'}
[0.947045] (px4_msgs) StdoutLine: {'line': b'-- Up-to-date: /home/nicolas/ws_ros2/install/px4_msgs/include/px4_msgs/px4_msgs/msg/detail/airspeed_wind__type_support.hpp\n'}
[0.947086] (px4_msgs) StdoutLine: {'line': b'-- Up-to-date: /home/nicolas/ws_ros2/install/px4_msgs/include/px4_msgs/px4_msgs/msg/detail/heater_status__traits.hpp\n'}
[0.947122] (px4_msgs) StdoutLine: {'line': b'-- Up-to-date: /home/nicolas/ws_ros2/install/px4_msgs/include/px4_msgs/px4_msgs/msg/detail/rover_steering_setpoint__traits.hpp\n'}
[0.947165] (px4_msgs) StdoutLine: {'line': b'-- Up-to-date: /home/nicolas/ws_ros2/install/px4_msgs/include/px4_msgs/px4_msgs/msg/detail/control_allocator_status__traits.hpp\n'}
[0.947203] (px4_msgs) StdoutLine: {'line': b'-- Up-to-date: /home/nicolas/ws_ros2/install/px4_msgs/include/px4_msgs/px4_msgs/msg/detail/geofence_result__type_support.hpp\n'}
[0.947236] (px4_msgs) StdoutLine: {'line': b'-- Up-to-date: /home/nicolas/ws_ros2/install/px4_msgs/include/px4_msgs/px4_msgs/msg/detail/internal_combustion_engine_status__builder.hpp\n'}
[0.947282] (px4_msgs) StdoutLine: {'line': b'-- Up-to-date: /home/nicolas/ws_ros2/install/px4_msgs/include/px4_msgs/px4_msgs/msg/detail/orb_test__type_support.hpp\n'}
[0.947334] (px4_msgs) StdoutLine: {'line': b'-- Up-to-date: /home/nicolas/ws_ros2/install/px4_msgs/include/px4_msgs/px4_msgs/msg/detail/camera_capture__traits.hpp\n'}
[0.947384] (px4_msgs) StdoutLine: {'line': b'-- Up-to-date: /home/nicolas/ws_ros2/install/px4_msgs/include/px4_msgs/px4_msgs/msg/detail/manual_control_setpoint__traits.hpp\n'}
[0.947437] (px4_msgs) StdoutLine: {'line': b'-- Up-to-date: /home/nicolas/ws_ros2/install/px4_msgs/include/px4_msgs/px4_msgs/msg/detail/vehicle_constraints__builder.hpp\n'}
[0.947491] (px4_msgs) StdoutLine: {'line': b'-- Up-to-date: /home/nicolas/ws_ros2/install/px4_msgs/include/px4_msgs/px4_msgs/msg/detail/vehicle_attitude_setpoint__struct.hpp\n'}
[0.947540] (px4_msgs) StdoutLine: {'line': b'-- Up-to-date: /home/nicolas/ws_ros2/install/px4_msgs/include/px4_msgs/px4_msgs/msg/detail/geofence_status__type_support.hpp\n'}
[0.947589] (px4_msgs) StdoutLine: {'line': b'-- Up-to-date: /home/nicolas/ws_ros2/install/px4_msgs/include/px4_msgs/px4_msgs/msg/detail/normalized_unsigned_setpoint__traits.hpp\n'}
[0.947627] (px4_msgs) StdoutLine: {'line': b'-- Up-to-date: /home/nicolas/ws_ros2/install/px4_msgs/include/px4_msgs/px4_msgs/msg/detail/sensor_gnss_status__struct.hpp\n'}
[0.947730] (px4_msgs) StdoutLine: {'line': b'-- Up-to-date: /home/nicolas/ws_ros2/install/px4_msgs/include/px4_msgs/px4_msgs/msg/detail/internal_combustion_engine_control__traits.hpp\n'}
[0.947833] (px4_msgs) StdoutLine: {'line': b'-- Up-to-date: /home/nicolas/ws_ros2/install/px4_msgs/include/px4_msgs/px4_msgs/msg/detail/figure_eight_status__type_support.hpp\n'}
[0.947882] (px4_msgs) StdoutLine: {'line': b'-- Up-to-date: /home/nicolas/ws_ros2/install/px4_msgs/include/px4_msgs/px4_msgs/msg/detail/pure_pursuit_status__builder.hpp\n'}
[0.947929] (px4_msgs) StdoutLine: {'line': b'-- Up-to-date: /home/nicolas/ws_ros2/install/px4_msgs/include/px4_msgs/px4_msgs/msg/detail/estimator_status__struct.hpp\n'}
[0.947966] (px4_msgs) StdoutLine: {'line': b'-- Up-to-date: /home/nicolas/ws_ros2/install/px4_msgs/include/px4_msgs/px4_msgs/msg/detail/dronecan_node_status__traits.hpp\n'}
[0.948014] (px4_msgs) StdoutLine: {'line': b'-- Up-to-date: /home/nicolas/ws_ros2/install/px4_msgs/include/px4_msgs/px4_msgs/msg/detail/offboard_control_mode__type_support.hpp\n'}
[0.948050] (px4_msgs) StdoutLine: {'line': b'-- Up-to-date: /home/nicolas/ws_ros2/install/px4_msgs/include/px4_msgs/px4_msgs/msg/detail/vehicle_rates_setpoint__struct.hpp\n'}
[0.948094] (px4_msgs) StdoutLine: {'line': b'-- Up-to-date: /home/nicolas/ws_ros2/install/px4_msgs/include/px4_msgs/px4_msgs/msg/detail/estimator_bias__struct.hpp\n'}
[0.948130] (px4_msgs) StdoutLine: {'line': b'-- Up-to-date: /home/nicolas/ws_ros2/install/px4_msgs/include/px4_msgs/px4_msgs/msg/detail/estimator_status_flags__builder.hpp\n'}
[0.948164] (px4_msgs) StdoutLine: {'line': b'-- Up-to-date: /home/nicolas/ws_ros2/install/px4_msgs/include/px4_msgs/px4_msgs/msg/detail/gpio_in__builder.hpp\n'}
[0.948202] (px4_msgs) StdoutLine: {'line': b'-- Up-to-date: /home/nicolas/ws_ros2/install/px4_msgs/include/px4_msgs/px4_msgs/msg/detail/takeoff_status__type_support.hpp\n'}
[0.948236] (px4_msgs) StdoutLine: {'line': b'-- Up-to-date: /home/nicolas/ws_ros2/install/px4_msgs/include/px4_msgs/px4_msgs/msg/detail/vehicle_torque_setpoint__traits.hpp\n'}
[0.948278] (px4_msgs) StdoutLine: {'line': b'-- Up-to-date: /home/nicolas/ws_ros2/install/px4_msgs/include/px4_msgs/px4_msgs/msg/detail/vehicle_land_detected__traits.hpp\n'}
[0.948325] (px4_msgs) StdoutLine: {'line': b'-- Up-to-date: /home/nicolas/ws_ros2/install/px4_msgs/include/px4_msgs/px4_msgs/msg/detail/failure_detector_status__traits.hpp\n'}
[0.948376] (px4_msgs) StdoutLine: {'line': b'-- Up-to-date: /home/nicolas/ws_ros2/install/px4_msgs/include/px4_msgs/px4_msgs/msg/detail/sensor_gnss_relative__builder.hpp\n'}
[0.948427] (px4_msgs) StdoutLine: {'line': b'-- Up-to-date: /home/nicolas/ws_ros2/install/px4_msgs/include/px4_msgs/px4_msgs/msg/detail/longitudinal_control_configuration__traits.hpp\n'}
[0.948489] (px4_msgs) StdoutLine: {'line': b'-- Up-to-date: /home/nicolas/ws_ros2/install/px4_msgs/include/px4_msgs/px4_msgs/msg/detail/fixed_wing_runway_control__builder.hpp\n'}
[0.948534] (px4_msgs) StdoutLine: {'line': b'-- Up-to-date: /home/nicolas/ws_ros2/install/px4_msgs/include/px4_msgs/px4_msgs/msg/detail/camera_trigger__struct.hpp\n'}
[0.948568] (px4_msgs) StdoutLine: {'line': b'-- Up-to-date: /home/nicolas/ws_ros2/install/px4_msgs/include/px4_msgs/px4_msgs/msg/detail/rover_speed_setpoint__builder.hpp\n'}
[0.948606] (px4_msgs) StdoutLine: {'line': b'-- Up-to-date: /home/nicolas/ws_ros2/install/px4_msgs/include/px4_msgs/px4_msgs/msg/detail/ulog_stream__traits.hpp\n'}
[0.948640] (px4_msgs) StdoutLine: {'line': b'-- Up-to-date: /home/nicolas/ws_ros2/install/px4_msgs/include/px4_msgs/px4_msgs/msg/detail/gpio_in__traits.hpp\n'}
[0.948677] (px4_msgs) StdoutLine: {'line': b'-- Up-to-date: /home/nicolas/ws_ros2/install/px4_msgs/include/px4_msgs/px4_msgs/msg/detail/actuator_motors__builder.hpp\n'}
[0.948714] (px4_msgs) StdoutLine: {'line': b'-- Up-to-date: /home/nicolas/ws_ros2/install/px4_msgs/include/px4_msgs/px4_msgs/msg/detail/normalized_unsigned_setpoint__struct.hpp\n'}
[0.948752] (px4_msgs) StdoutLine: {'line': b'-- Up-to-date: /home/nicolas/ws_ros2/install/px4_msgs/include/px4_msgs/px4_msgs/msg/detail/action_request__builder.hpp\n'}
[0.948786] (px4_msgs) StdoutLine: {'line': b'-- Up-to-date: /home/nicolas/ws_ros2/install/px4_msgs/include/px4_msgs/px4_msgs/msg/detail/estimator_bias__builder.hpp\n'}
[0.948819] (px4_msgs) StdoutLine: {'line': b'-- Up-to-date: /home/nicolas/ws_ros2/install/px4_msgs/include/px4_msgs/px4_msgs/msg/detail/velocity_limits__struct.hpp\n'}
[0.948853] (px4_msgs) StdoutLine: {'line': b'-- Up-to-date: /home/nicolas/ws_ros2/install/px4_msgs/include/px4_msgs/px4_msgs/msg/detail/cellular_status__builder.hpp\n'}
[0.948885] (px4_msgs) StdoutLine: {'line': b'-- Up-to-date: /home/nicolas/ws_ros2/install/px4_msgs/include/px4_msgs/px4_msgs/msg/detail/battery_status__type_support.hpp\n'}
[0.948917] (px4_msgs) StdoutLine: {'line': b'-- Up-to-date: /home/nicolas/ws_ros2/install/px4_msgs/include/px4_msgs/px4_msgs/msg/detail/failure_detector_status__type_support.hpp\n'}
[0.948950] (px4_msgs) StdoutLine: {'line': b'-- Up-to-date: /home/nicolas/ws_ros2/install/px4_msgs/include/px4_msgs/px4_msgs/msg/detail/register_ext_component_reply__builder.hpp\n'}
[0.948983] (px4_msgs) StdoutLine: {'line': b'-- Up-to-date: /home/nicolas/ws_ros2/install/px4_msgs/include/px4_msgs/px4_msgs/msg/detail/ulog_stream_ack__builder.hpp\n'}
[0.949015] (px4_msgs) StdoutLine: {'line': b'-- Up-to-date: /home/nicolas/ws_ros2/install/px4_msgs/include/px4_msgs/px4_msgs/msg/detail/estimator_aid_source3d__builder.hpp\n'}
[0.949047] (px4_msgs) StdoutLine: {'line': b'-- Up-to-date: /home/nicolas/ws_ros2/install/px4_msgs/include/px4_msgs/px4_msgs/msg/detail/normalized_unsigned_setpoint__type_support.hpp\n'}
[0.949092] (px4_msgs) StdoutLine: {'line': b'-- Up-to-date: /home/nicolas/ws_ros2/install/px4_msgs/include/px4_msgs/px4_msgs/msg/detail/airspeed_wind__traits.hpp\n'}
[0.949130] (px4_msgs) StdoutLine: {'line': b'-- Up-to-date: /home/nicolas/ws_ros2/install/px4_msgs/include/px4_msgs/px4_msgs/msg/detail/telemetry_status__builder.hpp\n'}
[0.949164] (px4_msgs) StdoutLine: {'line': b'-- Up-to-date: /home/nicolas/ws_ros2/install/px4_msgs/include/px4_msgs/px4_msgs/msg/detail/landing_target_pose__traits.hpp\n'}
[0.949196] (px4_msgs) StdoutLine: {'line': b'-- Up-to-date: /home/nicolas/ws_ros2/install/px4_msgs/include/px4_msgs/px4_msgs/msg/detail/fixed_wing_runway_control__struct.hpp\n'}
[0.949229] (px4_msgs) StdoutLine: {'line': b'-- Up-to-date: /home/nicolas/ws_ros2/install/px4_msgs/include/px4_msgs/px4_msgs/msg/detail/failure_detector_status__builder.hpp\n'}
[0.949266] (px4_msgs) StdoutLine: {'line': b'-- Up-to-date: /home/nicolas/ws_ros2/install/px4_msgs/include/px4_msgs/px4_msgs/msg/detail/qshell_req__traits.hpp\n'}
[0.949298] (px4_msgs) StdoutLine: {'line': b'-- Up-to-date: /home/nicolas/ws_ros2/install/px4_msgs/include/px4_msgs/px4_msgs/msg/detail/dataman_request__traits.hpp\n'}
[0.949330] (px4_msgs) StdoutLine: {'line': b'-- Up-to-date: /home/nicolas/ws_ros2/install/px4_msgs/include/px4_msgs/px4_msgs/msg/detail/manual_control_setpoint__type_support.hpp\n'}
[0.949363] (px4_msgs) StdoutLine: {'line': b'-- Up-to-date: /home/nicolas/ws_ros2/install/px4_msgs/include/px4_msgs/px4_msgs/msg/detail/led_control__struct.hpp\n'}
[0.949395] (px4_msgs) StdoutLine: {'line': b'-- Up-to-date: /home/nicolas/ws_ros2/install/px4_msgs/include/px4_msgs/px4_msgs/msg/detail/rate_ctrl_status__traits.hpp\n'}
[0.949432] (px4_msgs) StdoutLine: {'line': b'-- Up-to-date: /home/nicolas/ws_ros2/install/px4_msgs/include/px4_msgs/px4_msgs/msg/detail/vehicle_local_position_setpoint__struct.hpp\n'}
[0.949470] (px4_msgs) StdoutLine: {'line': b'-- Up-to-date: /home/nicolas/ws_ros2/install/px4_msgs/include/px4_msgs/px4_msgs/msg/detail/ulog_stream__struct.hpp\n'}
[0.949506] (px4_msgs) StdoutLine: {'line': b'-- Up-to-date: /home/nicolas/ws_ros2/install/px4_msgs/include/px4_msgs/px4_msgs/msg/detail/lateral_control_configuration__traits.hpp\n'}
[0.949543] (px4_msgs) StdoutLine: {'line': b'-- Up-to-date: /home/nicolas/ws_ros2/install/px4_msgs/include/px4_msgs/px4_msgs/msg/detail/sensor_gnss_status__traits.hpp\n'}
[0.949576] (px4_msgs) StdoutLine: {'line': b'-- Up-to-date: /home/nicolas/ws_ros2/install/px4_msgs/include/px4_msgs/px4_msgs/msg/detail/vehicle_odometry__type_support.hpp\n'}
[0.949609] (px4_msgs) StdoutLine: {'line': b'-- Up-to-date: /home/nicolas/ws_ros2/install/px4_msgs/include/px4_msgs/px4_msgs/msg/detail/rpm__struct.hpp\n'}
[0.949641] (px4_msgs) StdoutLine: {'line': b'-- Up-to-date: /home/nicolas/ws_ros2/install/px4_msgs/include/px4_msgs/px4_msgs/msg/detail/fixed_wing_lateral_setpoint__struct.hpp\n'}
[0.949677] (px4_msgs) StdoutLine: {'line': b'-- Up-to-date: /home/nicolas/ws_ros2/install/px4_msgs/include/px4_msgs/px4_msgs/msg/detail/position_controller_status__builder.hpp\n'}
[0.949709] (px4_msgs) StdoutLine: {'line': b'-- Up-to-date: /home/nicolas/ws_ros2/install/px4_msgs/include/px4_msgs/px4_msgs/msg/detail/rpm__builder.hpp\n'}
[0.949741] (px4_msgs) StdoutLine: {'line': b'-- Up-to-date: /home/nicolas/ws_ros2/install/px4_msgs/include/px4_msgs/px4_msgs/msg/detail/sensor_gps__traits.hpp\n'}
[0.949773] (px4_msgs) StdoutLine: {'line': b'-- Up-to-date: /home/nicolas/ws_ros2/install/px4_msgs/include/px4_msgs/px4_msgs/msg/detail/airspeed_validated__struct.hpp\n'}
[0.949805] (px4_msgs) StdoutLine: {'line': b'-- Up-to-date: /home/nicolas/ws_ros2/install/px4_msgs/include/px4_msgs/px4_msgs/msg/detail/trajectory_setpoint6dof__traits.hpp\n'}
[0.949838] (px4_msgs) StdoutLine: {'line': b'-- Up-to-date: /home/nicolas/ws_ros2/install/px4_msgs/include/px4_msgs/px4_msgs/msg/detail/estimator_status_flags__struct.hpp\n'}
[0.949869] (px4_msgs) StdoutLine: {'line': b'-- Up-to-date: /home/nicolas/ws_ros2/install/px4_msgs/include/px4_msgs/px4_msgs/msg/detail/rc_channels__traits.hpp\n'}
[0.949901] (px4_msgs) StdoutLine: {'line': b'-- Up-to-date: /home/nicolas/ws_ros2/install/px4_msgs/include/px4_msgs/px4_msgs/msg/detail/rover_rate_status__builder.hpp\n'}
[0.949938] (px4_msgs) StdoutLine: {'line': b'-- Up-to-date: /home/nicolas/ws_ros2/install/px4_msgs/include/px4_msgs/px4_msgs/msg/detail/neural_control__traits.hpp\n'}
[0.949970] (px4_msgs) StdoutLine: {'line': b'-- Up-to-date: /home/nicolas/ws_ros2/install/px4_msgs/include/px4_msgs/px4_msgs/msg/detail/tecs_status__builder.hpp\n'}
[0.950002] (px4_msgs) StdoutLine: {'line': b'-- Up-to-date: /home/nicolas/ws_ros2/install/px4_msgs/include/px4_msgs/px4_msgs/msg/detail/parameter_set_value_request__traits.hpp\n'}
[0.950033] (px4_msgs) StdoutLine: {'line': b'-- Up-to-date: /home/nicolas/ws_ros2/install/px4_msgs/include/px4_msgs/px4_msgs/msg/detail/estimator_status__builder.hpp\n'}
[0.950065] (px4_msgs) StdoutLine: {'line': b'-- Up-to-date: /home/nicolas/ws_ros2/install/px4_msgs/include/px4_msgs/px4_msgs/msg/detail/sensor_combined__struct.hpp\n'}
[0.950097] (px4_msgs) StdoutLine: {'line': b'-- Up-to-date: /home/nicolas/ws_ros2/install/px4_msgs/include/px4_msgs/px4_msgs/msg/detail/estimator_aid_source3d__type_support.hpp\n'}
[0.950129] (px4_msgs) StdoutLine: {'line': b'-- Up-to-date: /home/nicolas/ws_ros2/install/px4_msgs/include/px4_msgs/px4_msgs/msg/detail/actuator_controls_status__struct.hpp\n'}
[0.950161] (px4_msgs) StdoutLine: {'line': b'-- Up-to-date: /home/nicolas/ws_ros2/install/px4_msgs/include/px4_msgs/px4_msgs/msg/detail/sensor_gps__struct.hpp\n'}
[0.950199] (px4_msgs) StdoutLine: {'line': b'-- Up-to-date: /home/nicolas/ws_ros2/install/px4_msgs/include/px4_msgs/px4_msgs/msg/detail/fixed_wing_lateral_guidance_status__builder.hpp\n'}
[0.950235] (px4_msgs) StdoutLine: {'line': b'-- Up-to-date: /home/nicolas/ws_ros2/install/px4_msgs/include/px4_msgs/px4_msgs/msg/detail/rover_throttle_setpoint__struct.hpp\n'}
[0.950277] (px4_msgs) StdoutLine: {'line': b'-- Up-to-date: /home/nicolas/ws_ros2/install/px4_msgs/include/px4_msgs/px4_msgs/msg/detail/geofence_result__struct.hpp\n'}
[0.950311] (px4_msgs) StdoutLine: {'line': b'-- Up-to-date: /home/nicolas/ws_ros2/install/px4_msgs/include/px4_msgs/px4_msgs/msg/detail/actuator_servos_trim__traits.hpp\n'}
[0.950344] (px4_msgs) StdoutLine: {'line': b'-- Up-to-date: /home/nicolas/ws_ros2/install/px4_msgs/include/px4_msgs/px4_msgs/msg/detail/gimbal_manager_set_attitude__builder.hpp\n'}
[0.950376] (px4_msgs) StdoutLine: {'line': b'-- Up-to-date: /home/nicolas/ws_ros2/install/px4_msgs/include/px4_msgs/px4_msgs/msg/detail/landing_gear_wheel__struct.hpp\n'}
[0.950415] (px4_msgs) StdoutLine: {'line': b'-- Up-to-date: /home/nicolas/ws_ros2/install/px4_msgs/include/px4_msgs/px4_msgs/msg/detail/offboard_control_mode__builder.hpp\n'}
[0.950456] (px4_msgs) StdoutLine: {'line': b'-- Up-to-date: /home/nicolas/ws_ros2/install/px4_msgs/include/px4_msgs/px4_msgs/msg/detail/dataman_response__traits.hpp\n'}
[0.950491] (px4_msgs) StdoutLine: {'line': b'-- Up-to-date: /home/nicolas/ws_ros2/install/px4_msgs/include/px4_msgs/px4_msgs/msg/detail/longitudinal_control_configuration__builder.hpp\n'}
[0.950524] (px4_msgs) StdoutLine: {'line': b'-- Up-to-date: /home/nicolas/ws_ros2/install/px4_msgs/include/px4_msgs/px4_msgs/msg/detail/vehicle_attitude_setpoint__type_support.hpp\n'}
[0.950557] (px4_msgs) StdoutLine: {'line': b'-- Up-to-date: /home/nicolas/ws_ros2/install/px4_msgs/include/px4_msgs/px4_msgs/msg/detail/battery_status__struct.hpp\n'}
[0.950589] (px4_msgs) StdoutLine: {'line': b'-- Up-to-date: /home/nicolas/ws_ros2/install/px4_msgs/include/px4_msgs/px4_msgs/msg/detail/gimbal_manager_status__struct.hpp\n'}
[0.950623] (px4_msgs) StdoutLine: {'line': b'-- Up-to-date: /home/nicolas/ws_ros2/install/px4_msgs/include/px4_msgs/px4_msgs/msg/detail/yaw_estimator_status__traits.hpp\n'}
[0.950656] (px4_msgs) StdoutLine: {'line': b'-- Up-to-date: /home/nicolas/ws_ros2/install/px4_msgs/include/px4_msgs/px4_msgs/msg/detail/gimbal_manager_information__struct.hpp\n'}
[0.950688] (px4_msgs) StdoutLine: {'line': b'-- Up-to-date: /home/nicolas/ws_ros2/install/px4_msgs/include/px4_msgs/px4_msgs/msg/detail/vehicle_status__type_support.hpp\n'}
[0.950729] (px4_msgs) StdoutLine: {'line': b'-- Up-to-date: /home/nicolas/ws_ros2/install/px4_msgs/include/px4_msgs/px4_msgs/msg/detail/vehicle_rates_setpoint__traits.hpp\n'}
[0.950761] (px4_msgs) StdoutLine: {'line': b'-- Up-to-date: /home/nicolas/ws_ros2/install/px4_msgs/include/px4_msgs/px4_msgs/msg/detail/gimbal_manager_information__type_support.hpp\n'}
[0.950795] (px4_msgs) StdoutLine: {'line': b'-- Up-to-date: /home/nicolas/ws_ros2/install/px4_msgs/include/px4_msgs/px4_msgs/msg/detail/pure_pursuit_status__type_support.hpp\n'}
[0.950827] (px4_msgs) StdoutLine: {'line': b'-- Up-to-date: /home/nicolas/ws_ros2/install/px4_msgs/include/px4_msgs/px4_msgs/msg/detail/vehicle_angular_acceleration_setpoint__traits.hpp\n'}
[0.950860] (px4_msgs) StdoutLine: {'line': b'-- Up-to-date: /home/nicolas/ws_ros2/install/px4_msgs/include/px4_msgs/px4_msgs/msg/detail/gpio_in__struct.hpp\n'}
[0.950892] (px4_msgs) StdoutLine: {'line': b'-- Up-to-date: /home/nicolas/ws_ros2/install/px4_msgs/include/px4_msgs/px4_msgs/msg/detail/orb_test__traits.hpp\n'}
[0.950924] (px4_msgs) StdoutLine: {'line': b'-- Up-to-date: /home/nicolas/ws_ros2/install/px4_msgs/include/px4_msgs/px4_msgs/msg/detail/sensor_gnss_relative__type_support.hpp\n'}
[0.950956] (px4_msgs) StdoutLine: {'line': b'-- Up-to-date: /home/nicolas/ws_ros2/install/px4_msgs/include/px4_msgs/px4_msgs/msg/detail/sensors_status_imu__type_support.hpp\n'}
[0.950988] (px4_msgs) StdoutLine: {'line': b'-- Up-to-date: /home/nicolas/ws_ros2/install/px4_msgs/include/px4_msgs/px4_msgs/msg/detail/estimator_event_flags__struct.hpp\n'}
[0.951021] (px4_msgs) StdoutLine: {'line': b'-- Up-to-date: /home/nicolas/ws_ros2/install/px4_msgs/include/px4_msgs/px4_msgs/msg/detail/sensor_airflow__traits.hpp\n'}
[0.951053] (px4_msgs) StdoutLine: {'line': b'-- Up-to-date: /home/nicolas/ws_ros2/install/px4_msgs/include/px4_msgs/px4_msgs/msg/detail/rover_attitude_status__builder.hpp\n'}
[0.951085] (px4_msgs) StdoutLine: {'line': b'-- Up-to-date: /home/nicolas/ws_ros2/install/px4_msgs/include/px4_msgs/px4_msgs/msg/detail/config_overrides__traits.hpp\n'}
[0.951117] (px4_msgs) StdoutLine: {'line': b'-- Up-to-date: /home/nicolas/ws_ros2/install/px4_msgs/include/px4_msgs/px4_msgs/msg/detail/open_drone_id_arm_status__traits.hpp\n'}
[0.951151] (px4_msgs) StdoutLine: {'line': b'-- Up-to-date: /home/nicolas/ws_ros2/install/px4_msgs/include/px4_msgs/px4_msgs/msg/detail/register_ext_component_request__struct.hpp\n'}
[0.951183] (px4_msgs) StdoutLine: {'line': b'-- Up-to-date: /home/nicolas/ws_ros2/install/px4_msgs/include/px4_msgs/px4_msgs/msg/detail/task_stack_info__type_support.hpp\n'}
[0.951216] (px4_msgs) StdoutLine: {'line': b'-- Up-to-date: /home/nicolas/ws_ros2/install/px4_msgs/include/px4_msgs/px4_msgs/msg/detail/position_controller_status__type_support.hpp\n'}
[0.951248] (px4_msgs) StdoutLine: {'line': b'-- Up-to-date: /home/nicolas/ws_ros2/install/px4_msgs/include/px4_msgs/px4_msgs/msg/detail/estimator_bias3d__type_support.hpp\n'}
[0.951280] (px4_msgs) StdoutLine: {'line': b'-- Up-to-date: /home/nicolas/ws_ros2/install/px4_msgs/include/px4_msgs/px4_msgs/msg/detail/timesync_status__traits.hpp\n'}
[0.951313] (px4_msgs) StdoutLine: {'line': b'-- Up-to-date: /home/nicolas/ws_ros2/install/px4_msgs/include/px4_msgs/px4_msgs/msg/detail/parameter_set_value_request__struct.hpp\n'}
[0.951346] (px4_msgs) StdoutLine: {'line': b'-- Up-to-date: /home/nicolas/ws_ros2/install/px4_msgs/include/px4_msgs/px4_msgs/msg/detail/internal_combustion_engine_control__struct.hpp\n'}
[0.951378] (px4_msgs) StdoutLine: {'line': b'-- Up-to-date: /home/nicolas/ws_ros2/install/px4_msgs/include/px4_msgs/px4_msgs/msg/detail/estimator_aid_source2d__traits.hpp\n'}
[0.951410] (px4_msgs) StdoutLine: {'line': b'-- Up-to-date: /home/nicolas/ws_ros2/install/px4_msgs/include/px4_msgs/px4_msgs/msg/detail/sensors_status_imu__builder.hpp\n'}
[0.951447] (px4_msgs) StdoutLine: {'line': b'-- Up-to-date: /home/nicolas/ws_ros2/install/px4_msgs/include/px4_msgs/px4_msgs/msg/detail/register_ext_component_request__builder.hpp\n'}
[0.951490] (px4_msgs) StdoutLine: {'line': b'-- Up-to-date: /home/nicolas/ws_ros2/install/px4_msgs/include/px4_msgs/px4_msgs/msg/detail/gimbal_controls__traits.hpp\n'}
[0.951525] (px4_msgs) StdoutLine: {'line': b'-- Up-to-date: /home/nicolas/ws_ros2/install/px4_msgs/include/px4_msgs/px4_msgs/msg/detail/actuator_test__traits.hpp\n'}
[0.951559] (px4_msgs) StdoutLine: {'line': b'-- Up-to-date: /home/nicolas/ws_ros2/install/px4_msgs/include/px4_msgs/px4_msgs/msg/detail/position_setpoint__traits.hpp\n'}
[0.951592] (px4_msgs) StdoutLine: {'line': b'-- Up-to-date: /home/nicolas/ws_ros2/install/px4_msgs/include/px4_msgs/px4_msgs/msg/detail/button_event__traits.hpp\n'}
[0.951624] (px4_msgs) StdoutLine: {'line': b'-- Up-to-date: /home/nicolas/ws_ros2/install/px4_msgs/include/px4_msgs/px4_msgs/msg/detail/button_event__struct.hpp\n'}
[0.951657] (px4_msgs) StdoutLine: {'line': b'-- Up-to-date: /home/nicolas/ws_ros2/install/px4_msgs/include/px4_msgs/px4_msgs/msg/detail/estimator_aid_source2d__builder.hpp\n'}
[0.951689] (px4_msgs) StdoutLine: {'line': b'-- Up-to-date: /home/nicolas/ws_ros2/install/px4_msgs/include/px4_msgs/px4_msgs/msg/detail/gps_inject_data__builder.hpp\n'}
[0.951724] (px4_msgs) StdoutLine: {'line': b'-- Up-to-date: /home/nicolas/ws_ros2/install/px4_msgs/include/px4_msgs/px4_msgs/msg/detail/open_drone_id_operator_id__type_support.hpp\n'}
[0.951757] (px4_msgs) StdoutLine: {'line': b'-- Up-to-date: /home/nicolas/ws_ros2/install/px4_msgs/include/px4_msgs/px4_msgs/msg/detail/config_overrides__struct.hpp\n'}
[0.951789] (px4_msgs) StdoutLine: {'line': b'-- Up-to-date: /home/nicolas/ws_ros2/install/px4_msgs/include/px4_msgs/px4_msgs/msg/detail/vehicle_optical_flow_vel__traits.hpp\n'}
[0.951822] (px4_msgs) StdoutLine: {'line': b'-- Up-to-date: /home/nicolas/ws_ros2/install/px4_msgs/include/px4_msgs/px4_msgs/msg/detail/orb_test_large__struct.hpp\n'}
[0.951856] (px4_msgs) StdoutLine: {'line': b'-- Up-to-date: /home/nicolas/ws_ros2/install/px4_msgs/include/px4_msgs/px4_msgs/msg/detail/actuator_servos__struct.hpp\n'}
[0.951890] (px4_msgs) StdoutLine: {'line': b'-- Up-to-date: /home/nicolas/ws_ros2/install/px4_msgs/include/px4_msgs/px4_msgs/msg/detail/mount_orientation__type_support.hpp\n'}
[0.951926] (px4_msgs) StdoutLine: {'line': b'-- Up-to-date: /home/nicolas/ws_ros2/install/px4_msgs/include/px4_msgs/px4_msgs/msg/detail/distance_sensor__builder.hpp\n'}
[0.951962] (px4_msgs) StdoutLine: {'line': b'-- Up-to-date: /home/nicolas/ws_ros2/install/px4_msgs/include/px4_msgs/px4_msgs/msg/detail/fixed_wing_longitudinal_setpoint__type_support.hpp\n'}
[0.951998] (px4_msgs) StdoutLine: {'line': b'-- Up-to-date: /home/nicolas/ws_ros2/install/px4_msgs/include/px4_msgs/px4_msgs/msg/detail/landing_gear_wheel__builder.hpp\n'}
[0.952033] (px4_msgs) StdoutLine: {'line': b'-- Up-to-date: /home/nicolas/ws_ros2/install/px4_msgs/include/px4_msgs/px4_msgs/msg/detail/esc_report__traits.hpp\n'}
[0.952068] (px4_msgs) StdoutLine: {'line': b'-- Up-to-date: /home/nicolas/ws_ros2/install/px4_msgs/include/px4_msgs/px4_msgs/msg/detail/fixed_wing_lateral_guidance_status__struct.hpp\n'}
[0.952107] (px4_msgs) StdoutLine: {'line': b'-- Up-to-date: /home/nicolas/ws_ros2/install/px4_msgs/include/px4_msgs/px4_msgs/msg/detail/mode_completed__struct.hpp\n'}
[0.952141] (px4_msgs) StdoutLine: {'line': b'-- Up-to-date: /home/nicolas/ws_ros2/install/px4_msgs/include/px4_msgs/px4_msgs/msg/detail/actuator_servos_trim__builder.hpp\n'}
[0.952176] (px4_msgs) StdoutLine: {'line': b'-- Up-to-date: /home/nicolas/ws_ros2/install/px4_msgs/include/px4_msgs/px4_msgs/msg/detail/vehicle_control_mode__traits.hpp\n'}
[0.952210] (px4_msgs) StdoutLine: {'line': b'-- Up-to-date: /home/nicolas/ws_ros2/install/px4_msgs/include/px4_msgs/px4_msgs/msg/detail/log_message__struct.hpp\n'}
[0.952245] (px4_msgs) StdoutLine: {'line': b'-- Up-to-date: /home/nicolas/ws_ros2/install/px4_msgs/include/px4_msgs/px4_msgs/msg/detail/rover_rate_setpoint__builder.hpp\n'}
[0.952278] (px4_msgs) StdoutLine: {'line': b'-- Up-to-date: /home/nicolas/ws_ros2/install/px4_msgs/include/px4_msgs/px4_msgs/msg/detail/power_button_state__type_support.hpp\n'}
[0.952319] (px4_msgs) StdoutLine: {'line': b'-- Up-to-date: /home/nicolas/ws_ros2/install/px4_msgs/include/px4_msgs/px4_msgs/msg/detail/uavcan_parameter_request__struct.hpp\n'}
[0.952357] (px4_msgs) StdoutLine: {'line': b'-- Up-to-date: /home/nicolas/ws_ros2/install/px4_msgs/include/px4_msgs/px4_msgs/msg/detail/vehicle_optical_flow__traits.hpp\n'}
[0.952392] (px4_msgs) StdoutLine: {'line': b'-- Up-to-date: /home/nicolas/ws_ros2/install/px4_msgs/include/px4_msgs/px4_msgs/msg/detail/position_setpoint__struct.hpp\n'}
[0.952433] (px4_msgs) StdoutLine: {'line': b'-- Up-to-date: /home/nicolas/ws_ros2/install/px4_msgs/include/px4_msgs/px4_msgs/msg/detail/actuator_armed__type_support.hpp\n'}
[0.952470] (px4_msgs) StdoutLine: {'line': b'-- Up-to-date: /home/nicolas/ws_ros2/install/px4_msgs/include/px4_msgs/px4_msgs/msg/detail/sensor_hygrometer__type_support.hpp\n'}
[0.952504] (px4_msgs) StdoutLine: {'line': b'-- Up-to-date: /home/nicolas/ws_ros2/install/px4_msgs/include/px4_msgs/px4_msgs/msg/detail/sensors_status__type_support.hpp\n'}
[0.952537] (px4_msgs) StdoutLine: {'line': b'-- Up-to-date: /home/nicolas/ws_ros2/install/px4_msgs/include/px4_msgs/px4_msgs/msg/detail/estimator_sensor_bias__traits.hpp\n'}
[0.952570] (px4_msgs) StdoutLine: {'line': b'-- Up-to-date: /home/nicolas/ws_ros2/install/px4_msgs/include/px4_msgs/px4_msgs/msg/detail/vehicle_angular_velocity__builder.hpp\n'}
[0.952603] (px4_msgs) StdoutLine: {'line': b'-- Up-to-date: /home/nicolas/ws_ros2/install/px4_msgs/include/px4_msgs/px4_msgs/msg/detail/sensor_hygrometer__builder.hpp\n'}
[0.952642] (px4_msgs) StdoutLine: {'line': b'-- Up-to-date: /home/nicolas/ws_ros2/install/px4_msgs/include/px4_msgs/px4_msgs/msg/detail/mavlink_tunnel__type_support.hpp\n'}
[0.952678] (px4_msgs) StdoutLine: {'line': b'-- Up-to-date: /home/nicolas/ws_ros2/install/px4_msgs/include/px4_msgs/px4_msgs/msg/detail/radio_status__struct.hpp\n'}
[0.952712] (px4_msgs) StdoutLine: {'line': b'-- Up-to-date: /home/nicolas/ws_ros2/install/px4_msgs/include/px4_msgs/px4_msgs/msg/detail/sensor_selection__type_support.hpp\n'}
[0.952747] (px4_msgs) StdoutLine: {'line': b'-- Up-to-date: /home/nicolas/ws_ros2/install/px4_msgs/include/px4_msgs/px4_msgs/msg/detail/orb_test_medium__struct.hpp\n'}
[0.952781] (px4_msgs) StdoutLine: {'line': b'-- Up-to-date: /home/nicolas/ws_ros2/install/px4_msgs/include/px4_msgs/px4_msgs/msg/detail/sensor_optical_flow__type_support.hpp\n'}
[0.952818] (px4_msgs) StdoutLine: {'line': b'-- Up-to-date: /home/nicolas/ws_ros2/install/px4_msgs/include/px4_msgs/px4_msgs/msg/detail/esc_report__type_support.hpp\n'}
[0.952851] (px4_msgs) StdoutLine: {'line': b'-- Up-to-date: /home/nicolas/ws_ros2/install/px4_msgs/include/px4_msgs/px4_msgs/msg/detail/gripper__builder.hpp\n'}
[0.952885] (px4_msgs) StdoutLine: {'line': b'-- Up-to-date: /home/nicolas/ws_ros2/install/px4_msgs/include/px4_msgs/px4_msgs/msg/detail/navigator_mission_item__builder.hpp\n'}
[0.952917] (px4_msgs) StdoutLine: {'line': b'-- Up-to-date: /home/nicolas/ws_ros2/install/px4_msgs/include/px4_msgs/px4_msgs/msg/detail/esc_status__type_support.hpp\n'}
[0.952951] (px4_msgs) StdoutLine: {'line': b'-- Up-to-date: /home/nicolas/ws_ros2/install/px4_msgs/include/px4_msgs/px4_msgs/msg/detail/estimator_states__struct.hpp\n'}
[0.952983] (px4_msgs) StdoutLine: {'line': b'-- Up-to-date: /home/nicolas/ws_ros2/install/px4_msgs/include/px4_msgs/px4_msgs/msg/detail/gps_inject_data__type_support.hpp\n'}
[0.953017] (px4_msgs) StdoutLine: {'line': b'-- Up-to-date: /home/nicolas/ws_ros2/install/px4_msgs/include/px4_msgs/px4_msgs/msg/detail/rover_steering_setpoint__builder.hpp\n'}
[0.953052] (px4_msgs) StdoutLine: {'line': b'-- Up-to-date: /home/nicolas/ws_ros2/install/px4_msgs/include/px4_msgs/px4_msgs/msg/detail/actuator_servos_trim__type_support.hpp\n'}
[0.953089] (px4_msgs) StdoutLine: {'line': b'-- Up-to-date: /home/nicolas/ws_ros2/install/px4_msgs/include/px4_msgs/px4_msgs/msg/detail/distance_sensor_mode_change_request__type_support.hpp\n'}
[0.953124] (px4_msgs) StdoutLine: {'line': b'-- Up-to-date: /home/nicolas/ws_ros2/install/px4_msgs/include/px4_msgs/px4_msgs/msg/detail/rc_channels__struct.hpp\n'}
[0.953165] (px4_msgs) StdoutLine: {'line': b'-- Up-to-date: /home/nicolas/ws_ros2/install/px4_msgs/include/px4_msgs/px4_msgs/msg/detail/geofence_status__struct.hpp\n'}
[0.953199] (px4_msgs) StdoutLine: {'line': b'-- Up-to-date: /home/nicolas/ws_ros2/install/px4_msgs/include/px4_msgs/px4_msgs/msg/detail/wind__type_support.hpp\n'}
[0.953238] (px4_msgs) StdoutLine: {'line': b'-- Up-to-date: /home/nicolas/ws_ros2/install/px4_msgs/include/px4_msgs/px4_msgs/msg/detail/obstacle_distance__struct.hpp\n'}
[0.953282] (px4_msgs) StdoutLine: {'line': b'-- Up-to-date: /home/nicolas/ws_ros2/install/px4_msgs/include/px4_msgs/px4_msgs/msg/detail/follow_target_estimator__traits.hpp\n'}
[0.953321] (px4_msgs) StdoutLine: {'line': b'-- Up-to-date: /home/nicolas/ws_ros2/install/px4_msgs/include/px4_msgs/px4_msgs/msg/detail/dataman_response__builder.hpp\n'}
[0.953363] (px4_msgs) StdoutLine: {'line': b'-- Up-to-date: /home/nicolas/ws_ros2/install/px4_msgs/include/px4_msgs/px4_msgs/msg/detail/estimator_selector_status__traits.hpp\n'}
[0.953413] (px4_msgs) StdoutLine: {'line': b'-- Up-to-date: /home/nicolas/ws_ros2/install/px4_msgs/include/px4_msgs/px4_msgs/msg/detail/actuator_armed__traits.hpp\n'}
[0.953460] (px4_msgs) StdoutLine: {'line': b'-- Up-to-date: /home/nicolas/ws_ros2/install/px4_msgs/include/px4_msgs/px4_msgs/msg/detail/mavlink_log__traits.hpp\n'}
[0.953505] (px4_msgs) StdoutLine: {'line': b'-- Up-to-date: /home/nicolas/ws_ros2/install/px4_msgs/include/px4_msgs/px4_msgs/msg/detail/esc_status__builder.hpp\n'}
[0.953546] (px4_msgs) StdoutLine: {'line': b'-- Up-to-date: /home/nicolas/ws_ros2/install/px4_msgs/include/px4_msgs/px4_msgs/msg/detail/arming_check_request__traits.hpp\n'}
[0.953603] (px4_msgs) StdoutLine: {'line': b'-- Up-to-date: /home/nicolas/ws_ros2/install/px4_msgs/include/px4_msgs/px4_msgs/msg/detail/estimator_bias__type_support.hpp\n'}
[0.953653] (px4_msgs) StdoutLine: {'line': b'-- Up-to-date: /home/nicolas/ws_ros2/install/px4_msgs/include/px4_msgs/px4_msgs/msg/detail/gimbal_device_information__type_support.hpp\n'}
[0.953695] (px4_msgs) StdoutLine: {'line': b'-- Up-to-date: /home/nicolas/ws_ros2/install/px4_msgs/include/px4_msgs/px4_msgs/msg/detail/event__type_support.hpp\n'}
[0.953734] (px4_msgs) StdoutLine: {'line': b'-- Up-to-date: /home/nicolas/ws_ros2/install/px4_msgs/include/px4_msgs/px4_msgs/msg/detail/rpm__traits.hpp\n'}
[0.953769] (px4_msgs) StdoutLine: {'line': b'-- Up-to-date: /home/nicolas/ws_ros2/install/px4_msgs/include/px4_msgs/px4_msgs/msg/detail/sensor_uwb__traits.hpp\n'}
[0.953816] (px4_msgs) StdoutLine: {'line': b'-- Up-to-date: /home/nicolas/ws_ros2/install/px4_msgs/include/px4_msgs/px4_msgs/msg/detail/orb_test_medium__builder.hpp\n'}
[0.953852] (px4_msgs) StdoutLine: {'line': b'-- Up-to-date: /home/nicolas/ws_ros2/install/px4_msgs/include/px4_msgs/px4_msgs/msg/detail/vehicle_air_data__type_support.hpp\n'}
[0.953896] (px4_msgs) StdoutLine: {'line': b'-- Up-to-date: /home/nicolas/ws_ros2/install/px4_msgs/include/px4_msgs/px4_msgs/msg/detail/fixed_wing_longitudinal_setpoint__struct.hpp\n'}
[0.953941] (px4_msgs) StdoutLine: {'line': b'-- Up-to-date: /home/nicolas/ws_ros2/install/px4_msgs/include/px4_msgs/px4_msgs/msg/detail/cpuload__struct.hpp\n'}
[0.953987] (px4_msgs) StdoutLine: {'line': b'-- Up-to-date: /home/nicolas/ws_ros2/install/px4_msgs/include/px4_msgs/px4_msgs/msg/detail/lateral_control_configuration__type_support.hpp\n'}
[0.954021] (px4_msgs) StdoutLine: {'line': b'-- Up-to-date: /home/nicolas/ws_ros2/install/px4_msgs/include/px4_msgs/px4_msgs/msg/detail/sensor_preflight_mag__traits.hpp\n'}
[0.954067] (px4_msgs) StdoutLine: {'line': b'-- Up-to-date: /home/nicolas/ws_ros2/install/px4_msgs/include/px4_msgs/px4_msgs/msg/detail/px4io_status__builder.hpp\n'}
[0.954115] (px4_msgs) StdoutLine: {'line': b'-- Up-to-date: /home/nicolas/ws_ros2/install/px4_msgs/include/px4_msgs/px4_msgs/msg/detail/arming_check_reply__traits.hpp\n'}
[0.954168] (px4_msgs) StdoutLine: {'line': b'-- Up-to-date: /home/nicolas/ws_ros2/install/px4_msgs/include/px4_msgs/px4_msgs/msg/detail/task_stack_info__traits.hpp\n'}
[0.954221] (px4_msgs) StdoutLine: {'line': b'-- Up-to-date: /home/nicolas/ws_ros2/install/px4_msgs/include/px4_msgs/px4_msgs/msg/detail/navigator_mission_item__struct.hpp\n'}
[0.954274] (px4_msgs) StdoutLine: {'line': b'-- Up-to-date: /home/nicolas/ws_ros2/install/px4_msgs/include/px4_msgs/px4_msgs/msg/detail/px4io_status__type_support.hpp\n'}
[0.954325] (px4_msgs) StdoutLine: {'line': b'-- Up-to-date: /home/nicolas/ws_ros2/install/px4_msgs/include/px4_msgs/px4_msgs/msg/detail/gimbal_device_attitude_status__struct.hpp\n'}
[0.954378] (px4_msgs) StdoutLine: {'line': b'-- Up-to-date: /home/nicolas/ws_ros2/install/px4_msgs/include/px4_msgs/px4_msgs/msg/detail/adc_report__type_support.hpp\n'}
[0.954420] (px4_msgs) StdoutLine: {'line': b'-- Up-to-date: /home/nicolas/ws_ros2/install/px4_msgs/include/px4_msgs/px4_msgs/msg/detail/sensor_gyro__struct.hpp\n'}
[0.954465] (px4_msgs) StdoutLine: {'line': b'-- Up-to-date: /home/nicolas/ws_ros2/install/px4_msgs/include/px4_msgs/px4_msgs/msg/detail/fuel_tank_status__traits.hpp\n'}
[0.954500] (px4_msgs) StdoutLine: {'line': b'-- Up-to-date: /home/nicolas/ws_ros2/install/px4_msgs/include/px4_msgs/px4_msgs/msg/detail/manual_control_switches__traits.hpp\n'}
[0.954534] (px4_msgs) StdoutLine: {'line': b'-- Up-to-date: /home/nicolas/ws_ros2/install/px4_msgs/include/px4_msgs/px4_msgs/msg/detail/geofence_status__traits.hpp\n'}
[0.954576] (px4_msgs) StdoutLine: {'line': b'-- Up-to-date: /home/nicolas/ws_ros2/install/px4_msgs/include/px4_msgs/px4_msgs/msg/detail/power_monitor__traits.hpp\n'}
[0.954620] (px4_msgs) StdoutLine: {'line': b'-- Up-to-date: /home/nicolas/ws_ros2/install/px4_msgs/include/px4_msgs/px4_msgs/msg/detail/fixed_wing_runway_control__traits.hpp\n'}
[0.954662] (px4_msgs) StdoutLine: {'line': b'-- Up-to-date: /home/nicolas/ws_ros2/install/px4_msgs/include/px4_msgs/px4_msgs/msg/detail/telemetry_status__traits.hpp\n'}
[0.954696] (px4_msgs) StdoutLine: {'line': b'-- Up-to-date: /home/nicolas/ws_ros2/install/px4_msgs/include/px4_msgs/px4_msgs/msg/detail/distance_sensor_mode_change_request__builder.hpp\n'}
[0.954729] (px4_msgs) StdoutLine: {'line': b'-- Up-to-date: /home/nicolas/ws_ros2/install/px4_msgs/include/px4_msgs/px4_msgs/msg/detail/vehicle_local_position__builder.hpp\n'}
[0.954772] (px4_msgs) StdoutLine: {'line': b'-- Up-to-date: /home/nicolas/ws_ros2/install/px4_msgs/include/px4_msgs/px4_msgs/msg/detail/home_position__type_support.hpp\n'}
[0.954808] (px4_msgs) StdoutLine: {'line': b'-- Up-to-date: /home/nicolas/ws_ros2/install/px4_msgs/include/px4_msgs/px4_msgs/msg/detail/vehicle_command__traits.hpp\n'}
[0.954842] (px4_msgs) StdoutLine: {'line': b'-- Up-to-date: /home/nicolas/ws_ros2/install/px4_msgs/include/px4_msgs/px4_msgs/msg/detail/failsafe_flags__type_support.hpp\n'}
[0.954875] (px4_msgs) StdoutLine: {'line': b'-- Up-to-date: /home/nicolas/ws_ros2/install/px4_msgs/include/px4_msgs/px4_msgs/msg/detail/flight_phase_estimation__traits.hpp\n'}
[0.954908] (px4_msgs) StdoutLine: {'line': b'-- Up-to-date: /home/nicolas/ws_ros2/install/px4_msgs/include/px4_msgs/px4_msgs/msg/detail/goto_setpoint__struct.hpp\n'}
[0.954945] (px4_msgs) StdoutLine: {'line': b'-- Up-to-date: /home/nicolas/ws_ros2/install/px4_msgs/include/px4_msgs/px4_msgs/msg/detail/sensor_optical_flow__builder.hpp\n'}
[0.954984] (px4_msgs) StdoutLine: {'line': b'-- Up-to-date: /home/nicolas/ws_ros2/install/px4_msgs/include/px4_msgs/px4_msgs/msg/detail/obstacle_distance__builder.hpp\n'}
[0.955016] (px4_msgs) StdoutLine: {'line': b'-- Up-to-date: /home/nicolas/ws_ros2/install/px4_msgs/include/px4_msgs/px4_msgs/msg/detail/telemetry_status__type_support.hpp\n'}
[0.955053] (px4_msgs) StdoutLine: {'line': b'-- Up-to-date: /home/nicolas/ws_ros2/install/px4_msgs/include/px4_msgs/px4_msgs/msg/detail/rover_steering_setpoint__struct.hpp\n'}
[0.955140] (px4_msgs) StdoutLine: {'line': b'-- Up-to-date: /home/nicolas/ws_ros2/install/px4_msgs/include/px4_msgs/px4_msgs/msg/detail/estimator_aid_source2d__struct.hpp\n'}
[0.955229] (px4_msgs) StdoutLine: {'line': b'-- Up-to-date: /home/nicolas/ws_ros2/install/px4_msgs/include/px4_msgs/px4_msgs/msg/detail/system_power__traits.hpp\n'}
[0.955279] (px4_msgs) StdoutLine: {'line': b'-- Up-to-date: /home/nicolas/ws_ros2/install/px4_msgs/include/px4_msgs/px4_msgs/msg/detail/tune_control__struct.hpp\n'}
[0.955316] (px4_msgs) StdoutLine: {'line': b'-- Up-to-date: /home/nicolas/ws_ros2/install/px4_msgs/include/px4_msgs/px4_msgs/msg/detail/config_overrides__builder.hpp\n'}
[0.955351] (px4_msgs) StdoutLine: {'line': b'-- Up-to-date: /home/nicolas/ws_ros2/install/px4_msgs/include/px4_msgs/px4_msgs/msg/detail/power_monitor__struct.hpp\n'}
[0.955387] (px4_msgs) StdoutLine: {'line': b'-- Up-to-date: /home/nicolas/ws_ros2/install/px4_msgs/include/px4_msgs/px4_msgs/msg/detail/can_interface_status__struct.hpp\n'}
[0.955441] (px4_msgs) StdoutLine: {'line': b'-- Up-to-date: /home/nicolas/ws_ros2/install/px4_msgs/include/px4_msgs/px4_msgs/msg/detail/vehicle_optical_flow__builder.hpp\n'}
[0.955483] (px4_msgs) StdoutLine: {'line': b'-- Up-to-date: /home/nicolas/ws_ros2/install/px4_msgs/include/px4_msgs/px4_msgs/msg/detail/position_setpoint_triplet__traits.hpp\n'}
[0.955519] (px4_msgs) StdoutLine: {'line': b'-- Up-to-date: /home/nicolas/ws_ros2/install/px4_msgs/include/px4_msgs/px4_msgs/msg/detail/mission_result__builder.hpp\n'}
[0.955553] (px4_msgs) StdoutLine: {'line': b'-- Up-to-date: /home/nicolas/ws_ros2/install/px4_msgs/include/px4_msgs/px4_msgs/msg/detail/parameter_reset_request__builder.hpp\n'}
[0.955587] (px4_msgs) StdoutLine: {'line': b'-- Up-to-date: /home/nicolas/ws_ros2/install/px4_msgs/include/px4_msgs/px4_msgs/msg/detail/estimator_gps_status__type_support.hpp\n'}
[0.955621] (px4_msgs) StdoutLine: {'line': b'-- Up-to-date: /home/nicolas/ws_ros2/install/px4_msgs/include/px4_msgs/px4_msgs/msg/detail/gimbal_manager_set_attitude__traits.hpp\n'}
[0.955655] (px4_msgs) StdoutLine: {'line': b'-- Up-to-date: /home/nicolas/ws_ros2/install/px4_msgs/include/px4_msgs/px4_msgs/msg/detail/pwm_input__traits.hpp\n'}
[0.955689] (px4_msgs) StdoutLine: {'line': b'-- Up-to-date: /home/nicolas/ws_ros2/install/px4_msgs/include/px4_msgs/px4_msgs/msg/detail/magnetometer_bias_estimate__struct.hpp\n'}
[0.955721] (px4_msgs) StdoutLine: {'line': b'-- Up-to-date: /home/nicolas/ws_ros2/install/px4_msgs/include/px4_msgs/px4_msgs/msg/detail/failsafe_flags__traits.hpp\n'}
[0.955754] (px4_msgs) StdoutLine: {'line': b'-- Up-to-date: /home/nicolas/ws_ros2/install/px4_msgs/include/px4_msgs/px4_msgs/msg/detail/message_format_response__traits.hpp\n'}
[0.955787] (px4_msgs) StdoutLine: {'line': b'-- Up-to-date: /home/nicolas/ws_ros2/install/px4_msgs/include/px4_msgs/px4_msgs/msg/detail/ping__struct.hpp\n'}
[0.955823] (px4_msgs) StdoutLine: {'line': b'-- Up-to-date: /home/nicolas/ws_ros2/install/px4_msgs/include/px4_msgs/px4_msgs/msg/detail/dataman_request__builder.hpp\n'}
[0.955856] (px4_msgs) StdoutLine: {'line': b'-- Up-to-date: /home/nicolas/ws_ros2/install/px4_msgs/include/px4_msgs/px4_msgs/msg/detail/message_format_response__type_support.hpp\n'}
[0.955890] (px4_msgs) StdoutLine: {'line': b'-- Up-to-date: /home/nicolas/ws_ros2/install/px4_msgs/include/px4_msgs/px4_msgs/msg/detail/wind__traits.hpp\n'}
[0.955925] (px4_msgs) StdoutLine: {'line': b'-- Up-to-date: /home/nicolas/ws_ros2/install/px4_msgs/include/px4_msgs/px4_msgs/msg/detail/follow_target_status__type_support.hpp\n'}
[0.955961] (px4_msgs) StdoutLine: {'line': b'-- Up-to-date: /home/nicolas/ws_ros2/install/px4_msgs/include/px4_msgs/px4_msgs/msg/detail/navigator_status__type_support.hpp\n'}
[0.956000] (px4_msgs) StdoutLine: {'line': b'-- Up-to-date: /home/nicolas/ws_ros2/install/px4_msgs/include/px4_msgs/px4_msgs/msg/detail/actuator_controls_status__traits.hpp\n'}
[0.956036] (px4_msgs) StdoutLine: {'line': b'-- Up-to-date: /home/nicolas/ws_ros2/install/px4_msgs/include/px4_msgs/px4_msgs/msg/detail/ulog_stream__builder.hpp\n'}
[0.956070] (px4_msgs) StdoutLine: {'line': b'-- Up-to-date: /home/nicolas/ws_ros2/install/px4_msgs/include/px4_msgs/px4_msgs/msg/detail/estimator_sensor_bias__builder.hpp\n'}
[0.956105] (px4_msgs) StdoutLine: {'line': b'-- Up-to-date: /home/nicolas/ws_ros2/install/px4_msgs/include/px4_msgs/px4_msgs/msg/detail/gimbal_manager_information__builder.hpp\n'}
[0.956143] (px4_msgs) StdoutLine: {'line': b'-- Up-to-date: /home/nicolas/ws_ros2/install/px4_msgs/include/px4_msgs/px4_msgs/msg/detail/parameter_set_value_request__type_support.hpp\n'}
[0.956189] (px4_msgs) StdoutLine: {'line': b'-- Up-to-date: /home/nicolas/ws_ros2/install/px4_msgs/include/px4_msgs/px4_msgs/msg/detail/gimbal_manager_status__builder.hpp\n'}
[0.956222] (px4_msgs) StdoutLine: {'line': b'-- Up-to-date: /home/nicolas/ws_ros2/install/px4_msgs/include/px4_msgs/px4_msgs/msg/detail/tune_control__traits.hpp\n'}
[0.956256] (px4_msgs) StdoutLine: {'line': b'-- Up-to-date: /home/nicolas/ws_ros2/install/px4_msgs/include/px4_msgs/px4_msgs/msg/detail/rtl_status__type_support.hpp\n'}
[0.956289] (px4_msgs) StdoutLine: {'line': b'-- Up-to-date: /home/nicolas/ws_ros2/install/px4_msgs/include/px4_msgs/px4_msgs/msg/detail/debug_vect__builder.hpp\n'}
[0.956321] (px4_msgs) StdoutLine: {'line': b'-- Up-to-date: /home/nicolas/ws_ros2/install/px4_msgs/include/px4_msgs/px4_msgs/msg/detail/rtl_time_estimate__struct.hpp\n'}
[0.956353] (px4_msgs) StdoutLine: {'line': b'-- Up-to-date: /home/nicolas/ws_ros2/install/px4_msgs/include/px4_msgs/px4_msgs/msg/detail/qshell_retval__builder.hpp\n'}
[0.956387] (px4_msgs) StdoutLine: {'line': b'-- Up-to-date: /home/nicolas/ws_ros2/install/px4_msgs/include/px4_msgs/px4_msgs/msg/detail/vehicle_imu__builder.hpp\n'}
[0.956419] (px4_msgs) StdoutLine: {'line': b'-- Up-to-date: /home/nicolas/ws_ros2/install/px4_msgs/include/px4_msgs/px4_msgs/msg/detail/vehicle_attitude__builder.hpp\n'}
[0.956461] (px4_msgs) StdoutLine: {'line': b'-- Up-to-date: /home/nicolas/ws_ros2/install/px4_msgs/include/px4_msgs/px4_msgs/msg/detail/mag_worker_data__type_support.hpp\n'}
[0.956496] (px4_msgs) StdoutLine: {'line': b'-- Up-to-date: /home/nicolas/ws_ros2/install/px4_msgs/include/px4_msgs/px4_msgs/msg/detail/position_controller_landing_status__struct.hpp\n'}
[0.956533] (px4_msgs) StdoutLine: {'line': b'-- Up-to-date: /home/nicolas/ws_ros2/install/px4_msgs/include/px4_msgs/px4_msgs/msg/detail/cellular_status__struct.hpp\n'}
[0.956566] (px4_msgs) StdoutLine: {'line': b'-- Up-to-date: /home/nicolas/ws_ros2/install/px4_msgs/include/px4_msgs/px4_msgs/msg/detail/goto_setpoint__builder.hpp\n'}
[0.956604] (px4_msgs) StdoutLine: {'line': b'-- Up-to-date: /home/nicolas/ws_ros2/install/px4_msgs/include/px4_msgs/px4_msgs/msg/detail/hover_thrust_estimate__traits.hpp\n'}
[0.956638] (px4_msgs) StdoutLine: {'line': b'-- Up-to-date: /home/nicolas/ws_ros2/install/px4_msgs/include/px4_msgs/px4_msgs/msg/detail/battery_info__traits.hpp\n'}
[0.956673] (px4_msgs) StdoutLine: {'line': b'-- Up-to-date: /home/nicolas/ws_ros2/install/px4_msgs/include/px4_msgs/px4_msgs/msg/detail/sensor_gyro_fft__type_support.hpp\n'}
[0.956707] (px4_msgs) StdoutLine: {'line': b'-- Up-to-date: /home/nicolas/ws_ros2/install/px4_msgs/include/px4_msgs/px4_msgs/msg/detail/lateral_control_configuration__struct.hpp\n'}
[0.956741] (px4_msgs) StdoutLine: {'line': b'-- Up-to-date: /home/nicolas/ws_ros2/install/px4_msgs/include/px4_msgs/px4_msgs/msg/detail/control_allocator_status__builder.hpp\n'}
[0.956773] (px4_msgs) StdoutLine: {'line': b'-- Up-to-date: /home/nicolas/ws_ros2/install/px4_msgs/include/px4_msgs/px4_msgs/msg/detail/tiltrotor_extra_controls__traits.hpp\n'}
[0.956806] (px4_msgs) StdoutLine: {'line': b'-- Up-to-date: /home/nicolas/ws_ros2/install/px4_msgs/include/px4_msgs/px4_msgs/msg/detail/wheel_encoders__struct.hpp\n'}
[0.956838] (px4_msgs) StdoutLine: {'line': b'-- Up-to-date: /home/nicolas/ws_ros2/install/px4_msgs/include/px4_msgs/px4_msgs/msg/detail/figure_eight_status__builder.hpp\n'}
[0.956871] (px4_msgs) StdoutLine: {'line': b'-- Up-to-date: /home/nicolas/ws_ros2/install/px4_msgs/include/px4_msgs/px4_msgs/msg/detail/debug_array__traits.hpp\n'}
[0.956903] (px4_msgs) StdoutLine: {'line': b'-- Up-to-date: /home/nicolas/ws_ros2/install/px4_msgs/include/px4_msgs/px4_msgs/msg/detail/mission_result__struct.hpp\n'}
[0.956940] (px4_msgs) StdoutLine: {'line': b'-- Up-to-date: /home/nicolas/ws_ros2/install/px4_msgs/include/px4_msgs/px4_msgs/msg/detail/esc_status__traits.hpp\n'}
[0.956973] (px4_msgs) StdoutLine: {'line': b'-- Up-to-date: /home/nicolas/ws_ros2/install/px4_msgs/include/px4_msgs/px4_msgs/msg/detail/iridiumsbd_status__builder.hpp\n'}
[0.957007] (px4_msgs) StdoutLine: {'line': b'-- Up-to-date: /home/nicolas/ws_ros2/install/px4_msgs/include/px4_msgs/px4_msgs/msg/detail/rtl_status__builder.hpp\n'}
[0.957039] (px4_msgs) StdoutLine: {'line': b'-- Up-to-date: /home/nicolas/ws_ros2/install/px4_msgs/include/px4_msgs/px4_msgs/msg/detail/distance_sensor_mode_change_request__traits.hpp\n'}
[0.957072] (px4_msgs) StdoutLine: {'line': b'-- Up-to-date: /home/nicolas/ws_ros2/install/px4_msgs/include/px4_msgs/px4_msgs/msg/detail/differential_pressure__traits.hpp\n'}
[0.957105] (px4_msgs) StdoutLine: {'line': b'-- Up-to-date: /home/nicolas/ws_ros2/install/px4_msgs/include/px4_msgs/px4_msgs/msg/detail/open_drone_id_self_id__struct.hpp\n'}
[0.957137] (px4_msgs) StdoutLine: {'line': b'-- Up-to-date: /home/nicolas/ws_ros2/install/px4_msgs/include/px4_msgs/px4_msgs/msg/detail/geofence_result__builder.hpp\n'}
[0.957170] (px4_msgs) StdoutLine: {'line': b'-- Up-to-date: /home/nicolas/ws_ros2/install/px4_msgs/include/px4_msgs/px4_msgs/msg/detail/tiltrotor_extra_controls__builder.hpp\n'}
[0.957202] (px4_msgs) StdoutLine: {'line': b'-- Up-to-date: /home/nicolas/ws_ros2/install/px4_msgs/include/px4_msgs/px4_msgs/msg/detail/vehicle_global_position__struct.hpp\n'}
[0.957235] (px4_msgs) StdoutLine: {'line': b'-- Up-to-date: /home/nicolas/ws_ros2/install/px4_msgs/include/px4_msgs/px4_msgs/msg/detail/wheel_encoders__builder.hpp\n'}
[0.957267] (px4_msgs) StdoutLine: {'line': b'-- Up-to-date: /home/nicolas/ws_ros2/install/px4_msgs/include/px4_msgs/px4_msgs/msg/detail/mag_worker_data__struct.hpp\n'}
[0.957300] (px4_msgs) StdoutLine: {'line': b'-- Up-to-date: /home/nicolas/ws_ros2/install/px4_msgs/include/px4_msgs/px4_msgs/msg/detail/task_stack_info__struct.hpp\n'}
[0.957335] (px4_msgs) StdoutLine: {'line': b'-- Up-to-date: /home/nicolas/ws_ros2/install/px4_msgs/include/px4_msgs/px4_msgs/msg/detail/camera_capture__type_support.hpp\n'}
[0.957367] (px4_msgs) StdoutLine: {'line': b'-- Up-to-date: /home/nicolas/ws_ros2/install/px4_msgs/include/px4_msgs/px4_msgs/msg/detail/velocity_limits__builder.hpp\n'}
[0.957398] (px4_msgs) StdoutLine: {'line': b'-- Up-to-date: /home/nicolas/ws_ros2/install/px4_msgs/include/px4_msgs/px4_msgs/msg/detail/actuator_motors__struct.hpp\n'}
[0.957433] (px4_msgs) StdoutLine: {'line': b'-- Up-to-date: /home/nicolas/ws_ros2/install/px4_msgs/include/px4_msgs/px4_msgs/msg/detail/position_setpoint__builder.hpp\n'}
[0.957469] (px4_msgs) StdoutLine: {'line': b'-- Up-to-date: /home/nicolas/ws_ros2/install/px4_msgs/include/px4_msgs/px4_msgs/msg/detail/sensor_gyro__builder.hpp\n'}
[0.957501] (px4_msgs) StdoutLine: {'line': b'-- Up-to-date: /home/nicolas/ws_ros2/install/px4_msgs/include/px4_msgs/px4_msgs/msg/detail/cpuload__builder.hpp\n'}
[0.957533] (px4_msgs) StdoutLine: {'line': b'-- Up-to-date: /home/nicolas/ws_ros2/install/px4_msgs/include/px4_msgs/px4_msgs/msg/detail/vehicle_local_position__struct.hpp\n'}
[0.957565] (px4_msgs) StdoutLine: {'line': b'-- Up-to-date: /home/nicolas/ws_ros2/install/px4_msgs/include/px4_msgs/px4_msgs/msg/detail/qshell_retval__traits.hpp\n'}
[0.957601] (px4_msgs) StdoutLine: {'line': b'-- Up-to-date: /home/nicolas/ws_ros2/install/px4_msgs/include/px4_msgs/px4_msgs/msg/detail/estimator_innovations__struct.hpp\n'}
[0.957634] (px4_msgs) StdoutLine: {'line': b'-- Up-to-date: /home/nicolas/ws_ros2/install/px4_msgs/include/px4_msgs/px4_msgs/msg/detail/mavlink_log__struct.hpp\n'}
[0.957666] (px4_msgs) StdoutLine: {'line': b'-- Up-to-date: /home/nicolas/ws_ros2/install/px4_msgs/include/px4_msgs/px4_msgs/msg/detail/vehicle_torque_setpoint__builder.hpp\n'}
[0.957700] (px4_msgs) StdoutLine: {'line': b'-- Up-to-date: /home/nicolas/ws_ros2/install/px4_msgs/include/px4_msgs/px4_msgs/msg/detail/parameter_set_used_request__builder.hpp\n'}
[0.957743] (px4_msgs) StdoutLine: {'line': b'-- Up-to-date: /home/nicolas/ws_ros2/install/px4_msgs/include/px4_msgs/px4_msgs/msg/detail/vehicle_constraints__traits.hpp\n'}
[0.957774] (px4_msgs) StdoutLine: {'line': b'-- Up-to-date: /home/nicolas/ws_ros2/install/px4_msgs/include/px4_msgs/px4_msgs/msg/detail/estimator_status__type_support.hpp\n'}
[0.957808] (px4_msgs) StdoutLine: {'line': b'-- Up-to-date: /home/nicolas/ws_ros2/install/px4_msgs/include/px4_msgs/px4_msgs/msg/detail/gimbal_manager_information__traits.hpp\n'}
[0.957842] (px4_msgs) StdoutLine: {'line': b'-- Up-to-date: /home/nicolas/ws_ros2/install/px4_msgs/include/px4_msgs/px4_msgs/msg/detail/distance_sensor__type_support.hpp\n'}
[0.957874] (px4_msgs) StdoutLine: {'line': b'-- Up-to-date: /home/nicolas/ws_ros2/install/px4_msgs/include/px4_msgs/px4_msgs/msg/detail/timesync_status__type_support.hpp\n'}
[0.957908] (px4_msgs) StdoutLine: {'line': b'-- Up-to-date: /home/nicolas/ws_ros2/install/px4_msgs/include/px4_msgs/px4_msgs/msg/detail/vehicle_odometry__struct.hpp\n'}
[0.957945] (px4_msgs) StdoutLine: {'line': b'-- Up-to-date: /home/nicolas/ws_ros2/install/px4_msgs/include/px4_msgs/px4_msgs/msg/detail/manual_control_setpoint__builder.hpp\n'}
[0.957992] (px4_msgs) StdoutLine: {'line': b'-- Up-to-date: /home/nicolas/ws_ros2/install/px4_msgs/include/px4_msgs/px4_msgs/msg/detail/sensor_preflight_mag__builder.hpp\n'}
[0.958035] (px4_msgs) StdoutLine: {'line': b'-- Up-to-date: /home/nicolas/ws_ros2/install/px4_msgs/include/px4_msgs/px4_msgs/msg/detail/rpm__type_support.hpp\n'}
[0.958072] (px4_msgs) StdoutLine: {'line': b'-- Up-to-date: /home/nicolas/ws_ros2/install/px4_msgs/include/px4_msgs/px4_msgs/msg/detail/sensor_gyro__type_support.hpp\n'}
[0.958113] (px4_msgs) StdoutLine: {'line': b'-- Up-to-date: /home/nicolas/ws_ros2/install/px4_msgs/include/px4_msgs/px4_msgs/msg/detail/velocity_limits__type_support.hpp\n'}
[0.958154] (px4_msgs) StdoutLine: {'line': b'-- Up-to-date: /home/nicolas/ws_ros2/install/px4_msgs/include/px4_msgs/px4_msgs/msg/detail/vehicle_thrust_setpoint__traits.hpp\n'}
[0.958203] (px4_msgs) StdoutLine: {'line': b'-- Up-to-date: /home/nicolas/ws_ros2/install/px4_msgs/include/px4_msgs/px4_msgs/msg/detail/airspeed__builder.hpp\n'}
[0.958278] (px4_msgs) StdoutLine: {'line': b'-- Up-to-date: /home/nicolas/ws_ros2/install/px4_msgs/include/px4_msgs/px4_msgs/msg/detail/actuator_armed__struct.hpp\n'}
[0.958339] (px4_msgs) StdoutLine: {'line': b'-- Up-to-date: /home/nicolas/ws_ros2/install/px4_msgs/include/px4_msgs/px4_msgs/msg/detail/sensor_gnss_status__type_support.hpp\n'}
[0.958387] (px4_msgs) StdoutLine: {'line': b'-- Up-to-date: /home/nicolas/ws_ros2/install/px4_msgs/include/px4_msgs/px4_msgs/msg/detail/vehicle_rates_setpoint__type_support.hpp\n'}
[0.958433] (px4_msgs) StdoutLine: {'line': b'-- Up-to-date: /home/nicolas/ws_ros2/install/px4_msgs/include/px4_msgs/px4_msgs/msg/detail/sensor_mag__type_support.hpp\n'}
[0.958483] (px4_msgs) StdoutLine: {'line': b'-- Up-to-date: /home/nicolas/ws_ros2/install/px4_msgs/include/px4_msgs/px4_msgs/msg/detail/mode_completed__traits.hpp\n'}
[0.958529] (px4_msgs) StdoutLine: {'line': b'-- Up-to-date: /home/nicolas/ws_ros2/install/px4_msgs/include/px4_msgs/px4_msgs/msg/detail/fuel_tank_status__struct.hpp\n'}
[0.958567] (px4_msgs) StdoutLine: {'line': b'-- Up-to-date: /home/nicolas/ws_ros2/install/px4_msgs/include/px4_msgs/px4_msgs/msg/detail/autotune_attitude_control_status__traits.hpp\n'}
[0.958604] (px4_msgs) StdoutLine: {'line': b'-- Up-to-date: /home/nicolas/ws_ros2/install/px4_msgs/include/px4_msgs/px4_msgs/msg/detail/vehicle_optical_flow__struct.hpp\n'}
[0.958640] (px4_msgs) StdoutLine: {'line': b'-- Up-to-date: /home/nicolas/ws_ros2/install/px4_msgs/include/px4_msgs/px4_msgs/msg/detail/camera_trigger__traits.hpp\n'}
[0.958678] (px4_msgs) StdoutLine: {'line': b'-- Up-to-date: /home/nicolas/ws_ros2/install/px4_msgs/include/px4_msgs/px4_msgs/msg/detail/estimator_innovations__type_support.hpp\n'}
[0.958712] (px4_msgs) StdoutLine: {'line': b'-- Up-to-date: /home/nicolas/ws_ros2/install/px4_msgs/include/px4_msgs/px4_msgs/msg/detail/transponder_report__builder.hpp\n'}
[0.958757] (px4_msgs) StdoutLine: {'line': b'-- Up-to-date: /home/nicolas/ws_ros2/install/px4_msgs/include/px4_msgs/px4_msgs/msg/detail/actuator_outputs__traits.hpp\n'}
[0.958792] (px4_msgs) StdoutLine: {'line': b'-- Up-to-date: /home/nicolas/ws_ros2/install/px4_msgs/include/px4_msgs/px4_msgs/msg/detail/rover_throttle_setpoint__type_support.hpp\n'}
[0.958827] (px4_msgs) StdoutLine: {'line': b'-- Up-to-date: /home/nicolas/ws_ros2/install/px4_msgs/include/px4_msgs/px4_msgs/msg/detail/gimbal_manager_status__type_support.hpp\n'}
[0.958860] (px4_msgs) StdoutLine: {'line': b'-- Up-to-date: /home/nicolas/ws_ros2/install/px4_msgs/include/px4_msgs/px4_msgs/msg/detail/parameter_set_used_request__type_support.hpp\n'}
[0.958892] (px4_msgs) StdoutLine: {'line': b'-- Up-to-date: /home/nicolas/ws_ros2/install/px4_msgs/include/px4_msgs/px4_msgs/msg/detail/debug_vect__traits.hpp\n'}
[0.958924] (px4_msgs) StdoutLine: {'line': b'-- Up-to-date: /home/nicolas/ws_ros2/install/px4_msgs/include/px4_msgs/px4_msgs/msg/detail/landing_target_pose__builder.hpp\n'}
[0.958957] (px4_msgs) StdoutLine: {'line': b'-- Up-to-date: /home/nicolas/ws_ros2/install/px4_msgs/include/px4_msgs/px4_msgs/msg/detail/orbit_status__builder.hpp\n'}
[0.958988] (px4_msgs) StdoutLine: {'line': b'-- Up-to-date: /home/nicolas/ws_ros2/install/px4_msgs/include/px4_msgs/px4_msgs/msg/detail/vehicle_command_ack__struct.hpp\n'}
[0.959018] (px4_msgs) StdoutLine: {'line': b'-- Up-to-date: /home/nicolas/ws_ros2/install/px4_msgs/include/px4_msgs/px4_msgs/msg/detail/rtl_status__struct.hpp\n'}
[0.959057] (px4_msgs) StdoutLine: {'line': b'-- Up-to-date: /home/nicolas/ws_ros2/install/px4_msgs/include/px4_msgs/px4_msgs/msg/detail/actuator_outputs__builder.hpp\n'}
[0.959089] (px4_msgs) StdoutLine: {'line': b'-- Up-to-date: /home/nicolas/ws_ros2/install/px4_msgs/include/px4_msgs/px4_msgs/msg/detail/open_drone_id_system__type_support.hpp\n'}
[0.959121] (px4_msgs) StdoutLine: {'line': b'-- Up-to-date: /home/nicolas/ws_ros2/install/px4_msgs/include/px4_msgs/px4_msgs/msg/detail/orbit_status__struct.hpp\n'}
[0.959153] (px4_msgs) StdoutLine: {'line': b'-- Up-to-date: /home/nicolas/ws_ros2/install/px4_msgs/include/px4_msgs/px4_msgs/msg/detail/vehicle_constraints__type_support.hpp\n'}
[0.959185] (px4_msgs) StdoutLine: {'line': b'-- Up-to-date: /home/nicolas/ws_ros2/install/px4_msgs/include/px4_msgs/px4_msgs/msg/detail/heater_status__builder.hpp\n'}
[0.959218] (px4_msgs) StdoutLine: {'line': b'-- Up-to-date: /home/nicolas/ws_ros2/install/px4_msgs/include/px4_msgs/px4_msgs/msg/detail/gimbal_controls__builder.hpp\n'}
[0.959251] (px4_msgs) StdoutLine: {'line': b'-- Up-to-date: /home/nicolas/ws_ros2/install/px4_msgs/include/px4_msgs/px4_msgs/msg/detail/sensor_uwb__type_support.hpp\n'}
[0.959285] (px4_msgs) StdoutLine: {'line': b'-- Up-to-date: /home/nicolas/ws_ros2/install/px4_msgs/include/px4_msgs/px4_msgs/msg/detail/register_ext_component_reply__traits.hpp\n'}
[0.959319] (px4_msgs) StdoutLine: {'line': b'-- Up-to-date: /home/nicolas/ws_ros2/install/px4_msgs/include/px4_msgs/px4_msgs/msg/detail/iridiumsbd_status__type_support.hpp\n'}
[0.959352] (px4_msgs) StdoutLine: {'line': b'-- Up-to-date: /home/nicolas/ws_ros2/install/px4_msgs/include/px4_msgs/px4_msgs/msg/detail/irlock_report__traits.hpp\n'}
[0.959384] (px4_msgs) StdoutLine: {'line': b'-- Up-to-date: /home/nicolas/ws_ros2/install/px4_msgs/include/px4_msgs/px4_msgs/msg/detail/differential_pressure__type_support.hpp\n'}
[0.959416] (px4_msgs) StdoutLine: {'line': b'-- Up-to-date: /home/nicolas/ws_ros2/install/px4_msgs/include/px4_msgs/px4_msgs/msg/detail/gps_inject_data__struct.hpp\n'}
[0.959458] (px4_msgs) StdoutLine: {'line': b'-- Up-to-date: /home/nicolas/ws_ros2/install/px4_msgs/include/px4_msgs/px4_msgs/msg/detail/sensor_accel__type_support.hpp\n'}
[0.959493] (px4_msgs) StdoutLine: {'line': b'-- Up-to-date: /home/nicolas/ws_ros2/install/px4_msgs/include/px4_msgs/px4_msgs/msg/detail/estimator_bias3d__traits.hpp\n'}
[0.959527] (px4_msgs) StdoutLine: {'line': b'-- Up-to-date: /home/nicolas/ws_ros2/install/px4_msgs/include/px4_msgs/px4_msgs/msg/detail/adc_report__traits.hpp\n'}
[0.959566] (px4_msgs) StdoutLine: {'line': b'-- Up-to-date: /home/nicolas/ws_ros2/install/px4_msgs/include/px4_msgs/px4_msgs/msg/detail/sensor_gyro_fft__struct.hpp\n'}
[0.959599] (px4_msgs) StdoutLine: {'line': b'-- Up-to-date: /home/nicolas/ws_ros2/install/px4_msgs/include/px4_msgs/px4_msgs/msg/detail/mode_completed__builder.hpp\n'}
[0.959632] (px4_msgs) StdoutLine: {'line': b'-- Up-to-date: /home/nicolas/ws_ros2/install/px4_msgs/include/px4_msgs/px4_msgs/msg/detail/sensor_baro__traits.hpp\n'}
[0.959664] (px4_msgs) StdoutLine: {'line': b'-- Up-to-date: /home/nicolas/ws_ros2/install/px4_msgs/include/px4_msgs/px4_msgs/msg/detail/message_format_request__traits.hpp\n'}
[0.959697] (px4_msgs) StdoutLine: {'line': b'-- Up-to-date: /home/nicolas/ws_ros2/install/px4_msgs/include/px4_msgs/px4_msgs/msg/detail/vehicle_land_detected__builder.hpp\n'}
[0.959730] (px4_msgs) StdoutLine: {'line': b'-- Up-to-date: /home/nicolas/ws_ros2/install/px4_msgs/include/px4_msgs/px4_msgs/msg/detail/debug_vect__struct.hpp\n'}
[0.959762] (px4_msgs) StdoutLine: {'line': b'-- Up-to-date: /home/nicolas/ws_ros2/install/px4_msgs/include/px4_msgs/px4_msgs/msg/detail/gpio_config__type_support.hpp\n'}
[0.959795] (px4_msgs) StdoutLine: {'line': b'-- Up-to-date: /home/nicolas/ws_ros2/install/px4_msgs/include/px4_msgs/px4_msgs/msg/detail/fixed_wing_lateral_status__traits.hpp\n'}
[0.959831] (px4_msgs) StdoutLine: {'line': b'-- Up-to-date: /home/nicolas/ws_ros2/install/px4_msgs/include/px4_msgs/px4_msgs/msg/detail/heater_status__type_support.hpp\n'}
[0.959864] (px4_msgs) StdoutLine: {'line': b'-- Up-to-date: /home/nicolas/ws_ros2/install/px4_msgs/include/px4_msgs/px4_msgs/msg/detail/sensor_airflow__struct.hpp\n'}
[0.959900] (px4_msgs) StdoutLine: {'line': b'-- Up-to-date: /home/nicolas/ws_ros2/install/px4_msgs/include/px4_msgs/px4_msgs/msg/detail/landing_target_innovations__traits.hpp\n'}
[0.959933] (px4_msgs) StdoutLine: {'line': b'-- Up-to-date: /home/nicolas/ws_ros2/install/px4_msgs/include/px4_msgs/px4_msgs/msg/detail/gimbal_device_attitude_status__type_support.hpp\n'}
[0.959966] (px4_msgs) StdoutLine: {'line': b'-- Up-to-date: /home/nicolas/ws_ros2/install/px4_msgs/include/px4_msgs/px4_msgs/msg/detail/estimator_states__traits.hpp\n'}
[0.959998] (px4_msgs) StdoutLine: {'line': b'-- Up-to-date: /home/nicolas/ws_ros2/install/px4_msgs/include/px4_msgs/px4_msgs/msg/detail/rover_attitude_status__type_support.hpp\n'}
[0.960031] (px4_msgs) StdoutLine: {'line': b'-- Up-to-date: /home/nicolas/ws_ros2/install/px4_msgs/include/px4_msgs/px4_msgs/msg/detail/system_power__type_support.hpp\n'}
[0.960065] (px4_msgs) StdoutLine: {'line': b'-- Up-to-date: /home/nicolas/ws_ros2/install/px4_msgs/include/px4_msgs/px4_msgs/msg/detail/generator_status__builder.hpp\n'}
[0.960098] (px4_msgs) StdoutLine: {'line': b'-- Up-to-date: /home/nicolas/ws_ros2/install/px4_msgs/include/px4_msgs/px4_msgs/msg/detail/estimator_gps_status__builder.hpp\n'}
[0.960131] (px4_msgs) StdoutLine: {'line': b'-- Up-to-date: /home/nicolas/ws_ros2/install/px4_msgs/include/px4_msgs/px4_msgs/msg/detail/dronecan_node_status__type_support.hpp\n'}
[0.960169] (px4_msgs) StdoutLine: {'line': b'-- Up-to-date: /home/nicolas/ws_ros2/install/px4_msgs/include/px4_msgs/px4_msgs/msg/detail/airspeed_wind__builder.hpp\n'}
[0.960203] (px4_msgs) StdoutLine: {'line': b'-- Up-to-date: /home/nicolas/ws_ros2/install/px4_msgs/include/px4_msgs/px4_msgs/msg/detail/log_message__builder.hpp\n'}
[0.960237] (px4_msgs) StdoutLine: {'line': b'-- Up-to-date: /home/nicolas/ws_ros2/install/px4_msgs/include/px4_msgs/px4_msgs/msg/detail/collision_constraints__traits.hpp\n'}
[0.960271] (px4_msgs) StdoutLine: {'line': b'-- Up-to-date: /home/nicolas/ws_ros2/install/px4_msgs/include/px4_msgs/px4_msgs/msg/detail/pwm_input__struct.hpp\n'}
[0.960303] (px4_msgs) StdoutLine: {'line': b'-- Up-to-date: /home/nicolas/ws_ros2/install/px4_msgs/include/px4_msgs/px4_msgs/msg/detail/parameter_reset_request__type_support.hpp\n'}
[0.960336] (px4_msgs) StdoutLine: {'line': b'-- Up-to-date: /home/nicolas/ws_ros2/install/px4_msgs/include/px4_msgs/px4_msgs/msg/detail/vehicle_imu_status__type_support.hpp\n'}
[0.960372] (px4_msgs) StdoutLine: {'line': b'-- Up-to-date: /home/nicolas/ws_ros2/install/px4_msgs/include/px4_msgs/px4_msgs/msg/detail/vehicle_thrust_setpoint__builder.hpp\n'}
[0.960406] (px4_msgs) StdoutLine: {'line': b'-- Up-to-date: /home/nicolas/ws_ros2/install/px4_msgs/include/px4_msgs/px4_msgs/msg/detail/radio_status__type_support.hpp\n'}
[0.960443] (px4_msgs) StdoutLine: {'line': b'-- Up-to-date: /home/nicolas/ws_ros2/install/px4_msgs/include/px4_msgs/px4_msgs/msg/detail/vehicle_imu__type_support.hpp\n'}
[0.960479] (px4_msgs) StdoutLine: {'line': b'-- Up-to-date: /home/nicolas/ws_ros2/install/px4_msgs/include/px4_msgs/px4_msgs/msg/detail/action_request__traits.hpp\n'}
[0.960512] (px4_msgs) StdoutLine: {'line': b'-- Up-to-date: /home/nicolas/ws_ros2/install/px4_msgs/include/px4_msgs/px4_msgs/msg/detail/gpio_request__builder.hpp\n'}
[0.960545] (px4_msgs) StdoutLine: {'line': b'-- Up-to-date: /home/nicolas/ws_ros2/install/px4_msgs/include/px4_msgs/px4_msgs/msg/detail/hover_thrust_estimate__builder.hpp\n'}
[0.960578] (px4_msgs) StdoutLine: {'line': b'-- Up-to-date: /home/nicolas/ws_ros2/install/px4_msgs/include/px4_msgs/px4_msgs/msg/detail/follow_target__type_support.hpp\n'}
[0.960614] (px4_msgs) StdoutLine: {'line': b'-- Up-to-date: /home/nicolas/ws_ros2/install/px4_msgs/include/px4_msgs/px4_msgs/msg/detail/airspeed_validated__traits.hpp\n'}
[0.960647] (px4_msgs) StdoutLine: {'line': b'-- Up-to-date: /home/nicolas/ws_ros2/install/px4_msgs/include/px4_msgs/px4_msgs/msg/detail/rc_parameter_map__struct.hpp\n'}
[0.960680] (px4_msgs) StdoutLine: {'line': b'-- Up-to-date: /home/nicolas/ws_ros2/install/px4_msgs/include/px4_msgs/px4_msgs/msg/detail/open_drone_id_arm_status__struct.hpp\n'}
[0.960713] (px4_msgs) StdoutLine: {'line': b'-- Up-to-date: /home/nicolas/ws_ros2/install/px4_msgs/include/px4_msgs/px4_msgs/msg/detail/gimbal_manager_status__traits.hpp\n'}
[0.960745] (px4_msgs) StdoutLine: {'line': b'-- Up-to-date: /home/nicolas/ws_ros2/install/px4_msgs/include/px4_msgs/px4_msgs/msg/detail/gimbal_device_set_attitude__struct.hpp\n'}
[0.960779] (px4_msgs) StdoutLine: {'line': b'-- Up-to-date: /home/nicolas/ws_ros2/install/px4_msgs/include/px4_msgs/px4_msgs/msg/detail/airspeed_validated__builder.hpp\n'}
[0.960812] (px4_msgs) StdoutLine: {'line': b'-- Up-to-date: /home/nicolas/ws_ros2/install/px4_msgs/include/px4_msgs/px4_msgs/msg/detail/gimbal_manager_set_manual_control__type_support.hpp\n'}
[0.960846] (px4_msgs) StdoutLine: {'line': b'-- Up-to-date: /home/nicolas/ws_ros2/install/px4_msgs/include/px4_msgs/px4_msgs/msg/detail/sensor_selection__traits.hpp\n'}
[0.960880] (px4_msgs) StdoutLine: {'line': b'-- Up-to-date: /home/nicolas/ws_ros2/install/px4_msgs/include/px4_msgs/px4_msgs/msg/detail/sensor_hygrometer__struct.hpp\n'}
[0.960918] (px4_msgs) StdoutLine: {'line': b'-- Up-to-date: /home/nicolas/ws_ros2/install/px4_msgs/include/px4_msgs/px4_msgs/msg/detail/airspeed_wind__struct.hpp\n'}
[0.960951] (px4_msgs) StdoutLine: {'line': b'-- Up-to-date: /home/nicolas/ws_ros2/install/px4_msgs/include/px4_msgs/px4_msgs/msg/detail/failsafe_flags__builder.hpp\n'}
[0.960985] (px4_msgs) StdoutLine: {'line': b'-- Up-to-date: /home/nicolas/ws_ros2/install/px4_msgs/include/px4_msgs/px4_msgs/msg/detail/input_rc__type_support.hpp\n'}
[0.961017] (px4_msgs) StdoutLine: {'line': b'-- Up-to-date: /home/nicolas/ws_ros2/install/px4_msgs/include/px4_msgs/px4_msgs/msg/detail/sensor_accel_fifo__struct.hpp\n'}
[0.961049] (px4_msgs) StdoutLine: {'line': b'-- Up-to-date: /home/nicolas/ws_ros2/install/px4_msgs/include/px4_msgs/px4_msgs/msg/detail/vtol_vehicle_status__type_support.hpp\n'}
[0.961081] (px4_msgs) StdoutLine: {'line': b'-- Up-to-date: /home/nicolas/ws_ros2/install/px4_msgs/include/px4_msgs/px4_msgs/msg/detail/parameter_update__struct.hpp\n'}
[0.961114] (px4_msgs) StdoutLine: {'line': b'-- Up-to-date: /home/nicolas/ws_ros2/install/px4_msgs/include/px4_msgs/px4_msgs/msg/detail/input_rc__builder.hpp\n'}
[0.961146] (px4_msgs) StdoutLine: {'line': b'-- Up-to-date: /home/nicolas/ws_ros2/install/px4_msgs/include/px4_msgs/px4_msgs/msg/detail/debug_value__builder.hpp\n'}
[0.961183] (px4_msgs) StdoutLine: {'line': b'-- Up-to-date: /home/nicolas/ws_ros2/install/px4_msgs/include/px4_msgs/px4_msgs/msg/detail/vehicle_optical_flow_vel__type_support.hpp\n'}
[0.961215] (px4_msgs) StdoutLine: {'line': b'-- Up-to-date: /home/nicolas/ws_ros2/install/px4_msgs/include/px4_msgs/px4_msgs/msg/detail/rover_throttle_setpoint__traits.hpp\n'}
[0.961248] (px4_msgs) StdoutLine: {'line': b'-- Up-to-date: /home/nicolas/ws_ros2/install/px4_msgs/include/px4_msgs/px4_msgs/msg/detail/sensor_baro__builder.hpp\n'}
[0.961286] (px4_msgs) StdoutLine: {'line': b'-- Up-to-date: /home/nicolas/ws_ros2/install/px4_msgs/include/px4_msgs/px4_msgs/msg/detail/control_allocator_status__type_support.hpp\n'}
[0.961318] (px4_msgs) StdoutLine: {'line': b'-- Up-to-date: /home/nicolas/ws_ros2/install/px4_msgs/include/px4_msgs/px4_msgs/msg/detail/vehicle_imu__struct.hpp\n'}
[0.961350] (px4_msgs) StdoutLine: {'line': b'-- Up-to-date: /home/nicolas/ws_ros2/install/px4_msgs/include/px4_msgs/px4_msgs/msg/detail/pwm_input__builder.hpp\n'}
[0.961381] (px4_msgs) StdoutLine: {'line': b'-- Up-to-date: /home/nicolas/ws_ros2/install/px4_msgs/include/px4_msgs/px4_msgs/msg/detail/tune_control__type_support.hpp\n'}
[0.961411] (px4_msgs) StdoutLine: {'line': b'-- Up-to-date: /home/nicolas/ws_ros2/install/px4_msgs/include/px4_msgs/px4_msgs/msg/detail/rover_rate_setpoint__struct.hpp\n'}
[0.961451] (px4_msgs) StdoutLine: {'line': b'-- Up-to-date: /home/nicolas/ws_ros2/install/px4_msgs/include/px4_msgs/px4_msgs/msg/detail/logger_status__builder.hpp\n'}
[0.961484] (px4_msgs) StdoutLine: {'line': b'-- Up-to-date: /home/nicolas/ws_ros2/install/px4_msgs/include/px4_msgs/px4_msgs/msg/detail/gripper__type_support.hpp\n'}
[0.961516] (px4_msgs) StdoutLine: {'line': b'-- Up-to-date: /home/nicolas/ws_ros2/install/px4_msgs/include/px4_msgs/px4_msgs/msg/detail/internal_combustion_engine_status__struct.hpp\n'}
[0.961549] (px4_msgs) StdoutLine: {'line': b'-- Up-to-date: /home/nicolas/ws_ros2/install/px4_msgs/include/px4_msgs/px4_msgs/msg/detail/rover_speed_status__builder.hpp\n'}
[0.961581] (px4_msgs) StdoutLine: {'line': b'-- Up-to-date: /home/nicolas/ws_ros2/install/px4_msgs/include/px4_msgs/px4_msgs/msg/detail/irlock_report__builder.hpp\n'}
[0.961612] (px4_msgs) StdoutLine: {'line': b'-- Up-to-date: /home/nicolas/ws_ros2/install/px4_msgs/include/px4_msgs/px4_msgs/msg/detail/mavlink_tunnel__builder.hpp\n'}
[0.961644] (px4_msgs) StdoutLine: {'line': b'-- Up-to-date: /home/nicolas/ws_ros2/install/px4_msgs/include/px4_msgs/px4_msgs/msg/detail/vehicle_roi__type_support.hpp\n'}
[0.961675] (px4_msgs) StdoutLine: {'line': b'-- Up-to-date: /home/nicolas/ws_ros2/install/px4_msgs/include/px4_msgs/px4_msgs/msg/detail/fixed_wing_runway_control__type_support.hpp\n'}
[0.961708] (px4_msgs) StdoutLine: {'line': b'-- Up-to-date: /home/nicolas/ws_ros2/install/px4_msgs/include/px4_msgs/px4_msgs/msg/detail/distance_sensor_mode_change_request__struct.hpp\n'}
[0.961741] (px4_msgs) StdoutLine: {'line': b'-- Up-to-date: /home/nicolas/ws_ros2/install/px4_msgs/include/px4_msgs/px4_msgs/msg/detail/estimator_bias3d__struct.hpp\n'}
[0.961773] (px4_msgs) StdoutLine: {'line': b'-- Up-to-date: /home/nicolas/ws_ros2/install/px4_msgs/include/px4_msgs/px4_msgs/msg/detail/vehicle_angular_velocity__type_support.hpp\n'}
[0.961804] (px4_msgs) StdoutLine: {'line': b'-- Up-to-date: /home/nicolas/ws_ros2/install/px4_msgs/include/px4_msgs/px4_msgs/msg/detail/parameter_update__traits.hpp\n'}
[0.961835] (px4_msgs) StdoutLine: {'line': b'-- Up-to-date: /home/nicolas/ws_ros2/install/px4_msgs/include/px4_msgs/px4_msgs/msg/detail/mavlink_log__builder.hpp\n'}
[0.961866] (px4_msgs) StdoutLine: {'line': b'-- Up-to-date: /home/nicolas/ws_ros2/install/px4_msgs/include/px4_msgs/px4_msgs/msg/detail/esc_status__struct.hpp\n'}
[0.961899] (px4_msgs) StdoutLine: {'line': b'-- Up-to-date: /home/nicolas/ws_ros2/install/px4_msgs/include/px4_msgs/px4_msgs/msg/detail/sensor_accel__struct.hpp\n'}
[0.961937] (px4_msgs) StdoutLine: {'line': b'-- Up-to-date: /home/nicolas/ws_ros2/install/px4_msgs/include/px4_msgs/px4_msgs/msg/detail/sensor_gyro_fifo__type_support.hpp\n'}
[0.961974] (px4_msgs) StdoutLine: {'line': b'-- Up-to-date: /home/nicolas/ws_ros2/install/px4_msgs/include/px4_msgs/px4_msgs/msg/detail/gps_dump__builder.hpp\n'}
[0.962006] (px4_msgs) StdoutLine: {'line': b'-- Up-to-date: /home/nicolas/ws_ros2/install/px4_msgs/include/px4_msgs/px4_msgs/msg/detail/orb_test__struct.hpp\n'}
[0.962038] (px4_msgs) StdoutLine: {'line': b'-- Up-to-date: /home/nicolas/ws_ros2/install/px4_msgs/include/px4_msgs/px4_msgs/msg/detail/ulog_stream_ack__struct.hpp\n'}
[0.962072] (px4_msgs) StdoutLine: {'line': b'-- Up-to-date: /home/nicolas/ws_ros2/install/px4_msgs/include/px4_msgs/px4_msgs/msg/detail/collision_constraints__builder.hpp\n'}
[0.962104] (px4_msgs) StdoutLine: {'line': b'-- Up-to-date: /home/nicolas/ws_ros2/install/px4_msgs/include/px4_msgs/px4_msgs/msg/detail/manual_control_switches__builder.hpp\n'}
[0.962138] (px4_msgs) StdoutLine: {'line': b'-- Up-to-date: /home/nicolas/ws_ros2/install/px4_msgs/include/px4_msgs/px4_msgs/msg/detail/sensor_correction__type_support.hpp\n'}
[0.962171] (px4_msgs) StdoutLine: {'line': b'-- Up-to-date: /home/nicolas/ws_ros2/install/px4_msgs/include/px4_msgs/px4_msgs/msg/detail/fixed_wing_lateral_status__type_support.hpp\n'}
[0.962204] (px4_msgs) StdoutLine: {'line': b'-- Up-to-date: /home/nicolas/ws_ros2/install/px4_msgs/include/px4_msgs/px4_msgs/msg/detail/camera_status__type_support.hpp\n'}
[0.962236] (px4_msgs) StdoutLine: {'line': b'-- Up-to-date: /home/nicolas/ws_ros2/install/px4_msgs/include/px4_msgs/px4_msgs/msg/detail/fixed_wing_longitudinal_setpoint__builder.hpp\n'}
[0.962268] (px4_msgs) StdoutLine: {'line': b'-- Up-to-date: /home/nicolas/ws_ros2/install/px4_msgs/include/px4_msgs/px4_msgs/msg/detail/follow_target_status__struct.hpp\n'}
[0.962301] (px4_msgs) StdoutLine: {'line': b'-- Up-to-date: /home/nicolas/ws_ros2/install/px4_msgs/include/px4_msgs/px4_msgs/msg/detail/vehicle_optical_flow_vel__struct.hpp\n'}
[0.962334] (px4_msgs) StdoutLine: {'line': b'-- Up-to-date: /home/nicolas/ws_ros2/install/px4_msgs/include/px4_msgs/px4_msgs/msg/detail/ekf2_timestamps__struct.hpp\n'}
[0.962366] (px4_msgs) StdoutLine: {'line': b'-- Up-to-date: /home/nicolas/ws_ros2/install/px4_msgs/include/px4_msgs/px4_msgs/msg/detail/satellite_info__traits.hpp\n'}
[0.962405] (px4_msgs) StdoutLine: {'line': b'-- Up-to-date: /home/nicolas/ws_ros2/install/px4_msgs/include/px4_msgs/px4_msgs/msg/detail/actuator_controls_status__builder.hpp\n'}
[0.962496] (px4_msgs) StdoutLine: {'line': b'-- Up-to-date: /home/nicolas/ws_ros2/install/px4_msgs/include/px4_msgs/px4_msgs/msg/detail/camera_status__builder.hpp\n'}
[0.962688] (px4_msgs) StdoutLine: {'line': b'-- Up-to-date: /home/nicolas/ws_ros2/install/px4_msgs/include/px4_msgs/px4_msgs/msg/detail/gpio_request__traits.hpp\n'}
[0.962785] (px4_msgs) StdoutLine: {'line': b'-- Up-to-date: /home/nicolas/ws_ros2/install/px4_msgs/include/px4_msgs/px4_msgs/msg/detail/vehicle_attitude_setpoint__builder.hpp\n'}
[0.962873] (px4_msgs) StdoutLine: {'line': b'-- Up-to-date: /home/nicolas/ws_ros2/install/px4_msgs/include/px4_msgs/px4_msgs/msg/detail/landing_gear__struct.hpp\n'}
[0.962956] (px4_msgs) StdoutLine: {'line': b'-- Up-to-date: /home/nicolas/ws_ros2/install/px4_msgs/include/px4_msgs/px4_msgs/msg/detail/vehicle_command_ack__type_support.hpp\n'}
[0.963035] (px4_msgs) StdoutLine: {'line': b'-- Up-to-date: /home/nicolas/ws_ros2/install/px4_msgs/include/px4_msgs/px4_msgs/msg/detail/power_button_state__struct.hpp\n'}
[0.963118] (px4_msgs) StdoutLine: {'line': b'-- Up-to-date: /home/nicolas/ws_ros2/install/px4_msgs/include/px4_msgs/px4_msgs/msg/detail/system_power__struct.hpp\n'}
[0.963198] (px4_msgs) StdoutLine: {'line': b'-- Up-to-date: /home/nicolas/ws_ros2/install/px4_msgs/include/px4_msgs/px4_msgs/msg/detail/battery_status__builder.hpp\n'}
[0.963275] (px4_msgs) StdoutLine: {'line': b'-- Up-to-date: /home/nicolas/ws_ros2/install/px4_msgs/include/px4_msgs/px4_msgs/msg/detail/estimator_sensor_bias__struct.hpp\n'}
[0.963369] (px4_msgs) StdoutLine: {'line': b'-- Up-to-date: /home/nicolas/ws_ros2/install/px4_msgs/include/px4_msgs/px4_msgs/msg/detail/dronecan_node_status__struct.hpp\n'}
[0.963457] (px4_msgs) StdoutLine: {'line': b'-- Up-to-date: /home/nicolas/ws_ros2/install/px4_msgs/include/px4_msgs/px4_msgs/msg/detail/follow_target_estimator__builder.hpp\n'}
[0.963542] (px4_msgs) StdoutLine: {'line': b'-- Up-to-date: /home/nicolas/ws_ros2/install/px4_msgs/include/px4_msgs/px4_msgs/msg/detail/camera_trigger__builder.hpp\n'}
[0.963617] (px4_msgs) StdoutLine: {'line': b'-- Up-to-date: /home/nicolas/ws_ros2/install/px4_msgs/include/px4_msgs/px4_msgs/msg/detail/orb_test__builder.hpp\n'}
[0.963695] (px4_msgs) StdoutLine: {'line': b'-- Up-to-date: /home/nicolas/ws_ros2/install/px4_msgs/include/px4_msgs/px4_msgs/msg/detail/gimbal_manager_set_attitude__struct.hpp\n'}
[0.963771] (px4_msgs) StdoutLine: {'line': b'-- Up-to-date: /home/nicolas/ws_ros2/install/px4_msgs/include/px4_msgs/px4_msgs/msg/detail/normalized_unsigned_setpoint__builder.hpp\n'}
[0.963847] (px4_msgs) StdoutLine: {'line': b'-- Up-to-date: /home/nicolas/ws_ros2/install/px4_msgs/include/px4_msgs/px4_msgs/msg/detail/sensor_selection__builder.hpp\n'}
[0.963921] (px4_msgs) StdoutLine: {'line': b'-- Up-to-date: /home/nicolas/ws_ros2/install/px4_msgs/include/px4_msgs/px4_msgs/msg/detail/vehicle_thrust_setpoint__type_support.hpp\n'}
[0.964003] (px4_msgs) StdoutLine: {'line': b'-- Up-to-date: /home/nicolas/ws_ros2/install/px4_msgs/include/px4_msgs/px4_msgs/msg/detail/sensor_mag__traits.hpp\n'}
[0.964078] (px4_msgs) StdoutLine: {'line': b'-- Up-to-date: /home/nicolas/ws_ros2/install/px4_msgs/include/px4_msgs/px4_msgs/msg/detail/debug_key_value__traits.hpp\n'}
[0.964152] (px4_msgs) StdoutLine: {'line': b'-- Up-to-date: /home/nicolas/ws_ros2/install/px4_msgs/include/px4_msgs/px4_msgs/msg/detail/sensor_selection__struct.hpp\n'}
[0.964226] (px4_msgs) StdoutLine: {'line': b'-- Up-to-date: /home/nicolas/ws_ros2/install/px4_msgs/include/px4_msgs/px4_msgs/msg/detail/tiltrotor_extra_controls__type_support.hpp\n'}
[0.964301] (px4_msgs) StdoutLine: {'line': b'-- Up-to-date: /home/nicolas/ws_ros2/install/px4_msgs/include/px4_msgs/px4_msgs/msg/detail/iridiumsbd_status__traits.hpp\n'}
[0.964375] (px4_msgs) StdoutLine: {'line': b'-- Up-to-date: /home/nicolas/ws_ros2/install/px4_msgs/include/px4_msgs/px4_msgs/msg/detail/open_drone_id_operator_id__traits.hpp\n'}
[0.964457] (px4_msgs) StdoutLine: {'line': b'-- Up-to-date: /home/nicolas/ws_ros2/install/px4_msgs/include/px4_msgs/px4_msgs/msg/detail/camera_capture__builder.hpp\n'}
[0.964537] (px4_msgs) StdoutLine: {'line': b'-- Up-to-date: /home/nicolas/ws_ros2/install/px4_msgs/include/px4_msgs/px4_msgs/msg/detail/trajectory_setpoint__builder.hpp\n'}
[0.964612] (px4_msgs) StdoutLine: {'line': b'-- Up-to-date: /home/nicolas/ws_ros2/install/px4_msgs/include/px4_msgs/px4_msgs/msg/detail/rtl_status__traits.hpp\n'}
[0.964688] (px4_msgs) StdoutLine: {'line': b'-- Up-to-date: /home/nicolas/ws_ros2/install/px4_msgs/include/px4_msgs/px4_msgs/msg/detail/autotune_attitude_control_status__struct.hpp\n'}
[0.964762] (px4_msgs) StdoutLine: {'line': b'-- Up-to-date: /home/nicolas/ws_ros2/install/px4_msgs/include/px4_msgs/px4_msgs/msg/detail/mount_orientation__traits.hpp\n'}
[0.964836] (px4_msgs) StdoutLine: {'line': b'-- Up-to-date: /home/nicolas/ws_ros2/install/px4_msgs/include/px4_msgs/px4_msgs/msg/detail/vehicle_local_position_setpoint__type_support.hpp\n'}
[0.964913] (px4_msgs) StdoutLine: {'line': b'-- Up-to-date: /home/nicolas/ws_ros2/install/px4_msgs/include/px4_msgs/px4_msgs/msg/detail/mount_orientation__struct.hpp\n'}
[0.964987] (px4_msgs) StdoutLine: {'line': b'-- Up-to-date: /home/nicolas/ws_ros2/install/px4_msgs/include/px4_msgs/px4_msgs/msg/detail/rc_channels__builder.hpp\n'}
[0.965061] (px4_msgs) StdoutLine: {'line': b'-- Up-to-date: /home/nicolas/ws_ros2/install/px4_msgs/include/px4_msgs/px4_msgs/msg/detail/actuator_controls_status__type_support.hpp\n'}
[0.965153] (px4_msgs) StdoutLine: {'line': b'-- Up-to-date: /home/nicolas/ws_ros2/install/px4_msgs/include/px4_msgs/px4_msgs/msg/detail/estimator_aid_source2d__type_support.hpp\n'}
[0.965233] (px4_msgs) StdoutLine: {'line': b'-- Up-to-date: /home/nicolas/ws_ros2/install/px4_msgs/include/px4_msgs/px4_msgs/msg/detail/event__traits.hpp\n'}
[0.965309] (px4_msgs) StdoutLine: {'line': b'-- Up-to-date: /home/nicolas/ws_ros2/install/px4_msgs/include/px4_msgs/px4_msgs/msg/detail/gimbal_controls__type_support.hpp\n'}
[0.965421] (px4_msgs) StdoutLine: {'line': b'-- Up-to-date: /home/nicolas/ws_ros2/install/px4_msgs/include/px4_msgs/px4_msgs/msg/detail/sensor_gnss_relative__struct.hpp\n'}
[0.965516] (px4_msgs) StdoutLine: {'line': b'-- Up-to-date: /home/nicolas/ws_ros2/install/px4_msgs/include/px4_msgs/px4_msgs/msg/detail/mission__traits.hpp\n'}
[0.965558] (px4_msgs) StdoutLine: {'line': b'-- Up-to-date: /home/nicolas/ws_ros2/install/px4_msgs/include/px4_msgs/px4_msgs/msg/detail/rover_position_setpoint__type_support.hpp\n'}
[0.965596] (px4_msgs) StdoutLine: {'line': b'-- Up-to-date: /home/nicolas/ws_ros2/install/px4_msgs/include/px4_msgs/px4_msgs/msg/detail/gimbal_controls__struct.hpp\n'}
[0.965633] (px4_msgs) StdoutLine: {'line': b'-- Up-to-date: /home/nicolas/ws_ros2/install/px4_msgs/include/px4_msgs/px4_msgs/msg/detail/position_controller_status__struct.hpp\n'}
[0.965666] (px4_msgs) StdoutLine: {'line': b'-- Up-to-date: /home/nicolas/ws_ros2/install/px4_msgs/include/px4_msgs/px4_msgs/msg/detail/radio_status__traits.hpp\n'}
[0.965699] (px4_msgs) StdoutLine: {'line': b'-- Up-to-date: /home/nicolas/ws_ros2/install/px4_msgs/include/px4_msgs/px4_msgs/msg/detail/vehicle_land_detected__type_support.hpp\n'}
[0.965732] (px4_msgs) StdoutLine: {'line': b'-- Up-to-date: /home/nicolas/ws_ros2/install/px4_msgs/include/px4_msgs/px4_msgs/msg/detail/distance_sensor__struct.hpp\n'}
[0.965764] (px4_msgs) StdoutLine: {'line': b'-- Up-to-date: /home/nicolas/ws_ros2/install/px4_msgs/include/px4_msgs/px4_msgs/msg/detail/navigator_status__builder.hpp\n'}
[0.965796] (px4_msgs) StdoutLine: {'line': b'-- Up-to-date: /home/nicolas/ws_ros2/install/px4_msgs/include/px4_msgs/px4_msgs/msg/detail/dataman_response__struct.hpp\n'}
[0.965828] (px4_msgs) StdoutLine: {'line': b'-- Up-to-date: /home/nicolas/ws_ros2/install/px4_msgs/include/px4_msgs/px4_msgs/msg/detail/debug_key_value__type_support.hpp\n'}
[0.965860] (px4_msgs) StdoutLine: {'line': b'-- Up-to-date: /home/nicolas/ws_ros2/install/px4_msgs/include/px4_msgs/px4_msgs/msg/detail/power_button_state__builder.hpp\n'}
[0.965903] (px4_msgs) StdoutLine: {'line': b'-- Up-to-date: /home/nicolas/ws_ros2/install/px4_msgs/include/px4_msgs/px4_msgs/msg/detail/mission_result__type_support.hpp\n'}
[0.965934] (px4_msgs) StdoutLine: {'line': b'-- Up-to-date: /home/nicolas/ws_ros2/install/px4_msgs/include/px4_msgs/px4_msgs/msg/detail/generator_status__traits.hpp\n'}
[0.965964] (px4_msgs) StdoutLine: {'line': b'-- Up-to-date: /home/nicolas/ws_ros2/install/px4_msgs/include/px4_msgs/px4_msgs/msg/detail/sensor_gnss_relative__traits.hpp\n'}
[0.965995] (px4_msgs) StdoutLine: {'line': b'-- Up-to-date: /home/nicolas/ws_ros2/install/px4_msgs/include/px4_msgs/px4_msgs/msg/detail/sensor_combined__type_support.hpp\n'}
[0.966026] (px4_msgs) StdoutLine: {'line': b'-- Up-to-date: /home/nicolas/ws_ros2/install/px4_msgs/include/px4_msgs/px4_msgs/msg/detail/vehicle_command__type_support.hpp\n'}
[0.966056] (px4_msgs) StdoutLine: {'line': b'-- Up-to-date: /home/nicolas/ws_ros2/install/px4_msgs/include/px4_msgs/px4_msgs/msg/detail/parameter_update__type_support.hpp\n'}
[0.966087] (px4_msgs) StdoutLine: {'line': b'-- Up-to-date: /home/nicolas/ws_ros2/install/px4_msgs/include/px4_msgs/px4_msgs/msg/detail/airspeed_validated__type_support.hpp\n'}
[0.966117] (px4_msgs) StdoutLine: {'line': b'-- Up-to-date: /home/nicolas/ws_ros2/install/px4_msgs/include/px4_msgs/px4_msgs/msg/detail/action_request__type_support.hpp\n'}
[0.966149] (px4_msgs) StdoutLine: {'line': b'-- Up-to-date: /home/nicolas/ws_ros2/install/px4_msgs/include/px4_msgs/px4_msgs/msg/detail/gpio_out__builder.hpp\n'}
[0.966179] (px4_msgs) StdoutLine: {'line': b'-- Up-to-date: /home/nicolas/ws_ros2/install/px4_msgs/include/px4_msgs/px4_msgs/msg/detail/parameter_set_used_request__traits.hpp\n'}
[0.966219] (px4_msgs) StdoutLine: {'line': b'-- Up-to-date: /home/nicolas/ws_ros2/install/px4_msgs/include/px4_msgs/px4_msgs/msg/detail/rate_ctrl_status__type_support.hpp\n'}
[0.966266] (px4_msgs) StdoutLine: {'line': b'-- Up-to-date: /home/nicolas/ws_ros2/install/px4_msgs/include/px4_msgs/px4_msgs/msg/detail/sensor_uwb__builder.hpp\n'}
[0.966301] (px4_msgs) StdoutLine: {'line': b'-- Up-to-date: /home/nicolas/ws_ros2/install/px4_msgs/include/px4_msgs/px4_msgs/msg/detail/trajectory_setpoint6dof__builder.hpp\n'}
[0.966334] (px4_msgs) StdoutLine: {'line': b'-- Up-to-date: /home/nicolas/ws_ros2/install/px4_msgs/include/px4_msgs/px4_msgs/msg/detail/landing_target_innovations__struct.hpp\n'}
[0.966372] (px4_msgs) StdoutLine: {'line': b'-- Up-to-date: /home/nicolas/ws_ros2/install/px4_msgs/include/px4_msgs/px4_msgs/msg/detail/estimator_event_flags__traits.hpp\n'}
[0.966404] (px4_msgs) StdoutLine: {'line': b'-- Up-to-date: /home/nicolas/ws_ros2/install/px4_msgs/include/px4_msgs/px4_msgs/msg/detail/ekf2_timestamps__traits.hpp\n'}
[0.966441] (px4_msgs) StdoutLine: {'line': b'-- Up-to-date: /home/nicolas/ws_ros2/install/px4_msgs/include/px4_msgs/px4_msgs/msg/detail/actuator_armed__builder.hpp\n'}
[0.966473] (px4_msgs) StdoutLine: {'line': b'-- Up-to-date: /home/nicolas/ws_ros2/install/px4_msgs/include/px4_msgs/px4_msgs/msg/detail/sensors_status__struct.hpp\n'}
[0.966512] (px4_msgs) StdoutLine: {'line': b'-- Up-to-date: /home/nicolas/ws_ros2/install/px4_msgs/include/px4_msgs/px4_msgs/msg/detail/rover_rate_status__traits.hpp\n'}
[0.966543] (px4_msgs) StdoutLine: {'line': b'-- Up-to-date: /home/nicolas/ws_ros2/install/px4_msgs/include/px4_msgs/px4_msgs/msg/detail/can_interface_status__builder.hpp\n'}
[0.966574] (px4_msgs) StdoutLine: {'line': b'-- Up-to-date: /home/nicolas/ws_ros2/install/px4_msgs/include/px4_msgs/px4_msgs/msg/detail/follow_target_status__traits.hpp\n'}
[0.966606] (px4_msgs) StdoutLine: {'line': b'-- Up-to-date: /home/nicolas/ws_ros2/install/px4_msgs/include/px4_msgs/px4_msgs/msg/detail/sensor_combined__builder.hpp\n'}
[0.966638] (px4_msgs) StdoutLine: {'line': b'-- Up-to-date: /home/nicolas/ws_ros2/install/px4_msgs/include/px4_msgs/px4_msgs/msg/detail/mag_worker_data__builder.hpp\n'}
[0.966668] (px4_msgs) StdoutLine: {'line': b'-- Up-to-date: /home/nicolas/ws_ros2/install/px4_msgs/include/px4_msgs/px4_msgs/msg/detail/open_drone_id_system__builder.hpp\n'}
[0.966700] (px4_msgs) StdoutLine: {'line': b'-- Up-to-date: /home/nicolas/ws_ros2/install/px4_msgs/include/px4_msgs/px4_msgs/msg/detail/internal_combustion_engine_status__type_support.hpp\n'}
[0.966731] (px4_msgs) StdoutLine: {'line': b'-- Up-to-date: /home/nicolas/ws_ros2/install/px4_msgs/include/px4_msgs/px4_msgs/msg/detail/led_control__builder.hpp\n'}
[0.966761] (px4_msgs) StdoutLine: {'line': b'-- Up-to-date: /home/nicolas/ws_ros2/install/px4_msgs/include/px4_msgs/px4_msgs/msg/detail/open_drone_id_operator_id__struct.hpp\n'}
[0.966792] (px4_msgs) StdoutLine: {'line': b'-- Up-to-date: /home/nicolas/ws_ros2/install/px4_msgs/include/px4_msgs/px4_msgs/msg/detail/sensors_status__traits.hpp\n'}
[0.966821] (px4_msgs) StdoutLine: {'line': b'-- Up-to-date: /home/nicolas/ws_ros2/install/px4_msgs/include/px4_msgs/px4_msgs/msg/detail/position_controller_landing_status__builder.hpp\n'}
[0.966852] (px4_msgs) StdoutLine: {'line': b'-- Up-to-date: /home/nicolas/ws_ros2/install/px4_msgs/include/px4_msgs/px4_msgs/msg/detail/mavlink_tunnel__struct.hpp\n'}
[0.966882] (px4_msgs) StdoutLine: {'line': b'-- Up-to-date: /home/nicolas/ws_ros2/install/px4_msgs/include/px4_msgs/px4_msgs/msg/detail/vehicle_global_position__builder.hpp\n'}
[0.966916] (px4_msgs) StdoutLine: {'line': b'-- Up-to-date: /home/nicolas/ws_ros2/install/px4_msgs/include/px4_msgs/px4_msgs/msg/detail/vehicle_magnetometer__struct.hpp\n'}
[0.966946] (px4_msgs) StdoutLine: {'line': b'-- Up-to-date: /home/nicolas/ws_ros2/install/px4_msgs/include/px4_msgs/px4_msgs/msg/detail/onboard_computer_status__type_support.hpp\n'}
[0.966979] (px4_msgs) StdoutLine: {'line': b'-- Up-to-date: /home/nicolas/ws_ros2/install/px4_msgs/include/px4_msgs/px4_msgs/msg/detail/sensor_gps__type_support.hpp\n'}
[0.967009] (px4_msgs) StdoutLine: {'line': b'-- Up-to-date: /home/nicolas/ws_ros2/install/px4_msgs/include/px4_msgs/px4_msgs/msg/detail/sensor_accel__builder.hpp\n'}
[0.967039] (px4_msgs) StdoutLine: {'line': b'-- Up-to-date: /home/nicolas/ws_ros2/install/px4_msgs/include/px4_msgs/px4_msgs/msg/detail/sensor_optical_flow__traits.hpp\n'}
[0.967069] (px4_msgs) StdoutLine: {'line': b'-- Up-to-date: /home/nicolas/ws_ros2/install/px4_msgs/include/px4_msgs/px4_msgs/msg/detail/dronecan_node_status__builder.hpp\n'}
[0.967099] (px4_msgs) StdoutLine: {'line': b'-- Up-to-date: /home/nicolas/ws_ros2/install/px4_msgs/include/px4_msgs/px4_msgs/msg/detail/rover_speed_setpoint__struct.hpp\n'}
[0.967129] (px4_msgs) StdoutLine: {'line': b'-- Up-to-date: /home/nicolas/ws_ros2/install/px4_msgs/include/px4_msgs/px4_msgs/msg/detail/timesync_status__builder.hpp\n'}
[0.967159] (px4_msgs) StdoutLine: {'line': b'-- Up-to-date: /home/nicolas/ws_ros2/install/px4_msgs/include/px4_msgs/px4_msgs/msg/detail/manual_control_switches__type_support.hpp\n'}
[0.967189] (px4_msgs) StdoutLine: {'line': b'-- Up-to-date: /home/nicolas/ws_ros2/install/px4_msgs/include/px4_msgs/px4_msgs/msg/detail/tecs_status__type_support.hpp\n'}
[0.967220] (px4_msgs) StdoutLine: {'line': b'-- Up-to-date: /home/nicolas/ws_ros2/install/px4_msgs/include/px4_msgs/px4_msgs/msg/detail/rover_position_setpoint__builder.hpp\n'}
[0.967249] (px4_msgs) StdoutLine: {'line': b'-- Up-to-date: /home/nicolas/ws_ros2/install/px4_msgs/include/px4_msgs/px4_msgs/msg/detail/sensor_preflight_mag__type_support.hpp\n'}
[0.967279] (px4_msgs) StdoutLine: {'line': b'-- Up-to-date: /home/nicolas/ws_ros2/install/px4_msgs/include/px4_msgs/px4_msgs/msg/detail/uavcan_parameter_value__builder.hpp\n'}
[0.967308] (px4_msgs) StdoutLine: {'line': b'-- Up-to-date: /home/nicolas/ws_ros2/install/px4_msgs/include/px4_msgs/px4_msgs/msg/detail/estimator_selector_status__builder.hpp\n'}
[0.967338] (px4_msgs) StdoutLine: {'line': b'-- Up-to-date: /home/nicolas/ws_ros2/install/px4_msgs/include/px4_msgs/px4_msgs/msg/detail/health_report__builder.hpp\n'}
[0.967367] (px4_msgs) StdoutLine: {'line': b'-- Up-to-date: /home/nicolas/ws_ros2/install/px4_msgs/include/px4_msgs/px4_msgs/msg/detail/vehicle_magnetometer__traits.hpp\n'}
[0.967396] (px4_msgs) StdoutLine: {'line': b'-- Up-to-date: /home/nicolas/ws_ros2/install/px4_msgs/include/px4_msgs/px4_msgs/msg/detail/open_drone_id_system__struct.hpp\n'}
[0.967426] (px4_msgs) StdoutLine: {'line': b'-- Up-to-date: /home/nicolas/ws_ros2/install/px4_msgs/include/px4_msgs/px4_msgs/msg/detail/ping__builder.hpp\n'}
[0.967463] (px4_msgs) StdoutLine: {'line': b'-- Up-to-date: /home/nicolas/ws_ros2/install/px4_msgs/include/px4_msgs/px4_msgs/msg/detail/control_allocator_status__struct.hpp\n'}
[0.967493] (px4_msgs) StdoutLine: {'line': b'-- Up-to-date: /home/nicolas/ws_ros2/install/px4_msgs/include/px4_msgs/px4_msgs/msg/detail/sensor_mag__builder.hpp\n'}
[0.967528] (px4_msgs) StdoutLine: {'line': b'-- Up-to-date: /home/nicolas/ws_ros2/install/px4_msgs/include/px4_msgs/px4_msgs/msg/detail/follow_target__traits.hpp\n'}
[0.967558] (px4_msgs) StdoutLine: {'line': b'-- Up-to-date: /home/nicolas/ws_ros2/install/px4_msgs/include/px4_msgs/px4_msgs/msg/detail/vehicle_attitude_setpoint__traits.hpp\n'}
[0.967588] (px4_msgs) StdoutLine: {'line': b'-- Up-to-date: /home/nicolas/ws_ros2/install/px4_msgs/include/px4_msgs/px4_msgs/msg/detail/iridiumsbd_status__struct.hpp\n'}
[0.967618] (px4_msgs) StdoutLine: {'line': b'-- Up-to-date: /home/nicolas/ws_ros2/install/px4_msgs/include/px4_msgs/px4_msgs/msg/detail/irlock_report__type_support.hpp\n'}
[0.967648] (px4_msgs) StdoutLine: {'line': b'-- Up-to-date: /home/nicolas/ws_ros2/install/px4_msgs/include/px4_msgs/px4_msgs/msg/detail/actuator_servos_trim__struct.hpp\n'}
[0.967677] (px4_msgs) StdoutLine: {'line': b'-- Up-to-date: /home/nicolas/ws_ros2/install/px4_msgs/include/px4_msgs/px4_msgs/msg/detail/logger_status__type_support.hpp\n'}
[0.967710] (px4_msgs) StdoutLine: {'line': b'-- Up-to-date: /home/nicolas/ws_ros2/install/px4_msgs/include/px4_msgs/px4_msgs/msg/detail/onboard_computer_status__builder.hpp\n'}
[0.967739] (px4_msgs) StdoutLine: {'line': b'-- Up-to-date: /home/nicolas/ws_ros2/install/px4_msgs/include/px4_msgs/px4_msgs/msg/detail/gpio_request__struct.hpp\n'}
[0.967769] (px4_msgs) StdoutLine: {'line': b'-- Up-to-date: /home/nicolas/ws_ros2/install/px4_msgs/include/px4_msgs/px4_msgs/msg/detail/rover_throttle_setpoint__builder.hpp\n'}
[0.967798] (px4_msgs) StdoutLine: {'line': b'-- Up-to-date: /home/nicolas/ws_ros2/install/px4_msgs/include/px4_msgs/px4_msgs/msg/detail/follow_target_estimator__type_support.hpp\n'}
[0.967828] (px4_msgs) StdoutLine: {'line': b'-- Up-to-date: /home/nicolas/ws_ros2/install/px4_msgs/include/px4_msgs/px4_msgs/msg/detail/figure_eight_status__struct.hpp\n'}
[0.967860] (px4_msgs) StdoutLine: {'line': b'-- Up-to-date: /home/nicolas/ws_ros2/install/px4_msgs/include/px4_msgs/px4_msgs/msg/detail/ekf2_timestamps__builder.hpp\n'}
[0.967890] (px4_msgs) StdoutLine: {'line': b'-- Up-to-date: /home/nicolas/ws_ros2/install/px4_msgs/include/px4_msgs/px4_msgs/msg/detail/vehicle_acceleration__type_support.hpp\n'}
[0.967921] (px4_msgs) StdoutLine: {'line': b'-- Up-to-date: /home/nicolas/ws_ros2/install/px4_msgs/include/px4_msgs/px4_msgs/msg/detail/camera_status__traits.hpp\n'}
[0.967951] (px4_msgs) StdoutLine: {'line': b'-- Up-to-date: /home/nicolas/ws_ros2/install/px4_msgs/include/px4_msgs/px4_msgs/msg/detail/takeoff_status__builder.hpp\n'}
[0.967981] (px4_msgs) StdoutLine: {'line': b'-- Up-to-date: /home/nicolas/ws_ros2/install/px4_msgs/include/px4_msgs/px4_msgs/msg/detail/landing_gear_wheel__traits.hpp\n'}
[0.968011] (px4_msgs) StdoutLine: {'line': b'-- Up-to-date: /home/nicolas/ws_ros2/install/px4_msgs/include/px4_msgs/px4_msgs/msg/detail/vehicle_angular_acceleration_setpoint__builder.hpp\n'}
[0.968042] (px4_msgs) StdoutLine: {'line': b'-- Up-to-date: /home/nicolas/ws_ros2/install/px4_msgs/include/px4_msgs/px4_msgs/msg/detail/sensor_hygrometer__traits.hpp\n'}
[0.968071] (px4_msgs) StdoutLine: {'line': b'-- Up-to-date: /home/nicolas/ws_ros2/install/px4_msgs/include/px4_msgs/px4_msgs/msg/detail/transponder_report__type_support.hpp\n'}
[0.968101] (px4_msgs) StdoutLine: {'line': b'-- Up-to-date: /home/nicolas/ws_ros2/install/px4_msgs/include/px4_msgs/px4_msgs/msg/detail/gimbal_manager_set_manual_control__traits.hpp\n'}
[0.968130] (px4_msgs) StdoutLine: {'line': b'-- Up-to-date: /home/nicolas/ws_ros2/install/px4_msgs/include/px4_msgs/px4_msgs/msg/detail/tiltrotor_extra_controls__struct.hpp\n'}
[0.968160] (px4_msgs) StdoutLine: {'line': b'-- Up-to-date: /home/nicolas/ws_ros2/install/px4_msgs/include/px4_msgs/px4_msgs/msg/detail/gpio_out__traits.hpp\n'}
[0.968189] (px4_msgs) StdoutLine: {'line': b'-- Up-to-date: /home/nicolas/ws_ros2/install/px4_msgs/include/px4_msgs/px4_msgs/msg/detail/vehicle_attitude__traits.hpp\n'}
[0.968219] (px4_msgs) StdoutLine: {'line': b'-- Up-to-date: /home/nicolas/ws_ros2/install/px4_msgs/include/px4_msgs/px4_msgs/msg/detail/orb_test_medium__traits.hpp\n'}
[0.968250] (px4_msgs) StdoutLine: {'line': b'-- Up-to-date: /home/nicolas/ws_ros2/install/px4_msgs/include/px4_msgs/px4_msgs/msg/detail/rc_channels__type_support.hpp\n'}
[0.968280] (px4_msgs) StdoutLine: {'line': b'-- Up-to-date: /home/nicolas/ws_ros2/install/px4_msgs/include/px4_msgs/px4_msgs/msg/detail/landing_gear_wheel__type_support.hpp\n'}
[0.968309] (px4_msgs) StdoutLine: {'line': b'-- Up-to-date: /home/nicolas/ws_ros2/install/px4_msgs/include/px4_msgs/px4_msgs/msg/detail/estimator_aid_source1d__type_support.hpp\n'}
[0.968339] (px4_msgs) StdoutLine: {'line': b'-- Up-to-date: /home/nicolas/ws_ros2/install/px4_msgs/include/px4_msgs/px4_msgs/msg/detail/parameter_reset_request__struct.hpp\n'}
[0.968369] (px4_msgs) StdoutLine: {'line': b'-- Up-to-date: /home/nicolas/ws_ros2/install/px4_msgs/include/px4_msgs/px4_msgs/msg/detail/goto_setpoint__traits.hpp\n'}
[0.968398] (px4_msgs) StdoutLine: {'line': b'-- Up-to-date: /home/nicolas/ws_ros2/install/px4_msgs/include/px4_msgs/px4_msgs/msg/detail/debug_vect__type_support.hpp\n'}
[0.968435] (px4_msgs) StdoutLine: {'line': b'-- Up-to-date: /home/nicolas/ws_ros2/install/px4_msgs/include/px4_msgs/px4_msgs/msg/detail/vehicle_command__struct.hpp\n'}
[0.968467] (px4_msgs) StdoutLine: {'line': b'-- Up-to-date: /home/nicolas/ws_ros2/install/px4_msgs/include/px4_msgs/px4_msgs/msg/detail/sensors_status__builder.hpp\n'}
[0.968497] (px4_msgs) StdoutLine: {'line': b'-- Up-to-date: /home/nicolas/ws_ros2/install/px4_msgs/include/px4_msgs/px4_msgs/msg/detail/obstacle_distance__traits.hpp\n'}
[0.968532] (px4_msgs) StdoutLine: {'line': b'-- Up-to-date: /home/nicolas/ws_ros2/install/px4_msgs/include/px4_msgs/px4_msgs/msg/detail/rover_speed_status__type_support.hpp\n'}
[0.968562] (px4_msgs) StdoutLine: {'line': b'-- Up-to-date: /home/nicolas/ws_ros2/install/px4_msgs/include/px4_msgs/px4_msgs/msg/detail/actuator_servos__type_support.hpp\n'}
[0.968594] (px4_msgs) StdoutLine: {'line': b'-- Up-to-date: /home/nicolas/ws_ros2/install/px4_msgs/include/px4_msgs/px4_msgs/msg/detail/differential_pressure__builder.hpp\n'}
[0.968624] (px4_msgs) StdoutLine: {'line': b'-- Up-to-date: /home/nicolas/ws_ros2/install/px4_msgs/include/px4_msgs/px4_msgs/msg/detail/mission__type_support.hpp\n'}
[0.968654] (px4_msgs) StdoutLine: {'line': b'-- Up-to-date: /home/nicolas/ws_ros2/install/px4_msgs/include/px4_msgs/px4_msgs/msg/detail/trajectory_setpoint6dof__type_support.hpp\n'}
[0.968684] (px4_msgs) StdoutLine: {'line': b'-- Up-to-date: /home/nicolas/ws_ros2/install/px4_msgs/include/px4_msgs/px4_msgs/msg/detail/rover_position_setpoint__traits.hpp\n'}
[0.968713] (px4_msgs) StdoutLine: {'line': b'-- Up-to-date: /home/nicolas/ws_ros2/install/px4_msgs/include/px4_msgs/px4_msgs/msg/detail/neural_control__builder.hpp\n'}
[0.968743] (px4_msgs) StdoutLine: {'line': b'-- Up-to-date: /home/nicolas/ws_ros2/install/px4_msgs/include/px4_msgs/px4_msgs/msg/detail/estimator_states__builder.hpp\n'}
[0.968773] (px4_msgs) StdoutLine: {'line': b'-- Up-to-date: /home/nicolas/ws_ros2/install/px4_msgs/include/px4_msgs/px4_msgs/msg/detail/debug_key_value__builder.hpp\n'}
[0.968805] (px4_msgs) StdoutLine: {'line': b'-- Up-to-date: /home/nicolas/ws_ros2/install/px4_msgs/include/px4_msgs/px4_msgs/msg/detail/vehicle_acceleration__struct.hpp\n'}
[0.968835] (px4_msgs) StdoutLine: {'line': b'-- Up-to-date: /home/nicolas/ws_ros2/install/px4_msgs/include/px4_msgs/px4_msgs/msg/detail/power_monitor__type_support.hpp\n'}
[0.968865] (px4_msgs) StdoutLine: {'line': b'-- Up-to-date: /home/nicolas/ws_ros2/install/px4_msgs/include/px4_msgs/px4_msgs/msg/detail/parameter_set_used_request__struct.hpp\n'}
[0.968895] (px4_msgs) StdoutLine: {'line': b'-- Up-to-date: /home/nicolas/ws_ros2/install/px4_msgs/include/px4_msgs/px4_msgs/msg/detail/orb_test_medium__type_support.hpp\n'}
[0.968924] (px4_msgs) StdoutLine: {'line': b'-- Up-to-date: /home/nicolas/ws_ros2/install/px4_msgs/include/px4_msgs/px4_msgs/msg/detail/vehicle_imu_status__builder.hpp\n'}
[0.968953] (px4_msgs) StdoutLine: {'line': b'-- Up-to-date: /home/nicolas/ws_ros2/install/px4_msgs/include/px4_msgs/px4_msgs/msg/detail/parameter_update__builder.hpp\n'}
[0.968983] (px4_msgs) StdoutLine: {'line': b'-- Up-to-date: /home/nicolas/ws_ros2/install/px4_msgs/include/px4_msgs/px4_msgs/msg/detail/vehicle_local_position_setpoint__builder.hpp\n'}
[0.969013] (px4_msgs) StdoutLine: {'line': b'-- Up-to-date: /home/nicolas/ws_ros2/install/px4_msgs/include/px4_msgs/px4_msgs/msg/detail/rover_attitude_status__struct.hpp\n'}
[0.969043] (px4_msgs) StdoutLine: {'line': b'-- Up-to-date: /home/nicolas/ws_ros2/install/px4_msgs/include/px4_msgs/px4_msgs/msg/detail/estimator_sensor_bias__type_support.hpp\n'}
[0.969072] (px4_msgs) StdoutLine: {'line': b'-- Up-to-date: /home/nicolas/ws_ros2/install/px4_msgs/include/px4_msgs/px4_msgs/msg/detail/actuator_servos__builder.hpp\n'}
[0.969102] (px4_msgs) StdoutLine: {'line': b'-- Up-to-date: /home/nicolas/ws_ros2/install/px4_msgs/include/px4_msgs/px4_msgs/msg/detail/orbit_status__type_support.hpp\n'}
[0.969134] (px4_msgs) StdoutLine: {'line': b'-- Up-to-date: /home/nicolas/ws_ros2/install/px4_msgs/include/px4_msgs/px4_msgs/msg/detail/battery_info__type_support.hpp\n'}
[0.969163] (px4_msgs) StdoutLine: {'line': b'-- Up-to-date: /home/nicolas/ws_ros2/install/px4_msgs/include/px4_msgs/px4_msgs/msg/detail/transponder_report__traits.hpp\n'}
[0.969193] (px4_msgs) StdoutLine: {'line': b'-- Up-to-date: /home/nicolas/ws_ros2/install/px4_msgs/include/px4_msgs/px4_msgs/msg/detail/pps_capture__traits.hpp\n'}
[0.969224] (px4_msgs) StdoutLine: {'line': b'-- Up-to-date: /home/nicolas/ws_ros2/install/px4_msgs/include/px4_msgs/px4_msgs/msg/detail/adc_report__builder.hpp\n'}
[0.969254] (px4_msgs) StdoutLine: {'line': b'-- Up-to-date: /home/nicolas/ws_ros2/install/px4_msgs/include/px4_msgs/px4_msgs/msg/detail/position_setpoint__type_support.hpp\n'}
[0.969283] (px4_msgs) StdoutLine: {'line': b'-- Up-to-date: /home/nicolas/ws_ros2/install/px4_msgs/include/px4_msgs/px4_msgs/msg/detail/pps_capture__builder.hpp\n'}
[0.969313] (px4_msgs) StdoutLine: {'line': b'-- Up-to-date: /home/nicolas/ws_ros2/install/px4_msgs/include/px4_msgs/px4_msgs/msg/detail/rover_speed_setpoint__type_support.hpp\n'}
[0.969342] (px4_msgs) StdoutLine: {'line': b'-- Up-to-date: /home/nicolas/ws_ros2/install/px4_msgs/include/px4_msgs/px4_msgs/msg/detail/position_controller_status__traits.hpp\n'}
[0.969372] (px4_msgs) StdoutLine: {'line': b'-- Up-to-date: /home/nicolas/ws_ros2/install/px4_msgs/include/px4_msgs/px4_msgs/msg/detail/actuator_test__builder.hpp\n'}
[0.969401] (px4_msgs) StdoutLine: {'line': b'-- Up-to-date: /home/nicolas/ws_ros2/install/px4_msgs/include/px4_msgs/px4_msgs/msg/detail/vehicle_status__traits.hpp\n'}
[0.969434] (px4_msgs) StdoutLine: {'line': b'-- Up-to-date: /home/nicolas/ws_ros2/install/px4_msgs/include/px4_msgs/px4_msgs/msg/detail/vehicle_global_position__type_support.hpp\n'}
[0.969467] (px4_msgs) StdoutLine: {'line': b'-- Up-to-date: /home/nicolas/ws_ros2/install/px4_msgs/include/px4_msgs/px4_msgs/msg/detail/tecs_status__traits.hpp\n'}
[0.969497] (px4_msgs) StdoutLine: {'line': b'-- Up-to-date: /home/nicolas/ws_ros2/install/px4_msgs/include/px4_msgs/px4_msgs/msg/detail/gimbal_manager_set_manual_control__builder.hpp\n'}
[0.969532] (px4_msgs) StdoutLine: {'line': b'-- Up-to-date: /home/nicolas/ws_ros2/install/px4_msgs/include/px4_msgs/px4_msgs/msg/detail/orbit_status__traits.hpp\n'}
[0.969562] (px4_msgs) StdoutLine: {'line': b'-- Up-to-date: /home/nicolas/ws_ros2/install/px4_msgs/include/px4_msgs/px4_msgs/msg/detail/figure_eight_status__traits.hpp\n'}
[0.969592] (px4_msgs) StdoutLine: {'line': b'-- Up-to-date: /home/nicolas/ws_ros2/install/px4_msgs/include/px4_msgs/px4_msgs/msg/detail/tune_control__builder.hpp\n'}
[0.969622] (px4_msgs) StdoutLine: {'line': b'-- Up-to-date: /home/nicolas/ws_ros2/install/px4_msgs/include/px4_msgs/px4_msgs/msg/detail/actuator_outputs__struct.hpp\n'}
[0.969651] (px4_msgs) StdoutLine: {'line': b'-- Up-to-date: /home/nicolas/ws_ros2/install/px4_msgs/include/px4_msgs/px4_msgs/msg/detail/button_event__type_support.hpp\n'}
[0.969681] (px4_msgs) StdoutLine: {'line': b'-- Up-to-date: /home/nicolas/ws_ros2/install/px4_msgs/include/px4_msgs/px4_msgs/msg/detail/vehicle_air_data__builder.hpp\n'}
[0.969711] (px4_msgs) StdoutLine: {'line': b'-- Up-to-date: /home/nicolas/ws_ros2/install/px4_msgs/include/px4_msgs/px4_msgs/msg/detail/onboard_computer_status__traits.hpp\n'}
[0.969745] (px4_msgs) StdoutLine: {'line': b'-- Up-to-date: /home/nicolas/ws_ros2/install/px4_msgs/include/px4_msgs/px4_msgs/msg/detail/health_report__type_support.hpp\n'}
[0.969775] (px4_msgs) StdoutLine: {'line': b'-- Up-to-date: /home/nicolas/ws_ros2/install/px4_msgs/include/px4_msgs/px4_msgs/msg/detail/sensor_airflow__type_support.hpp\n'}
[0.969805] (px4_msgs) StdoutLine: {'line': b'-- Up-to-date: /home/nicolas/ws_ros2/install/px4_msgs/include/px4_msgs/px4_msgs/msg/detail/parameter_reset_request__traits.hpp\n'}
[0.969834] (px4_msgs) StdoutLine: {'line': b'-- Up-to-date: /home/nicolas/ws_ros2/install/px4_msgs/include/px4_msgs/px4_msgs/msg/detail/gimbal_device_set_attitude__builder.hpp\n'}
[0.969868] (px4_msgs) StdoutLine: {'line': b'-- Up-to-date: /home/nicolas/ws_ros2/install/px4_msgs/include/px4_msgs/px4_msgs/msg/detail/uavcan_parameter_request__traits.hpp\n'}
[0.969898] (px4_msgs) StdoutLine: {'line': b'-- Up-to-date: /home/nicolas/ws_ros2/install/px4_msgs/include/px4_msgs/px4_msgs/msg/detail/event__struct.hpp\n'}
[0.969927] (px4_msgs) StdoutLine: {'line': b'-- Up-to-date: /home/nicolas/ws_ros2/install/px4_msgs/include/px4_msgs/px4_msgs/msg/detail/open_drone_id_self_id__type_support.hpp\n'}
[0.969956] (px4_msgs) StdoutLine: {'line': b'-- Up-to-date: /home/nicolas/ws_ros2/install/px4_msgs/include/px4_msgs/px4_msgs/msg/detail/vehicle_roi__builder.hpp\n'}
[0.969986] (px4_msgs) StdoutLine: {'line': b'-- Up-to-date: /home/nicolas/ws_ros2/install/px4_msgs/include/px4_msgs/px4_msgs/msg/detail/sensor_accel_fifo__builder.hpp\n'}
[0.970016] (px4_msgs) StdoutLine: {'line': b'-- Up-to-date: /home/nicolas/ws_ros2/install/px4_msgs/include/px4_msgs/px4_msgs/msg/detail/parameter_set_value_response__type_support.hpp\n'}
[0.970046] (px4_msgs) StdoutLine: {'line': b'-- Up-to-date: /home/nicolas/ws_ros2/install/px4_msgs/include/px4_msgs/px4_msgs/msg/detail/vehicle_optical_flow__type_support.hpp\n'}
[0.970075] (px4_msgs) StdoutLine: {'line': b'-- Up-to-date: /home/nicolas/ws_ros2/install/px4_msgs/include/px4_msgs/px4_msgs/msg/detail/arming_check_request__type_support.hpp\n'}
[0.970105] (px4_msgs) StdoutLine: {'line': b'-- Up-to-date: /home/nicolas/ws_ros2/install/px4_msgs/include/px4_msgs/px4_msgs/msg/detail/follow_target__builder.hpp\n'}
[0.970138] (px4_msgs) StdoutLine: {'line': b'-- Up-to-date: /home/nicolas/ws_ros2/install/px4_msgs/include/px4_msgs/px4_msgs/msg/detail/led_control__type_support.hpp\n'}
[0.970173] (px4_msgs) StdoutLine: {'line': b'-- Up-to-date: /home/nicolas/ws_ros2/install/px4_msgs/include/px4_msgs/px4_msgs/msg/detail/vehicle_air_data__traits.hpp\n'}
[0.970204] (px4_msgs) StdoutLine: {'line': b'-- Up-to-date: /home/nicolas/ws_ros2/install/px4_msgs/include/px4_msgs/px4_msgs/msg/detail/log_message__type_support.hpp\n'}
[0.970235] (px4_msgs) StdoutLine: {'line': b'-- Up-to-date: /home/nicolas/ws_ros2/install/px4_msgs/include/px4_msgs/px4_msgs/msg/detail/estimator_aid_source1d__builder.hpp\n'}
[0.970266] (px4_msgs) StdoutLine: {'line': b'-- Up-to-date: /home/nicolas/ws_ros2/install/px4_msgs/include/px4_msgs/px4_msgs/msg/detail/wind__builder.hpp\n'}
[0.970301] (px4_msgs) StdoutLine: {'line': b'-- Up-to-date: /home/nicolas/ws_ros2/install/px4_msgs/include/px4_msgs/px4_msgs/msg/detail/uavcan_parameter_request__type_support.hpp\n'}
[0.970332] (px4_msgs) StdoutLine: {'line': b'-- Up-to-date: /home/nicolas/ws_ros2/install/px4_msgs/include/px4_msgs/px4_msgs/msg/detail/fixed_wing_lateral_setpoint__traits.hpp\n'}
[0.970363] (px4_msgs) StdoutLine: {'line': b'-- Up-to-date: /home/nicolas/ws_ros2/install/px4_msgs/include/px4_msgs/px4_msgs/msg/detail/gimbal_manager_set_manual_control__struct.hpp\n'}
[0.970393] (px4_msgs) StdoutLine: {'line': b'-- Up-to-date: /home/nicolas/ws_ros2/install/px4_msgs/include/px4_msgs/px4_msgs/msg/detail/fixed_wing_lateral_guidance_status__traits.hpp\n'}
[0.970422] (px4_msgs) StdoutLine: {'line': b'-- Up-to-date: /home/nicolas/ws_ros2/install/px4_msgs/include/px4_msgs/px4_msgs/msg/detail/ping__type_support.hpp\n'}
[0.970457] (px4_msgs) StdoutLine: {'line': b'-- Up-to-date: /home/nicolas/ws_ros2/install/px4_msgs/include/px4_msgs/px4_msgs/msg/detail/pps_capture__type_support.hpp\n'}
[0.970488] (px4_msgs) StdoutLine: {'line': b'-- Up-to-date: /home/nicolas/ws_ros2/install/px4_msgs/include/px4_msgs/px4_msgs/msg/detail/mission_result__traits.hpp\n'}
[0.970518] (px4_msgs) StdoutLine: {'line': b'-- Up-to-date: /home/nicolas/ws_ros2/install/px4_msgs/include/px4_msgs/px4_msgs/msg/detail/open_drone_id_self_id__traits.hpp\n'}
[0.970553] (px4_msgs) StdoutLine: {'line': b'-- Up-to-date: /home/nicolas/ws_ros2/install/px4_msgs/include/px4_msgs/px4_msgs/msg/detail/rover_attitude_setpoint__type_support.hpp\n'}
[0.970584] (px4_msgs) StdoutLine: {'line': b'-- Up-to-date: /home/nicolas/ws_ros2/install/px4_msgs/include/px4_msgs/px4_msgs/msg/detail/vehicle_angular_velocity__struct.hpp\n'}
[0.970616] (px4_msgs) StdoutLine: {'line': b'-- Up-to-date: /home/nicolas/ws_ros2/install/px4_msgs/include/px4_msgs/px4_msgs/msg/detail/vehicle_odometry__builder.hpp\n'}
[0.970645] (px4_msgs) StdoutLine: {'line': b'-- Up-to-date: /home/nicolas/ws_ros2/install/px4_msgs/include/px4_msgs/px4_msgs/msg/detail/fixed_wing_lateral_status__struct.hpp\n'}
[0.970678] (px4_msgs) StdoutLine: {'line': b'-- Up-to-date: /home/nicolas/ws_ros2/install/px4_msgs/include/px4_msgs/px4_msgs/msg/detail/estimator_status_flags__type_support.hpp\n'}
[0.970709] (px4_msgs) StdoutLine: {'line': b'-- Up-to-date: /home/nicolas/ws_ros2/install/px4_msgs/include/px4_msgs/px4_msgs/msg/detail/gimbal_device_information__struct.hpp\n'}
[0.970739] (px4_msgs) StdoutLine: {'line': b'-- Up-to-date: /home/nicolas/ws_ros2/install/px4_msgs/include/px4_msgs/px4_msgs/msg/detail/led_control__traits.hpp\n'}
[0.970769] (px4_msgs) StdoutLine: {'line': b'-- Up-to-date: /home/nicolas/ws_ros2/install/px4_msgs/include/px4_msgs/px4_msgs/msg/detail/vehicle_angular_velocity__traits.hpp\n'}
[0.970799] (px4_msgs) StdoutLine: {'line': b'-- Up-to-date: /home/nicolas/ws_ros2/install/px4_msgs/include/px4_msgs/px4_msgs/msg/detail/camera_capture__struct.hpp\n'}
[0.970828] (px4_msgs) StdoutLine: {'line': b'-- Up-to-date: /home/nicolas/ws_ros2/install/px4_msgs/include/px4_msgs/px4_msgs/msg/detail/adc_report__struct.hpp\n'}
[0.970857] (px4_msgs) StdoutLine: {'line': b'-- Up-to-date: /home/nicolas/ws_ros2/install/px4_msgs/include/px4_msgs/px4_msgs/msg/detail/vehicle_imu_status__traits.hpp\n'}
[0.970887] (px4_msgs) StdoutLine: {'line': b'-- Up-to-date: /home/nicolas/ws_ros2/install/px4_msgs/include/px4_msgs/px4_msgs/msg/detail/longitudinal_control_configuration__type_support.hpp\n'}
[0.970917] (px4_msgs) StdoutLine: {'line': b'-- Up-to-date: /home/nicolas/ws_ros2/install/px4_msgs/include/px4_msgs/px4_msgs/msg/detail/unregister_ext_component__traits.hpp\n'}
[0.970947] (px4_msgs) StdoutLine: {'line': b'-- Up-to-date: /home/nicolas/ws_ros2/install/px4_msgs/include/px4_msgs/px4_msgs/msg/detail/trajectory_setpoint__struct.hpp\n'}
[0.970977] (px4_msgs) StdoutLine: {'line': b'-- Up-to-date: /home/nicolas/ws_ros2/install/px4_msgs/include/px4_msgs/px4_msgs/msg/detail/flight_phase_estimation__type_support.hpp\n'}
[0.971007] (px4_msgs) StdoutLine: {'line': b'-- Up-to-date: /home/nicolas/ws_ros2/install/px4_msgs/include/px4_msgs/px4_msgs/msg/detail/debug_key_value__struct.hpp\n'}
[0.971036] (px4_msgs) StdoutLine: {'line': b'-- Up-to-date: /home/nicolas/ws_ros2/install/px4_msgs/include/px4_msgs/px4_msgs/msg/detail/ulog_stream_ack__traits.hpp\n'}
[0.971066] (px4_msgs) StdoutLine: {'line': b'-- Up-to-date: /home/nicolas/ws_ros2/install/px4_msgs/include/px4_msgs/px4_msgs/msg/detail/actuator_motors__type_support.hpp\n'}
[0.971096] (px4_msgs) StdoutLine: {'line': b'-- Up-to-date: /home/nicolas/ws_ros2/install/px4_msgs/include/px4_msgs/px4_msgs/msg/detail/estimator_selector_status__type_support.hpp\n'}
[0.971127] (px4_msgs) StdoutLine: {'line': b'-- Up-to-date: /home/nicolas/ws_ros2/install/px4_msgs/include/px4_msgs/px4_msgs/msg/detail/orb_test_large__builder.hpp\n'}
[0.971157] (px4_msgs) StdoutLine: {'line': b'-- Up-to-date: /home/nicolas/ws_ros2/install/px4_msgs/include/px4_msgs/px4_msgs/msg/detail/vehicle_imu__traits.hpp\n'}
[0.971188] (px4_msgs) StdoutLine: {'line': b'-- Up-to-date: /home/nicolas/ws_ros2/install/px4_msgs/include/px4_msgs/px4_msgs/msg/detail/fixed_wing_lateral_status__builder.hpp\n'}
[0.971217] (px4_msgs) StdoutLine: {'line': b'-- Up-to-date: /home/nicolas/ws_ros2/install/px4_msgs/include/px4_msgs/px4_msgs/msg/detail/power_button_state__traits.hpp\n'}
[0.971247] (px4_msgs) StdoutLine: {'line': b'-- Up-to-date: /home/nicolas/ws_ros2/install/px4_msgs/include/px4_msgs/px4_msgs/msg/detail/vehicle_torque_setpoint__struct.hpp\n'}
[0.971277] (px4_msgs) StdoutLine: {'line': b'-- Up-to-date: /home/nicolas/ws_ros2/install/px4_msgs/include/px4_msgs/px4_msgs/msg/detail/failure_detector_status__struct.hpp\n'}
[0.971309] (px4_msgs) StdoutLine: {'line': b'-- Up-to-date: /home/nicolas/ws_ros2/install/px4_msgs/include/px4_msgs/px4_msgs/msg/detail/sensors_status_imu__traits.hpp\n'}
[0.971339] (px4_msgs) StdoutLine: {'line': b'-- Up-to-date: /home/nicolas/ws_ros2/install/px4_msgs/include/px4_msgs/px4_msgs/msg/detail/rover_position_setpoint__struct.hpp\n'}
[0.971369] (px4_msgs) StdoutLine: {'line': b'-- Up-to-date: /home/nicolas/ws_ros2/install/px4_msgs/include/px4_msgs/px4_msgs/msg/detail/gimbal_device_information__builder.hpp\n'}
[0.971398] (px4_msgs) StdoutLine: {'line': b'-- Up-to-date: /home/nicolas/ws_ros2/install/px4_msgs/include/px4_msgs/px4_msgs/msg/detail/rover_rate_status__struct.hpp\n'}
[0.971432] (px4_msgs) StdoutLine: {'line': b'-- Up-to-date: /home/nicolas/ws_ros2/install/px4_msgs/include/px4_msgs/px4_msgs/msg/detail/goto_setpoint__type_support.hpp\n'}
[0.971465] (px4_msgs) StdoutLine: {'line': b'-- Up-to-date: /home/nicolas/ws_ros2/install/px4_msgs/include/px4_msgs/px4_msgs/msg/detail/can_interface_status__type_support.hpp\n'}
[0.971495] (px4_msgs) StdoutLine: {'line': b'-- Up-to-date: /home/nicolas/ws_ros2/install/px4_msgs/include/px4_msgs/px4_msgs/msg/detail/gps_dump__struct.hpp\n'}
[0.971525] (px4_msgs) StdoutLine: {'line': b'-- Up-to-date: /home/nicolas/ws_ros2/install/px4_msgs/include/px4_msgs/px4_msgs/msg/detail/vehicle_acceleration__builder.hpp\n'}
[0.971559] (px4_msgs) StdoutLine: {'line': b'-- Up-to-date: /home/nicolas/ws_ros2/install/px4_msgs/include/px4_msgs/px4_msgs/msg/detail/sensor_gps__builder.hpp\n'}
[0.971589] (px4_msgs) StdoutLine: {'line': b'-- Up-to-date: /home/nicolas/ws_ros2/install/px4_msgs/include/px4_msgs/px4_msgs/msg/detail/vehicle_optical_flow_vel__builder.hpp\n'}
[0.971622] (px4_msgs) StdoutLine: {'line': b'-- Up-to-date: /home/nicolas/ws_ros2/install/px4_msgs/include/px4_msgs/px4_msgs/msg/detail/vtol_vehicle_status__traits.hpp\n'}
[0.971653] (px4_msgs) StdoutLine: {'line': b'-- Up-to-date: /home/nicolas/ws_ros2/install/px4_msgs/include/px4_msgs/px4_msgs/msg/detail/estimator_bias3d__builder.hpp\n'}
[0.971685] (px4_msgs) StdoutLine: {'line': b'-- Up-to-date: /home/nicolas/ws_ros2/install/px4_msgs/include/px4_msgs/px4_msgs/msg/detail/button_event__builder.hpp\n'}
[0.971715] (px4_msgs) StdoutLine: {'line': b'-- Up-to-date: /home/nicolas/ws_ros2/install/px4_msgs/include/px4_msgs/px4_msgs/msg/detail/orb_test_large__type_support.hpp\n'}
[0.971745] (px4_msgs) StdoutLine: {'line': b'-- Up-to-date: /home/nicolas/ws_ros2/install/px4_msgs/include/px4_msgs/px4_msgs/msg/detail/pps_capture__struct.hpp\n'}
[0.971774] (px4_msgs) StdoutLine: {'line': b'-- Up-to-date: /home/nicolas/ws_ros2/install/px4_msgs/include/px4_msgs/px4_msgs/msg/detail/register_ext_component_request__type_support.hpp\n'}
[0.971805] (px4_msgs) StdoutLine: {'line': b'-- Up-to-date: /home/nicolas/ws_ros2/install/px4_msgs/include/px4_msgs/px4_msgs/msg/detail/lateral_control_configuration__builder.hpp\n'}
[0.971835] (px4_msgs) StdoutLine: {'line': b'-- Up-to-date: /home/nicolas/ws_ros2/install/px4_msgs/include/px4_msgs/px4_msgs/msg/detail/estimator_aid_source1d__traits.hpp\n'}
[0.971865] (px4_msgs) StdoutLine: {'line': b'-- Up-to-date: /home/nicolas/ws_ros2/install/px4_msgs/include/px4_msgs/px4_msgs/msg/detail/open_drone_id_self_id__builder.hpp\n'}
[0.971895] (px4_msgs) StdoutLine: {'line': b'-- Up-to-date: /home/nicolas/ws_ros2/install/px4_msgs/include/px4_msgs/px4_msgs/msg/detail/estimator_innovations__traits.hpp\n'}
[0.971924] (px4_msgs) StdoutLine: {'line': b'-- Up-to-date: /home/nicolas/ws_ros2/install/px4_msgs/include/px4_msgs/px4_msgs/msg/detail/sensor_gyro_fft__builder.hpp\n'}
[0.971953] (px4_msgs) StdoutLine: {'line': b'-- Up-to-date: /home/nicolas/ws_ros2/install/px4_msgs/include/px4_msgs/px4_msgs/msg/detail/follow_target_status__builder.hpp\n'}
[0.971983] (px4_msgs) StdoutLine: {'line': b'-- Up-to-date: /home/nicolas/ws_ros2/install/px4_msgs/include/px4_msgs/px4_msgs/msg/detail/vehicle_local_position_setpoint__traits.hpp\n'}
[0.972012] (px4_msgs) StdoutLine: {'line': b'-- Up-to-date: /home/nicolas/ws_ros2/install/px4_msgs/include/px4_msgs/px4_msgs/msg/detail/input_rc__struct.hpp\n'}
[0.972045] (px4_msgs) StdoutLine: {'line': b'-- Up-to-date: /home/nicolas/ws_ros2/install/px4_msgs/include/px4_msgs/px4_msgs/msg/detail/rtl_time_estimate__type_support.hpp\n'}
[0.972075] (px4_msgs) StdoutLine: {'line': b'-- Up-to-date: /home/nicolas/ws_ros2/install/px4_msgs/include/px4_msgs/px4_msgs/msg/detail/sensor_baro__type_support.hpp\n'}
[0.972104] (px4_msgs) StdoutLine: {'line': b'-- Up-to-date: /home/nicolas/ws_ros2/install/px4_msgs/include/px4_msgs/px4_msgs/msg/detail/failsafe_flags__struct.hpp\n'}
[0.972134] (px4_msgs) StdoutLine: {'line': b'-- Up-to-date: /home/nicolas/ws_ros2/install/px4_msgs/include/px4_msgs/px4_msgs/msg/detail/message_format_request__struct.hpp\n'}
[0.972165] (px4_msgs) StdoutLine: {'line': b'-- Up-to-date: /home/nicolas/ws_ros2/install/px4_msgs/include/px4_msgs/px4_msgs/msg/detail/sensor_mag__struct.hpp\n'}
[0.972198] (px4_msgs) StdoutLine: {'line': b'-- Up-to-date: /home/nicolas/ws_ros2/install/px4_msgs/include/px4_msgs/px4_msgs/msg/detail/rover_rate_status__type_support.hpp\n'}
[0.972231] (px4_msgs) StdoutLine: {'line': b'-- Up-to-date: /home/nicolas/ws_ros2/install/px4_msgs/include/px4_msgs/px4_msgs/msg/detail/sensor_gyro__traits.hpp\n'}
[0.972264] (px4_msgs) StdoutLine: {'line': b'-- Up-to-date: /home/nicolas/ws_ros2/install/px4_msgs/include/px4_msgs/px4_msgs/msg/detail/debug_value__struct.hpp\n'}
[0.972297] (px4_msgs) StdoutLine: {'line': b'-- Up-to-date: /home/nicolas/ws_ros2/install/px4_msgs/include/px4_msgs/px4_msgs/msg/detail/rc_parameter_map__builder.hpp\n'}
[0.972331] (px4_msgs) StdoutLine: {'line': b'-- Up-to-date: /home/nicolas/ws_ros2/install/px4_msgs/include/px4_msgs/px4_msgs/msg/detail/register_ext_component_reply__type_support.hpp\n'}
[0.972363] (px4_msgs) StdoutLine: {'line': b'-- Up-to-date: /home/nicolas/ws_ros2/install/px4_msgs/include/px4_msgs/px4_msgs/msg/detail/airspeed__traits.hpp\n'}
[0.972394] (px4_msgs) StdoutLine: {'line': b'-- Up-to-date: /home/nicolas/ws_ros2/install/px4_msgs/include/px4_msgs/px4_msgs/msg/detail/vehicle_torque_setpoint__type_support.hpp\n'}
[0.972425] (px4_msgs) StdoutLine: {'line': b'-- Up-to-date: /home/nicolas/ws_ros2/install/px4_msgs/include/px4_msgs/px4_msgs/msg/detail/ekf2_timestamps__type_support.hpp\n'}
[0.972461] (px4_msgs) StdoutLine: {'line': b'-- Up-to-date: /home/nicolas/ws_ros2/install/px4_msgs/include/px4_msgs/px4_msgs/msg/detail/vehicle_imu_status__struct.hpp\n'}
[0.972491] (px4_msgs) StdoutLine: {'line': b'-- Up-to-date: /home/nicolas/ws_ros2/install/px4_msgs/include/px4_msgs/px4_msgs/msg/detail/action_request__struct.hpp\n'}
[0.972522] (px4_msgs) StdoutLine: {'line': b'-- Up-to-date: /home/nicolas/ws_ros2/install/px4_msgs/include/px4_msgs/px4_msgs/msg/detail/log_message__traits.hpp\n'}
[0.972552] (px4_msgs) StdoutLine: {'line': b'-- Up-to-date: /home/nicolas/ws_ros2/install/px4_msgs/include/px4_msgs/px4_msgs/msg/detail/gimbal_device_information__traits.hpp\n'}
[0.972589] (px4_msgs) StdoutLine: {'line': b'-- Up-to-date: /home/nicolas/ws_ros2/install/px4_msgs/include/px4_msgs/px4_msgs/msg/detail/health_report__struct.hpp\n'}
[0.972620] (px4_msgs) StdoutLine: {'line': b'-- Up-to-date: /home/nicolas/ws_ros2/install/px4_msgs/include/px4_msgs/px4_msgs/msg/detail/sensor_optical_flow__struct.hpp\n'}
[0.972649] (px4_msgs) StdoutLine: {'line': b'-- Up-to-date: /home/nicolas/ws_ros2/install/px4_msgs/include/px4_msgs/px4_msgs/msg/detail/message_format_request__builder.hpp\n'}
[0.972680] (px4_msgs) StdoutLine: {'line': b'-- Up-to-date: /home/nicolas/ws_ros2/install/px4_msgs/include/px4_msgs/px4_msgs/msg/detail/sensor_accel_fifo__type_support.hpp\n'}
[0.972710] (px4_msgs) StdoutLine: {'line': b'-- Up-to-date: /home/nicolas/ws_ros2/install/px4_msgs/include/px4_msgs/px4_msgs/msg/detail/mission__struct.hpp\n'}
[0.972740] (px4_msgs) StdoutLine: {'line': b'-- Up-to-date: /home/nicolas/ws_ros2/install/px4_msgs/include/px4_msgs/px4_msgs/msg/detail/takeoff_status__struct.hpp\n'}
[0.972769] (px4_msgs) StdoutLine: {'line': b'-- Up-to-date: /home/nicolas/ws_ros2/install/px4_msgs/include/px4_msgs/px4_msgs/msg/detail/gimbal_device_set_attitude__type_support.hpp\n'}
[0.972802] (px4_msgs) StdoutLine: {'line': b'-- Up-to-date: /home/nicolas/ws_ros2/install/px4_msgs/include/px4_msgs/px4_msgs/msg/detail/vehicle_command_ack__builder.hpp\n'}
[0.972833] (px4_msgs) StdoutLine: {'line': b'-- Up-to-date: /home/nicolas/ws_ros2/install/px4_msgs/include/px4_msgs/px4_msgs/msg/detail/open_drone_id_arm_status__builder.hpp\n'}
[0.972863] (px4_msgs) StdoutLine: {'line': b'-- Up-to-date: /home/nicolas/ws_ros2/install/px4_msgs/include/px4_msgs/px4_msgs/msg/detail/wheel_encoders__traits.hpp\n'}
[0.972894] (px4_msgs) StdoutLine: {'line': b'-- Up-to-date: /home/nicolas/ws_ros2/install/px4_msgs/include/px4_msgs/px4_msgs/msg/detail/sensor_gyro_fifo__traits.hpp\n'}
[0.972923] (px4_msgs) StdoutLine: {'line': b'-- Up-to-date: /home/nicolas/ws_ros2/install/px4_msgs/include/px4_msgs/px4_msgs/msg/detail/yaw_estimator_status__builder.hpp\n'}
[0.972954] (px4_msgs) StdoutLine: {'line': b'-- Up-to-date: /home/nicolas/ws_ros2/install/px4_msgs/include/px4_msgs/px4_msgs/msg/detail/estimator_innovations__builder.hpp\n'}
[0.972984] (px4_msgs) StdoutLine: {'line': b'-- Up-to-date: /home/nicolas/ws_ros2/install/px4_msgs/include/px4_msgs/px4_msgs/msg/detail/unregister_ext_component__struct.hpp\n'}
[0.973013] (px4_msgs) StdoutLine: {'line': b'-- Up-to-date: /home/nicolas/ws_ros2/install/px4_msgs/include/px4_msgs/px4_msgs/msg/detail/estimator_states__type_support.hpp\n'}
[0.973043] (px4_msgs) StdoutLine: {'line': b'-- Up-to-date: /home/nicolas/ws_ros2/install/px4_msgs/include/px4_msgs/px4_msgs/msg/detail/home_position__traits.hpp\n'}
[0.973073] (px4_msgs) StdoutLine: {'line': b'-- Up-to-date: /home/nicolas/ws_ros2/install/px4_msgs/include/px4_msgs/px4_msgs/msg/detail/parameter_set_value_response__traits.hpp\n'}
[0.973115] (px4_msgs) StdoutLine: {'line': b'-- Up-to-date: /home/nicolas/ws_ros2/install/px4_msgs/include/px4_msgs/px4_msgs/msg/detail/vehicle_control_mode__type_support.hpp\n'}
[0.973145] (px4_msgs) StdoutLine: {'line': b'-- Up-to-date: /home/nicolas/ws_ros2/install/px4_msgs/include/px4_msgs/px4_msgs/msg/detail/home_position__builder.hpp\n'}
[0.973178] (px4_msgs) StdoutLine: {'line': b'-- Up-to-date: /home/nicolas/ws_ros2/install/px4_msgs/include/px4_msgs/px4_msgs/msg/detail/estimator_status__traits.hpp\n'}
[0.973209] (px4_msgs) StdoutLine: {'line': b'-- Up-to-date: /home/nicolas/ws_ros2/install/px4_msgs/include/px4_msgs/px4_msgs/msg/detail/unregister_ext_component__builder.hpp\n'}
[0.973240] (px4_msgs) StdoutLine: {'line': b'-- Up-to-date: /home/nicolas/ws_ros2/install/px4_msgs/include/px4_msgs/px4_msgs/msg/detail/vtol_vehicle_status__struct.hpp\n'}
[0.973270] (px4_msgs) StdoutLine: {'line': b'-- Up-to-date: /home/nicolas/ws_ros2/install/px4_msgs/include/px4_msgs/px4_msgs/msg/detail/position_controller_landing_status__type_support.hpp\n'}
[0.973302] (px4_msgs) StdoutLine: {'line': b'-- Up-to-date: /home/nicolas/ws_ros2/install/px4_msgs/include/px4_msgs/px4_msgs/msg/detail/position_setpoint_triplet__type_support.hpp\n'}
[0.973333] (px4_msgs) StdoutLine: {'line': b'-- Up-to-date: /home/nicolas/ws_ros2/install/px4_msgs/include/px4_msgs/px4_msgs/msg/detail/mag_worker_data__traits.hpp\n'}
[0.973363] (px4_msgs) StdoutLine: {'line': b'-- Up-to-date: /home/nicolas/ws_ros2/install/px4_msgs/include/px4_msgs/px4_msgs/msg/detail/magnetometer_bias_estimate__type_support.hpp\n'}
[0.973392] (px4_msgs) StdoutLine: {'line': b'-- Up-to-date: /home/nicolas/ws_ros2/install/px4_msgs/include/px4_msgs/px4_msgs/msg/detail/arming_check_reply__type_support.hpp\n'}
[0.973423] (px4_msgs) StdoutLine: {'line': b'-- Up-to-date: /home/nicolas/ws_ros2/install/px4_msgs/include/px4_msgs/px4_msgs/msg/detail/landing_gear__builder.hpp\n'}
[0.973460] (px4_msgs) StdoutLine: {'line': b'-- Up-to-date: /home/nicolas/ws_ros2/install/px4_msgs/include/px4_msgs/px4_msgs/msg/detail/radio_status__builder.hpp\n'}
[0.973491] (px4_msgs) StdoutLine: {'line': b'-- Up-to-date: /home/nicolas/ws_ros2/install/px4_msgs/include/px4_msgs/px4_msgs/msg/detail/estimator_aid_source1d__struct.hpp\n'}
[0.973524] (px4_msgs) StdoutLine: {'line': b'-- Up-to-date: /home/nicolas/ws_ros2/install/px4_msgs/include/px4_msgs/px4_msgs/msg/detail/longitudinal_control_configuration__struct.hpp\n'}
[0.973558] (px4_msgs) StdoutLine: {'line': b'-- Up-to-date: /home/nicolas/ws_ros2/install/px4_msgs/include/px4_msgs/px4_msgs/msg/detail/sensor_correction__builder.hpp\n'}
[0.973589] (px4_msgs) StdoutLine: {'line': b'-- Up-to-date: /home/nicolas/ws_ros2/install/px4_msgs/include/px4_msgs/px4_msgs/msg/detail/hover_thrust_estimate__type_support.hpp\n'}
[0.973625] (px4_msgs) StdoutLine: {'line': b'-- Up-to-date: /home/nicolas/ws_ros2/install/px4_msgs/include/px4_msgs/px4_msgs/msg/detail/position_setpoint_triplet__struct.hpp\n'}
[0.973656] (px4_msgs) StdoutLine: {'line': b'-- Up-to-date: /home/nicolas/ws_ros2/install/px4_msgs/include/px4_msgs/px4_msgs/msg/detail/manual_control_setpoint__struct.hpp\n'}
[0.973687] (px4_msgs) StdoutLine: {'line': b'-- Up-to-date: /home/nicolas/ws_ros2/install/px4_msgs/include/px4_msgs/px4_msgs/msg/detail/vtol_vehicle_status__builder.hpp\n'}
[0.973718] (px4_msgs) StdoutLine: {'line': b'-- Up-to-date: /home/nicolas/ws_ros2/install/px4_msgs/include/px4_msgs/px4_msgs/msg/detail/autotune_attitude_control_status__builder.hpp\n'}
[0.973748] (px4_msgs) StdoutLine: {'line': b'-- Up-to-date: /home/nicolas/ws_ros2/install/px4_msgs/include/px4_msgs/px4_msgs/msg/detail/actuator_test__struct.hpp\n'}
[0.973778] (px4_msgs) StdoutLine: {'line': b'-- Up-to-date: /home/nicolas/ws_ros2/install/px4_msgs/include/px4_msgs/px4_msgs/msg/detail/position_controller_landing_status__traits.hpp\n'}
[0.973808] (px4_msgs) StdoutLine: {'line': b'-- Up-to-date: /home/nicolas/ws_ros2/install/px4_msgs/include/px4_msgs/px4_msgs/msg/detail/actuator_test__type_support.hpp\n'}
[0.973838] (px4_msgs) StdoutLine: {'line': b'-- Up-to-date: /home/nicolas/ws_ros2/install/px4_msgs/include/px4_msgs/px4_msgs/msg/detail/rtl_time_estimate__traits.hpp\n'}
[0.973867] (px4_msgs) StdoutLine: {'line': b'-- Up-to-date: /home/nicolas/ws_ros2/install/px4_msgs/include/px4_msgs/px4_msgs/msg/detail/arming_check_request__builder.hpp\n'}
[0.973897] (px4_msgs) StdoutLine: {'line': b'-- Up-to-date: /home/nicolas/ws_ros2/install/px4_msgs/include/px4_msgs/px4_msgs/msg/detail/parameter_set_value_response__struct.hpp\n'}
[0.973927] (px4_msgs) StdoutLine: {'line': b'-- Up-to-date: /home/nicolas/ws_ros2/install/px4_msgs/include/px4_msgs/px4_msgs/msg/detail/sensor_gyro_fifo__builder.hpp\n'}
[0.973957] (px4_msgs) StdoutLine: {'line': b'-- Up-to-date: /home/nicolas/ws_ros2/install/px4_msgs/include/px4_msgs/px4_msgs/msg/detail/pure_pursuit_status__traits.hpp\n'}
[0.973987] (px4_msgs) StdoutLine: {'line': b'-- Up-to-date: /home/nicolas/ws_ros2/install/px4_msgs/include/px4_msgs/px4_msgs/msg/detail/vehicle_command__builder.hpp\n'}
[0.974027] (px4_msgs) StdoutLine: {'line': b'-- Up-to-date: /home/nicolas/ws_ros2/install/px4_msgs/include/px4_msgs/px4_msgs/msg/detail/landing_gear__traits.hpp\n'}
[0.974057] (px4_msgs) StdoutLine: {'line': b'-- Up-to-date: /home/nicolas/ws_ros2/install/px4_msgs/include/px4_msgs/px4_msgs/msg/detail/battery_info__builder.hpp\n'}
[0.974087] (px4_msgs) StdoutLine: {'line': b'-- Up-to-date: /home/nicolas/ws_ros2/install/px4_msgs/include/px4_msgs/px4_msgs/msg/detail/rover_attitude_setpoint__builder.hpp\n'}
[0.974117] (px4_msgs) StdoutLine: {'line': b'-- Up-to-date: /home/nicolas/ws_ros2/install/px4_msgs/include/px4_msgs/px4_msgs/msg/detail/uavcan_parameter_request__builder.hpp\n'}
[0.974151] (px4_msgs) StdoutLine: {'line': b'-- Up-to-date: /home/nicolas/ws_ros2/install/px4_msgs/include/px4_msgs/px4_msgs/msg/detail/fixed_wing_lateral_setpoint__builder.hpp\n'}
[0.974187] (px4_msgs) StdoutLine: {'line': b'-- Up-to-date: /home/nicolas/ws_ros2/install/px4_msgs/include/px4_msgs/px4_msgs/msg/detail/system_power__builder.hpp\n'}
[0.974217] (px4_msgs) StdoutLine: {'line': b'-- Up-to-date: /home/nicolas/ws_ros2/install/px4_msgs/include/px4_msgs/px4_msgs/msg/detail/uavcan_parameter_value__traits.hpp\n'}
[0.974247] (px4_msgs) StdoutLine: {'line': b'-- Up-to-date: /home/nicolas/ws_ros2/install/px4_msgs/include/px4_msgs/px4_msgs/msg/detail/rc_parameter_map__type_support.hpp\n'}
[0.974286] (px4_msgs) StdoutLine: {'line': b'-- Up-to-date: /home/nicolas/ws_ros2/install/px4_msgs/include/px4_msgs/px4_msgs/msg/detail/geofence_status__builder.hpp\n'}
[0.974317] (px4_msgs) StdoutLine: {'line': b'-- Up-to-date: /home/nicolas/ws_ros2/install/px4_msgs/include/px4_msgs/px4_msgs/msg/detail/internal_combustion_engine_control__type_support.hpp\n'}
[0.974348] (px4_msgs) StdoutLine: {'line': b'-- Up-to-date: /home/nicolas/ws_ros2/install/px4_msgs/include/px4_msgs/px4_msgs/msg/detail/vehicle_attitude__struct.hpp\n'}
[0.974380] (px4_msgs) StdoutLine: {'line': b'-- Up-to-date: /home/nicolas/ws_ros2/install/px4_msgs/include/px4_msgs/px4_msgs/msg/detail/sensor_gyro_fft__traits.hpp\n'}
[0.974410] (px4_msgs) StdoutLine: {'line': b'-- Up-to-date: /home/nicolas/ws_ros2/install/px4_msgs/include/px4_msgs/px4_msgs/msg/detail/gimbal_device_attitude_status__builder.hpp\n'}
[0.974444] (px4_msgs) StdoutLine: {'line': b'-- Up-to-date: /home/nicolas/ws_ros2/install/px4_msgs/include/px4_msgs/px4_msgs/msg/detail/ping__traits.hpp\n'}
[0.974475] (px4_msgs) StdoutLine: {'line': b'-- Up-to-date: /home/nicolas/ws_ros2/install/px4_msgs/include/px4_msgs/px4_msgs/msg/detail/vehicle_constraints__struct.hpp\n'}
[0.974508] (px4_msgs) StdoutLine: {'line': b'-- Up-to-date: /home/nicolas/ws_ros2/install/px4_msgs/include/px4_msgs/px4_msgs/msg/detail/estimator_aid_source3d__traits.hpp\n'}
[0.974538] (px4_msgs) StdoutLine: {'line': b'-- Up-to-date: /home/nicolas/ws_ros2/install/px4_msgs/include/px4_msgs/px4_msgs/msg/detail/event__builder.hpp\n'}
[0.974568] (px4_msgs) StdoutLine: {'line': b'-- Up-to-date: /home/nicolas/ws_ros2/install/px4_msgs/include/px4_msgs/px4_msgs/msg/detail/debug_value__type_support.hpp\n'}
[0.974598] (px4_msgs) StdoutLine: {'line': b'-- Up-to-date: /home/nicolas/ws_ros2/install/px4_msgs/include/px4_msgs/px4_msgs/msg/detail/vehicle_local_position__type_support.hpp\n'}
[0.974628] (px4_msgs) StdoutLine: {'line': b'-- Up-to-date: /home/nicolas/ws_ros2/install/px4_msgs/include/px4_msgs/px4_msgs/msg/detail/actuator_motors__traits.hpp\n'}
[0.974662] (px4_msgs) StdoutLine: {'line': b'-- Up-to-date: /home/nicolas/ws_ros2/install/px4_msgs/include/px4_msgs/px4_msgs/msg/detail/cellular_status__traits.hpp\n'}
[0.974692] (px4_msgs) StdoutLine: {'line': b'-- Up-to-date: /home/nicolas/ws_ros2/install/px4_msgs/include/px4_msgs/px4_msgs/msg/detail/rover_speed_status__struct.hpp\n'}
[0.974722] (px4_msgs) StdoutLine: {'line': b'-- Up-to-date: /home/nicolas/ws_ros2/install/px4_msgs/include/px4_msgs/px4_msgs/msg/detail/landing_target_pose__struct.hpp\n'}
[0.974751] (px4_msgs) StdoutLine: {'line': b'-- Up-to-date: /home/nicolas/ws_ros2/install/px4_msgs/include/px4_msgs/px4_msgs/msg/detail/neural_control__type_support.hpp\n'}
[0.974781] (px4_msgs) StdoutLine: {'line': b'-- Up-to-date: /home/nicolas/ws_ros2/install/px4_msgs/include/px4_msgs/px4_msgs/msg/detail/actuator_servos__traits.hpp\n'}
[0.974810] (px4_msgs) StdoutLine: {'line': b'-- Up-to-date: /home/nicolas/ws_ros2/install/px4_msgs/include/px4_msgs/px4_msgs/msg/detail/camera_trigger__type_support.hpp\n'}
[0.974839] (px4_msgs) StdoutLine: {'line': b'-- Up-to-date: /home/nicolas/ws_ros2/install/px4_msgs/include/px4_msgs/px4_msgs/msg/detail/wind__struct.hpp\n'}
[0.974869] (px4_msgs) StdoutLine: {'line': b'-- Up-to-date: /home/nicolas/ws_ros2/install/px4_msgs/include/px4_msgs/px4_msgs/msg/detail/heater_status__struct.hpp\n'}
[0.974899] (px4_msgs) StdoutLine: {'line': b'-- Up-to-date: /home/nicolas/ws_ros2/install/px4_msgs/include/px4_msgs/px4_msgs/msg/detail/px4io_status__traits.hpp\n'}
[0.974929] (px4_msgs) StdoutLine: {'line': b'-- Up-to-date: /home/nicolas/ws_ros2/install/px4_msgs/include/px4_msgs/px4_msgs/msg/detail/rover_rate_setpoint__type_support.hpp\n'}
[0.974959] (px4_msgs) StdoutLine: {'line': b'-- Up-to-date: /home/nicolas/ws_ros2/install/px4_msgs/include/px4_msgs/px4_msgs/msg/detail/sensor_correction__traits.hpp\n'}
[0.974988] (px4_msgs) StdoutLine: {'line': b'-- Up-to-date: /home/nicolas/ws_ros2/install/px4_msgs/include/px4_msgs/px4_msgs/msg/detail/neural_control__struct.hpp\n'}
[0.975020] (px4_msgs) StdoutLine: {'line': b'-- Up-to-date: /home/nicolas/ws_ros2/install/px4_msgs/include/px4_msgs/px4_msgs/msg/detail/gpio_out__struct.hpp\n'}
[0.975050] (px4_msgs) StdoutLine: {'line': b'-- Up-to-date: /home/nicolas/ws_ros2/install/px4_msgs/include/px4_msgs/px4_msgs/msg/detail/qshell_req__builder.hpp\n'}
[0.975079] (px4_msgs) StdoutLine: {'line': b'-- Up-to-date: /home/nicolas/ws_ros2/install/px4_msgs/include/px4_msgs/px4_msgs/msg/detail/gps_dump__traits.hpp\n'}
[0.975109] (px4_msgs) StdoutLine: {'line': b'-- Up-to-date: /home/nicolas/ws_ros2/install/px4_msgs/include/px4_msgs/px4_msgs/msg/detail/navigator_status__struct.hpp\n'}
[0.975138] (px4_msgs) StdoutLine: {'line': b'-- Up-to-date: /home/nicolas/ws_ros2/install/px4_msgs/include/px4_msgs/px4_msgs/msg/detail/cpuload__traits.hpp\n'}
[0.975169] (px4_msgs) StdoutLine: {'line': b'-- Up-to-date: /home/nicolas/ws_ros2/install/px4_msgs/include/px4_msgs/px4_msgs/msg/detail/sensor_baro__struct.hpp\n'}
[0.975199] (px4_msgs) StdoutLine: {'line': b'-- Up-to-date: /home/nicolas/ws_ros2/install/px4_msgs/include/px4_msgs/px4_msgs/msg/detail/vehicle_attitude__type_support.hpp\n'}
[0.975232] (px4_msgs) StdoutLine: {'line': b'-- Up-to-date: /home/nicolas/ws_ros2/install/px4_msgs/include/px4_msgs/px4_msgs/msg/detail/rtl_time_estimate__builder.hpp\n'}
[0.975264] (px4_msgs) StdoutLine: {'line': b'-- Up-to-date: /home/nicolas/ws_ros2/install/px4_msgs/include/px4_msgs/px4_msgs/msg/detail/timesync_status__struct.hpp\n'}
[0.975297] (px4_msgs) StdoutLine: {'line': b'-- Up-to-date: /home/nicolas/ws_ros2/install/px4_msgs/include/px4_msgs/px4_msgs/msg/detail/rc_parameter_map__traits.hpp\n'}
[0.975330] (px4_msgs) StdoutLine: {'line': b'-- Up-to-date: /home/nicolas/ws_ros2/install/px4_msgs/include/px4_msgs/px4_msgs/msg/detail/gps_dump__type_support.hpp\n'}
[0.975363] (px4_msgs) StdoutLine: {'line': b'-- Up-to-date: /home/nicolas/ws_ros2/install/px4_msgs/include/px4_msgs/px4_msgs/msg/detail/yaw_estimator_status__type_support.hpp\n'}
[0.975396] (px4_msgs) StdoutLine: {'line': b'-- Up-to-date: /home/nicolas/ws_ros2/install/px4_msgs/include/px4_msgs/px4_msgs/msg/detail/fixed_wing_lateral_guidance_status__type_support.hpp\n'}
[0.975432] (px4_msgs) StdoutLine: {'line': b'-- Up-to-date: /home/nicolas/ws_ros2/install/px4_msgs/include/px4_msgs/px4_msgs/msg/detail/collision_constraints__struct.hpp\n'}
[0.975467] (px4_msgs) StdoutLine: {'line': b'-- Up-to-date: /home/nicolas/ws_ros2/install/px4_msgs/include/px4_msgs/px4_msgs/msg/detail/gpio_in__type_support.hpp\n'}
[0.975612] (px4_msgs) StdoutLine: {'line': b'-- Up-to-date: /home/nicolas/ws_ros2/install/px4_msgs/include/px4_msgs/px4_msgs/msg/detail/uavcan_parameter_value__struct.hpp\n'}
[0.975690] (px4_msgs) StdoutLine: {'line': b'-- Up-to-date: /home/nicolas/ws_ros2/install/px4_msgs/include/px4_msgs/px4_msgs/msg/detail/follow_target__struct.hpp\n'}
[0.975733] (px4_msgs) StdoutLine: {'line': b'-- Up-to-date: /home/nicolas/ws_ros2/install/px4_msgs/include/px4_msgs/px4_msgs/msg/detail/vehicle_thrust_setpoint__struct.hpp\n'}
[0.975769] (px4_msgs) StdoutLine: {'line': b'-- Up-to-date: /home/nicolas/ws_ros2/install/px4_msgs/include/px4_msgs/px4_msgs/msg/detail/satellite_info__type_support.hpp\n'}
[0.975805] (px4_msgs) StdoutLine: {'line': b'-- Up-to-date: /home/nicolas/ws_ros2/install/px4_msgs/include/px4_msgs/px4_msgs/msg/detail/vehicle_control_mode__struct.hpp\n'}
[0.975839] (px4_msgs) StdoutLine: {'line': b'-- Up-to-date: /home/nicolas/ws_ros2/install/px4_msgs/include/px4_msgs/px4_msgs/msg/detail/estimator_event_flags__builder.hpp\n'}
[0.975874] (px4_msgs) StdoutLine: {'line': b'-- Up-to-date: /home/nicolas/ws_ros2/install/px4_msgs/include/px4_msgs/px4_msgs/msg/detail/vehicle_magnetometer__builder.hpp\n'}
[0.975919] (px4_msgs) StdoutLine: {'line': b'-- Up-to-date: /home/nicolas/ws_ros2/install/px4_msgs/include/px4_msgs/px4_msgs/msg/detail/vehicle_angular_acceleration_setpoint__type_support.hpp\n'}
[0.975954] (px4_msgs) StdoutLine: {'line': b'-- Up-to-date: /home/nicolas/ws_ros2/install/px4_msgs/include/px4_msgs/px4_msgs/msg/detail/vehicle_status__builder.hpp\n'}
[0.975991] (px4_msgs) StdoutLine: {'line': b'-- Up-to-date: /home/nicolas/ws_ros2/install/px4_msgs/include/px4_msgs/px4_msgs/msg/detail/gpio_out__type_support.hpp\n'}
[0.976023] (px4_msgs) StdoutLine: {'line': b'-- Up-to-date: /home/nicolas/ws_ros2/install/px4_msgs/include/px4_msgs/px4_msgs/msg/detail/register_ext_component_request__traits.hpp\n'}
[0.976056] (px4_msgs) StdoutLine: {'line': b'-- Up-to-date: /home/nicolas/ws_ros2/install/px4_msgs/include/px4_msgs/px4_msgs/msg/detail/sensor_airflow__builder.hpp\n'}
[0.976089] (px4_msgs) StdoutLine: {'line': b'-- Up-to-date: /home/nicolas/ws_ros2/install/px4_msgs/include/px4_msgs/px4_msgs/msg/detail/open_drone_id_arm_status__type_support.hpp\n'}
[0.976121] (px4_msgs) StdoutLine: {'line': b'-- Up-to-date: /home/nicolas/ws_ros2/install/px4_msgs/include/px4_msgs/px4_msgs/msg/detail/vehicle_global_position__traits.hpp\n'}
[0.976153] (px4_msgs) StdoutLine: {'line': b'-- Up-to-date: /home/nicolas/ws_ros2/install/px4_msgs/include/px4_msgs/px4_msgs/msg/detail/config_overrides__type_support.hpp\n'}
[0.976195] (px4_msgs) StdoutLine: {'line': b'-- Up-to-date: /home/nicolas/ws_ros2/install/px4_msgs/include/px4_msgs/px4_msgs/msg/detail/landing_gear__type_support.hpp\n'}
[0.976227] (px4_msgs) StdoutLine: {'line': b'-- Up-to-date: /home/nicolas/ws_ros2/install/px4_msgs/include/px4_msgs/px4_msgs/msg/detail/distance_sensor__traits.hpp\n'}
[0.976259] (px4_msgs) StdoutLine: {'line': b'-- Up-to-date: /home/nicolas/ws_ros2/install/px4_msgs/include/px4_msgs/px4_msgs/msg/detail/transponder_report__struct.hpp\n'}
[0.976290] (px4_msgs) StdoutLine: {'line': b'-- Up-to-date: /home/nicolas/ws_ros2/install/px4_msgs/include/px4_msgs/px4_msgs/msg/detail/sensor_uwb__struct.hpp\n'}
[0.976322] (px4_msgs) StdoutLine: {'line': b'-- Up-to-date: /home/nicolas/ws_ros2/install/px4_msgs/include/px4_msgs/px4_msgs/msg/detail/fixed_wing_lateral_setpoint__type_support.hpp\n'}
[0.976354] (px4_msgs) StdoutLine: {'line': b'-- Up-to-date: /home/nicolas/ws_ros2/install/px4_msgs/include/px4_msgs/px4_msgs/msg/detail/message_format_response__struct.hpp\n'}
[0.976386] (px4_msgs) StdoutLine: {'line': b'-- Up-to-date: /home/nicolas/ws_ros2/install/px4_msgs/include/px4_msgs/px4_msgs/msg/detail/input_rc__traits.hpp\n'}
[0.976418] (px4_msgs) StdoutLine: {'line': b'-- Up-to-date: /home/nicolas/ws_ros2/install/px4_msgs/include/px4_msgs/px4_msgs/msg/detail/mission__builder.hpp\n'}
[0.976460] (px4_msgs) StdoutLine: {'line': b'-- Up-to-date: /home/nicolas/ws_ros2/install/px4_msgs/include/px4_msgs/px4_msgs/msg/detail/landing_target_innovations__builder.hpp\n'}
[0.976495] (px4_msgs) StdoutLine: {'line': b'-- Up-to-date: /home/nicolas/ws_ros2/install/px4_msgs/include/px4_msgs/px4_msgs/msg/detail/vehicle_magnetometer__type_support.hpp\n'}
[0.976527] (px4_msgs) StdoutLine: {'line': b'-- Up-to-date: /home/nicolas/ws_ros2/install/px4_msgs/include/px4_msgs/px4_msgs/msg/detail/gps_inject_data__traits.hpp\n'}
[0.976560] (px4_msgs) StdoutLine: {'line': b'-- Up-to-date: /home/nicolas/ws_ros2/install/px4_msgs/include/px4_msgs/px4_msgs/msg/detail/vehicle_land_detected__struct.hpp\n'}
[0.976592] (px4_msgs) StdoutLine: {'line': b'-- Up-to-date: /home/nicolas/ws_ros2/install/px4_msgs/include/px4_msgs/px4_msgs/msg/detail/estimator_gps_status__traits.hpp\n'}
[0.976624] (px4_msgs) StdoutLine: {'line': b'-- Up-to-date: /home/nicolas/ws_ros2/install/px4_msgs/include/px4_msgs/px4_msgs/msg/detail/message_format_request__type_support.hpp\n'}
[0.976655] (px4_msgs) StdoutLine: {'line': b'-- Up-to-date: /home/nicolas/ws_ros2/install/px4_msgs/include/px4_msgs/px4_msgs/msg/detail/mount_orientation__builder.hpp\n'}
[0.976689] (px4_msgs) StdoutLine: {'line': b'-- Up-to-date: /home/nicolas/ws_ros2/install/px4_msgs/include/px4_msgs/px4_msgs/msg/detail/vehicle_control_mode__builder.hpp\n'}
[0.976720] (px4_msgs) StdoutLine: {'line': b'-- Up-to-date: /home/nicolas/ws_ros2/install/px4_msgs/include/px4_msgs/px4_msgs/msg/detail/open_drone_id_operator_id__builder.hpp\n'}
[0.976755] (px4_msgs) StdoutLine: {'line': b'-- Up-to-date: /home/nicolas/ws_ros2/install/px4_msgs/include/px4_msgs/px4_msgs/msg/detail/cpuload__type_support.hpp\n'}
[0.976786] (px4_msgs) StdoutLine: {'line': b'-- Up-to-date: /home/nicolas/ws_ros2/install/px4_msgs/include/px4_msgs/px4_msgs/msg/detail/pwm_input__type_support.hpp\n'}
[0.976817] (px4_msgs) StdoutLine: {'line': b'-- Up-to-date: /home/nicolas/ws_ros2/install/px4_msgs/include/px4_msgs/px4_msgs/msg/detail/obstacle_distance__type_support.hpp\n'}
[0.976848] (px4_msgs) StdoutLine: {'line': b'-- Up-to-date: /home/nicolas/ws_ros2/install/px4_msgs/include/px4_msgs/px4_msgs/msg/detail/generator_status__type_support.hpp\n'}
[0.976879] (px4_msgs) StdoutLine: {'line': b'-- Up-to-date: /home/nicolas/ws_ros2/install/px4_msgs/include/px4_msgs/px4_msgs/msg/detail/register_ext_component_reply__struct.hpp\n'}
[0.976910] (px4_msgs) StdoutLine: {'line': b'-- Up-to-date: /home/nicolas/ws_ros2/install/px4_msgs/include/px4_msgs/px4_msgs/msg/detail/debug_array__struct.hpp\n'}
[0.976940] (px4_msgs) StdoutLine: {'line': b'-- Up-to-date: /home/nicolas/ws_ros2/install/px4_msgs/include/px4_msgs/px4_msgs/msg/detail/dataman_request__type_support.hpp\n'}
[0.976971] (px4_msgs) StdoutLine: {'line': b'-- Up-to-date: /home/nicolas/ws_ros2/install/px4_msgs/include/px4_msgs/px4_msgs/msg/detail/internal_combustion_engine_status__traits.hpp\n'}
[0.977009] (px4_msgs) StdoutLine: {'line': b'-- Up-to-date: /home/nicolas/ws_ros2/install/px4_msgs/include/px4_msgs/px4_msgs/msg/detail/velocity_limits__traits.hpp\n'}
[0.977040] (px4_msgs) StdoutLine: {'line': b'-- Up-to-date: /home/nicolas/ws_ros2/install/px4_msgs/include/px4_msgs/px4_msgs/msg/detail/rover_steering_setpoint__type_support.hpp\n'}
[0.977072] (px4_msgs) StdoutLine: {'line': b'-- Up-to-date: /home/nicolas/ws_ros2/install/px4_msgs/include/px4_msgs/px4_msgs/msg/detail/rover_speed_setpoint__traits.hpp\n'}
[0.977103] (px4_msgs) StdoutLine: {'line': b'-- Up-to-date: /home/nicolas/ws_ros2/install/px4_msgs/include/px4_msgs/px4_msgs/msg/detail/fuel_tank_status__builder.hpp\n'}
[0.977132] (px4_msgs) StdoutLine: {'line': b'-- Up-to-date: /home/nicolas/ws_ros2/install/px4_msgs/include/px4_msgs/px4_msgs/msg/detail/yaw_estimator_status__struct.hpp\n'}
[0.977163] (px4_msgs) StdoutLine: {'line': b'-- Up-to-date: /home/nicolas/ws_ros2/install/px4_msgs/include/px4_msgs/px4_msgs/msg/detail/satellite_info__struct.hpp\n'}
[0.977194] (px4_msgs) StdoutLine: {'line': b'-- Up-to-date: /home/nicolas/ws_ros2/install/px4_msgs/include/px4_msgs/px4_msgs/msg/detail/message_format_response__builder.hpp\n'}
[0.977225] (px4_msgs) StdoutLine: {'line': b'-- Up-to-date: /home/nicolas/ws_ros2/install/px4_msgs/include/px4_msgs/px4_msgs/msg/detail/magnetometer_bias_estimate__traits.hpp\n'}
[0.977255] (px4_msgs) StdoutLine: {'line': b'-- Up-to-date: /home/nicolas/ws_ros2/install/px4_msgs/include/px4_msgs/px4_msgs/msg/detail/vehicle_command_ack__traits.hpp\n'}
[0.977297] (px4_msgs) StdoutLine: {'line': b'-- Up-to-date: /home/nicolas/ws_ros2/install/px4_msgs/include/px4_msgs/px4_msgs/msg/detail/fuel_tank_status__type_support.hpp\n'}
[0.977328] (px4_msgs) StdoutLine: {'line': b'-- Up-to-date: /home/nicolas/ws_ros2/install/px4_msgs/include/px4_msgs/px4_msgs/msg/detail/arming_check_reply__struct.hpp\n'}
[0.977359] (px4_msgs) StdoutLine: {'line': b'-- Up-to-date: /home/nicolas/ws_ros2/install/px4_msgs/include/px4_msgs/px4_msgs/msg/detail/qshell_retval__struct.hpp\n'}
[0.977390] (px4_msgs) StdoutLine: {'line': b'-- Up-to-date: /home/nicolas/ws_ros2/install/px4_msgs/include/px4_msgs/px4_msgs/msg/detail/rover_speed_status__traits.hpp\n'}
[0.977420] (px4_msgs) StdoutLine: {'line': b'-- Up-to-date: /home/nicolas/ws_ros2/install/px4_msgs/include/px4_msgs/px4_msgs/msg/detail/gpio_request__type_support.hpp\n'}
[0.977455] (px4_msgs) StdoutLine: {'line': b'-- Up-to-date: /home/nicolas/ws_ros2/install/px4_msgs/include/px4_msgs/px4_msgs/msg/detail/gimbal_manager_set_attitude__type_support.hpp\n'}
[0.977487] (px4_msgs) StdoutLine: {'line': b'-- Up-to-date: /home/nicolas/ws_ros2/install/px4_msgs/include/px4_msgs/px4_msgs/msg/detail/estimator_bias__traits.hpp\n'}
[0.977522] (px4_msgs) StdoutLine: {'line': b'-- Up-to-date: /home/nicolas/ws_ros2/install/px4_msgs/include/px4_msgs/px4_msgs/msg/detail/navigator_mission_item__type_support.hpp\n'}
[0.977554] (px4_msgs) StdoutLine: {'line': b'-- Up-to-date: /home/nicolas/ws_ros2/install/px4_msgs/include/px4_msgs/px4_msgs/msg/detail/debug_array__builder.hpp\n'}
[0.977585] (px4_msgs) StdoutLine: {'line': b'-- Up-to-date: /home/nicolas/ws_ros2/install/px4_msgs/include/px4_msgs/px4_msgs/msg/detail/uavcan_parameter_value__type_support.hpp\n'}
[0.977616] (px4_msgs) StdoutLine: {'line': b'-- Up-to-date: /home/nicolas/ws_ros2/install/px4_msgs/include/px4_msgs/px4_msgs/msg/detail/launch_detection_status__traits.hpp\n'}
[0.977647] (px4_msgs) StdoutLine: {'line': b'-- Up-to-date: /home/nicolas/ws_ros2/install/px4_msgs/include/px4_msgs/px4_msgs/msg/detail/estimator_selector_status__struct.hpp\n'}
[0.977680] (px4_msgs) StdoutLine: {'line': b'-- Up-to-date: /home/nicolas/ws_ros2/install/px4_msgs/include/px4_msgs/px4_msgs/msg/detail/geofence_result__traits.hpp\n'}
[0.977712] (px4_msgs) StdoutLine: {'line': b'-- Up-to-date: /home/nicolas/ws_ros2/install/px4_msgs/include/px4_msgs/px4_msgs/msg/detail/logger_status__traits.hpp\n'}
[0.977743] (px4_msgs) StdoutLine: {'line': b'-- Up-to-date: /home/nicolas/ws_ros2/install/px4_msgs/include/px4_msgs/px4_msgs/msg/detail/estimator_event_flags__type_support.hpp\n'}
[0.977775] (px4_msgs) StdoutLine: {'line': b'-- Up-to-date: /home/nicolas/ws_ros2/install/px4_msgs/include/px4_msgs/px4_msgs/msg/detail/gpio_config__builder.hpp\n'}
[0.977806] (px4_msgs) StdoutLine: {'line': b'-- Up-to-date: /home/nicolas/ws_ros2/install/px4_msgs/include/px4_msgs/px4_msgs/msg/detail/cellular_status__type_support.hpp\n'}
[0.977836] (px4_msgs) StdoutLine: {'line': b'-- Up-to-date: /home/nicolas/ws_ros2/install/px4_msgs/include/px4_msgs/px4_msgs/msg/detail/sensor_accel_fifo__traits.hpp\n'}
[0.977868] (px4_msgs) StdoutLine: {'line': b'-- Up-to-date: /home/nicolas/ws_ros2/install/px4_msgs/include/px4_msgs/px4_msgs/msg/detail/logger_status__struct.hpp\n'}
[0.977900] (px4_msgs) StdoutLine: {'line': b'-- Up-to-date: /home/nicolas/ws_ros2/install/px4_msgs/include/px4_msgs/px4_msgs/msg/detail/tecs_status__struct.hpp\n'}
[0.977932] (px4_msgs) StdoutLine: {'line': b'-- Up-to-date: /home/nicolas/ws_ros2/install/px4_msgs/include/px4_msgs/px4_msgs/msg/detail/ulog_stream__type_support.hpp\n'}
[0.977962] (px4_msgs) StdoutLine: {'line': b'-- Up-to-date: /home/nicolas/ws_ros2/install/px4_msgs/include/px4_msgs/px4_msgs/msg/detail/landing_target_innovations__type_support.hpp\n'}
[0.977993] (px4_msgs) StdoutLine: {'line': b'-- Up-to-date: /home/nicolas/ws_ros2/install/px4_msgs/include/px4_msgs/px4_msgs/msg/detail/arming_check_request__struct.hpp\n'}
[0.978025] (px4_msgs) StdoutLine: {'line': b'-- Up-to-date: /home/nicolas/ws_ros2/install/px4_msgs/include/px4_msgs/px4_msgs/msg/detail/vehicle_odometry__traits.hpp\n'}
[0.978061] (px4_msgs) StdoutLine: {'line': b'-- Up-to-date: /home/nicolas/ws_ros2/install/px4_msgs/include/px4_msgs/px4_msgs/msg/detail/dataman_request__struct.hpp\n'}
[0.978092] (px4_msgs) StdoutLine: {'line': b'-- Up-to-date: /home/nicolas/ws_ros2/install/px4_msgs/include/px4_msgs/px4_msgs/msg/detail/launch_detection_status__type_support.hpp\n'}
[0.978124] (px4_msgs) StdoutLine: {'line': b'-- Up-to-date: /home/nicolas/ws_ros2/install/px4_msgs/include/px4_msgs/px4_msgs/msg/detail/px4io_status__struct.hpp\n'}
[0.978155] (px4_msgs) StdoutLine: {'line': b'-- Up-to-date: /home/nicolas/ws_ros2/install/px4_msgs/include/px4_msgs/px4_msgs/msg/detail/vehicle_acceleration__traits.hpp\n'}
[0.978192] (px4_msgs) StdoutLine: {'line': b'-- Up-to-date: /home/nicolas/ws_ros2/install/px4_msgs/include/px4_msgs/px4_msgs/msg/detail/landing_target_pose__type_support.hpp\n'}
[0.978231] (px4_msgs) StdoutLine: {'line': b'-- Up-to-date: /home/nicolas/ws_ros2/install/px4_msgs/include/px4_msgs/px4_msgs/msg/detail/battery_status__traits.hpp\n'}
[0.978264] (px4_msgs) StdoutLine: {'line': b'-- Up-to-date: /home/nicolas/ws_ros2/install/px4_msgs/include/px4_msgs/px4_msgs/msg/detail/rover_attitude_status__traits.hpp\n'}
[0.978300] (px4_msgs) StdoutLine: {'line': b'-- Up-to-date: /home/nicolas/ws_ros2/install/px4_msgs/include/px4_msgs/px4_msgs/msg/detail/qshell_retval__type_support.hpp\n'}
[0.978334] (px4_msgs) StdoutLine: {'line': b'-- Up-to-date: /home/nicolas/ws_ros2/install/px4_msgs/include/px4_msgs/px4_msgs/msg/detail/mavlink_log__type_support.hpp\n'}
[0.978370] (px4_msgs) StdoutLine: {'line': b'-- Up-to-date: /home/nicolas/ws_ros2/install/px4_msgs/include/px4_msgs/px4_msgs/msg/detail/airspeed__type_support.hpp\n'}
[0.978401] (px4_msgs) StdoutLine: {'line': b'-- Up-to-date: /home/nicolas/ws_ros2/install/px4_msgs/include/px4_msgs/px4_msgs/msg/detail/onboard_computer_status__struct.hpp\n'}
[0.978434] (px4_msgs) StdoutLine: {'line': b'-- Up-to-date: /home/nicolas/ws_ros2/install/px4_msgs/include/px4_msgs/px4_msgs/msg/detail/vehicle_status__struct.hpp\n'}
[0.978468] (px4_msgs) StdoutLine: {'line': b'-- Up-to-date: /home/nicolas/ws_ros2/install/px4_msgs/include/px4_msgs/px4_msgs/msg/detail/position_setpoint_triplet__builder.hpp\n'}
[0.978500] (px4_msgs) StdoutLine: {'line': b'-- Up-to-date: /home/nicolas/ws_ros2/install/px4_msgs/include/px4_msgs/px4_msgs/msg/detail/parameter_set_value_request__builder.hpp\n'}
[0.978532] (px4_msgs) StdoutLine: {'line': b'-- Up-to-date: /home/nicolas/ws_ros2/install/px4_msgs/include/px4_msgs/px4_msgs/msg/detail/actuator_outputs__type_support.hpp\n'}
[0.978565] (px4_msgs) StdoutLine: {'line': b'-- Up-to-date: /home/nicolas/ws_ros2/install/px4_msgs/include/px4_msgs/px4_msgs/msg/detail/hover_thrust_estimate__struct.hpp\n'}
[0.978596] (px4_msgs) StdoutLine: {'line': b'-- Up-to-date: /home/nicolas/ws_ros2/install/px4_msgs/include/px4_msgs/px4_msgs/msg/detail/differential_pressure__struct.hpp\n'}
[0.978627] (px4_msgs) StdoutLine: {'line': b'-- Up-to-date: /home/nicolas/ws_ros2/install/px4_msgs/include/px4_msgs/px4_msgs/msg/detail/esc_report__builder.hpp\n'}
[0.978660] (px4_msgs) StdoutLine: {'line': b'-- Up-to-date: /home/nicolas/ws_ros2/install/px4_msgs/include/px4_msgs/px4_msgs/msg/detail/wheel_encoders__type_support.hpp\n'}
[0.978695] (px4_msgs) StdoutLine: {'line': b'-- Up-to-date: /home/nicolas/ws_ros2/install/px4_msgs/include/px4_msgs/px4_msgs/msg/detail/ulog_stream_ack__type_support.hpp\n'}
[0.978727] (px4_msgs) StdoutLine: {'line': b'-- Up-to-date: /home/nicolas/ws_ros2/install/px4_msgs/include/px4_msgs/px4_msgs/msg/detail/trajectory_setpoint__traits.hpp\n'}
[0.978760] (px4_msgs) StdoutLine: {'line': b'-- Up-to-date: /home/nicolas/ws_ros2/install/px4_msgs/include/px4_msgs/px4_msgs/msg/detail/home_position__struct.hpp\n'}
[0.978791] (px4_msgs) StdoutLine: {'line': b'-- Up-to-date: /home/nicolas/ws_ros2/install/px4_msgs/include/px4_msgs/px4_msgs/msg/detail/vehicle_rates_setpoint__builder.hpp\n'}
[0.978822] (px4_msgs) StdoutLine: {'line': b'-- Up-to-date: /home/nicolas/ws_ros2/install/px4_msgs/include/px4_msgs/px4_msgs/msg/detail/battery_info__struct.hpp\n'}
[0.978853] (px4_msgs) StdoutLine: {'line': b'-- Up-to-date: /home/nicolas/ws_ros2/install/px4_msgs/include/px4_msgs/px4_msgs/msg/detail/orb_test_large__traits.hpp\n'}
[0.978885] (px4_msgs) StdoutLine: {'line': b'-- Up-to-date: /home/nicolas/ws_ros2/install/px4_msgs/include/px4_msgs/px4_msgs/msg/detail/rate_ctrl_status__struct.hpp\n'}
[0.978918] (px4_msgs) StdoutLine: {'line': b'-- Up-to-date: /home/nicolas/ws_ros2/install/px4_msgs/include/px4_msgs/px4_msgs/msg/detail/vehicle_angular_acceleration_setpoint__struct.hpp\n'}
[0.978949] (px4_msgs) StdoutLine: {'line': b'-- Up-to-date: /home/nicolas/ws_ros2/install/px4_msgs/include/px4_msgs/px4_msgs/msg/detail/sensor_gnss_status__builder.hpp\n'}
[0.978981] (px4_msgs) StdoutLine: {'line': b'-- Up-to-date: /home/nicolas/ws_ros2/install/px4_msgs/include/px4_msgs/px4_msgs/msg/detail/irlock_report__struct.hpp\n'}
[0.979013] (px4_msgs) StdoutLine: {'line': b'-- Up-to-date: /home/nicolas/ws_ros2/install/px4_msgs/include/px4_msgs/px4_msgs/msg/detail/magnetometer_bias_estimate__builder.hpp\n'}
[0.979047] (px4_msgs) StdoutLine: {'line': b'-- Up-to-date: /home/nicolas/ws_ros2/install/px4_msgs/include/px4_msgs/px4_msgs/msg/detail/offboard_control_mode__struct.hpp\n'}
[0.979080] (px4_msgs) StdoutLine: {'line': b'-- Up-to-date: /home/nicolas/ws_ros2/install/px4_msgs/include/px4_msgs/px4_msgs/msg/detail/sensor_preflight_mag__struct.hpp\n'}
[0.979111] (px4_msgs) StdoutLine: {'line': b'-- Up-to-date: /home/nicolas/ws_ros2/install/px4_msgs/include/px4_msgs/px4_msgs/msg/detail/sensor_combined__traits.hpp\n'}
[0.979147] (px4_msgs) StdoutLine: {'line': b'-- Up-to-date: /home/nicolas/ws_ros2/install/px4_msgs/include/px4_msgs/px4_msgs/msg/detail/generator_status__struct.hpp\n'}
[0.979179] (px4_msgs) StdoutLine: {'line': b'-- Up-to-date: /home/nicolas/ws_ros2/install/px4_msgs/include/px4_msgs/px4_msgs/msg/detail/flight_phase_estimation__builder.hpp\n'}
[0.979210] (px4_msgs) StdoutLine: {'line': b'-- Up-to-date: /home/nicolas/ws_ros2/install/px4_msgs/include/px4_msgs/px4_msgs/msg/detail/sensor_gyro_fifo__struct.hpp\n'}
[0.979242] (px4_msgs) StdoutLine: {'line': b'-- Up-to-date: /home/nicolas/ws_ros2/install/px4_msgs/include/px4_msgs/px4_msgs/msg/detail/arming_check_reply__builder.hpp\n'}
[0.979273] (px4_msgs) StdoutLine: {'line': b'-- Up-to-date: /home/nicolas/ws_ros2/install/px4_msgs/include/px4_msgs/px4_msgs/msg/detail/can_interface_status__traits.hpp\n'}
[0.979317] (px4_msgs) StdoutLine: {'line': b'-- Up-to-date: /home/nicolas/ws_ros2/install/px4_msgs/include/px4_msgs/px4_msgs/msg/detail/launch_detection_status__struct.hpp\n'}
[0.979350] (px4_msgs) StdoutLine: {'line': b'-- Up-to-date: /home/nicolas/ws_ros2/install/px4_msgs/include/px4_msgs/px4_msgs/msg/detail/gpio_config__struct.hpp\n'}
[0.979384] (px4_msgs) StdoutLine: {'line': b'-- Up-to-date: /home/nicolas/ws_ros2/install/px4_msgs/include/px4_msgs/px4_msgs/msg/detail/rover_rate_setpoint__traits.hpp\n'}
[0.979418] (px4_msgs) StdoutLine: {'line': b'-- Up-to-date: /home/nicolas/ws_ros2/install/px4_msgs/include/px4_msgs/px4_msgs/msg/detail/rate_ctrl_status__builder.hpp\n'}
[0.979458] (px4_msgs) StdoutLine: {'line': b'-- Up-to-date: /home/nicolas/ws_ros2/install/px4_msgs/include/px4_msgs/px4_msgs/msg/detail/open_drone_id_system__traits.hpp\n'}
[0.979493] (px4_msgs) StdoutLine: {'line': b'-- Up-to-date: /home/nicolas/ws_ros2/install/px4_msgs/include/px4_msgs/px4_msgs/msg/detail/gripper__struct.hpp\n'}
[0.979528] (px4_msgs) StdoutLine: {'line': b'-- Up-to-date: /home/nicolas/ws_ros2/install/px4_msgs/include/px4_msgs/px4_msgs/msg/detail/navigator_mission_item__traits.hpp\n'}
[0.979562] (px4_msgs) StdoutLine: {'line': b'-- Up-to-date: /home/nicolas/ws_ros2/install/px4_msgs/include/px4_msgs/px4_msgs/msg/detail/rover_attitude_setpoint__struct.hpp\n'}
[0.979596] (px4_msgs) StdoutLine: {'line': b'-- Up-to-date: /home/nicolas/ws_ros2/install/px4_msgs/include/px4_msgs/px4_msgs/msg/detail/debug_array__type_support.hpp\n'}
[0.979632] (px4_msgs) StdoutLine: {'line': b'-- Up-to-date: /home/nicolas/ws_ros2/install/px4_msgs/include/px4_msgs/px4_msgs/msg/detail/debug_value__traits.hpp\n'}
[0.979667] (px4_msgs) StdoutLine: {'line': b'-- Up-to-date: /home/nicolas/ws_ros2/install/px4_msgs/include/px4_msgs/px4_msgs/msg/detail/sensor_correction__struct.hpp\n'}
[0.979701] (px4_msgs) StdoutLine: {'line': b'-- Up-to-date: /home/nicolas/ws_ros2/install/px4_msgs/include/px4_msgs/px4_msgs/msg/detail/qshell_req__struct.hpp\n'}
[0.979768] (px4_msgs) StdoutLine: {'line': b'-- Up-to-date: /home/nicolas/ws_ros2/install/px4_msgs/include/px4_msgs/px4_msgs/msg/detail/sensor_accel__traits.hpp\n'}
[0.979810] (px4_msgs) StdoutLine: {'line': b'-- Up-to-date: /home/nicolas/ws_ros2/install/px4_msgs/include/px4_msgs/px4_msgs/msg/detail/mode_completed__type_support.hpp\n'}
[0.979843] (px4_msgs) StdoutLine: {'line': b'-- Up-to-date: /home/nicolas/ws_ros2/install/px4_msgs/include/px4_msgs/px4_msgs/msg/detail/launch_detection_status__builder.hpp\n'}
[0.979874] (px4_msgs) StdoutLine: {'line': b'-- Up-to-date: /home/nicolas/ws_ros2/install/px4_msgs/include/px4_msgs/px4_msgs/msg/detail/health_report__traits.hpp\n'}
[0.979910] (px4_msgs) StdoutLine: {'line': b'-- Up-to-date: /home/nicolas/ws_ros2/install/px4_msgs/include/px4_msgs/px4_msgs/msg/detail/estimator_aid_source3d__struct.hpp\n'}
[0.979941] (px4_msgs) StdoutLine: {'line': b'-- Up-to-date: /home/nicolas/ws_ros2/install/px4_msgs/include/px4_msgs/px4_msgs/msg/detail/power_monitor__builder.hpp\n'}
[0.979974] (px4_msgs) StdoutLine: {'line': b'-- Up-to-date: /home/nicolas/ws_ros2/install/px4_msgs/include/px4_msgs/px4_msgs/msg/detail/estimator_gps_status__struct.hpp\n'}
[0.980008] (px4_msgs) StdoutLine: {'line': b'-- Up-to-date: /home/nicolas/ws_ros2/install/px4_msgs/include/px4_msgs/px4_msgs/msg/detail/rover_attitude_setpoint__traits.hpp\n'}
[0.980042] (px4_msgs) StdoutLine: {'line': b'-- Up-to-date: /home/nicolas/ws_ros2/install/px4_msgs/include/px4_msgs/px4_msgs/msg/detail/vehicle_roi__traits.hpp\n'}
[0.980076] (px4_msgs) StdoutLine: {'line': b'-- Up-to-date: /home/nicolas/ws_ros2/install/px4_msgs/include/px4_msgs/px4_msgs/msg/detail/satellite_info__builder.hpp\n'}
[0.980111] (px4_msgs) StdoutLine: {'line': b'-- Up-to-date: /home/nicolas/ws_ros2/install/px4_msgs/include/px4_msgs/px4_msgs/msg/detail/qshell_req__type_support.hpp\n'}
[0.980145] (px4_msgs) StdoutLine: {'line': b'-- Up-to-date: /home/nicolas/ws_ros2/install/px4_msgs/include/px4_msgs/px4_msgs/msg/detail/telemetry_status__struct.hpp\n'}
[0.980179] (px4_msgs) StdoutLine: {'line': b'-- Up-to-date: /home/nicolas/ws_ros2/install/px4_msgs/include/px4_msgs/px4_msgs/msg/detail/esc_report__struct.hpp\n'}
[0.980215] (px4_msgs) StdoutLine: {'line': b'-- Up-to-date: /home/nicolas/ws_ros2/install/px4_msgs/include/px4_msgs/px4_msgs/msg/detail/trajectory_setpoint__type_support.hpp\n'}
[0.980249] (px4_msgs) StdoutLine: {'line': b'-- Up-to-date: /home/nicolas/ws_ros2/install/px4_msgs/include/px4_msgs/px4_msgs/msg/detail/fixed_wing_longitudinal_setpoint__traits.hpp\n'}
[0.980283] (px4_msgs) StdoutLine: {'line': b'-- Up-to-date: /home/nicolas/ws_ros2/install/px4_msgs/include/px4_msgs/px4_msgs/msg/detail/autotune_attitude_control_status__type_support.hpp\n'}
[0.980331] (px4_msgs) StdoutLine: {'line': b'-- Up-to-date: /home/nicolas/ws_ros2/install/px4_msgs/include/px4_msgs/px4_msgs/msg/detail/trajectory_setpoint6dof__struct.hpp\n'}
[0.980364] (px4_msgs) StdoutLine: {'line': b'-- Up-to-date: /home/nicolas/ws_ros2/install/px4_msgs/include/px4_msgs/px4_msgs/msg/detail/takeoff_status__traits.hpp\n'}
[0.980396] (px4_msgs) StdoutLine: {'line': b'-- Up-to-date: /home/nicolas/ws_ros2/install/px4_msgs/include/px4_msgs/px4_msgs/msg/detail/task_stack_info__builder.hpp\n'}
[0.980426] (px4_msgs) StdoutLine: {'line': b'-- Up-to-date: /home/nicolas/ws_ros2/install/px4_msgs/include/px4_msgs/px4_msgs/msg/detail/camera_status__struct.hpp\n'}
[0.980463] (px4_msgs) StdoutLine: {'line': b'-- Up-to-date: /home/nicolas/ws_ros2/install/px4_msgs/include/px4_msgs/px4_msgs/msg/detail/estimator_status_flags__traits.hpp\n'}
[0.980494] (px4_msgs) StdoutLine: {'line': b'-- Up-to-date: /home/nicolas/ws_ros2/install/px4_msgs/include/px4_msgs/px4_msgs/msg/detail/parameter_set_value_response__builder.hpp\n'}
[0.980525] (px4_msgs) StdoutLine: {'line': b'-- Up-to-date: /home/nicolas/ws_ros2/install/px4_msgs/include/px4_msgs/px4_msgs/msg/detail/collision_constraints__type_support.hpp\n'}
[0.980556] (px4_msgs) StdoutLine: {'line': b'-- Up-to-date: /home/nicolas/ws_ros2/install/px4_msgs/include/px4_msgs/px4_msgs/msg/detail/gripper__traits.hpp\n'}
[0.980587] (px4_msgs) StdoutLine: {'line': b'-- Up-to-date: /home/nicolas/ws_ros2/install/px4_msgs/include/px4_msgs/px4_msgs/msg/detail/gimbal_device_attitude_status__traits.hpp\n'}
[0.980617] (px4_msgs) StdoutLine: {'line': b'-- Up-to-date: /home/nicolas/ws_ros2/install/px4_msgs/include/px4_msgs/px4_msgs/msg/detail/flight_phase_estimation__struct.hpp\n'}
[0.980651] (px4_msgs) StdoutLine: {'line': b'-- Up-to-date: /home/nicolas/ws_ros2/install/px4_msgs/include/px4_msgs/px4_msgs/msg/detail/mavlink_tunnel__traits.hpp\n'}
[0.980684] (px4_msgs) StdoutLine: {'line': b'-- Up-to-date: /home/nicolas/ws_ros2/install/px4_msgs/include/px4_msgs/px4_msgs/msg/detail/internal_combustion_engine_control__builder.hpp\n'}
[0.980733] (px4_msgs) StdoutLine: {'line': b'-- Up-to-date: /home/nicolas/ws_ros2/install/px4_msgs/include/px4_msgs/px4_msgs/msg/detail/gimbal_device_set_attitude__traits.hpp\n'}
[0.980766] (px4_msgs) StdoutLine: {'line': b'-- Up-to-date: /home/nicolas/ws_ros2/install/px4_msgs/include/px4_msgs/px4_msgs/msg/detail/offboard_control_mode__traits.hpp\n'}
[0.980799] (px4_msgs) StdoutLine: {'line': b'-- Up-to-date: /home/nicolas/ws_ros2/install/px4_msgs/include/px4_msgs/px4_msgs/msg/detail/vehicle_local_position__traits.hpp\n'}
[0.980835] (px4_msgs) StdoutLine: {'line': b'-- Up-to-date: /home/nicolas/ws_ros2/install/px4_msgs/include/px4_msgs/px4_msgs/msg/detail/pure_pursuit_status__struct.hpp\n'}
[0.980866] (px4_msgs) StdoutLine: {'line': b'-- Up-to-date: /home/nicolas/ws_ros2/install/px4_msgs/include/px4_msgs/px4_msgs/msg/detail/navigator_status__traits.hpp\n'}
[0.980898] (px4_msgs) StdoutLine: {'line': b'-- Up-to-date: /home/nicolas/ws_ros2/install/px4_msgs/include/px4_msgs/px4_msgs/msg/detail/unregister_ext_component__type_support.hpp\n'}
[0.980930] (px4_msgs) StdoutLine: {'line': b'-- Up-to-date: /home/nicolas/ws_ros2/install/px4_msgs/include/px4_msgs/px4_msgs/msg/detail/dataman_response__type_support.hpp\n'}
[0.980961] (px4_msgs) StdoutLine: {'line': b'-- Up-to-date: /home/nicolas/ws_ros2/install/px4_msgs/include/px4_msgs/px4_msgs/msg/detail/manual_control_switches__struct.hpp\n'}
[0.980992] (px4_msgs) StdoutLine: {'line': b'-- Up-to-date: /home/nicolas/ws_ros2/install/px4_msgs/include/px4_msgs/px4_msgs/msg/detail/vehicle_air_data__struct.hpp\n'}
[0.981023] (px4_msgs) StdoutLine: {'line': b'-- Up-to-date: /home/nicolas/ws_ros2/install/px4_msgs/include/px4_msgs/px4_msgs/msg/detail/follow_target_estimator__struct.hpp\n'}
[0.981055] (px4_msgs) StdoutLine: {'line': b'-- Up-to-date: /home/nicolas/ws_ros2/install/px4_msgs/include/px4_msgs/px4_msgs/msg/gimbal_manager_status.hpp\n'}
[0.981234] (px4_msgs) StdoutLine: {'line': b'-- Up-to-date: /home/nicolas/ws_ros2/install/px4_msgs/include/px4_msgs/px4_msgs/msg/dronecan_node_status.hpp\n'}
[0.981283] (px4_msgs) StdoutLine: {'line': b'-- Up-to-date: /home/nicolas/ws_ros2/install/px4_msgs/include/px4_msgs/px4_msgs/msg/unregister_ext_component.hpp\n'}
[0.981321] (px4_msgs) StdoutLine: {'line': b'-- Up-to-date: /home/nicolas/ws_ros2/install/px4_msgs/include/px4_msgs/px4_msgs/msg/sensor_gnss_status.hpp\n'}
[0.981356] (px4_msgs) StdoutLine: {'line': b'-- Up-to-date: /home/nicolas/ws_ros2/install/px4_msgs/include/px4_msgs/px4_msgs/msg/vehicle_optical_flow_vel.hpp\n'}
[0.981394] (px4_msgs) StdoutLine: {'line': b'-- Up-to-date: /home/nicolas/ws_ros2/install/px4_msgs/include/px4_msgs/px4_msgs/msg/gps_inject_data.hpp\n'}
[0.981442] (px4_msgs) StdoutLine: {'line': b'-- Up-to-date: /home/nicolas/ws_ros2/install/px4_msgs/include/px4_msgs/px4_msgs/msg/normalized_unsigned_setpoint.hpp\n'}
[0.981495] (px4_msgs) StdoutLine: {'line': b'-- Up-to-date: /home/nicolas/ws_ros2/install/px4_msgs/include/px4_msgs/px4_msgs/msg/fixed_wing_lateral_setpoint.hpp\n'}
[0.981529] (px4_msgs) StdoutLine: {'line': b'-- Up-to-date: /home/nicolas/ws_ros2/install/px4_msgs/include/px4_msgs/px4_msgs/msg/mag_worker_data.hpp\n'}
[0.981562] (px4_msgs) StdoutLine: {'line': b'-- Up-to-date: /home/nicolas/ws_ros2/install/px4_msgs/include/px4_msgs/px4_msgs/msg/flight_phase_estimation.hpp\n'}
[0.981595] (px4_msgs) StdoutLine: {'line': b'-- Up-to-date: /home/nicolas/ws_ros2/install/px4_msgs/include/px4_msgs/px4_msgs/msg/fixed_wing_longitudinal_setpoint.hpp\n'}
[0.981628] (px4_msgs) StdoutLine: {'line': b'-- Up-to-date: /home/nicolas/ws_ros2/install/px4_msgs/include/px4_msgs/px4_msgs/msg/ping.hpp\n'}
[0.981674] (px4_msgs) StdoutLine: {'line': b'-- Up-to-date: /home/nicolas/ws_ros2/install/px4_msgs/include/px4_msgs/px4_msgs/msg/distance_sensor_mode_change_request.hpp\n'}
[0.981707] (px4_msgs) StdoutLine: {'line': b'-- Up-to-date: /home/nicolas/ws_ros2/install/px4_msgs/include/px4_msgs/px4_msgs/msg/generator_status.hpp\n'}
[0.981739] (px4_msgs) StdoutLine: {'line': b'-- Up-to-date: /home/nicolas/ws_ros2/install/px4_msgs/include/px4_msgs/px4_msgs/msg/sensor_combined.hpp\n'}
[0.981775] (px4_msgs) StdoutLine: {'line': b'-- Up-to-date: /home/nicolas/ws_ros2/install/px4_msgs/include/px4_msgs/px4_msgs/msg/geofence_status.hpp\n'}
[0.981808] (px4_msgs) StdoutLine: {'line': b'-- Up-to-date: /home/nicolas/ws_ros2/install/px4_msgs/include/px4_msgs/px4_msgs/msg/trajectory_setpoint6dof.hpp\n'}
[0.981842] (px4_msgs) StdoutLine: {'line': b'-- Up-to-date: /home/nicolas/ws_ros2/install/px4_msgs/include/px4_msgs/px4_msgs/msg/rc_channels.hpp\n'}
[0.981874] (px4_msgs) StdoutLine: {'line': b'-- Up-to-date: /home/nicolas/ws_ros2/install/px4_msgs/include/px4_msgs/px4_msgs/msg/sensor_accel.hpp\n'}
[0.981908] (px4_msgs) StdoutLine: {'line': b'-- Up-to-date: /home/nicolas/ws_ros2/install/px4_msgs/include/px4_msgs/px4_msgs/msg/sensor_gyro.hpp\n'}
[0.981943] (px4_msgs) StdoutLine: {'line': b'-- Up-to-date: /home/nicolas/ws_ros2/install/px4_msgs/include/px4_msgs/px4_msgs/msg/actuator_servos_trim.hpp\n'}
[0.981978] (px4_msgs) StdoutLine: {'line': b'-- Up-to-date: /home/nicolas/ws_ros2/install/px4_msgs/include/px4_msgs/px4_msgs/msg/estimator_sensor_bias.hpp\n'}
[0.982014] (px4_msgs) StdoutLine: {'line': b'-- Up-to-date: /home/nicolas/ws_ros2/install/px4_msgs/include/px4_msgs/px4_msgs/msg/adc_report.hpp\n'}
[0.982052] (px4_msgs) StdoutLine: {'line': b'-- Up-to-date: /home/nicolas/ws_ros2/install/px4_msgs/include/px4_msgs/px4_msgs/msg/sensor_gyro_fft.hpp\n'}
[0.982117] (px4_msgs) StdoutLine: {'line': b'-- Up-to-date: /home/nicolas/ws_ros2/install/px4_msgs/include/px4_msgs/px4_msgs/msg/radio_status.hpp\n'}
[0.982151] (px4_msgs) StdoutLine: {'line': b'-- Up-to-date: /home/nicolas/ws_ros2/install/px4_msgs/include/px4_msgs/px4_msgs/msg/vehicle_land_detected.hpp\n'}
[0.982199] (px4_msgs) StdoutLine: {'line': b'-- Up-to-date: /home/nicolas/ws_ros2/install/px4_msgs/include/px4_msgs/px4_msgs/msg/rover_position_setpoint.hpp\n'}
[0.982242] (px4_msgs) StdoutLine: {'line': b'-- Up-to-date: /home/nicolas/ws_ros2/install/px4_msgs/include/px4_msgs/px4_msgs/msg/button_event.hpp\n'}
[0.982277] (px4_msgs) StdoutLine: {'line': b'-- Up-to-date: /home/nicolas/ws_ros2/install/px4_msgs/include/px4_msgs/px4_msgs/msg/mode_completed.hpp\n'}
[0.982311] (px4_msgs) StdoutLine: {'line': b'-- Up-to-date: /home/nicolas/ws_ros2/install/px4_msgs/include/px4_msgs/px4_msgs/msg/sensor_baro.hpp\n'}
[0.982357] (px4_msgs) StdoutLine: {'line': b'-- Up-to-date: /home/nicolas/ws_ros2/install/px4_msgs/include/px4_msgs/px4_msgs/msg/rtl_status.hpp\n'}
[0.982393] (px4_msgs) StdoutLine: {'line': b'-- Up-to-date: /home/nicolas/ws_ros2/install/px4_msgs/include/px4_msgs/px4_msgs/msg/vehicle_odometry.hpp\n'}
[0.982435] (px4_msgs) StdoutLine: {'line': b'-- Up-to-date: /home/nicolas/ws_ros2/install/px4_msgs/include/px4_msgs/px4_msgs/msg/dataman_request.hpp\n'}
[0.982474] (px4_msgs) StdoutLine: {'line': b'-- Up-to-date: /home/nicolas/ws_ros2/install/px4_msgs/include/px4_msgs/px4_msgs/msg/sensor_selection.hpp\n'}
[0.982569] (px4_msgs) StdoutLine: {'line': b'-- Up-to-date: /home/nicolas/ws_ros2/install/px4_msgs/include/px4_msgs/px4_msgs/msg/uavcan_parameter_request.hpp\n'}
[0.982605] (px4_msgs) StdoutLine: {'line': b'-- Up-to-date: /home/nicolas/ws_ros2/install/px4_msgs/include/px4_msgs/px4_msgs/msg/parameter_set_value_response.hpp\n'}
[0.982648] (px4_msgs) StdoutLine: {'line': b'-- Up-to-date: /home/nicolas/ws_ros2/install/px4_msgs/include/px4_msgs/px4_msgs/msg/event.hpp\n'}
[0.982688] (px4_msgs) StdoutLine: {'line': b'-- Up-to-date: /home/nicolas/ws_ros2/install/px4_msgs/include/px4_msgs/px4_msgs/msg/position_setpoint.hpp\n'}
[0.982733] (px4_msgs) StdoutLine: {'line': b'-- Up-to-date: /home/nicolas/ws_ros2/install/px4_msgs/include/px4_msgs/px4_msgs/msg/failsafe_flags.hpp\n'}
[0.982774] (px4_msgs) StdoutLine: {'line': b'-- Up-to-date: /home/nicolas/ws_ros2/install/px4_msgs/include/px4_msgs/px4_msgs/msg/rover_speed_status.hpp\n'}
[0.982816] (px4_msgs) StdoutLine: {'line': b'-- Up-to-date: /home/nicolas/ws_ros2/install/px4_msgs/include/px4_msgs/px4_msgs/msg/estimator_aid_source3d.hpp\n'}
[0.982880] (px4_msgs) StdoutLine: {'line': b'-- Up-to-date: /home/nicolas/ws_ros2/install/px4_msgs/include/px4_msgs/px4_msgs/msg/parameter_set_used_request.hpp\n'}
[0.982917] (px4_msgs) StdoutLine: {'line': b'-- Up-to-date: /home/nicolas/ws_ros2/install/px4_msgs/include/px4_msgs/px4_msgs/msg/orb_test_medium.hpp\n'}
[0.982961] (px4_msgs) StdoutLine: {'line': b'-- Up-to-date: /home/nicolas/ws_ros2/install/px4_msgs/include/px4_msgs/px4_msgs/msg/gimbal_manager_set_manual_control.hpp\n'}
[0.983074] (px4_msgs) StdoutLine: {'line': b'-- Up-to-date: /home/nicolas/ws_ros2/install/px4_msgs/include/px4_msgs/px4_msgs/msg/can_interface_status.hpp\n'}
[0.983130] (px4_msgs) StdoutLine: {'line': b'-- Up-to-date: /home/nicolas/ws_ros2/install/px4_msgs/include/px4_msgs/px4_msgs/msg/vehicle_control_mode.hpp\n'}
[0.983171] (px4_msgs) StdoutLine: {'line': b'-- Up-to-date: /home/nicolas/ws_ros2/install/px4_msgs/include/px4_msgs/px4_msgs/msg/lateral_control_configuration.hpp\n'}
[0.983208] (px4_msgs) StdoutLine: {'line': b'-- Up-to-date: /home/nicolas/ws_ros2/install/px4_msgs/include/px4_msgs/px4_msgs/msg/vehicle_acceleration.hpp\n'}
[0.983244] (px4_msgs) StdoutLine: {'line': b'-- Up-to-date: /home/nicolas/ws_ros2/install/px4_msgs/include/px4_msgs/px4_msgs/msg/open_drone_id_system.hpp\n'}
[0.983279] (px4_msgs) StdoutLine: {'line': b'-- Up-to-date: /home/nicolas/ws_ros2/install/px4_msgs/include/px4_msgs/px4_msgs/msg/estimator_aid_source2d.hpp\n'}
[0.983340] (px4_msgs) StdoutLine: {'line': b'-- Up-to-date: /home/nicolas/ws_ros2/install/px4_msgs/include/px4_msgs/px4_msgs/msg/vehicle_roi.hpp\n'}
[0.983540] (px4_msgs) StdoutLine: {'line': b'-- Up-to-date: /home/nicolas/ws_ros2/install/px4_msgs/include/px4_msgs/px4_msgs/msg/iridiumsbd_status.hpp\n'}
[0.983608] (px4_msgs) StdoutLine: {'line': b'-- Up-to-date: /home/nicolas/ws_ros2/install/px4_msgs/include/px4_msgs/px4_msgs/msg/arming_check_request.hpp\n'}
[0.983667] (px4_msgs) StdoutLine: {'line': b'-- Up-to-date: /home/nicolas/ws_ros2/install/px4_msgs/include/px4_msgs/px4_msgs/msg/debug_array.hpp\n'}
[0.983707] (px4_msgs) StdoutLine: {'line': b'-- Up-to-date: /home/nicolas/ws_ros2/install/px4_msgs/include/px4_msgs/px4_msgs/msg/fixed_wing_lateral_guidance_status.hpp\n'}
[0.983751] (px4_msgs) StdoutLine: {'line': b'-- Up-to-date: /home/nicolas/ws_ros2/install/px4_msgs/include/px4_msgs/px4_msgs/msg/trajectory_setpoint.hpp\n'}
[0.983810] (px4_msgs) StdoutLine: {'line': b'-- Up-to-date: /home/nicolas/ws_ros2/install/px4_msgs/include/px4_msgs/px4_msgs/msg/sensors_status.hpp\n'}
[0.983845] (px4_msgs) StdoutLine: {'line': b'-- Up-to-date: /home/nicolas/ws_ros2/install/px4_msgs/include/px4_msgs/px4_msgs/msg/gpio_out.hpp\n'}
[0.983885] (px4_msgs) StdoutLine: {'line': b'-- Up-to-date: /home/nicolas/ws_ros2/install/px4_msgs/include/px4_msgs/px4_msgs/msg/transponder_report.hpp\n'}
[0.983932] (px4_msgs) StdoutLine: {'line': b'-- Up-to-date: /home/nicolas/ws_ros2/install/px4_msgs/include/px4_msgs/px4_msgs/msg/cpuload.hpp\n'}
[0.983981] (px4_msgs) StdoutLine: {'line': b'-- Up-to-date: /home/nicolas/ws_ros2/install/px4_msgs/include/px4_msgs/px4_msgs/msg/estimator_status.hpp\n'}
[0.984031] (px4_msgs) StdoutLine: {'line': b'-- Up-to-date: /home/nicolas/ws_ros2/install/px4_msgs/include/px4_msgs/px4_msgs/msg/rc_parameter_map.hpp\n'}
[0.984087] (px4_msgs) StdoutLine: {'line': b'-- Up-to-date: /home/nicolas/ws_ros2/install/px4_msgs/include/px4_msgs/px4_msgs/msg/rover_attitude_status.hpp\n'}
[0.984136] (px4_msgs) StdoutLine: {'line': b'-- Up-to-date: /home/nicolas/ws_ros2/install/px4_msgs/include/px4_msgs/px4_msgs/msg/estimator_bias.hpp\n'}
[0.984186] (px4_msgs) StdoutLine: {'line': b'-- Up-to-date: /home/nicolas/ws_ros2/install/px4_msgs/include/px4_msgs/px4_msgs/msg/mavlink_tunnel.hpp\n'}
[0.984224] (px4_msgs) StdoutLine: {'line': b'-- Up-to-date: /home/nicolas/ws_ros2/install/px4_msgs/include/px4_msgs/px4_msgs/msg/parameter_reset_request.hpp\n'}
[0.984274] (px4_msgs) StdoutLine: {'line': b'-- Up-to-date: /home/nicolas/ws_ros2/install/px4_msgs/include/px4_msgs/px4_msgs/msg/tune_control.hpp\n'}
[0.984325] (px4_msgs) StdoutLine: {'line': b'-- Up-to-date: /home/nicolas/ws_ros2/install/px4_msgs/include/px4_msgs/px4_msgs/msg/gpio_config.hpp\n'}
[0.984378] (px4_msgs) StdoutLine: {'line': b'-- Up-to-date: /home/nicolas/ws_ros2/install/px4_msgs/include/px4_msgs/px4_msgs/msg/vtol_vehicle_status.hpp\n'}
[0.984416] (px4_msgs) StdoutLine: {'line': b'-- Up-to-date: /home/nicolas/ws_ros2/install/px4_msgs/include/px4_msgs/px4_msgs/msg/navigator_mission_item.hpp\n'}
[0.984467] (px4_msgs) StdoutLine: {'line': b'-- Up-to-date: /home/nicolas/ws_ros2/install/px4_msgs/include/px4_msgs/px4_msgs/msg/navigator_status.hpp\n'}
[0.984507] (px4_msgs) StdoutLine: {'line': b'-- Up-to-date: /home/nicolas/ws_ros2/install/px4_msgs/include/px4_msgs/px4_msgs/msg/battery_status.hpp\n'}
[0.984543] (px4_msgs) StdoutLine: {'line': b'-- Up-to-date: /home/nicolas/ws_ros2/install/px4_msgs/include/px4_msgs/px4_msgs/msg/vehicle_angular_velocity.hpp\n'}
[0.984579] (px4_msgs) StdoutLine: {'line': b'-- Up-to-date: /home/nicolas/ws_ros2/install/px4_msgs/include/px4_msgs/px4_msgs/msg/pwm_input.hpp\n'}
[0.984613] (px4_msgs) StdoutLine: {'line': b'-- Up-to-date: /home/nicolas/ws_ros2/install/px4_msgs/include/px4_msgs/px4_msgs/msg/satellite_info.hpp\n'}
[0.984648] (px4_msgs) StdoutLine: {'line': b'-- Up-to-date: /home/nicolas/ws_ros2/install/px4_msgs/include/px4_msgs/px4_msgs/msg/sensor_mag.hpp\n'}
[0.984682] (px4_msgs) StdoutLine: {'line': b'-- Up-to-date: /home/nicolas/ws_ros2/install/px4_msgs/include/px4_msgs/px4_msgs/msg/sensor_correction.hpp\n'}
[0.984726] (px4_msgs) StdoutLine: {'line': b'-- Up-to-date: /home/nicolas/ws_ros2/install/px4_msgs/include/px4_msgs/px4_msgs/msg/position_controller_status.hpp\n'}
[0.984779] (px4_msgs) StdoutLine: {'line': b'-- Up-to-date: /home/nicolas/ws_ros2/install/px4_msgs/include/px4_msgs/px4_msgs/msg/qshell_retval.hpp\n'}
[0.984829] (px4_msgs) StdoutLine: {'line': b'-- Up-to-date: /home/nicolas/ws_ros2/install/px4_msgs/include/px4_msgs/px4_msgs/msg/qshell_req.hpp\n'}
[0.984877] (px4_msgs) StdoutLine: {'line': b'-- Up-to-date: /home/nicolas/ws_ros2/install/px4_msgs/include/px4_msgs/px4_msgs/msg/vehicle_rates_setpoint.hpp\n'}
[0.984924] (px4_msgs) StdoutLine: {'line': b'-- Up-to-date: /home/nicolas/ws_ros2/install/px4_msgs/include/px4_msgs/px4_msgs/msg/takeoff_status.hpp\n'}
[0.984960] (px4_msgs) StdoutLine: {'line': b'-- Up-to-date: /home/nicolas/ws_ros2/install/px4_msgs/include/px4_msgs/px4_msgs/msg/open_drone_id_operator_id.hpp\n'}
[0.984995] (px4_msgs) StdoutLine: {'line': b'-- Up-to-date: /home/nicolas/ws_ros2/install/px4_msgs/include/px4_msgs/px4_msgs/msg/ulog_stream_ack.hpp\n'}
[0.985030] (px4_msgs) StdoutLine: {'line': b'-- Up-to-date: /home/nicolas/ws_ros2/install/px4_msgs/include/px4_msgs/px4_msgs/msg/collision_constraints.hpp\n'}
[0.985063] (px4_msgs) StdoutLine: {'line': b'-- Up-to-date: /home/nicolas/ws_ros2/install/px4_msgs/include/px4_msgs/px4_msgs/msg/position_controller_landing_status.hpp\n'}
[0.985104] (px4_msgs) StdoutLine: {'line': b'-- Up-to-date: /home/nicolas/ws_ros2/install/px4_msgs/include/px4_msgs/px4_msgs/msg/vehicle_command.hpp\n'}
[0.985147] (px4_msgs) StdoutLine: {'line': b'-- Up-to-date: /home/nicolas/ws_ros2/install/px4_msgs/include/px4_msgs/px4_msgs/msg/estimator_selector_status.hpp\n'}
[0.985182] (px4_msgs) StdoutLine: {'line': b'-- Up-to-date: /home/nicolas/ws_ros2/install/px4_msgs/include/px4_msgs/px4_msgs/msg/esc_status.hpp\n'}
[0.985256] (px4_msgs) StdoutLine: {'line': b'-- Up-to-date: /home/nicolas/ws_ros2/install/px4_msgs/include/px4_msgs/px4_msgs/msg/uavcan_parameter_value.hpp\n'}
[0.985289] (px4_msgs) StdoutLine: {'line': b'-- Up-to-date: /home/nicolas/ws_ros2/install/px4_msgs/include/px4_msgs/px4_msgs/msg/wheel_encoders.hpp\n'}
[0.985320] (px4_msgs) StdoutLine: {'line': b'-- Up-to-date: /home/nicolas/ws_ros2/install/px4_msgs/include/px4_msgs/px4_msgs/msg/magnetometer_bias_estimate.hpp\n'}
[0.985352] (px4_msgs) StdoutLine: {'line': b'-- Up-to-date: /home/nicolas/ws_ros2/install/px4_msgs/include/px4_msgs/px4_msgs/msg/rover_attitude_setpoint.hpp\n'}
[0.985383] (px4_msgs) StdoutLine: {'line': b'-- Up-to-date: /home/nicolas/ws_ros2/install/px4_msgs/include/px4_msgs/px4_msgs/msg/rosidl_generator_cpp__visibility_control.hpp\n'}
[0.985423] (px4_msgs) StdoutLine: {'line': b'-- Up-to-date: /home/nicolas/ws_ros2/install/px4_msgs/include/px4_msgs/px4_msgs/msg/register_ext_component_request.hpp\n'}
[0.985466] (px4_msgs) StdoutLine: {'line': b'-- Up-to-date: /home/nicolas/ws_ros2/install/px4_msgs/include/px4_msgs/px4_msgs/msg/ekf2_timestamps.hpp\n'}
[0.985501] (px4_msgs) StdoutLine: {'line': b'-- Up-to-date: /home/nicolas/ws_ros2/install/px4_msgs/include/px4_msgs/px4_msgs/msg/vehicle_local_position_setpoint.hpp\n'}
[0.985550] (px4_msgs) StdoutLine: {'line': b'-- Up-to-date: /home/nicolas/ws_ros2/install/px4_msgs/include/px4_msgs/px4_msgs/msg/failure_detector_status.hpp\n'}
[0.985584] (px4_msgs) StdoutLine: {'line': b'-- Up-to-date: /home/nicolas/ws_ros2/install/px4_msgs/include/px4_msgs/px4_msgs/msg/launch_detection_status.hpp\n'}
[0.985616] (px4_msgs) StdoutLine: {'line': b'-- Up-to-date: /home/nicolas/ws_ros2/install/px4_msgs/include/px4_msgs/px4_msgs/msg/differential_pressure.hpp\n'}
[0.985648] (px4_msgs) StdoutLine: {'line': b'-- Up-to-date: /home/nicolas/ws_ros2/install/px4_msgs/include/px4_msgs/px4_msgs/msg/sensor_accel_fifo.hpp\n'}
[0.985683] (px4_msgs) StdoutLine: {'line': b'-- Up-to-date: /home/nicolas/ws_ros2/install/px4_msgs/include/px4_msgs/px4_msgs/msg/actuator_controls_status.hpp\n'}
[0.985717] (px4_msgs) StdoutLine: {'line': b'-- Up-to-date: /home/nicolas/ws_ros2/install/px4_msgs/include/px4_msgs/px4_msgs/msg/estimator_status_flags.hpp\n'}
[0.985751] (px4_msgs) StdoutLine: {'line': b'-- Up-to-date: /home/nicolas/ws_ros2/install/px4_msgs/include/px4_msgs/px4_msgs/msg/irlock_report.hpp\n'}
[0.985785] (px4_msgs) StdoutLine: {'line': b'-- Up-to-date: /home/nicolas/ws_ros2/install/px4_msgs/include/px4_msgs/px4_msgs/msg/pps_capture.hpp\n'}
[0.985819] (px4_msgs) StdoutLine: {'line': b'-- Up-to-date: /home/nicolas/ws_ros2/install/px4_msgs/include/px4_msgs/px4_msgs/msg/camera_status.hpp\n'}
[0.985853] (px4_msgs) StdoutLine: {'line': b'-- Up-to-date: /home/nicolas/ws_ros2/install/px4_msgs/include/px4_msgs/px4_msgs/msg/manual_control_switches.hpp\n'}
[0.985887] (px4_msgs) StdoutLine: {'line': b'-- Up-to-date: /home/nicolas/ws_ros2/install/px4_msgs/include/px4_msgs/px4_msgs/msg/logger_status.hpp\n'}
[0.985920] (px4_msgs) StdoutLine: {'line': b'-- Up-to-date: /home/nicolas/ws_ros2/install/px4_msgs/include/px4_msgs/px4_msgs/msg/rover_speed_setpoint.hpp\n'}
[0.985953] (px4_msgs) StdoutLine: {'line': b'-- Up-to-date: /home/nicolas/ws_ros2/install/px4_msgs/include/px4_msgs/px4_msgs/msg/actuator_servos.hpp\n'}
[0.985987] (px4_msgs) StdoutLine: {'line': b'-- Up-to-date: /home/nicolas/ws_ros2/install/px4_msgs/include/px4_msgs/px4_msgs/msg/camera_capture.hpp\n'}
[0.986021] (px4_msgs) StdoutLine: {'line': b'-- Up-to-date: /home/nicolas/ws_ros2/install/px4_msgs/include/px4_msgs/px4_msgs/msg/config_overrides.hpp\n'}
[0.986056] (px4_msgs) StdoutLine: {'line': b'-- Up-to-date: /home/nicolas/ws_ros2/install/px4_msgs/include/px4_msgs/px4_msgs/msg/power_monitor.hpp\n'}
[0.986089] (px4_msgs) StdoutLine: {'line': b'-- Up-to-date: /home/nicolas/ws_ros2/install/px4_msgs/include/px4_msgs/px4_msgs/msg/arming_check_reply.hpp\n'}
[0.986123] (px4_msgs) StdoutLine: {'line': b'-- Up-to-date: /home/nicolas/ws_ros2/install/px4_msgs/include/px4_msgs/px4_msgs/msg/vehicle_status.hpp\n'}
[0.986157] (px4_msgs) StdoutLine: {'line': b'-- Up-to-date: /home/nicolas/ws_ros2/install/px4_msgs/include/px4_msgs/px4_msgs/msg/message_format_request.hpp\n'}
[0.986190] (px4_msgs) StdoutLine: {'line': b'-- Up-to-date: /home/nicolas/ws_ros2/install/px4_msgs/include/px4_msgs/px4_msgs/msg/mount_orientation.hpp\n'}
[0.986225] (px4_msgs) StdoutLine: {'line': b'-- Up-to-date: /home/nicolas/ws_ros2/install/px4_msgs/include/px4_msgs/px4_msgs/msg/vehicle_angular_acceleration_setpoint.hpp\n'}
[0.986259] (px4_msgs) StdoutLine: {'line': b'-- Up-to-date: /home/nicolas/ws_ros2/install/px4_msgs/include/px4_msgs/px4_msgs/msg/actuator_armed.hpp\n'}
[0.986293] (px4_msgs) StdoutLine: {'line': b'-- Up-to-date: /home/nicolas/ws_ros2/install/px4_msgs/include/px4_msgs/px4_msgs/msg/vehicle_imu_status.hpp\n'}
[0.986344] (px4_msgs) StdoutLine: {'line': b'-- Up-to-date: /home/nicolas/ws_ros2/install/px4_msgs/include/px4_msgs/px4_msgs/msg/fixed_wing_lateral_status.hpp\n'}
[0.986384] (px4_msgs) StdoutLine: {'line': b'-- Up-to-date: /home/nicolas/ws_ros2/install/px4_msgs/include/px4_msgs/px4_msgs/msg/onboard_computer_status.hpp\n'}
[0.986431] (px4_msgs) StdoutLine: {'line': b'-- Up-to-date: /home/nicolas/ws_ros2/install/px4_msgs/include/px4_msgs/px4_msgs/msg/estimator_event_flags.hpp\n'}
[0.986470] (px4_msgs) StdoutLine: {'line': b'-- Up-to-date: /home/nicolas/ws_ros2/install/px4_msgs/include/px4_msgs/px4_msgs/msg/estimator_aid_source1d.hpp\n'}
[0.986506] (px4_msgs) StdoutLine: {'line': b'-- Up-to-date: /home/nicolas/ws_ros2/install/px4_msgs/include/px4_msgs/px4_msgs/msg/vehicle_torque_setpoint.hpp\n'}
[0.986541] (px4_msgs) StdoutLine: {'line': b'-- Up-to-date: /home/nicolas/ws_ros2/install/px4_msgs/include/px4_msgs/px4_msgs/msg/estimator_gps_status.hpp\n'}
[0.986576] (px4_msgs) StdoutLine: {'line': b'-- Up-to-date: /home/nicolas/ws_ros2/install/px4_msgs/include/px4_msgs/px4_msgs/msg/follow_target_status.hpp\n'}
[0.986631] (px4_msgs) StdoutLine: {'line': b'-- Up-to-date: /home/nicolas/ws_ros2/install/px4_msgs/include/px4_msgs/px4_msgs/msg/heater_status.hpp\n'}
[0.986663] (px4_msgs) StdoutLine: {'line': b'-- Up-to-date: /home/nicolas/ws_ros2/install/px4_msgs/include/px4_msgs/px4_msgs/msg/gimbal_controls.hpp\n'}
[0.986695] (px4_msgs) StdoutLine: {'line': b'-- Up-to-date: /home/nicolas/ws_ros2/install/px4_msgs/include/px4_msgs/px4_msgs/msg/px4io_status.hpp\n'}
[0.986727] (px4_msgs) StdoutLine: {'line': b'-- Up-to-date: /home/nicolas/ws_ros2/install/px4_msgs/include/px4_msgs/px4_msgs/msg/landing_gear_wheel.hpp\n'}
[0.986763] (px4_msgs) StdoutLine: {'line': b'-- Up-to-date: /home/nicolas/ws_ros2/install/px4_msgs/include/px4_msgs/px4_msgs/msg/sensor_gyro_fifo.hpp\n'}
[0.986815] (px4_msgs) StdoutLine: {'line': b'-- Up-to-date: /home/nicolas/ws_ros2/install/px4_msgs/include/px4_msgs/px4_msgs/msg/sensor_optical_flow.hpp\n'}
[0.986847] (px4_msgs) StdoutLine: {'line': b'-- Up-to-date: /home/nicolas/ws_ros2/install/px4_msgs/include/px4_msgs/px4_msgs/msg/power_button_state.hpp\n'}
[0.986878] (px4_msgs) StdoutLine: {'line': b'-- Up-to-date: /home/nicolas/ws_ros2/install/px4_msgs/include/px4_msgs/px4_msgs/msg/wind.hpp\n'}
[0.986910] (px4_msgs) StdoutLine: {'line': b'-- Up-to-date: /home/nicolas/ws_ros2/install/px4_msgs/include/px4_msgs/px4_msgs/msg/actuator_motors.hpp\n'}
[0.986941] (px4_msgs) StdoutLine: {'line': b'-- Up-to-date: /home/nicolas/ws_ros2/install/px4_msgs/include/px4_msgs/px4_msgs/msg/dataman_response.hpp\n'}
[0.986972] (px4_msgs) StdoutLine: {'line': b'-- Up-to-date: /home/nicolas/ws_ros2/install/px4_msgs/include/px4_msgs/px4_msgs/msg/estimator_bias3d.hpp\n'}
[0.987018] (px4_msgs) StdoutLine: {'line': b'-- Up-to-date: /home/nicolas/ws_ros2/install/px4_msgs/include/px4_msgs/px4_msgs/msg/sensor_airflow.hpp\n'}
[0.987050] (px4_msgs) StdoutLine: {'line': b'-- Up-to-date: /home/nicolas/ws_ros2/install/px4_msgs/include/px4_msgs/px4_msgs/msg/rate_ctrl_status.hpp\n'}
[0.987081] (px4_msgs) StdoutLine: {'line': b'-- Up-to-date: /home/nicolas/ws_ros2/install/px4_msgs/include/px4_msgs/px4_msgs/msg/battery_info.hpp\n'}
[0.987112] (px4_msgs) StdoutLine: {'line': b'-- Up-to-date: /home/nicolas/ws_ros2/install/px4_msgs/include/px4_msgs/px4_msgs/msg/hover_thrust_estimate.hpp\n'}
[0.987144] (px4_msgs) StdoutLine: {'line': b'-- Up-to-date: /home/nicolas/ws_ros2/install/px4_msgs/include/px4_msgs/px4_msgs/msg/rpm.hpp\n'}
[0.987175] (px4_msgs) StdoutLine: {'line': b'-- Up-to-date: /home/nicolas/ws_ros2/install/px4_msgs/include/px4_msgs/px4_msgs/msg/gimbal_device_attitude_status.hpp\n'}
[0.987207] (px4_msgs) StdoutLine: {'line': b'-- Up-to-date: /home/nicolas/ws_ros2/install/px4_msgs/include/px4_msgs/px4_msgs/msg/vehicle_attitude_setpoint.hpp\n'}
[0.987237] (px4_msgs) StdoutLine: {'line': b'-- Up-to-date: /home/nicolas/ws_ros2/install/px4_msgs/include/px4_msgs/px4_msgs/msg/gimbal_device_set_attitude.hpp\n'}
[0.987272] (px4_msgs) StdoutLine: {'line': b'-- Up-to-date: /home/nicolas/ws_ros2/install/px4_msgs/include/px4_msgs/px4_msgs/msg/health_report.hpp\n'}
[0.987302] (px4_msgs) StdoutLine: {'line': b'-- Up-to-date: /home/nicolas/ws_ros2/install/px4_msgs/include/px4_msgs/px4_msgs/msg/vehicle_local_position.hpp\n'}
[0.987336] (px4_msgs) StdoutLine: {'line': b'-- Up-to-date: /home/nicolas/ws_ros2/install/px4_msgs/include/px4_msgs/px4_msgs/msg/vehicle_optical_flow.hpp\n'}
[0.987371] (px4_msgs) StdoutLine: {'line': b'-- Up-to-date: /home/nicolas/ws_ros2/install/px4_msgs/include/px4_msgs/px4_msgs/msg/estimator_states.hpp\n'}
[0.987404] (px4_msgs) StdoutLine: {'line': b'-- Up-to-date: /home/nicolas/ws_ros2/install/px4_msgs/include/px4_msgs/px4_msgs/msg/gpio_request.hpp\n'}
[0.987443] (px4_msgs) StdoutLine: {'line': b'-- Up-to-date: /home/nicolas/ws_ros2/install/px4_msgs/include/px4_msgs/px4_msgs/msg/tecs_status.hpp\n'}
[0.987478] (px4_msgs) StdoutLine: {'line': b'-- Up-to-date: /home/nicolas/ws_ros2/install/px4_msgs/include/px4_msgs/px4_msgs/msg/mission_result.hpp\n'}
[0.987511] (px4_msgs) StdoutLine: {'line': b'-- Up-to-date: /home/nicolas/ws_ros2/install/px4_msgs/include/px4_msgs/px4_msgs/msg/mission.hpp\n'}
[0.987544] (px4_msgs) StdoutLine: {'line': b'-- Up-to-date: /home/nicolas/ws_ros2/install/px4_msgs/include/px4_msgs/px4_msgs/msg/actuator_test.hpp\n'}
[0.987577] (px4_msgs) StdoutLine: {'line': b'-- Up-to-date: /home/nicolas/ws_ros2/install/px4_msgs/include/px4_msgs/px4_msgs/msg/control_allocator_status.hpp\n'}
[0.987611] (px4_msgs) StdoutLine: {'line': b'-- Up-to-date: /home/nicolas/ws_ros2/install/px4_msgs/include/px4_msgs/px4_msgs/msg/timesync_status.hpp\n'}
[0.987644] (px4_msgs) StdoutLine: {'line': b'-- Up-to-date: /home/nicolas/ws_ros2/install/px4_msgs/include/px4_msgs/px4_msgs/msg/esc_report.hpp\n'}
[0.987678] (px4_msgs) StdoutLine: {'line': b'-- Up-to-date: /home/nicolas/ws_ros2/install/px4_msgs/include/px4_msgs/px4_msgs/msg/message_format_response.hpp\n'}
[0.987711] (px4_msgs) StdoutLine: {'line': b'-- Up-to-date: /home/nicolas/ws_ros2/install/px4_msgs/include/px4_msgs/px4_msgs/msg/goto_setpoint.hpp\n'}
[0.987745] (px4_msgs) StdoutLine: {'line': b'-- Up-to-date: /home/nicolas/ws_ros2/install/px4_msgs/include/px4_msgs/px4_msgs/msg/geofence_result.hpp\n'}
[0.987778] (px4_msgs) StdoutLine: {'line': b'-- Up-to-date: /home/nicolas/ws_ros2/install/px4_msgs/include/px4_msgs/px4_msgs/msg/orb_test.hpp\n'}
[0.987812] (px4_msgs) StdoutLine: {'line': b'-- Up-to-date: /home/nicolas/ws_ros2/install/px4_msgs/include/px4_msgs/px4_msgs/msg/open_drone_id_self_id.hpp\n'}
[0.987844] (px4_msgs) StdoutLine: {'line': b'-- Up-to-date: /home/nicolas/ws_ros2/install/px4_msgs/include/px4_msgs/px4_msgs/msg/landing_gear.hpp\n'}
[0.987879] (px4_msgs) StdoutLine: {'line': b'-- Up-to-date: /home/nicolas/ws_ros2/install/px4_msgs/include/px4_msgs/px4_msgs/msg/vehicle_air_data.hpp\n'}
[0.987912] (px4_msgs) StdoutLine: {'line': b'-- Up-to-date: /home/nicolas/ws_ros2/install/px4_msgs/include/px4_msgs/px4_msgs/msg/ulog_stream.hpp\n'}
[0.987975] (px4_msgs) StdoutLine: {'line': b'-- Up-to-date: /home/nicolas/ws_ros2/install/px4_msgs/include/px4_msgs/px4_msgs/msg/vehicle_constraints.hpp\n'}
[0.988005] (px4_msgs) StdoutLine: {'line': b'-- Up-to-date: /home/nicolas/ws_ros2/install/px4_msgs/include/px4_msgs/px4_msgs/msg/sensor_uwb.hpp\n'}
[0.988036] (px4_msgs) StdoutLine: {'line': b'-- Up-to-date: /home/nicolas/ws_ros2/install/px4_msgs/include/px4_msgs/px4_msgs\n'}
[0.988084] (px4_msgs) StdoutLine: {'line': b'-- Up-to-date: /home/nicolas/ws_ros2/install/px4_msgs/include/px4_msgs/px4_msgs/srv\n'}
[0.988115] (px4_msgs) StdoutLine: {'line': b'-- Up-to-date: /home/nicolas/ws_ros2/install/px4_msgs/include/px4_msgs/px4_msgs/srv/detail\n'}
[0.988146] (px4_msgs) StdoutLine: {'line': b'-- Up-to-date: /home/nicolas/ws_ros2/install/px4_msgs/include/px4_msgs/px4_msgs/srv/detail/vehicle_command__rosidl_typesupport_fastrtps_cpp.hpp\n'}
[0.988178] (px4_msgs) StdoutLine: {'line': b'-- Up-to-date: /home/nicolas/ws_ros2/install/px4_msgs/include/px4_msgs/px4_msgs/srv/detail/dds_fastrtps\n'}
[0.988212] (px4_msgs) StdoutLine: {'line': b'-- Up-to-date: /home/nicolas/ws_ros2/install/px4_msgs/include/px4_msgs/px4_msgs/msg\n'}
[0.988243] (px4_msgs) StdoutLine: {'line': b'-- Up-to-date: /home/nicolas/ws_ros2/install/px4_msgs/include/px4_msgs/px4_msgs/msg/detail\n'}
[0.988275] (px4_msgs) StdoutLine: {'line': b'-- Up-to-date: /home/nicolas/ws_ros2/install/px4_msgs/include/px4_msgs/px4_msgs/msg/detail/failure_detector_status__rosidl_typesupport_fastrtps_cpp.hpp\n'}
[0.988305] (px4_msgs) StdoutLine: {'line': b'-- Up-to-date: /home/nicolas/ws_ros2/install/px4_msgs/include/px4_msgs/px4_msgs/msg/detail/iridiumsbd_status__rosidl_typesupport_fastrtps_cpp.hpp\n'}
[0.988336] (px4_msgs) StdoutLine: {'line': b'-- Up-to-date: /home/nicolas/ws_ros2/install/px4_msgs/include/px4_msgs/px4_msgs/msg/detail/sensor_gps__rosidl_typesupport_fastrtps_cpp.hpp\n'}
[0.988367] (px4_msgs) StdoutLine: {'line': b'-- Up-to-date: /home/nicolas/ws_ros2/install/px4_msgs/include/px4_msgs/px4_msgs/msg/detail/autotune_attitude_control_status__rosidl_typesupport_fastrtps_cpp.hpp\n'}
[0.988400] (px4_msgs) StdoutLine: {'line': b'-- Up-to-date: /home/nicolas/ws_ros2/install/px4_msgs/include/px4_msgs/px4_msgs/msg/detail/vehicle_angular_acceleration_setpoint__rosidl_typesupport_fastrtps_cpp.hpp\n'}
[0.988436] (px4_msgs) StdoutLine: {'line': b'-- Up-to-date: /home/nicolas/ws_ros2/install/px4_msgs/include/px4_msgs/px4_msgs/msg/detail/airspeed_wind__rosidl_typesupport_fastrtps_cpp.hpp\n'}
[0.988473] (px4_msgs) StdoutLine: {'line': b'-- Up-to-date: /home/nicolas/ws_ros2/install/px4_msgs/include/px4_msgs/px4_msgs/msg/detail/longitudinal_control_configuration__rosidl_typesupport_fastrtps_cpp.hpp\n'}
[0.988507] (px4_msgs) StdoutLine: {'line': b'-- Up-to-date: /home/nicolas/ws_ros2/install/px4_msgs/include/px4_msgs/px4_msgs/msg/detail/gpio_request__rosidl_typesupport_fastrtps_cpp.hpp\n'}
[0.988566] (px4_msgs) StdoutLine: {'line': b'-- Up-to-date: /home/nicolas/ws_ros2/install/px4_msgs/include/px4_msgs/px4_msgs/msg/detail/task_stack_info__rosidl_typesupport_fastrtps_cpp.hpp\n'}
[0.988599] (px4_msgs) StdoutLine: {'line': b'-- Up-to-date: /home/nicolas/ws_ros2/install/px4_msgs/include/px4_msgs/px4_msgs/msg/detail/mount_orientation__rosidl_typesupport_fastrtps_cpp.hpp\n'}
[0.988633] (px4_msgs) StdoutLine: {'line': b'-- Up-to-date: /home/nicolas/ws_ros2/install/px4_msgs/include/px4_msgs/px4_msgs/msg/detail/sensor_uwb__rosidl_typesupport_fastrtps_cpp.hpp\n'}
[0.988691] (px4_msgs) StdoutLine: {'line': b'-- Up-to-date: /home/nicolas/ws_ros2/install/px4_msgs/include/px4_msgs/px4_msgs/msg/detail/register_ext_component_request__rosidl_typesupport_fastrtps_cpp.hpp\n'}
[0.988723] (px4_msgs) StdoutLine: {'line': b'-- Up-to-date: /home/nicolas/ws_ros2/install/px4_msgs/include/px4_msgs/px4_msgs/msg/detail/vehicle_odometry__rosidl_typesupport_fastrtps_cpp.hpp\n'}
[0.988754] (px4_msgs) StdoutLine: {'line': b'-- Up-to-date: /home/nicolas/ws_ros2/install/px4_msgs/include/px4_msgs/px4_msgs/msg/detail/rpm__rosidl_typesupport_fastrtps_cpp.hpp\n'}
[0.988787] (px4_msgs) StdoutLine: {'line': b'-- Up-to-date: /home/nicolas/ws_ros2/install/px4_msgs/include/px4_msgs/px4_msgs/msg/detail/adc_report__rosidl_typesupport_fastrtps_cpp.hpp\n'}
[0.988819] (px4_msgs) StdoutLine: {'line': b'-- Up-to-date: /home/nicolas/ws_ros2/install/px4_msgs/include/px4_msgs/px4_msgs/msg/detail/button_event__rosidl_typesupport_fastrtps_cpp.hpp\n'}
[0.988851] (px4_msgs) StdoutLine: {'line': b'-- Up-to-date: /home/nicolas/ws_ros2/install/px4_msgs/include/px4_msgs/px4_msgs/msg/detail/position_setpoint_triplet__rosidl_typesupport_fastrtps_cpp.hpp\n'}
[0.988907] (px4_msgs) StdoutLine: {'line': b'-- Up-to-date: /home/nicolas/ws_ros2/install/px4_msgs/include/px4_msgs/px4_msgs/msg/detail/sensors_status__rosidl_typesupport_fastrtps_cpp.hpp\n'}
[0.988939] (px4_msgs) StdoutLine: {'line': b'-- Up-to-date: /home/nicolas/ws_ros2/install/px4_msgs/include/px4_msgs/px4_msgs/msg/detail/vehicle_land_detected__rosidl_typesupport_fastrtps_cpp.hpp\n'}
[0.988973] (px4_msgs) StdoutLine: {'line': b'-- Up-to-date: /home/nicolas/ws_ros2/install/px4_msgs/include/px4_msgs/px4_msgs/msg/detail/rover_speed_setpoint__rosidl_typesupport_fastrtps_cpp.hpp\n'}
[0.989005] (px4_msgs) StdoutLine: {'line': b'-- Up-to-date: /home/nicolas/ws_ros2/install/px4_msgs/include/px4_msgs/px4_msgs/msg/detail/vehicle_air_data__rosidl_typesupport_fastrtps_cpp.hpp\n'}
[0.989036] (px4_msgs) StdoutLine: {'line': b'-- Up-to-date: /home/nicolas/ws_ros2/install/px4_msgs/include/px4_msgs/px4_msgs/msg/detail/power_button_state__rosidl_typesupport_fastrtps_cpp.hpp\n'}
[0.989075] (px4_msgs) StdoutLine: {'line': b'-- Up-to-date: /home/nicolas/ws_ros2/install/px4_msgs/include/px4_msgs/px4_msgs/msg/detail/trajectory_setpoint__rosidl_typesupport_fastrtps_cpp.hpp\n'}
[0.989106] (px4_msgs) StdoutLine: {'line': b'-- Up-to-date: /home/nicolas/ws_ros2/install/px4_msgs/include/px4_msgs/px4_msgs/msg/detail/gpio_out__rosidl_typesupport_fastrtps_cpp.hpp\n'}
[0.989142] (px4_msgs) StdoutLine: {'line': b'-- Up-to-date: /home/nicolas/ws_ros2/install/px4_msgs/include/px4_msgs/px4_msgs/msg/detail/fixed_wing_lateral_guidance_status__rosidl_typesupport_fastrtps_cpp.hpp\n'}
[0.989176] (px4_msgs) StdoutLine: {'line': b'-- Up-to-date: /home/nicolas/ws_ros2/install/px4_msgs/include/px4_msgs/px4_msgs/msg/detail/fixed_wing_longitudinal_setpoint__rosidl_typesupport_fastrtps_cpp.hpp\n'}
[0.989234] (px4_msgs) StdoutLine: {'line': b'-- Up-to-date: /home/nicolas/ws_ros2/install/px4_msgs/include/px4_msgs/px4_msgs/msg/detail/led_control__rosidl_typesupport_fastrtps_cpp.hpp\n'}
[0.989266] (px4_msgs) StdoutLine: {'line': b'-- Up-to-date: /home/nicolas/ws_ros2/install/px4_msgs/include/px4_msgs/px4_msgs/msg/detail/px4io_status__rosidl_typesupport_fastrtps_cpp.hpp\n'}
[0.989299] (px4_msgs) StdoutLine: {'line': b'-- Up-to-date: /home/nicolas/ws_ros2/install/px4_msgs/include/px4_msgs/px4_msgs/msg/detail/system_power__rosidl_typesupport_fastrtps_cpp.hpp\n'}
[0.989331] (px4_msgs) StdoutLine: {'line': b'-- Up-to-date: /home/nicolas/ws_ros2/install/px4_msgs/include/px4_msgs/px4_msgs/msg/detail/sensor_hygrometer__rosidl_typesupport_fastrtps_cpp.hpp\n'}
[0.989361] (px4_msgs) StdoutLine: {'line': b'-- Up-to-date: /home/nicolas/ws_ros2/install/px4_msgs/include/px4_msgs/px4_msgs/msg/detail/vehicle_local_position_setpoint__rosidl_typesupport_fastrtps_cpp.hpp\n'}
[0.989391] (px4_msgs) StdoutLine: {'line': b'-- Up-to-date: /home/nicolas/ws_ros2/install/px4_msgs/include/px4_msgs/px4_msgs/msg/detail/orbit_status__rosidl_typesupport_fastrtps_cpp.hpp\n'}
[0.989421] (px4_msgs) StdoutLine: {'line': b'-- Up-to-date: /home/nicolas/ws_ros2/install/px4_msgs/include/px4_msgs/px4_msgs/msg/detail/gimbal_manager_set_manual_control__rosidl_typesupport_fastrtps_cpp.hpp\n'}
[0.989459] (px4_msgs) StdoutLine: {'line': b'-- Up-to-date: /home/nicolas/ws_ros2/install/px4_msgs/include/px4_msgs/px4_msgs/msg/detail/uavcan_parameter_value__rosidl_typesupport_fastrtps_cpp.hpp\n'}
[0.989492] (px4_msgs) StdoutLine: {'line': b'-- Up-to-date: /home/nicolas/ws_ros2/install/px4_msgs/include/px4_msgs/px4_msgs/msg/detail/geofence_status__rosidl_typesupport_fastrtps_cpp.hpp\n'}
[0.989528] (px4_msgs) StdoutLine: {'line': b'-- Up-to-date: /home/nicolas/ws_ros2/install/px4_msgs/include/px4_msgs/px4_msgs/msg/detail/camera_trigger__rosidl_typesupport_fastrtps_cpp.hpp\n'}
[0.989562] (px4_msgs) StdoutLine: {'line': b'-- Up-to-date: /home/nicolas/ws_ros2/install/px4_msgs/include/px4_msgs/px4_msgs/msg/detail/sensor_gyro__rosidl_typesupport_fastrtps_cpp.hpp\n'}
[0.989623] (px4_msgs) StdoutLine: {'line': b'-- Up-to-date: /home/nicolas/ws_ros2/install/px4_msgs/include/px4_msgs/px4_msgs/msg/detail/vehicle_local_position__rosidl_typesupport_fastrtps_cpp.hpp\n'}
[0.989654] (px4_msgs) StdoutLine: {'line': b'-- Up-to-date: /home/nicolas/ws_ros2/install/px4_msgs/include/px4_msgs/px4_msgs/msg/detail/estimator_states__rosidl_typesupport_fastrtps_cpp.hpp\n'}
[0.989685] (px4_msgs) StdoutLine: {'line': b'-- Up-to-date: /home/nicolas/ws_ros2/install/px4_msgs/include/px4_msgs/px4_msgs/msg/detail/generator_status__rosidl_typesupport_fastrtps_cpp.hpp\n'}
[0.989725] (px4_msgs) StdoutLine: {'line': b'-- Up-to-date: /home/nicolas/ws_ros2/install/px4_msgs/include/px4_msgs/px4_msgs/msg/detail/estimator_aid_source3d__rosidl_typesupport_fastrtps_cpp.hpp\n'}
[0.989762] (px4_msgs) StdoutLine: {'line': b'-- Up-to-date: /home/nicolas/ws_ros2/install/px4_msgs/include/px4_msgs/px4_msgs/msg/detail/gpio_in__rosidl_typesupport_fastrtps_cpp.hpp\n'}
[0.989798] (px4_msgs) StdoutLine: {'line': b'-- Up-to-date: /home/nicolas/ws_ros2/install/px4_msgs/include/px4_msgs/px4_msgs/msg/detail/estimator_status_flags__rosidl_typesupport_fastrtps_cpp.hpp\n'}
[0.989841] (px4_msgs) StdoutLine: {'line': b'-- Up-to-date: /home/nicolas/ws_ros2/install/px4_msgs/include/px4_msgs/px4_msgs/msg/detail/estimator_bias3d__rosidl_typesupport_fastrtps_cpp.hpp\n'}
[0.989883] (px4_msgs) StdoutLine: {'line': b'-- Up-to-date: /home/nicolas/ws_ros2/install/px4_msgs/include/px4_msgs/px4_msgs/msg/detail/ulog_stream__rosidl_typesupport_fastrtps_cpp.hpp\n'}
[0.989924] (px4_msgs) StdoutLine: {'line': b'-- Up-to-date: /home/nicolas/ws_ros2/install/px4_msgs/include/px4_msgs/px4_msgs/msg/detail/sensors_status_imu__rosidl_typesupport_fastrtps_cpp.hpp\n'}
[0.989960] (px4_msgs) StdoutLine: {'line': b'-- Up-to-date: /home/nicolas/ws_ros2/install/px4_msgs/include/px4_msgs/px4_msgs/msg/detail/rover_steering_setpoint__rosidl_typesupport_fastrtps_cpp.hpp\n'}
[0.989995] (px4_msgs) StdoutLine: {'line': b'-- Up-to-date: /home/nicolas/ws_ros2/install/px4_msgs/include/px4_msgs/px4_msgs/msg/detail/logger_status__rosidl_typesupport_fastrtps_cpp.hpp\n'}
[0.990045] (px4_msgs) StdoutLine: {'line': b'-- Up-to-date: /home/nicolas/ws_ros2/install/px4_msgs/include/px4_msgs/px4_msgs/msg/detail/failsafe_flags__rosidl_typesupport_fastrtps_cpp.hpp\n'}
[0.990085] (px4_msgs) StdoutLine: {'line': b'-- Up-to-date: /home/nicolas/ws_ros2/install/px4_msgs/include/px4_msgs/px4_msgs/msg/detail/lateral_control_configuration__rosidl_typesupport_fastrtps_cpp.hpp\n'}
[0.990163] (px4_msgs) StdoutLine: {'line': b'-- Up-to-date: /home/nicolas/ws_ros2/install/px4_msgs/include/px4_msgs/px4_msgs/msg/detail/estimator_gps_status__rosidl_typesupport_fastrtps_cpp.hpp\n'}
[0.990201] (px4_msgs) StdoutLine: {'line': b'-- Up-to-date: /home/nicolas/ws_ros2/install/px4_msgs/include/px4_msgs/px4_msgs/msg/detail/rc_parameter_map__rosidl_typesupport_fastrtps_cpp.hpp\n'}
[0.990247] (px4_msgs) StdoutLine: {'line': b'-- Up-to-date: /home/nicolas/ws_ros2/install/px4_msgs/include/px4_msgs/px4_msgs/msg/detail/gps_inject_data__rosidl_typesupport_fastrtps_cpp.hpp\n'}
[0.990310] (px4_msgs) StdoutLine: {'line': b'-- Up-to-date: /home/nicolas/ws_ros2/install/px4_msgs/include/px4_msgs/px4_msgs/msg/detail/vehicle_imu__rosidl_typesupport_fastrtps_cpp.hpp\n'}
[0.990352] (px4_msgs) StdoutLine: {'line': b'-- Up-to-date: /home/nicolas/ws_ros2/install/px4_msgs/include/px4_msgs/px4_msgs/msg/detail/sensor_correction__rosidl_typesupport_fastrtps_cpp.hpp\n'}
[0.990390] (px4_msgs) StdoutLine: {'line': b'-- Up-to-date: /home/nicolas/ws_ros2/install/px4_msgs/include/px4_msgs/px4_msgs/msg/detail/sensor_selection__rosidl_typesupport_fastrtps_cpp.hpp\n'}
[0.990421] (px4_msgs) StdoutLine: {'line': b'-- Up-to-date: /home/nicolas/ws_ros2/install/px4_msgs/include/px4_msgs/px4_msgs/msg/detail/actuator_servos_trim__rosidl_typesupport_fastrtps_cpp.hpp\n'}
[0.990531] (px4_msgs) StdoutLine: {'line': b'-- Up-to-date: /home/nicolas/ws_ros2/install/px4_msgs/include/px4_msgs/px4_msgs/msg/detail/heater_status__rosidl_typesupport_fastrtps_cpp.hpp\n'}
[0.990675] (px4_msgs) StdoutLine: {'line': b'-- Up-to-date: /home/nicolas/ws_ros2/install/px4_msgs/include/px4_msgs/px4_msgs/msg/detail/sensor_gyro_fft__rosidl_typesupport_fastrtps_cpp.hpp\n'}
[0.990777] (px4_msgs) StdoutLine: {'line': b'-- Up-to-date: /home/nicolas/ws_ros2/install/px4_msgs/include/px4_msgs/px4_msgs/msg/detail/landing_gear_wheel__rosidl_typesupport_fastrtps_cpp.hpp\n'}
[0.990852] (px4_msgs) StdoutLine: {'line': b'-- Up-to-date: /home/nicolas/ws_ros2/install/px4_msgs/include/px4_msgs/px4_msgs/msg/detail/internal_combustion_engine_status__rosidl_typesupport_fastrtps_cpp.hpp\n'}
[0.990991] (px4_msgs) StdoutLine: {'line': b'-- Up-to-date: /home/nicolas/ws_ros2/install/px4_msgs/include/px4_msgs/px4_msgs/msg/detail/vehicle_command__rosidl_typesupport_fastrtps_cpp.hpp\n'}
[0.991052] (px4_msgs) StdoutLine: {'line': b'-- Up-to-date: /home/nicolas/ws_ros2/install/px4_msgs/include/px4_msgs/px4_msgs/msg/detail/follow_target__rosidl_typesupport_fastrtps_cpp.hpp\n'}
[0.991092] (px4_msgs) StdoutLine: {'line': b'-- Up-to-date: /home/nicolas/ws_ros2/install/px4_msgs/include/px4_msgs/px4_msgs/msg/detail/vehicle_acceleration__rosidl_typesupport_fastrtps_cpp.hpp\n'}
[0.991145] (px4_msgs) StdoutLine: {'line': b'-- Up-to-date: /home/nicolas/ws_ros2/install/px4_msgs/include/px4_msgs/px4_msgs/msg/detail/ekf2_timestamps__rosidl_typesupport_fastrtps_cpp.hpp\n'}
[0.991316] (px4_msgs) StdoutLine: {'line': b'-- Up-to-date: /home/nicolas/ws_ros2/install/px4_msgs/include/px4_msgs/px4_msgs/msg/detail/trajectory_setpoint6dof__rosidl_typesupport_fastrtps_cpp.hpp\n'}
[0.991441] (px4_msgs) StdoutLine: {'line': b'-- Up-to-date: /home/nicolas/ws_ros2/install/px4_msgs/include/px4_msgs/px4_msgs/msg/detail/sensor_preflight_mag__rosidl_typesupport_fastrtps_cpp.hpp\n'}
[0.991535] (px4_msgs) StdoutLine: {'line': b'-- Up-to-date: /home/nicolas/ws_ros2/install/px4_msgs/include/px4_msgs/px4_msgs/msg/detail/estimator_innovations__rosidl_typesupport_fastrtps_cpp.hpp\n'}
[0.991616] (px4_msgs) StdoutLine: {'line': b'-- Up-to-date: /home/nicolas/ws_ros2/install/px4_msgs/include/px4_msgs/px4_msgs/msg/detail/timesync_status__rosidl_typesupport_fastrtps_cpp.hpp\n'}
[0.991694] (px4_msgs) StdoutLine: {'line': b'-- Up-to-date: /home/nicolas/ws_ros2/install/px4_msgs/include/px4_msgs/px4_msgs/msg/detail/wheel_encoders__rosidl_typesupport_fastrtps_cpp.hpp\n'}
[0.991770] (px4_msgs) StdoutLine: {'line': b'-- Up-to-date: /home/nicolas/ws_ros2/install/px4_msgs/include/px4_msgs/px4_msgs/msg/detail/tune_control__rosidl_typesupport_fastrtps_cpp.hpp\n'}
[0.991846] (px4_msgs) StdoutLine: {'line': b'-- Up-to-date: /home/nicolas/ws_ros2/install/px4_msgs/include/px4_msgs/px4_msgs/msg/detail/follow_target_estimator__rosidl_typesupport_fastrtps_cpp.hpp\n'}
[0.991921] (px4_msgs) StdoutLine: {'line': b'-- Up-to-date: /home/nicolas/ws_ros2/install/px4_msgs/include/px4_msgs/px4_msgs/msg/detail/camera_capture__rosidl_typesupport_fastrtps_cpp.hpp\n'}
[0.991996] (px4_msgs) StdoutLine: {'line': b'-- Up-to-date: /home/nicolas/ws_ros2/install/px4_msgs/include/px4_msgs/px4_msgs/msg/detail/mavlink_log__rosidl_typesupport_fastrtps_cpp.hpp\n'}
[0.992071] (px4_msgs) StdoutLine: {'line': b'-- Up-to-date: /home/nicolas/ws_ros2/install/px4_msgs/include/px4_msgs/px4_msgs/msg/detail/gimbal_manager_status__rosidl_typesupport_fastrtps_cpp.hpp\n'}
[0.992186] (px4_msgs) StdoutLine: {'line': b'-- Up-to-date: /home/nicolas/ws_ros2/install/px4_msgs/include/px4_msgs/px4_msgs/msg/detail/estimator_aid_source1d__rosidl_typesupport_fastrtps_cpp.hpp\n'}
[0.992262] (px4_msgs) StdoutLine: {'line': b'-- Up-to-date: /home/nicolas/ws_ros2/install/px4_msgs/include/px4_msgs/px4_msgs/msg/detail/debug_value__rosidl_typesupport_fastrtps_cpp.hpp\n'}
[0.992335] (px4_msgs) StdoutLine: {'line': b'-- Up-to-date: /home/nicolas/ws_ros2/install/px4_msgs/include/px4_msgs/px4_msgs/msg/detail/orb_test_medium__rosidl_typesupport_fastrtps_cpp.hpp\n'}
[0.992438] (px4_msgs) StdoutLine: {'line': b'-- Up-to-date: /home/nicolas/ws_ros2/install/px4_msgs/include/px4_msgs/px4_msgs/msg/detail/onboard_computer_status__rosidl_typesupport_fastrtps_cpp.hpp\n'}
[0.992515] (px4_msgs) StdoutLine: {'line': b'-- Up-to-date: /home/nicolas/ws_ros2/install/px4_msgs/include/px4_msgs/px4_msgs/msg/detail/cellular_status__rosidl_typesupport_fastrtps_cpp.hpp\n'}
[0.992591] (px4_msgs) StdoutLine: {'line': b'-- Up-to-date: /home/nicolas/ws_ros2/install/px4_msgs/include/px4_msgs/px4_msgs/msg/detail/dds_fastrtps\n'}
[0.992666] (px4_msgs) StdoutLine: {'line': b'-- Up-to-date: /home/nicolas/ws_ros2/install/px4_msgs/include/px4_msgs/px4_msgs/msg/detail/vtol_vehicle_status__rosidl_typesupport_fastrtps_cpp.hpp\n'}
[0.992755] (px4_msgs) StdoutLine: {'line': b'-- Up-to-date: /home/nicolas/ws_ros2/install/px4_msgs/include/px4_msgs/px4_msgs/msg/detail/gimbal_device_attitude_status__rosidl_typesupport_fastrtps_cpp.hpp\n'}
[0.992825] (px4_msgs) StdoutLine: {'line': b'-- Up-to-date: /home/nicolas/ws_ros2/install/px4_msgs/include/px4_msgs/px4_msgs/msg/detail/vehicle_optical_flow__rosidl_typesupport_fastrtps_cpp.hpp\n'}
[0.992900] (px4_msgs) StdoutLine: {'line': b'-- Up-to-date: /home/nicolas/ws_ros2/install/px4_msgs/include/px4_msgs/px4_msgs/msg/detail/control_allocator_status__rosidl_typesupport_fastrtps_cpp.hpp\n'}
[0.992975] (px4_msgs) StdoutLine: {'line': b'-- Up-to-date: /home/nicolas/ws_ros2/install/px4_msgs/include/px4_msgs/px4_msgs/msg/detail/landing_target_innovations__rosidl_typesupport_fastrtps_cpp.hpp\n'}
[0.993051] (px4_msgs) StdoutLine: {'line': b'-- Up-to-date: /home/nicolas/ws_ros2/install/px4_msgs/include/px4_msgs/px4_msgs/msg/detail/position_controller_landing_status__rosidl_typesupport_fastrtps_cpp.hpp\n'}
[0.993127] (px4_msgs) StdoutLine: {'line': b'-- Up-to-date: /home/nicolas/ws_ros2/install/px4_msgs/include/px4_msgs/px4_msgs/msg/detail/pps_capture__rosidl_typesupport_fastrtps_cpp.hpp\n'}
[0.993202] (px4_msgs) StdoutLine: {'line': b'-- Up-to-date: /home/nicolas/ws_ros2/install/px4_msgs/include/px4_msgs/px4_msgs/msg/detail/follow_target_status__rosidl_typesupport_fastrtps_cpp.hpp\n'}
[0.993277] (px4_msgs) StdoutLine: {'line': b'-- Up-to-date: /home/nicolas/ws_ros2/install/px4_msgs/include/px4_msgs/px4_msgs/msg/detail/rover_position_setpoint__rosidl_typesupport_fastrtps_cpp.hpp\n'}
[0.993352] (px4_msgs) StdoutLine: {'line': b'-- Up-to-date: /home/nicolas/ws_ros2/install/px4_msgs/include/px4_msgs/px4_msgs/msg/detail/sensor_accel_fifo__rosidl_typesupport_fastrtps_cpp.hpp\n'}
[0.993438] (px4_msgs) StdoutLine: {'line': b'-- Up-to-date: /home/nicolas/ws_ros2/install/px4_msgs/include/px4_msgs/px4_msgs/msg/detail/input_rc__rosidl_typesupport_fastrtps_cpp.hpp\n'}
[0.993563] (px4_msgs) StdoutLine: {'line': b'-- Up-to-date: /home/nicolas/ws_ros2/install/px4_msgs/include/px4_msgs/px4_msgs/msg/detail/register_ext_component_reply__rosidl_typesupport_fastrtps_cpp.hpp\n'}
[0.993636] (px4_msgs) StdoutLine: {'line': b'-- Up-to-date: /home/nicolas/ws_ros2/install/px4_msgs/include/px4_msgs/px4_msgs/msg/detail/position_setpoint__rosidl_typesupport_fastrtps_cpp.hpp\n'}
[0.993709] (px4_msgs) StdoutLine: {'line': b'-- Up-to-date: /home/nicolas/ws_ros2/install/px4_msgs/include/px4_msgs/px4_msgs/msg/detail/rover_rate_setpoint__rosidl_typesupport_fastrtps_cpp.hpp\n'}
[0.993781] (px4_msgs) StdoutLine: {'line': b'-- Up-to-date: /home/nicolas/ws_ros2/install/px4_msgs/include/px4_msgs/px4_msgs/msg/detail/rtl_time_estimate__rosidl_typesupport_fastrtps_cpp.hpp\n'}
[0.993857] (px4_msgs) StdoutLine: {'line': b'-- Up-to-date: /home/nicolas/ws_ros2/install/px4_msgs/include/px4_msgs/px4_msgs/msg/detail/transponder_report__rosidl_typesupport_fastrtps_cpp.hpp\n'}
[0.993943] (px4_msgs) StdoutLine: {'line': b'-- Up-to-date: /home/nicolas/ws_ros2/install/px4_msgs/include/px4_msgs/px4_msgs/msg/detail/offboard_control_mode__rosidl_typesupport_fastrtps_cpp.hpp\n'}
[0.994029] (px4_msgs) StdoutLine: {'line': b'-- Up-to-date: /home/nicolas/ws_ros2/install/px4_msgs/include/px4_msgs/px4_msgs/msg/detail/orb_test__rosidl_typesupport_fastrtps_cpp.hpp\n'}
[0.994127] (px4_msgs) StdoutLine: {'line': b'-- Up-to-date: /home/nicolas/ws_ros2/install/px4_msgs/include/px4_msgs/px4_msgs/msg/detail/launch_detection_status__rosidl_typesupport_fastrtps_cpp.hpp\n'}
[0.994287] (px4_msgs) StdoutLine: {'line': b'-- Up-to-date: /home/nicolas/ws_ros2/install/px4_msgs/include/px4_msgs/px4_msgs/msg/detail/can_interface_status__rosidl_typesupport_fastrtps_cpp.hpp\n'}
[0.994411] (px4_msgs) StdoutLine: {'line': b'-- Up-to-date: /home/nicolas/ws_ros2/install/px4_msgs/include/px4_msgs/px4_msgs/msg/detail/uavcan_parameter_request__rosidl_typesupport_fastrtps_cpp.hpp\n'}
[0.994515] (px4_msgs) StdoutLine: {'line': b'-- Up-to-date: /home/nicolas/ws_ros2/install/px4_msgs/include/px4_msgs/px4_msgs/msg/detail/pure_pursuit_status__rosidl_typesupport_fastrtps_cpp.hpp\n'}
[0.994644] (px4_msgs) StdoutLine: {'line': b'-- Up-to-date: /home/nicolas/ws_ros2/install/px4_msgs/include/px4_msgs/px4_msgs/msg/detail/irlock_report__rosidl_typesupport_fastrtps_cpp.hpp\n'}
[0.994744] (px4_msgs) StdoutLine: {'line': b'-- Up-to-date: /home/nicolas/ws_ros2/install/px4_msgs/include/px4_msgs/px4_msgs/msg/detail/flight_phase_estimation__rosidl_typesupport_fastrtps_cpp.hpp\n'}
[0.994790] (px4_msgs) StdoutLine: {'line': b'-- Up-to-date: /home/nicolas/ws_ros2/install/px4_msgs/include/px4_msgs/px4_msgs/msg/detail/esc_status__rosidl_typesupport_fastrtps_cpp.hpp\n'}
[0.994840] (px4_msgs) StdoutLine: {'line': b'-- Up-to-date: /home/nicolas/ws_ros2/install/px4_msgs/include/px4_msgs/px4_msgs/msg/detail/event__rosidl_typesupport_fastrtps_cpp.hpp\n'}
[0.994872] (px4_msgs) StdoutLine: {'line': b'-- Up-to-date: /home/nicolas/ws_ros2/install/px4_msgs/include/px4_msgs/px4_msgs/msg/detail/rover_rate_status__rosidl_typesupport_fastrtps_cpp.hpp\n'}
[0.994904] (px4_msgs) StdoutLine: {'line': b'-- Up-to-date: /home/nicolas/ws_ros2/install/px4_msgs/include/px4_msgs/px4_msgs/msg/detail/manual_control_switches__rosidl_typesupport_fastrtps_cpp.hpp\n'}
[0.994937] (px4_msgs) StdoutLine: {'line': b'-- Up-to-date: /home/nicolas/ws_ros2/install/px4_msgs/include/px4_msgs/px4_msgs/msg/detail/estimator_sensor_bias__rosidl_typesupport_fastrtps_cpp.hpp\n'}
[0.994969] (px4_msgs) StdoutLine: {'line': b'-- Up-to-date: /home/nicolas/ws_ros2/install/px4_msgs/include/px4_msgs/px4_msgs/msg/detail/actuator_armed__rosidl_typesupport_fastrtps_cpp.hpp\n'}
[0.995000] (px4_msgs) StdoutLine: {'line': b'-- Up-to-date: /home/nicolas/ws_ros2/install/px4_msgs/include/px4_msgs/px4_msgs/msg/detail/sensor_gnss_relative__rosidl_typesupport_fastrtps_cpp.hpp\n'}
[0.995030] (px4_msgs) StdoutLine: {'line': b'-- Up-to-date: /home/nicolas/ws_ros2/install/px4_msgs/include/px4_msgs/px4_msgs/msg/detail/figure_eight_status__rosidl_typesupport_fastrtps_cpp.hpp\n'}
[0.995098] (px4_msgs) StdoutLine: {'line': b'-- Up-to-date: /home/nicolas/ws_ros2/install/px4_msgs/include/px4_msgs/px4_msgs/msg/detail/vehicle_magnetometer__rosidl_typesupport_fastrtps_cpp.hpp\n'}
[0.995130] (px4_msgs) StdoutLine: {'line': b'-- Up-to-date: /home/nicolas/ws_ros2/install/px4_msgs/include/px4_msgs/px4_msgs/msg/detail/goto_setpoint__rosidl_typesupport_fastrtps_cpp.hpp\n'}
[0.995163] (px4_msgs) StdoutLine: {'line': b'-- Up-to-date: /home/nicolas/ws_ros2/install/px4_msgs/include/px4_msgs/px4_msgs/msg/detail/debug_array__rosidl_typesupport_fastrtps_cpp.hpp\n'}
[0.995196] (px4_msgs) StdoutLine: {'line': b'-- Up-to-date: /home/nicolas/ws_ros2/install/px4_msgs/include/px4_msgs/px4_msgs/msg/detail/vehicle_torque_setpoint__rosidl_typesupport_fastrtps_cpp.hpp\n'}
[0.995230] (px4_msgs) StdoutLine: {'line': b'-- Up-to-date: /home/nicolas/ws_ros2/install/px4_msgs/include/px4_msgs/px4_msgs/msg/detail/rate_ctrl_status__rosidl_typesupport_fastrtps_cpp.hpp\n'}
[0.995262] (px4_msgs) StdoutLine: {'line': b'-- Up-to-date: /home/nicolas/ws_ros2/install/px4_msgs/include/px4_msgs/px4_msgs/msg/detail/tiltrotor_extra_controls__rosidl_typesupport_fastrtps_cpp.hpp\n'}
[0.995295] (px4_msgs) StdoutLine: {'line': b'-- Up-to-date: /home/nicolas/ws_ros2/install/px4_msgs/include/px4_msgs/px4_msgs/msg/detail/vehicle_constraints__rosidl_typesupport_fastrtps_cpp.hpp\n'}
[0.995327] (px4_msgs) StdoutLine: {'line': b'-- Up-to-date: /home/nicolas/ws_ros2/install/px4_msgs/include/px4_msgs/px4_msgs/msg/detail/fixed_wing_runway_control__rosidl_typesupport_fastrtps_cpp.hpp\n'}
[0.995359] (px4_msgs) StdoutLine: {'line': b'-- Up-to-date: /home/nicolas/ws_ros2/install/px4_msgs/include/px4_msgs/px4_msgs/msg/detail/vehicle_optical_flow_vel__rosidl_typesupport_fastrtps_cpp.hpp\n'}
[0.995391] (px4_msgs) StdoutLine: {'line': b'-- Up-to-date: /home/nicolas/ws_ros2/install/px4_msgs/include/px4_msgs/px4_msgs/msg/detail/vehicle_attitude_setpoint__rosidl_typesupport_fastrtps_cpp.hpp\n'}
[0.995423] (px4_msgs) StdoutLine: {'line': b'-- Up-to-date: /home/nicolas/ws_ros2/install/px4_msgs/include/px4_msgs/px4_msgs/msg/detail/magnetometer_bias_estimate__rosidl_typesupport_fastrtps_cpp.hpp\n'}
[0.995591] (px4_msgs) StdoutLine: {'line': b'-- Up-to-date: /home/nicolas/ws_ros2/install/px4_msgs/include/px4_msgs/px4_msgs/msg/detail/camera_status__rosidl_typesupport_fastrtps_cpp.hpp\n'}
[0.995694] (px4_msgs) StdoutLine: {'line': b'-- Up-to-date: /home/nicolas/ws_ros2/install/px4_msgs/include/px4_msgs/px4_msgs/msg/detail/dronecan_node_status__rosidl_typesupport_fastrtps_cpp.hpp\n'}
[0.995766] (px4_msgs) StdoutLine: {'line': b'-- Up-to-date: /home/nicolas/ws_ros2/install/px4_msgs/include/px4_msgs/px4_msgs/msg/detail/navigator_status__rosidl_typesupport_fastrtps_cpp.hpp\n'}
[0.995849] (px4_msgs) StdoutLine: {'line': b'-- Up-to-date: /home/nicolas/ws_ros2/install/px4_msgs/include/px4_msgs/px4_msgs/msg/detail/vehicle_attitude__rosidl_typesupport_fastrtps_cpp.hpp\n'}
[0.995924] (px4_msgs) StdoutLine: {'line': b'-- Up-to-date: /home/nicolas/ws_ros2/install/px4_msgs/include/px4_msgs/px4_msgs/msg/detail/ulog_stream_ack__rosidl_typesupport_fastrtps_cpp.hpp\n'}
[0.995993] (px4_msgs) StdoutLine: {'line': b'-- Up-to-date: /home/nicolas/ws_ros2/install/px4_msgs/include/px4_msgs/px4_msgs/msg/detail/orb_test_large__rosidl_typesupport_fastrtps_cpp.hpp\n'}
[0.996087] (px4_msgs) StdoutLine: {'line': b'-- Up-to-date: /home/nicolas/ws_ros2/install/px4_msgs/include/px4_msgs/px4_msgs/msg/detail/sensor_gnss_status__rosidl_typesupport_fastrtps_cpp.hpp\n'}
[0.996157] (px4_msgs) StdoutLine: {'line': b'-- Up-to-date: /home/nicolas/ws_ros2/install/px4_msgs/include/px4_msgs/px4_msgs/msg/detail/fixed_wing_lateral_status__rosidl_typesupport_fastrtps_cpp.hpp\n'}
[0.996244] (px4_msgs) StdoutLine: {'line': b'-- Up-to-date: /home/nicolas/ws_ros2/install/px4_msgs/include/px4_msgs/px4_msgs/msg/detail/actuator_controls_status__rosidl_typesupport_fastrtps_cpp.hpp\n'}
[0.996327] (px4_msgs) StdoutLine: {'line': b'-- Up-to-date: /home/nicolas/ws_ros2/install/px4_msgs/include/px4_msgs/px4_msgs/msg/detail/sensor_baro__rosidl_typesupport_fastrtps_cpp.hpp\n'}
[0.996400] (px4_msgs) StdoutLine: {'line': b'-- Up-to-date: /home/nicolas/ws_ros2/install/px4_msgs/include/px4_msgs/px4_msgs/msg/detail/home_position__rosidl_typesupport_fastrtps_cpp.hpp\n'}
[0.996499] (px4_msgs) StdoutLine: {'line': b'-- Up-to-date: /home/nicolas/ws_ros2/install/px4_msgs/include/px4_msgs/px4_msgs/msg/detail/gripper__rosidl_typesupport_fastrtps_cpp.hpp\n'}
[0.996575] (px4_msgs) StdoutLine: {'line': b'-- Up-to-date: /home/nicolas/ws_ros2/install/px4_msgs/include/px4_msgs/px4_msgs/msg/detail/fuel_tank_status__rosidl_typesupport_fastrtps_cpp.hpp\n'}
[0.996649] (px4_msgs) StdoutLine: {'line': b'-- Up-to-date: /home/nicolas/ws_ros2/install/px4_msgs/include/px4_msgs/px4_msgs/msg/detail/satellite_info__rosidl_typesupport_fastrtps_cpp.hpp\n'}
[0.996739] (px4_msgs) StdoutLine: {'line': b'-- Up-to-date: /home/nicolas/ws_ros2/install/px4_msgs/include/px4_msgs/px4_msgs/msg/detail/parameter_set_value_response__rosidl_typesupport_fastrtps_cpp.hpp\n'}
[0.996815] (px4_msgs) StdoutLine: {'line': b'-- Up-to-date: /home/nicolas/ws_ros2/install/px4_msgs/include/px4_msgs/px4_msgs/msg/detail/distance_sensor_mode_change_request__rosidl_typesupport_fastrtps_cpp.hpp\n'}
[0.996889] (px4_msgs) StdoutLine: {'line': b'-- Up-to-date: /home/nicolas/ws_ros2/install/px4_msgs/include/px4_msgs/px4_msgs/msg/detail/config_overrides__rosidl_typesupport_fastrtps_cpp.hpp\n'}
[0.996962] (px4_msgs) StdoutLine: {'line': b'-- Up-to-date: /home/nicolas/ws_ros2/install/px4_msgs/include/px4_msgs/px4_msgs/msg/detail/differential_pressure__rosidl_typesupport_fastrtps_cpp.hpp\n'}
[0.997038] (px4_msgs) StdoutLine: {'line': b'-- Up-to-date: /home/nicolas/ws_ros2/install/px4_msgs/include/px4_msgs/px4_msgs/msg/detail/battery_status__rosidl_typesupport_fastrtps_cpp.hpp\n'}
[0.997135] (px4_msgs) StdoutLine: {'line': b'-- Up-to-date: /home/nicolas/ws_ros2/install/px4_msgs/include/px4_msgs/px4_msgs/msg/detail/geofence_result__rosidl_typesupport_fastrtps_cpp.hpp\n'}
[0.997212] (px4_msgs) StdoutLine: {'line': b'-- Up-to-date: /home/nicolas/ws_ros2/install/px4_msgs/include/px4_msgs/px4_msgs/msg/detail/airspeed_validated__rosidl_typesupport_fastrtps_cpp.hpp\n'}
[0.997309] (px4_msgs) StdoutLine: {'line': b'-- Up-to-date: /home/nicolas/ws_ros2/install/px4_msgs/include/px4_msgs/px4_msgs/msg/detail/normalized_unsigned_setpoint__rosidl_typesupport_fastrtps_cpp.hpp\n'}
[0.997383] (px4_msgs) StdoutLine: {'line': b'-- Up-to-date: /home/nicolas/ws_ros2/install/px4_msgs/include/px4_msgs/px4_msgs/msg/detail/power_monitor__rosidl_typesupport_fastrtps_cpp.hpp\n'}
[0.997471] (px4_msgs) StdoutLine: {'line': b'-- Up-to-date: /home/nicolas/ws_ros2/install/px4_msgs/include/px4_msgs/px4_msgs/msg/detail/battery_info__rosidl_typesupport_fastrtps_cpp.hpp\n'}
[0.997573] (px4_msgs) StdoutLine: {'line': b'-- Up-to-date: /home/nicolas/ws_ros2/install/px4_msgs/include/px4_msgs/px4_msgs/msg/detail/open_drone_id_operator_id__rosidl_typesupport_fastrtps_cpp.hpp\n'}
[0.997655] (px4_msgs) StdoutLine: {'line': b'-- Up-to-date: /home/nicolas/ws_ros2/install/px4_msgs/include/px4_msgs/px4_msgs/msg/detail/manual_control_setpoint__rosidl_typesupport_fastrtps_cpp.hpp\n'}
[0.997746] (px4_msgs) StdoutLine: {'line': b'-- Up-to-date: /home/nicolas/ws_ros2/install/px4_msgs/include/px4_msgs/px4_msgs/msg/detail/sensor_gyro_fifo__rosidl_typesupport_fastrtps_cpp.hpp\n'}
[0.997821] (px4_msgs) StdoutLine: {'line': b'-- Up-to-date: /home/nicolas/ws_ros2/install/px4_msgs/include/px4_msgs/px4_msgs/msg/detail/gimbal_device_information__rosidl_typesupport_fastrtps_cpp.hpp\n'}
[0.997897] (px4_msgs) StdoutLine: {'line': b'-- Up-to-date: /home/nicolas/ws_ros2/install/px4_msgs/include/px4_msgs/px4_msgs/msg/detail/mag_worker_data__rosidl_typesupport_fastrtps_cpp.hpp\n'}
[0.997984] (px4_msgs) StdoutLine: {'line': b'-- Up-to-date: /home/nicolas/ws_ros2/install/px4_msgs/include/px4_msgs/px4_msgs/msg/detail/rtl_status__rosidl_typesupport_fastrtps_cpp.hpp\n'}
[0.998064] (px4_msgs) StdoutLine: {'line': b'-- Up-to-date: /home/nicolas/ws_ros2/install/px4_msgs/include/px4_msgs/px4_msgs/msg/detail/landing_gear__rosidl_typesupport_fastrtps_cpp.hpp\n'}
[0.998172] (px4_msgs) StdoutLine: {'line': b'-- Up-to-date: /home/nicolas/ws_ros2/install/px4_msgs/include/px4_msgs/px4_msgs/msg/detail/rover_attitude_setpoint__rosidl_typesupport_fastrtps_cpp.hpp\n'}
[0.998256] (px4_msgs) StdoutLine: {'line': b'-- Up-to-date: /home/nicolas/ws_ros2/install/px4_msgs/include/px4_msgs/px4_msgs/msg/detail/dataman_request__rosidl_typesupport_fastrtps_cpp.hpp\n'}
[0.998344] (px4_msgs) StdoutLine: {'line': b'-- Up-to-date: /home/nicolas/ws_ros2/install/px4_msgs/include/px4_msgs/px4_msgs/msg/detail/vehicle_roi__rosidl_typesupport_fastrtps_cpp.hpp\n'}
[0.998435] (px4_msgs) StdoutLine: {'line': b'-- Up-to-date: /home/nicolas/ws_ros2/install/px4_msgs/include/px4_msgs/px4_msgs/msg/detail/takeoff_status__rosidl_typesupport_fastrtps_cpp.hpp\n'}
[0.998562] (px4_msgs) StdoutLine: {'line': b'-- Up-to-date: /home/nicolas/ws_ros2/install/px4_msgs/include/px4_msgs/px4_msgs/msg/detail/qshell_retval__rosidl_typesupport_fastrtps_cpp.hpp\n'}
[0.998683] (px4_msgs) StdoutLine: {'line': b'-- Up-to-date: /home/nicolas/ws_ros2/install/px4_msgs/include/px4_msgs/px4_msgs/msg/detail/estimator_event_flags__rosidl_typesupport_fastrtps_cpp.hpp\n'}
[0.998777] (px4_msgs) StdoutLine: {'line': b'-- Up-to-date: /home/nicolas/ws_ros2/install/px4_msgs/include/px4_msgs/px4_msgs/msg/detail/health_report__rosidl_typesupport_fastrtps_cpp.hpp\n'}
[0.998846] (px4_msgs) StdoutLine: {'line': b'-- Up-to-date: /home/nicolas/ws_ros2/install/px4_msgs/include/px4_msgs/px4_msgs/msg/detail/debug_key_value__rosidl_typesupport_fastrtps_cpp.hpp\n'}
[0.998914] (px4_msgs) StdoutLine: {'line': b'-- Up-to-date: /home/nicolas/ws_ros2/install/px4_msgs/include/px4_msgs/px4_msgs/msg/detail/mission_result__rosidl_typesupport_fastrtps_cpp.hpp\n'}
[0.998985] (px4_msgs) StdoutLine: {'line': b'-- Up-to-date: /home/nicolas/ws_ros2/install/px4_msgs/include/px4_msgs/px4_msgs/msg/detail/gimbal_controls__rosidl_typesupport_fastrtps_cpp.hpp\n'}
[0.999060] (px4_msgs) StdoutLine: {'line': b'-- Up-to-date: /home/nicolas/ws_ros2/install/px4_msgs/include/px4_msgs/px4_msgs/msg/detail/vehicle_control_mode__rosidl_typesupport_fastrtps_cpp.hpp\n'}
[0.999154] (px4_msgs) StdoutLine: {'line': b'-- Up-to-date: /home/nicolas/ws_ros2/install/px4_msgs/include/px4_msgs/px4_msgs/msg/detail/rover_throttle_setpoint__rosidl_typesupport_fastrtps_cpp.hpp\n'}
[0.999222] (px4_msgs) StdoutLine: {'line': b'-- Up-to-date: /home/nicolas/ws_ros2/install/px4_msgs/include/px4_msgs/px4_msgs/msg/detail/estimator_bias__rosidl_typesupport_fastrtps_cpp.hpp\n'}
[0.999309] (px4_msgs) StdoutLine: {'line': b'-- Up-to-date: /home/nicolas/ws_ros2/install/px4_msgs/include/px4_msgs/px4_msgs/msg/detail/airspeed__rosidl_typesupport_fastrtps_cpp.hpp\n'}
[0.999379] (px4_msgs) StdoutLine: {'line': b'-- Up-to-date: /home/nicolas/ws_ros2/install/px4_msgs/include/px4_msgs/px4_msgs/msg/detail/gimbal_manager_set_attitude__rosidl_typesupport_fastrtps_cpp.hpp\n'}
[0.999457] (px4_msgs) StdoutLine: {'line': b'-- Up-to-date: /home/nicolas/ws_ros2/install/px4_msgs/include/px4_msgs/px4_msgs/msg/detail/wind__rosidl_typesupport_fastrtps_cpp.hpp\n'}
[0.999551] (px4_msgs) StdoutLine: {'line': b'-- Up-to-date: /home/nicolas/ws_ros2/install/px4_msgs/include/px4_msgs/px4_msgs/msg/detail/parameter_set_used_request__rosidl_typesupport_fastrtps_cpp.hpp\n'}
[0.999619] (px4_msgs) StdoutLine: {'line': b'-- Up-to-date: /home/nicolas/ws_ros2/install/px4_msgs/include/px4_msgs/px4_msgs/msg/detail/distance_sensor__rosidl_typesupport_fastrtps_cpp.hpp\n'}
[0.999686] (px4_msgs) StdoutLine: {'line': b'-- Up-to-date: /home/nicolas/ws_ros2/install/px4_msgs/include/px4_msgs/px4_msgs/msg/detail/vehicle_imu_status__rosidl_typesupport_fastrtps_cpp.hpp\n'}
[0.999758] (px4_msgs) StdoutLine: {'line': b'-- Up-to-date: /home/nicolas/ws_ros2/install/px4_msgs/include/px4_msgs/px4_msgs/msg/detail/telemetry_status__rosidl_typesupport_fastrtps_cpp.hpp\n'}
[0.999830] (px4_msgs) StdoutLine: {'line': b'-- Up-to-date: /home/nicolas/ws_ros2/install/px4_msgs/include/px4_msgs/px4_msgs/msg/detail/qshell_req__rosidl_typesupport_fastrtps_cpp.hpp\n'}
[0.999923] (px4_msgs) StdoutLine: {'line': b'-- Up-to-date: /home/nicolas/ws_ros2/install/px4_msgs/include/px4_msgs/px4_msgs/msg/detail/parameter_reset_request__rosidl_typesupport_fastrtps_cpp.hpp\n'}
[0.999997] (px4_msgs) StdoutLine: {'line': b'-- Up-to-date: /home/nicolas/ws_ros2/install/px4_msgs/include/px4_msgs/px4_msgs/msg/detail/open_drone_id_self_id__rosidl_typesupport_fastrtps_cpp.hpp\n'}
[1.000069] (px4_msgs) StdoutLine: {'line': b'-- Up-to-date: /home/nicolas/ws_ros2/install/px4_msgs/include/px4_msgs/px4_msgs/msg/detail/vehicle_thrust_setpoint__rosidl_typesupport_fastrtps_cpp.hpp\n'}
[1.000143] (px4_msgs) StdoutLine: {'line': b'-- Up-to-date: /home/nicolas/ws_ros2/install/px4_msgs/include/px4_msgs/px4_msgs/msg/detail/rover_attitude_status__rosidl_typesupport_fastrtps_cpp.hpp\n'}
[1.000235] (px4_msgs) StdoutLine: {'line': b'-- Up-to-date: /home/nicolas/ws_ros2/install/px4_msgs/include/px4_msgs/px4_msgs/msg/detail/obstacle_distance__rosidl_typesupport_fastrtps_cpp.hpp\n'}
[1.000310] (px4_msgs) StdoutLine: {'line': b'-- Up-to-date: /home/nicolas/ws_ros2/install/px4_msgs/include/px4_msgs/px4_msgs/msg/detail/vehicle_command_ack__rosidl_typesupport_fastrtps_cpp.hpp\n'}
[1.000383] (px4_msgs) StdoutLine: {'line': b'-- Up-to-date: /home/nicolas/ws_ros2/install/px4_msgs/include/px4_msgs/px4_msgs/msg/detail/velocity_limits__rosidl_typesupport_fastrtps_cpp.hpp\n'}
[1.000512] (px4_msgs) StdoutLine: {'line': b'-- Up-to-date: /home/nicolas/ws_ros2/install/px4_msgs/include/px4_msgs/px4_msgs/msg/detail/gps_dump__rosidl_typesupport_fastrtps_cpp.hpp\n'}
[1.000628] (px4_msgs) StdoutLine: {'line': b'-- Up-to-date: /home/nicolas/ws_ros2/install/px4_msgs/include/px4_msgs/px4_msgs/msg/detail/actuator_test__rosidl_typesupport_fastrtps_cpp.hpp\n'}
[1.000691] (px4_msgs) StdoutLine: {'line': b'-- Up-to-date: /home/nicolas/ws_ros2/install/px4_msgs/include/px4_msgs/px4_msgs/msg/detail/vehicle_rates_setpoint__rosidl_typesupport_fastrtps_cpp.hpp\n'}
[1.000749] (px4_msgs) StdoutLine: {'line': b'-- Up-to-date: /home/nicolas/ws_ros2/install/px4_msgs/include/px4_msgs/px4_msgs/msg/detail/dataman_response__rosidl_typesupport_fastrtps_cpp.hpp\n'}
[1.000814] (px4_msgs) StdoutLine: {'line': b'-- Up-to-date: /home/nicolas/ws_ros2/install/px4_msgs/include/px4_msgs/px4_msgs/msg/detail/hover_thrust_estimate__rosidl_typesupport_fastrtps_cpp.hpp\n'}
[1.000865] (px4_msgs) StdoutLine: {'line': b'-- Up-to-date: /home/nicolas/ws_ros2/install/px4_msgs/include/px4_msgs/px4_msgs/msg/detail/sensor_accel__rosidl_typesupport_fastrtps_cpp.hpp\n'}
[1.000937] (px4_msgs) StdoutLine: {'line': b'-- Up-to-date: /home/nicolas/ws_ros2/install/px4_msgs/include/px4_msgs/px4_msgs/msg/detail/radio_status__rosidl_typesupport_fastrtps_cpp.hpp\n'}
[1.000989] (px4_msgs) StdoutLine: {'line': b'-- Up-to-date: /home/nicolas/ws_ros2/install/px4_msgs/include/px4_msgs/px4_msgs/msg/detail/gimbal_device_set_attitude__rosidl_typesupport_fastrtps_cpp.hpp\n'}
[1.001038] (px4_msgs) StdoutLine: {'line': b'-- Up-to-date: /home/nicolas/ws_ros2/install/px4_msgs/include/px4_msgs/px4_msgs/msg/detail/sensor_airflow__rosidl_typesupport_fastrtps_cpp.hpp\n'}
[1.001083] (px4_msgs) StdoutLine: {'line': b'-- Up-to-date: /home/nicolas/ws_ros2/install/px4_msgs/include/px4_msgs/px4_msgs/msg/detail/vehicle_status__rosidl_typesupport_fastrtps_cpp.hpp\n'}
[1.001132] (px4_msgs) StdoutLine: {'line': b'-- Up-to-date: /home/nicolas/ws_ros2/install/px4_msgs/include/px4_msgs/px4_msgs/msg/detail/parameter_set_value_request__rosidl_typesupport_fastrtps_cpp.hpp\n'}
[1.001180] (px4_msgs) StdoutLine: {'line': b'-- Up-to-date: /home/nicolas/ws_ros2/install/px4_msgs/include/px4_msgs/px4_msgs/msg/detail/estimator_selector_status__rosidl_typesupport_fastrtps_cpp.hpp\n'}
[1.001228] (px4_msgs) StdoutLine: {'line': b'-- Up-to-date: /home/nicolas/ws_ros2/install/px4_msgs/include/px4_msgs/px4_msgs/msg/detail/log_message__rosidl_typesupport_fastrtps_cpp.hpp\n'}
[1.001279] (px4_msgs) StdoutLine: {'line': b'-- Up-to-date: /home/nicolas/ws_ros2/install/px4_msgs/include/px4_msgs/px4_msgs/msg/detail/cpuload__rosidl_typesupport_fastrtps_cpp.hpp\n'}
[1.001329] (px4_msgs) StdoutLine: {'line': b'-- Up-to-date: /home/nicolas/ws_ros2/install/px4_msgs/include/px4_msgs/px4_msgs/msg/detail/sensor_combined__rosidl_typesupport_fastrtps_cpp.hpp\n'}
[1.001381] (px4_msgs) StdoutLine: {'line': b'-- Up-to-date: /home/nicolas/ws_ros2/install/px4_msgs/include/px4_msgs/px4_msgs/msg/detail/unregister_ext_component__rosidl_typesupport_fastrtps_cpp.hpp\n'}
[1.001436] (px4_msgs) StdoutLine: {'line': b'-- Up-to-date: /home/nicolas/ws_ros2/install/px4_msgs/include/px4_msgs/px4_msgs/msg/detail/estimator_aid_source2d__rosidl_typesupport_fastrtps_cpp.hpp\n'}
[1.001523] (px4_msgs) StdoutLine: {'line': b'-- Up-to-date: /home/nicolas/ws_ros2/install/px4_msgs/include/px4_msgs/px4_msgs/msg/detail/debug_vect__rosidl_typesupport_fastrtps_cpp.hpp\n'}
[1.001572] (px4_msgs) StdoutLine: {'line': b'-- Up-to-date: /home/nicolas/ws_ros2/install/px4_msgs/include/px4_msgs/px4_msgs/msg/detail/open_drone_id_arm_status__rosidl_typesupport_fastrtps_cpp.hpp\n'}
[1.001619] (px4_msgs) StdoutLine: {'line': b'-- Up-to-date: /home/nicolas/ws_ros2/install/px4_msgs/include/px4_msgs/px4_msgs/msg/detail/pwm_input__rosidl_typesupport_fastrtps_cpp.hpp\n'}
[1.001668] (px4_msgs) StdoutLine: {'line': b'-- Up-to-date: /home/nicolas/ws_ros2/install/px4_msgs/include/px4_msgs/px4_msgs/msg/detail/arming_check_reply__rosidl_typesupport_fastrtps_cpp.hpp\n'}
[1.001719] (px4_msgs) StdoutLine: {'line': b'-- Up-to-date: /home/nicolas/ws_ros2/install/px4_msgs/include/px4_msgs/px4_msgs/msg/detail/fixed_wing_lateral_setpoint__rosidl_typesupport_fastrtps_cpp.hpp\n'}
[1.001769] (px4_msgs) StdoutLine: {'line': b'-- Up-to-date: /home/nicolas/ws_ros2/install/px4_msgs/include/px4_msgs/px4_msgs/msg/detail/position_controller_status__rosidl_typesupport_fastrtps_cpp.hpp\n'}
[1.001828] (px4_msgs) StdoutLine: {'line': b'-- Up-to-date: /home/nicolas/ws_ros2/install/px4_msgs/include/px4_msgs/px4_msgs/msg/detail/estimator_status__rosidl_typesupport_fastrtps_cpp.hpp\n'}
[1.001875] (px4_msgs) StdoutLine: {'line': b'-- Up-to-date: /home/nicolas/ws_ros2/install/px4_msgs/include/px4_msgs/px4_msgs/msg/detail/mavlink_tunnel__rosidl_typesupport_fastrtps_cpp.hpp\n'}
[1.001929] (px4_msgs) StdoutLine: {'line': b'-- Up-to-date: /home/nicolas/ws_ros2/install/px4_msgs/include/px4_msgs/px4_msgs/msg/detail/rover_speed_status__rosidl_typesupport_fastrtps_cpp.hpp\n'}
[1.001979] (px4_msgs) StdoutLine: {'line': b'-- Up-to-date: /home/nicolas/ws_ros2/install/px4_msgs/include/px4_msgs/px4_msgs/msg/detail/yaw_estimator_status__rosidl_typesupport_fastrtps_cpp.hpp\n'}
[1.002029] (px4_msgs) StdoutLine: {'line': b'-- Up-to-date: /home/nicolas/ws_ros2/install/px4_msgs/include/px4_msgs/px4_msgs/msg/detail/rc_channels__rosidl_typesupport_fastrtps_cpp.hpp\n'}
[1.002079] (px4_msgs) StdoutLine: {'line': b'-- Up-to-date: /home/nicolas/ws_ros2/install/px4_msgs/include/px4_msgs/px4_msgs/msg/detail/neural_control__rosidl_typesupport_fastrtps_cpp.hpp\n'}
[1.002128] (px4_msgs) StdoutLine: {'line': b'-- Up-to-date: /home/nicolas/ws_ros2/install/px4_msgs/include/px4_msgs/px4_msgs/msg/detail/ping__rosidl_typesupport_fastrtps_cpp.hpp\n'}
[1.002171] (px4_msgs) StdoutLine: {'line': b'-- Up-to-date: /home/nicolas/ws_ros2/install/px4_msgs/include/px4_msgs/px4_msgs/msg/detail/message_format_response__rosidl_typesupport_fastrtps_cpp.hpp\n'}
[1.002216] (px4_msgs) StdoutLine: {'line': b'-- Up-to-date: /home/nicolas/ws_ros2/install/px4_msgs/include/px4_msgs/px4_msgs/msg/detail/actuator_servos__rosidl_typesupport_fastrtps_cpp.hpp\n'}
[1.002265] (px4_msgs) StdoutLine: {'line': b'-- Up-to-date: /home/nicolas/ws_ros2/install/px4_msgs/include/px4_msgs/px4_msgs/msg/detail/vehicle_global_position__rosidl_typesupport_fastrtps_cpp.hpp\n'}
[1.002306] (px4_msgs) StdoutLine: {'line': b'-- Up-to-date: /home/nicolas/ws_ros2/install/px4_msgs/include/px4_msgs/px4_msgs/msg/detail/message_format_request__rosidl_typesupport_fastrtps_cpp.hpp\n'}
[1.002368] (px4_msgs) StdoutLine: {'line': b'-- Up-to-date: /home/nicolas/ws_ros2/install/px4_msgs/include/px4_msgs/px4_msgs/msg/detail/landing_target_pose__rosidl_typesupport_fastrtps_cpp.hpp\n'}
[1.002398] (px4_msgs) StdoutLine: {'line': b'-- Up-to-date: /home/nicolas/ws_ros2/install/px4_msgs/include/px4_msgs/px4_msgs/msg/detail/sensor_optical_flow__rosidl_typesupport_fastrtps_cpp.hpp\n'}
[1.002433] (px4_msgs) StdoutLine: {'line': b'-- Up-to-date: /home/nicolas/ws_ros2/install/px4_msgs/include/px4_msgs/px4_msgs/msg/detail/vehicle_angular_velocity__rosidl_typesupport_fastrtps_cpp.hpp\n'}
[1.002466] (px4_msgs) StdoutLine: {'line': b'-- Up-to-date: /home/nicolas/ws_ros2/install/px4_msgs/include/px4_msgs/px4_msgs/msg/detail/actuator_motors__rosidl_typesupport_fastrtps_cpp.hpp\n'}
[1.002522] (px4_msgs) StdoutLine: {'line': b'-- Up-to-date: /home/nicolas/ws_ros2/install/px4_msgs/include/px4_msgs/px4_msgs/msg/detail/arming_check_request__rosidl_typesupport_fastrtps_cpp.hpp\n'}
[1.002558] (px4_msgs) StdoutLine: {'line': b'-- Up-to-date: /home/nicolas/ws_ros2/install/px4_msgs/include/px4_msgs/px4_msgs/msg/detail/gpio_config__rosidl_typesupport_fastrtps_cpp.hpp\n'}
[1.002594] (px4_msgs) StdoutLine: {'line': b'-- Up-to-date: /home/nicolas/ws_ros2/install/px4_msgs/include/px4_msgs/px4_msgs/msg/detail/sensor_mag__rosidl_typesupport_fastrtps_cpp.hpp\n'}
[1.002623] (px4_msgs) StdoutLine: {'line': b'-- Up-to-date: /home/nicolas/ws_ros2/install/px4_msgs/include/px4_msgs/px4_msgs/msg/detail/action_request__rosidl_typesupport_fastrtps_cpp.hpp\n'}
[1.002652] (px4_msgs) StdoutLine: {'line': b'-- Up-to-date: /home/nicolas/ws_ros2/install/px4_msgs/include/px4_msgs/px4_msgs/msg/detail/actuator_outputs__rosidl_typesupport_fastrtps_cpp.hpp\n'}
[1.002681] (px4_msgs) StdoutLine: {'line': b'-- Up-to-date: /home/nicolas/ws_ros2/install/px4_msgs/include/px4_msgs/px4_msgs/msg/detail/mode_completed__rosidl_typesupport_fastrtps_cpp.hpp\n'}
[1.002709] (px4_msgs) StdoutLine: {'line': b'-- Up-to-date: /home/nicolas/ws_ros2/install/px4_msgs/include/px4_msgs/px4_msgs/msg/detail/internal_combustion_engine_control__rosidl_typesupport_fastrtps_cpp.hpp\n'}
[1.002738] (px4_msgs) StdoutLine: {'line': b'-- Up-to-date: /home/nicolas/ws_ros2/install/px4_msgs/include/px4_msgs/px4_msgs/msg/detail/parameter_update__rosidl_typesupport_fastrtps_cpp.hpp\n'}
[1.002772] (px4_msgs) StdoutLine: {'line': b'-- Up-to-date: /home/nicolas/ws_ros2/install/px4_msgs/include/px4_msgs/px4_msgs/msg/detail/tecs_status__rosidl_typesupport_fastrtps_cpp.hpp\n'}
[1.002801] (px4_msgs) StdoutLine: {'line': b'-- Up-to-date: /home/nicolas/ws_ros2/install/px4_msgs/include/px4_msgs/px4_msgs/msg/detail/esc_report__rosidl_typesupport_fastrtps_cpp.hpp\n'}
[1.002832] (px4_msgs) StdoutLine: {'line': b'-- Up-to-date: /home/nicolas/ws_ros2/install/px4_msgs/include/px4_msgs/px4_msgs/msg/detail/collision_constraints__rosidl_typesupport_fastrtps_cpp.hpp\n'}
[1.002866] (px4_msgs) StdoutLine: {'line': b'-- Up-to-date: /home/nicolas/ws_ros2/install/px4_msgs/include/px4_msgs/px4_msgs/msg/detail/mission__rosidl_typesupport_fastrtps_cpp.hpp\n'}
[1.002918] (px4_msgs) StdoutLine: {'line': b'-- Up-to-date: /home/nicolas/ws_ros2/install/px4_msgs/include/px4_msgs/px4_msgs/msg/detail/gimbal_manager_information__rosidl_typesupport_fastrtps_cpp.hpp\n'}
[1.002951] (px4_msgs) StdoutLine: {'line': b'-- Up-to-date: /home/nicolas/ws_ros2/install/px4_msgs/include/px4_msgs/px4_msgs/msg/detail/navigator_mission_item__rosidl_typesupport_fastrtps_cpp.hpp\n'}
[1.002979] (px4_msgs) StdoutLine: {'line': b'-- Up-to-date: /home/nicolas/ws_ros2/install/px4_msgs/include/px4_msgs/px4_msgs/msg/detail/open_drone_id_system__rosidl_typesupport_fastrtps_cpp.hpp\n'}
[1.003008] (px4_msgs) StdoutLine: {'line': b'-- Up-to-date: /home/nicolas/ws_ros2/install/px4_msgs/include/px4_msgs/px4_msgs/msg/rosidl_typesupport_fastrtps_cpp__visibility_control.h\n'}
[1.003037] (px4_msgs) StdoutLine: {'line': b'-- Up-to-date: /home/nicolas/ws_ros2/install/px4_msgs/lib/libpx4_msgs__rosidl_typesupport_fastrtps_cpp.so\n'}
[1.003066] (px4_msgs) StdoutLine: {'line': b'-- Up-to-date: /home/nicolas/ws_ros2/install/px4_msgs/include/px4_msgs/px4_msgs\n'}
[1.003096] (px4_msgs) StdoutLine: {'line': b'-- Up-to-date: /home/nicolas/ws_ros2/install/px4_msgs/include/px4_msgs/px4_msgs/srv\n'}
[1.003125] (px4_msgs) StdoutLine: {'line': b'-- Up-to-date: /home/nicolas/ws_ros2/install/px4_msgs/include/px4_msgs/px4_msgs/srv/detail\n'}
[1.003153] (px4_msgs) StdoutLine: {'line': b'-- Up-to-date: /home/nicolas/ws_ros2/install/px4_msgs/include/px4_msgs/px4_msgs/srv/detail/vehicle_command__rosidl_typesupport_introspection_c.h\n'}
[1.003181] (px4_msgs) StdoutLine: {'line': b'-- Up-to-date: /home/nicolas/ws_ros2/install/px4_msgs/include/px4_msgs/px4_msgs/srv/detail/vehicle_command__type_support.c\n'}
[1.003210] (px4_msgs) StdoutLine: {'line': b'-- Up-to-date: /home/nicolas/ws_ros2/install/px4_msgs/include/px4_msgs/px4_msgs/msg\n'}
[1.003252] (px4_msgs) StdoutLine: {'line': b'-- Up-to-date: /home/nicolas/ws_ros2/install/px4_msgs/include/px4_msgs/px4_msgs/msg/detail\n'}
[1.003280] (px4_msgs) StdoutLine: {'line': b'-- Up-to-date: /home/nicolas/ws_ros2/install/px4_msgs/include/px4_msgs/px4_msgs/msg/detail/vehicle_thrust_setpoint__type_support.c\n'}
[1.003308] (px4_msgs) StdoutLine: {'line': b'-- Up-to-date: /home/nicolas/ws_ros2/install/px4_msgs/include/px4_msgs/px4_msgs/msg/detail/sensor_baro__type_support.c\n'}
[1.003336] (px4_msgs) StdoutLine: {'line': b'-- Up-to-date: /home/nicolas/ws_ros2/install/px4_msgs/include/px4_msgs/px4_msgs/msg/detail/arming_check_reply__rosidl_typesupport_introspection_c.h\n'}
[1.003369] (px4_msgs) StdoutLine: {'line': b'-- Up-to-date: /home/nicolas/ws_ros2/install/px4_msgs/include/px4_msgs/px4_msgs/msg/detail/sensor_gyro_fft__rosidl_typesupport_introspection_c.h\n'}
[1.003399] (px4_msgs) StdoutLine: {'line': b'-- Up-to-date: /home/nicolas/ws_ros2/install/px4_msgs/include/px4_msgs/px4_msgs/msg/detail/gpio_request__type_support.c\n'}
[1.003431] (px4_msgs) StdoutLine: {'line': b'-- Up-to-date: /home/nicolas/ws_ros2/install/px4_msgs/include/px4_msgs/px4_msgs/msg/detail/landing_gear__type_support.c\n'}
[1.003464] (px4_msgs) StdoutLine: {'line': b'-- Up-to-date: /home/nicolas/ws_ros2/install/px4_msgs/include/px4_msgs/px4_msgs/msg/detail/satellite_info__type_support.c\n'}
[1.003497] (px4_msgs) StdoutLine: {'line': b'-- Up-to-date: /home/nicolas/ws_ros2/install/px4_msgs/include/px4_msgs/px4_msgs/msg/detail/distance_sensor__rosidl_typesupport_introspection_c.h\n'}
[1.003528] (px4_msgs) StdoutLine: {'line': b'-- Up-to-date: /home/nicolas/ws_ros2/install/px4_msgs/include/px4_msgs/px4_msgs/msg/detail/manual_control_setpoint__rosidl_typesupport_introspection_c.h\n'}
[1.003558] (px4_msgs) StdoutLine: {'line': b'-- Up-to-date: /home/nicolas/ws_ros2/install/px4_msgs/include/px4_msgs/px4_msgs/msg/detail/gpio_config__type_support.c\n'}
[1.003587] (px4_msgs) StdoutLine: {'line': b'-- Up-to-date: /home/nicolas/ws_ros2/install/px4_msgs/include/px4_msgs/px4_msgs/msg/detail/ekf2_timestamps__type_support.c\n'}
[1.003616] (px4_msgs) StdoutLine: {'line': b'-- Up-to-date: /home/nicolas/ws_ros2/install/px4_msgs/include/px4_msgs/px4_msgs/msg/detail/ulog_stream__type_support.c\n'}
[1.003646] (px4_msgs) StdoutLine: {'line': b'-- Up-to-date: /home/nicolas/ws_ros2/install/px4_msgs/include/px4_msgs/px4_msgs/msg/detail/debug_vect__type_support.c\n'}
[1.003675] (px4_msgs) StdoutLine: {'line': b'-- Up-to-date: /home/nicolas/ws_ros2/install/px4_msgs/include/px4_msgs/px4_msgs/msg/detail/vehicle_angular_acceleration_setpoint__type_support.c\n'}
[1.003704] (-) TimerEvent: {}
[1.003792] (px4_msgs) StdoutLine: {'line': b'-- Up-to-date: /home/nicolas/ws_ros2/install/px4_msgs/include/px4_msgs/px4_msgs/msg/detail/fuel_tank_status__type_support.c\n'}
[1.003833] (px4_msgs) StdoutLine: {'line': b'-- Up-to-date: /home/nicolas/ws_ros2/install/px4_msgs/include/px4_msgs/px4_msgs/msg/detail/rover_throttle_setpoint__rosidl_typesupport_introspection_c.h\n'}
[1.003865] (px4_msgs) StdoutLine: {'line': b'-- Up-to-date: /home/nicolas/ws_ros2/install/px4_msgs/include/px4_msgs/px4_msgs/msg/detail/follow_target_status__rosidl_typesupport_introspection_c.h\n'}
[1.003896] (px4_msgs) StdoutLine: {'line': b'-- Up-to-date: /home/nicolas/ws_ros2/install/px4_msgs/include/px4_msgs/px4_msgs/msg/detail/vehicle_control_mode__type_support.c\n'}
[1.003928] (px4_msgs) StdoutLine: {'line': b'-- Up-to-date: /home/nicolas/ws_ros2/install/px4_msgs/include/px4_msgs/px4_msgs/msg/detail/actuator_servos__rosidl_typesupport_introspection_c.h\n'}
[1.003958] (px4_msgs) StdoutLine: {'line': b'-- Up-to-date: /home/nicolas/ws_ros2/install/px4_msgs/include/px4_msgs/px4_msgs/msg/detail/arming_check_reply__type_support.c\n'}
[1.003987] (px4_msgs) StdoutLine: {'line': b'-- Up-to-date: /home/nicolas/ws_ros2/install/px4_msgs/include/px4_msgs/px4_msgs/msg/detail/vehicle_angular_acceleration_setpoint__rosidl_typesupport_introspection_c.h\n'}
[1.004017] (px4_msgs) StdoutLine: {'line': b'-- Up-to-date: /home/nicolas/ws_ros2/install/px4_msgs/include/px4_msgs/px4_msgs/msg/detail/register_ext_component_reply__rosidl_typesupport_introspection_c.h\n'}
[1.004048] (px4_msgs) StdoutLine: {'line': b'-- Up-to-date: /home/nicolas/ws_ros2/install/px4_msgs/include/px4_msgs/px4_msgs/msg/detail/can_interface_status__type_support.c\n'}
[1.004079] (px4_msgs) StdoutLine: {'line': b'-- Up-to-date: /home/nicolas/ws_ros2/install/px4_msgs/include/px4_msgs/px4_msgs/msg/detail/rover_throttle_setpoint__type_support.c\n'}
[1.004111] (px4_msgs) StdoutLine: {'line': b'-- Up-to-date: /home/nicolas/ws_ros2/install/px4_msgs/include/px4_msgs/px4_msgs/msg/detail/airspeed__rosidl_typesupport_introspection_c.h\n'}
[1.004154] (px4_msgs) StdoutLine: {'line': b'-- Up-to-date: /home/nicolas/ws_ros2/install/px4_msgs/include/px4_msgs/px4_msgs/msg/detail/gpio_request__rosidl_typesupport_introspection_c.h\n'}
[1.004187] (px4_msgs) StdoutLine: {'line': b'-- Up-to-date: /home/nicolas/ws_ros2/install/px4_msgs/include/px4_msgs/px4_msgs/msg/detail/gimbal_manager_status__type_support.c\n'}
[1.004219] (px4_msgs) StdoutLine: {'line': b'-- Up-to-date: /home/nicolas/ws_ros2/install/px4_msgs/include/px4_msgs/px4_msgs/msg/detail/sensor_accel_fifo__type_support.c\n'}
[1.004251] (px4_msgs) StdoutLine: {'line': b'-- Up-to-date: /home/nicolas/ws_ros2/install/px4_msgs/include/px4_msgs/px4_msgs/msg/detail/rc_channels__type_support.c\n'}
[1.004299] (px4_msgs) StdoutLine: {'line': b'-- Up-to-date: /home/nicolas/ws_ros2/install/px4_msgs/include/px4_msgs/px4_msgs/msg/detail/gimbal_device_information__type_support.c\n'}
[1.004329] (px4_msgs) StdoutLine: {'line': b'-- Up-to-date: /home/nicolas/ws_ros2/install/px4_msgs/include/px4_msgs/px4_msgs/msg/detail/mode_completed__rosidl_typesupport_introspection_c.h\n'}
[1.004362] (px4_msgs) StdoutLine: {'line': b'-- Up-to-date: /home/nicolas/ws_ros2/install/px4_msgs/include/px4_msgs/px4_msgs/msg/detail/rover_position_setpoint__type_support.c\n'}
[1.004394] (px4_msgs) StdoutLine: {'line': b'-- Up-to-date: /home/nicolas/ws_ros2/install/px4_msgs/include/px4_msgs/px4_msgs/msg/detail/message_format_response__rosidl_typesupport_introspection_c.h\n'}
[1.004450] (px4_msgs) StdoutLine: {'line': b'-- Up-to-date: /home/nicolas/ws_ros2/install/px4_msgs/include/px4_msgs/px4_msgs/msg/detail/estimator_innovations__rosidl_typesupport_introspection_c.h\n'}
[1.004482] (px4_msgs) StdoutLine: {'line': b'-- Up-to-date: /home/nicolas/ws_ros2/install/px4_msgs/include/px4_msgs/px4_msgs/msg/detail/power_button_state__type_support.c\n'}
[1.004511] (px4_msgs) StdoutLine: {'line': b'-- Up-to-date: /home/nicolas/ws_ros2/install/px4_msgs/include/px4_msgs/px4_msgs/msg/detail/register_ext_component_request__type_support.c\n'}
[1.004541] (px4_msgs) StdoutLine: {'line': b'-- Up-to-date: /home/nicolas/ws_ros2/install/px4_msgs/include/px4_msgs/px4_msgs/msg/detail/vehicle_attitude_setpoint__rosidl_typesupport_introspection_c.h\n'}
[1.004570] (px4_msgs) StdoutLine: {'line': b'-- Up-to-date: /home/nicolas/ws_ros2/install/px4_msgs/include/px4_msgs/px4_msgs/msg/detail/tecs_status__rosidl_typesupport_introspection_c.h\n'}
[1.004599] (px4_msgs) StdoutLine: {'line': b'-- Up-to-date: /home/nicolas/ws_ros2/install/px4_msgs/include/px4_msgs/px4_msgs/msg/detail/hover_thrust_estimate__rosidl_typesupport_introspection_c.h\n'}
[1.004628] (px4_msgs) StdoutLine: {'line': b'-- Up-to-date: /home/nicolas/ws_ros2/install/px4_msgs/include/px4_msgs/px4_msgs/msg/detail/control_allocator_status__type_support.c\n'}
[1.004657] (px4_msgs) StdoutLine: {'line': b'-- Up-to-date: /home/nicolas/ws_ros2/install/px4_msgs/include/px4_msgs/px4_msgs/msg/detail/debug_key_value__type_support.c\n'}
[1.004688] (px4_msgs) StdoutLine: {'line': b'-- Up-to-date: /home/nicolas/ws_ros2/install/px4_msgs/include/px4_msgs/px4_msgs/msg/detail/gps_dump__rosidl_typesupport_introspection_c.h\n'}
[1.004717] (px4_msgs) StdoutLine: {'line': b'-- Up-to-date: /home/nicolas/ws_ros2/install/px4_msgs/include/px4_msgs/px4_msgs/msg/detail/vehicle_magnetometer__type_support.c\n'}
[1.004747] (px4_msgs) StdoutLine: {'line': b'-- Up-to-date: /home/nicolas/ws_ros2/install/px4_msgs/include/px4_msgs/px4_msgs/msg/detail/estimator_gps_status__type_support.c\n'}
[1.004776] (px4_msgs) StdoutLine: {'line': b'-- Up-to-date: /home/nicolas/ws_ros2/install/px4_msgs/include/px4_msgs/px4_msgs/msg/detail/dronecan_node_status__rosidl_typesupport_introspection_c.h\n'}
[1.004806] (px4_msgs) StdoutLine: {'line': b'-- Up-to-date: /home/nicolas/ws_ros2/install/px4_msgs/include/px4_msgs/px4_msgs/msg/detail/heater_status__type_support.c\n'}
[1.004847] (px4_msgs) StdoutLine: {'line': b'-- Up-to-date: /home/nicolas/ws_ros2/install/px4_msgs/include/px4_msgs/px4_msgs/msg/detail/pwm_input__type_support.c\n'}
[1.004874] (px4_msgs) StdoutLine: {'line': b'-- Up-to-date: /home/nicolas/ws_ros2/install/px4_msgs/include/px4_msgs/px4_msgs/msg/detail/estimator_aid_source2d__type_support.c\n'}
[1.004901] (px4_msgs) StdoutLine: {'line': b'-- Up-to-date: /home/nicolas/ws_ros2/install/px4_msgs/include/px4_msgs/px4_msgs/msg/detail/gpio_in__type_support.c\n'}
[1.004929] (px4_msgs) StdoutLine: {'line': b'-- Up-to-date: /home/nicolas/ws_ros2/install/px4_msgs/include/px4_msgs/px4_msgs/msg/detail/position_setpoint_triplet__rosidl_typesupport_introspection_c.h\n'}
[1.004957] (px4_msgs) StdoutLine: {'line': b'-- Up-to-date: /home/nicolas/ws_ros2/install/px4_msgs/include/px4_msgs/px4_msgs/msg/detail/vehicle_global_position__type_support.c\n'}
[1.004989] (px4_msgs) StdoutLine: {'line': b'-- Up-to-date: /home/nicolas/ws_ros2/install/px4_msgs/include/px4_msgs/px4_msgs/msg/detail/mission_result__rosidl_typesupport_introspection_c.h\n'}
[1.005017] (px4_msgs) StdoutLine: {'line': b'-- Up-to-date: /home/nicolas/ws_ros2/install/px4_msgs/include/px4_msgs/px4_msgs/msg/detail/vehicle_imu_status__rosidl_typesupport_introspection_c.h\n'}
[1.005044] (px4_msgs) StdoutLine: {'line': b'-- Up-to-date: /home/nicolas/ws_ros2/install/px4_msgs/include/px4_msgs/px4_msgs/msg/detail/distance_sensor_mode_change_request__type_support.c\n'}
[1.005070] (px4_msgs) StdoutLine: {'line': b'-- Up-to-date: /home/nicolas/ws_ros2/install/px4_msgs/include/px4_msgs/px4_msgs/msg/detail/launch_detection_status__rosidl_typesupport_introspection_c.h\n'}
[1.005097] (px4_msgs) StdoutLine: {'line': b'-- Up-to-date: /home/nicolas/ws_ros2/install/px4_msgs/include/px4_msgs/px4_msgs/msg/detail/geofence_result__type_support.c\n'}
[1.005125] (px4_msgs) StdoutLine: {'line': b'-- Up-to-date: /home/nicolas/ws_ros2/install/px4_msgs/include/px4_msgs/px4_msgs/msg/detail/estimator_states__rosidl_typesupport_introspection_c.h\n'}
[1.005152] (px4_msgs) StdoutLine: {'line': b'-- Up-to-date: /home/nicolas/ws_ros2/install/px4_msgs/include/px4_msgs/px4_msgs/msg/detail/geofence_status__rosidl_typesupport_introspection_c.h\n'}
[1.005179] (px4_msgs) StdoutLine: {'line': b'-- Up-to-date: /home/nicolas/ws_ros2/install/px4_msgs/include/px4_msgs/px4_msgs/msg/detail/fixed_wing_lateral_setpoint__rosidl_typesupport_introspection_c.h\n'}
[1.005210] (px4_msgs) StdoutLine: {'line': b'-- Up-to-date: /home/nicolas/ws_ros2/install/px4_msgs/include/px4_msgs/px4_msgs/msg/detail/mission_result__type_support.c\n'}
[1.005241] (px4_msgs) StdoutLine: {'line': b'-- Up-to-date: /home/nicolas/ws_ros2/install/px4_msgs/include/px4_msgs/px4_msgs/msg/detail/estimator_states__type_support.c\n'}
[1.005270] (px4_msgs) StdoutLine: {'line': b'-- Up-to-date: /home/nicolas/ws_ros2/install/px4_msgs/include/px4_msgs/px4_msgs/msg/detail/vehicle_local_position_setpoint__rosidl_typesupport_introspection_c.h\n'}
[1.005301] (px4_msgs) StdoutLine: {'line': b'-- Up-to-date: /home/nicolas/ws_ros2/install/px4_msgs/include/px4_msgs/px4_msgs/msg/detail/airspeed_validated__rosidl_typesupport_introspection_c.h\n'}
[1.005342] (px4_msgs) StdoutLine: {'line': b'-- Up-to-date: /home/nicolas/ws_ros2/install/px4_msgs/include/px4_msgs/px4_msgs/msg/detail/rover_steering_setpoint__type_support.c\n'}
[1.005369] (px4_msgs) StdoutLine: {'line': b'-- Up-to-date: /home/nicolas/ws_ros2/install/px4_msgs/include/px4_msgs/px4_msgs/msg/detail/fixed_wing_longitudinal_setpoint__rosidl_typesupport_introspection_c.h\n'}
[1.005396] (px4_msgs) StdoutLine: {'line': b'-- Up-to-date: /home/nicolas/ws_ros2/install/px4_msgs/include/px4_msgs/px4_msgs/msg/detail/onboard_computer_status__rosidl_typesupport_introspection_c.h\n'}
[1.005423] (px4_msgs) StdoutLine: {'line': b'-- Up-to-date: /home/nicolas/ws_ros2/install/px4_msgs/include/px4_msgs/px4_msgs/msg/detail/battery_info__type_support.c\n'}
[1.005457] (px4_msgs) StdoutLine: {'line': b'-- Up-to-date: /home/nicolas/ws_ros2/install/px4_msgs/include/px4_msgs/px4_msgs/msg/detail/estimator_bias3d__rosidl_typesupport_introspection_c.h\n'}
[1.005486] (px4_msgs) StdoutLine: {'line': b'-- Up-to-date: /home/nicolas/ws_ros2/install/px4_msgs/include/px4_msgs/px4_msgs/msg/detail/tune_control__rosidl_typesupport_introspection_c.h\n'}
[1.005514] (px4_msgs) StdoutLine: {'line': b'-- Up-to-date: /home/nicolas/ws_ros2/install/px4_msgs/include/px4_msgs/px4_msgs/msg/detail/estimator_event_flags__type_support.c\n'}
[1.005542] (px4_msgs) StdoutLine: {'line': b'-- Up-to-date: /home/nicolas/ws_ros2/install/px4_msgs/include/px4_msgs/px4_msgs/msg/detail/vtol_vehicle_status__rosidl_typesupport_introspection_c.h\n'}
[1.005570] (px4_msgs) StdoutLine: {'line': b'-- Up-to-date: /home/nicolas/ws_ros2/install/px4_msgs/include/px4_msgs/px4_msgs/msg/detail/fixed_wing_runway_control__rosidl_typesupport_introspection_c.h\n'}
[1.005598] (px4_msgs) StdoutLine: {'line': b'-- Up-to-date: /home/nicolas/ws_ros2/install/px4_msgs/include/px4_msgs/px4_msgs/msg/detail/mavlink_log__rosidl_typesupport_introspection_c.h\n'}
[1.005631] (px4_msgs) StdoutLine: {'line': b'-- Up-to-date: /home/nicolas/ws_ros2/install/px4_msgs/include/px4_msgs/px4_msgs/msg/detail/airspeed__type_support.c\n'}
[1.005661] (px4_msgs) StdoutLine: {'line': b'-- Up-to-date: /home/nicolas/ws_ros2/install/px4_msgs/include/px4_msgs/px4_msgs/msg/detail/landing_gear_wheel__type_support.c\n'}
[1.005692] (px4_msgs) StdoutLine: {'line': b'-- Up-to-date: /home/nicolas/ws_ros2/install/px4_msgs/include/px4_msgs/px4_msgs/msg/detail/vehicle_local_position__type_support.c\n'}
[1.005722] (px4_msgs) StdoutLine: {'line': b'-- Up-to-date: /home/nicolas/ws_ros2/install/px4_msgs/include/px4_msgs/px4_msgs/msg/detail/debug_array__type_support.c\n'}
[1.005753] (px4_msgs) StdoutLine: {'line': b'-- Up-to-date: /home/nicolas/ws_ros2/install/px4_msgs/include/px4_msgs/px4_msgs/msg/detail/rover_rate_status__rosidl_typesupport_introspection_c.h\n'}
[1.005783] (px4_msgs) StdoutLine: {'line': b'-- Up-to-date: /home/nicolas/ws_ros2/install/px4_msgs/include/px4_msgs/px4_msgs/msg/detail/estimator_event_flags__rosidl_typesupport_introspection_c.h\n'}
[1.005813] (px4_msgs) StdoutLine: {'line': b'-- Up-to-date: /home/nicolas/ws_ros2/install/px4_msgs/include/px4_msgs/px4_msgs/msg/detail/dataman_request__rosidl_typesupport_introspection_c.h\n'}
[1.005844] (px4_msgs) StdoutLine: {'line': b'-- Up-to-date: /home/nicolas/ws_ros2/install/px4_msgs/include/px4_msgs/px4_msgs/msg/detail/follow_target_estimator__rosidl_typesupport_introspection_c.h\n'}
[1.005874] (px4_msgs) StdoutLine: {'line': b'-- Up-to-date: /home/nicolas/ws_ros2/install/px4_msgs/include/px4_msgs/px4_msgs/msg/detail/open_drone_id_operator_id__type_support.c\n'}
[1.005903] (px4_msgs) StdoutLine: {'line': b'-- Up-to-date: /home/nicolas/ws_ros2/install/px4_msgs/include/px4_msgs/px4_msgs/msg/detail/orb_test_large__type_support.c\n'}
[1.005932] (px4_msgs) StdoutLine: {'line': b'-- Up-to-date: /home/nicolas/ws_ros2/install/px4_msgs/include/px4_msgs/px4_msgs/msg/detail/estimator_gps_status__rosidl_typesupport_introspection_c.h\n'}
[1.005963] (px4_msgs) StdoutLine: {'line': b'-- Up-to-date: /home/nicolas/ws_ros2/install/px4_msgs/include/px4_msgs/px4_msgs/msg/detail/collision_constraints__type_support.c\n'}
[1.005993] (px4_msgs) StdoutLine: {'line': b'-- Up-to-date: /home/nicolas/ws_ros2/install/px4_msgs/include/px4_msgs/px4_msgs/msg/detail/orb_test_medium__type_support.c\n'}
[1.006023] (px4_msgs) StdoutLine: {'line': b'-- Up-to-date: /home/nicolas/ws_ros2/install/px4_msgs/include/px4_msgs/px4_msgs/msg/detail/rtl_status__type_support.c\n'}
[1.006053] (px4_msgs) StdoutLine: {'line': b'-- Up-to-date: /home/nicolas/ws_ros2/install/px4_msgs/include/px4_msgs/px4_msgs/msg/detail/mode_completed__type_support.c\n'}
[1.006083] (px4_msgs) StdoutLine: {'line': b'-- Up-to-date: /home/nicolas/ws_ros2/install/px4_msgs/include/px4_msgs/px4_msgs/msg/detail/actuator_outputs__rosidl_typesupport_introspection_c.h\n'}
[1.006113] (px4_msgs) StdoutLine: {'line': b'-- Up-to-date: /home/nicolas/ws_ros2/install/px4_msgs/include/px4_msgs/px4_msgs/msg/detail/sensor_preflight_mag__rosidl_typesupport_introspection_c.h\n'}
[1.006144] (px4_msgs) StdoutLine: {'line': b'-- Up-to-date: /home/nicolas/ws_ros2/install/px4_msgs/include/px4_msgs/px4_msgs/msg/detail/parameter_set_value_request__rosidl_typesupport_introspection_c.h\n'}
[1.006175] (px4_msgs) StdoutLine: {'line': b'-- Up-to-date: /home/nicolas/ws_ros2/install/px4_msgs/include/px4_msgs/px4_msgs/msg/detail/vehicle_attitude_setpoint__type_support.c\n'}
[1.006205] (px4_msgs) StdoutLine: {'line': b'-- Up-to-date: /home/nicolas/ws_ros2/install/px4_msgs/include/px4_msgs/px4_msgs/msg/detail/vehicle_optical_flow__rosidl_typesupport_introspection_c.h\n'}
[1.006254] (px4_msgs) StdoutLine: {'line': b'-- Up-to-date: /home/nicolas/ws_ros2/install/px4_msgs/include/px4_msgs/px4_msgs/msg/detail/orbit_status__type_support.c\n'}
[1.006286] (px4_msgs) StdoutLine: {'line': b'-- Up-to-date: /home/nicolas/ws_ros2/install/px4_msgs/include/px4_msgs/px4_msgs/msg/detail/vehicle_attitude__type_support.c\n'}
[1.006326] (px4_msgs) StdoutLine: {'line': b'-- Up-to-date: /home/nicolas/ws_ros2/install/px4_msgs/include/px4_msgs/px4_msgs/msg/detail/rover_attitude_setpoint__rosidl_typesupport_introspection_c.h\n'}
[1.006355] (px4_msgs) StdoutLine: {'line': b'-- Up-to-date: /home/nicolas/ws_ros2/install/px4_msgs/include/px4_msgs/px4_msgs/msg/detail/gimbal_controls__type_support.c\n'}
[1.006391] (px4_msgs) StdoutLine: {'line': b'-- Up-to-date: /home/nicolas/ws_ros2/install/px4_msgs/include/px4_msgs/px4_msgs/msg/detail/rover_speed_status__rosidl_typesupport_introspection_c.h\n'}
[1.006430] (px4_msgs) StdoutLine: {'line': b'-- Up-to-date: /home/nicolas/ws_ros2/install/px4_msgs/include/px4_msgs/px4_msgs/msg/detail/debug_key_value__rosidl_typesupport_introspection_c.h\n'}
[1.006470] (px4_msgs) StdoutLine: {'line': b'-- Up-to-date: /home/nicolas/ws_ros2/install/px4_msgs/include/px4_msgs/px4_msgs/msg/detail/sensor_gnss_status__rosidl_typesupport_introspection_c.h\n'}
[1.006500] (px4_msgs) StdoutLine: {'line': b'-- Up-to-date: /home/nicolas/ws_ros2/install/px4_msgs/include/px4_msgs/px4_msgs/msg/detail/estimator_selector_status__rosidl_typesupport_introspection_c.h\n'}
[1.006532] (px4_msgs) StdoutLine: {'line': b'-- Up-to-date: /home/nicolas/ws_ros2/install/px4_msgs/include/px4_msgs/px4_msgs/msg/detail/debug_vect__rosidl_typesupport_introspection_c.h\n'}
[1.006561] (px4_msgs) StdoutLine: {'line': b'-- Up-to-date: /home/nicolas/ws_ros2/install/px4_msgs/include/px4_msgs/px4_msgs/msg/detail/sensor_gnss_status__type_support.c\n'}
[1.006589] (px4_msgs) StdoutLine: {'line': b'-- Up-to-date: /home/nicolas/ws_ros2/install/px4_msgs/include/px4_msgs/px4_msgs/msg/detail/open_drone_id_self_id__type_support.c\n'}
[1.006621] (px4_msgs) StdoutLine: {'line': b'-- Up-to-date: /home/nicolas/ws_ros2/install/px4_msgs/include/px4_msgs/px4_msgs/msg/detail/launch_detection_status__type_support.c\n'}
[1.006652] (px4_msgs) StdoutLine: {'line': b'-- Up-to-date: /home/nicolas/ws_ros2/install/px4_msgs/include/px4_msgs/px4_msgs/msg/detail/position_controller_landing_status__rosidl_typesupport_introspection_c.h\n'}
[1.006682] (px4_msgs) StdoutLine: {'line': b'-- Up-to-date: /home/nicolas/ws_ros2/install/px4_msgs/include/px4_msgs/px4_msgs/msg/detail/vehicle_attitude__rosidl_typesupport_introspection_c.h\n'}
[1.006713] (px4_msgs) StdoutLine: {'line': b'-- Up-to-date: /home/nicolas/ws_ros2/install/px4_msgs/include/px4_msgs/px4_msgs/msg/detail/adc_report__type_support.c\n'}
[1.006743] (px4_msgs) StdoutLine: {'line': b'-- Up-to-date: /home/nicolas/ws_ros2/install/px4_msgs/include/px4_msgs/px4_msgs/msg/detail/sensor_optical_flow__rosidl_typesupport_introspection_c.h\n'}
[1.006774] (px4_msgs) StdoutLine: {'line': b'-- Up-to-date: /home/nicolas/ws_ros2/install/px4_msgs/include/px4_msgs/px4_msgs/msg/detail/telemetry_status__rosidl_typesupport_introspection_c.h\n'}
[1.006804] (px4_msgs) StdoutLine: {'line': b'-- Up-to-date: /home/nicolas/ws_ros2/install/px4_msgs/include/px4_msgs/px4_msgs/msg/detail/gpio_out__type_support.c\n'}
[1.006834] (px4_msgs) StdoutLine: {'line': b'-- Up-to-date: /home/nicolas/ws_ros2/install/px4_msgs/include/px4_msgs/px4_msgs/msg/detail/vehicle_rates_setpoint__rosidl_typesupport_introspection_c.h\n'}
[1.006864] (px4_msgs) StdoutLine: {'line': b'-- Up-to-date: /home/nicolas/ws_ros2/install/px4_msgs/include/px4_msgs/px4_msgs/msg/detail/actuator_motors__type_support.c\n'}
[1.006896] (px4_msgs) StdoutLine: {'line': b'-- Up-to-date: /home/nicolas/ws_ros2/install/px4_msgs/include/px4_msgs/px4_msgs/msg/detail/wind__rosidl_typesupport_introspection_c.h\n'}
[1.006926] (px4_msgs) StdoutLine: {'line': b'-- Up-to-date: /home/nicolas/ws_ros2/install/px4_msgs/include/px4_msgs/px4_msgs/msg/detail/position_controller_status__rosidl_typesupport_introspection_c.h\n'}
[1.006957] (px4_msgs) StdoutLine: {'line': b'-- Up-to-date: /home/nicolas/ws_ros2/install/px4_msgs/include/px4_msgs/px4_msgs/msg/detail/yaw_estimator_status__rosidl_typesupport_introspection_c.h\n'}
[1.006987] (px4_msgs) StdoutLine: {'line': b'-- Up-to-date: /home/nicolas/ws_ros2/install/px4_msgs/include/px4_msgs/px4_msgs/msg/detail/home_position__rosidl_typesupport_introspection_c.h\n'}
[1.007033] (px4_msgs) StdoutLine: {'line': b'-- Up-to-date: /home/nicolas/ws_ros2/install/px4_msgs/include/px4_msgs/px4_msgs/msg/detail/rover_position_setpoint__rosidl_typesupport_introspection_c.h\n'}
[1.007063] (px4_msgs) StdoutLine: {'line': b'-- Up-to-date: /home/nicolas/ws_ros2/install/px4_msgs/include/px4_msgs/px4_msgs/msg/detail/sensors_status_imu__rosidl_typesupport_introspection_c.h\n'}
[1.007096] (px4_msgs) StdoutLine: {'line': b'-- Up-to-date: /home/nicolas/ws_ros2/install/px4_msgs/include/px4_msgs/px4_msgs/msg/detail/collision_constraints__rosidl_typesupport_introspection_c.h\n'}
[1.007128] (px4_msgs) StdoutLine: {'line': b'-- Up-to-date: /home/nicolas/ws_ros2/install/px4_msgs/include/px4_msgs/px4_msgs/msg/detail/internal_combustion_engine_control__rosidl_typesupport_introspection_c.h\n'}
[1.007160] (px4_msgs) StdoutLine: {'line': b'-- Up-to-date: /home/nicolas/ws_ros2/install/px4_msgs/include/px4_msgs/px4_msgs/msg/detail/actuator_servos_trim__type_support.c\n'}
[1.007209] (px4_msgs) StdoutLine: {'line': b'-- Up-to-date: /home/nicolas/ws_ros2/install/px4_msgs/include/px4_msgs/px4_msgs/msg/detail/magnetometer_bias_estimate__rosidl_typesupport_introspection_c.h\n'}
[1.007239] (px4_msgs) StdoutLine: {'line': b'-- Up-to-date: /home/nicolas/ws_ros2/install/px4_msgs/include/px4_msgs/px4_msgs/msg/detail/vehicle_odometry__rosidl_typesupport_introspection_c.h\n'}
[1.007268] (px4_msgs) StdoutLine: {'line': b'-- Up-to-date: /home/nicolas/ws_ros2/install/px4_msgs/include/px4_msgs/px4_msgs/msg/detail/airspeed_validated__type_support.c\n'}
[1.007297] (px4_msgs) StdoutLine: {'line': b'-- Up-to-date: /home/nicolas/ws_ros2/install/px4_msgs/include/px4_msgs/px4_msgs/msg/detail/irlock_report__type_support.c\n'}
[1.007328] (px4_msgs) StdoutLine: {'line': b'-- Up-to-date: /home/nicolas/ws_ros2/install/px4_msgs/include/px4_msgs/px4_msgs/msg/detail/position_controller_status__type_support.c\n'}
[1.007359] (px4_msgs) StdoutLine: {'line': b'-- Up-to-date: /home/nicolas/ws_ros2/install/px4_msgs/include/px4_msgs/px4_msgs/msg/detail/parameter_set_value_request__type_support.c\n'}
[1.007391] (px4_msgs) StdoutLine: {'line': b'-- Up-to-date: /home/nicolas/ws_ros2/install/px4_msgs/include/px4_msgs/px4_msgs/msg/detail/sensor_gyro__type_support.c\n'}
[1.007440] (px4_msgs) StdoutLine: {'line': b'-- Up-to-date: /home/nicolas/ws_ros2/install/px4_msgs/include/px4_msgs/px4_msgs/msg/detail/gripper__type_support.c\n'}
[1.007475] (px4_msgs) StdoutLine: {'line': b'-- Up-to-date: /home/nicolas/ws_ros2/install/px4_msgs/include/px4_msgs/px4_msgs/msg/detail/goto_setpoint__type_support.c\n'}
[1.007506] (px4_msgs) StdoutLine: {'line': b'-- Up-to-date: /home/nicolas/ws_ros2/install/px4_msgs/include/px4_msgs/px4_msgs/msg/detail/input_rc__type_support.c\n'}
[1.007535] (px4_msgs) StdoutLine: {'line': b'-- Up-to-date: /home/nicolas/ws_ros2/install/px4_msgs/include/px4_msgs/px4_msgs/msg/detail/dronecan_node_status__type_support.c\n'}
[1.007563] (px4_msgs) StdoutLine: {'line': b'-- Up-to-date: /home/nicolas/ws_ros2/install/px4_msgs/include/px4_msgs/px4_msgs/msg/detail/goto_setpoint__rosidl_typesupport_introspection_c.h\n'}
[1.007592] (px4_msgs) StdoutLine: {'line': b'-- Up-to-date: /home/nicolas/ws_ros2/install/px4_msgs/include/px4_msgs/px4_msgs/msg/detail/position_setpoint__rosidl_typesupport_introspection_c.h\n'}
[1.007621] (px4_msgs) StdoutLine: {'line': b'-- Up-to-date: /home/nicolas/ws_ros2/install/px4_msgs/include/px4_msgs/px4_msgs/msg/detail/vehicle_rates_setpoint__type_support.c\n'}
[1.007651] (px4_msgs) StdoutLine: {'line': b'-- Up-to-date: /home/nicolas/ws_ros2/install/px4_msgs/include/px4_msgs/px4_msgs/msg/detail/gpio_config__rosidl_typesupport_introspection_c.h\n'}
[1.007681] (px4_msgs) StdoutLine: {'line': b'-- Up-to-date: /home/nicolas/ws_ros2/install/px4_msgs/include/px4_msgs/px4_msgs/msg/detail/manual_control_switches__type_support.c\n'}
[1.007711] (px4_msgs) StdoutLine: {'line': b'-- Up-to-date: /home/nicolas/ws_ros2/install/px4_msgs/include/px4_msgs/px4_msgs/msg/detail/wind__type_support.c\n'}
[1.007752] (px4_msgs) StdoutLine: {'line': b'-- Up-to-date: /home/nicolas/ws_ros2/install/px4_msgs/include/px4_msgs/px4_msgs/msg/detail/offboard_control_mode__rosidl_typesupport_introspection_c.h\n'}
[1.007781] (px4_msgs) StdoutLine: {'line': b'-- Up-to-date: /home/nicolas/ws_ros2/install/px4_msgs/include/px4_msgs/px4_msgs/msg/detail/sensor_correction__rosidl_typesupport_introspection_c.h\n'}
[1.007809] (px4_msgs) StdoutLine: {'line': b'-- Up-to-date: /home/nicolas/ws_ros2/install/px4_msgs/include/px4_msgs/px4_msgs/msg/detail/manual_control_switches__rosidl_typesupport_introspection_c.h\n'}
[1.007837] (px4_msgs) StdoutLine: {'line': b'-- Up-to-date: /home/nicolas/ws_ros2/install/px4_msgs/include/px4_msgs/px4_msgs/msg/detail/event__type_support.c\n'}
[1.007869] (px4_msgs) StdoutLine: {'line': b'-- Up-to-date: /home/nicolas/ws_ros2/install/px4_msgs/include/px4_msgs/px4_msgs/msg/detail/battery_status__rosidl_typesupport_introspection_c.h\n'}
[1.007900] (px4_msgs) StdoutLine: {'line': b'-- Up-to-date: /home/nicolas/ws_ros2/install/px4_msgs/include/px4_msgs/px4_msgs/msg/detail/vehicle_optical_flow_vel__type_support.c\n'}
[1.007931] (px4_msgs) StdoutLine: {'line': b'-- Up-to-date: /home/nicolas/ws_ros2/install/px4_msgs/include/px4_msgs/px4_msgs/msg/detail/rate_ctrl_status__type_support.c\n'}
[1.007961] (px4_msgs) StdoutLine: {'line': b'-- Up-to-date: /home/nicolas/ws_ros2/install/px4_msgs/include/px4_msgs/px4_msgs/msg/detail/rover_rate_setpoint__rosidl_typesupport_introspection_c.h\n'}
[1.007991] (px4_msgs) StdoutLine: {'line': b'-- Up-to-date: /home/nicolas/ws_ros2/install/px4_msgs/include/px4_msgs/px4_msgs/msg/detail/rover_attitude_status__rosidl_typesupport_introspection_c.h\n'}
[1.008022] (px4_msgs) StdoutLine: {'line': b'-- Up-to-date: /home/nicolas/ws_ros2/install/px4_msgs/include/px4_msgs/px4_msgs/msg/detail/neural_control__rosidl_typesupport_introspection_c.h\n'}
[1.008052] (px4_msgs) StdoutLine: {'line': b'-- Up-to-date: /home/nicolas/ws_ros2/install/px4_msgs/include/px4_msgs/px4_msgs/msg/detail/rover_speed_status__type_support.c\n'}
[1.008082] (px4_msgs) StdoutLine: {'line': b'-- Up-to-date: /home/nicolas/ws_ros2/install/px4_msgs/include/px4_msgs/px4_msgs/msg/detail/sensor_gnss_relative__rosidl_typesupport_introspection_c.h\n'}
[1.008114] (px4_msgs) StdoutLine: {'line': b'-- Up-to-date: /home/nicolas/ws_ros2/install/px4_msgs/include/px4_msgs/px4_msgs/msg/detail/vehicle_air_data__rosidl_typesupport_introspection_c.h\n'}
[1.008163] (px4_msgs) StdoutLine: {'line': b'-- Up-to-date: /home/nicolas/ws_ros2/install/px4_msgs/include/px4_msgs/px4_msgs/msg/detail/autotune_attitude_control_status__type_support.c\n'}
[1.008192] (px4_msgs) StdoutLine: {'line': b'-- Up-to-date: /home/nicolas/ws_ros2/install/px4_msgs/include/px4_msgs/px4_msgs/msg/detail/follow_target__type_support.c\n'}
[1.008220] (px4_msgs) StdoutLine: {'line': b'-- Up-to-date: /home/nicolas/ws_ros2/install/px4_msgs/include/px4_msgs/px4_msgs/msg/detail/ulog_stream_ack__type_support.c\n'}
[1.008249] (px4_msgs) StdoutLine: {'line': b'-- Up-to-date: /home/nicolas/ws_ros2/install/px4_msgs/include/px4_msgs/px4_msgs/msg/detail/vehicle_roi__type_support.c\n'}
[1.008276] (px4_msgs) StdoutLine: {'line': b'-- Up-to-date: /home/nicolas/ws_ros2/install/px4_msgs/include/px4_msgs/px4_msgs/msg/detail/gimbal_device_set_attitude__rosidl_typesupport_introspection_c.h\n'}
[1.008316] (px4_msgs) StdoutLine: {'line': b'-- Up-to-date: /home/nicolas/ws_ros2/install/px4_msgs/include/px4_msgs/px4_msgs/msg/detail/sensor_selection__rosidl_typesupport_introspection_c.h\n'}
[1.008344] (px4_msgs) StdoutLine: {'line': b'-- Up-to-date: /home/nicolas/ws_ros2/install/px4_msgs/include/px4_msgs/px4_msgs/msg/detail/gimbal_device_attitude_status__type_support.c\n'}
[1.008372] (px4_msgs) StdoutLine: {'line': b'-- Up-to-date: /home/nicolas/ws_ros2/install/px4_msgs/include/px4_msgs/px4_msgs/msg/detail/actuator_armed__rosidl_typesupport_introspection_c.h\n'}
[1.008399] (px4_msgs) StdoutLine: {'line': b'-- Up-to-date: /home/nicolas/ws_ros2/install/px4_msgs/include/px4_msgs/px4_msgs/msg/detail/rpm__rosidl_typesupport_introspection_c.h\n'}
[1.008435] (px4_msgs) StdoutLine: {'line': b'-- Up-to-date: /home/nicolas/ws_ros2/install/px4_msgs/include/px4_msgs/px4_msgs/msg/detail/rover_speed_setpoint__type_support.c\n'}
[1.008467] (px4_msgs) StdoutLine: {'line': b'-- Up-to-date: /home/nicolas/ws_ros2/install/px4_msgs/include/px4_msgs/px4_msgs/msg/detail/vehicle_local_position_setpoint__type_support.c\n'}
[1.008495] (px4_msgs) StdoutLine: {'line': b'-- Up-to-date: /home/nicolas/ws_ros2/install/px4_msgs/include/px4_msgs/px4_msgs/msg/detail/vehicle_air_data__type_support.c\n'}
[1.008522] (px4_msgs) StdoutLine: {'line': b'-- Up-to-date: /home/nicolas/ws_ros2/install/px4_msgs/include/px4_msgs/px4_msgs/msg/detail/sensor_mag__type_support.c\n'}
[1.008550] (px4_msgs) StdoutLine: {'line': b'-- Up-to-date: /home/nicolas/ws_ros2/install/px4_msgs/include/px4_msgs/px4_msgs/msg/detail/gimbal_manager_set_manual_control__type_support.c\n'}
[1.008576] (px4_msgs) StdoutLine: {'line': b'-- Up-to-date: /home/nicolas/ws_ros2/install/px4_msgs/include/px4_msgs/px4_msgs/msg/detail/vehicle_constraints__type_support.c\n'}
[1.008604] (px4_msgs) StdoutLine: {'line': b'-- Up-to-date: /home/nicolas/ws_ros2/install/px4_msgs/include/px4_msgs/px4_msgs/msg/detail/tiltrotor_extra_controls__rosidl_typesupport_introspection_c.h\n'}
[1.008634] (px4_msgs) StdoutLine: {'line': b'-- Up-to-date: /home/nicolas/ws_ros2/install/px4_msgs/include/px4_msgs/px4_msgs/msg/detail/actuator_controls_status__type_support.c\n'}
[1.008663] (px4_msgs) StdoutLine: {'line': b'-- Up-to-date: /home/nicolas/ws_ros2/install/px4_msgs/include/px4_msgs/px4_msgs/msg/detail/orbit_status__rosidl_typesupport_introspection_c.h\n'}
[1.008693] (px4_msgs) StdoutLine: {'line': b'-- Up-to-date: /home/nicolas/ws_ros2/install/px4_msgs/include/px4_msgs/px4_msgs/msg/detail/distance_sensor_mode_change_request__rosidl_typesupport_introspection_c.h\n'}
[1.008722] (px4_msgs) StdoutLine: {'line': b'-- Up-to-date: /home/nicolas/ws_ros2/install/px4_msgs/include/px4_msgs/px4_msgs/msg/detail/rtl_time_estimate__rosidl_typesupport_introspection_c.h\n'}
[1.008753] (px4_msgs) StdoutLine: {'line': b'-- Up-to-date: /home/nicolas/ws_ros2/install/px4_msgs/include/px4_msgs/px4_msgs/msg/detail/sensor_gnss_relative__type_support.c\n'}
[1.008783] (px4_msgs) StdoutLine: {'line': b'-- Up-to-date: /home/nicolas/ws_ros2/install/px4_msgs/include/px4_msgs/px4_msgs/msg/detail/follow_target_estimator__type_support.c\n'}
[1.008813] (px4_msgs) StdoutLine: {'line': b'-- Up-to-date: /home/nicolas/ws_ros2/install/px4_msgs/include/px4_msgs/px4_msgs/msg/detail/power_button_state__rosidl_typesupport_introspection_c.h\n'}
[1.008844] (px4_msgs) StdoutLine: {'line': b'-- Up-to-date: /home/nicolas/ws_ros2/install/px4_msgs/include/px4_msgs/px4_msgs/msg/detail/action_request__rosidl_typesupport_introspection_c.h\n'}
[1.008874] (px4_msgs) StdoutLine: {'line': b'-- Up-to-date: /home/nicolas/ws_ros2/install/px4_msgs/include/px4_msgs/px4_msgs/msg/detail/lateral_control_configuration__rosidl_typesupport_introspection_c.h\n'}
[1.008904] (px4_msgs) StdoutLine: {'line': b'-- Up-to-date: /home/nicolas/ws_ros2/install/px4_msgs/include/px4_msgs/px4_msgs/msg/detail/estimator_innovations__type_support.c\n'}
[1.008934] (px4_msgs) StdoutLine: {'line': b'-- Up-to-date: /home/nicolas/ws_ros2/install/px4_msgs/include/px4_msgs/px4_msgs/msg/detail/flight_phase_estimation__rosidl_typesupport_introspection_c.h\n'}
[1.008965] (px4_msgs) StdoutLine: {'line': b'-- Up-to-date: /home/nicolas/ws_ros2/install/px4_msgs/include/px4_msgs/px4_msgs/msg/detail/gpio_in__rosidl_typesupport_introspection_c.h\n'}
[1.008994] (px4_msgs) StdoutLine: {'line': b'-- Up-to-date: /home/nicolas/ws_ros2/install/px4_msgs/include/px4_msgs/px4_msgs/msg/detail/battery_status__type_support.c\n'}
[1.009024] (px4_msgs) StdoutLine: {'line': b'-- Up-to-date: /home/nicolas/ws_ros2/install/px4_msgs/include/px4_msgs/px4_msgs/msg/detail/can_interface_status__rosidl_typesupport_introspection_c.h\n'}
[1.009073] (px4_msgs) StdoutLine: {'line': b'-- Up-to-date: /home/nicolas/ws_ros2/install/px4_msgs/include/px4_msgs/px4_msgs/msg/detail/satellite_info__rosidl_typesupport_introspection_c.h\n'}
[1.009106] (px4_msgs) StdoutLine: {'line': b'-- Up-to-date: /home/nicolas/ws_ros2/install/px4_msgs/include/px4_msgs/px4_msgs/msg/detail/battery_info__rosidl_typesupport_introspection_c.h\n'}
[1.009134] (px4_msgs) StdoutLine: {'line': b'-- Up-to-date: /home/nicolas/ws_ros2/install/px4_msgs/include/px4_msgs/px4_msgs/msg/detail/fixed_wing_lateral_status__rosidl_typesupport_introspection_c.h\n'}
[1.009164] (px4_msgs) StdoutLine: {'line': b'-- Up-to-date: /home/nicolas/ws_ros2/install/px4_msgs/include/px4_msgs/px4_msgs/msg/detail/hover_thrust_estimate__type_support.c\n'}
[1.009192] (px4_msgs) StdoutLine: {'line': b'-- Up-to-date: /home/nicolas/ws_ros2/install/px4_msgs/include/px4_msgs/px4_msgs/msg/detail/landing_gear_wheel__rosidl_typesupport_introspection_c.h\n'}
[1.009219] (px4_msgs) StdoutLine: {'line': b'-- Up-to-date: /home/nicolas/ws_ros2/install/px4_msgs/include/px4_msgs/px4_msgs/msg/detail/telemetry_status__type_support.c\n'}
[1.009246] (px4_msgs) StdoutLine: {'line': b'-- Up-to-date: /home/nicolas/ws_ros2/install/px4_msgs/include/px4_msgs/px4_msgs/msg/detail/estimator_bias3d__type_support.c\n'}
[1.009276] (px4_msgs) StdoutLine: {'line': b'-- Up-to-date: /home/nicolas/ws_ros2/install/px4_msgs/include/px4_msgs/px4_msgs/msg/detail/logger_status__type_support.c\n'}
[1.009305] (px4_msgs) StdoutLine: {'line': b'-- Up-to-date: /home/nicolas/ws_ros2/install/px4_msgs/include/px4_msgs/px4_msgs/msg/detail/longitudinal_control_configuration__rosidl_typesupport_introspection_c.h\n'}
[1.009335] (px4_msgs) StdoutLine: {'line': b'-- Up-to-date: /home/nicolas/ws_ros2/install/px4_msgs/include/px4_msgs/px4_msgs/msg/detail/failure_detector_status__rosidl_typesupport_introspection_c.h\n'}
[1.009365] (px4_msgs) StdoutLine: {'line': b'-- Up-to-date: /home/nicolas/ws_ros2/install/px4_msgs/include/px4_msgs/px4_msgs/msg/detail/unregister_ext_component__rosidl_typesupport_introspection_c.h\n'}
[1.009394] (px4_msgs) StdoutLine: {'line': b'-- Up-to-date: /home/nicolas/ws_ros2/install/px4_msgs/include/px4_msgs/px4_msgs/msg/detail/open_drone_id_arm_status__rosidl_typesupport_introspection_c.h\n'}
[1.009424] (px4_msgs) StdoutLine: {'line': b'-- Up-to-date: /home/nicolas/ws_ros2/install/px4_msgs/include/px4_msgs/px4_msgs/msg/detail/landing_target_pose__rosidl_typesupport_introspection_c.h\n'}
[1.009463] (px4_msgs) StdoutLine: {'line': b'-- Up-to-date: /home/nicolas/ws_ros2/install/px4_msgs/include/px4_msgs/px4_msgs/msg/detail/debug_array__rosidl_typesupport_introspection_c.h\n'}
[1.009494] (px4_msgs) StdoutLine: {'line': b'-- Up-to-date: /home/nicolas/ws_ros2/install/px4_msgs/include/px4_msgs/px4_msgs/msg/detail/takeoff_status__rosidl_typesupport_introspection_c.h\n'}
[1.009524] (px4_msgs) StdoutLine: {'line': b'-- Up-to-date: /home/nicolas/ws_ros2/install/px4_msgs/include/px4_msgs/px4_msgs/msg/detail/pps_capture__type_support.c\n'}
[1.009555] (px4_msgs) StdoutLine: {'line': b'-- Up-to-date: /home/nicolas/ws_ros2/install/px4_msgs/include/px4_msgs/px4_msgs/msg/detail/vehicle_magnetometer__rosidl_typesupport_introspection_c.h\n'}
[1.009587] (px4_msgs) StdoutLine: {'line': b'-- Up-to-date: /home/nicolas/ws_ros2/install/px4_msgs/include/px4_msgs/px4_msgs/msg/detail/register_ext_component_reply__type_support.c\n'}
[1.009617] (px4_msgs) StdoutLine: {'line': b'-- Up-to-date: /home/nicolas/ws_ros2/install/px4_msgs/include/px4_msgs/px4_msgs/msg/detail/unregister_ext_component__type_support.c\n'}
[1.009647] (px4_msgs) StdoutLine: {'line': b'-- Up-to-date: /home/nicolas/ws_ros2/install/px4_msgs/include/px4_msgs/px4_msgs/msg/detail/sensor_accel__rosidl_typesupport_introspection_c.h\n'}
[1.009678] (px4_msgs) StdoutLine: {'line': b'-- Up-to-date: /home/nicolas/ws_ros2/install/px4_msgs/include/px4_msgs/px4_msgs/msg/detail/rate_ctrl_status__rosidl_typesupport_introspection_c.h\n'}
[1.009707] (px4_msgs) StdoutLine: {'line': b'-- Up-to-date: /home/nicolas/ws_ros2/install/px4_msgs/include/px4_msgs/px4_msgs/msg/detail/lateral_control_configuration__type_support.c\n'}
[1.009750] (px4_msgs) StdoutLine: {'line': b'-- Up-to-date: /home/nicolas/ws_ros2/install/px4_msgs/include/px4_msgs/px4_msgs/msg/detail/gimbal_manager_information__type_support.c\n'}
[1.009778] (px4_msgs) StdoutLine: {'line': b'-- Up-to-date: /home/nicolas/ws_ros2/install/px4_msgs/include/px4_msgs/px4_msgs/msg/detail/qshell_retval__type_support.c\n'}
[1.009808] (px4_msgs) StdoutLine: {'line': b'-- Up-to-date: /home/nicolas/ws_ros2/install/px4_msgs/include/px4_msgs/px4_msgs/msg/detail/vehicle_global_position__rosidl_typesupport_introspection_c.h\n'}
[1.009839] (px4_msgs) StdoutLine: {'line': b'-- Up-to-date: /home/nicolas/ws_ros2/install/px4_msgs/include/px4_msgs/px4_msgs/msg/detail/arming_check_request__rosidl_typesupport_introspection_c.h\n'}
[1.009869] (px4_msgs) StdoutLine: {'line': b'-- Up-to-date: /home/nicolas/ws_ros2/install/px4_msgs/include/px4_msgs/px4_msgs/msg/detail/fixed_wing_lateral_guidance_status__type_support.c\n'}
[1.009899] (px4_msgs) StdoutLine: {'line': b'-- Up-to-date: /home/nicolas/ws_ros2/install/px4_msgs/include/px4_msgs/px4_msgs/msg/detail/sensor_airflow__rosidl_typesupport_introspection_c.h\n'}
[1.009929] (px4_msgs) StdoutLine: {'line': b'-- Up-to-date: /home/nicolas/ws_ros2/install/px4_msgs/include/px4_msgs/px4_msgs/msg/detail/rover_attitude_status__type_support.c\n'}
[1.009970] (px4_msgs) StdoutLine: {'line': b'-- Up-to-date: /home/nicolas/ws_ros2/install/px4_msgs/include/px4_msgs/px4_msgs/msg/detail/landing_target_innovations__type_support.c\n'}
[1.010001] (px4_msgs) StdoutLine: {'line': b'-- Up-to-date: /home/nicolas/ws_ros2/install/px4_msgs/include/px4_msgs/px4_msgs/msg/detail/rover_attitude_setpoint__type_support.c\n'}
[1.010031] (px4_msgs) StdoutLine: {'line': b'-- Up-to-date: /home/nicolas/ws_ros2/install/px4_msgs/include/px4_msgs/px4_msgs/msg/detail/longitudinal_control_configuration__type_support.c\n'}
[1.010060] (px4_msgs) StdoutLine: {'line': b'-- Up-to-date: /home/nicolas/ws_ros2/install/px4_msgs/include/px4_msgs/px4_msgs/msg/detail/generator_status__type_support.c\n'}
[1.010101] (px4_msgs) StdoutLine: {'line': b'-- Up-to-date: /home/nicolas/ws_ros2/install/px4_msgs/include/px4_msgs/px4_msgs/msg/detail/internal_combustion_engine_status__type_support.c\n'}
[1.010129] (px4_msgs) StdoutLine: {'line': b'-- Up-to-date: /home/nicolas/ws_ros2/install/px4_msgs/include/px4_msgs/px4_msgs/msg/detail/camera_trigger__rosidl_typesupport_introspection_c.h\n'}
[1.010157] (px4_msgs) StdoutLine: {'line': b'-- Up-to-date: /home/nicolas/ws_ros2/install/px4_msgs/include/px4_msgs/px4_msgs/msg/detail/open_drone_id_self_id__rosidl_typesupport_introspection_c.h\n'}
[1.010185] (px4_msgs) StdoutLine: {'line': b'-- Up-to-date: /home/nicolas/ws_ros2/install/px4_msgs/include/px4_msgs/px4_msgs/msg/detail/rpm__type_support.c\n'}
[1.010212] (px4_msgs) StdoutLine: {'line': b'-- Up-to-date: /home/nicolas/ws_ros2/install/px4_msgs/include/px4_msgs/px4_msgs/msg/detail/distance_sensor__type_support.c\n'}
[1.010248] (px4_msgs) StdoutLine: {'line': b'-- Up-to-date: /home/nicolas/ws_ros2/install/px4_msgs/include/px4_msgs/px4_msgs/msg/detail/pure_pursuit_status__rosidl_typesupport_introspection_c.h\n'}
[1.010276] (px4_msgs) StdoutLine: {'line': b'-- Up-to-date: /home/nicolas/ws_ros2/install/px4_msgs/include/px4_msgs/px4_msgs/msg/detail/log_message__type_support.c\n'}
[1.010303] (px4_msgs) StdoutLine: {'line': b'-- Up-to-date: /home/nicolas/ws_ros2/install/px4_msgs/include/px4_msgs/px4_msgs/msg/detail/rc_parameter_map__rosidl_typesupport_introspection_c.h\n'}
[1.010341] (px4_msgs) StdoutLine: {'line': b'-- Up-to-date: /home/nicolas/ws_ros2/install/px4_msgs/include/px4_msgs/px4_msgs/msg/detail/internal_combustion_engine_status__rosidl_typesupport_introspection_c.h\n'}
[1.010370] (px4_msgs) StdoutLine: {'line': b'-- Up-to-date: /home/nicolas/ws_ros2/install/px4_msgs/include/px4_msgs/px4_msgs/msg/detail/geofence_status__type_support.c\n'}
[1.010402] (px4_msgs) StdoutLine: {'line': b'-- Up-to-date: /home/nicolas/ws_ros2/install/px4_msgs/include/px4_msgs/px4_msgs/msg/detail/debug_value__type_support.c\n'}
[1.010440] (px4_msgs) StdoutLine: {'line': b'-- Up-to-date: /home/nicolas/ws_ros2/install/px4_msgs/include/px4_msgs/px4_msgs/msg/detail/sensor_uwb__type_support.c\n'}
[1.010471] (px4_msgs) StdoutLine: {'line': b'-- Up-to-date: /home/nicolas/ws_ros2/install/px4_msgs/include/px4_msgs/px4_msgs/msg/detail/power_monitor__type_support.c\n'}
[1.010498] (px4_msgs) StdoutLine: {'line': b'-- Up-to-date: /home/nicolas/ws_ros2/install/px4_msgs/include/px4_msgs/px4_msgs/msg/detail/camera_status__type_support.c\n'}
[1.010525] (px4_msgs) StdoutLine: {'line': b'-- Up-to-date: /home/nicolas/ws_ros2/install/px4_msgs/include/px4_msgs/px4_msgs/msg/detail/sensor_gyro_fifo__type_support.c\n'}
[1.010552] (px4_msgs) StdoutLine: {'line': b'-- Up-to-date: /home/nicolas/ws_ros2/install/px4_msgs/include/px4_msgs/px4_msgs/msg/detail/action_request__type_support.c\n'}
[1.010582] (px4_msgs) StdoutLine: {'line': b'-- Up-to-date: /home/nicolas/ws_ros2/install/px4_msgs/include/px4_msgs/px4_msgs/msg/detail/trajectory_setpoint__rosidl_typesupport_introspection_c.h\n'}
[1.010614] (px4_msgs) StdoutLine: {'line': b'-- Up-to-date: /home/nicolas/ws_ros2/install/px4_msgs/include/px4_msgs/px4_msgs/msg/detail/parameter_update__rosidl_typesupport_introspection_c.h\n'}
[1.010645] (px4_msgs) StdoutLine: {'line': b'-- Up-to-date: /home/nicolas/ws_ros2/install/px4_msgs/include/px4_msgs/px4_msgs/msg/detail/magnetometer_bias_estimate__type_support.c\n'}
[1.010676] (px4_msgs) StdoutLine: {'line': b'-- Up-to-date: /home/nicolas/ws_ros2/install/px4_msgs/include/px4_msgs/px4_msgs/msg/detail/failsafe_flags__rosidl_typesupport_introspection_c.h\n'}
[1.010706] (px4_msgs) StdoutLine: {'line': b'-- Up-to-date: /home/nicolas/ws_ros2/install/px4_msgs/include/px4_msgs/px4_msgs/msg/detail/qshell_retval__rosidl_typesupport_introspection_c.h\n'}
[1.010736] (px4_msgs) StdoutLine: {'line': b'-- Up-to-date: /home/nicolas/ws_ros2/install/px4_msgs/include/px4_msgs/px4_msgs/msg/detail/figure_eight_status__rosidl_typesupport_introspection_c.h\n'}
[1.010766] (px4_msgs) StdoutLine: {'line': b'-- Up-to-date: /home/nicolas/ws_ros2/install/px4_msgs/include/px4_msgs/px4_msgs/msg/detail/vehicle_land_detected__type_support.c\n'}
[1.010795] (px4_msgs) StdoutLine: {'line': b'-- Up-to-date: /home/nicolas/ws_ros2/install/px4_msgs/include/px4_msgs/px4_msgs/msg/detail/vehicle_imu__type_support.c\n'}
[1.010825] (px4_msgs) StdoutLine: {'line': b'-- Up-to-date: /home/nicolas/ws_ros2/install/px4_msgs/include/px4_msgs/px4_msgs/msg/detail/trajectory_setpoint__type_support.c\n'}
[1.010856] (px4_msgs) StdoutLine: {'line': b'-- Up-to-date: /home/nicolas/ws_ros2/install/px4_msgs/include/px4_msgs/px4_msgs/msg/detail/system_power__rosidl_typesupport_introspection_c.h\n'}
[1.010902] (px4_msgs) StdoutLine: {'line': b'-- Up-to-date: /home/nicolas/ws_ros2/install/px4_msgs/include/px4_msgs/px4_msgs/msg/detail/vehicle_status__rosidl_typesupport_introspection_c.h\n'}
[1.010935] (px4_msgs) StdoutLine: {'line': b'-- Up-to-date: /home/nicolas/ws_ros2/install/px4_msgs/include/px4_msgs/px4_msgs/msg/detail/orb_test_medium__rosidl_typesupport_introspection_c.h\n'}
[1.010963] (px4_msgs) StdoutLine: {'line': b'-- Up-to-date: /home/nicolas/ws_ros2/install/px4_msgs/include/px4_msgs/px4_msgs/msg/detail/event__rosidl_typesupport_introspection_c.h\n'}
[1.010991] (px4_msgs) StdoutLine: {'line': b'-- Up-to-date: /home/nicolas/ws_ros2/install/px4_msgs/include/px4_msgs/px4_msgs/msg/detail/sensor_hygrometer__rosidl_typesupport_introspection_c.h\n'}
[1.011023] (px4_msgs) StdoutLine: {'line': b'-- Up-to-date: /home/nicolas/ws_ros2/install/px4_msgs/include/px4_msgs/px4_msgs/msg/detail/estimator_status__rosidl_typesupport_introspection_c.h\n'}
[1.011053] (px4_msgs) StdoutLine: {'line': b'-- Up-to-date: /home/nicolas/ws_ros2/install/px4_msgs/include/px4_msgs/px4_msgs/msg/detail/wheel_encoders__type_support.c\n'}
[1.011093] (px4_msgs) StdoutLine: {'line': b'-- Up-to-date: /home/nicolas/ws_ros2/install/px4_msgs/include/px4_msgs/px4_msgs/msg/detail/mag_worker_data__rosidl_typesupport_introspection_c.h\n'}
[1.011124] (px4_msgs) StdoutLine: {'line': b'-- Up-to-date: /home/nicolas/ws_ros2/install/px4_msgs/include/px4_msgs/px4_msgs/msg/detail/sensor_gyro_fft__type_support.c\n'}
[1.011152] (px4_msgs) StdoutLine: {'line': b'-- Up-to-date: /home/nicolas/ws_ros2/install/px4_msgs/include/px4_msgs/px4_msgs/msg/detail/actuator_motors__rosidl_typesupport_introspection_c.h\n'}
[1.011179] (px4_msgs) StdoutLine: {'line': b'-- Up-to-date: /home/nicolas/ws_ros2/install/px4_msgs/include/px4_msgs/px4_msgs/msg/detail/ulog_stream_ack__rosidl_typesupport_introspection_c.h\n'}
[1.011207] (px4_msgs) StdoutLine: {'line': b'-- Up-to-date: /home/nicolas/ws_ros2/install/px4_msgs/include/px4_msgs/px4_msgs/msg/detail/estimator_sensor_bias__rosidl_typesupport_introspection_c.h\n'}
[1.011237] (px4_msgs) StdoutLine: {'line': b'-- Up-to-date: /home/nicolas/ws_ros2/install/px4_msgs/include/px4_msgs/px4_msgs/msg/detail/actuator_armed__type_support.c\n'}
[1.011267] (px4_msgs) StdoutLine: {'line': b'-- Up-to-date: /home/nicolas/ws_ros2/install/px4_msgs/include/px4_msgs/px4_msgs/msg/detail/figure_eight_status__type_support.c\n'}
[1.011296] (px4_msgs) StdoutLine: {'line': b'-- Up-to-date: /home/nicolas/ws_ros2/install/px4_msgs/include/px4_msgs/px4_msgs/msg/detail/ping__rosidl_typesupport_introspection_c.h\n'}
[1.011327] (px4_msgs) StdoutLine: {'line': b'-- Up-to-date: /home/nicolas/ws_ros2/install/px4_msgs/include/px4_msgs/px4_msgs/msg/detail/vehicle_command_ack__type_support.c\n'}
[1.011356] (px4_msgs) StdoutLine: {'line': b'-- Up-to-date: /home/nicolas/ws_ros2/install/px4_msgs/include/px4_msgs/px4_msgs/msg/detail/button_event__rosidl_typesupport_introspection_c.h\n'}
[1.011387] (px4_msgs) StdoutLine: {'line': b'-- Up-to-date: /home/nicolas/ws_ros2/install/px4_msgs/include/px4_msgs/px4_msgs/msg/detail/failsafe_flags__type_support.c\n'}
[1.011416] (px4_msgs) StdoutLine: {'line': b'-- Up-to-date: /home/nicolas/ws_ros2/install/px4_msgs/include/px4_msgs/px4_msgs/msg/detail/orb_test__type_support.c\n'}
[1.011453] (px4_msgs) StdoutLine: {'line': b'-- Up-to-date: /home/nicolas/ws_ros2/install/px4_msgs/include/px4_msgs/px4_msgs/msg/detail/rtl_time_estimate__type_support.c\n'}
[1.011483] (px4_msgs) StdoutLine: {'line': b'-- Up-to-date: /home/nicolas/ws_ros2/install/px4_msgs/include/px4_msgs/px4_msgs/msg/detail/mag_worker_data__type_support.c\n'}
[1.011512] (px4_msgs) StdoutLine: {'line': b'-- Up-to-date: /home/nicolas/ws_ros2/install/px4_msgs/include/px4_msgs/px4_msgs/msg/detail/input_rc__rosidl_typesupport_introspection_c.h\n'}
[1.011542] (px4_msgs) StdoutLine: {'line': b'-- Up-to-date: /home/nicolas/ws_ros2/install/px4_msgs/include/px4_msgs/px4_msgs/msg/detail/internal_combustion_engine_control__type_support.c\n'}
[1.011573] (px4_msgs) StdoutLine: {'line': b'-- Up-to-date: /home/nicolas/ws_ros2/install/px4_msgs/include/px4_msgs/px4_msgs/msg/detail/estimator_status_flags__type_support.c\n'}
[1.011603] (px4_msgs) StdoutLine: {'line': b'-- Up-to-date: /home/nicolas/ws_ros2/install/px4_msgs/include/px4_msgs/px4_msgs/msg/detail/flight_phase_estimation__type_support.c\n'}
[1.011633] (px4_msgs) StdoutLine: {'line': b'-- Up-to-date: /home/nicolas/ws_ros2/install/px4_msgs/include/px4_msgs/px4_msgs/msg/detail/timesync_status__rosidl_typesupport_introspection_c.h\n'}
[1.011663] (px4_msgs) StdoutLine: {'line': b'-- Up-to-date: /home/nicolas/ws_ros2/install/px4_msgs/include/px4_msgs/px4_msgs/msg/detail/esc_report__type_support.c\n'}
[1.011693] (px4_msgs) StdoutLine: {'line': b'-- Up-to-date: /home/nicolas/ws_ros2/install/px4_msgs/include/px4_msgs/px4_msgs/msg/detail/open_drone_id_system__type_support.c\n'}
[1.011723] (px4_msgs) StdoutLine: {'line': b'-- Up-to-date: /home/nicolas/ws_ros2/install/px4_msgs/include/px4_msgs/px4_msgs/msg/detail/actuator_servos__type_support.c\n'}
[1.011752] (px4_msgs) StdoutLine: {'line': b'-- Up-to-date: /home/nicolas/ws_ros2/install/px4_msgs/include/px4_msgs/px4_msgs/msg/detail/rover_rate_status__type_support.c\n'}
[1.011795] (px4_msgs) StdoutLine: {'line': b'-- Up-to-date: /home/nicolas/ws_ros2/install/px4_msgs/include/px4_msgs/px4_msgs/msg/detail/fuel_tank_status__rosidl_typesupport_introspection_c.h\n'}
[1.011826] (px4_msgs) StdoutLine: {'line': b'-- Up-to-date: /home/nicolas/ws_ros2/install/px4_msgs/include/px4_msgs/px4_msgs/msg/detail/log_message__rosidl_typesupport_introspection_c.h\n'}
[1.011859] (px4_msgs) StdoutLine: {'line': b'-- Up-to-date: /home/nicolas/ws_ros2/install/px4_msgs/include/px4_msgs/px4_msgs/msg/detail/parameter_update__type_support.c\n'}
[1.011886] (px4_msgs) StdoutLine: {'line': b'-- Up-to-date: /home/nicolas/ws_ros2/install/px4_msgs/include/px4_msgs/px4_msgs/msg/detail/debug_value__rosidl_typesupport_introspection_c.h\n'}
[1.011922] (px4_msgs) StdoutLine: {'line': b'-- Up-to-date: /home/nicolas/ws_ros2/install/px4_msgs/include/px4_msgs/px4_msgs/msg/detail/fixed_wing_runway_control__type_support.c\n'}
[1.011949] (px4_msgs) StdoutLine: {'line': b'-- Up-to-date: /home/nicolas/ws_ros2/install/px4_msgs/include/px4_msgs/px4_msgs/msg/detail/message_format_request__rosidl_typesupport_introspection_c.h\n'}
[1.011976] (px4_msgs) StdoutLine: {'line': b'-- Up-to-date: /home/nicolas/ws_ros2/install/px4_msgs/include/px4_msgs/px4_msgs/msg/detail/estimator_status_flags__rosidl_typesupport_introspection_c.h\n'}
[1.012006] (px4_msgs) StdoutLine: {'line': b'-- Up-to-date: /home/nicolas/ws_ros2/install/px4_msgs/include/px4_msgs/px4_msgs/msg/detail/esc_status__rosidl_typesupport_introspection_c.h\n'}
[1.012036] (px4_msgs) StdoutLine: {'line': b'-- Up-to-date: /home/nicolas/ws_ros2/install/px4_msgs/include/px4_msgs/px4_msgs/msg/detail/rover_rate_setpoint__type_support.c\n'}
[1.012068] (px4_msgs) StdoutLine: {'line': b'-- Up-to-date: /home/nicolas/ws_ros2/install/px4_msgs/include/px4_msgs/px4_msgs/msg/detail/uavcan_parameter_value__type_support.c\n'}
[1.012098] (px4_msgs) StdoutLine: {'line': b'-- Up-to-date: /home/nicolas/ws_ros2/install/px4_msgs/include/px4_msgs/px4_msgs/msg/detail/orb_test_large__rosidl_typesupport_introspection_c.h\n'}
[1.012128] (px4_msgs) StdoutLine: {'line': b'-- Up-to-date: /home/nicolas/ws_ros2/install/px4_msgs/include/px4_msgs/px4_msgs/msg/detail/sensor_gps__type_support.c\n'}
[1.012158] (px4_msgs) StdoutLine: {'line': b'-- Up-to-date: /home/nicolas/ws_ros2/install/px4_msgs/include/px4_msgs/px4_msgs/msg/detail/cellular_status__type_support.c\n'}
[1.012188] (px4_msgs) StdoutLine: {'line': b'-- Up-to-date: /home/nicolas/ws_ros2/install/px4_msgs/include/px4_msgs/px4_msgs/msg/detail/vehicle_torque_setpoint__rosidl_typesupport_introspection_c.h\n'}
[1.012217] (px4_msgs) StdoutLine: {'line': b'-- Up-to-date: /home/nicolas/ws_ros2/install/px4_msgs/include/px4_msgs/px4_msgs/msg/detail/transponder_report__rosidl_typesupport_introspection_c.h\n'}
[1.012247] (px4_msgs) StdoutLine: {'line': b'-- Up-to-date: /home/nicolas/ws_ros2/install/px4_msgs/include/px4_msgs/px4_msgs/msg/detail/navigator_mission_item__type_support.c\n'}
[1.012291] (px4_msgs) StdoutLine: {'line': b'-- Up-to-date: /home/nicolas/ws_ros2/install/px4_msgs/include/px4_msgs/px4_msgs/msg/detail/airspeed_wind__rosidl_typesupport_introspection_c.h\n'}
[1.012322] (px4_msgs) StdoutLine: {'line': b'-- Up-to-date: /home/nicolas/ws_ros2/install/px4_msgs/include/px4_msgs/px4_msgs/msg/detail/vehicle_acceleration__type_support.c\n'}
[1.012352] (px4_msgs) StdoutLine: {'line': b'-- Up-to-date: /home/nicolas/ws_ros2/install/px4_msgs/include/px4_msgs/px4_msgs/msg/detail/estimator_sensor_bias__type_support.c\n'}
[1.012382] (px4_msgs) StdoutLine: {'line': b'-- Up-to-date: /home/nicolas/ws_ros2/install/px4_msgs/include/px4_msgs/px4_msgs/msg/detail/gimbal_device_set_attitude__type_support.c\n'}
[1.012412] (px4_msgs) StdoutLine: {'line': b'-- Up-to-date: /home/nicolas/ws_ros2/install/px4_msgs/include/px4_msgs/px4_msgs/msg/detail/vehicle_angular_velocity__type_support.c\n'}
[1.012448] (px4_msgs) StdoutLine: {'line': b'-- Up-to-date: /home/nicolas/ws_ros2/install/px4_msgs/include/px4_msgs/px4_msgs/msg/detail/vehicle_optical_flow__type_support.c\n'}
[1.012480] (px4_msgs) StdoutLine: {'line': b'-- Up-to-date: /home/nicolas/ws_ros2/install/px4_msgs/include/px4_msgs/px4_msgs/msg/detail/gimbal_device_information__rosidl_typesupport_introspection_c.h\n'}
[1.012523] (px4_msgs) StdoutLine: {'line': b'-- Up-to-date: /home/nicolas/ws_ros2/install/px4_msgs/include/px4_msgs/px4_msgs/msg/detail/cellular_status__rosidl_typesupport_introspection_c.h\n'}
[1.012551] (px4_msgs) StdoutLine: {'line': b'-- Up-to-date: /home/nicolas/ws_ros2/install/px4_msgs/include/px4_msgs/px4_msgs/msg/detail/parameter_reset_request__type_support.c\n'}
[1.012579] (px4_msgs) StdoutLine: {'line': b'-- Up-to-date: /home/nicolas/ws_ros2/install/px4_msgs/include/px4_msgs/px4_msgs/msg/detail/vehicle_roi__rosidl_typesupport_introspection_c.h\n'}
[1.012606] (px4_msgs) StdoutLine: {'line': b'-- Up-to-date: /home/nicolas/ws_ros2/install/px4_msgs/include/px4_msgs/px4_msgs/msg/detail/actuator_outputs__type_support.c\n'}
[1.012633] (px4_msgs) StdoutLine: {'line': b'-- Up-to-date: /home/nicolas/ws_ros2/install/px4_msgs/include/px4_msgs/px4_msgs/msg/detail/trajectory_setpoint6dof__type_support.c\n'}
[1.012663] (px4_msgs) StdoutLine: {'line': b'-- Up-to-date: /home/nicolas/ws_ros2/install/px4_msgs/include/px4_msgs/px4_msgs/msg/detail/register_ext_component_request__rosidl_typesupport_introspection_c.h\n'}
[1.012693] (px4_msgs) StdoutLine: {'line': b'-- Up-to-date: /home/nicolas/ws_ros2/install/px4_msgs/include/px4_msgs/px4_msgs/msg/detail/ekf2_timestamps__rosidl_typesupport_introspection_c.h\n'}
[1.012724] (px4_msgs) StdoutLine: {'line': b'-- Up-to-date: /home/nicolas/ws_ros2/install/px4_msgs/include/px4_msgs/px4_msgs/msg/detail/autotune_attitude_control_status__rosidl_typesupport_introspection_c.h\n'}
[1.012754] (px4_msgs) StdoutLine: {'line': b'-- Up-to-date: /home/nicolas/ws_ros2/install/px4_msgs/include/px4_msgs/px4_msgs/msg/detail/velocity_limits__type_support.c\n'}
[1.012795] (px4_msgs) StdoutLine: {'line': b'-- Up-to-date: /home/nicolas/ws_ros2/install/px4_msgs/include/px4_msgs/px4_msgs/msg/detail/position_controller_landing_status__type_support.c\n'}
[1.012822] (px4_msgs) StdoutLine: {'line': b'-- Up-to-date: /home/nicolas/ws_ros2/install/px4_msgs/include/px4_msgs/px4_msgs/msg/detail/estimator_aid_source1d__rosidl_typesupport_introspection_c.h\n'}
[1.012850] (px4_msgs) StdoutLine: {'line': b'-- Up-to-date: /home/nicolas/ws_ros2/install/px4_msgs/include/px4_msgs/px4_msgs/msg/detail/sensor_combined__rosidl_typesupport_introspection_c.h\n'}
[1.012879] (px4_msgs) StdoutLine: {'line': b'-- Up-to-date: /home/nicolas/ws_ros2/install/px4_msgs/include/px4_msgs/px4_msgs/msg/detail/cpuload__rosidl_typesupport_introspection_c.h\n'}
[1.012908] (px4_msgs) StdoutLine: {'line': b'-- Up-to-date: /home/nicolas/ws_ros2/install/px4_msgs/include/px4_msgs/px4_msgs/msg/detail/camera_trigger__type_support.c\n'}
[1.012939] (px4_msgs) StdoutLine: {'line': b'-- Up-to-date: /home/nicolas/ws_ros2/install/px4_msgs/include/px4_msgs/px4_msgs/msg/detail/sensor_uwb__rosidl_typesupport_introspection_c.h\n'}
[1.012969] (px4_msgs) StdoutLine: {'line': b'-- Up-to-date: /home/nicolas/ws_ros2/install/px4_msgs/include/px4_msgs/px4_msgs/msg/detail/dataman_response__rosidl_typesupport_introspection_c.h\n'}
[1.013000] (px4_msgs) StdoutLine: {'line': b'-- Up-to-date: /home/nicolas/ws_ros2/install/px4_msgs/include/px4_msgs/px4_msgs/msg/detail/navigator_status__type_support.c\n'}
[1.013030] (px4_msgs) StdoutLine: {'line': b'-- Up-to-date: /home/nicolas/ws_ros2/install/px4_msgs/include/px4_msgs/px4_msgs/msg/detail/takeoff_status__type_support.c\n'}
[1.013061] (px4_msgs) StdoutLine: {'line': b'-- Up-to-date: /home/nicolas/ws_ros2/install/px4_msgs/include/px4_msgs/px4_msgs/msg/detail/sensors_status__rosidl_typesupport_introspection_c.h\n'}
[1.013098] (px4_msgs) StdoutLine: {'line': b'-- Up-to-date: /home/nicolas/ws_ros2/install/px4_msgs/include/px4_msgs/px4_msgs/msg/detail/vehicle_command__rosidl_typesupport_introspection_c.h\n'}
[1.013129] (px4_msgs) StdoutLine: {'line': b'-- Up-to-date: /home/nicolas/ws_ros2/install/px4_msgs/include/px4_msgs/px4_msgs/msg/detail/vehicle_acceleration__rosidl_typesupport_introspection_c.h\n'}
[1.013158] (px4_msgs) StdoutLine: {'line': b'-- Up-to-date: /home/nicolas/ws_ros2/install/px4_msgs/include/px4_msgs/px4_msgs/msg/detail/gimbal_manager_status__rosidl_typesupport_introspection_c.h\n'}
[1.013224] (px4_msgs) StdoutLine: {'line': b'-- Up-to-date: /home/nicolas/ws_ros2/install/px4_msgs/include/px4_msgs/px4_msgs/msg/detail/irlock_report__rosidl_typesupport_introspection_c.h\n'}
[1.013251] (px4_msgs) StdoutLine: {'line': b'-- Up-to-date: /home/nicolas/ws_ros2/install/px4_msgs/include/px4_msgs/px4_msgs/msg/detail/vehicle_command_ack__rosidl_typesupport_introspection_c.h\n'}
[1.013278] (px4_msgs) StdoutLine: {'line': b'-- Up-to-date: /home/nicolas/ws_ros2/install/px4_msgs/include/px4_msgs/px4_msgs/msg/detail/vehicle_constraints__rosidl_typesupport_introspection_c.h\n'}
[1.013306] (px4_msgs) StdoutLine: {'line': b'-- Up-to-date: /home/nicolas/ws_ros2/install/px4_msgs/include/px4_msgs/px4_msgs/msg/detail/vehicle_odometry__type_support.c\n'}
[1.013335] (px4_msgs) StdoutLine: {'line': b'-- Up-to-date: /home/nicolas/ws_ros2/install/px4_msgs/include/px4_msgs/px4_msgs/msg/detail/manual_control_setpoint__type_support.c\n'}
[1.013365] (px4_msgs) StdoutLine: {'line': b'-- Up-to-date: /home/nicolas/ws_ros2/install/px4_msgs/include/px4_msgs/px4_msgs/msg/detail/sensor_gyro__rosidl_typesupport_introspection_c.h\n'}
[1.013395] (px4_msgs) StdoutLine: {'line': b'-- Up-to-date: /home/nicolas/ws_ros2/install/px4_msgs/include/px4_msgs/px4_msgs/msg/detail/message_format_request__type_support.c\n'}
[1.013424] (px4_msgs) StdoutLine: {'line': b'-- Up-to-date: /home/nicolas/ws_ros2/install/px4_msgs/include/px4_msgs/px4_msgs/msg/detail/parameter_set_used_request__rosidl_typesupport_introspection_c.h\n'}
[1.013469] (px4_msgs) StdoutLine: {'line': b'-- Up-to-date: /home/nicolas/ws_ros2/install/px4_msgs/include/px4_msgs/px4_msgs/msg/detail/normalized_unsigned_setpoint__type_support.c\n'}
[1.013499] (px4_msgs) StdoutLine: {'line': b'-- Up-to-date: /home/nicolas/ws_ros2/install/px4_msgs/include/px4_msgs/px4_msgs/msg/detail/rc_channels__rosidl_typesupport_introspection_c.h\n'}
[1.013532] (px4_msgs) StdoutLine: {'line': b'-- Up-to-date: /home/nicolas/ws_ros2/install/px4_msgs/include/px4_msgs/px4_msgs/msg/detail/actuator_test__rosidl_typesupport_introspection_c.h\n'}
[1.013562] (px4_msgs) StdoutLine: {'line': b'-- Up-to-date: /home/nicolas/ws_ros2/install/px4_msgs/include/px4_msgs/px4_msgs/msg/detail/gimbal_controls__rosidl_typesupport_introspection_c.h\n'}
[1.013592] (px4_msgs) StdoutLine: {'line': b'-- Up-to-date: /home/nicolas/ws_ros2/install/px4_msgs/include/px4_msgs/px4_msgs/msg/detail/arming_check_request__type_support.c\n'}
[1.013619] (px4_msgs) StdoutLine: {'line': b'-- Up-to-date: /home/nicolas/ws_ros2/install/px4_msgs/include/px4_msgs/px4_msgs/msg/detail/pwm_input__rosidl_typesupport_introspection_c.h\n'}
[1.013647] (px4_msgs) StdoutLine: {'line': b'-- Up-to-date: /home/nicolas/ws_ros2/install/px4_msgs/include/px4_msgs/px4_msgs/msg/detail/tiltrotor_extra_controls__type_support.c\n'}
[1.013678] (px4_msgs) StdoutLine: {'line': b'-- Up-to-date: /home/nicolas/ws_ros2/install/px4_msgs/include/px4_msgs/px4_msgs/msg/detail/sensors_status__type_support.c\n'}
[1.013718] (px4_msgs) StdoutLine: {'line': b'-- Up-to-date: /home/nicolas/ws_ros2/install/px4_msgs/include/px4_msgs/px4_msgs/msg/detail/camera_status__rosidl_typesupport_introspection_c.h\n'}
[1.013747] (px4_msgs) StdoutLine: {'line': b'-- Up-to-date: /home/nicolas/ws_ros2/install/px4_msgs/include/px4_msgs/px4_msgs/msg/detail/dataman_response__type_support.c\n'}
[1.013775] (px4_msgs) StdoutLine: {'line': b'-- Up-to-date: /home/nicolas/ws_ros2/install/px4_msgs/include/px4_msgs/px4_msgs/msg/detail/actuator_servos_trim__rosidl_typesupport_introspection_c.h\n'}
[1.013804] (px4_msgs) StdoutLine: {'line': b'-- Up-to-date: /home/nicolas/ws_ros2/install/px4_msgs/include/px4_msgs/px4_msgs/msg/detail/differential_pressure__rosidl_typesupport_introspection_c.h\n'}
[1.013832] (px4_msgs) StdoutLine: {'line': b'-- Up-to-date: /home/nicolas/ws_ros2/install/px4_msgs/include/px4_msgs/px4_msgs/msg/detail/radio_status__rosidl_typesupport_introspection_c.h\n'}
[1.013859] (px4_msgs) StdoutLine: {'line': b'-- Up-to-date: /home/nicolas/ws_ros2/install/px4_msgs/include/px4_msgs/px4_msgs/msg/detail/actuator_test__type_support.c\n'}
[1.013897] (px4_msgs) StdoutLine: {'line': b'-- Up-to-date: /home/nicolas/ws_ros2/install/px4_msgs/include/px4_msgs/px4_msgs/msg/detail/pure_pursuit_status__type_support.c\n'}
[1.013925] (px4_msgs) StdoutLine: {'line': b'-- Up-to-date: /home/nicolas/ws_ros2/install/px4_msgs/include/px4_msgs/px4_msgs/msg/detail/estimator_status__type_support.c\n'}
[1.013952] (px4_msgs) StdoutLine: {'line': b'-- Up-to-date: /home/nicolas/ws_ros2/install/px4_msgs/include/px4_msgs/px4_msgs/msg/detail/position_setpoint__type_support.c\n'}
[1.013981] (px4_msgs) StdoutLine: {'line': b'-- Up-to-date: /home/nicolas/ws_ros2/install/px4_msgs/include/px4_msgs/px4_msgs/msg/detail/sensor_baro__rosidl_typesupport_introspection_c.h\n'}
[1.014010] (px4_msgs) StdoutLine: {'line': b'-- Up-to-date: /home/nicolas/ws_ros2/install/px4_msgs/include/px4_msgs/px4_msgs/msg/detail/mount_orientation__type_support.c\n'}
[1.014038] (px4_msgs) StdoutLine: {'line': b'-- Up-to-date: /home/nicolas/ws_ros2/install/px4_msgs/include/px4_msgs/px4_msgs/msg/detail/iridiumsbd_status__type_support.c\n'}
[1.014067] (px4_msgs) StdoutLine: {'line': b'-- Up-to-date: /home/nicolas/ws_ros2/install/px4_msgs/include/px4_msgs/px4_msgs/msg/detail/actuator_controls_status__rosidl_typesupport_introspection_c.h\n'}
[1.014098] (px4_msgs) StdoutLine: {'line': b'-- Up-to-date: /home/nicolas/ws_ros2/install/px4_msgs/include/px4_msgs/px4_msgs/msg/detail/radio_status__type_support.c\n'}
[1.014142] (px4_msgs) StdoutLine: {'line': b'-- Up-to-date: /home/nicolas/ws_ros2/install/px4_msgs/include/px4_msgs/px4_msgs/msg/detail/adc_report__rosidl_typesupport_introspection_c.h\n'}
[1.014173] (px4_msgs) StdoutLine: {'line': b'-- Up-to-date: /home/nicolas/ws_ros2/install/px4_msgs/include/px4_msgs/px4_msgs/msg/detail/sensor_correction__type_support.c\n'}
[1.014204] (px4_msgs) StdoutLine: {'line': b'-- Up-to-date: /home/nicolas/ws_ros2/install/px4_msgs/include/px4_msgs/px4_msgs/msg/detail/vehicle_torque_setpoint__type_support.c\n'}
[1.014235] (px4_msgs) StdoutLine: {'line': b'-- Up-to-date: /home/nicolas/ws_ros2/install/px4_msgs/include/px4_msgs/px4_msgs/msg/detail/mavlink_tunnel__type_support.c\n'}
[1.014265] (px4_msgs) StdoutLine: {'line': b'-- Up-to-date: /home/nicolas/ws_ros2/install/px4_msgs/include/px4_msgs/px4_msgs/msg/detail/vtol_vehicle_status__type_support.c\n'}
[1.014295] (px4_msgs) StdoutLine: {'line': b'-- Up-to-date: /home/nicolas/ws_ros2/install/px4_msgs/include/px4_msgs/px4_msgs/msg/detail/iridiumsbd_status__rosidl_typesupport_introspection_c.h\n'}
[1.014333] (px4_msgs) StdoutLine: {'line': b'-- Up-to-date: /home/nicolas/ws_ros2/install/px4_msgs/include/px4_msgs/px4_msgs/msg/detail/gripper__rosidl_typesupport_introspection_c.h\n'}
[1.014373] (px4_msgs) StdoutLine: {'line': b'-- Up-to-date: /home/nicolas/ws_ros2/install/px4_msgs/include/px4_msgs/px4_msgs/msg/detail/health_report__type_support.c\n'}
[1.014410] (px4_msgs) StdoutLine: {'line': b'-- Up-to-date: /home/nicolas/ws_ros2/install/px4_msgs/include/px4_msgs/px4_msgs/msg/detail/estimator_aid_source2d__rosidl_typesupport_introspection_c.h\n'}
[1.014463] (px4_msgs) StdoutLine: {'line': b'-- Up-to-date: /home/nicolas/ws_ros2/install/px4_msgs/include/px4_msgs/px4_msgs/msg/detail/gimbal_manager_information__rosidl_typesupport_introspection_c.h\n'}
[1.014493] (px4_msgs) StdoutLine: {'line': b'-- Up-to-date: /home/nicolas/ws_ros2/install/px4_msgs/include/px4_msgs/px4_msgs/msg/detail/vehicle_angular_velocity__rosidl_typesupport_introspection_c.h\n'}
[1.014526] (px4_msgs) StdoutLine: {'line': b'-- Up-to-date: /home/nicolas/ws_ros2/install/px4_msgs/include/px4_msgs/px4_msgs/msg/detail/power_monitor__rosidl_typesupport_introspection_c.h\n'}
[1.014556] (px4_msgs) StdoutLine: {'line': b'-- Up-to-date: /home/nicolas/ws_ros2/install/px4_msgs/include/px4_msgs/px4_msgs/msg/detail/led_control__rosidl_typesupport_introspection_c.h\n'}
[1.014594] (px4_msgs) StdoutLine: {'line': b'-- Up-to-date: /home/nicolas/ws_ros2/install/px4_msgs/include/px4_msgs/px4_msgs/msg/detail/airspeed_wind__type_support.c\n'}
[1.014639] (px4_msgs) StdoutLine: {'line': b'-- Up-to-date: /home/nicolas/ws_ros2/install/px4_msgs/include/px4_msgs/px4_msgs/msg/detail/velocity_limits__rosidl_typesupport_introspection_c.h\n'}
[1.014677] (px4_msgs) StdoutLine: {'line': b'-- Up-to-date: /home/nicolas/ws_ros2/install/px4_msgs/include/px4_msgs/px4_msgs/msg/detail/estimator_aid_source1d__type_support.c\n'}
[1.014723] (px4_msgs) StdoutLine: {'line': b'-- Up-to-date: /home/nicolas/ws_ros2/install/px4_msgs/include/px4_msgs/px4_msgs/msg/detail/vehicle_imu_status__type_support.c\n'}
[1.014892] (px4_msgs) StdoutLine: {'line': b'-- Up-to-date: /home/nicolas/ws_ros2/install/px4_msgs/include/px4_msgs/px4_msgs/msg/detail/vehicle_command__type_support.c\n'}
[1.014944] (px4_msgs) StdoutLine: {'line': b'-- Up-to-date: /home/nicolas/ws_ros2/install/px4_msgs/include/px4_msgs/px4_msgs/msg/detail/landing_gear__rosidl_typesupport_introspection_c.h\n'}
[1.014979] (px4_msgs) StdoutLine: {'line': b'-- Up-to-date: /home/nicolas/ws_ros2/install/px4_msgs/include/px4_msgs/px4_msgs/msg/detail/gps_dump__type_support.c\n'}
[1.015011] (px4_msgs) StdoutLine: {'line': b'-- Up-to-date: /home/nicolas/ws_ros2/install/px4_msgs/include/px4_msgs/px4_msgs/msg/detail/open_drone_id_system__rosidl_typesupport_introspection_c.h\n'}
[1.015045] (px4_msgs) StdoutLine: {'line': b'-- Up-to-date: /home/nicolas/ws_ros2/install/px4_msgs/include/px4_msgs/px4_msgs/msg/detail/neural_control__type_support.c\n'}
[1.015082] (px4_msgs) StdoutLine: {'line': b'-- Up-to-date: /home/nicolas/ws_ros2/install/px4_msgs/include/px4_msgs/px4_msgs/msg/detail/orb_test__rosidl_typesupport_introspection_c.h\n'}
[1.015127] (px4_msgs) StdoutLine: {'line': b'-- Up-to-date: /home/nicolas/ws_ros2/install/px4_msgs/include/px4_msgs/px4_msgs/msg/detail/sensor_selection__type_support.c\n'}
[1.015162] (px4_msgs) StdoutLine: {'line': b'-- Up-to-date: /home/nicolas/ws_ros2/install/px4_msgs/include/px4_msgs/px4_msgs/msg/detail/fixed_wing_longitudinal_setpoint__type_support.c\n'}
[1.015195] (px4_msgs) StdoutLine: {'line': b'-- Up-to-date: /home/nicolas/ws_ros2/install/px4_msgs/include/px4_msgs/px4_msgs/msg/detail/vehicle_local_position__rosidl_typesupport_introspection_c.h\n'}
[1.015227] (px4_msgs) StdoutLine: {'line': b'-- Up-to-date: /home/nicolas/ws_ros2/install/px4_msgs/include/px4_msgs/px4_msgs/msg/detail/fixed_wing_lateral_setpoint__type_support.c\n'}
[1.015274] (px4_msgs) StdoutLine: {'line': b'-- Up-to-date: /home/nicolas/ws_ros2/install/px4_msgs/include/px4_msgs/px4_msgs/msg/detail/landing_target_innovations__rosidl_typesupport_introspection_c.h\n'}
[1.015325] (px4_msgs) StdoutLine: {'line': b'-- Up-to-date: /home/nicolas/ws_ros2/install/px4_msgs/include/px4_msgs/px4_msgs/msg/detail/system_power__type_support.c\n'}
[1.015357] (px4_msgs) StdoutLine: {'line': b'-- Up-to-date: /home/nicolas/ws_ros2/install/px4_msgs/include/px4_msgs/px4_msgs/msg/detail/control_allocator_status__rosidl_typesupport_introspection_c.h\n'}
[1.015396] (px4_msgs) StdoutLine: {'line': b'-- Up-to-date: /home/nicolas/ws_ros2/install/px4_msgs/include/px4_msgs/px4_msgs/msg/detail/parameter_set_used_request__type_support.c\n'}
[1.015434] (px4_msgs) StdoutLine: {'line': b'-- Up-to-date: /home/nicolas/ws_ros2/install/px4_msgs/include/px4_msgs/px4_msgs/msg/detail/config_overrides__rosidl_typesupport_introspection_c.h\n'}
[1.015468] (px4_msgs) StdoutLine: {'line': b'-- Up-to-date: /home/nicolas/ws_ros2/install/px4_msgs/include/px4_msgs/px4_msgs/msg/detail/estimator_aid_source3d__type_support.c\n'}
[1.015498] (px4_msgs) StdoutLine: {'line': b'-- Up-to-date: /home/nicolas/ws_ros2/install/px4_msgs/include/px4_msgs/px4_msgs/msg/detail/wheel_encoders__rosidl_typesupport_introspection_c.h\n'}
[1.015533] (px4_msgs) StdoutLine: {'line': b'-- Up-to-date: /home/nicolas/ws_ros2/install/px4_msgs/include/px4_msgs/px4_msgs/msg/detail/esc_report__rosidl_typesupport_introspection_c.h\n'}
[1.015563] (px4_msgs) StdoutLine: {'line': b'-- Up-to-date: /home/nicolas/ws_ros2/install/px4_msgs/include/px4_msgs/px4_msgs/msg/detail/offboard_control_mode__type_support.c\n'}
[1.015599] (px4_msgs) StdoutLine: {'line': b'-- Up-to-date: /home/nicolas/ws_ros2/install/px4_msgs/include/px4_msgs/px4_msgs/msg/detail/health_report__rosidl_typesupport_introspection_c.h\n'}
[1.015629] (px4_msgs) StdoutLine: {'line': b'-- Up-to-date: /home/nicolas/ws_ros2/install/px4_msgs/include/px4_msgs/px4_msgs/msg/detail/follow_target__rosidl_typesupport_introspection_c.h\n'}
[1.015659] (px4_msgs) StdoutLine: {'line': b'-- Up-to-date: /home/nicolas/ws_ros2/install/px4_msgs/include/px4_msgs/px4_msgs/msg/detail/task_stack_info__rosidl_typesupport_introspection_c.h\n'}
[1.015687] (px4_msgs) StdoutLine: {'line': b'-- Up-to-date: /home/nicolas/ws_ros2/install/px4_msgs/include/px4_msgs/px4_msgs/msg/detail/rtl_status__rosidl_typesupport_introspection_c.h\n'}
[1.015731] (px4_msgs) StdoutLine: {'line': b'-- Up-to-date: /home/nicolas/ws_ros2/install/px4_msgs/include/px4_msgs/px4_msgs/msg/detail/uavcan_parameter_value__rosidl_typesupport_introspection_c.h\n'}
[1.015772] (px4_msgs) StdoutLine: {'line': b'-- Up-to-date: /home/nicolas/ws_ros2/install/px4_msgs/include/px4_msgs/px4_msgs/msg/detail/gimbal_manager_set_attitude__rosidl_typesupport_introspection_c.h\n'}
[1.015814] (px4_msgs) StdoutLine: {'line': b'-- Up-to-date: /home/nicolas/ws_ros2/install/px4_msgs/include/px4_msgs/px4_msgs/msg/detail/sensor_accel__type_support.c\n'}
[1.015860] (px4_msgs) StdoutLine: {'line': b'-- Up-to-date: /home/nicolas/ws_ros2/install/px4_msgs/include/px4_msgs/px4_msgs/msg/detail/mavlink_log__type_support.c\n'}
[1.015910] (px4_msgs) StdoutLine: {'line': b'-- Up-to-date: /home/nicolas/ws_ros2/install/px4_msgs/include/px4_msgs/px4_msgs/msg/detail/camera_capture__rosidl_typesupport_introspection_c.h\n'}
[1.015953] (px4_msgs) StdoutLine: {'line': b'-- Up-to-date: /home/nicolas/ws_ros2/install/px4_msgs/include/px4_msgs/px4_msgs/msg/detail/parameter_set_value_response__type_support.c\n'}
[1.015997] (px4_msgs) StdoutLine: {'line': b'-- Up-to-date: /home/nicolas/ws_ros2/install/px4_msgs/include/px4_msgs/px4_msgs/msg/detail/vehicle_thrust_setpoint__rosidl_typesupport_introspection_c.h\n'}
[1.016034] (px4_msgs) StdoutLine: {'line': b'-- Up-to-date: /home/nicolas/ws_ros2/install/px4_msgs/include/px4_msgs/px4_msgs/msg/detail/sensor_mag__rosidl_typesupport_introspection_c.h\n'}
[1.016063] (px4_msgs) StdoutLine: {'line': b'-- Up-to-date: /home/nicolas/ws_ros2/install/px4_msgs/include/px4_msgs/px4_msgs/msg/detail/rover_speed_setpoint__rosidl_typesupport_introspection_c.h\n'}
[1.016095] (px4_msgs) StdoutLine: {'line': b'-- Up-to-date: /home/nicolas/ws_ros2/install/px4_msgs/include/px4_msgs/px4_msgs/msg/detail/vehicle_status__type_support.c\n'}
[1.016124] (px4_msgs) StdoutLine: {'line': b'-- Up-to-date: /home/nicolas/ws_ros2/install/px4_msgs/include/px4_msgs/px4_msgs/msg/detail/gimbal_manager_set_attitude__type_support.c\n'}
[1.016161] (px4_msgs) StdoutLine: {'line': b'-- Up-to-date: /home/nicolas/ws_ros2/install/px4_msgs/include/px4_msgs/px4_msgs/msg/detail/px4io_status__rosidl_typesupport_introspection_c.h\n'}
[1.016306] (px4_msgs) StdoutLine: {'line': b'-- Up-to-date: /home/nicolas/ws_ros2/install/px4_msgs/include/px4_msgs/px4_msgs/msg/detail/ping__type_support.c\n'}
[1.016432] (px4_msgs) StdoutLine: {'line': b'-- Up-to-date: /home/nicolas/ws_ros2/install/px4_msgs/include/px4_msgs/px4_msgs/msg/detail/gpio_out__rosidl_typesupport_introspection_c.h\n'}
[1.016488] (px4_msgs) StdoutLine: {'line': b'-- Up-to-date: /home/nicolas/ws_ros2/install/px4_msgs/include/px4_msgs/px4_msgs/msg/detail/navigator_status__rosidl_typesupport_introspection_c.h\n'}
[1.016527] (px4_msgs) StdoutLine: {'line': b'-- Up-to-date: /home/nicolas/ws_ros2/install/px4_msgs/include/px4_msgs/px4_msgs/msg/detail/mission__type_support.c\n'}
[1.016562] (px4_msgs) StdoutLine: {'line': b'-- Up-to-date: /home/nicolas/ws_ros2/install/px4_msgs/include/px4_msgs/px4_msgs/msg/detail/uavcan_parameter_request__rosidl_typesupport_introspection_c.h\n'}
[1.016596] (px4_msgs) StdoutLine: {'line': b'-- Up-to-date: /home/nicolas/ws_ros2/install/px4_msgs/include/px4_msgs/px4_msgs/msg/detail/px4io_status__type_support.c\n'}
[1.016638] (px4_msgs) StdoutLine: {'line': b'-- Up-to-date: /home/nicolas/ws_ros2/install/px4_msgs/include/px4_msgs/px4_msgs/msg/detail/mavlink_tunnel__rosidl_typesupport_introspection_c.h\n'}
[1.016668] (px4_msgs) StdoutLine: {'line': b'-- Up-to-date: /home/nicolas/ws_ros2/install/px4_msgs/include/px4_msgs/px4_msgs/msg/detail/gps_inject_data__type_support.c\n'}
[1.016703] (px4_msgs) StdoutLine: {'line': b'-- Up-to-date: /home/nicolas/ws_ros2/install/px4_msgs/include/px4_msgs/px4_msgs/msg/detail/mission__rosidl_typesupport_introspection_c.h\n'}
[1.016743] (px4_msgs) StdoutLine: {'line': b'-- Up-to-date: /home/nicolas/ws_ros2/install/px4_msgs/include/px4_msgs/px4_msgs/msg/detail/tune_control__type_support.c\n'}
[1.016786] (px4_msgs) StdoutLine: {'line': b'-- Up-to-date: /home/nicolas/ws_ros2/install/px4_msgs/include/px4_msgs/px4_msgs/msg/detail/estimator_selector_status__type_support.c\n'}
[1.016829] (px4_msgs) StdoutLine: {'line': b'-- Up-to-date: /home/nicolas/ws_ros2/install/px4_msgs/include/px4_msgs/px4_msgs/msg/detail/sensor_preflight_mag__type_support.c\n'}
[1.016874] (px4_msgs) StdoutLine: {'line': b'-- Up-to-date: /home/nicolas/ws_ros2/install/px4_msgs/include/px4_msgs/px4_msgs/msg/detail/rover_steering_setpoint__rosidl_typesupport_introspection_c.h\n'}
[1.016978] (px4_msgs) StdoutLine: {'line': b'-- Up-to-date: /home/nicolas/ws_ros2/install/px4_msgs/include/px4_msgs/px4_msgs/msg/detail/rc_parameter_map__type_support.c\n'}
[1.017043] (px4_msgs) StdoutLine: {'line': b'-- Up-to-date: /home/nicolas/ws_ros2/install/px4_msgs/include/px4_msgs/px4_msgs/msg/detail/landing_target_pose__type_support.c\n'}
[1.017099] (px4_msgs) StdoutLine: {'line': b'-- Up-to-date: /home/nicolas/ws_ros2/install/px4_msgs/include/px4_msgs/px4_msgs/msg/detail/timesync_status__type_support.c\n'}
[1.017245] (px4_msgs) StdoutLine: {'line': b'-- Up-to-date: /home/nicolas/ws_ros2/install/px4_msgs/include/px4_msgs/px4_msgs/msg/detail/mount_orientation__rosidl_typesupport_introspection_c.h\n'}
[1.017340] (px4_msgs) StdoutLine: {'line': b'-- Up-to-date: /home/nicolas/ws_ros2/install/px4_msgs/include/px4_msgs/px4_msgs/msg/detail/heater_status__rosidl_typesupport_introspection_c.h\n'}
[1.017417] (px4_msgs) StdoutLine: {'line': b'-- Up-to-date: /home/nicolas/ws_ros2/install/px4_msgs/include/px4_msgs/px4_msgs/msg/detail/fixed_wing_lateral_status__type_support.c\n'}
[1.017537] (px4_msgs) StdoutLine: {'line': b'-- Up-to-date: /home/nicolas/ws_ros2/install/px4_msgs/include/px4_msgs/px4_msgs/msg/detail/obstacle_distance__rosidl_typesupport_introspection_c.h\n'}
[1.017588] (px4_msgs) StdoutLine: {'line': b'-- Up-to-date: /home/nicolas/ws_ros2/install/px4_msgs/include/px4_msgs/px4_msgs/msg/detail/failure_detector_status__type_support.c\n'}
[1.017624] (px4_msgs) StdoutLine: {'line': b'-- Up-to-date: /home/nicolas/ws_ros2/install/px4_msgs/include/px4_msgs/px4_msgs/msg/detail/sensors_status_imu__type_support.c\n'}
[1.017660] (px4_msgs) StdoutLine: {'line': b'-- Up-to-date: /home/nicolas/ws_ros2/install/px4_msgs/include/px4_msgs/px4_msgs/msg/detail/vehicle_control_mode__rosidl_typesupport_introspection_c.h\n'}
[1.017695] (px4_msgs) StdoutLine: {'line': b'-- Up-to-date: /home/nicolas/ws_ros2/install/px4_msgs/include/px4_msgs/px4_msgs/msg/detail/gimbal_manager_set_manual_control__rosidl_typesupport_introspection_c.h\n'}
[1.017729] (px4_msgs) StdoutLine: {'line': b'-- Up-to-date: /home/nicolas/ws_ros2/install/px4_msgs/include/px4_msgs/px4_msgs/msg/detail/parameter_set_value_response__rosidl_typesupport_introspection_c.h\n'}
[1.017788] (px4_msgs) StdoutLine: {'line': b'-- Up-to-date: /home/nicolas/ws_ros2/install/px4_msgs/include/px4_msgs/px4_msgs/msg/detail/camera_capture__type_support.c\n'}
[1.017819] (px4_msgs) StdoutLine: {'line': b'-- Up-to-date: /home/nicolas/ws_ros2/install/px4_msgs/include/px4_msgs/px4_msgs/msg/detail/vehicle_optical_flow_vel__rosidl_typesupport_introspection_c.h\n'}
[1.017849] (px4_msgs) StdoutLine: {'line': b'-- Up-to-date: /home/nicolas/ws_ros2/install/px4_msgs/include/px4_msgs/px4_msgs/msg/detail/fixed_wing_lateral_guidance_status__rosidl_typesupport_introspection_c.h\n'}
[1.017882] (px4_msgs) StdoutLine: {'line': b'-- Up-to-date: /home/nicolas/ws_ros2/install/px4_msgs/include/px4_msgs/px4_msgs/msg/detail/qshell_req__rosidl_typesupport_introspection_c.h\n'}
[1.017912] (px4_msgs) StdoutLine: {'line': b'-- Up-to-date: /home/nicolas/ws_ros2/install/px4_msgs/include/px4_msgs/px4_msgs/msg/detail/estimator_bias__type_support.c\n'}
[1.017941] (px4_msgs) StdoutLine: {'line': b'-- Up-to-date: /home/nicolas/ws_ros2/install/px4_msgs/include/px4_msgs/px4_msgs/msg/detail/sensor_hygrometer__type_support.c\n'}
[1.017970] (px4_msgs) StdoutLine: {'line': b'-- Up-to-date: /home/nicolas/ws_ros2/install/px4_msgs/include/px4_msgs/px4_msgs/msg/detail/dataman_request__type_support.c\n'}
[1.018001] (px4_msgs) StdoutLine: {'line': b'-- Up-to-date: /home/nicolas/ws_ros2/install/px4_msgs/include/px4_msgs/px4_msgs/msg/detail/obstacle_distance__type_support.c\n'}
[1.018033] (px4_msgs) StdoutLine: {'line': b'-- Up-to-date: /home/nicolas/ws_ros2/install/px4_msgs/include/px4_msgs/px4_msgs/msg/detail/sensor_combined__type_support.c\n'}
[1.018065] (px4_msgs) StdoutLine: {'line': b'-- Up-to-date: /home/nicolas/ws_ros2/install/px4_msgs/include/px4_msgs/px4_msgs/msg/detail/trajectory_setpoint6dof__rosidl_typesupport_introspection_c.h\n'}
[1.018097] (px4_msgs) StdoutLine: {'line': b'-- Up-to-date: /home/nicolas/ws_ros2/install/px4_msgs/include/px4_msgs/px4_msgs/msg/detail/parameter_reset_request__rosidl_typesupport_introspection_c.h\n'}
[1.018130] (px4_msgs) StdoutLine: {'line': b'-- Up-to-date: /home/nicolas/ws_ros2/install/px4_msgs/include/px4_msgs/px4_msgs/msg/detail/normalized_unsigned_setpoint__rosidl_typesupport_introspection_c.h\n'}
[1.018194] (px4_msgs) StdoutLine: {'line': b'-- Up-to-date: /home/nicolas/ws_ros2/install/px4_msgs/include/px4_msgs/px4_msgs/msg/detail/vehicle_land_detected__rosidl_typesupport_introspection_c.h\n'}
[1.018225] (px4_msgs) StdoutLine: {'line': b'-- Up-to-date: /home/nicolas/ws_ros2/install/px4_msgs/include/px4_msgs/px4_msgs/msg/detail/button_event__type_support.c\n'}
[1.018254] (px4_msgs) StdoutLine: {'line': b'-- Up-to-date: /home/nicolas/ws_ros2/install/px4_msgs/include/px4_msgs/px4_msgs/msg/detail/gps_inject_data__rosidl_typesupport_introspection_c.h\n'}
[1.018283] (px4_msgs) StdoutLine: {'line': b'-- Up-to-date: /home/nicolas/ws_ros2/install/px4_msgs/include/px4_msgs/px4_msgs/msg/detail/navigator_mission_item__rosidl_typesupport_introspection_c.h\n'}
[1.018315] (px4_msgs) StdoutLine: {'line': b'-- Up-to-date: /home/nicolas/ws_ros2/install/px4_msgs/include/px4_msgs/px4_msgs/msg/detail/estimator_aid_source3d__rosidl_typesupport_introspection_c.h\n'}
[1.018343] (px4_msgs) StdoutLine: {'line': b'-- Up-to-date: /home/nicolas/ws_ros2/install/px4_msgs/include/px4_msgs/px4_msgs/msg/detail/message_format_response__type_support.c\n'}
[1.018372] (px4_msgs) StdoutLine: {'line': b'-- Up-to-date: /home/nicolas/ws_ros2/install/px4_msgs/include/px4_msgs/px4_msgs/msg/detail/gimbal_device_attitude_status__rosidl_typesupport_introspection_c.h\n'}
[1.018404] (px4_msgs) StdoutLine: {'line': b'-- Up-to-date: /home/nicolas/ws_ros2/install/px4_msgs/include/px4_msgs/px4_msgs/msg/detail/esc_status__type_support.c\n'}
[1.018442] (px4_msgs) StdoutLine: {'line': b'-- Up-to-date: /home/nicolas/ws_ros2/install/px4_msgs/include/px4_msgs/px4_msgs/msg/detail/vehicle_imu__rosidl_typesupport_introspection_c.h\n'}
[1.018474] (px4_msgs) StdoutLine: {'line': b'-- Up-to-date: /home/nicolas/ws_ros2/install/px4_msgs/include/px4_msgs/px4_msgs/msg/detail/open_drone_id_operator_id__rosidl_typesupport_introspection_c.h\n'}
[1.018503] (px4_msgs) StdoutLine: {'line': b'-- Up-to-date: /home/nicolas/ws_ros2/install/px4_msgs/include/px4_msgs/px4_msgs/msg/detail/sensor_optical_flow__type_support.c\n'}
[1.018560] (px4_msgs) StdoutLine: {'line': b'-- Up-to-date: /home/nicolas/ws_ros2/install/px4_msgs/include/px4_msgs/px4_msgs/msg/detail/sensor_gps__rosidl_typesupport_introspection_c.h\n'}
[1.018593] (px4_msgs) StdoutLine: {'line': b'-- Up-to-date: /home/nicolas/ws_ros2/install/px4_msgs/include/px4_msgs/px4_msgs/msg/detail/sensor_accel_fifo__rosidl_typesupport_introspection_c.h\n'}
[1.018632] (px4_msgs) StdoutLine: {'line': b'-- Up-to-date: /home/nicolas/ws_ros2/install/px4_msgs/include/px4_msgs/px4_msgs/msg/detail/estimator_bias__rosidl_typesupport_introspection_c.h\n'}
[1.018661] (px4_msgs) StdoutLine: {'line': b'-- Up-to-date: /home/nicolas/ws_ros2/install/px4_msgs/include/px4_msgs/px4_msgs/msg/detail/ulog_stream__rosidl_typesupport_introspection_c.h\n'}
[1.018689] (px4_msgs) StdoutLine: {'line': b'-- Up-to-date: /home/nicolas/ws_ros2/install/px4_msgs/include/px4_msgs/px4_msgs/msg/detail/position_setpoint_triplet__type_support.c\n'}
[1.018718] (px4_msgs) StdoutLine: {'line': b'-- Up-to-date: /home/nicolas/ws_ros2/install/px4_msgs/include/px4_msgs/px4_msgs/msg/detail/sensor_gyro_fifo__rosidl_typesupport_introspection_c.h\n'}
[1.018755] (px4_msgs) StdoutLine: {'line': b'-- Up-to-date: /home/nicolas/ws_ros2/install/px4_msgs/include/px4_msgs/px4_msgs/msg/detail/uavcan_parameter_request__type_support.c\n'}
[1.018786] (px4_msgs) StdoutLine: {'line': b'-- Up-to-date: /home/nicolas/ws_ros2/install/px4_msgs/include/px4_msgs/px4_msgs/msg/detail/task_stack_info__type_support.c\n'}
[1.018817] (px4_msgs) StdoutLine: {'line': b'-- Up-to-date: /home/nicolas/ws_ros2/install/px4_msgs/include/px4_msgs/px4_msgs/msg/detail/config_overrides__type_support.c\n'}
[1.018847] (px4_msgs) StdoutLine: {'line': b'-- Up-to-date: /home/nicolas/ws_ros2/install/px4_msgs/include/px4_msgs/px4_msgs/msg/detail/differential_pressure__type_support.c\n'}
[1.018878] (px4_msgs) StdoutLine: {'line': b'-- Up-to-date: /home/nicolas/ws_ros2/install/px4_msgs/include/px4_msgs/px4_msgs/msg/detail/transponder_report__type_support.c\n'}
[1.018909] (px4_msgs) StdoutLine: {'line': b'-- Up-to-date: /home/nicolas/ws_ros2/install/px4_msgs/include/px4_msgs/px4_msgs/msg/detail/onboard_computer_status__type_support.c\n'}
[1.018940] (px4_msgs) StdoutLine: {'line': b'-- Up-to-date: /home/nicolas/ws_ros2/install/px4_msgs/include/px4_msgs/px4_msgs/msg/detail/cpuload__type_support.c\n'}
[1.018972] (px4_msgs) StdoutLine: {'line': b'-- Up-to-date: /home/nicolas/ws_ros2/install/px4_msgs/include/px4_msgs/px4_msgs/msg/detail/qshell_req__type_support.c\n'}
[1.019003] (px4_msgs) StdoutLine: {'line': b'-- Up-to-date: /home/nicolas/ws_ros2/install/px4_msgs/include/px4_msgs/px4_msgs/msg/detail/open_drone_id_arm_status__type_support.c\n'}
[1.019033] (px4_msgs) StdoutLine: {'line': b'-- Up-to-date: /home/nicolas/ws_ros2/install/px4_msgs/include/px4_msgs/px4_msgs/msg/detail/pps_capture__rosidl_typesupport_introspection_c.h\n'}
[1.019064] (px4_msgs) StdoutLine: {'line': b'-- Up-to-date: /home/nicolas/ws_ros2/install/px4_msgs/include/px4_msgs/px4_msgs/msg/detail/follow_target_status__type_support.c\n'}
[1.019093] (px4_msgs) StdoutLine: {'line': b'-- Up-to-date: /home/nicolas/ws_ros2/install/px4_msgs/include/px4_msgs/px4_msgs/msg/detail/generator_status__rosidl_typesupport_introspection_c.h\n'}
[1.019125] (px4_msgs) StdoutLine: {'line': b'-- Up-to-date: /home/nicolas/ws_ros2/install/px4_msgs/include/px4_msgs/px4_msgs/msg/detail/tecs_status__type_support.c\n'}
[1.019175] (px4_msgs) StdoutLine: {'line': b'-- Up-to-date: /home/nicolas/ws_ros2/install/px4_msgs/include/px4_msgs/px4_msgs/msg/detail/led_control__type_support.c\n'}
[1.019206] (px4_msgs) StdoutLine: {'line': b'-- Up-to-date: /home/nicolas/ws_ros2/install/px4_msgs/include/px4_msgs/px4_msgs/msg/detail/yaw_estimator_status__type_support.c\n'}
[1.019255] (px4_msgs) StdoutLine: {'line': b'-- Up-to-date: /home/nicolas/ws_ros2/install/px4_msgs/include/px4_msgs/px4_msgs/msg/detail/logger_status__rosidl_typesupport_introspection_c.h\n'}
[1.019285] (px4_msgs) StdoutLine: {'line': b'-- Up-to-date: /home/nicolas/ws_ros2/install/px4_msgs/include/px4_msgs/px4_msgs/msg/detail/geofence_result__rosidl_typesupport_introspection_c.h\n'}
[1.019314] (px4_msgs) StdoutLine: {'line': b'-- Up-to-date: /home/nicolas/ws_ros2/install/px4_msgs/include/px4_msgs/px4_msgs/msg/detail/home_position__type_support.c\n'}
[1.019343] (px4_msgs) StdoutLine: {'line': b'-- Up-to-date: /home/nicolas/ws_ros2/install/px4_msgs/include/px4_msgs/px4_msgs/msg/detail/sensor_airflow__type_support.c\n'}
[1.019373] (px4_msgs) StdoutLine: {'line': b'-- Up-to-date: /home/nicolas/ws_ros2/install/px4_msgs/include/px4_msgs/px4_msgs/msg/rosidl_typesupport_introspection_c__visibility_control.h\n'}
[1.019401] (px4_msgs) StdoutLine: {'line': b'-- Up-to-date: /home/nicolas/ws_ros2/install/px4_msgs/lib/libpx4_msgs__rosidl_typesupport_introspection_c.so\n'}
[1.019433] (px4_msgs) StdoutLine: {'line': b'-- Up-to-date: /home/nicolas/ws_ros2/install/px4_msgs/lib/libpx4_msgs__rosidl_typesupport_c.so\n'}
[1.019467] (px4_msgs) StdoutLine: {'line': b'-- Up-to-date: /home/nicolas/ws_ros2/install/px4_msgs/include/px4_msgs/px4_msgs\n'}
[1.019499] (px4_msgs) StdoutLine: {'line': b'-- Up-to-date: /home/nicolas/ws_ros2/install/px4_msgs/include/px4_msgs/px4_msgs/srv\n'}
[1.019529] (px4_msgs) StdoutLine: {'line': b'-- Up-to-date: /home/nicolas/ws_ros2/install/px4_msgs/include/px4_msgs/px4_msgs/srv/detail\n'}
[1.019560] (px4_msgs) StdoutLine: {'line': b'-- Up-to-date: /home/nicolas/ws_ros2/install/px4_msgs/include/px4_msgs/px4_msgs/srv/detail/vehicle_command__rosidl_typesupport_introspection_cpp.hpp\n'}
[1.019592] (px4_msgs) StdoutLine: {'line': b'-- Up-to-date: /home/nicolas/ws_ros2/install/px4_msgs/include/px4_msgs/px4_msgs/srv/detail/vehicle_command__type_support.cpp\n'}
[1.019623] (px4_msgs) StdoutLine: {'line': b'-- Up-to-date: /home/nicolas/ws_ros2/install/px4_msgs/include/px4_msgs/px4_msgs/msg\n'}
[1.019652] (px4_msgs) StdoutLine: {'line': b'-- Up-to-date: /home/nicolas/ws_ros2/install/px4_msgs/include/px4_msgs/px4_msgs/msg/detail\n'}
[1.019683] (px4_msgs) StdoutLine: {'line': b'-- Up-to-date: /home/nicolas/ws_ros2/install/px4_msgs/include/px4_msgs/px4_msgs/msg/detail/open_drone_id_operator_id__type_support.cpp\n'}
[1.019713] (px4_msgs) StdoutLine: {'line': b'-- Up-to-date: /home/nicolas/ws_ros2/install/px4_msgs/include/px4_msgs/px4_msgs/msg/detail/fixed_wing_lateral_guidance_status__rosidl_typesupport_introspection_cpp.hpp\n'}
[1.019746] (px4_msgs) StdoutLine: {'line': b'-- Up-to-date: /home/nicolas/ws_ros2/install/px4_msgs/include/px4_msgs/px4_msgs/msg/detail/takeoff_status__rosidl_typesupport_introspection_cpp.hpp\n'}
[1.019777] (px4_msgs) StdoutLine: {'line': b'-- Up-to-date: /home/nicolas/ws_ros2/install/px4_msgs/include/px4_msgs/px4_msgs/msg/detail/sensor_hygrometer__type_support.cpp\n'}
[1.019836] (px4_msgs) StdoutLine: {'line': b'-- Up-to-date: /home/nicolas/ws_ros2/install/px4_msgs/include/px4_msgs/px4_msgs/msg/detail/differential_pressure__type_support.cpp\n'}
[1.019865] (px4_msgs) StdoutLine: {'line': b'-- Up-to-date: /home/nicolas/ws_ros2/install/px4_msgs/include/px4_msgs/px4_msgs/msg/detail/uavcan_parameter_value__type_support.cpp\n'}
[1.019892] (px4_msgs) StdoutLine: {'line': b'-- Up-to-date: /home/nicolas/ws_ros2/install/px4_msgs/include/px4_msgs/px4_msgs/msg/detail/sensor_baro__type_support.cpp\n'}
[1.019920] (px4_msgs) StdoutLine: {'line': b'-- Up-to-date: /home/nicolas/ws_ros2/install/px4_msgs/include/px4_msgs/px4_msgs/msg/detail/camera_trigger__type_support.cpp\n'}
[1.019949] (px4_msgs) StdoutLine: {'line': b'-- Up-to-date: /home/nicolas/ws_ros2/install/px4_msgs/include/px4_msgs/px4_msgs/msg/detail/estimator_aid_source2d__rosidl_typesupport_introspection_cpp.hpp\n'}
[1.019977] (px4_msgs) StdoutLine: {'line': b'-- Up-to-date: /home/nicolas/ws_ros2/install/px4_msgs/include/px4_msgs/px4_msgs/msg/detail/fixed_wing_longitudinal_setpoint__type_support.cpp\n'}
[1.020019] (px4_msgs) StdoutLine: {'line': b'-- Up-to-date: /home/nicolas/ws_ros2/install/px4_msgs/include/px4_msgs/px4_msgs/msg/detail/failure_detector_status__rosidl_typesupport_introspection_cpp.hpp\n'}
[1.020048] (px4_msgs) StdoutLine: {'line': b'-- Up-to-date: /home/nicolas/ws_ros2/install/px4_msgs/include/px4_msgs/px4_msgs/msg/detail/actuator_motors__rosidl_typesupport_introspection_cpp.hpp\n'}
[1.020076] (px4_msgs) StdoutLine: {'line': b'-- Up-to-date: /home/nicolas/ws_ros2/install/px4_msgs/include/px4_msgs/px4_msgs/msg/detail/iridiumsbd_status__rosidl_typesupport_introspection_cpp.hpp\n'}
[1.020106] (px4_msgs) StdoutLine: {'line': b'-- Up-to-date: /home/nicolas/ws_ros2/install/px4_msgs/include/px4_msgs/px4_msgs/msg/detail/ekf2_timestamps__rosidl_typesupport_introspection_cpp.hpp\n'}
[1.020135] (px4_msgs) StdoutLine: {'line': b'-- Up-to-date: /home/nicolas/ws_ros2/install/px4_msgs/include/px4_msgs/px4_msgs/msg/detail/vehicle_magnetometer__rosidl_typesupport_introspection_cpp.hpp\n'}
[1.020163] (px4_msgs) StdoutLine: {'line': b'-- Up-to-date: /home/nicolas/ws_ros2/install/px4_msgs/include/px4_msgs/px4_msgs/msg/detail/gimbal_device_attitude_status__rosidl_typesupport_introspection_cpp.hpp\n'}
[1.020193] (px4_msgs) StdoutLine: {'line': b'-- Up-to-date: /home/nicolas/ws_ros2/install/px4_msgs/include/px4_msgs/px4_msgs/msg/detail/estimator_innovations__type_support.cpp\n'}
[1.020221] (px4_msgs) StdoutLine: {'line': b'-- Up-to-date: /home/nicolas/ws_ros2/install/px4_msgs/include/px4_msgs/px4_msgs/msg/detail/vehicle_attitude__rosidl_typesupport_introspection_cpp.hpp\n'}
[1.020249] (px4_msgs) StdoutLine: {'line': b'-- Up-to-date: /home/nicolas/ws_ros2/install/px4_msgs/include/px4_msgs/px4_msgs/msg/detail/vehicle_thrust_setpoint__rosidl_typesupport_introspection_cpp.hpp\n'}
[1.020278] (px4_msgs) StdoutLine: {'line': b'-- Up-to-date: /home/nicolas/ws_ros2/install/px4_msgs/include/px4_msgs/px4_msgs/msg/detail/telemetry_status__type_support.cpp\n'}
[1.020307] (px4_msgs) StdoutLine: {'line': b'-- Up-to-date: /home/nicolas/ws_ros2/install/px4_msgs/include/px4_msgs/px4_msgs/msg/detail/vehicle_air_data__rosidl_typesupport_introspection_cpp.hpp\n'}
[1.020335] (px4_msgs) StdoutLine: {'line': b'-- Up-to-date: /home/nicolas/ws_ros2/install/px4_msgs/include/px4_msgs/px4_msgs/msg/detail/sensor_gnss_relative__rosidl_typesupport_introspection_cpp.hpp\n'}
[1.020363] (px4_msgs) StdoutLine: {'line': b'-- Up-to-date: /home/nicolas/ws_ros2/install/px4_msgs/include/px4_msgs/px4_msgs/msg/detail/can_interface_status__rosidl_typesupport_introspection_cpp.hpp\n'}
[1.020394] (px4_msgs) StdoutLine: {'line': b'-- Up-to-date: /home/nicolas/ws_ros2/install/px4_msgs/include/px4_msgs/px4_msgs/msg/detail/open_drone_id_self_id__rosidl_typesupport_introspection_cpp.hpp\n'}
[1.020426] (px4_msgs) StdoutLine: {'line': b'-- Up-to-date: /home/nicolas/ws_ros2/install/px4_msgs/include/px4_msgs/px4_msgs/msg/detail/vehicle_angular_velocity__type_support.cpp\n'}
[1.020478] (px4_msgs) StdoutLine: {'line': b'-- Up-to-date: /home/nicolas/ws_ros2/install/px4_msgs/include/px4_msgs/px4_msgs/msg/detail/longitudinal_control_configuration__rosidl_typesupport_introspection_cpp.hpp\n'}
[1.020510] (px4_msgs) StdoutLine: {'line': b'-- Up-to-date: /home/nicolas/ws_ros2/install/px4_msgs/include/px4_msgs/px4_msgs/msg/detail/uavcan_parameter_value__rosidl_typesupport_introspection_cpp.hpp\n'}
[1.020558] (px4_msgs) StdoutLine: {'line': b'-- Up-to-date: /home/nicolas/ws_ros2/install/px4_msgs/include/px4_msgs/px4_msgs/msg/detail/radio_status__rosidl_typesupport_introspection_cpp.hpp\n'}
[1.020588] (px4_msgs) StdoutLine: {'line': b'-- Up-to-date: /home/nicolas/ws_ros2/install/px4_msgs/include/px4_msgs/px4_msgs/msg/detail/radio_status__type_support.cpp\n'}
[1.020617] (px4_msgs) StdoutLine: {'line': b'-- Up-to-date: /home/nicolas/ws_ros2/install/px4_msgs/include/px4_msgs/px4_msgs/msg/detail/esc_report__rosidl_typesupport_introspection_cpp.hpp\n'}
[1.020645] (px4_msgs) StdoutLine: {'line': b'-- Up-to-date: /home/nicolas/ws_ros2/install/px4_msgs/include/px4_msgs/px4_msgs/msg/detail/vehicle_rates_setpoint__rosidl_typesupport_introspection_cpp.hpp\n'}
[1.020675] (px4_msgs) StdoutLine: {'line': b'-- Up-to-date: /home/nicolas/ws_ros2/install/px4_msgs/include/px4_msgs/px4_msgs/msg/detail/gimbal_device_attitude_status__type_support.cpp\n'}
[1.020731] (px4_msgs) StdoutLine: {'line': b'-- Up-to-date: /home/nicolas/ws_ros2/install/px4_msgs/include/px4_msgs/px4_msgs/msg/detail/estimator_event_flags__rosidl_typesupport_introspection_cpp.hpp\n'}
[1.020761] (px4_msgs) StdoutLine: {'line': b'-- Up-to-date: /home/nicolas/ws_ros2/install/px4_msgs/include/px4_msgs/px4_msgs/msg/detail/normalized_unsigned_setpoint__type_support.cpp\n'}
[1.020796] (px4_msgs) StdoutLine: {'line': b'-- Up-to-date: /home/nicolas/ws_ros2/install/px4_msgs/include/px4_msgs/px4_msgs/msg/detail/vehicle_rates_setpoint__type_support.cpp\n'}
[1.020827] (px4_msgs) StdoutLine: {'line': b'-- Up-to-date: /home/nicolas/ws_ros2/install/px4_msgs/include/px4_msgs/px4_msgs/msg/detail/control_allocator_status__type_support.cpp\n'}
[1.020857] (px4_msgs) StdoutLine: {'line': b'-- Up-to-date: /home/nicolas/ws_ros2/install/px4_msgs/include/px4_msgs/px4_msgs/msg/detail/irlock_report__type_support.cpp\n'}
[1.020889] (px4_msgs) StdoutLine: {'line': b'-- Up-to-date: /home/nicolas/ws_ros2/install/px4_msgs/include/px4_msgs/px4_msgs/msg/detail/gimbal_manager_set_attitude__type_support.cpp\n'}
[1.020920] (px4_msgs) StdoutLine: {'line': b'-- Up-to-date: /home/nicolas/ws_ros2/install/px4_msgs/include/px4_msgs/px4_msgs/msg/detail/battery_info__type_support.cpp\n'}
[1.020951] (px4_msgs) StdoutLine: {'line': b'-- Up-to-date: /home/nicolas/ws_ros2/install/px4_msgs/include/px4_msgs/px4_msgs/msg/detail/heater_status__rosidl_typesupport_introspection_cpp.hpp\n'}
[1.020983] (px4_msgs) StdoutLine: {'line': b'-- Up-to-date: /home/nicolas/ws_ros2/install/px4_msgs/include/px4_msgs/px4_msgs/msg/detail/button_event__rosidl_typesupport_introspection_cpp.hpp\n'}
[1.021014] (px4_msgs) StdoutLine: {'line': b'-- Up-to-date: /home/nicolas/ws_ros2/install/px4_msgs/include/px4_msgs/px4_msgs/msg/detail/distance_sensor_mode_change_request__type_support.cpp\n'}
[1.021045] (px4_msgs) StdoutLine: {'line': b'-- Up-to-date: /home/nicolas/ws_ros2/install/px4_msgs/include/px4_msgs/px4_msgs/msg/detail/sensor_uwb__type_support.cpp\n'}
[1.021094] (px4_msgs) StdoutLine: {'line': b'-- Up-to-date: /home/nicolas/ws_ros2/install/px4_msgs/include/px4_msgs/px4_msgs/msg/detail/vehicle_control_mode__type_support.cpp\n'}
[1.021124] (px4_msgs) StdoutLine: {'line': b'-- Up-to-date: /home/nicolas/ws_ros2/install/px4_msgs/include/px4_msgs/px4_msgs/msg/detail/vehicle_status__rosidl_typesupport_introspection_cpp.hpp\n'}
[1.021154] (px4_msgs) StdoutLine: {'line': b'-- Up-to-date: /home/nicolas/ws_ros2/install/px4_msgs/include/px4_msgs/px4_msgs/msg/detail/sensor_gnss_status__type_support.cpp\n'}
[1.021185] (px4_msgs) StdoutLine: {'line': b'-- Up-to-date: /home/nicolas/ws_ros2/install/px4_msgs/include/px4_msgs/px4_msgs/msg/detail/tune_control__type_support.cpp\n'}
[1.021216] (px4_msgs) StdoutLine: {'line': b'-- Up-to-date: /home/nicolas/ws_ros2/install/px4_msgs/include/px4_msgs/px4_msgs/msg/detail/vehicle_control_mode__rosidl_typesupport_introspection_cpp.hpp\n'}
[1.021246] (px4_msgs) StdoutLine: {'line': b'-- Up-to-date: /home/nicolas/ws_ros2/install/px4_msgs/include/px4_msgs/px4_msgs/msg/detail/fixed_wing_lateral_setpoint__type_support.cpp\n'}
[1.021278] (px4_msgs) StdoutLine: {'line': b'-- Up-to-date: /home/nicolas/ws_ros2/install/px4_msgs/include/px4_msgs/px4_msgs/msg/detail/sensors_status__type_support.cpp\n'}
[1.021311] (px4_msgs) StdoutLine: {'line': b'-- Up-to-date: /home/nicolas/ws_ros2/install/px4_msgs/include/px4_msgs/px4_msgs/msg/detail/sensor_uwb__rosidl_typesupport_introspection_cpp.hpp\n'}
[1.021343] (px4_msgs) StdoutLine: {'line': b'-- Up-to-date: /home/nicolas/ws_ros2/install/px4_msgs/include/px4_msgs/px4_msgs/msg/detail/hover_thrust_estimate__type_support.cpp\n'}
[1.021377] (px4_msgs) StdoutLine: {'line': b'-- Up-to-date: /home/nicolas/ws_ros2/install/px4_msgs/include/px4_msgs/px4_msgs/msg/detail/debug_array__rosidl_typesupport_introspection_cpp.hpp\n'}
[1.021409] (px4_msgs) StdoutLine: {'line': b'-- Up-to-date: /home/nicolas/ws_ros2/install/px4_msgs/include/px4_msgs/px4_msgs/msg/detail/velocity_limits__type_support.cpp\n'}
[1.021454] (px4_msgs) StdoutLine: {'line': b'-- Up-to-date: /home/nicolas/ws_ros2/install/px4_msgs/include/px4_msgs/px4_msgs/msg/detail/trajectory_setpoint6dof__rosidl_typesupport_introspection_cpp.hpp\n'}
[1.021498] (px4_msgs) StdoutLine: {'line': b'-- Up-to-date: /home/nicolas/ws_ros2/install/px4_msgs/include/px4_msgs/px4_msgs/msg/detail/sensor_airflow__type_support.cpp\n'}
[1.021671] (px4_msgs) StdoutLine: {'line': b'-- Up-to-date: /home/nicolas/ws_ros2/install/px4_msgs/include/px4_msgs/px4_msgs/msg/detail/estimator_sensor_bias__type_support.cpp\n'}
[1.021723] (px4_msgs) StdoutLine: {'line': b'-- Up-to-date: /home/nicolas/ws_ros2/install/px4_msgs/include/px4_msgs/px4_msgs/msg/detail/satellite_info__type_support.cpp\n'}
[1.021761] (px4_msgs) StdoutLine: {'line': b'-- Up-to-date: /home/nicolas/ws_ros2/install/px4_msgs/include/px4_msgs/px4_msgs/msg/detail/rover_attitude_status__rosidl_typesupport_introspection_cpp.hpp\n'}
[1.021832] (px4_msgs) StdoutLine: {'line': b'-- Up-to-date: /home/nicolas/ws_ros2/install/px4_msgs/include/px4_msgs/px4_msgs/msg/detail/figure_eight_status__rosidl_typesupport_introspection_cpp.hpp\n'}
[1.021863] (px4_msgs) StdoutLine: {'line': b'-- Up-to-date: /home/nicolas/ws_ros2/install/px4_msgs/include/px4_msgs/px4_msgs/msg/detail/airspeed_validated__rosidl_typesupport_introspection_cpp.hpp\n'}
[1.021894] (px4_msgs) StdoutLine: {'line': b'-- Up-to-date: /home/nicolas/ws_ros2/install/px4_msgs/include/px4_msgs/px4_msgs/msg/detail/manual_control_switches__rosidl_typesupport_introspection_cpp.hpp\n'}
[1.021940] (px4_msgs) StdoutLine: {'line': b'-- Up-to-date: /home/nicolas/ws_ros2/install/px4_msgs/include/px4_msgs/px4_msgs/msg/detail/gimbal_device_set_attitude__type_support.cpp\n'}
[1.021984] (px4_msgs) StdoutLine: {'line': b'-- Up-to-date: /home/nicolas/ws_ros2/install/px4_msgs/include/px4_msgs/px4_msgs/msg/detail/uavcan_parameter_request__rosidl_typesupport_introspection_cpp.hpp\n'}
[1.022044] (px4_msgs) StdoutLine: {'line': b'-- Up-to-date: /home/nicolas/ws_ros2/install/px4_msgs/include/px4_msgs/px4_msgs/msg/detail/logger_status__type_support.cpp\n'}
[1.022085] (px4_msgs) StdoutLine: {'line': b'-- Up-to-date: /home/nicolas/ws_ros2/install/px4_msgs/include/px4_msgs/px4_msgs/msg/detail/distance_sensor__type_support.cpp\n'}
[1.022118] (px4_msgs) StdoutLine: {'line': b'-- Up-to-date: /home/nicolas/ws_ros2/install/px4_msgs/include/px4_msgs/px4_msgs/msg/detail/sensor_selection__type_support.cpp\n'}
[1.022148] (px4_msgs) StdoutLine: {'line': b'-- Up-to-date: /home/nicolas/ws_ros2/install/px4_msgs/include/px4_msgs/px4_msgs/msg/detail/sensors_status_imu__type_support.cpp\n'}
[1.022188] (px4_msgs) StdoutLine: {'line': b'-- Up-to-date: /home/nicolas/ws_ros2/install/px4_msgs/include/px4_msgs/px4_msgs/msg/detail/sensors_status__rosidl_typesupport_introspection_cpp.hpp\n'}
[1.022316] (px4_msgs) StdoutLine: {'line': b'-- Up-to-date: /home/nicolas/ws_ros2/install/px4_msgs/include/px4_msgs/px4_msgs/msg/detail/parameter_reset_request__type_support.cpp\n'}
[1.022451] (px4_msgs) StdoutLine: {'line': b'-- Up-to-date: /home/nicolas/ws_ros2/install/px4_msgs/include/px4_msgs/px4_msgs/msg/detail/vtol_vehicle_status__rosidl_typesupport_introspection_cpp.hpp\n'}
[1.022520] (px4_msgs) StdoutLine: {'line': b'-- Up-to-date: /home/nicolas/ws_ros2/install/px4_msgs/include/px4_msgs/px4_msgs/msg/detail/collision_constraints__type_support.cpp\n'}
[1.022557] (px4_msgs) StdoutLine: {'line': b'-- Up-to-date: /home/nicolas/ws_ros2/install/px4_msgs/include/px4_msgs/px4_msgs/msg/detail/sensor_accel_fifo__type_support.cpp\n'}
[1.022601] (px4_msgs) StdoutLine: {'line': b'-- Up-to-date: /home/nicolas/ws_ros2/install/px4_msgs/include/px4_msgs/px4_msgs/msg/detail/orb_test_medium__rosidl_typesupport_introspection_cpp.hpp\n'}
[1.022748] (px4_msgs) StdoutLine: {'line': b'-- Up-to-date: /home/nicolas/ws_ros2/install/px4_msgs/include/px4_msgs/px4_msgs/msg/detail/airspeed_validated__type_support.cpp\n'}
[1.022789] (px4_msgs) StdoutLine: {'line': b'-- Up-to-date: /home/nicolas/ws_ros2/install/px4_msgs/include/px4_msgs/px4_msgs/msg/detail/collision_constraints__rosidl_typesupport_introspection_cpp.hpp\n'}
[1.022823] (px4_msgs) StdoutLine: {'line': b'-- Up-to-date: /home/nicolas/ws_ros2/install/px4_msgs/include/px4_msgs/px4_msgs/msg/detail/position_setpoint__rosidl_typesupport_introspection_cpp.hpp\n'}
[1.022866] (px4_msgs) StdoutLine: {'line': b'-- Up-to-date: /home/nicolas/ws_ros2/install/px4_msgs/include/px4_msgs/px4_msgs/msg/detail/pure_pursuit_status__type_support.cpp\n'}
[1.022909] (px4_msgs) StdoutLine: {'line': b'-- Up-to-date: /home/nicolas/ws_ros2/install/px4_msgs/include/px4_msgs/px4_msgs/msg/detail/estimator_aid_source3d__type_support.cpp\n'}
[1.022941] (px4_msgs) StdoutLine: {'line': b'-- Up-to-date: /home/nicolas/ws_ros2/install/px4_msgs/include/px4_msgs/px4_msgs/msg/detail/vehicle_imu_status__type_support.cpp\n'}
[1.023000] (px4_msgs) StdoutLine: {'line': b'-- Up-to-date: /home/nicolas/ws_ros2/install/px4_msgs/include/px4_msgs/px4_msgs/msg/detail/estimator_selector_status__rosidl_typesupport_introspection_cpp.hpp\n'}
[1.023046] (px4_msgs) StdoutLine: {'line': b'-- Up-to-date: /home/nicolas/ws_ros2/install/px4_msgs/include/px4_msgs/px4_msgs/msg/detail/home_position__rosidl_typesupport_introspection_cpp.hpp\n'}
[1.023078] (px4_msgs) StdoutLine: {'line': b'-- Up-to-date: /home/nicolas/ws_ros2/install/px4_msgs/include/px4_msgs/px4_msgs/msg/detail/gripper__rosidl_typesupport_introspection_cpp.hpp\n'}
[1.023108] (px4_msgs) StdoutLine: {'line': b'-- Up-to-date: /home/nicolas/ws_ros2/install/px4_msgs/include/px4_msgs/px4_msgs/msg/detail/gimbal_device_information__type_support.cpp\n'}
[1.023146] (px4_msgs) StdoutLine: {'line': b'-- Up-to-date: /home/nicolas/ws_ros2/install/px4_msgs/include/px4_msgs/px4_msgs/msg/detail/ulog_stream__rosidl_typesupport_introspection_cpp.hpp\n'}
[1.023181] (px4_msgs) StdoutLine: {'line': b'-- Up-to-date: /home/nicolas/ws_ros2/install/px4_msgs/include/px4_msgs/px4_msgs/msg/detail/vehicle_thrust_setpoint__type_support.cpp\n'}
[1.023212] (px4_msgs) StdoutLine: {'line': b'-- Up-to-date: /home/nicolas/ws_ros2/install/px4_msgs/include/px4_msgs/px4_msgs/msg/detail/debug_vect__rosidl_typesupport_introspection_cpp.hpp\n'}
[1.023244] (px4_msgs) StdoutLine: {'line': b'-- Up-to-date: /home/nicolas/ws_ros2/install/px4_msgs/include/px4_msgs/px4_msgs/msg/detail/satellite_info__rosidl_typesupport_introspection_cpp.hpp\n'}
[1.023279] (px4_msgs) StdoutLine: {'line': b'-- Up-to-date: /home/nicolas/ws_ros2/install/px4_msgs/include/px4_msgs/px4_msgs/msg/detail/actuator_armed__type_support.cpp\n'}
[1.023311] (px4_msgs) StdoutLine: {'line': b'-- Up-to-date: /home/nicolas/ws_ros2/install/px4_msgs/include/px4_msgs/px4_msgs/msg/detail/actuator_test__rosidl_typesupport_introspection_cpp.hpp\n'}
[1.023361] (px4_msgs) StdoutLine: {'line': b'-- Up-to-date: /home/nicolas/ws_ros2/install/px4_msgs/include/px4_msgs/px4_msgs/msg/detail/fixed_wing_lateral_setpoint__rosidl_typesupport_introspection_cpp.hpp\n'}
[1.023400] (px4_msgs) StdoutLine: {'line': b'-- Up-to-date: /home/nicolas/ws_ros2/install/px4_msgs/include/px4_msgs/px4_msgs/msg/detail/vehicle_angular_acceleration_setpoint__rosidl_typesupport_introspection_cpp.hpp\n'}
[1.023434] (px4_msgs) StdoutLine: {'line': b'-- Up-to-date: /home/nicolas/ws_ros2/install/px4_msgs/include/px4_msgs/px4_msgs/msg/detail/task_stack_info__rosidl_typesupport_introspection_cpp.hpp\n'}
[1.023469] (px4_msgs) StdoutLine: {'line': b'-- Up-to-date: /home/nicolas/ws_ros2/install/px4_msgs/include/px4_msgs/px4_msgs/msg/detail/log_message__type_support.cpp\n'}
[1.023500] (px4_msgs) StdoutLine: {'line': b'-- Up-to-date: /home/nicolas/ws_ros2/install/px4_msgs/include/px4_msgs/px4_msgs/msg/detail/estimator_status__rosidl_typesupport_introspection_cpp.hpp\n'}
[1.023533] (px4_msgs) StdoutLine: {'line': b'-- Up-to-date: /home/nicolas/ws_ros2/install/px4_msgs/include/px4_msgs/px4_msgs/msg/detail/wind__type_support.cpp\n'}
[1.023568] (px4_msgs) StdoutLine: {'line': b'-- Up-to-date: /home/nicolas/ws_ros2/install/px4_msgs/include/px4_msgs/px4_msgs/msg/detail/sensor_combined__type_support.cpp\n'}
[1.023600] (px4_msgs) StdoutLine: {'line': b'-- Up-to-date: /home/nicolas/ws_ros2/install/px4_msgs/include/px4_msgs/px4_msgs/msg/detail/vehicle_command__rosidl_typesupport_introspection_cpp.hpp\n'}
[1.023650] (px4_msgs) StdoutLine: {'line': b'-- Up-to-date: /home/nicolas/ws_ros2/install/px4_msgs/include/px4_msgs/px4_msgs/msg/detail/follow_target_estimator__type_support.cpp\n'}
[1.023684] (px4_msgs) StdoutLine: {'line': b'-- Up-to-date: /home/nicolas/ws_ros2/install/px4_msgs/include/px4_msgs/px4_msgs/msg/detail/gimbal_controls__rosidl_typesupport_introspection_cpp.hpp\n'}
[1.023714] (px4_msgs) StdoutLine: {'line': b'-- Up-to-date: /home/nicolas/ws_ros2/install/px4_msgs/include/px4_msgs/px4_msgs/msg/detail/tecs_status__type_support.cpp\n'}
[1.023744] (px4_msgs) StdoutLine: {'line': b'-- Up-to-date: /home/nicolas/ws_ros2/install/px4_msgs/include/px4_msgs/px4_msgs/msg/detail/sensor_preflight_mag__rosidl_typesupport_introspection_cpp.hpp\n'}
[1.023773] (px4_msgs) StdoutLine: {'line': b'-- Up-to-date: /home/nicolas/ws_ros2/install/px4_msgs/include/px4_msgs/px4_msgs/msg/detail/rc_channels__type_support.cpp\n'}
[1.023802] (px4_msgs) StdoutLine: {'line': b'-- Up-to-date: /home/nicolas/ws_ros2/install/px4_msgs/include/px4_msgs/px4_msgs/msg/detail/rover_speed_setpoint__type_support.cpp\n'}
[1.023832] (px4_msgs) StdoutLine: {'line': b'-- Up-to-date: /home/nicolas/ws_ros2/install/px4_msgs/include/px4_msgs/px4_msgs/msg/detail/transponder_report__rosidl_typesupport_introspection_cpp.hpp\n'}
[1.023863] (px4_msgs) StdoutLine: {'line': b'-- Up-to-date: /home/nicolas/ws_ros2/install/px4_msgs/include/px4_msgs/px4_msgs/msg/detail/dataman_response__type_support.cpp\n'}
[1.023894] (px4_msgs) StdoutLine: {'line': b'-- Up-to-date: /home/nicolas/ws_ros2/install/px4_msgs/include/px4_msgs/px4_msgs/msg/detail/gps_dump__type_support.cpp\n'}
[1.023927] (px4_msgs) StdoutLine: {'line': b'-- Up-to-date: /home/nicolas/ws_ros2/install/px4_msgs/include/px4_msgs/px4_msgs/msg/detail/gps_dump__rosidl_typesupport_introspection_cpp.hpp\n'}
[1.023958] (px4_msgs) StdoutLine: {'line': b'-- Up-to-date: /home/nicolas/ws_ros2/install/px4_msgs/include/px4_msgs/px4_msgs/msg/detail/launch_detection_status__rosidl_typesupport_introspection_cpp.hpp\n'}
[1.023989] (px4_msgs) StdoutLine: {'line': b'-- Up-to-date: /home/nicolas/ws_ros2/install/px4_msgs/include/px4_msgs/px4_msgs/msg/detail/mavlink_tunnel__type_support.cpp\n'}
[1.024021] (px4_msgs) StdoutLine: {'line': b'-- Up-to-date: /home/nicolas/ws_ros2/install/px4_msgs/include/px4_msgs/px4_msgs/msg/detail/position_controller_status__type_support.cpp\n'}
[1.024052] (px4_msgs) StdoutLine: {'line': b'-- Up-to-date: /home/nicolas/ws_ros2/install/px4_msgs/include/px4_msgs/px4_msgs/msg/detail/mavlink_log__rosidl_typesupport_introspection_cpp.hpp\n'}
[1.024084] (px4_msgs) StdoutLine: {'line': b'-- Up-to-date: /home/nicolas/ws_ros2/install/px4_msgs/include/px4_msgs/px4_msgs/msg/detail/neural_control__rosidl_typesupport_introspection_cpp.hpp\n'}
[1.024121] (px4_msgs) StdoutLine: {'line': b'-- Up-to-date: /home/nicolas/ws_ros2/install/px4_msgs/include/px4_msgs/px4_msgs/msg/detail/generator_status__type_support.cpp\n'}
[1.024159] (px4_msgs) StdoutLine: {'line': b'-- Up-to-date: /home/nicolas/ws_ros2/install/px4_msgs/include/px4_msgs/px4_msgs/msg/detail/vehicle_optical_flow__type_support.cpp\n'}
[1.024194] (px4_msgs) StdoutLine: {'line': b'-- Up-to-date: /home/nicolas/ws_ros2/install/px4_msgs/include/px4_msgs/px4_msgs/msg/detail/sensor_gnss_status__rosidl_typesupport_introspection_cpp.hpp\n'}
[1.024229] (px4_msgs) StdoutLine: {'line': b'-- Up-to-date: /home/nicolas/ws_ros2/install/px4_msgs/include/px4_msgs/px4_msgs/msg/detail/actuator_servos_trim__type_support.cpp\n'}
[1.024275] (px4_msgs) StdoutLine: {'line': b'-- Up-to-date: /home/nicolas/ws_ros2/install/px4_msgs/include/px4_msgs/px4_msgs/msg/detail/gps_inject_data__rosidl_typesupport_introspection_cpp.hpp\n'}
[1.024308] (px4_msgs) StdoutLine: {'line': b'-- Up-to-date: /home/nicolas/ws_ros2/install/px4_msgs/include/px4_msgs/px4_msgs/msg/detail/estimator_aid_source1d__type_support.cpp\n'}
[1.024341] (px4_msgs) StdoutLine: {'line': b'-- Up-to-date: /home/nicolas/ws_ros2/install/px4_msgs/include/px4_msgs/px4_msgs/msg/detail/debug_array__type_support.cpp\n'}
[1.024374] (px4_msgs) StdoutLine: {'line': b'-- Up-to-date: /home/nicolas/ws_ros2/install/px4_msgs/include/px4_msgs/px4_msgs/msg/detail/airspeed__rosidl_typesupport_introspection_cpp.hpp\n'}
[1.024448] (px4_msgs) StdoutLine: {'line': b'-- Up-to-date: /home/nicolas/ws_ros2/install/px4_msgs/include/px4_msgs/px4_msgs/msg/detail/fixed_wing_lateral_status__rosidl_typesupport_introspection_cpp.hpp\n'}
[1.024480] (px4_msgs) StdoutLine: {'line': b'-- Up-to-date: /home/nicolas/ws_ros2/install/px4_msgs/include/px4_msgs/px4_msgs/msg/detail/camera_status__rosidl_typesupport_introspection_cpp.hpp\n'}
[1.024510] (px4_msgs) StdoutLine: {'line': b'-- Up-to-date: /home/nicolas/ws_ros2/install/px4_msgs/include/px4_msgs/px4_msgs/msg/detail/arming_check_request__rosidl_typesupport_introspection_cpp.hpp\n'}
[1.024542] (px4_msgs) StdoutLine: {'line': b'-- Up-to-date: /home/nicolas/ws_ros2/install/px4_msgs/include/px4_msgs/px4_msgs/msg/detail/gpio_out__rosidl_typesupport_introspection_cpp.hpp\n'}
[1.024576] (px4_msgs) StdoutLine: {'line': b'-- Up-to-date: /home/nicolas/ws_ros2/install/px4_msgs/include/px4_msgs/px4_msgs/msg/detail/ulog_stream_ack__rosidl_typesupport_introspection_cpp.hpp\n'}
[1.024626] (px4_msgs) StdoutLine: {'line': b'-- Up-to-date: /home/nicolas/ws_ros2/install/px4_msgs/include/px4_msgs/px4_msgs/msg/detail/manual_control_switches__type_support.cpp\n'}
[1.024656] (px4_msgs) StdoutLine: {'line': b'-- Up-to-date: /home/nicolas/ws_ros2/install/px4_msgs/include/px4_msgs/px4_msgs/msg/detail/fixed_wing_runway_control__rosidl_typesupport_introspection_cpp.hpp\n'}
[1.024686] (px4_msgs) StdoutLine: {'line': b'-- Up-to-date: /home/nicolas/ws_ros2/install/px4_msgs/include/px4_msgs/px4_msgs/msg/detail/rover_throttle_setpoint__rosidl_typesupport_introspection_cpp.hpp\n'}
[1.024716] (px4_msgs) StdoutLine: {'line': b'-- Up-to-date: /home/nicolas/ws_ros2/install/px4_msgs/include/px4_msgs/px4_msgs/msg/detail/dataman_request__rosidl_typesupport_introspection_cpp.hpp\n'}
[1.024745] (px4_msgs) StdoutLine: {'line': b'-- Up-to-date: /home/nicolas/ws_ros2/install/px4_msgs/include/px4_msgs/px4_msgs/msg/detail/vehicle_magnetometer__type_support.cpp\n'}
[1.024773] (px4_msgs) StdoutLine: {'line': b'-- Up-to-date: /home/nicolas/ws_ros2/install/px4_msgs/include/px4_msgs/px4_msgs/msg/detail/actuator_servos_trim__rosidl_typesupport_introspection_cpp.hpp\n'}
[1.024802] (px4_msgs) StdoutLine: {'line': b'-- Up-to-date: /home/nicolas/ws_ros2/install/px4_msgs/include/px4_msgs/px4_msgs/msg/detail/cellular_status__rosidl_typesupport_introspection_cpp.hpp\n'}
[1.024831] (px4_msgs) StdoutLine: {'line': b'-- Up-to-date: /home/nicolas/ws_ros2/install/px4_msgs/include/px4_msgs/px4_msgs/msg/detail/neural_control__type_support.cpp\n'}
[1.024861] (px4_msgs) StdoutLine: {'line': b'-- Up-to-date: /home/nicolas/ws_ros2/install/px4_msgs/include/px4_msgs/px4_msgs/msg/detail/esc_status__rosidl_typesupport_introspection_cpp.hpp\n'}
[1.024893] (px4_msgs) StdoutLine: {'line': b'-- Up-to-date: /home/nicolas/ws_ros2/install/px4_msgs/include/px4_msgs/px4_msgs/msg/detail/timesync_status__type_support.cpp\n'}
[1.024927] (px4_msgs) StdoutLine: {'line': b'-- Up-to-date: /home/nicolas/ws_ros2/install/px4_msgs/include/px4_msgs/px4_msgs/msg/detail/arming_check_reply__rosidl_typesupport_introspection_cpp.hpp\n'}
[1.024972] (px4_msgs) StdoutLine: {'line': b'-- Up-to-date: /home/nicolas/ws_ros2/install/px4_msgs/include/px4_msgs/px4_msgs/msg/detail/vehicle_acceleration__rosidl_typesupport_introspection_cpp.hpp\n'}
[1.025002] (px4_msgs) StdoutLine: {'line': b'-- Up-to-date: /home/nicolas/ws_ros2/install/px4_msgs/include/px4_msgs/px4_msgs/msg/detail/internal_combustion_engine_control__rosidl_typesupport_introspection_cpp.hpp\n'}
[1.025031] (px4_msgs) StdoutLine: {'line': b'-- Up-to-date: /home/nicolas/ws_ros2/install/px4_msgs/include/px4_msgs/px4_msgs/msg/detail/health_report__rosidl_typesupport_introspection_cpp.hpp\n'}
[1.025060] (px4_msgs) StdoutLine: {'line': b'-- Up-to-date: /home/nicolas/ws_ros2/install/px4_msgs/include/px4_msgs/px4_msgs/msg/detail/parameter_set_value_request__type_support.cpp\n'}
[1.025089] (px4_msgs) StdoutLine: {'line': b'-- Up-to-date: /home/nicolas/ws_ros2/install/px4_msgs/include/px4_msgs/px4_msgs/msg/detail/tiltrotor_extra_controls__type_support.cpp\n'}
[1.025123] (px4_msgs) StdoutLine: {'line': b'-- Up-to-date: /home/nicolas/ws_ros2/install/px4_msgs/include/px4_msgs/px4_msgs/msg/detail/gimbal_manager_status__type_support.cpp\n'}
[1.025156] (px4_msgs) StdoutLine: {'line': b'-- Up-to-date: /home/nicolas/ws_ros2/install/px4_msgs/include/px4_msgs/px4_msgs/msg/detail/power_monitor__rosidl_typesupport_introspection_cpp.hpp\n'}
[1.025187] (px4_msgs) StdoutLine: {'line': b'-- Up-to-date: /home/nicolas/ws_ros2/install/px4_msgs/include/px4_msgs/px4_msgs/msg/detail/autotune_attitude_control_status__type_support.cpp\n'}
[1.025220] (px4_msgs) StdoutLine: {'line': b'-- Up-to-date: /home/nicolas/ws_ros2/install/px4_msgs/include/px4_msgs/px4_msgs/msg/detail/open_drone_id_self_id__type_support.cpp\n'}
[1.025257] (px4_msgs) StdoutLine: {'line': b'-- Up-to-date: /home/nicolas/ws_ros2/install/px4_msgs/include/px4_msgs/px4_msgs/msg/detail/airspeed_wind__rosidl_typesupport_introspection_cpp.hpp\n'}
[1.025294] (px4_msgs) StdoutLine: {'line': b'-- Up-to-date: /home/nicolas/ws_ros2/install/px4_msgs/include/px4_msgs/px4_msgs/msg/detail/orb_test__type_support.cpp\n'}
[1.025332] (px4_msgs) StdoutLine: {'line': b'-- Up-to-date: /home/nicolas/ws_ros2/install/px4_msgs/include/px4_msgs/px4_msgs/msg/detail/landing_gear__rosidl_typesupport_introspection_cpp.hpp\n'}
[1.025370] (px4_msgs) StdoutLine: {'line': b'-- Up-to-date: /home/nicolas/ws_ros2/install/px4_msgs/include/px4_msgs/px4_msgs/msg/detail/vehicle_angular_velocity__rosidl_typesupport_introspection_cpp.hpp\n'}
[1.025439] (px4_msgs) StdoutLine: {'line': b'-- Up-to-date: /home/nicolas/ws_ros2/install/px4_msgs/include/px4_msgs/px4_msgs/msg/detail/rc_parameter_map__type_support.cpp\n'}
[1.025479] (px4_msgs) StdoutLine: {'line': b'-- Up-to-date: /home/nicolas/ws_ros2/install/px4_msgs/include/px4_msgs/px4_msgs/msg/detail/vehicle_attitude__type_support.cpp\n'}
[1.025516] (px4_msgs) StdoutLine: {'line': b'-- Up-to-date: /home/nicolas/ws_ros2/install/px4_msgs/include/px4_msgs/px4_msgs/msg/detail/rtl_status__type_support.cpp\n'}
[1.025570] (px4_msgs) StdoutLine: {'line': b'-- Up-to-date: /home/nicolas/ws_ros2/install/px4_msgs/include/px4_msgs/px4_msgs/msg/detail/qshell_req__rosidl_typesupport_introspection_cpp.hpp\n'}
[1.025610] (px4_msgs) StdoutLine: {'line': b'-- Up-to-date: /home/nicolas/ws_ros2/install/px4_msgs/include/px4_msgs/px4_msgs/msg/detail/sensor_optical_flow__type_support.cpp\n'}
[1.025646] (px4_msgs) StdoutLine: {'line': b'-- Up-to-date: /home/nicolas/ws_ros2/install/px4_msgs/include/px4_msgs/px4_msgs/msg/detail/open_drone_id_system__rosidl_typesupport_introspection_cpp.hpp\n'}
[1.025678] (px4_msgs) StdoutLine: {'line': b'-- Up-to-date: /home/nicolas/ws_ros2/install/px4_msgs/include/px4_msgs/px4_msgs/msg/detail/dronecan_node_status__rosidl_typesupport_introspection_cpp.hpp\n'}
[1.025710] (px4_msgs) StdoutLine: {'line': b'-- Up-to-date: /home/nicolas/ws_ros2/install/px4_msgs/include/px4_msgs/px4_msgs/msg/detail/rc_channels__rosidl_typesupport_introspection_cpp.hpp\n'}
[1.025743] (px4_msgs) StdoutLine: {'line': b'-- Up-to-date: /home/nicolas/ws_ros2/install/px4_msgs/include/px4_msgs/px4_msgs/msg/detail/wheel_encoders__rosidl_typesupport_introspection_cpp.hpp\n'}
[1.025775] (px4_msgs) StdoutLine: {'line': b'-- Up-to-date: /home/nicolas/ws_ros2/install/px4_msgs/include/px4_msgs/px4_msgs/msg/detail/led_control__rosidl_typesupport_introspection_cpp.hpp\n'}
[1.025810] (px4_msgs) StdoutLine: {'line': b'-- Up-to-date: /home/nicolas/ws_ros2/install/px4_msgs/include/px4_msgs/px4_msgs/msg/detail/orb_test_large__type_support.cpp\n'}
[1.025844] (px4_msgs) StdoutLine: {'line': b'-- Up-to-date: /home/nicolas/ws_ros2/install/px4_msgs/include/px4_msgs/px4_msgs/msg/detail/actuator_test__type_support.cpp\n'}
[1.025877] (px4_msgs) StdoutLine: {'line': b'-- Up-to-date: /home/nicolas/ws_ros2/install/px4_msgs/include/px4_msgs/px4_msgs/msg/detail/actuator_outputs__rosidl_typesupport_introspection_cpp.hpp\n'}
[1.025910] (px4_msgs) StdoutLine: {'line': b'-- Up-to-date: /home/nicolas/ws_ros2/install/px4_msgs/include/px4_msgs/px4_msgs/msg/detail/fixed_wing_lateral_status__type_support.cpp\n'}
[1.025964] (px4_msgs) StdoutLine: {'line': b'-- Up-to-date: /home/nicolas/ws_ros2/install/px4_msgs/include/px4_msgs/px4_msgs/msg/detail/transponder_report__type_support.cpp\n'}
[1.025997] (px4_msgs) StdoutLine: {'line': b'-- Up-to-date: /home/nicolas/ws_ros2/install/px4_msgs/include/px4_msgs/px4_msgs/msg/detail/rtl_status__rosidl_typesupport_introspection_cpp.hpp\n'}
[1.026029] (px4_msgs) StdoutLine: {'line': b'-- Up-to-date: /home/nicolas/ws_ros2/install/px4_msgs/include/px4_msgs/px4_msgs/msg/detail/mag_worker_data__type_support.cpp\n'}
[1.026063] (px4_msgs) StdoutLine: {'line': b'-- Up-to-date: /home/nicolas/ws_ros2/install/px4_msgs/include/px4_msgs/px4_msgs/msg/detail/cpuload__type_support.cpp\n'}
[1.026101] (px4_msgs) StdoutLine: {'line': b'-- Up-to-date: /home/nicolas/ws_ros2/install/px4_msgs/include/px4_msgs/px4_msgs/msg/detail/lateral_control_configuration__type_support.cpp\n'}
[1.026137] (px4_msgs) StdoutLine: {'line': b'-- Up-to-date: /home/nicolas/ws_ros2/install/px4_msgs/include/px4_msgs/px4_msgs/msg/detail/rover_steering_setpoint__rosidl_typesupport_introspection_cpp.hpp\n'}
[1.026173] (px4_msgs) StdoutLine: {'line': b'-- Up-to-date: /home/nicolas/ws_ros2/install/px4_msgs/include/px4_msgs/px4_msgs/msg/detail/differential_pressure__rosidl_typesupport_introspection_cpp.hpp\n'}
[1.026213] (px4_msgs) StdoutLine: {'line': b'-- Up-to-date: /home/nicolas/ws_ros2/install/px4_msgs/include/px4_msgs/px4_msgs/msg/detail/adc_report__type_support.cpp\n'}
[1.026253] (px4_msgs) StdoutLine: {'line': b'-- Up-to-date: /home/nicolas/ws_ros2/install/px4_msgs/include/px4_msgs/px4_msgs/msg/detail/actuator_controls_status__rosidl_typesupport_introspection_cpp.hpp\n'}
[1.026290] (px4_msgs) StdoutLine: {'line': b'-- Up-to-date: /home/nicolas/ws_ros2/install/px4_msgs/include/px4_msgs/px4_msgs/msg/detail/vehicle_global_position__rosidl_typesupport_introspection_cpp.hpp\n'}
[1.026327] (px4_msgs) StdoutLine: {'line': b'-- Up-to-date: /home/nicolas/ws_ros2/install/px4_msgs/include/px4_msgs/px4_msgs/msg/detail/vehicle_local_position__type_support.cpp\n'}
[1.026363] (px4_msgs) StdoutLine: {'line': b'-- Up-to-date: /home/nicolas/ws_ros2/install/px4_msgs/include/px4_msgs/px4_msgs/msg/detail/wheel_encoders__type_support.cpp\n'}
[1.026403] (px4_msgs) StdoutLine: {'line': b'-- Up-to-date: /home/nicolas/ws_ros2/install/px4_msgs/include/px4_msgs/px4_msgs/msg/detail/uavcan_parameter_request__type_support.cpp\n'}
[1.026451] (px4_msgs) StdoutLine: {'line': b'-- Up-to-date: /home/nicolas/ws_ros2/install/px4_msgs/include/px4_msgs/px4_msgs/msg/detail/esc_status__type_support.cpp\n'}
[1.026495] (px4_msgs) StdoutLine: {'line': b'-- Up-to-date: /home/nicolas/ws_ros2/install/px4_msgs/include/px4_msgs/px4_msgs/msg/detail/geofence_status__rosidl_typesupport_introspection_cpp.hpp\n'}
[1.026570] (px4_msgs) StdoutLine: {'line': b'-- Up-to-date: /home/nicolas/ws_ros2/install/px4_msgs/include/px4_msgs/px4_msgs/msg/detail/gpio_in__type_support.cpp\n'}
[1.026607] (px4_msgs) StdoutLine: {'line': b'-- Up-to-date: /home/nicolas/ws_ros2/install/px4_msgs/include/px4_msgs/px4_msgs/msg/detail/failsafe_flags__type_support.cpp\n'}
[1.026645] (px4_msgs) StdoutLine: {'line': b'-- Up-to-date: /home/nicolas/ws_ros2/install/px4_msgs/include/px4_msgs/px4_msgs/msg/detail/pwm_input__rosidl_typesupport_introspection_cpp.hpp\n'}
[1.026678] (px4_msgs) StdoutLine: {'line': b'-- Up-to-date: /home/nicolas/ws_ros2/install/px4_msgs/include/px4_msgs/px4_msgs/msg/detail/parameter_update__rosidl_typesupport_introspection_cpp.hpp\n'}
[1.026712] (px4_msgs) StdoutLine: {'line': b'-- Up-to-date: /home/nicolas/ws_ros2/install/px4_msgs/include/px4_msgs/px4_msgs/msg/detail/estimator_states__rosidl_typesupport_introspection_cpp.hpp\n'}
[1.026773] (px4_msgs) StdoutLine: {'line': b'-- Up-to-date: /home/nicolas/ws_ros2/install/px4_msgs/include/px4_msgs/px4_msgs/msg/detail/orbit_status__type_support.cpp\n'}
[1.026815] (px4_msgs) StdoutLine: {'line': b'-- Up-to-date: /home/nicolas/ws_ros2/install/px4_msgs/include/px4_msgs/px4_msgs/msg/detail/distance_sensor__rosidl_typesupport_introspection_cpp.hpp\n'}
[1.026850] (px4_msgs) StdoutLine: {'line': b'-- Up-to-date: /home/nicolas/ws_ros2/install/px4_msgs/include/px4_msgs/px4_msgs/msg/detail/health_report__type_support.cpp\n'}
[1.026882] (px4_msgs) StdoutLine: {'line': b'-- Up-to-date: /home/nicolas/ws_ros2/install/px4_msgs/include/px4_msgs/px4_msgs/msg/detail/mission__rosidl_typesupport_introspection_cpp.hpp\n'}
[1.026924] (px4_msgs) StdoutLine: {'line': b'-- Up-to-date: /home/nicolas/ws_ros2/install/px4_msgs/include/px4_msgs/px4_msgs/msg/detail/gripper__type_support.cpp\n'}
[1.026955] (px4_msgs) StdoutLine: {'line': b'-- Up-to-date: /home/nicolas/ws_ros2/install/px4_msgs/include/px4_msgs/px4_msgs/msg/detail/sensor_accel_fifo__rosidl_typesupport_introspection_cpp.hpp\n'}
[1.026985] (px4_msgs) StdoutLine: {'line': b'-- Up-to-date: /home/nicolas/ws_ros2/install/px4_msgs/include/px4_msgs/px4_msgs/msg/detail/register_ext_component_request__type_support.cpp\n'}
[1.027034] (px4_msgs) StdoutLine: {'line': b'-- Up-to-date: /home/nicolas/ws_ros2/install/px4_msgs/include/px4_msgs/px4_msgs/msg/detail/geofence_result__rosidl_typesupport_introspection_cpp.hpp\n'}
[1.027064] (px4_msgs) StdoutLine: {'line': b'-- Up-to-date: /home/nicolas/ws_ros2/install/px4_msgs/include/px4_msgs/px4_msgs/msg/detail/px4io_status__type_support.cpp\n'}
[1.027094] (px4_msgs) StdoutLine: {'line': b'-- Up-to-date: /home/nicolas/ws_ros2/install/px4_msgs/include/px4_msgs/px4_msgs/msg/detail/qshell_retval__type_support.cpp\n'}
[1.027123] (px4_msgs) StdoutLine: {'line': b'-- Up-to-date: /home/nicolas/ws_ros2/install/px4_msgs/include/px4_msgs/px4_msgs/msg/detail/iridiumsbd_status__type_support.cpp\n'}
[1.027151] (px4_msgs) StdoutLine: {'line': b'-- Up-to-date: /home/nicolas/ws_ros2/install/px4_msgs/include/px4_msgs/px4_msgs/msg/detail/input_rc__rosidl_typesupport_introspection_cpp.hpp\n'}
[1.027181] (px4_msgs) StdoutLine: {'line': b'-- Up-to-date: /home/nicolas/ws_ros2/install/px4_msgs/include/px4_msgs/px4_msgs/msg/detail/vehicle_constraints__type_support.cpp\n'}
[1.027209] (px4_msgs) StdoutLine: {'line': b'-- Up-to-date: /home/nicolas/ws_ros2/install/px4_msgs/include/px4_msgs/px4_msgs/msg/detail/mount_orientation__type_support.cpp\n'}
[1.027238] (px4_msgs) StdoutLine: {'line': b'-- Up-to-date: /home/nicolas/ws_ros2/install/px4_msgs/include/px4_msgs/px4_msgs/msg/detail/gimbal_manager_information__rosidl_typesupport_introspection_cpp.hpp\n'}
[1.027269] (px4_msgs) StdoutLine: {'line': b'-- Up-to-date: /home/nicolas/ws_ros2/install/px4_msgs/include/px4_msgs/px4_msgs/msg/detail/unregister_ext_component__rosidl_typesupport_introspection_cpp.hpp\n'}
[1.027300] (px4_msgs) StdoutLine: {'line': b'-- Up-to-date: /home/nicolas/ws_ros2/install/px4_msgs/include/px4_msgs/px4_msgs/msg/detail/pps_capture__rosidl_typesupport_introspection_cpp.hpp\n'}
[1.027330] (px4_msgs) StdoutLine: {'line': b'-- Up-to-date: /home/nicolas/ws_ros2/install/px4_msgs/include/px4_msgs/px4_msgs/msg/detail/parameter_update__type_support.cpp\n'}
[1.027359] (px4_msgs) StdoutLine: {'line': b'-- Up-to-date: /home/nicolas/ws_ros2/install/px4_msgs/include/px4_msgs/px4_msgs/msg/detail/cpuload__rosidl_typesupport_introspection_cpp.hpp\n'}
[1.027390] (px4_msgs) StdoutLine: {'line': b'-- Up-to-date: /home/nicolas/ws_ros2/install/px4_msgs/include/px4_msgs/px4_msgs/msg/detail/open_drone_id_operator_id__rosidl_typesupport_introspection_cpp.hpp\n'}
[1.027422] (px4_msgs) StdoutLine: {'line': b'-- Up-to-date: /home/nicolas/ws_ros2/install/px4_msgs/include/px4_msgs/px4_msgs/msg/detail/esc_report__type_support.cpp\n'}
[1.027464] (px4_msgs) StdoutLine: {'line': b'-- Up-to-date: /home/nicolas/ws_ros2/install/px4_msgs/include/px4_msgs/px4_msgs/msg/detail/follow_target__rosidl_typesupport_introspection_cpp.hpp\n'}
[1.027497] (px4_msgs) StdoutLine: {'line': b'-- Up-to-date: /home/nicolas/ws_ros2/install/px4_msgs/include/px4_msgs/px4_msgs/msg/detail/follow_target_status__rosidl_typesupport_introspection_cpp.hpp\n'}
[1.027531] (px4_msgs) StdoutLine: {'line': b'-- Up-to-date: /home/nicolas/ws_ros2/install/px4_msgs/include/px4_msgs/px4_msgs/msg/detail/sensor_preflight_mag__type_support.cpp\n'}
[1.027584] (px4_msgs) StdoutLine: {'line': b'-- Up-to-date: /home/nicolas/ws_ros2/install/px4_msgs/include/px4_msgs/px4_msgs/msg/detail/irlock_report__rosidl_typesupport_introspection_cpp.hpp\n'}
[1.027625] (px4_msgs) StdoutLine: {'line': b'-- Up-to-date: /home/nicolas/ws_ros2/install/px4_msgs/include/px4_msgs/px4_msgs/msg/detail/rover_throttle_setpoint__type_support.cpp\n'}
[1.027657] (px4_msgs) StdoutLine: {'line': b'-- Up-to-date: /home/nicolas/ws_ros2/install/px4_msgs/include/px4_msgs/px4_msgs/msg/detail/can_interface_status__type_support.cpp\n'}
[1.027687] (px4_msgs) StdoutLine: {'line': b'-- Up-to-date: /home/nicolas/ws_ros2/install/px4_msgs/include/px4_msgs/px4_msgs/msg/detail/mode_completed__type_support.cpp\n'}
[1.027717] (px4_msgs) StdoutLine: {'line': b'-- Up-to-date: /home/nicolas/ws_ros2/install/px4_msgs/include/px4_msgs/px4_msgs/msg/detail/position_controller_status__rosidl_typesupport_introspection_cpp.hpp\n'}
[1.027750] (px4_msgs) StdoutLine: {'line': b'-- Up-to-date: /home/nicolas/ws_ros2/install/px4_msgs/include/px4_msgs/px4_msgs/msg/detail/logger_status__rosidl_typesupport_introspection_cpp.hpp\n'}
[1.027784] (px4_msgs) StdoutLine: {'line': b'-- Up-to-date: /home/nicolas/ws_ros2/install/px4_msgs/include/px4_msgs/px4_msgs/msg/detail/register_ext_component_request__rosidl_typesupport_introspection_cpp.hpp\n'}
[1.027817] (px4_msgs) StdoutLine: {'line': b'-- Up-to-date: /home/nicolas/ws_ros2/install/px4_msgs/include/px4_msgs/px4_msgs/msg/detail/launch_detection_status__type_support.cpp\n'}
[1.027851] (px4_msgs) StdoutLine: {'line': b'-- Up-to-date: /home/nicolas/ws_ros2/install/px4_msgs/include/px4_msgs/px4_msgs/msg/detail/navigator_mission_item__rosidl_typesupport_introspection_cpp.hpp\n'}
[1.027884] (px4_msgs) StdoutLine: {'line': b'-- Up-to-date: /home/nicolas/ws_ros2/install/px4_msgs/include/px4_msgs/px4_msgs/msg/detail/internal_combustion_engine_status__type_support.cpp\n'}
[1.027917] (px4_msgs) StdoutLine: {'line': b'-- Up-to-date: /home/nicolas/ws_ros2/install/px4_msgs/include/px4_msgs/px4_msgs/msg/detail/rover_rate_status__rosidl_typesupport_introspection_cpp.hpp\n'}
[1.027950] (px4_msgs) StdoutLine: {'line': b'-- Up-to-date: /home/nicolas/ws_ros2/install/px4_msgs/include/px4_msgs/px4_msgs/msg/detail/vehicle_imu_status__rosidl_typesupport_introspection_cpp.hpp\n'}
[1.027983] (px4_msgs) StdoutLine: {'line': b'-- Up-to-date: /home/nicolas/ws_ros2/install/px4_msgs/include/px4_msgs/px4_msgs/msg/detail/vehicle_local_position_setpoint__type_support.cpp\n'}
[1.028015] (px4_msgs) StdoutLine: {'line': b'-- Up-to-date: /home/nicolas/ws_ros2/install/px4_msgs/include/px4_msgs/px4_msgs/msg/detail/estimator_bias__type_support.cpp\n'}
[1.028048] (px4_msgs) StdoutLine: {'line': b'-- Up-to-date: /home/nicolas/ws_ros2/install/px4_msgs/include/px4_msgs/px4_msgs/msg/detail/sensor_accel__type_support.cpp\n'}
[1.028106] (px4_msgs) StdoutLine: {'line': b'-- Up-to-date: /home/nicolas/ws_ros2/install/px4_msgs/include/px4_msgs/px4_msgs/msg/detail/vehicle_torque_setpoint__rosidl_typesupport_introspection_cpp.hpp\n'}
[1.028140] (px4_msgs) StdoutLine: {'line': b'-- Up-to-date: /home/nicolas/ws_ros2/install/px4_msgs/include/px4_msgs/px4_msgs/msg/detail/gimbal_manager_set_manual_control__rosidl_typesupport_introspection_cpp.hpp\n'}
[1.028173] (px4_msgs) StdoutLine: {'line': b'-- Up-to-date: /home/nicolas/ws_ros2/install/px4_msgs/include/px4_msgs/px4_msgs/msg/detail/input_rc__type_support.cpp\n'}
[1.028207] (px4_msgs) StdoutLine: {'line': b'-- Up-to-date: /home/nicolas/ws_ros2/install/px4_msgs/include/px4_msgs/px4_msgs/msg/detail/airspeed_wind__type_support.cpp\n'}
[1.028241] (px4_msgs) StdoutLine: {'line': b'-- Up-to-date: /home/nicolas/ws_ros2/install/px4_msgs/include/px4_msgs/px4_msgs/msg/detail/obstacle_distance__type_support.cpp\n'}
[1.028273] (px4_msgs) StdoutLine: {'line': b'-- Up-to-date: /home/nicolas/ws_ros2/install/px4_msgs/include/px4_msgs/px4_msgs/msg/detail/sensor_gyro_fifo__rosidl_typesupport_introspection_cpp.hpp\n'}
[1.028306] (px4_msgs) StdoutLine: {'line': b'-- Up-to-date: /home/nicolas/ws_ros2/install/px4_msgs/include/px4_msgs/px4_msgs/msg/detail/gimbal_manager_status__rosidl_typesupport_introspection_cpp.hpp\n'}
[1.028362] (px4_msgs) StdoutLine: {'line': b'-- Up-to-date: /home/nicolas/ws_ros2/install/px4_msgs/include/px4_msgs/px4_msgs/msg/detail/gimbal_controls__type_support.cpp\n'}
[1.028395] (px4_msgs) StdoutLine: {'line': b'-- Up-to-date: /home/nicolas/ws_ros2/install/px4_msgs/include/px4_msgs/px4_msgs/msg/detail/estimator_bias3d__type_support.cpp\n'}
[1.028452] (px4_msgs) StdoutLine: {'line': b'-- Up-to-date: /home/nicolas/ws_ros2/install/px4_msgs/include/px4_msgs/px4_msgs/msg/detail/system_power__rosidl_typesupport_introspection_cpp.hpp\n'}
[1.028486] (px4_msgs) StdoutLine: {'line': b'-- Up-to-date: /home/nicolas/ws_ros2/install/px4_msgs/include/px4_msgs/px4_msgs/msg/detail/position_controller_landing_status__rosidl_typesupport_introspection_cpp.hpp\n'}
[1.028521] (px4_msgs) StdoutLine: {'line': b'-- Up-to-date: /home/nicolas/ws_ros2/install/px4_msgs/include/px4_msgs/px4_msgs/msg/detail/airspeed__type_support.cpp\n'}
[1.028554] (px4_msgs) StdoutLine: {'line': b'-- Up-to-date: /home/nicolas/ws_ros2/install/px4_msgs/include/px4_msgs/px4_msgs/msg/detail/led_control__type_support.cpp\n'}
[1.028605] (px4_msgs) StdoutLine: {'line': b'-- Up-to-date: /home/nicolas/ws_ros2/install/px4_msgs/include/px4_msgs/px4_msgs/msg/detail/orb_test_medium__type_support.cpp\n'}
[1.028636] (px4_msgs) StdoutLine: {'line': b'-- Up-to-date: /home/nicolas/ws_ros2/install/px4_msgs/include/px4_msgs/px4_msgs/msg/detail/estimator_gps_status__type_support.cpp\n'}
[1.028679] (px4_msgs) StdoutLine: {'line': b'-- Up-to-date: /home/nicolas/ws_ros2/install/px4_msgs/include/px4_msgs/px4_msgs/msg/detail/config_overrides__rosidl_typesupport_introspection_cpp.hpp\n'}
[1.028712] (px4_msgs) StdoutLine: {'line': b'-- Up-to-date: /home/nicolas/ws_ros2/install/px4_msgs/include/px4_msgs/px4_msgs/msg/detail/vehicle_optical_flow_vel__type_support.cpp\n'}
[1.028746] (px4_msgs) StdoutLine: {'line': b'-- Up-to-date: /home/nicolas/ws_ros2/install/px4_msgs/include/px4_msgs/px4_msgs/msg/detail/dataman_request__type_support.cpp\n'}
[1.028780] (px4_msgs) StdoutLine: {'line': b'-- Up-to-date: /home/nicolas/ws_ros2/install/px4_msgs/include/px4_msgs/px4_msgs/msg/detail/sensor_gyro__type_support.cpp\n'}
[1.028816] (px4_msgs) StdoutLine: {'line': b'-- Up-to-date: /home/nicolas/ws_ros2/install/px4_msgs/include/px4_msgs/px4_msgs/msg/detail/parameter_set_used_request__type_support.cpp\n'}
[1.028850] (px4_msgs) StdoutLine: {'line': b'-- Up-to-date: /home/nicolas/ws_ros2/install/px4_msgs/include/px4_msgs/px4_msgs/msg/detail/heater_status__type_support.cpp\n'}
[1.028884] (px4_msgs) StdoutLine: {'line': b'-- Up-to-date: /home/nicolas/ws_ros2/install/px4_msgs/include/px4_msgs/px4_msgs/msg/detail/message_format_request__type_support.cpp\n'}
[1.028918] (px4_msgs) StdoutLine: {'line': b'-- Up-to-date: /home/nicolas/ws_ros2/install/px4_msgs/include/px4_msgs/px4_msgs/msg/detail/vtol_vehicle_status__type_support.cpp\n'}
[1.028951] (px4_msgs) StdoutLine: {'line': b'-- Up-to-date: /home/nicolas/ws_ros2/install/px4_msgs/include/px4_msgs/px4_msgs/msg/detail/control_allocator_status__rosidl_typesupport_introspection_cpp.hpp\n'}
[1.028986] (px4_msgs) StdoutLine: {'line': b'-- Up-to-date: /home/nicolas/ws_ros2/install/px4_msgs/include/px4_msgs/px4_msgs/msg/detail/rover_attitude_setpoint__rosidl_typesupport_introspection_cpp.hpp\n'}
[1.029020] (px4_msgs) StdoutLine: {'line': b'-- Up-to-date: /home/nicolas/ws_ros2/install/px4_msgs/include/px4_msgs/px4_msgs/msg/detail/sensor_correction__rosidl_typesupport_introspection_cpp.hpp\n'}
[1.029053] (px4_msgs) StdoutLine: {'line': b'-- Up-to-date: /home/nicolas/ws_ros2/install/px4_msgs/include/px4_msgs/px4_msgs/msg/detail/yaw_estimator_status__type_support.cpp\n'}
[1.029085] (px4_msgs) StdoutLine: {'line': b'-- Up-to-date: /home/nicolas/ws_ros2/install/px4_msgs/include/px4_msgs/px4_msgs/msg/detail/fuel_tank_status__type_support.cpp\n'}
[1.029117] (px4_msgs) StdoutLine: {'line': b'-- Up-to-date: /home/nicolas/ws_ros2/install/px4_msgs/include/px4_msgs/px4_msgs/msg/detail/trajectory_setpoint__rosidl_typesupport_introspection_cpp.hpp\n'}
[1.029180] (px4_msgs) StdoutLine: {'line': b'-- Up-to-date: /home/nicolas/ws_ros2/install/px4_msgs/include/px4_msgs/px4_msgs/msg/detail/parameter_set_used_request__rosidl_typesupport_introspection_cpp.hpp\n'}
[1.029210] (px4_msgs) StdoutLine: {'line': b'-- Up-to-date: /home/nicolas/ws_ros2/install/px4_msgs/include/px4_msgs/px4_msgs/msg/detail/estimator_sensor_bias__rosidl_typesupport_introspection_cpp.hpp\n'}
[1.029240] (px4_msgs) StdoutLine: {'line': b'-- Up-to-date: /home/nicolas/ws_ros2/install/px4_msgs/include/px4_msgs/px4_msgs/msg/detail/internal_combustion_engine_control__type_support.cpp\n'}
[1.029271] (px4_msgs) StdoutLine: {'line': b'-- Up-to-date: /home/nicolas/ws_ros2/install/px4_msgs/include/px4_msgs/px4_msgs/msg/detail/dronecan_node_status__type_support.cpp\n'}
[1.029304] (px4_msgs) StdoutLine: {'line': b'-- Up-to-date: /home/nicolas/ws_ros2/install/px4_msgs/include/px4_msgs/px4_msgs/msg/detail/gimbal_manager_set_manual_control__type_support.cpp\n'}
[1.029335] (px4_msgs) StdoutLine: {'line': b'-- Up-to-date: /home/nicolas/ws_ros2/install/px4_msgs/include/px4_msgs/px4_msgs/msg/detail/power_button_state__rosidl_typesupport_introspection_cpp.hpp\n'}
[1.029366] (px4_msgs) StdoutLine: {'line': b'-- Up-to-date: /home/nicolas/ws_ros2/install/px4_msgs/include/px4_msgs/px4_msgs/msg/detail/task_stack_info__type_support.cpp\n'}
[1.029398] (px4_msgs) StdoutLine: {'line': b'-- Up-to-date: /home/nicolas/ws_ros2/install/px4_msgs/include/px4_msgs/px4_msgs/msg/detail/ping__rosidl_typesupport_introspection_cpp.hpp\n'}
[1.029434] (px4_msgs) StdoutLine: {'line': b'-- Up-to-date: /home/nicolas/ws_ros2/install/px4_msgs/include/px4_msgs/px4_msgs/msg/detail/goto_setpoint__rosidl_typesupport_introspection_cpp.hpp\n'}
[1.029470] (px4_msgs) StdoutLine: {'line': b'-- Up-to-date: /home/nicolas/ws_ros2/install/px4_msgs/include/px4_msgs/px4_msgs/msg/detail/battery_status__type_support.cpp\n'}
[1.029503] (px4_msgs) StdoutLine: {'line': b'-- Up-to-date: /home/nicolas/ws_ros2/install/px4_msgs/include/px4_msgs/px4_msgs/msg/detail/debug_key_value__rosidl_typesupport_introspection_cpp.hpp\n'}
[1.029534] (px4_msgs) StdoutLine: {'line': b'-- Up-to-date: /home/nicolas/ws_ros2/install/px4_msgs/include/px4_msgs/px4_msgs/msg/detail/camera_status__type_support.cpp\n'}
[1.029588] (px4_msgs) StdoutLine: {'line': b'-- Up-to-date: /home/nicolas/ws_ros2/install/px4_msgs/include/px4_msgs/px4_msgs/msg/detail/vehicle_roi__rosidl_typesupport_introspection_cpp.hpp\n'}
[1.029623] (px4_msgs) StdoutLine: {'line': b'-- Up-to-date: /home/nicolas/ws_ros2/install/px4_msgs/include/px4_msgs/px4_msgs/msg/detail/open_drone_id_system__type_support.cpp\n'}
[1.029657] (px4_msgs) StdoutLine: {'line': b'-- Up-to-date: /home/nicolas/ws_ros2/install/px4_msgs/include/px4_msgs/px4_msgs/msg/detail/orb_test_large__rosidl_typesupport_introspection_cpp.hpp\n'}
[1.029691] (px4_msgs) StdoutLine: {'line': b'-- Up-to-date: /home/nicolas/ws_ros2/install/px4_msgs/include/px4_msgs/px4_msgs/msg/detail/landing_target_pose__type_support.cpp\n'}
[1.029746] (px4_msgs) StdoutLine: {'line': b'-- Up-to-date: /home/nicolas/ws_ros2/install/px4_msgs/include/px4_msgs/px4_msgs/msg/detail/mag_worker_data__rosidl_typesupport_introspection_cpp.hpp\n'}
[1.029778] (px4_msgs) StdoutLine: {'line': b'-- Up-to-date: /home/nicolas/ws_ros2/install/px4_msgs/include/px4_msgs/px4_msgs/msg/detail/ulog_stream_ack__type_support.cpp\n'}
[1.029808] (px4_msgs) StdoutLine: {'line': b'-- Up-to-date: /home/nicolas/ws_ros2/install/px4_msgs/include/px4_msgs/px4_msgs/msg/detail/vehicle_odometry__rosidl_typesupport_introspection_cpp.hpp\n'}
[1.029843] (px4_msgs) StdoutLine: {'line': b'-- Up-to-date: /home/nicolas/ws_ros2/install/px4_msgs/include/px4_msgs/px4_msgs/msg/detail/gpio_config__rosidl_typesupport_introspection_cpp.hpp\n'}
[1.029875] (px4_msgs) StdoutLine: {'line': b'-- Up-to-date: /home/nicolas/ws_ros2/install/px4_msgs/include/px4_msgs/px4_msgs/msg/detail/gps_inject_data__type_support.cpp\n'}
[1.029906] (px4_msgs) StdoutLine: {'line': b'-- Up-to-date: /home/nicolas/ws_ros2/install/px4_msgs/include/px4_msgs/px4_msgs/msg/detail/register_ext_component_reply__type_support.cpp\n'}
[1.029955] (px4_msgs) StdoutLine: {'line': b'-- Up-to-date: /home/nicolas/ws_ros2/install/px4_msgs/include/px4_msgs/px4_msgs/msg/detail/rate_ctrl_status__type_support.cpp\n'}
[1.029986] (px4_msgs) StdoutLine: {'line': b'-- Up-to-date: /home/nicolas/ws_ros2/install/px4_msgs/include/px4_msgs/px4_msgs/msg/detail/fixed_wing_runway_control__type_support.cpp\n'}
[1.030017] (px4_msgs) StdoutLine: {'line': b'-- Up-to-date: /home/nicolas/ws_ros2/install/px4_msgs/include/px4_msgs/px4_msgs/msg/detail/orbit_status__rosidl_typesupport_introspection_cpp.hpp\n'}
[1.030061] (px4_msgs) StdoutLine: {'line': b'-- Up-to-date: /home/nicolas/ws_ros2/install/px4_msgs/include/px4_msgs/px4_msgs/msg/detail/gpio_request__type_support.cpp\n'}
[1.030091] (px4_msgs) StdoutLine: {'line': b'-- Up-to-date: /home/nicolas/ws_ros2/install/px4_msgs/include/px4_msgs/px4_msgs/msg/detail/pure_pursuit_status__rosidl_typesupport_introspection_cpp.hpp\n'}
[1.030120] (px4_msgs) StdoutLine: {'line': b'-- Up-to-date: /home/nicolas/ws_ros2/install/px4_msgs/include/px4_msgs/px4_msgs/msg/detail/mission__type_support.cpp\n'}
[1.030151] (px4_msgs) StdoutLine: {'line': b'-- Up-to-date: /home/nicolas/ws_ros2/install/px4_msgs/include/px4_msgs/px4_msgs/msg/detail/rc_parameter_map__rosidl_typesupport_introspection_cpp.hpp\n'}
[1.030180] (px4_msgs) StdoutLine: {'line': b'-- Up-to-date: /home/nicolas/ws_ros2/install/px4_msgs/include/px4_msgs/px4_msgs/msg/detail/sensor_gyro__rosidl_typesupport_introspection_cpp.hpp\n'}
[1.030209] (px4_msgs) StdoutLine: {'line': b'-- Up-to-date: /home/nicolas/ws_ros2/install/px4_msgs/include/px4_msgs/px4_msgs/msg/detail/geofence_status__type_support.cpp\n'}
[1.030237] (px4_msgs) StdoutLine: {'line': b'-- Up-to-date: /home/nicolas/ws_ros2/install/px4_msgs/include/px4_msgs/px4_msgs/msg/detail/navigator_mission_item__type_support.cpp\n'}
[1.030265] (px4_msgs) StdoutLine: {'line': b'-- Up-to-date: /home/nicolas/ws_ros2/install/px4_msgs/include/px4_msgs/px4_msgs/msg/detail/rover_position_setpoint__type_support.cpp\n'}
[1.030296] (px4_msgs) StdoutLine: {'line': b'-- Up-to-date: /home/nicolas/ws_ros2/install/px4_msgs/include/px4_msgs/px4_msgs/msg/detail/action_request__rosidl_typesupport_introspection_cpp.hpp\n'}
[1.030329] (px4_msgs) StdoutLine: {'line': b'-- Up-to-date: /home/nicolas/ws_ros2/install/px4_msgs/include/px4_msgs/px4_msgs/msg/detail/parameter_set_value_response__type_support.cpp\n'}
[1.030360] (px4_msgs) StdoutLine: {'line': b'-- Up-to-date: /home/nicolas/ws_ros2/install/px4_msgs/include/px4_msgs/px4_msgs/msg/detail/sensor_combined__rosidl_typesupport_introspection_cpp.hpp\n'}
[1.030402] (px4_msgs) StdoutLine: {'line': b'-- Up-to-date: /home/nicolas/ws_ros2/install/px4_msgs/include/px4_msgs/px4_msgs/msg/detail/vehicle_land_detected__type_support.cpp\n'}
[1.030438] (px4_msgs) StdoutLine: {'line': b'-- Up-to-date: /home/nicolas/ws_ros2/install/px4_msgs/include/px4_msgs/px4_msgs/msg/detail/estimator_status_flags__type_support.cpp\n'}
[1.030475] (px4_msgs) StdoutLine: {'line': b'-- Up-to-date: /home/nicolas/ws_ros2/install/px4_msgs/include/px4_msgs/px4_msgs/msg/detail/sensor_optical_flow__rosidl_typesupport_introspection_cpp.hpp\n'}
[1.030563] (px4_msgs) StdoutLine: {'line': b'-- Up-to-date: /home/nicolas/ws_ros2/install/px4_msgs/include/px4_msgs/px4_msgs/msg/detail/vehicle_local_position__rosidl_typesupport_introspection_cpp.hpp\n'}
[1.030622] (px4_msgs) StdoutLine: {'line': b'-- Up-to-date: /home/nicolas/ws_ros2/install/px4_msgs/include/px4_msgs/px4_msgs/msg/detail/sensor_gnss_relative__type_support.cpp\n'}
[1.030664] (px4_msgs) StdoutLine: {'line': b'-- Up-to-date: /home/nicolas/ws_ros2/install/px4_msgs/include/px4_msgs/px4_msgs/msg/detail/sensor_gps__rosidl_typesupport_introspection_cpp.hpp\n'}
[1.030714] (px4_msgs) StdoutLine: {'line': b'-- Up-to-date: /home/nicolas/ws_ros2/install/px4_msgs/include/px4_msgs/px4_msgs/msg/detail/debug_value__rosidl_typesupport_introspection_cpp.hpp\n'}
[1.030779] (px4_msgs) StdoutLine: {'line': b'-- Up-to-date: /home/nicolas/ws_ros2/install/px4_msgs/include/px4_msgs/px4_msgs/msg/detail/tiltrotor_extra_controls__rosidl_typesupport_introspection_cpp.hpp\n'}
[1.030833] (px4_msgs) StdoutLine: {'line': b'-- Up-to-date: /home/nicolas/ws_ros2/install/px4_msgs/include/px4_msgs/px4_msgs/msg/detail/position_controller_landing_status__type_support.cpp\n'}
[1.030870] (px4_msgs) StdoutLine: {'line': b'-- Up-to-date: /home/nicolas/ws_ros2/install/px4_msgs/include/px4_msgs/px4_msgs/msg/detail/landing_target_innovations__type_support.cpp\n'}
[1.030905] (px4_msgs) StdoutLine: {'line': b'-- Up-to-date: /home/nicolas/ws_ros2/install/px4_msgs/include/px4_msgs/px4_msgs/msg/detail/message_format_response__rosidl_typesupport_introspection_cpp.hpp\n'}
[1.030938] (px4_msgs) StdoutLine: {'line': b'-- Up-to-date: /home/nicolas/ws_ros2/install/px4_msgs/include/px4_msgs/px4_msgs/msg/detail/landing_gear_wheel__rosidl_typesupport_introspection_cpp.hpp\n'}
[1.030970] (px4_msgs) StdoutLine: {'line': b'-- Up-to-date: /home/nicolas/ws_ros2/install/px4_msgs/include/px4_msgs/px4_msgs/msg/detail/camera_trigger__rosidl_typesupport_introspection_cpp.hpp\n'}
[1.031003] (px4_msgs) StdoutLine: {'line': b'-- Up-to-date: /home/nicolas/ws_ros2/install/px4_msgs/include/px4_msgs/px4_msgs/msg/detail/landing_target_pose__rosidl_typesupport_introspection_cpp.hpp\n'}
[1.031034] (px4_msgs) StdoutLine: {'line': b'-- Up-to-date: /home/nicolas/ws_ros2/install/px4_msgs/include/px4_msgs/px4_msgs/msg/detail/position_setpoint__type_support.cpp\n'}
[1.031066] (px4_msgs) StdoutLine: {'line': b'-- Up-to-date: /home/nicolas/ws_ros2/install/px4_msgs/include/px4_msgs/px4_msgs/msg/detail/cellular_status__type_support.cpp\n'}
[1.031098] (px4_msgs) StdoutLine: {'line': b'-- Up-to-date: /home/nicolas/ws_ros2/install/px4_msgs/include/px4_msgs/px4_msgs/msg/detail/sensor_mag__type_support.cpp\n'}
[1.031130] (px4_msgs) StdoutLine: {'line': b'-- Up-to-date: /home/nicolas/ws_ros2/install/px4_msgs/include/px4_msgs/px4_msgs/msg/detail/actuator_controls_status__type_support.cpp\n'}
[1.031162] (px4_msgs) StdoutLine: {'line': b'-- Up-to-date: /home/nicolas/ws_ros2/install/px4_msgs/include/px4_msgs/px4_msgs/msg/detail/arming_check_request__type_support.cpp\n'}
[1.031195] (px4_msgs) StdoutLine: {'line': b'-- Up-to-date: /home/nicolas/ws_ros2/install/px4_msgs/include/px4_msgs/px4_msgs/msg/detail/rate_ctrl_status__rosidl_typesupport_introspection_cpp.hpp\n'}
[1.031227] (px4_msgs) StdoutLine: {'line': b'-- Up-to-date: /home/nicolas/ws_ros2/install/px4_msgs/include/px4_msgs/px4_msgs/msg/detail/mission_result__type_support.cpp\n'}
[1.031260] (px4_msgs) StdoutLine: {'line': b'-- Up-to-date: /home/nicolas/ws_ros2/install/px4_msgs/include/px4_msgs/px4_msgs/msg/detail/orb_test__rosidl_typesupport_introspection_cpp.hpp\n'}
[1.031294] (px4_msgs) StdoutLine: {'line': b'-- Up-to-date: /home/nicolas/ws_ros2/install/px4_msgs/include/px4_msgs/px4_msgs/msg/detail/qshell_req__type_support.cpp\n'}
[1.031327] (px4_msgs) StdoutLine: {'line': b'-- Up-to-date: /home/nicolas/ws_ros2/install/px4_msgs/include/px4_msgs/px4_msgs/msg/detail/rover_speed_status__type_support.cpp\n'}
[1.031361] (px4_msgs) StdoutLine: {'line': b'-- Up-to-date: /home/nicolas/ws_ros2/install/px4_msgs/include/px4_msgs/px4_msgs/msg/detail/landing_gear__type_support.cpp\n'}
[1.031393] (px4_msgs) StdoutLine: {'line': b'-- Up-to-date: /home/nicolas/ws_ros2/install/px4_msgs/include/px4_msgs/px4_msgs/msg/detail/trajectory_setpoint__type_support.cpp\n'}
[1.031430] (px4_msgs) StdoutLine: {'line': b'-- Up-to-date: /home/nicolas/ws_ros2/install/px4_msgs/include/px4_msgs/px4_msgs/msg/detail/estimator_selector_status__type_support.cpp\n'}
[1.031468] (px4_msgs) StdoutLine: {'line': b'-- Up-to-date: /home/nicolas/ws_ros2/install/px4_msgs/include/px4_msgs/px4_msgs/msg/detail/parameter_set_value_response__rosidl_typesupport_introspection_cpp.hpp\n'}
[1.031501] (px4_msgs) StdoutLine: {'line': b'-- Up-to-date: /home/nicolas/ws_ros2/install/px4_msgs/include/px4_msgs/px4_msgs/msg/detail/manual_control_setpoint__rosidl_typesupport_introspection_cpp.hpp\n'}
[1.031567] (px4_msgs) StdoutLine: {'line': b'-- Up-to-date: /home/nicolas/ws_ros2/install/px4_msgs/include/px4_msgs/px4_msgs/msg/detail/actuator_servos__type_support.cpp\n'}
[1.031600] (px4_msgs) StdoutLine: {'line': b'-- Up-to-date: /home/nicolas/ws_ros2/install/px4_msgs/include/px4_msgs/px4_msgs/msg/detail/mavlink_log__type_support.cpp\n'}
[1.031631] (px4_msgs) StdoutLine: {'line': b'-- Up-to-date: /home/nicolas/ws_ros2/install/px4_msgs/include/px4_msgs/px4_msgs/msg/detail/rpm__type_support.cpp\n'}
[1.031666] (px4_msgs) StdoutLine: {'line': b'-- Up-to-date: /home/nicolas/ws_ros2/install/px4_msgs/include/px4_msgs/px4_msgs/msg/detail/vehicle_odometry__type_support.cpp\n'}
[1.031696] (px4_msgs) StdoutLine: {'line': b'-- Up-to-date: /home/nicolas/ws_ros2/install/px4_msgs/include/px4_msgs/px4_msgs/msg/detail/timesync_status__rosidl_typesupport_introspection_cpp.hpp\n'}
[1.031741] (px4_msgs) StdoutLine: {'line': b'-- Up-to-date: /home/nicolas/ws_ros2/install/px4_msgs/include/px4_msgs/px4_msgs/msg/detail/estimator_innovations__rosidl_typesupport_introspection_cpp.hpp\n'}
[1.031773] (px4_msgs) StdoutLine: {'line': b'-- Up-to-date: /home/nicolas/ws_ros2/install/px4_msgs/include/px4_msgs/px4_msgs/msg/detail/vehicle_global_position__type_support.cpp\n'}
[1.031803] (px4_msgs) StdoutLine: {'line': b'-- Up-to-date: /home/nicolas/ws_ros2/install/px4_msgs/include/px4_msgs/px4_msgs/msg/detail/gpio_config__type_support.cpp\n'}
[1.031833] (px4_msgs) StdoutLine: {'line': b'-- Up-to-date: /home/nicolas/ws_ros2/install/px4_msgs/include/px4_msgs/px4_msgs/msg/detail/fixed_wing_lateral_guidance_status__type_support.cpp\n'}
[1.031862] (px4_msgs) StdoutLine: {'line': b'-- Up-to-date: /home/nicolas/ws_ros2/install/px4_msgs/include/px4_msgs/px4_msgs/msg/detail/pps_capture__type_support.cpp\n'}
[1.031893] (px4_msgs) StdoutLine: {'line': b'-- Up-to-date: /home/nicolas/ws_ros2/install/px4_msgs/include/px4_msgs/px4_msgs/msg/detail/vehicle_air_data__type_support.cpp\n'}
[1.031928] (px4_msgs) StdoutLine: {'line': b'-- Up-to-date: /home/nicolas/ws_ros2/install/px4_msgs/include/px4_msgs/px4_msgs/msg/detail/vehicle_optical_flow__rosidl_typesupport_introspection_cpp.hpp\n'}
[1.031960] (px4_msgs) StdoutLine: {'line': b'-- Up-to-date: /home/nicolas/ws_ros2/install/px4_msgs/include/px4_msgs/px4_msgs/msg/detail/arming_check_reply__type_support.cpp\n'}
[1.031994] (px4_msgs) StdoutLine: {'line': b'-- Up-to-date: /home/nicolas/ws_ros2/install/px4_msgs/include/px4_msgs/px4_msgs/msg/detail/offboard_control_mode__rosidl_typesupport_introspection_cpp.hpp\n'}
[1.032027] (px4_msgs) StdoutLine: {'line': b'-- Up-to-date: /home/nicolas/ws_ros2/install/px4_msgs/include/px4_msgs/px4_msgs/msg/detail/rpm__rosidl_typesupport_introspection_cpp.hpp\n'}
[1.032060] (px4_msgs) StdoutLine: {'line': b'-- Up-to-date: /home/nicolas/ws_ros2/install/px4_msgs/include/px4_msgs/px4_msgs/msg/detail/battery_status__rosidl_typesupport_introspection_cpp.hpp\n'}
[1.032092] (px4_msgs) StdoutLine: {'line': b'-- Up-to-date: /home/nicolas/ws_ros2/install/px4_msgs/include/px4_msgs/px4_msgs/msg/detail/estimator_gps_status__rosidl_typesupport_introspection_cpp.hpp\n'}
[1.032124] (px4_msgs) StdoutLine: {'line': b'-- Up-to-date: /home/nicolas/ws_ros2/install/px4_msgs/include/px4_msgs/px4_msgs/msg/detail/ulog_stream__type_support.cpp\n'}
[1.032157] (px4_msgs) StdoutLine: {'line': b'-- Up-to-date: /home/nicolas/ws_ros2/install/px4_msgs/include/px4_msgs/px4_msgs/msg/detail/longitudinal_control_configuration__type_support.cpp\n'}
[1.032192] (px4_msgs) StdoutLine: {'line': b'-- Up-to-date: /home/nicolas/ws_ros2/install/px4_msgs/include/px4_msgs/px4_msgs/msg/detail/landing_gear_wheel__type_support.cpp\n'}
[1.032223] (px4_msgs) StdoutLine: {'line': b'-- Up-to-date: /home/nicolas/ws_ros2/install/px4_msgs/include/px4_msgs/px4_msgs/msg/detail/sensor_correction__type_support.cpp\n'}
[1.032255] (px4_msgs) StdoutLine: {'line': b'-- Up-to-date: /home/nicolas/ws_ros2/install/px4_msgs/include/px4_msgs/px4_msgs/msg/detail/debug_vect__type_support.cpp\n'}
[1.032286] (px4_msgs) StdoutLine: {'line': b'-- Up-to-date: /home/nicolas/ws_ros2/install/px4_msgs/include/px4_msgs/px4_msgs/msg/detail/register_ext_component_reply__rosidl_typesupport_introspection_cpp.hpp\n'}
[1.032342] (px4_msgs) StdoutLine: {'line': b'-- Up-to-date: /home/nicolas/ws_ros2/install/px4_msgs/include/px4_msgs/px4_msgs/msg/detail/vehicle_attitude_setpoint__type_support.cpp\n'}
[1.032371] (px4_msgs) StdoutLine: {'line': b'-- Up-to-date: /home/nicolas/ws_ros2/install/px4_msgs/include/px4_msgs/px4_msgs/msg/detail/vehicle_command_ack__rosidl_typesupport_introspection_cpp.hpp\n'}
[1.032401] (px4_msgs) StdoutLine: {'line': b'-- Up-to-date: /home/nicolas/ws_ros2/install/px4_msgs/include/px4_msgs/px4_msgs/msg/detail/config_overrides__type_support.cpp\n'}
[1.032441] (px4_msgs) StdoutLine: {'line': b'-- Up-to-date: /home/nicolas/ws_ros2/install/px4_msgs/include/px4_msgs/px4_msgs/msg/detail/tune_control__rosidl_typesupport_introspection_cpp.hpp\n'}
[1.032478] (px4_msgs) StdoutLine: {'line': b'-- Up-to-date: /home/nicolas/ws_ros2/install/px4_msgs/include/px4_msgs/px4_msgs/msg/detail/rover_attitude_setpoint__type_support.cpp\n'}
[1.032510] (px4_msgs) StdoutLine: {'line': b'-- Up-to-date: /home/nicolas/ws_ros2/install/px4_msgs/include/px4_msgs/px4_msgs/msg/detail/normalized_unsigned_setpoint__rosidl_typesupport_introspection_cpp.hpp\n'}
[1.032549] (px4_msgs) StdoutLine: {'line': b'-- Up-to-date: /home/nicolas/ws_ros2/install/px4_msgs/include/px4_msgs/px4_msgs/msg/detail/dataman_response__rosidl_typesupport_introspection_cpp.hpp\n'}
[1.032582] (px4_msgs) StdoutLine: {'line': b'-- Up-to-date: /home/nicolas/ws_ros2/install/px4_msgs/include/px4_msgs/px4_msgs/msg/detail/sensor_accel__rosidl_typesupport_introspection_cpp.hpp\n'}
[1.032630] (px4_msgs) StdoutLine: {'line': b'-- Up-to-date: /home/nicolas/ws_ros2/install/px4_msgs/include/px4_msgs/px4_msgs/msg/detail/vehicle_torque_setpoint__type_support.cpp\n'}
[1.032664] (px4_msgs) StdoutLine: {'line': b'-- Up-to-date: /home/nicolas/ws_ros2/install/px4_msgs/include/px4_msgs/px4_msgs/msg/detail/sensor_gps__type_support.cpp\n'}
[1.032694] (px4_msgs) StdoutLine: {'line': b'-- Up-to-date: /home/nicolas/ws_ros2/install/px4_msgs/include/px4_msgs/px4_msgs/msg/detail/mission_result__rosidl_typesupport_introspection_cpp.hpp\n'}
[1.032726] (px4_msgs) StdoutLine: {'line': b'-- Up-to-date: /home/nicolas/ws_ros2/install/px4_msgs/include/px4_msgs/px4_msgs/msg/detail/rover_attitude_status__type_support.cpp\n'}
[1.032756] (px4_msgs) StdoutLine: {'line': b'-- Up-to-date: /home/nicolas/ws_ros2/install/px4_msgs/include/px4_msgs/px4_msgs/msg/detail/power_monitor__type_support.cpp\n'}
[1.032789] (px4_msgs) StdoutLine: {'line': b'-- Up-to-date: /home/nicolas/ws_ros2/install/px4_msgs/include/px4_msgs/px4_msgs/msg/detail/tecs_status__rosidl_typesupport_introspection_cpp.hpp\n'}
[1.032820] (px4_msgs) StdoutLine: {'line': b'-- Up-to-date: /home/nicolas/ws_ros2/install/px4_msgs/include/px4_msgs/px4_msgs/msg/detail/sensor_airflow__rosidl_typesupport_introspection_cpp.hpp\n'}
[1.032853] (px4_msgs) StdoutLine: {'line': b'-- Up-to-date: /home/nicolas/ws_ros2/install/px4_msgs/include/px4_msgs/px4_msgs/msg/detail/onboard_computer_status__rosidl_typesupport_introspection_cpp.hpp\n'}
[1.032885] (px4_msgs) StdoutLine: {'line': b'-- Up-to-date: /home/nicolas/ws_ros2/install/px4_msgs/include/px4_msgs/px4_msgs/msg/detail/parameter_reset_request__rosidl_typesupport_introspection_cpp.hpp\n'}
[1.032936] (px4_msgs) StdoutLine: {'line': b'-- Up-to-date: /home/nicolas/ws_ros2/install/px4_msgs/include/px4_msgs/px4_msgs/msg/detail/fuel_tank_status__rosidl_typesupport_introspection_cpp.hpp\n'}
[1.032967] (px4_msgs) StdoutLine: {'line': b'-- Up-to-date: /home/nicolas/ws_ros2/install/px4_msgs/include/px4_msgs/px4_msgs/msg/detail/pwm_input__type_support.cpp\n'}
[1.033000] (px4_msgs) StdoutLine: {'line': b'-- Up-to-date: /home/nicolas/ws_ros2/install/px4_msgs/include/px4_msgs/px4_msgs/msg/detail/unregister_ext_component__type_support.cpp\n'}
[1.033033] (px4_msgs) StdoutLine: {'line': b'-- Up-to-date: /home/nicolas/ws_ros2/install/px4_msgs/include/px4_msgs/px4_msgs/msg/detail/rover_rate_status__type_support.cpp\n'}
[1.033081] (px4_msgs) StdoutLine: {'line': b'-- Up-to-date: /home/nicolas/ws_ros2/install/px4_msgs/include/px4_msgs/px4_msgs/msg/detail/offboard_control_mode__type_support.cpp\n'}
[1.033112] (px4_msgs) StdoutLine: {'line': b'-- Up-to-date: /home/nicolas/ws_ros2/install/px4_msgs/include/px4_msgs/px4_msgs/msg/detail/estimator_states__type_support.cpp\n'}
[1.033142] (px4_msgs) StdoutLine: {'line': b'-- Up-to-date: /home/nicolas/ws_ros2/install/px4_msgs/include/px4_msgs/px4_msgs/msg/detail/magnetometer_bias_estimate__type_support.cpp\n'}
[1.033171] (px4_msgs) StdoutLine: {'line': b'-- Up-to-date: /home/nicolas/ws_ros2/install/px4_msgs/include/px4_msgs/px4_msgs/msg/detail/sensor_mag__rosidl_typesupport_introspection_cpp.hpp\n'}
[1.033202] (px4_msgs) StdoutLine: {'line': b'-- Up-to-date: /home/nicolas/ws_ros2/install/px4_msgs/include/px4_msgs/px4_msgs/msg/detail/rover_rate_setpoint__rosidl_typesupport_introspection_cpp.hpp\n'}
[1.033234] (px4_msgs) StdoutLine: {'line': b'-- Up-to-date: /home/nicolas/ws_ros2/install/px4_msgs/include/px4_msgs/px4_msgs/msg/detail/ping__type_support.cpp\n'}
[1.033267] (px4_msgs) StdoutLine: {'line': b'-- Up-to-date: /home/nicolas/ws_ros2/install/px4_msgs/include/px4_msgs/px4_msgs/msg/detail/camera_capture__type_support.cpp\n'}
[1.033299] (px4_msgs) StdoutLine: {'line': b'-- Up-to-date: /home/nicolas/ws_ros2/install/px4_msgs/include/px4_msgs/px4_msgs/msg/detail/velocity_limits__rosidl_typesupport_introspection_cpp.hpp\n'}
[1.033332] (px4_msgs) StdoutLine: {'line': b'-- Up-to-date: /home/nicolas/ws_ros2/install/px4_msgs/include/px4_msgs/px4_msgs/msg/detail/fixed_wing_longitudinal_setpoint__rosidl_typesupport_introspection_cpp.hpp\n'}
[1.033365] (px4_msgs) StdoutLine: {'line': b'-- Up-to-date: /home/nicolas/ws_ros2/install/px4_msgs/include/px4_msgs/px4_msgs/msg/detail/sensor_gyro_fft__rosidl_typesupport_introspection_cpp.hpp\n'}
[1.033411] (px4_msgs) StdoutLine: {'line': b'-- Up-to-date: /home/nicolas/ws_ros2/install/px4_msgs/include/px4_msgs/px4_msgs/msg/detail/magnetometer_bias_estimate__rosidl_typesupport_introspection_cpp.hpp\n'}
[1.033462] (px4_msgs) StdoutLine: {'line': b'-- Up-to-date: /home/nicolas/ws_ros2/install/px4_msgs/include/px4_msgs/px4_msgs/msg/detail/follow_target__type_support.cpp\n'}
[1.033494] (px4_msgs) StdoutLine: {'line': b'-- Up-to-date: /home/nicolas/ws_ros2/install/px4_msgs/include/px4_msgs/px4_msgs/msg/detail/navigator_status__rosidl_typesupport_introspection_cpp.hpp\n'}
[1.033524] (px4_msgs) StdoutLine: {'line': b'-- Up-to-date: /home/nicolas/ws_ros2/install/px4_msgs/include/px4_msgs/px4_msgs/msg/detail/follow_target_status__type_support.cpp\n'}
[1.033556] (px4_msgs) StdoutLine: {'line': b'-- Up-to-date: /home/nicolas/ws_ros2/install/px4_msgs/include/px4_msgs/px4_msgs/msg/detail/gimbal_device_set_attitude__rosidl_typesupport_introspection_cpp.hpp\n'}
[1.033587] (px4_msgs) StdoutLine: {'line': b'-- Up-to-date: /home/nicolas/ws_ros2/install/px4_msgs/include/px4_msgs/px4_msgs/msg/detail/vehicle_angular_acceleration_setpoint__type_support.cpp\n'}
[1.033615] (px4_msgs) StdoutLine: {'line': b'-- Up-to-date: /home/nicolas/ws_ros2/install/px4_msgs/include/px4_msgs/px4_msgs/msg/detail/rover_rate_setpoint__type_support.cpp\n'}
[1.033646] (px4_msgs) StdoutLine: {'line': b'-- Up-to-date: /home/nicolas/ws_ros2/install/px4_msgs/include/px4_msgs/px4_msgs/msg/detail/vehicle_land_detected__rosidl_typesupport_introspection_cpp.hpp\n'}
[1.033678] (px4_msgs) StdoutLine: {'line': b'-- Up-to-date: /home/nicolas/ws_ros2/install/px4_msgs/include/px4_msgs/px4_msgs/msg/detail/obstacle_distance__rosidl_typesupport_introspection_cpp.hpp\n'}
[1.033712] (px4_msgs) StdoutLine: {'line': b'-- Up-to-date: /home/nicolas/ws_ros2/install/px4_msgs/include/px4_msgs/px4_msgs/msg/detail/vehicle_imu__type_support.cpp\n'}
[1.033745] (px4_msgs) StdoutLine: {'line': b'-- Up-to-date: /home/nicolas/ws_ros2/install/px4_msgs/include/px4_msgs/px4_msgs/msg/detail/flight_phase_estimation__rosidl_typesupport_introspection_cpp.hpp\n'}
[1.033775] (px4_msgs) StdoutLine: {'line': b'-- Up-to-date: /home/nicolas/ws_ros2/install/px4_msgs/include/px4_msgs/px4_msgs/msg/detail/vehicle_constraints__rosidl_typesupport_introspection_cpp.hpp\n'}
[1.033827] (px4_msgs) StdoutLine: {'line': b'-- Up-to-date: /home/nicolas/ws_ros2/install/px4_msgs/include/px4_msgs/px4_msgs/msg/detail/parameter_set_value_request__rosidl_typesupport_introspection_cpp.hpp\n'}
[1.033859] (px4_msgs) StdoutLine: {'line': b'-- Up-to-date: /home/nicolas/ws_ros2/install/px4_msgs/include/px4_msgs/px4_msgs/msg/detail/lateral_control_configuration__rosidl_typesupport_introspection_cpp.hpp\n'}
[1.033895] (px4_msgs) StdoutLine: {'line': b'-- Up-to-date: /home/nicolas/ws_ros2/install/px4_msgs/include/px4_msgs/px4_msgs/msg/detail/internal_combustion_engine_status__rosidl_typesupport_introspection_cpp.hpp\n'}
[1.033925] (px4_msgs) StdoutLine: {'line': b'-- Up-to-date: /home/nicolas/ws_ros2/install/px4_msgs/include/px4_msgs/px4_msgs/msg/detail/system_power__type_support.cpp\n'}
[1.033955] (px4_msgs) StdoutLine: {'line': b'-- Up-to-date: /home/nicolas/ws_ros2/install/px4_msgs/include/px4_msgs/px4_msgs/msg/detail/figure_eight_status__type_support.cpp\n'}
[1.033984] (px4_msgs) StdoutLine: {'line': b'-- Up-to-date: /home/nicolas/ws_ros2/install/px4_msgs/include/px4_msgs/px4_msgs/msg/detail/battery_info__rosidl_typesupport_introspection_cpp.hpp\n'}
[1.034016] (px4_msgs) StdoutLine: {'line': b'-- Up-to-date: /home/nicolas/ws_ros2/install/px4_msgs/include/px4_msgs/px4_msgs/msg/detail/message_format_request__rosidl_typesupport_introspection_cpp.hpp\n'}
[1.034048] (px4_msgs) StdoutLine: {'line': b'-- Up-to-date: /home/nicolas/ws_ros2/install/px4_msgs/include/px4_msgs/px4_msgs/msg/detail/event__type_support.cpp\n'}
[1.034079] (px4_msgs) StdoutLine: {'line': b'-- Up-to-date: /home/nicolas/ws_ros2/install/px4_msgs/include/px4_msgs/px4_msgs/msg/detail/gimbal_device_information__rosidl_typesupport_introspection_cpp.hpp\n'}
[1.034111] (px4_msgs) StdoutLine: {'line': b'-- Up-to-date: /home/nicolas/ws_ros2/install/px4_msgs/include/px4_msgs/px4_msgs/msg/detail/estimator_event_flags__type_support.cpp\n'}
[1.034142] (px4_msgs) StdoutLine: {'line': b'-- Up-to-date: /home/nicolas/ws_ros2/install/px4_msgs/include/px4_msgs/px4_msgs/msg/detail/vehicle_imu__rosidl_typesupport_introspection_cpp.hpp\n'}
[1.034174] (px4_msgs) StdoutLine: {'line': b'-- Up-to-date: /home/nicolas/ws_ros2/install/px4_msgs/include/px4_msgs/px4_msgs/msg/detail/hover_thrust_estimate__rosidl_typesupport_introspection_cpp.hpp\n'}
[1.034206] (px4_msgs) StdoutLine: {'line': b'-- Up-to-date: /home/nicolas/ws_ros2/install/px4_msgs/include/px4_msgs/px4_msgs/msg/detail/rtl_time_estimate__type_support.cpp\n'}
[1.034237] (px4_msgs) StdoutLine: {'line': b'-- Up-to-date: /home/nicolas/ws_ros2/install/px4_msgs/include/px4_msgs/px4_msgs/msg/detail/estimator_bias3d__rosidl_typesupport_introspection_cpp.hpp\n'}
[1.034287] (px4_msgs) StdoutLine: {'line': b'-- Up-to-date: /home/nicolas/ws_ros2/install/px4_msgs/include/px4_msgs/px4_msgs/msg/detail/rover_speed_status__rosidl_typesupport_introspection_cpp.hpp\n'}
[1.034321] (px4_msgs) StdoutLine: {'line': b'-- Up-to-date: /home/nicolas/ws_ros2/install/px4_msgs/include/px4_msgs/px4_msgs/msg/detail/vehicle_attitude_setpoint__rosidl_typesupport_introspection_cpp.hpp\n'}
[1.034353] (px4_msgs) StdoutLine: {'line': b'-- Up-to-date: /home/nicolas/ws_ros2/install/px4_msgs/include/px4_msgs/px4_msgs/msg/detail/telemetry_status__rosidl_typesupport_introspection_cpp.hpp\n'}
[1.034385] (px4_msgs) StdoutLine: {'line': b'-- Up-to-date: /home/nicolas/ws_ros2/install/px4_msgs/include/px4_msgs/px4_msgs/msg/detail/wind__rosidl_typesupport_introspection_cpp.hpp\n'}
[1.034417] (px4_msgs) StdoutLine: {'line': b'-- Up-to-date: /home/nicolas/ws_ros2/install/px4_msgs/include/px4_msgs/px4_msgs/msg/detail/actuator_motors__type_support.cpp\n'}
[1.034457] (px4_msgs) StdoutLine: {'line': b'-- Up-to-date: /home/nicolas/ws_ros2/install/px4_msgs/include/px4_msgs/px4_msgs/msg/detail/actuator_servos__rosidl_typesupport_introspection_cpp.hpp\n'}
[1.034489] (px4_msgs) StdoutLine: {'line': b'-- Up-to-date: /home/nicolas/ws_ros2/install/px4_msgs/include/px4_msgs/px4_msgs/msg/detail/follow_target_estimator__rosidl_typesupport_introspection_cpp.hpp\n'}
[1.034549] (px4_msgs) StdoutLine: {'line': b'-- Up-to-date: /home/nicolas/ws_ros2/install/px4_msgs/include/px4_msgs/px4_msgs/msg/detail/trajectory_setpoint6dof__type_support.cpp\n'}
[1.034578] (px4_msgs) StdoutLine: {'line': b'-- Up-to-date: /home/nicolas/ws_ros2/install/px4_msgs/include/px4_msgs/px4_msgs/msg/detail/debug_value__type_support.cpp\n'}
[1.034618] (px4_msgs) StdoutLine: {'line': b'-- Up-to-date: /home/nicolas/ws_ros2/install/px4_msgs/include/px4_msgs/px4_msgs/msg/detail/sensor_selection__rosidl_typesupport_introspection_cpp.hpp\n'}
[1.034651] (px4_msgs) StdoutLine: {'line': b'-- Up-to-date: /home/nicolas/ws_ros2/install/px4_msgs/include/px4_msgs/px4_msgs/msg/detail/takeoff_status__type_support.cpp\n'}
[1.034680] (px4_msgs) StdoutLine: {'line': b'-- Up-to-date: /home/nicolas/ws_ros2/install/px4_msgs/include/px4_msgs/px4_msgs/msg/detail/sensor_baro__rosidl_typesupport_introspection_cpp.hpp\n'}
[1.034713] (px4_msgs) StdoutLine: {'line': b'-- Up-to-date: /home/nicolas/ws_ros2/install/px4_msgs/include/px4_msgs/px4_msgs/msg/detail/gimbal_manager_set_attitude__rosidl_typesupport_introspection_cpp.hpp\n'}
[1.034744] (px4_msgs) StdoutLine: {'line': b'-- Up-to-date: /home/nicolas/ws_ros2/install/px4_msgs/include/px4_msgs/px4_msgs/msg/detail/autotune_attitude_control_status__rosidl_typesupport_introspection_cpp.hpp\n'}
[1.034773] (px4_msgs) StdoutLine: {'line': b'-- Up-to-date: /home/nicolas/ws_ros2/install/px4_msgs/include/px4_msgs/px4_msgs/msg/detail/sensor_gyro_fft__type_support.cpp\n'}
[1.034803] (px4_msgs) StdoutLine: {'line': b'-- Up-to-date: /home/nicolas/ws_ros2/install/px4_msgs/include/px4_msgs/px4_msgs/msg/detail/message_format_response__type_support.cpp\n'}
[1.034851] (px4_msgs) StdoutLine: {'line': b'-- Up-to-date: /home/nicolas/ws_ros2/install/px4_msgs/include/px4_msgs/px4_msgs/msg/detail/mount_orientation__rosidl_typesupport_introspection_cpp.hpp\n'}
[1.034887] (px4_msgs) StdoutLine: {'line': b'-- Up-to-date: /home/nicolas/ws_ros2/install/px4_msgs/include/px4_msgs/px4_msgs/msg/detail/qshell_retval__rosidl_typesupport_introspection_cpp.hpp\n'}
[1.034917] (px4_msgs) StdoutLine: {'line': b'-- Up-to-date: /home/nicolas/ws_ros2/install/px4_msgs/include/px4_msgs/px4_msgs/msg/detail/manual_control_setpoint__type_support.cpp\n'}
[1.034946] (px4_msgs) StdoutLine: {'line': b'-- Up-to-date: /home/nicolas/ws_ros2/install/px4_msgs/include/px4_msgs/px4_msgs/msg/detail/event__rosidl_typesupport_introspection_cpp.hpp\n'}
[1.034976] (px4_msgs) StdoutLine: {'line': b'-- Up-to-date: /home/nicolas/ws_ros2/install/px4_msgs/include/px4_msgs/px4_msgs/msg/detail/rtl_time_estimate__rosidl_typesupport_introspection_cpp.hpp\n'}
[1.035005] (px4_msgs) StdoutLine: {'line': b'-- Up-to-date: /home/nicolas/ws_ros2/install/px4_msgs/include/px4_msgs/px4_msgs/msg/detail/gpio_request__rosidl_typesupport_introspection_cpp.hpp\n'}
[1.035035] (px4_msgs) StdoutLine: {'line': b'-- Up-to-date: /home/nicolas/ws_ros2/install/px4_msgs/include/px4_msgs/px4_msgs/msg/detail/vehicle_command__type_support.cpp\n'}
[1.035064] (px4_msgs) StdoutLine: {'line': b'-- Up-to-date: /home/nicolas/ws_ros2/install/px4_msgs/include/px4_msgs/px4_msgs/msg/detail/landing_target_innovations__rosidl_typesupport_introspection_cpp.hpp\n'}
[1.035094] (px4_msgs) StdoutLine: {'line': b'-- Up-to-date: /home/nicolas/ws_ros2/install/px4_msgs/include/px4_msgs/px4_msgs/msg/detail/position_setpoint_triplet__rosidl_typesupport_introspection_cpp.hpp\n'}
[1.035132] (px4_msgs) StdoutLine: {'line': b'-- Up-to-date: /home/nicolas/ws_ros2/install/px4_msgs/include/px4_msgs/px4_msgs/msg/detail/ekf2_timestamps__type_support.cpp\n'}
[1.035161] (px4_msgs) StdoutLine: {'line': b'-- Up-to-date: /home/nicolas/ws_ros2/install/px4_msgs/include/px4_msgs/px4_msgs/msg/detail/estimator_status__type_support.cpp\n'}
[1.035191] (px4_msgs) StdoutLine: {'line': b'-- Up-to-date: /home/nicolas/ws_ros2/install/px4_msgs/include/px4_msgs/px4_msgs/msg/detail/vehicle_acceleration__type_support.cpp\n'}
[1.035224] (px4_msgs) StdoutLine: {'line': b'-- Up-to-date: /home/nicolas/ws_ros2/install/px4_msgs/include/px4_msgs/px4_msgs/msg/detail/rover_position_setpoint__rosidl_typesupport_introspection_cpp.hpp\n'}
[1.035257] (px4_msgs) StdoutLine: {'line': b'-- Up-to-date: /home/nicolas/ws_ros2/install/px4_msgs/include/px4_msgs/px4_msgs/msg/detail/geofence_result__type_support.cpp\n'}
[1.035287] (px4_msgs) StdoutLine: {'line': b'-- Up-to-date: /home/nicolas/ws_ros2/install/px4_msgs/include/px4_msgs/px4_msgs/msg/detail/estimator_aid_source2d__type_support.cpp\n'}
[1.035319] (px4_msgs) StdoutLine: {'line': b'-- Up-to-date: /home/nicolas/ws_ros2/install/px4_msgs/include/px4_msgs/px4_msgs/msg/detail/actuator_outputs__type_support.cpp\n'}
[1.035376] (px4_msgs) StdoutLine: {'line': b'-- Up-to-date: /home/nicolas/ws_ros2/install/px4_msgs/include/px4_msgs/px4_msgs/msg/detail/estimator_bias__rosidl_typesupport_introspection_cpp.hpp\n'}
[1.035406] (px4_msgs) StdoutLine: {'line': b'-- Up-to-date: /home/nicolas/ws_ros2/install/px4_msgs/include/px4_msgs/px4_msgs/msg/detail/vehicle_command_ack__type_support.cpp\n'}
[1.035440] (px4_msgs) StdoutLine: {'line': b'-- Up-to-date: /home/nicolas/ws_ros2/install/px4_msgs/include/px4_msgs/px4_msgs/msg/detail/rover_speed_setpoint__rosidl_typesupport_introspection_cpp.hpp\n'}
[1.035471] (px4_msgs) StdoutLine: {'line': b'-- Up-to-date: /home/nicolas/ws_ros2/install/px4_msgs/include/px4_msgs/px4_msgs/msg/detail/failure_detector_status__type_support.cpp\n'}
[1.035499] (px4_msgs) StdoutLine: {'line': b'-- Up-to-date: /home/nicolas/ws_ros2/install/px4_msgs/include/px4_msgs/px4_msgs/msg/detail/open_drone_id_arm_status__type_support.cpp\n'}
[1.035528] (px4_msgs) StdoutLine: {'line': b'-- Up-to-date: /home/nicolas/ws_ros2/install/px4_msgs/include/px4_msgs/px4_msgs/msg/detail/vehicle_optical_flow_vel__rosidl_typesupport_introspection_cpp.hpp\n'}
[1.035557] (px4_msgs) StdoutLine: {'line': b'-- Up-to-date: /home/nicolas/ws_ros2/install/px4_msgs/include/px4_msgs/px4_msgs/msg/detail/button_event__type_support.cpp\n'}
[1.035587] (px4_msgs) StdoutLine: {'line': b'-- Up-to-date: /home/nicolas/ws_ros2/install/px4_msgs/include/px4_msgs/px4_msgs/msg/detail/onboard_computer_status__type_support.cpp\n'}
[1.035616] (px4_msgs) StdoutLine: {'line': b'-- Up-to-date: /home/nicolas/ws_ros2/install/px4_msgs/include/px4_msgs/px4_msgs/msg/detail/adc_report__rosidl_typesupport_introspection_cpp.hpp\n'}
[1.035648] (px4_msgs) StdoutLine: {'line': b'-- Up-to-date: /home/nicolas/ws_ros2/install/px4_msgs/include/px4_msgs/px4_msgs/msg/detail/sensor_hygrometer__rosidl_typesupport_introspection_cpp.hpp\n'}
[1.035680] (px4_msgs) StdoutLine: {'line': b'-- Up-to-date: /home/nicolas/ws_ros2/install/px4_msgs/include/px4_msgs/px4_msgs/msg/detail/generator_status__rosidl_typesupport_introspection_cpp.hpp\n'}
[1.035712] (px4_msgs) StdoutLine: {'line': b'-- Up-to-date: /home/nicolas/ws_ros2/install/px4_msgs/include/px4_msgs/px4_msgs/msg/detail/vehicle_local_position_setpoint__rosidl_typesupport_introspection_cpp.hpp\n'}
[1.035743] (px4_msgs) StdoutLine: {'line': b'-- Up-to-date: /home/nicolas/ws_ros2/install/px4_msgs/include/px4_msgs/px4_msgs/msg/detail/vehicle_status__type_support.cpp\n'}
[1.035774] (px4_msgs) StdoutLine: {'line': b'-- Up-to-date: /home/nicolas/ws_ros2/install/px4_msgs/include/px4_msgs/px4_msgs/msg/detail/debug_key_value__type_support.cpp\n'}
[1.035825] (px4_msgs) StdoutLine: {'line': b'-- Up-to-date: /home/nicolas/ws_ros2/install/px4_msgs/include/px4_msgs/px4_msgs/msg/detail/failsafe_flags__rosidl_typesupport_introspection_cpp.hpp\n'}
[1.035856] (px4_msgs) StdoutLine: {'line': b'-- Up-to-date: /home/nicolas/ws_ros2/install/px4_msgs/include/px4_msgs/px4_msgs/msg/detail/estimator_aid_source3d__rosidl_typesupport_introspection_cpp.hpp\n'}
[1.035887] (px4_msgs) StdoutLine: {'line': b'-- Up-to-date: /home/nicolas/ws_ros2/install/px4_msgs/include/px4_msgs/px4_msgs/msg/detail/flight_phase_estimation__type_support.cpp\n'}
[1.035917] (px4_msgs) StdoutLine: {'line': b'-- Up-to-date: /home/nicolas/ws_ros2/install/px4_msgs/include/px4_msgs/px4_msgs/msg/detail/rover_steering_setpoint__type_support.cpp\n'}
[1.035951] (px4_msgs) StdoutLine: {'line': b'-- Up-to-date: /home/nicolas/ws_ros2/install/px4_msgs/include/px4_msgs/px4_msgs/msg/detail/yaw_estimator_status__rosidl_typesupport_introspection_cpp.hpp\n'}
[1.035996] (px4_msgs) StdoutLine: {'line': b'-- Up-to-date: /home/nicolas/ws_ros2/install/px4_msgs/include/px4_msgs/px4_msgs/msg/detail/power_button_state__type_support.cpp\n'}
[1.036027] (px4_msgs) StdoutLine: {'line': b'-- Up-to-date: /home/nicolas/ws_ros2/install/px4_msgs/include/px4_msgs/px4_msgs/msg/detail/vehicle_roi__type_support.cpp\n'}
[1.036058] (px4_msgs) StdoutLine: {'line': b'-- Up-to-date: /home/nicolas/ws_ros2/install/px4_msgs/include/px4_msgs/px4_msgs/msg/detail/navigator_status__type_support.cpp\n'}
[1.036087] (px4_msgs) StdoutLine: {'line': b'-- Up-to-date: /home/nicolas/ws_ros2/install/px4_msgs/include/px4_msgs/px4_msgs/msg/detail/gpio_in__rosidl_typesupport_introspection_cpp.hpp\n'}
[1.036116] (px4_msgs) StdoutLine: {'line': b'-- Up-to-date: /home/nicolas/ws_ros2/install/px4_msgs/include/px4_msgs/px4_msgs/msg/detail/goto_setpoint__type_support.cpp\n'}
[1.036145] (px4_msgs) StdoutLine: {'line': b'-- Up-to-date: /home/nicolas/ws_ros2/install/px4_msgs/include/px4_msgs/px4_msgs/msg/detail/distance_sensor_mode_change_request__rosidl_typesupport_introspection_cpp.hpp\n'}
[1.036175] (px4_msgs) StdoutLine: {'line': b'-- Up-to-date: /home/nicolas/ws_ros2/install/px4_msgs/include/px4_msgs/px4_msgs/msg/detail/home_position__type_support.cpp\n'}
[1.036205] (px4_msgs) StdoutLine: {'line': b'-- Up-to-date: /home/nicolas/ws_ros2/install/px4_msgs/include/px4_msgs/px4_msgs/msg/detail/gpio_out__type_support.cpp\n'}
[1.036236] (px4_msgs) StdoutLine: {'line': b'-- Up-to-date: /home/nicolas/ws_ros2/install/px4_msgs/include/px4_msgs/px4_msgs/msg/detail/sensor_gyro_fifo__type_support.cpp\n'}
[1.036284] (px4_msgs) StdoutLine: {'line': b'-- Up-to-date: /home/nicolas/ws_ros2/install/px4_msgs/include/px4_msgs/px4_msgs/msg/detail/gimbal_manager_information__type_support.cpp\n'}
[1.036316] (px4_msgs) StdoutLine: {'line': b'-- Up-to-date: /home/nicolas/ws_ros2/install/px4_msgs/include/px4_msgs/px4_msgs/msg/detail/estimator_status_flags__rosidl_typesupport_introspection_cpp.hpp\n'}
[1.036346] (px4_msgs) StdoutLine: {'line': b'-- Up-to-date: /home/nicolas/ws_ros2/install/px4_msgs/include/px4_msgs/px4_msgs/msg/detail/log_message__rosidl_typesupport_introspection_cpp.hpp\n'}
[1.036375] (px4_msgs) StdoutLine: {'line': b'-- Up-to-date: /home/nicolas/ws_ros2/install/px4_msgs/include/px4_msgs/px4_msgs/msg/detail/actuator_armed__rosidl_typesupport_introspection_cpp.hpp\n'}
[1.036405] (px4_msgs) StdoutLine: {'line': b'-- Up-to-date: /home/nicolas/ws_ros2/install/px4_msgs/include/px4_msgs/px4_msgs/msg/detail/open_drone_id_arm_status__rosidl_typesupport_introspection_cpp.hpp\n'}
[1.036442] (px4_msgs) StdoutLine: {'line': b'-- Up-to-date: /home/nicolas/ws_ros2/install/px4_msgs/include/px4_msgs/px4_msgs/msg/detail/px4io_status__rosidl_typesupport_introspection_cpp.hpp\n'}
[1.036476] (px4_msgs) StdoutLine: {'line': b'-- Up-to-date: /home/nicolas/ws_ros2/install/px4_msgs/include/px4_msgs/px4_msgs/msg/detail/camera_capture__rosidl_typesupport_introspection_cpp.hpp\n'}
[1.036508] (px4_msgs) StdoutLine: {'line': b'-- Up-to-date: /home/nicolas/ws_ros2/install/px4_msgs/include/px4_msgs/px4_msgs/msg/detail/action_request__type_support.cpp\n'}
[1.036539] (px4_msgs) StdoutLine: {'line': b'-- Up-to-date: /home/nicolas/ws_ros2/install/px4_msgs/include/px4_msgs/px4_msgs/msg/detail/sensors_status_imu__rosidl_typesupport_introspection_cpp.hpp\n'}
[1.036571] (px4_msgs) StdoutLine: {'line': b'-- Up-to-date: /home/nicolas/ws_ros2/install/px4_msgs/include/px4_msgs/px4_msgs/msg/detail/mode_completed__rosidl_typesupport_introspection_cpp.hpp\n'}
[1.036603] (px4_msgs) StdoutLine: {'line': b'-- Up-to-date: /home/nicolas/ws_ros2/install/px4_msgs/include/px4_msgs/px4_msgs/msg/detail/mavlink_tunnel__rosidl_typesupport_introspection_cpp.hpp\n'}
[1.036635] (px4_msgs) StdoutLine: {'line': b'-- Up-to-date: /home/nicolas/ws_ros2/install/px4_msgs/include/px4_msgs/px4_msgs/msg/detail/estimator_aid_source1d__rosidl_typesupport_introspection_cpp.hpp\n'}
[1.036690] (px4_msgs) StdoutLine: {'line': b'-- Up-to-date: /home/nicolas/ws_ros2/install/px4_msgs/include/px4_msgs/px4_msgs/msg/detail/position_setpoint_triplet__type_support.cpp\n'}
[1.036720] (px4_msgs) StdoutLine: {'line': b'-- Up-to-date: /home/nicolas/ws_ros2/install/px4_msgs/lib/libpx4_msgs__rosidl_typesupport_introspection_cpp.so\n'}
[1.036750] (px4_msgs) StdoutLine: {'line': b'-- Up-to-date: /home/nicolas/ws_ros2/install/px4_msgs/lib/libpx4_msgs__rosidl_typesupport_cpp.so\n'}
[1.036780] (px4_msgs) StdoutLine: {'line': b'-- Up-to-date: /home/nicolas/ws_ros2/install/px4_msgs/share/px4_msgs/environment/pythonpath.sh\n'}
[1.036815] (px4_msgs) StdoutLine: {'line': b'-- Up-to-date: /home/nicolas/ws_ros2/install/px4_msgs/share/px4_msgs/environment/pythonpath.dsv\n'}
[1.036846] (px4_msgs) StdoutLine: {'line': b'-- Up-to-date: /home/nicolas/ws_ros2/install/px4_msgs/local/lib/python3.10/dist-packages/px4_msgs-2.0.1-py3.10.egg-info\n'}
[1.036878] (px4_msgs) StdoutLine: {'line': b'-- Installing: /home/nicolas/ws_ros2/install/px4_msgs/local/lib/python3.10/dist-packages/px4_msgs-2.0.1-py3.10.egg-info/SOURCES.txt\n'}
[1.036909] (px4_msgs) StdoutLine: {'line': b'-- Installing: /home/nicolas/ws_ros2/install/px4_msgs/local/lib/python3.10/dist-packages/px4_msgs-2.0.1-py3.10.egg-info/top_level.txt\n'}
[1.036938] (px4_msgs) StdoutLine: {'line': b'-- Installing: /home/nicolas/ws_ros2/install/px4_msgs/local/lib/python3.10/dist-packages/px4_msgs-2.0.1-py3.10.egg-info/dependency_links.txt\n'}
[1.036967] (px4_msgs) StdoutLine: {'line': b'-- Installing: /home/nicolas/ws_ros2/install/px4_msgs/local/lib/python3.10/dist-packages/px4_msgs-2.0.1-py3.10.egg-info/PKG-INFO\n'}
[1.036998] (px4_msgs) StdoutLine: {'line': b'-- Up-to-date: /home/nicolas/ws_ros2/install/px4_msgs/local/lib/python3.10/dist-packages/px4_msgs\n'}
[1.037030] (px4_msgs) StdoutLine: {'line': b'-- Up-to-date: /home/nicolas/ws_ros2/install/px4_msgs/local/lib/python3.10/dist-packages/px4_msgs/px4_msgs_s__rosidl_typesupport_fastrtps_c.cpython-310-x86_64-linux-gnu.so\n'}
[1.037064] (px4_msgs) StdoutLine: {'line': b'-- Up-to-date: /home/nicolas/ws_ros2/install/px4_msgs/local/lib/python3.10/dist-packages/px4_msgs/__init__.py\n'}
[1.037096] (px4_msgs) StdoutLine: {'line': b'-- Up-to-date: /home/nicolas/ws_ros2/install/px4_msgs/local/lib/python3.10/dist-packages/px4_msgs/_px4_msgs_s.ep.rosidl_typesupport_introspection_c.c\n'}
[1.037129] (px4_msgs) StdoutLine: {'line': b'-- Up-to-date: /home/nicolas/ws_ros2/install/px4_msgs/local/lib/python3.10/dist-packages/px4_msgs/srv\n'}
[1.037161] (px4_msgs) StdoutLine: {'line': b'-- Up-to-date: /home/nicolas/ws_ros2/install/px4_msgs/local/lib/python3.10/dist-packages/px4_msgs/srv/__init__.py\n'}
[1.037194] (px4_msgs) StdoutLine: {'line': b'-- Up-to-date: /home/nicolas/ws_ros2/install/px4_msgs/local/lib/python3.10/dist-packages/px4_msgs/srv/_vehicle_command_s.c\n'}
[1.037252] (px4_msgs) StdoutLine: {'line': b'-- Up-to-date: /home/nicolas/ws_ros2/install/px4_msgs/local/lib/python3.10/dist-packages/px4_msgs/srv/_vehicle_command.py\n'}
[1.037284] (px4_msgs) StdoutLine: {'line': b'-- Up-to-date: /home/nicolas/ws_ros2/install/px4_msgs/local/lib/python3.10/dist-packages/px4_msgs/_px4_msgs_s.ep.rosidl_typesupport_c.c\n'}
[1.037315] (px4_msgs) StdoutLine: {'line': b'-- Up-to-date: /home/nicolas/ws_ros2/install/px4_msgs/local/lib/python3.10/dist-packages/px4_msgs/libpx4_msgs__rosidl_generator_py.so\n'}
[1.037345] (px4_msgs) StdoutLine: {'line': b'-- Up-to-date: /home/nicolas/ws_ros2/install/px4_msgs/local/lib/python3.10/dist-packages/px4_msgs/_px4_msgs_s.ep.rosidl_typesupport_fastrtps_c.c\n'}
[1.037375] (px4_msgs) StdoutLine: {'line': b'-- Up-to-date: /home/nicolas/ws_ros2/install/px4_msgs/local/lib/python3.10/dist-packages/px4_msgs/px4_msgs_s__rosidl_typesupport_c.cpython-310-x86_64-linux-gnu.so\n'}
[1.037405] (px4_msgs) StdoutLine: {'line': b'-- Up-to-date: /home/nicolas/ws_ros2/install/px4_msgs/local/lib/python3.10/dist-packages/px4_msgs/msg\n'}
[1.037442] (px4_msgs) StdoutLine: {'line': b'-- Up-to-date: /home/nicolas/ws_ros2/install/px4_msgs/local/lib/python3.10/dist-packages/px4_msgs/msg/_distance_sensor.py\n'}
[1.037476] (px4_msgs) StdoutLine: {'line': b'-- Up-to-date: /home/nicolas/ws_ros2/install/px4_msgs/local/lib/python3.10/dist-packages/px4_msgs/msg/_estimator_gps_status.py\n'}
[1.037510] (px4_msgs) StdoutLine: {'line': b'-- Up-to-date: /home/nicolas/ws_ros2/install/px4_msgs/local/lib/python3.10/dist-packages/px4_msgs/msg/_cpuload_s.c\n'}
[1.037546] (px4_msgs) StdoutLine: {'line': b'-- Up-to-date: /home/nicolas/ws_ros2/install/px4_msgs/local/lib/python3.10/dist-packages/px4_msgs/msg/_power_monitor.py\n'}
[1.037582] (px4_msgs) StdoutLine: {'line': b'-- Up-to-date: /home/nicolas/ws_ros2/install/px4_msgs/local/lib/python3.10/dist-packages/px4_msgs/msg/_debug_array_s.c\n'}
[1.037616] (px4_msgs) StdoutLine: {'line': b'-- Up-to-date: /home/nicolas/ws_ros2/install/px4_msgs/local/lib/python3.10/dist-packages/px4_msgs/msg/_velocity_limits.py\n'}
[1.037649] (px4_msgs) StdoutLine: {'line': b'-- Up-to-date: /home/nicolas/ws_ros2/install/px4_msgs/local/lib/python3.10/dist-packages/px4_msgs/msg/_gimbal_controls_s.c\n'}
[1.037682] (px4_msgs) StdoutLine: {'line': b'-- Up-to-date: /home/nicolas/ws_ros2/install/px4_msgs/local/lib/python3.10/dist-packages/px4_msgs/msg/_gripper_s.c\n'}
[1.037715] (px4_msgs) StdoutLine: {'line': b'-- Up-to-date: /home/nicolas/ws_ros2/install/px4_msgs/local/lib/python3.10/dist-packages/px4_msgs/msg/_open_drone_id_self_id.py\n'}
[1.037748] (px4_msgs) StdoutLine: {'line': b'-- Up-to-date: /home/nicolas/ws_ros2/install/px4_msgs/local/lib/python3.10/dist-packages/px4_msgs/msg/_estimator_event_flags_s.c\n'}
[1.037781] (px4_msgs) StdoutLine: {'line': b'-- Up-to-date: /home/nicolas/ws_ros2/install/px4_msgs/local/lib/python3.10/dist-packages/px4_msgs/msg/_actuator_test_s.c\n'}
[1.037813] (px4_msgs) StdoutLine: {'line': b'-- Up-to-date: /home/nicolas/ws_ros2/install/px4_msgs/local/lib/python3.10/dist-packages/px4_msgs/msg/_sensor_accel_fifo_s.c\n'}
[1.037846] (px4_msgs) StdoutLine: {'line': b'-- Up-to-date: /home/nicolas/ws_ros2/install/px4_msgs/local/lib/python3.10/dist-packages/px4_msgs/msg/_debug_value_s.c\n'}
[1.037878] (px4_msgs) StdoutLine: {'line': b'-- Up-to-date: /home/nicolas/ws_ros2/install/px4_msgs/local/lib/python3.10/dist-packages/px4_msgs/msg/_sensor_accel_s.c\n'}
[1.037937] (px4_msgs) StdoutLine: {'line': b'-- Up-to-date: /home/nicolas/ws_ros2/install/px4_msgs/local/lib/python3.10/dist-packages/px4_msgs/msg/_register_ext_component_request.py\n'}
[1.037967] (px4_msgs) StdoutLine: {'line': b'-- Up-to-date: /home/nicolas/ws_ros2/install/px4_msgs/local/lib/python3.10/dist-packages/px4_msgs/msg/_sensor_preflight_mag.py\n'}
[1.037996] (px4_msgs) StdoutLine: {'line': b'-- Up-to-date: /home/nicolas/ws_ros2/install/px4_msgs/local/lib/python3.10/dist-packages/px4_msgs/msg/_geofence_status_s.c\n'}
[1.038026] (px4_msgs) StdoutLine: {'line': b'-- Up-to-date: /home/nicolas/ws_ros2/install/px4_msgs/local/lib/python3.10/dist-packages/px4_msgs/msg/_parameter_reset_request_s.c\n'}
[1.038058] (px4_msgs) StdoutLine: {'line': b'-- Up-to-date: /home/nicolas/ws_ros2/install/px4_msgs/local/lib/python3.10/dist-packages/px4_msgs/msg/_cellular_status.py\n'}
[1.038091] (px4_msgs) StdoutLine: {'line': b'-- Up-to-date: /home/nicolas/ws_ros2/install/px4_msgs/local/lib/python3.10/dist-packages/px4_msgs/msg/_rover_throttle_setpoint.py\n'}
[1.038123] (px4_msgs) StdoutLine: {'line': b'-- Up-to-date: /home/nicolas/ws_ros2/install/px4_msgs/local/lib/python3.10/dist-packages/px4_msgs/msg/_sensor_correction_s.c\n'}
[1.038155] (px4_msgs) StdoutLine: {'line': b'-- Up-to-date: /home/nicolas/ws_ros2/install/px4_msgs/local/lib/python3.10/dist-packages/px4_msgs/msg/_parameter_set_used_request.py\n'}
[1.038197] (px4_msgs) StdoutLine: {'line': b'-- Up-to-date: /home/nicolas/ws_ros2/install/px4_msgs/local/lib/python3.10/dist-packages/px4_msgs/msg/_battery_status_s.c\n'}
[1.038229] (px4_msgs) StdoutLine: {'line': b'-- Up-to-date: /home/nicolas/ws_ros2/install/px4_msgs/local/lib/python3.10/dist-packages/px4_msgs/msg/_task_stack_info_s.c\n'}
[1.038277] (px4_msgs) StdoutLine: {'line': b'-- Up-to-date: /home/nicolas/ws_ros2/install/px4_msgs/local/lib/python3.10/dist-packages/px4_msgs/msg/_vehicle_air_data_s.c\n'}
[1.038327] (px4_msgs) StdoutLine: {'line': b'-- Up-to-date: /home/nicolas/ws_ros2/install/px4_msgs/local/lib/python3.10/dist-packages/px4_msgs/msg/_task_stack_info.py\n'}
[1.038359] (px4_msgs) StdoutLine: {'line': b'-- Up-to-date: /home/nicolas/ws_ros2/install/px4_msgs/local/lib/python3.10/dist-packages/px4_msgs/msg/_sensor_uwb_s.c\n'}
[1.038389] (px4_msgs) StdoutLine: {'line': b'-- Up-to-date: /home/nicolas/ws_ros2/install/px4_msgs/local/lib/python3.10/dist-packages/px4_msgs/msg/_landing_gear_s.c\n'}
[1.038420] (px4_msgs) StdoutLine: {'line': b'-- Up-to-date: /home/nicolas/ws_ros2/install/px4_msgs/local/lib/python3.10/dist-packages/px4_msgs/msg/_action_request.py\n'}
[1.038456] (px4_msgs) StdoutLine: {'line': b'-- Up-to-date: /home/nicolas/ws_ros2/install/px4_msgs/local/lib/python3.10/dist-packages/px4_msgs/msg/_vehicle_angular_velocity_s.c\n'}
[1.038486] (px4_msgs) StdoutLine: {'line': b'-- Up-to-date: /home/nicolas/ws_ros2/install/px4_msgs/local/lib/python3.10/dist-packages/px4_msgs/msg/_manual_control_switches.py\n'}
[1.038519] (px4_msgs) StdoutLine: {'line': b'-- Up-to-date: /home/nicolas/ws_ros2/install/px4_msgs/local/lib/python3.10/dist-packages/px4_msgs/msg/_estimator_status_s.c\n'}
[1.038562] (px4_msgs) StdoutLine: {'line': b'-- Up-to-date: /home/nicolas/ws_ros2/install/px4_msgs/local/lib/python3.10/dist-packages/px4_msgs/msg/_geofence_result.py\n'}
[1.038594] (px4_msgs) StdoutLine: {'line': b'-- Up-to-date: /home/nicolas/ws_ros2/install/px4_msgs/local/lib/python3.10/dist-packages/px4_msgs/msg/_manual_control_setpoint.py\n'}
[1.038628] (px4_msgs) StdoutLine: {'line': b'-- Up-to-date: /home/nicolas/ws_ros2/install/px4_msgs/local/lib/python3.10/dist-packages/px4_msgs/msg/_led_control_s.c\n'}
[1.038664] (px4_msgs) StdoutLine: {'line': b'-- Up-to-date: /home/nicolas/ws_ros2/install/px4_msgs/local/lib/python3.10/dist-packages/px4_msgs/msg/_figure_eight_status.py\n'}
[1.038697] (px4_msgs) StdoutLine: {'line': b'-- Up-to-date: /home/nicolas/ws_ros2/install/px4_msgs/local/lib/python3.10/dist-packages/px4_msgs/msg/_orb_test_medium_s.c\n'}
[1.038729] (px4_msgs) StdoutLine: {'line': b'-- Up-to-date: /home/nicolas/ws_ros2/install/px4_msgs/local/lib/python3.10/dist-packages/px4_msgs/msg/_gpio_request.py\n'}
[1.038761] (px4_msgs) StdoutLine: {'line': b'-- Up-to-date: /home/nicolas/ws_ros2/install/px4_msgs/local/lib/python3.10/dist-packages/px4_msgs/msg/_cpuload.py\n'}
[1.038793] (px4_msgs) StdoutLine: {'line': b'-- Up-to-date: /home/nicolas/ws_ros2/install/px4_msgs/local/lib/python3.10/dist-packages/px4_msgs/msg/_vehicle_acceleration.py\n'}
[1.038825] (px4_msgs) StdoutLine: {'line': b'-- Up-to-date: /home/nicolas/ws_ros2/install/px4_msgs/local/lib/python3.10/dist-packages/px4_msgs/msg/_esc_report_s.c\n'}
[1.038858] (px4_msgs) StdoutLine: {'line': b'-- Up-to-date: /home/nicolas/ws_ros2/install/px4_msgs/local/lib/python3.10/dist-packages/px4_msgs/msg/_sensor_gyro_fft.py\n'}
[1.038889] (px4_msgs) StdoutLine: {'line': b'-- Up-to-date: /home/nicolas/ws_ros2/install/px4_msgs/local/lib/python3.10/dist-packages/px4_msgs/msg/_sensor_gps_s.c\n'}
[1.038922] (px4_msgs) StdoutLine: {'line': b'-- Up-to-date: /home/nicolas/ws_ros2/install/px4_msgs/local/lib/python3.10/dist-packages/px4_msgs/msg/_vehicle_constraints_s.c\n'}
[1.038954] (px4_msgs) StdoutLine: {'line': b'-- Up-to-date: /home/nicolas/ws_ros2/install/px4_msgs/local/lib/python3.10/dist-packages/px4_msgs/msg/_input_rc_s.c\n'}
[1.038986] (px4_msgs) StdoutLine: {'line': b'-- Up-to-date: /home/nicolas/ws_ros2/install/px4_msgs/local/lib/python3.10/dist-packages/px4_msgs/msg/_vehicle_land_detected_s.c\n'}
[1.039018] (px4_msgs) StdoutLine: {'line': b'-- Up-to-date: /home/nicolas/ws_ros2/install/px4_msgs/local/lib/python3.10/dist-packages/px4_msgs/msg/_rover_rate_setpoint.py\n'}
[1.039078] (px4_msgs) StdoutLine: {'line': b'-- Up-to-date: /home/nicolas/ws_ros2/install/px4_msgs/local/lib/python3.10/dist-packages/px4_msgs/msg/_estimator_selector_status_s.c\n'}
[1.039112] (px4_msgs) StdoutLine: {'line': b'-- Up-to-date: /home/nicolas/ws_ros2/install/px4_msgs/local/lib/python3.10/dist-packages/px4_msgs/msg/_dronecan_node_status.py\n'}
[1.039145] (px4_msgs) StdoutLine: {'line': b'-- Up-to-date: /home/nicolas/ws_ros2/install/px4_msgs/local/lib/python3.10/dist-packages/px4_msgs/msg/_position_setpoint.py\n'}
[1.039178] (px4_msgs) StdoutLine: {'line': b'-- Up-to-date: /home/nicolas/ws_ros2/install/px4_msgs/local/lib/python3.10/dist-packages/px4_msgs/msg/_sensor_baro.py\n'}
[1.039212] (px4_msgs) StdoutLine: {'line': b'-- Up-to-date: /home/nicolas/ws_ros2/install/px4_msgs/local/lib/python3.10/dist-packages/px4_msgs/msg/_wind_s.c\n'}
[1.039260] (px4_msgs) StdoutLine: {'line': b'-- Up-to-date: /home/nicolas/ws_ros2/install/px4_msgs/local/lib/python3.10/dist-packages/px4_msgs/msg/_dataman_request_s.c\n'}
[1.039295] (px4_msgs) StdoutLine: {'line': b'-- Up-to-date: /home/nicolas/ws_ros2/install/px4_msgs/local/lib/python3.10/dist-packages/px4_msgs/msg/_rc_parameter_map.py\n'}
[1.039329] (px4_msgs) StdoutLine: {'line': b'-- Up-to-date: /home/nicolas/ws_ros2/install/px4_msgs/local/lib/python3.10/dist-packages/px4_msgs/msg/__init__.py\n'}
[1.039362] (px4_msgs) StdoutLine: {'line': b'-- Up-to-date: /home/nicolas/ws_ros2/install/px4_msgs/local/lib/python3.10/dist-packages/px4_msgs/msg/_actuator_servos_trim.py\n'}
[1.039420] (px4_msgs) StdoutLine: {'line': b'-- Up-to-date: /home/nicolas/ws_ros2/install/px4_msgs/local/lib/python3.10/dist-packages/px4_msgs/msg/_orbit_status.py\n'}
[1.039459] (px4_msgs) StdoutLine: {'line': b'-- Up-to-date: /home/nicolas/ws_ros2/install/px4_msgs/local/lib/python3.10/dist-packages/px4_msgs/msg/_px4io_status_s.c\n'}
[1.039490] (px4_msgs) StdoutLine: {'line': b'-- Up-to-date: /home/nicolas/ws_ros2/install/px4_msgs/local/lib/python3.10/dist-packages/px4_msgs/msg/_ekf2_timestamps.py\n'}
[1.039520] (px4_msgs) StdoutLine: {'line': b'-- Up-to-date: /home/nicolas/ws_ros2/install/px4_msgs/local/lib/python3.10/dist-packages/px4_msgs/msg/_rpm_s.c\n'}
[1.039550] (px4_msgs) StdoutLine: {'line': b'-- Up-to-date: /home/nicolas/ws_ros2/install/px4_msgs/local/lib/python3.10/dist-packages/px4_msgs/msg/_vehicle_imu_status_s.c\n'}
[1.039580] (px4_msgs) StdoutLine: {'line': b'-- Up-to-date: /home/nicolas/ws_ros2/install/px4_msgs/local/lib/python3.10/dist-packages/px4_msgs/msg/_vtol_vehicle_status.py\n'}
[1.039614] (px4_msgs) StdoutLine: {'line': b'-- Up-to-date: /home/nicolas/ws_ros2/install/px4_msgs/local/lib/python3.10/dist-packages/px4_msgs/msg/_sensor_gnss_status_s.c\n'}
[1.039648] (px4_msgs) StdoutLine: {'line': b'-- Up-to-date: /home/nicolas/ws_ros2/install/px4_msgs/local/lib/python3.10/dist-packages/px4_msgs/msg/_sensor_mag.py\n'}
[1.039681] (px4_msgs) StdoutLine: {'line': b'-- Up-to-date: /home/nicolas/ws_ros2/install/px4_msgs/local/lib/python3.10/dist-packages/px4_msgs/msg/_open_drone_id_system.py\n'}
[1.039715] (px4_msgs) StdoutLine: {'line': b'-- Up-to-date: /home/nicolas/ws_ros2/install/px4_msgs/local/lib/python3.10/dist-packages/px4_msgs/msg/_vehicle_control_mode.py\n'}
[1.039748] (px4_msgs) StdoutLine: {'line': b'-- Up-to-date: /home/nicolas/ws_ros2/install/px4_msgs/local/lib/python3.10/dist-packages/px4_msgs/msg/_gps_inject_data_s.c\n'}
[1.039780] (px4_msgs) StdoutLine: {'line': b'-- Up-to-date: /home/nicolas/ws_ros2/install/px4_msgs/local/lib/python3.10/dist-packages/px4_msgs/msg/_follow_target_status.py\n'}
[1.039814] (px4_msgs) StdoutLine: {'line': b'-- Up-to-date: /home/nicolas/ws_ros2/install/px4_msgs/local/lib/python3.10/dist-packages/px4_msgs/msg/_distance_sensor_s.c\n'}
[1.039851] (px4_msgs) StdoutLine: {'line': b'-- Up-to-date: /home/nicolas/ws_ros2/install/px4_msgs/local/lib/python3.10/dist-packages/px4_msgs/msg/_gimbal_manager_information.py\n'}
[1.039888] (px4_msgs) StdoutLine: {'line': b'-- Up-to-date: /home/nicolas/ws_ros2/install/px4_msgs/local/lib/python3.10/dist-packages/px4_msgs/msg/_gimbal_controls.py\n'}
[1.039948] (px4_msgs) StdoutLine: {'line': b'-- Up-to-date: /home/nicolas/ws_ros2/install/px4_msgs/local/lib/python3.10/dist-packages/px4_msgs/msg/_camera_status.py\n'}
[1.039981] (px4_msgs) StdoutLine: {'line': b'-- Up-to-date: /home/nicolas/ws_ros2/install/px4_msgs/local/lib/python3.10/dist-packages/px4_msgs/msg/_control_allocator_status_s.c\n'}
[1.040012] (px4_msgs) StdoutLine: {'line': b'-- Up-to-date: /home/nicolas/ws_ros2/install/px4_msgs/local/lib/python3.10/dist-packages/px4_msgs/msg/_rover_position_setpoint.py\n'}
[1.040043] (px4_msgs) StdoutLine: {'line': b'-- Up-to-date: /home/nicolas/ws_ros2/install/px4_msgs/local/lib/python3.10/dist-packages/px4_msgs/msg/_uavcan_parameter_request_s.c\n'}
[1.040075] (px4_msgs) StdoutLine: {'line': b'-- Up-to-date: /home/nicolas/ws_ros2/install/px4_msgs/local/lib/python3.10/dist-packages/px4_msgs/msg/_vehicle_local_position_setpoint_s.c\n'}
[1.040105] (px4_msgs) StdoutLine: {'line': b'-- Up-to-date: /home/nicolas/ws_ros2/install/px4_msgs/local/lib/python3.10/dist-packages/px4_msgs/msg/_rc_channels.py\n'}
[1.040135] (px4_msgs) StdoutLine: {'line': b'-- Up-to-date: /home/nicolas/ws_ros2/install/px4_msgs/local/lib/python3.10/dist-packages/px4_msgs/msg/_mission_result_s.c\n'}
[1.040174] (px4_msgs) StdoutLine: {'line': b'-- Up-to-date: /home/nicolas/ws_ros2/install/px4_msgs/local/lib/python3.10/dist-packages/px4_msgs/msg/_transponder_report.py\n'}
[1.040204] (px4_msgs) StdoutLine: {'line': b'-- Up-to-date: /home/nicolas/ws_ros2/install/px4_msgs/local/lib/python3.10/dist-packages/px4_msgs/msg/_rover_rate_status.py\n'}
[1.040254] (px4_msgs) StdoutLine: {'line': b'-- Up-to-date: /home/nicolas/ws_ros2/install/px4_msgs/local/lib/python3.10/dist-packages/px4_msgs/msg/_fuel_tank_status_s.c\n'}
[1.040284] (px4_msgs) StdoutLine: {'line': b'-- Up-to-date: /home/nicolas/ws_ros2/install/px4_msgs/local/lib/python3.10/dist-packages/px4_msgs/msg/_geofence_result_s.c\n'}
[1.040314] (px4_msgs) StdoutLine: {'line': b'-- Up-to-date: /home/nicolas/ws_ros2/install/px4_msgs/local/lib/python3.10/dist-packages/px4_msgs/msg/_iridiumsbd_status_s.c\n'}
[1.040343] (px4_msgs) StdoutLine: {'line': b'-- Up-to-date: /home/nicolas/ws_ros2/install/px4_msgs/local/lib/python3.10/dist-packages/px4_msgs/msg/_wheel_encoders_s.c\n'}
[1.040373] (px4_msgs) StdoutLine: {'line': b'-- Up-to-date: /home/nicolas/ws_ros2/install/px4_msgs/local/lib/python3.10/dist-packages/px4_msgs/msg/_landing_target_pose_s.c\n'}
[1.040403] (px4_msgs) StdoutLine: {'line': b'-- Up-to-date: /home/nicolas/ws_ros2/install/px4_msgs/local/lib/python3.10/dist-packages/px4_msgs/msg/_actuator_armed.py\n'}
[1.040451] (px4_msgs) StdoutLine: {'line': b'-- Up-to-date: /home/nicolas/ws_ros2/install/px4_msgs/local/lib/python3.10/dist-packages/px4_msgs/msg/_system_power.py\n'}
[1.040486] (px4_msgs) StdoutLine: {'line': b'-- Up-to-date: /home/nicolas/ws_ros2/install/px4_msgs/local/lib/python3.10/dist-packages/px4_msgs/msg/_vehicle_thrust_setpoint.py\n'}
[1.040517] (px4_msgs) StdoutLine: {'line': b'-- Up-to-date: /home/nicolas/ws_ros2/install/px4_msgs/local/lib/python3.10/dist-packages/px4_msgs/msg/_landing_gear_wheel.py\n'}
[1.040549] (px4_msgs) StdoutLine: {'line': b'-- Up-to-date: /home/nicolas/ws_ros2/install/px4_msgs/local/lib/python3.10/dist-packages/px4_msgs/msg/_rc_parameter_map_s.c\n'}
[1.040579] (px4_msgs) StdoutLine: {'line': b'-- Up-to-date: /home/nicolas/ws_ros2/install/px4_msgs/local/lib/python3.10/dist-packages/px4_msgs/msg/_gripper.py\n'}
[1.040608] (px4_msgs) StdoutLine: {'line': b'-- Up-to-date: /home/nicolas/ws_ros2/install/px4_msgs/local/lib/python3.10/dist-packages/px4_msgs/msg/_rtl_time_estimate.py\n'}
[1.040637] (px4_msgs) StdoutLine: {'line': b'-- Up-to-date: /home/nicolas/ws_ros2/install/px4_msgs/local/lib/python3.10/dist-packages/px4_msgs/msg/_parameter_set_value_request_s.c\n'}
[1.040669] (px4_msgs) StdoutLine: {'line': b'-- Up-to-date: /home/nicolas/ws_ros2/install/px4_msgs/local/lib/python3.10/dist-packages/px4_msgs/msg/_vehicle_control_mode_s.c\n'}
[1.040704] (px4_msgs) StdoutLine: {'line': b'-- Up-to-date: /home/nicolas/ws_ros2/install/px4_msgs/local/lib/python3.10/dist-packages/px4_msgs/msg/_orb_test.py\n'}
[1.040754] (px4_msgs) StdoutLine: {'line': b'-- Up-to-date: /home/nicolas/ws_ros2/install/px4_msgs/local/lib/python3.10/dist-packages/px4_msgs/msg/_fuel_tank_status.py\n'}
[1.040786] (px4_msgs) StdoutLine: {'line': b'-- Up-to-date: /home/nicolas/ws_ros2/install/px4_msgs/local/lib/python3.10/dist-packages/px4_msgs/msg/_tiltrotor_extra_controls_s.c\n'}
[1.040818] (px4_msgs) StdoutLine: {'line': b'-- Up-to-date: /home/nicolas/ws_ros2/install/px4_msgs/local/lib/python3.10/dist-packages/px4_msgs/msg/_rtl_time_estimate_s.c\n'}
[1.040850] (px4_msgs) StdoutLine: {'line': b'-- Up-to-date: /home/nicolas/ws_ros2/install/px4_msgs/local/lib/python3.10/dist-packages/px4_msgs/msg/_sensor_gps.py\n'}
[1.040882] (px4_msgs) StdoutLine: {'line': b'-- Up-to-date: /home/nicolas/ws_ros2/install/px4_msgs/local/lib/python3.10/dist-packages/px4_msgs/msg/_rover_rate_status_s.c\n'}
[1.040915] (px4_msgs) StdoutLine: {'line': b'-- Up-to-date: /home/nicolas/ws_ros2/install/px4_msgs/local/lib/python3.10/dist-packages/px4_msgs/msg/_fixed_wing_lateral_guidance_status.py\n'}
[1.040949] (px4_msgs) StdoutLine: {'line': b'-- Up-to-date: /home/nicolas/ws_ros2/install/px4_msgs/local/lib/python3.10/dist-packages/px4_msgs/msg/_transponder_report_s.c\n'}
[1.040983] (px4_msgs) StdoutLine: {'line': b'-- Up-to-date: /home/nicolas/ws_ros2/install/px4_msgs/local/lib/python3.10/dist-packages/px4_msgs/msg/_actuator_servos_s.c\n'}
[1.041017] (px4_msgs) StdoutLine: {'line': b'-- Up-to-date: /home/nicolas/ws_ros2/install/px4_msgs/local/lib/python3.10/dist-packages/px4_msgs/msg/_gimbal_device_information.py\n'}
[1.041052] (px4_msgs) StdoutLine: {'line': b'-- Up-to-date: /home/nicolas/ws_ros2/install/px4_msgs/local/lib/python3.10/dist-packages/px4_msgs/msg/_failsafe_flags_s.c\n'}
[1.041086] (px4_msgs) StdoutLine: {'line': b'-- Up-to-date: /home/nicolas/ws_ros2/install/px4_msgs/local/lib/python3.10/dist-packages/px4_msgs/msg/_takeoff_status.py\n'}
[1.041119] (px4_msgs) StdoutLine: {'line': b'-- Up-to-date: /home/nicolas/ws_ros2/install/px4_msgs/local/lib/python3.10/dist-packages/px4_msgs/msg/_debug_array.py\n'}
[1.041152] (px4_msgs) StdoutLine: {'line': b'-- Up-to-date: /home/nicolas/ws_ros2/install/px4_msgs/local/lib/python3.10/dist-packages/px4_msgs/msg/_rover_attitude_status.py\n'}
[1.041184] (px4_msgs) StdoutLine: {'line': b'-- Up-to-date: /home/nicolas/ws_ros2/install/px4_msgs/local/lib/python3.10/dist-packages/px4_msgs/msg/_heater_status.py\n'}
[1.041217] (px4_msgs) StdoutLine: {'line': b'-- Up-to-date: /home/nicolas/ws_ros2/install/px4_msgs/local/lib/python3.10/dist-packages/px4_msgs/msg/_vehicle_odometry_s.c\n'}
[1.041249] (px4_msgs) StdoutLine: {'line': b'-- Up-to-date: /home/nicolas/ws_ros2/install/px4_msgs/local/lib/python3.10/dist-packages/px4_msgs/msg/_onboard_computer_status_s.c\n'}
[1.041281] (px4_msgs) StdoutLine: {'line': b'-- Up-to-date: /home/nicolas/ws_ros2/install/px4_msgs/local/lib/python3.10/dist-packages/px4_msgs/msg/_actuator_motors.py\n'}
[1.041313] (px4_msgs) StdoutLine: {'line': b'-- Up-to-date: /home/nicolas/ws_ros2/install/px4_msgs/local/lib/python3.10/dist-packages/px4_msgs/msg/_rover_speed_setpoint.py\n'}
[1.041371] (px4_msgs) StdoutLine: {'line': b'-- Up-to-date: /home/nicolas/ws_ros2/install/px4_msgs/local/lib/python3.10/dist-packages/px4_msgs/msg/_gimbal_manager_set_manual_control.py\n'}
[1.041401] (px4_msgs) StdoutLine: {'line': b'-- Up-to-date: /home/nicolas/ws_ros2/install/px4_msgs/local/lib/python3.10/dist-packages/px4_msgs/msg/_parameter_update_s.c\n'}
[1.041435] (px4_msgs) StdoutLine: {'line': b'-- Up-to-date: /home/nicolas/ws_ros2/install/px4_msgs/local/lib/python3.10/dist-packages/px4_msgs/msg/_airspeed_wind_s.c\n'}
[1.041470] (px4_msgs) StdoutLine: {'line': b'-- Up-to-date: /home/nicolas/ws_ros2/install/px4_msgs/local/lib/python3.10/dist-packages/px4_msgs/msg/_failure_detector_status.py\n'}
[1.041501] (px4_msgs) StdoutLine: {'line': b'-- Up-to-date: /home/nicolas/ws_ros2/install/px4_msgs/local/lib/python3.10/dist-packages/px4_msgs/msg/_arming_check_reply.py\n'}
[1.041533] (px4_msgs) StdoutLine: {'line': b'-- Up-to-date: /home/nicolas/ws_ros2/install/px4_msgs/local/lib/python3.10/dist-packages/px4_msgs/msg/_arming_check_reply_s.c\n'}
[1.041562] (px4_msgs) StdoutLine: {'line': b'-- Up-to-date: /home/nicolas/ws_ros2/install/px4_msgs/local/lib/python3.10/dist-packages/px4_msgs/msg/_actuator_test.py\n'}
[1.041591] (px4_msgs) StdoutLine: {'line': b'-- Up-to-date: /home/nicolas/ws_ros2/install/px4_msgs/local/lib/python3.10/dist-packages/px4_msgs/msg/_battery_info.py\n'}
[1.041620] (px4_msgs) StdoutLine: {'line': b'-- Up-to-date: /home/nicolas/ws_ros2/install/px4_msgs/local/lib/python3.10/dist-packages/px4_msgs/msg/_gpio_in.py\n'}
[1.041664] (px4_msgs) StdoutLine: {'line': b'-- Up-to-date: /home/nicolas/ws_ros2/install/px4_msgs/local/lib/python3.10/dist-packages/px4_msgs/msg/_airspeed_validated_s.c\n'}
[1.041694] (px4_msgs) StdoutLine: {'line': b'-- Up-to-date: /home/nicolas/ws_ros2/install/px4_msgs/local/lib/python3.10/dist-packages/px4_msgs/msg/_vehicle_optical_flow_s.c\n'}
[1.041738] (px4_msgs) StdoutLine: {'line': b'-- Up-to-date: /home/nicolas/ws_ros2/install/px4_msgs/local/lib/python3.10/dist-packages/px4_msgs/msg/_irlock_report.py\n'}
[1.041768] (px4_msgs) StdoutLine: {'line': b'-- Up-to-date: /home/nicolas/ws_ros2/install/px4_msgs/local/lib/python3.10/dist-packages/px4_msgs/msg/_message_format_request_s.c\n'}
[1.041799] (px4_msgs) StdoutLine: {'line': b'-- Up-to-date: /home/nicolas/ws_ros2/install/px4_msgs/local/lib/python3.10/dist-packages/px4_msgs/msg/_gimbal_device_information_s.c\n'}
[1.041828] (px4_msgs) StdoutLine: {'line': b'-- Up-to-date: /home/nicolas/ws_ros2/install/px4_msgs/local/lib/python3.10/dist-packages/px4_msgs/msg/_estimator_bias3d.py\n'}
[1.041857] (px4_msgs) StdoutLine: {'line': b'-- Up-to-date: /home/nicolas/ws_ros2/install/px4_msgs/local/lib/python3.10/dist-packages/px4_msgs/msg/_vehicle_angular_acceleration_setpoint_s.c\n'}
[1.041887] (px4_msgs) StdoutLine: {'line': b'-- Up-to-date: /home/nicolas/ws_ros2/install/px4_msgs/local/lib/python3.10/dist-packages/px4_msgs/msg/_generator_status_s.c\n'}
[1.041916] (px4_msgs) StdoutLine: {'line': b'-- Up-to-date: /home/nicolas/ws_ros2/install/px4_msgs/local/lib/python3.10/dist-packages/px4_msgs/msg/_vehicle_thrust_setpoint_s.c\n'}
[1.041945] (px4_msgs) StdoutLine: {'line': b'-- Up-to-date: /home/nicolas/ws_ros2/install/px4_msgs/local/lib/python3.10/dist-packages/px4_msgs/msg/_camera_status_s.c\n'}
[1.041975] (px4_msgs) StdoutLine: {'line': b'-- Up-to-date: /home/nicolas/ws_ros2/install/px4_msgs/local/lib/python3.10/dist-packages/px4_msgs/msg/_rover_rate_setpoint_s.c\n'}
[1.042004] (px4_msgs) StdoutLine: {'line': b'-- Up-to-date: /home/nicolas/ws_ros2/install/px4_msgs/local/lib/python3.10/dist-packages/px4_msgs/msg/_sensor_gnss_relative.py\n'}
[1.042033] (px4_msgs) StdoutLine: {'line': b'-- Up-to-date: /home/nicolas/ws_ros2/install/px4_msgs/local/lib/python3.10/dist-packages/px4_msgs/msg/_pwm_input_s.c\n'}
[1.042061] (px4_msgs) StdoutLine: {'line': b'-- Up-to-date: /home/nicolas/ws_ros2/install/px4_msgs/local/lib/python3.10/dist-packages/px4_msgs/msg/_unregister_ext_component.py\n'}
[1.042090] (px4_msgs) StdoutLine: {'line': b'-- Up-to-date: /home/nicolas/ws_ros2/install/px4_msgs/local/lib/python3.10/dist-packages/px4_msgs/msg/_landing_target_pose.py\n'}
[1.042120] (px4_msgs) StdoutLine: {'line': b'-- Up-to-date: /home/nicolas/ws_ros2/install/px4_msgs/local/lib/python3.10/dist-packages/px4_msgs/msg/_open_drone_id_system_s.c\n'}
[1.042151] (px4_msgs) StdoutLine: {'line': b'-- Up-to-date: /home/nicolas/ws_ros2/install/px4_msgs/local/lib/python3.10/dist-packages/px4_msgs/msg/_pps_capture.py\n'}
[1.042183] (px4_msgs) StdoutLine: {'line': b'-- Up-to-date: /home/nicolas/ws_ros2/install/px4_msgs/local/lib/python3.10/dist-packages/px4_msgs/msg/_airspeed_s.c\n'}
[1.042214] (px4_msgs) StdoutLine: {'line': b'-- Up-to-date: /home/nicolas/ws_ros2/install/px4_msgs/local/lib/python3.10/dist-packages/px4_msgs/msg/_mission_result.py\n'}
[1.042246] (px4_msgs) StdoutLine: {'line': b'-- Up-to-date: /home/nicolas/ws_ros2/install/px4_msgs/local/lib/python3.10/dist-packages/px4_msgs/msg/_navigator_status.py\n'}
[1.042293] (px4_msgs) StdoutLine: {'line': b'-- Up-to-date: /home/nicolas/ws_ros2/install/px4_msgs/local/lib/python3.10/dist-packages/px4_msgs/msg/_navigator_mission_item.py\n'}
[1.042333] (px4_msgs) StdoutLine: {'line': b'-- Up-to-date: /home/nicolas/ws_ros2/install/px4_msgs/local/lib/python3.10/dist-packages/px4_msgs/msg/_can_interface_status.py\n'}
[1.042363] (px4_msgs) StdoutLine: {'line': b'-- Up-to-date: /home/nicolas/ws_ros2/install/px4_msgs/local/lib/python3.10/dist-packages/px4_msgs/msg/_action_request_s.c\n'}
[1.042392] (px4_msgs) StdoutLine: {'line': b'-- Up-to-date: /home/nicolas/ws_ros2/install/px4_msgs/local/lib/python3.10/dist-packages/px4_msgs/msg/_vehicle_command_ack.py\n'}
[1.042430] (px4_msgs) StdoutLine: {'line': b'-- Up-to-date: /home/nicolas/ws_ros2/install/px4_msgs/local/lib/python3.10/dist-packages/px4_msgs/msg/_qshell_req.py\n'}
[1.042492] (px4_msgs) StdoutLine: {'line': b'-- Up-to-date: /home/nicolas/ws_ros2/install/px4_msgs/local/lib/python3.10/dist-packages/px4_msgs/msg/_vehicle_imu_status.py\n'}
[1.042528] (px4_msgs) StdoutLine: {'line': b'-- Up-to-date: /home/nicolas/ws_ros2/install/px4_msgs/local/lib/python3.10/dist-packages/px4_msgs/msg/_orbit_status_s.c\n'}
[1.042565] (px4_msgs) StdoutLine: {'line': b'-- Up-to-date: /home/nicolas/ws_ros2/install/px4_msgs/local/lib/python3.10/dist-packages/px4_msgs/msg/_estimator_event_flags.py\n'}
[1.042596] (px4_msgs) StdoutLine: {'line': b'-- Up-to-date: /home/nicolas/ws_ros2/install/px4_msgs/local/lib/python3.10/dist-packages/px4_msgs/msg/_ulog_stream.py\n'}
[1.042630] (px4_msgs) StdoutLine: {'line': b'-- Up-to-date: /home/nicolas/ws_ros2/install/px4_msgs/local/lib/python3.10/dist-packages/px4_msgs/msg/_sensor_optical_flow_s.c\n'}
[1.042661] (px4_msgs) StdoutLine: {'line': b'-- Up-to-date: /home/nicolas/ws_ros2/install/px4_msgs/local/lib/python3.10/dist-packages/px4_msgs/msg/_gpio_out.py\n'}
[1.042690] (px4_msgs) StdoutLine: {'line': b'-- Up-to-date: /home/nicolas/ws_ros2/install/px4_msgs/local/lib/python3.10/dist-packages/px4_msgs/msg/_arming_check_request.py\n'}
[1.042722] (px4_msgs) StdoutLine: {'line': b'-- Up-to-date: /home/nicolas/ws_ros2/install/px4_msgs/local/lib/python3.10/dist-packages/px4_msgs/msg/_sensor_selection_s.c\n'}
[1.042755] (px4_msgs) StdoutLine: {'line': b'-- Up-to-date: /home/nicolas/ws_ros2/install/px4_msgs/local/lib/python3.10/dist-packages/px4_msgs/msg/_rover_attitude_status_s.c\n'}
[1.042788] (px4_msgs) StdoutLine: {'line': b'-- Up-to-date: /home/nicolas/ws_ros2/install/px4_msgs/local/lib/python3.10/dist-packages/px4_msgs/msg/_vehicle_command_s.c\n'}
[1.042819] (px4_msgs) StdoutLine: {'line': b'-- Up-to-date: /home/nicolas/ws_ros2/install/px4_msgs/local/lib/python3.10/dist-packages/px4_msgs/msg/_mode_completed_s.c\n'}
[1.042851] (px4_msgs) StdoutLine: {'line': b'-- Up-to-date: /home/nicolas/ws_ros2/install/px4_msgs/local/lib/python3.10/dist-packages/px4_msgs/msg/_gps_dump.py\n'}
[1.042882] (px4_msgs) StdoutLine: {'line': b'-- Up-to-date: /home/nicolas/ws_ros2/install/px4_msgs/local/lib/python3.10/dist-packages/px4_msgs/msg/_orb_test_s.c\n'}
[1.042914] (px4_msgs) StdoutLine: {'line': b'-- Up-to-date: /home/nicolas/ws_ros2/install/px4_msgs/local/lib/python3.10/dist-packages/px4_msgs/msg/_event.py\n'}
[1.042946] (px4_msgs) StdoutLine: {'line': b'-- Up-to-date: /home/nicolas/ws_ros2/install/px4_msgs/local/lib/python3.10/dist-packages/px4_msgs/msg/_gimbal_device_attitude_status.py\n'}
[1.042979] (px4_msgs) StdoutLine: {'line': b'-- Up-to-date: /home/nicolas/ws_ros2/install/px4_msgs/local/lib/python3.10/dist-packages/px4_msgs/msg/_mag_worker_data.py\n'}
[1.043011] (px4_msgs) StdoutLine: {'line': b'-- Up-to-date: /home/nicolas/ws_ros2/install/px4_msgs/local/lib/python3.10/dist-packages/px4_msgs/msg/_rover_speed_setpoint_s.c\n'}
[1.043043] (px4_msgs) StdoutLine: {'line': b'-- Up-to-date: /home/nicolas/ws_ros2/install/px4_msgs/local/lib/python3.10/dist-packages/px4_msgs/msg/_parameter_set_used_request_s.c\n'}
[1.043075] (px4_msgs) StdoutLine: {'line': b'-- Up-to-date: /home/nicolas/ws_ros2/install/px4_msgs/local/lib/python3.10/dist-packages/px4_msgs/msg/_vehicle_status_s.c\n'}
[1.043134] (px4_msgs) StdoutLine: {'line': b'-- Up-to-date: /home/nicolas/ws_ros2/install/px4_msgs/local/lib/python3.10/dist-packages/px4_msgs/msg/_estimator_sensor_bias_s.c\n'}
[1.043165] (px4_msgs) StdoutLine: {'line': b'-- Up-to-date: /home/nicolas/ws_ros2/install/px4_msgs/local/lib/python3.10/dist-packages/px4_msgs/msg/_irlock_report_s.c\n'}
[1.043197] (px4_msgs) StdoutLine: {'line': b'-- Up-to-date: /home/nicolas/ws_ros2/install/px4_msgs/local/lib/python3.10/dist-packages/px4_msgs/msg/_sensors_status_s.c\n'}
[1.043229] (px4_msgs) StdoutLine: {'line': b'-- Up-to-date: /home/nicolas/ws_ros2/install/px4_msgs/local/lib/python3.10/dist-packages/px4_msgs/msg/_vehicle_rates_setpoint.py\n'}
[1.043261] (px4_msgs) StdoutLine: {'line': b'-- Up-to-date: /home/nicolas/ws_ros2/install/px4_msgs/local/lib/python3.10/dist-packages/px4_msgs/msg/_camera_capture_s.c\n'}
[1.043293] (px4_msgs) StdoutLine: {'line': b'-- Up-to-date: /home/nicolas/ws_ros2/install/px4_msgs/local/lib/python3.10/dist-packages/px4_msgs/msg/_fixed_wing_longitudinal_setpoint_s.c\n'}
[1.043326] (px4_msgs) StdoutLine: {'line': b'-- Up-to-date: /home/nicolas/ws_ros2/install/px4_msgs/local/lib/python3.10/dist-packages/px4_msgs/msg/_register_ext_component_reply.py\n'}
[1.043358] (px4_msgs) StdoutLine: {'line': b'-- Up-to-date: /home/nicolas/ws_ros2/install/px4_msgs/local/lib/python3.10/dist-packages/px4_msgs/msg/_obstacle_distance.py\n'}
[1.043390] (px4_msgs) StdoutLine: {'line': b'-- Up-to-date: /home/nicolas/ws_ros2/install/px4_msgs/local/lib/python3.10/dist-packages/px4_msgs/msg/_mavlink_tunnel.py\n'}
[1.043422] (px4_msgs) StdoutLine: {'line': b'-- Up-to-date: /home/nicolas/ws_ros2/install/px4_msgs/local/lib/python3.10/dist-packages/px4_msgs/msg/_orb_test_large_s.c\n'}
[1.043460] (px4_msgs) StdoutLine: {'line': b'-- Up-to-date: /home/nicolas/ws_ros2/install/px4_msgs/local/lib/python3.10/dist-packages/px4_msgs/msg/_estimator_selector_status.py\n'}
[1.043493] (px4_msgs) StdoutLine: {'line': b'-- Up-to-date: /home/nicolas/ws_ros2/install/px4_msgs/local/lib/python3.10/dist-packages/px4_msgs/msg/_goto_setpoint_s.c\n'}
[1.043548] (px4_msgs) StdoutLine: {'line': b'-- Up-to-date: /home/nicolas/ws_ros2/install/px4_msgs/local/lib/python3.10/dist-packages/px4_msgs/msg/_actuator_controls_status_s.c\n'}
[1.043587] (px4_msgs) StdoutLine: {'line': b'-- Up-to-date: /home/nicolas/ws_ros2/install/px4_msgs/local/lib/python3.10/dist-packages/px4_msgs/msg/_pure_pursuit_status_s.c\n'}
[1.043617] (px4_msgs) StdoutLine: {'line': b'-- Up-to-date: /home/nicolas/ws_ros2/install/px4_msgs/local/lib/python3.10/dist-packages/px4_msgs/msg/_estimator_bias3d_s.c\n'}
[1.043647] (px4_msgs) StdoutLine: {'line': b'-- Up-to-date: /home/nicolas/ws_ros2/install/px4_msgs/local/lib/python3.10/dist-packages/px4_msgs/msg/_ekf2_timestamps_s.c\n'}
[1.043677] (px4_msgs) StdoutLine: {'line': b'-- Up-to-date: /home/nicolas/ws_ros2/install/px4_msgs/local/lib/python3.10/dist-packages/px4_msgs/msg/_vehicle_acceleration_s.c\n'}
[1.043707] (px4_msgs) StdoutLine: {'line': b'-- Up-to-date: /home/nicolas/ws_ros2/install/px4_msgs/local/lib/python3.10/dist-packages/px4_msgs/msg/_normalized_unsigned_setpoint.py\n'}
[1.043737] (px4_msgs) StdoutLine: {'line': b'-- Up-to-date: /home/nicolas/ws_ros2/install/px4_msgs/local/lib/python3.10/dist-packages/px4_msgs/msg/_orb_test_large.py\n'}
[1.043780] (px4_msgs) StdoutLine: {'line': b'-- Up-to-date: /home/nicolas/ws_ros2/install/px4_msgs/local/lib/python3.10/dist-packages/px4_msgs/msg/_actuator_armed_s.c\n'}
[1.043810] (px4_msgs) StdoutLine: {'line': b'-- Up-to-date: /home/nicolas/ws_ros2/install/px4_msgs/local/lib/python3.10/dist-packages/px4_msgs/msg/_position_setpoint_triplet_s.c\n'}
[1.043841] (px4_msgs) StdoutLine: {'line': b'-- Up-to-date: /home/nicolas/ws_ros2/install/px4_msgs/local/lib/python3.10/dist-packages/px4_msgs/msg/_estimator_bias_s.c\n'}
[1.043869] (px4_msgs) StdoutLine: {'line': b'-- Up-to-date: /home/nicolas/ws_ros2/install/px4_msgs/local/lib/python3.10/dist-packages/px4_msgs/msg/_power_button_state.py\n'}
[1.043902] (px4_msgs) StdoutLine: {'line': b'-- Up-to-date: /home/nicolas/ws_ros2/install/px4_msgs/local/lib/python3.10/dist-packages/px4_msgs/msg/_sensor_accel.py\n'}
[1.043931] (px4_msgs) StdoutLine: {'line': b'-- Up-to-date: /home/nicolas/ws_ros2/install/px4_msgs/local/lib/python3.10/dist-packages/px4_msgs/msg/_vehicle_air_data.py\n'}
[1.043961] (px4_msgs) StdoutLine: {'line': b'-- Up-to-date: /home/nicolas/ws_ros2/install/px4_msgs/local/lib/python3.10/dist-packages/px4_msgs/msg/_trajectory_setpoint6dof_s.c\n'}
[1.043992] (px4_msgs) StdoutLine: {'line': b'-- Up-to-date: /home/nicolas/ws_ros2/install/px4_msgs/local/lib/python3.10/dist-packages/px4_msgs/msg/_rc_channels_s.c\n'}
[1.044024] (px4_msgs) StdoutLine: {'line': b'-- Up-to-date: /home/nicolas/ws_ros2/install/px4_msgs/local/lib/python3.10/dist-packages/px4_msgs/msg/_navigator_status_s.c\n'}
[1.044056] (px4_msgs) StdoutLine: {'line': b'-- Up-to-date: /home/nicolas/ws_ros2/install/px4_msgs/local/lib/python3.10/dist-packages/px4_msgs/msg/_gimbal_manager_set_attitude.py\n'}
[1.044089] (px4_msgs) StdoutLine: {'line': b'-- Up-to-date: /home/nicolas/ws_ros2/install/px4_msgs/local/lib/python3.10/dist-packages/px4_msgs/msg/_estimator_gps_status_s.c\n'}
[1.044122] (px4_msgs) StdoutLine: {'line': b'-- Up-to-date: /home/nicolas/ws_ros2/install/px4_msgs/local/lib/python3.10/dist-packages/px4_msgs/msg/_gpio_request_s.c\n'}
[1.044154] (px4_msgs) StdoutLine: {'line': b'-- Up-to-date: /home/nicolas/ws_ros2/install/px4_msgs/local/lib/python3.10/dist-packages/px4_msgs/msg/_figure_eight_status_s.c\n'}
[1.044187] (px4_msgs) StdoutLine: {'line': b'-- Up-to-date: /home/nicolas/ws_ros2/install/px4_msgs/local/lib/python3.10/dist-packages/px4_msgs/msg/_uavcan_parameter_request.py\n'}
[1.044219] (px4_msgs) StdoutLine: {'line': b'-- Up-to-date: /home/nicolas/ws_ros2/install/px4_msgs/local/lib/python3.10/dist-packages/px4_msgs/msg/_open_drone_id_arm_status.py\n'}
[1.044252] (px4_msgs) StdoutLine: {'line': b'-- Up-to-date: /home/nicolas/ws_ros2/install/px4_msgs/local/lib/python3.10/dist-packages/px4_msgs/msg/_tune_control.py\n'}
[1.044284] (px4_msgs) StdoutLine: {'line': b'-- Up-to-date: /home/nicolas/ws_ros2/install/px4_msgs/local/lib/python3.10/dist-packages/px4_msgs/msg/_estimator_sensor_bias.py\n'}
[1.044316] (px4_msgs) StdoutLine: {'line': b'-- Up-to-date: /home/nicolas/ws_ros2/install/px4_msgs/local/lib/python3.10/dist-packages/px4_msgs/msg/_follow_target_estimator_s.c\n'}
[1.044348] (px4_msgs) StdoutLine: {'line': b'-- Up-to-date: /home/nicolas/ws_ros2/install/px4_msgs/local/lib/python3.10/dist-packages/px4_msgs/msg/_can_interface_status_s.c\n'}
[1.044400] (px4_msgs) StdoutLine: {'line': b'-- Up-to-date: /home/nicolas/ws_ros2/install/px4_msgs/local/lib/python3.10/dist-packages/px4_msgs/msg/_orb_test_medium.py\n'}
[1.044434] (px4_msgs) StdoutLine: {'line': b'-- Up-to-date: /home/nicolas/ws_ros2/install/px4_msgs/local/lib/python3.10/dist-packages/px4_msgs/msg/_mag_worker_data_s.c\n'}
[1.044467] (px4_msgs) StdoutLine: {'line': b'-- Up-to-date: /home/nicolas/ws_ros2/install/px4_msgs/local/lib/python3.10/dist-packages/px4_msgs/msg/_rover_position_setpoint_s.c\n'}
[1.044496] (px4_msgs) StdoutLine: {'line': b'-- Up-to-date: /home/nicolas/ws_ros2/install/px4_msgs/local/lib/python3.10/dist-packages/px4_msgs/msg/_landing_gear.py\n'}
[1.044526] (px4_msgs) StdoutLine: {'line': b'-- Up-to-date: /home/nicolas/ws_ros2/install/px4_msgs/local/lib/python3.10/dist-packages/px4_msgs/msg/_lateral_control_configuration.py\n'}
[1.044558] (px4_msgs) StdoutLine: {'line': b'-- Up-to-date: /home/nicolas/ws_ros2/install/px4_msgs/local/lib/python3.10/dist-packages/px4_msgs/msg/_rover_steering_setpoint.py\n'}
[1.044590] (px4_msgs) StdoutLine: {'line': b'-- Up-to-date: /home/nicolas/ws_ros2/install/px4_msgs/local/lib/python3.10/dist-packages/px4_msgs/msg/_estimator_aid_source1d_s.c\n'}
[1.044641] (px4_msgs) StdoutLine: {'line': b'-- Up-to-date: /home/nicolas/ws_ros2/install/px4_msgs/local/lib/python3.10/dist-packages/px4_msgs/msg/_sensor_airflow_s.c\n'}
[1.044672] (px4_msgs) StdoutLine: {'line': b'-- Up-to-date: /home/nicolas/ws_ros2/install/px4_msgs/local/lib/python3.10/dist-packages/px4_msgs/msg/_uavcan_parameter_value_s.c\n'}
[1.044701] (px4_msgs) StdoutLine: {'line': b'-- Up-to-date: /home/nicolas/ws_ros2/install/px4_msgs/local/lib/python3.10/dist-packages/px4_msgs/msg/_vehicle_optical_flow_vel_s.c\n'}
[1.044731] (px4_msgs) StdoutLine: {'line': b'-- Up-to-date: /home/nicolas/ws_ros2/install/px4_msgs/local/lib/python3.10/dist-packages/px4_msgs/msg/_lateral_control_configuration_s.c\n'}
[1.044759] (px4_msgs) StdoutLine: {'line': b'-- Up-to-date: /home/nicolas/ws_ros2/install/px4_msgs/local/lib/python3.10/dist-packages/px4_msgs/msg/_message_format_response.py\n'}
[1.044788] (px4_msgs) StdoutLine: {'line': b'-- Up-to-date: /home/nicolas/ws_ros2/install/px4_msgs/local/lib/python3.10/dist-packages/px4_msgs/msg/_estimator_innovations_s.c\n'}
[1.044831] (px4_msgs) StdoutLine: {'line': b'-- Up-to-date: /home/nicolas/ws_ros2/install/px4_msgs/local/lib/python3.10/dist-packages/px4_msgs/msg/_yaw_estimator_status_s.c\n'}
[1.044860] (px4_msgs) StdoutLine: {'line': b'-- Up-to-date: /home/nicolas/ws_ros2/install/px4_msgs/local/lib/python3.10/dist-packages/px4_msgs/msg/_vehicle_attitude.py\n'}
[1.044889] (px4_msgs) StdoutLine: {'line': b'-- Up-to-date: /home/nicolas/ws_ros2/install/px4_msgs/local/lib/python3.10/dist-packages/px4_msgs/msg/_dataman_response_s.c\n'}
[1.044919] (px4_msgs) StdoutLine: {'line': b'-- Up-to-date: /home/nicolas/ws_ros2/install/px4_msgs/local/lib/python3.10/dist-packages/px4_msgs/msg/_neural_control_s.c\n'}
[1.044948] (px4_msgs) StdoutLine: {'line': b'-- Up-to-date: /home/nicolas/ws_ros2/install/px4_msgs/local/lib/python3.10/dist-packages/px4_msgs/msg/_landing_gear_wheel_s.c\n'}
[1.044976] (px4_msgs) StdoutLine: {'line': b'-- Up-to-date: /home/nicolas/ws_ros2/install/px4_msgs/local/lib/python3.10/dist-packages/px4_msgs/msg/_actuator_servos_trim_s.c\n'}
[1.045005] (px4_msgs) StdoutLine: {'line': b'-- Up-to-date: /home/nicolas/ws_ros2/install/px4_msgs/local/lib/python3.10/dist-packages/px4_msgs/msg/_esc_status_s.c\n'}
[1.045035] (px4_msgs) StdoutLine: {'line': b'-- Up-to-date: /home/nicolas/ws_ros2/install/px4_msgs/local/lib/python3.10/dist-packages/px4_msgs/msg/_vehicle_attitude_setpoint_s.c\n'}
[1.045067] (px4_msgs) StdoutLine: {'line': b'-- Up-to-date: /home/nicolas/ws_ros2/install/px4_msgs/local/lib/python3.10/dist-packages/px4_msgs/msg/_sensor_correction.py\n'}
[1.045098] (px4_msgs) StdoutLine: {'line': b'-- Up-to-date: /home/nicolas/ws_ros2/install/px4_msgs/local/lib/python3.10/dist-packages/px4_msgs/msg/_launch_detection_status.py\n'}
[1.045130] (px4_msgs) StdoutLine: {'line': b'-- Up-to-date: /home/nicolas/ws_ros2/install/px4_msgs/local/lib/python3.10/dist-packages/px4_msgs/msg/_ulog_stream_ack.py\n'}
[1.045162] (px4_msgs) StdoutLine: {'line': b'-- Up-to-date: /home/nicolas/ws_ros2/install/px4_msgs/local/lib/python3.10/dist-packages/px4_msgs/msg/_rover_speed_status.py\n'}
[1.045194] (px4_msgs) StdoutLine: {'line': b'-- Up-to-date: /home/nicolas/ws_ros2/install/px4_msgs/local/lib/python3.10/dist-packages/px4_msgs/msg/_hover_thrust_estimate_s.c\n'}
[1.045235] (px4_msgs) StdoutLine: {'line': b'-- Up-to-date: /home/nicolas/ws_ros2/install/px4_msgs/local/lib/python3.10/dist-packages/px4_msgs/msg/_sensor_combined.py\n'}
[1.045267] (px4_msgs) StdoutLine: {'line': b'-- Up-to-date: /home/nicolas/ws_ros2/install/px4_msgs/local/lib/python3.10/dist-packages/px4_msgs/msg/_sensor_gyro_fifo_s.c\n'}
[1.045299] (px4_msgs) StdoutLine: {'line': b'-- Up-to-date: /home/nicolas/ws_ros2/install/px4_msgs/local/lib/python3.10/dist-packages/px4_msgs/msg/_rpm.py\n'}
[1.045331] (px4_msgs) StdoutLine: {'line': b'-- Up-to-date: /home/nicolas/ws_ros2/install/px4_msgs/local/lib/python3.10/dist-packages/px4_msgs/msg/_vehicle_angular_acceleration_setpoint.py\n'}
[1.045363] (px4_msgs) StdoutLine: {'line': b'-- Up-to-date: /home/nicolas/ws_ros2/install/px4_msgs/local/lib/python3.10/dist-packages/px4_msgs/msg/_button_event.py\n'}
[1.045395] (px4_msgs) StdoutLine: {'line': b'-- Up-to-date: /home/nicolas/ws_ros2/install/px4_msgs/local/lib/python3.10/dist-packages/px4_msgs/msg/_estimator_states_s.c\n'}
[1.045459] (px4_msgs) StdoutLine: {'line': b'-- Up-to-date: /home/nicolas/ws_ros2/install/px4_msgs/local/lib/python3.10/dist-packages/px4_msgs/msg/_actuator_outputs_s.c\n'}
[1.045489] (px4_msgs) StdoutLine: {'line': b'-- Up-to-date: /home/nicolas/ws_ros2/install/px4_msgs/local/lib/python3.10/dist-packages/px4_msgs/msg/_gimbal_device_set_attitude_s.c\n'}
[1.045519] (px4_msgs) StdoutLine: {'line': b'-- Up-to-date: /home/nicolas/ws_ros2/install/px4_msgs/local/lib/python3.10/dist-packages/px4_msgs/msg/_home_position_s.c\n'}
[1.045551] (px4_msgs) StdoutLine: {'line': b'-- Up-to-date: /home/nicolas/ws_ros2/install/px4_msgs/local/lib/python3.10/dist-packages/px4_msgs/msg/_vtol_vehicle_status_s.c\n'}
[1.045579] (px4_msgs) StdoutLine: {'line': b'-- Up-to-date: /home/nicolas/ws_ros2/install/px4_msgs/local/lib/python3.10/dist-packages/px4_msgs/msg/_camera_capture.py\n'}
[1.045607] (px4_msgs) StdoutLine: {'line': b'-- Up-to-date: /home/nicolas/ws_ros2/install/px4_msgs/local/lib/python3.10/dist-packages/px4_msgs/msg/_vehicle_status.py\n'}
[1.045637] (px4_msgs) StdoutLine: {'line': b'-- Up-to-date: /home/nicolas/ws_ros2/install/px4_msgs/local/lib/python3.10/dist-packages/px4_msgs/msg/_sensor_gyro_s.c\n'}
[1.045670] (px4_msgs) StdoutLine: {'line': b'-- Up-to-date: /home/nicolas/ws_ros2/install/px4_msgs/local/lib/python3.10/dist-packages/px4_msgs/msg/_sensors_status_imu_s.c\n'}
[1.045721] (px4_msgs) StdoutLine: {'line': b'-- Up-to-date: /home/nicolas/ws_ros2/install/px4_msgs/local/lib/python3.10/dist-packages/px4_msgs/msg/_landing_target_innovations.py\n'}
[1.045751] (px4_msgs) StdoutLine: {'line': b'-- Up-to-date: /home/nicolas/ws_ros2/install/px4_msgs/local/lib/python3.10/dist-packages/px4_msgs/msg/_vehicle_attitude_s.c\n'}
[1.045780] (px4_msgs) StdoutLine: {'line': b'-- Up-to-date: /home/nicolas/ws_ros2/install/px4_msgs/local/lib/python3.10/dist-packages/px4_msgs/msg/_airspeed_wind.py\n'}
[1.045809] (px4_msgs) StdoutLine: {'line': b'-- Up-to-date: /home/nicolas/ws_ros2/install/px4_msgs/local/lib/python3.10/dist-packages/px4_msgs/msg/_internal_combustion_engine_control_s.c\n'}
[1.045838] (px4_msgs) StdoutLine: {'line': b'-- Up-to-date: /home/nicolas/ws_ros2/install/px4_msgs/local/lib/python3.10/dist-packages/px4_msgs/msg/_rate_ctrl_status_s.c\n'}
[1.045882] (px4_msgs) StdoutLine: {'line': b'-- Up-to-date: /home/nicolas/ws_ros2/install/px4_msgs/local/lib/python3.10/dist-packages/px4_msgs/msg/_esc_status.py\n'}
[1.045911] (px4_msgs) StdoutLine: {'line': b'-- Up-to-date: /home/nicolas/ws_ros2/install/px4_msgs/local/lib/python3.10/dist-packages/px4_msgs/msg/_sensor_hygrometer.py\n'}
[1.045940] (px4_msgs) StdoutLine: {'line': b'-- Up-to-date: /home/nicolas/ws_ros2/install/px4_msgs/local/lib/python3.10/dist-packages/px4_msgs/msg/_vehicle_magnetometer.py\n'}
[1.045969] (px4_msgs) StdoutLine: {'line': b'-- Up-to-date: /home/nicolas/ws_ros2/install/px4_msgs/local/lib/python3.10/dist-packages/px4_msgs/msg/_wind.py\n'}
[1.045998] (px4_msgs) StdoutLine: {'line': b'-- Up-to-date: /home/nicolas/ws_ros2/install/px4_msgs/local/lib/python3.10/dist-packages/px4_msgs/msg/_estimator_aid_source2d_s.c\n'}
[1.046027] (px4_msgs) StdoutLine: {'line': b'-- Up-to-date: /home/nicolas/ws_ros2/install/px4_msgs/local/lib/python3.10/dist-packages/px4_msgs/msg/_collision_constraints_s.c\n'}
[1.046056] (px4_msgs) StdoutLine: {'line': b'-- Up-to-date: /home/nicolas/ws_ros2/install/px4_msgs/local/lib/python3.10/dist-packages/px4_msgs/msg/_radio_status.py\n'}
[1.046099] (px4_msgs) StdoutLine: {'line': b'-- Up-to-date: /home/nicolas/ws_ros2/install/px4_msgs/local/lib/python3.10/dist-packages/px4_msgs/msg/_trajectory_setpoint_s.c\n'}
[1.046129] (px4_msgs) StdoutLine: {'line': b'-- Up-to-date: /home/nicolas/ws_ros2/install/px4_msgs/local/lib/python3.10/dist-packages/px4_msgs/msg/_battery_status.py\n'}
[1.046158] (px4_msgs) StdoutLine: {'line': b'-- Up-to-date: /home/nicolas/ws_ros2/install/px4_msgs/local/lib/python3.10/dist-packages/px4_msgs/msg/_hover_thrust_estimate.py\n'}
[1.046197] (px4_msgs) StdoutLine: {'line': b'-- Up-to-date: /home/nicolas/ws_ros2/install/px4_msgs/local/lib/python3.10/dist-packages/px4_msgs/msg/_vehicle_attitude_setpoint.py\n'}
[1.046226] (px4_msgs) StdoutLine: {'line': b'-- Up-to-date: /home/nicolas/ws_ros2/install/px4_msgs/local/lib/python3.10/dist-packages/px4_msgs/msg/_ping_s.c\n'}
[1.046255] (px4_msgs) StdoutLine: {'line': b'-- Up-to-date: /home/nicolas/ws_ros2/install/px4_msgs/local/lib/python3.10/dist-packages/px4_msgs/msg/_airspeed.py\n'}
[1.046284] (px4_msgs) StdoutLine: {'line': b'-- Up-to-date: /home/nicolas/ws_ros2/install/px4_msgs/local/lib/python3.10/dist-packages/px4_msgs/msg/_differential_pressure_s.c\n'}
[1.046312] (px4_msgs) StdoutLine: {'line': b'-- Up-to-date: /home/nicolas/ws_ros2/install/px4_msgs/local/lib/python3.10/dist-packages/px4_msgs/msg/_vehicle_optical_flow.py\n'}
[1.046342] (px4_msgs) StdoutLine: {'line': b'-- Up-to-date: /home/nicolas/ws_ros2/install/px4_msgs/local/lib/python3.10/dist-packages/px4_msgs/msg/_power_monitor_s.c\n'}
[1.046374] (px4_msgs) StdoutLine: {'line': b'-- Up-to-date: /home/nicolas/ws_ros2/install/px4_msgs/local/lib/python3.10/dist-packages/px4_msgs/msg/_sensors_status.py\n'}
[1.046406] (px4_msgs) StdoutLine: {'line': b'-- Up-to-date: /home/nicolas/ws_ros2/install/px4_msgs/local/lib/python3.10/dist-packages/px4_msgs/msg/_autotune_attitude_control_status_s.c\n'}
[1.046441] (px4_msgs) StdoutLine: {'line': b'-- Up-to-date: /home/nicolas/ws_ros2/install/px4_msgs/local/lib/python3.10/dist-packages/px4_msgs/msg/_vehicle_global_position_s.c\n'}
[1.046475] (px4_msgs) StdoutLine: {'line': b'-- Up-to-date: /home/nicolas/ws_ros2/install/px4_msgs/local/lib/python3.10/dist-packages/px4_msgs/msg/_config_overrides_s.c\n'}
[1.046511] (px4_msgs) StdoutLine: {'line': b'-- Up-to-date: /home/nicolas/ws_ros2/install/px4_msgs/local/lib/python3.10/dist-packages/px4_msgs/msg/_vehicle_magnetometer_s.c\n'}
[1.046544] (px4_msgs) StdoutLine: {'line': b'-- Up-to-date: /home/nicolas/ws_ros2/install/px4_msgs/local/lib/python3.10/dist-packages/px4_msgs/msg/_internal_combustion_engine_status_s.c\n'}
[1.046597] (px4_msgs) StdoutLine: {'line': b'-- Up-to-date: /home/nicolas/ws_ros2/install/px4_msgs/local/lib/python3.10/dist-packages/px4_msgs/msg/_home_position.py\n'}
[1.046631] (px4_msgs) StdoutLine: {'line': b'-- Up-to-date: /home/nicolas/ws_ros2/install/px4_msgs/local/lib/python3.10/dist-packages/px4_msgs/msg/_position_controller_landing_status_s.c\n'}
[1.046664] (px4_msgs) StdoutLine: {'line': b'-- Up-to-date: /home/nicolas/ws_ros2/install/px4_msgs/local/lib/python3.10/dist-packages/px4_msgs/msg/_adc_report.py\n'}
[1.046706] (px4_msgs) StdoutLine: {'line': b'-- Up-to-date: /home/nicolas/ws_ros2/install/px4_msgs/local/lib/python3.10/dist-packages/px4_msgs/msg/_sensor_selection.py\n'}
[1.046746] (px4_msgs) StdoutLine: {'line': b'-- Up-to-date: /home/nicolas/ws_ros2/install/px4_msgs/local/lib/python3.10/dist-packages/px4_msgs/msg/_timesync_status.py\n'}
[1.046826] (px4_msgs) StdoutLine: {'line': b'-- Up-to-date: /home/nicolas/ws_ros2/install/px4_msgs/local/lib/python3.10/dist-packages/px4_msgs/msg/_goto_setpoint.py\n'}
[1.046866] (px4_msgs) StdoutLine: {'line': b'-- Up-to-date: /home/nicolas/ws_ros2/install/px4_msgs/local/lib/python3.10/dist-packages/px4_msgs/msg/_heater_status_s.c\n'}
[1.046905] (px4_msgs) StdoutLine: {'line': b'-- Up-to-date: /home/nicolas/ws_ros2/install/px4_msgs/local/lib/python3.10/dist-packages/px4_msgs/msg/_mavlink_log_s.c\n'}
[1.046947] (px4_msgs) StdoutLine: {'line': b'-- Up-to-date: /home/nicolas/ws_ros2/install/px4_msgs/local/lib/python3.10/dist-packages/px4_msgs/msg/_rtl_status_s.c\n'}
[1.046980] (px4_msgs) StdoutLine: {'line': b'-- Up-to-date: /home/nicolas/ws_ros2/install/px4_msgs/local/lib/python3.10/dist-packages/px4_msgs/msg/_actuator_servos.py\n'}
[1.047020] (px4_msgs) StdoutLine: {'line': b'-- Up-to-date: /home/nicolas/ws_ros2/install/px4_msgs/local/lib/python3.10/dist-packages/px4_msgs/msg/_pure_pursuit_status.py\n'}
[1.047057] (px4_msgs) StdoutLine: {'line': b'-- Up-to-date: /home/nicolas/ws_ros2/install/px4_msgs/local/lib/python3.10/dist-packages/px4_msgs/msg/_qshell_req_s.c\n'}
[1.047120] (px4_msgs) StdoutLine: {'line': b'-- Up-to-date: /home/nicolas/ws_ros2/install/px4_msgs/local/lib/python3.10/dist-packages/px4_msgs/msg/_rover_speed_status_s.c\n'}
[1.047171] (px4_msgs) StdoutLine: {'line': b'-- Up-to-date: /home/nicolas/ws_ros2/install/px4_msgs/local/lib/python3.10/dist-packages/px4_msgs/msg/_gpio_out_s.c\n'}
[1.047201] (px4_msgs) StdoutLine: {'line': b'-- Up-to-date: /home/nicolas/ws_ros2/install/px4_msgs/local/lib/python3.10/dist-packages/px4_msgs/msg/_sensor_gyro.py\n'}
[1.047231] (px4_msgs) StdoutLine: {'line': b'-- Up-to-date: /home/nicolas/ws_ros2/install/px4_msgs/local/lib/python3.10/dist-packages/px4_msgs/msg/_message_format_response_s.c\n'}
[1.047335] (px4_msgs) StdoutLine: {'line': b'-- Up-to-date: /home/nicolas/ws_ros2/install/px4_msgs/local/lib/python3.10/dist-packages/px4_msgs/msg/_telemetry_status.py\n'}
[1.047501] (px4_msgs) StdoutLine: {'line': b'-- Up-to-date: /home/nicolas/ws_ros2/install/px4_msgs/local/lib/python3.10/dist-packages/px4_msgs/msg/_yaw_estimator_status.py\n'}
[1.047620] (px4_msgs) StdoutLine: {'line': b'-- Up-to-date: /home/nicolas/ws_ros2/install/px4_msgs/local/lib/python3.10/dist-packages/px4_msgs/msg/_autotune_attitude_control_status.py\n'}
[1.047704] (px4_msgs) StdoutLine: {'line': b'-- Up-to-date: /home/nicolas/ws_ros2/install/px4_msgs/local/lib/python3.10/dist-packages/px4_msgs/msg/_sensor_combined_s.c\n'}
[1.047783] (px4_msgs) StdoutLine: {'line': b'-- Up-to-date: /home/nicolas/ws_ros2/install/px4_msgs/local/lib/python3.10/dist-packages/px4_msgs/msg/_tiltrotor_extra_controls.py\n'}
[1.047861] (px4_msgs) StdoutLine: {'line': b'-- Up-to-date: /home/nicolas/ws_ros2/install/px4_msgs/local/lib/python3.10/dist-packages/px4_msgs/msg/_input_rc.py\n'}
[1.047954] (px4_msgs) StdoutLine: {'line': b'-- Up-to-date: /home/nicolas/ws_ros2/install/px4_msgs/local/lib/python3.10/dist-packages/px4_msgs/msg/_led_control.py\n'}
[1.048071] (px4_msgs) StdoutLine: {'line': b'-- Up-to-date: /home/nicolas/ws_ros2/install/px4_msgs/local/lib/python3.10/dist-packages/px4_msgs/msg/_vehicle_local_position_setpoint.py\n'}
[1.048125] (px4_msgs) StdoutLine: {'line': b'-- Up-to-date: /home/nicolas/ws_ros2/install/px4_msgs/local/lib/python3.10/dist-packages/px4_msgs/msg/_vehicle_land_detected.py\n'}
[1.048169] (px4_msgs) StdoutLine: {'line': b'-- Up-to-date: /home/nicolas/ws_ros2/install/px4_msgs/local/lib/python3.10/dist-packages/px4_msgs/msg/_mission.py\n'}
[1.048207] (px4_msgs) StdoutLine: {'line': b'-- Up-to-date: /home/nicolas/ws_ros2/install/px4_msgs/local/lib/python3.10/dist-packages/px4_msgs/msg/_health_report.py\n'}
[1.048263] (px4_msgs) StdoutLine: {'line': b'-- Up-to-date: /home/nicolas/ws_ros2/install/px4_msgs/local/lib/python3.10/dist-packages/px4_msgs/msg/_system_power_s.c\n'}
[1.048299] (px4_msgs) StdoutLine: {'line': b'-- Up-to-date: /home/nicolas/ws_ros2/install/px4_msgs/local/lib/python3.10/dist-packages/px4_msgs/msg/_debug_vect_s.c\n'}
[1.048362] (px4_msgs) StdoutLine: {'line': b'-- Up-to-date: /home/nicolas/ws_ros2/install/px4_msgs/local/lib/python3.10/dist-packages/px4_msgs/msg/_estimator_aid_source2d.py\n'}
[1.048394] (px4_msgs) StdoutLine: {'line': b'-- Up-to-date: /home/nicolas/ws_ros2/install/px4_msgs/local/lib/python3.10/dist-packages/px4_msgs/msg/_estimator_aid_source3d.py\n'}
[1.048425] (px4_msgs) StdoutLine: {'line': b'-- Up-to-date: /home/nicolas/ws_ros2/install/px4_msgs/local/lib/python3.10/dist-packages/px4_msgs/msg/_sensor_optical_flow.py\n'}
[1.048492] (px4_msgs) StdoutLine: {'line': b'-- Up-to-date: /home/nicolas/ws_ros2/install/px4_msgs/local/lib/python3.10/dist-packages/px4_msgs/msg/_position_controller_landing_status.py\n'}
[1.048539] (px4_msgs) StdoutLine: {'line': b'-- Up-to-date: /home/nicolas/ws_ros2/install/px4_msgs/local/lib/python3.10/dist-packages/px4_msgs/msg/_vehicle_imu_s.c\n'}
[1.048586] (px4_msgs) StdoutLine: {'line': b'-- Up-to-date: /home/nicolas/ws_ros2/install/px4_msgs/local/lib/python3.10/dist-packages/px4_msgs/msg/_timesync_status_s.c\n'}
[1.048635] (px4_msgs) StdoutLine: {'line': b'-- Up-to-date: /home/nicolas/ws_ros2/install/px4_msgs/local/lib/python3.10/dist-packages/px4_msgs/msg/_vehicle_imu.py\n'}
[1.048681] (px4_msgs) StdoutLine: {'line': b'-- Up-to-date: /home/nicolas/ws_ros2/install/px4_msgs/local/lib/python3.10/dist-packages/px4_msgs/msg/_vehicle_odometry.py\n'}
[1.048713] (px4_msgs) StdoutLine: {'line': b'-- Up-to-date: /home/nicolas/ws_ros2/install/px4_msgs/local/lib/python3.10/dist-packages/px4_msgs/msg/_arming_check_request_s.c\n'}
[1.048752] (px4_msgs) StdoutLine: {'line': b'-- Up-to-date: /home/nicolas/ws_ros2/install/px4_msgs/local/lib/python3.10/dist-packages/px4_msgs/msg/_ping.py\n'}
[1.048787] (px4_msgs) StdoutLine: {'line': b'-- Up-to-date: /home/nicolas/ws_ros2/install/px4_msgs/local/lib/python3.10/dist-packages/px4_msgs/msg/_vehicle_command.py\n'}
[1.048827] (px4_msgs) StdoutLine: {'line': b'-- Up-to-date: /home/nicolas/ws_ros2/install/px4_msgs/local/lib/python3.10/dist-packages/px4_msgs/msg/_fixed_wing_lateral_status_s.c\n'}
[1.048867] (px4_msgs) StdoutLine: {'line': b'-- Up-to-date: /home/nicolas/ws_ros2/install/px4_msgs/local/lib/python3.10/dist-packages/px4_msgs/msg/_telemetry_status_s.c\n'}
[1.048901] (px4_msgs) StdoutLine: {'line': b'-- Up-to-date: /home/nicolas/ws_ros2/install/px4_msgs/local/lib/python3.10/dist-packages/px4_msgs/msg/_vehicle_local_position_s.c\n'}
[1.048935] (px4_msgs) StdoutLine: {'line': b'-- Up-to-date: /home/nicolas/ws_ros2/install/px4_msgs/local/lib/python3.10/dist-packages/px4_msgs/msg/_sensor_gyro_fft_s.c\n'}
[1.048967] (px4_msgs) StdoutLine: {'line': b'-- Up-to-date: /home/nicolas/ws_ros2/install/px4_msgs/local/lib/python3.10/dist-packages/px4_msgs/msg/_gimbal_manager_status_s.c\n'}
[1.048999] (px4_msgs) StdoutLine: {'line': b'-- Up-to-date: /home/nicolas/ws_ros2/install/px4_msgs/local/lib/python3.10/dist-packages/px4_msgs/msg/_open_drone_id_self_id_s.c\n'}
[1.049032] (px4_msgs) StdoutLine: {'line': b'-- Up-to-date: /home/nicolas/ws_ros2/install/px4_msgs/local/lib/python3.10/dist-packages/px4_msgs/msg/_gimbal_manager_status.py\n'}
[1.049065] (px4_msgs) StdoutLine: {'line': b'-- Up-to-date: /home/nicolas/ws_ros2/install/px4_msgs/local/lib/python3.10/dist-packages/px4_msgs/msg/_ulog_stream_ack_s.c\n'}
[1.049098] (px4_msgs) StdoutLine: {'line': b'-- Up-to-date: /home/nicolas/ws_ros2/install/px4_msgs/local/lib/python3.10/dist-packages/px4_msgs/msg/_parameter_reset_request.py\n'}
[1.049130] (px4_msgs) StdoutLine: {'line': b'-- Up-to-date: /home/nicolas/ws_ros2/install/px4_msgs/local/lib/python3.10/dist-packages/px4_msgs/msg/_vehicle_local_position.py\n'}
[1.049162] (px4_msgs) StdoutLine: {'line': b'-- Up-to-date: /home/nicolas/ws_ros2/install/px4_msgs/local/lib/python3.10/dist-packages/px4_msgs/msg/_register_ext_component_reply_s.c\n'}
[1.049194] (px4_msgs) StdoutLine: {'line': b'-- Up-to-date: /home/nicolas/ws_ros2/install/px4_msgs/local/lib/python3.10/dist-packages/px4_msgs/msg/_sensor_gnss_status.py\n'}
[1.049227] (px4_msgs) StdoutLine: {'line': b'-- Up-to-date: /home/nicolas/ws_ros2/install/px4_msgs/local/lib/python3.10/dist-packages/px4_msgs/msg/_rover_attitude_setpoint.py\n'}
[1.049259] (px4_msgs) StdoutLine: {'line': b'-- Up-to-date: /home/nicolas/ws_ros2/install/px4_msgs/local/lib/python3.10/dist-packages/px4_msgs/msg/_estimator_bias.py\n'}
[1.049290] (px4_msgs) StdoutLine: {'line': b'-- Up-to-date: /home/nicolas/ws_ros2/install/px4_msgs/local/lib/python3.10/dist-packages/px4_msgs/msg/_cellular_status_s.c\n'}
[1.049333] (px4_msgs) StdoutLine: {'line': b'-- Up-to-date: /home/nicolas/ws_ros2/install/px4_msgs/local/lib/python3.10/dist-packages/px4_msgs/msg/_dataman_request.py\n'}
[1.049365] (px4_msgs) StdoutLine: {'line': b'-- Up-to-date: /home/nicolas/ws_ros2/install/px4_msgs/local/lib/python3.10/dist-packages/px4_msgs/msg/_fixed_wing_runway_control.py\n'}
[1.049398] (px4_msgs) StdoutLine: {'line': b'-- Up-to-date: /home/nicolas/ws_ros2/install/px4_msgs/local/lib/python3.10/dist-packages/px4_msgs/msg/_mode_completed.py\n'}
[1.049435] (px4_msgs) StdoutLine: {'line': b'-- Up-to-date: /home/nicolas/ws_ros2/install/px4_msgs/local/lib/python3.10/dist-packages/px4_msgs/msg/_px4io_status.py\n'}
[1.049773] (px4_msgs) StdoutLine: {'line': b'-- Up-to-date: /home/nicolas/ws_ros2/install/px4_msgs/local/lib/python3.10/dist-packages/px4_msgs/msg/_magnetometer_bias_estimate.py\n'}
[1.049807] (px4_msgs) StdoutLine: {'line': b'-- Up-to-date: /home/nicolas/ws_ros2/install/px4_msgs/local/lib/python3.10/dist-packages/px4_msgs/msg/_follow_target_status_s.c\n'}
[1.049836] (px4_msgs) StdoutLine: {'line': b'-- Up-to-date: /home/nicolas/ws_ros2/install/px4_msgs/local/lib/python3.10/dist-packages/px4_msgs/msg/_open_drone_id_operator_id_s.c\n'}
[1.049866] (px4_msgs) StdoutLine: {'line': b'-- Up-to-date: /home/nicolas/ws_ros2/install/px4_msgs/local/lib/python3.10/dist-packages/px4_msgs/msg/_fixed_wing_longitudinal_setpoint.py\n'}
[1.049896] (px4_msgs) StdoutLine: {'line': b'-- Up-to-date: /home/nicolas/ws_ros2/install/px4_msgs/local/lib/python3.10/dist-packages/px4_msgs/msg/_rover_attitude_setpoint_s.c\n'}
[1.049925] (px4_msgs) StdoutLine: {'line': b'-- Up-to-date: /home/nicolas/ws_ros2/install/px4_msgs/local/lib/python3.10/dist-packages/px4_msgs/msg/_vehicle_global_position.py\n'}
[1.049953] (px4_msgs) StdoutLine: {'line': b'-- Up-to-date: /home/nicolas/ws_ros2/install/px4_msgs/local/lib/python3.10/dist-packages/px4_msgs/msg/_takeoff_status_s.c\n'}
[1.049994] (px4_msgs) StdoutLine: {'line': b'-- Up-to-date: /home/nicolas/ws_ros2/install/px4_msgs/local/lib/python3.10/dist-packages/px4_msgs/msg/_geofence_status.py\n'}
[1.050025] (px4_msgs) StdoutLine: {'line': b'-- Up-to-date: /home/nicolas/ws_ros2/install/px4_msgs/local/lib/python3.10/dist-packages/px4_msgs/msg/_neural_control.py\n'}
[1.050058] (px4_msgs) StdoutLine: {'line': b'-- Up-to-date: /home/nicolas/ws_ros2/install/px4_msgs/local/lib/python3.10/dist-packages/px4_msgs/msg/_estimator_status_flags_s.c\n'}
[1.050090] (px4_msgs) StdoutLine: {'line': b'-- Up-to-date: /home/nicolas/ws_ros2/install/px4_msgs/local/lib/python3.10/dist-packages/px4_msgs/msg/_distance_sensor_mode_change_request.py\n'}
[1.050141] (px4_msgs) StdoutLine: {'line': b'-- Up-to-date: /home/nicolas/ws_ros2/install/px4_msgs/local/lib/python3.10/dist-packages/px4_msgs/msg/_estimator_status_flags.py\n'}
[1.050171] (px4_msgs) StdoutLine: {'line': b'-- Up-to-date: /home/nicolas/ws_ros2/install/px4_msgs/local/lib/python3.10/dist-packages/px4_msgs/msg/_rover_throttle_setpoint_s.c\n'}
[1.050201] (px4_msgs) StdoutLine: {'line': b'-- Up-to-date: /home/nicolas/ws_ros2/install/px4_msgs/local/lib/python3.10/dist-packages/px4_msgs/msg/_actuator_controls_status.py\n'}
[1.050231] (px4_msgs) StdoutLine: {'line': b'-- Up-to-date: /home/nicolas/ws_ros2/install/px4_msgs/local/lib/python3.10/dist-packages/px4_msgs/msg/_vehicle_torque_setpoint.py\n'}
[1.050259] (px4_msgs) StdoutLine: {'line': b'-- Up-to-date: /home/nicolas/ws_ros2/install/px4_msgs/local/lib/python3.10/dist-packages/px4_msgs/msg/_gpio_in_s.c\n'}
[1.050290] (px4_msgs) StdoutLine: {'line': b'-- Up-to-date: /home/nicolas/ws_ros2/install/px4_msgs/local/lib/python3.10/dist-packages/px4_msgs/msg/_internal_combustion_engine_control.py\n'}
[1.050320] (px4_msgs) StdoutLine: {'line': b'-- Up-to-date: /home/nicolas/ws_ros2/install/px4_msgs/local/lib/python3.10/dist-packages/px4_msgs/msg/_mount_orientation_s.c\n'}
[1.050353] (px4_msgs) StdoutLine: {'line': b'-- Up-to-date: /home/nicolas/ws_ros2/install/px4_msgs/local/lib/python3.10/dist-packages/px4_msgs/msg/_pps_capture_s.c\n'}
[1.050385] (px4_msgs) StdoutLine: {'line': b'-- Up-to-date: /home/nicolas/ws_ros2/install/px4_msgs/local/lib/python3.10/dist-packages/px4_msgs/msg/_gps_dump_s.c\n'}
[1.050418] (px4_msgs) StdoutLine: {'line': b'-- Up-to-date: /home/nicolas/ws_ros2/install/px4_msgs/local/lib/python3.10/dist-packages/px4_msgs/msg/_wheel_encoders.py\n'}
[1.050457] (px4_msgs) StdoutLine: {'line': b'-- Up-to-date: /home/nicolas/ws_ros2/install/px4_msgs/local/lib/python3.10/dist-packages/px4_msgs/msg/_trajectory_setpoint6dof.py\n'}
[1.050491] (px4_msgs) StdoutLine: {'line': b'-- Up-to-date: /home/nicolas/ws_ros2/install/px4_msgs/local/lib/python3.10/dist-packages/px4_msgs/msg/_offboard_control_mode.py\n'}
[1.050546] (px4_msgs) StdoutLine: {'line': b'-- Up-to-date: /home/nicolas/ws_ros2/install/px4_msgs/local/lib/python3.10/dist-packages/px4_msgs/msg/_navigator_mission_item_s.c\n'}
[1.050590] (px4_msgs) StdoutLine: {'line': b'-- Up-to-date: /home/nicolas/ws_ros2/install/px4_msgs/local/lib/python3.10/dist-packages/px4_msgs/msg/_fixed_wing_lateral_status.py\n'}
[1.050660] (px4_msgs) StdoutLine: {'line': b'-- Up-to-date: /home/nicolas/ws_ros2/install/px4_msgs/local/lib/python3.10/dist-packages/px4_msgs/msg/_vehicle_angular_velocity.py\n'}
[1.050691] (px4_msgs) StdoutLine: {'line': b'-- Up-to-date: /home/nicolas/ws_ros2/install/px4_msgs/local/lib/python3.10/dist-packages/px4_msgs/msg/_sensor_uwb.py\n'}
[1.050722] (px4_msgs) StdoutLine: {'line': b'-- Up-to-date: /home/nicolas/ws_ros2/install/px4_msgs/local/lib/python3.10/dist-packages/px4_msgs/msg/_rate_ctrl_status.py\n'}
[1.050752] (px4_msgs) StdoutLine: {'line': b'-- Up-to-date: /home/nicolas/ws_ros2/install/px4_msgs/local/lib/python3.10/dist-packages/px4_msgs/msg/_health_report_s.c\n'}
[1.050783] (px4_msgs) StdoutLine: {'line': b'-- Up-to-date: /home/nicolas/ws_ros2/install/px4_msgs/local/lib/python3.10/dist-packages/px4_msgs/msg/_control_allocator_status.py\n'}
[1.050837] (px4_msgs) StdoutLine: {'line': b'-- Up-to-date: /home/nicolas/ws_ros2/install/px4_msgs/local/lib/python3.10/dist-packages/px4_msgs/msg/_config_overrides.py\n'}
[1.050868] (px4_msgs) StdoutLine: {'line': b'-- Up-to-date: /home/nicolas/ws_ros2/install/px4_msgs/local/lib/python3.10/dist-packages/px4_msgs/msg/_longitudinal_control_configuration_s.c\n'}
[1.050896] (px4_msgs) StdoutLine: {'line': b'-- Up-to-date: /home/nicolas/ws_ros2/install/px4_msgs/local/lib/python3.10/dist-packages/px4_msgs/msg/_follow_target.py\n'}
[1.050925] (px4_msgs) StdoutLine: {'line': b'-- Up-to-date: /home/nicolas/ws_ros2/install/px4_msgs/local/lib/python3.10/dist-packages/px4_msgs/msg/_airspeed_validated.py\n'}
[1.050954] (px4_msgs) StdoutLine: {'line': b'-- Up-to-date: /home/nicolas/ws_ros2/install/px4_msgs/local/lib/python3.10/dist-packages/px4_msgs/msg/_actuator_outputs.py\n'}
[1.050983] (px4_msgs) StdoutLine: {'line': b'-- Up-to-date: /home/nicolas/ws_ros2/install/px4_msgs/local/lib/python3.10/dist-packages/px4_msgs/msg/_normalized_unsigned_setpoint_s.c\n'}
[1.051012] (px4_msgs) StdoutLine: {'line': b'-- Up-to-date: /home/nicolas/ws_ros2/install/px4_msgs/local/lib/python3.10/dist-packages/px4_msgs/msg/_launch_detection_status_s.c\n'}
[1.051058] (px4_msgs) StdoutLine: {'line': b'-- Up-to-date: /home/nicolas/ws_ros2/install/px4_msgs/local/lib/python3.10/dist-packages/px4_msgs/msg/_differential_pressure.py\n'}
[1.051087] (px4_msgs) StdoutLine: {'line': b'-- Up-to-date: /home/nicolas/ws_ros2/install/px4_msgs/local/lib/python3.10/dist-packages/px4_msgs/msg/_fixed_wing_runway_control_s.c\n'}
[1.051116] (px4_msgs) StdoutLine: {'line': b'-- Up-to-date: /home/nicolas/ws_ros2/install/px4_msgs/local/lib/python3.10/dist-packages/px4_msgs/msg/_failure_detector_status_s.c\n'}
[1.051146] (px4_msgs) StdoutLine: {'line': b'-- Up-to-date: /home/nicolas/ws_ros2/install/px4_msgs/local/lib/python3.10/dist-packages/px4_msgs/msg/_mission_s.c\n'}
[1.051175] (px4_msgs) StdoutLine: {'line': b'-- Up-to-date: /home/nicolas/ws_ros2/install/px4_msgs/local/lib/python3.10/dist-packages/px4_msgs/msg/_event_s.c\n'}
[1.051204] (px4_msgs) StdoutLine: {'line': b'-- Up-to-date: /home/nicolas/ws_ros2/install/px4_msgs/local/lib/python3.10/dist-packages/px4_msgs/msg/_tecs_status.py\n'}
[1.051232] (px4_msgs) StdoutLine: {'line': b'-- Up-to-date: /home/nicolas/ws_ros2/install/px4_msgs/local/lib/python3.10/dist-packages/px4_msgs/msg/_debug_value.py\n'}
[1.051267] (px4_msgs) StdoutLine: {'line': b'-- Up-to-date: /home/nicolas/ws_ros2/install/px4_msgs/local/lib/python3.10/dist-packages/px4_msgs/msg/_mavlink_tunnel_s.c\n'}
[1.051297] (px4_msgs) StdoutLine: {'line': b'-- Up-to-date: /home/nicolas/ws_ros2/install/px4_msgs/local/lib/python3.10/dist-packages/px4_msgs/msg/_sensor_accel_fifo.py\n'}
[1.051329] (px4_msgs) StdoutLine: {'line': b'-- Up-to-date: /home/nicolas/ws_ros2/install/px4_msgs/local/lib/python3.10/dist-packages/px4_msgs/msg/_open_drone_id_operator_id.py\n'}
[1.051358] (px4_msgs) StdoutLine: {'line': b'-- Up-to-date: /home/nicolas/ws_ros2/install/px4_msgs/local/lib/python3.10/dist-packages/px4_msgs/msg/_logger_status_s.c\n'}
[1.051396] (px4_msgs) StdoutLine: {'line': b'-- Up-to-date: /home/nicolas/ws_ros2/install/px4_msgs/local/lib/python3.10/dist-packages/px4_msgs/msg/_magnetometer_bias_estimate_s.c\n'}
[1.051426] (px4_msgs) StdoutLine: {'line': b'-- Up-to-date: /home/nicolas/ws_ros2/install/px4_msgs/local/lib/python3.10/dist-packages/px4_msgs/msg/_uavcan_parameter_value.py\n'}
[1.051465] (px4_msgs) StdoutLine: {'line': b'-- Up-to-date: /home/nicolas/ws_ros2/install/px4_msgs/local/lib/python3.10/dist-packages/px4_msgs/msg/_mavlink_log.py\n'}
[1.051497] (px4_msgs) StdoutLine: {'line': b'-- Up-to-date: /home/nicolas/ws_ros2/install/px4_msgs/local/lib/python3.10/dist-packages/px4_msgs/msg/_generator_status.py\n'}
[1.051529] (px4_msgs) StdoutLine: {'line': b'-- Up-to-date: /home/nicolas/ws_ros2/install/px4_msgs/local/lib/python3.10/dist-packages/px4_msgs/msg/_velocity_limits_s.c\n'}
[1.051561] (px4_msgs) StdoutLine: {'line': b'-- Up-to-date: /home/nicolas/ws_ros2/install/px4_msgs/local/lib/python3.10/dist-packages/px4_msgs/msg/_rover_steering_setpoint_s.c\n'}
[1.051592] (px4_msgs) StdoutLine: {'line': b'-- Up-to-date: /home/nicolas/ws_ros2/install/px4_msgs/local/lib/python3.10/dist-packages/px4_msgs/msg/_position_setpoint_s.c\n'}
[1.051626] (px4_msgs) StdoutLine: {'line': b'-- Up-to-date: /home/nicolas/ws_ros2/install/px4_msgs/local/lib/python3.10/dist-packages/px4_msgs/msg/_fixed_wing_lateral_setpoint_s.c\n'}
[1.051658] (px4_msgs) StdoutLine: {'line': b'-- Up-to-date: /home/nicolas/ws_ros2/install/px4_msgs/local/lib/python3.10/dist-packages/px4_msgs/msg/_debug_key_value.py\n'}
[1.051691] (px4_msgs) StdoutLine: {'line': b'-- Up-to-date: /home/nicolas/ws_ros2/install/px4_msgs/local/lib/python3.10/dist-packages/px4_msgs/msg/_vehicle_roi.py\n'}
[1.051724] (px4_msgs) StdoutLine: {'line': b'-- Up-to-date: /home/nicolas/ws_ros2/install/px4_msgs/local/lib/python3.10/dist-packages/px4_msgs/msg/_camera_trigger.py\n'}
[1.051756] (px4_msgs) StdoutLine: {'line': b'-- Up-to-date: /home/nicolas/ws_ros2/install/px4_msgs/local/lib/python3.10/dist-packages/px4_msgs/msg/_vehicle_constraints.py\n'}
[1.051789] (px4_msgs) StdoutLine: {'line': b'-- Up-to-date: /home/nicolas/ws_ros2/install/px4_msgs/local/lib/python3.10/dist-packages/px4_msgs/msg/_dronecan_node_status_s.c\n'}
[1.051841] (px4_msgs) StdoutLine: {'line': b'-- Up-to-date: /home/nicolas/ws_ros2/install/px4_msgs/local/lib/python3.10/dist-packages/px4_msgs/msg/_estimator_innovations.py\n'}
[1.051876] (px4_msgs) StdoutLine: {'line': b'-- Up-to-date: /home/nicolas/ws_ros2/install/px4_msgs/local/lib/python3.10/dist-packages/px4_msgs/msg/_collision_constraints.py\n'}
[1.051910] (px4_msgs) StdoutLine: {'line': b'-- Up-to-date: /home/nicolas/ws_ros2/install/px4_msgs/local/lib/python3.10/dist-packages/px4_msgs/msg/_iridiumsbd_status.py\n'}
[1.051943] (px4_msgs) StdoutLine: {'line': b'-- Up-to-date: /home/nicolas/ws_ros2/install/px4_msgs/local/lib/python3.10/dist-packages/px4_msgs/msg/_qshell_retval_s.c\n'}
[1.051976] (px4_msgs) StdoutLine: {'line': b'-- Up-to-date: /home/nicolas/ws_ros2/install/px4_msgs/local/lib/python3.10/dist-packages/px4_msgs/msg/_satellite_info_s.c\n'}
[1.052010] (px4_msgs) StdoutLine: {'line': b'-- Up-to-date: /home/nicolas/ws_ros2/install/px4_msgs/local/lib/python3.10/dist-packages/px4_msgs/msg/_landing_target_innovations_s.c\n'}
[1.052042] (px4_msgs) StdoutLine: {'line': b'-- Up-to-date: /home/nicolas/ws_ros2/install/px4_msgs/local/lib/python3.10/dist-packages/px4_msgs/msg/_internal_combustion_engine_status.py\n'}
[1.052074] (px4_msgs) StdoutLine: {'line': b'-- Up-to-date: /home/nicolas/ws_ros2/install/px4_msgs/local/lib/python3.10/dist-packages/px4_msgs/msg/_esc_report.py\n'}
[1.052109] (px4_msgs) StdoutLine: {'line': b'-- Up-to-date: /home/nicolas/ws_ros2/install/px4_msgs/local/lib/python3.10/dist-packages/px4_msgs/msg/_rtl_status.py\n'}
[1.052175] (px4_msgs) StdoutLine: {'line': b'-- Up-to-date: /home/nicolas/ws_ros2/install/px4_msgs/local/lib/python3.10/dist-packages/px4_msgs/msg/_sensor_mag_s.c\n'}
[1.052207] (px4_msgs) StdoutLine: {'line': b'-- Up-to-date: /home/nicolas/ws_ros2/install/px4_msgs/local/lib/python3.10/dist-packages/px4_msgs/msg/_onboard_computer_status.py\n'}
[1.052238] (px4_msgs) StdoutLine: {'line': b'-- Up-to-date: /home/nicolas/ws_ros2/install/px4_msgs/local/lib/python3.10/dist-packages/px4_msgs/msg/_estimator_aid_source1d.py\n'}
[1.052270] (px4_msgs) StdoutLine: {'line': b'-- Up-to-date: /home/nicolas/ws_ros2/install/px4_msgs/local/lib/python3.10/dist-packages/px4_msgs/msg/_distance_sensor_mode_change_request_s.c\n'}
[1.052301] (px4_msgs) StdoutLine: {'line': b'-- Up-to-date: /home/nicolas/ws_ros2/install/px4_msgs/local/lib/python3.10/dist-packages/px4_msgs/msg/_sensor_gyro_fifo.py\n'}
[1.052331] (px4_msgs) StdoutLine: {'line': b'-- Up-to-date: /home/nicolas/ws_ros2/install/px4_msgs/local/lib/python3.10/dist-packages/px4_msgs/msg/_obstacle_distance_s.c\n'}
[1.052370] (px4_msgs) StdoutLine: {'line': b'-- Up-to-date: /home/nicolas/ws_ros2/install/px4_msgs/local/lib/python3.10/dist-packages/px4_msgs/msg/_follow_target_estimator.py\n'}
[1.052400] (px4_msgs) StdoutLine: {'line': b'-- Up-to-date: /home/nicolas/ws_ros2/install/px4_msgs/local/lib/python3.10/dist-packages/px4_msgs/msg/_camera_trigger_s.c\n'}
[1.052434] (px4_msgs) StdoutLine: {'line': b'-- Up-to-date: /home/nicolas/ws_ros2/install/px4_msgs/local/lib/python3.10/dist-packages/px4_msgs/msg/_position_setpoint_triplet.py\n'}
[1.052468] (px4_msgs) StdoutLine: {'line': b'-- Up-to-date: /home/nicolas/ws_ros2/install/px4_msgs/local/lib/python3.10/dist-packages/px4_msgs/msg/_satellite_info.py\n'}
[1.052500] (px4_msgs) StdoutLine: {'line': b'-- Up-to-date: /home/nicolas/ws_ros2/install/px4_msgs/local/lib/python3.10/dist-packages/px4_msgs/msg/_flight_phase_estimation_s.c\n'}
[1.052533] (px4_msgs) StdoutLine: {'line': b'-- Up-to-date: /home/nicolas/ws_ros2/install/px4_msgs/local/lib/python3.10/dist-packages/px4_msgs/msg/_manual_control_setpoint_s.c\n'}
[1.052566] (px4_msgs) StdoutLine: {'line': b'-- Up-to-date: /home/nicolas/ws_ros2/install/px4_msgs/local/lib/python3.10/dist-packages/px4_msgs/msg/_trajectory_setpoint.py\n'}
[1.052600] (px4_msgs) StdoutLine: {'line': b'-- Up-to-date: /home/nicolas/ws_ros2/install/px4_msgs/local/lib/python3.10/dist-packages/px4_msgs/msg/_debug_vect.py\n'}
[1.052633] (px4_msgs) StdoutLine: {'line': b'-- Up-to-date: /home/nicolas/ws_ros2/install/px4_msgs/local/lib/python3.10/dist-packages/px4_msgs/msg/_estimator_aid_source3d_s.c\n'}
[1.052665] (px4_msgs) StdoutLine: {'line': b'-- Up-to-date: /home/nicolas/ws_ros2/install/px4_msgs/local/lib/python3.10/dist-packages/px4_msgs/msg/_gimbal_manager_set_attitude_s.c\n'}
[1.052697] (px4_msgs) StdoutLine: {'line': b'-- Up-to-date: /home/nicolas/ws_ros2/install/px4_msgs/local/lib/python3.10/dist-packages/px4_msgs/msg/_parameter_set_value_response_s.c\n'}
[1.052729] (px4_msgs) StdoutLine: {'line': b'-- Up-to-date: /home/nicolas/ws_ros2/install/px4_msgs/local/lib/python3.10/dist-packages/px4_msgs/msg/_mount_orientation.py\n'}
[1.052762] (px4_msgs) StdoutLine: {'line': b'-- Up-to-date: /home/nicolas/ws_ros2/install/px4_msgs/local/lib/python3.10/dist-packages/px4_msgs/msg/_parameter_set_value_response.py\n'}
[1.052794] (px4_msgs) StdoutLine: {'line': b'-- Up-to-date: /home/nicolas/ws_ros2/install/px4_msgs/local/lib/python3.10/dist-packages/px4_msgs/msg/_vehicle_optical_flow_vel.py\n'}
[1.052827] (px4_msgs) StdoutLine: {'line': b'-- Up-to-date: /home/nicolas/ws_ros2/install/px4_msgs/local/lib/python3.10/dist-packages/px4_msgs/msg/_unregister_ext_component_s.c\n'}
[1.052879] (px4_msgs) StdoutLine: {'line': b'-- Up-to-date: /home/nicolas/ws_ros2/install/px4_msgs/local/lib/python3.10/dist-packages/px4_msgs/msg/_log_message_s.c\n'}
[1.052914] (px4_msgs) StdoutLine: {'line': b'-- Up-to-date: /home/nicolas/ws_ros2/install/px4_msgs/local/lib/python3.10/dist-packages/px4_msgs/msg/_estimator_status.py\n'}
[1.052968] (px4_msgs) StdoutLine: {'line': b'-- Up-to-date: /home/nicolas/ws_ros2/install/px4_msgs/local/lib/python3.10/dist-packages/px4_msgs/msg/_sensor_airflow.py\n'}
[1.053002] (px4_msgs) StdoutLine: {'line': b'-- Up-to-date: /home/nicolas/ws_ros2/install/px4_msgs/local/lib/python3.10/dist-packages/px4_msgs/msg/_fixed_wing_lateral_setpoint.py\n'}
[1.053036] (px4_msgs) StdoutLine: {'line': b'-- Up-to-date: /home/nicolas/ws_ros2/install/px4_msgs/local/lib/python3.10/dist-packages/px4_msgs/msg/_estimator_states.py\n'}
[1.053071] (px4_msgs) StdoutLine: {'line': b'-- Up-to-date: /home/nicolas/ws_ros2/install/px4_msgs/local/lib/python3.10/dist-packages/px4_msgs/msg/_gimbal_device_attitude_status_s.c\n'}
[1.053121] (px4_msgs) StdoutLine: {'line': b'-- Up-to-date: /home/nicolas/ws_ros2/install/px4_msgs/local/lib/python3.10/dist-packages/px4_msgs/msg/_gpio_config.py\n'}
[1.053160] (px4_msgs) StdoutLine: {'line': b'-- Up-to-date: /home/nicolas/ws_ros2/install/px4_msgs/local/lib/python3.10/dist-packages/px4_msgs/msg/_flight_phase_estimation.py\n'}
[1.053195] (px4_msgs) StdoutLine: {'line': b'-- Up-to-date: /home/nicolas/ws_ros2/install/px4_msgs/local/lib/python3.10/dist-packages/px4_msgs/msg/_pwm_input.py\n'}
[1.053231] (px4_msgs) StdoutLine: {'line': b'-- Up-to-date: /home/nicolas/ws_ros2/install/px4_msgs/local/lib/python3.10/dist-packages/px4_msgs/msg/_tecs_status_s.c\n'}
[1.053286] (px4_msgs) StdoutLine: {'line': b'-- Up-to-date: /home/nicolas/ws_ros2/install/px4_msgs/local/lib/python3.10/dist-packages/px4_msgs/msg/_gpio_config_s.c\n'}
[1.053324] (px4_msgs) StdoutLine: {'line': b'-- Up-to-date: /home/nicolas/ws_ros2/install/px4_msgs/local/lib/python3.10/dist-packages/px4_msgs/msg/_sensors_status_imu.py\n'}
[1.053363] (px4_msgs) StdoutLine: {'line': b'-- Up-to-date: /home/nicolas/ws_ros2/install/px4_msgs/local/lib/python3.10/dist-packages/px4_msgs/msg/_position_controller_status_s.c\n'}
[1.053400] (px4_msgs) StdoutLine: {'line': b'-- Up-to-date: /home/nicolas/ws_ros2/install/px4_msgs/local/lib/python3.10/dist-packages/px4_msgs/msg/_log_message.py\n'}
[1.053442] (px4_msgs) StdoutLine: {'line': b'-- Up-to-date: /home/nicolas/ws_ros2/install/px4_msgs/local/lib/python3.10/dist-packages/px4_msgs/msg/_tune_control_s.c\n'}
[1.053496] (px4_msgs) StdoutLine: {'line': b'-- Up-to-date: /home/nicolas/ws_ros2/install/px4_msgs/local/lib/python3.10/dist-packages/px4_msgs/msg/_adc_report_s.c\n'}
[1.053559] (px4_msgs) StdoutLine: {'line': b'-- Up-to-date: /home/nicolas/ws_ros2/install/px4_msgs/local/lib/python3.10/dist-packages/px4_msgs/msg/_radio_status_s.c\n'}
[1.053604] (px4_msgs) StdoutLine: {'line': b'-- Up-to-date: /home/nicolas/ws_ros2/install/px4_msgs/local/lib/python3.10/dist-packages/px4_msgs/msg/_failsafe_flags.py\n'}
[1.053681] (px4_msgs) StdoutLine: {'line': b'-- Up-to-date: /home/nicolas/ws_ros2/install/px4_msgs/local/lib/python3.10/dist-packages/px4_msgs/msg/_vehicle_command_ack_s.c\n'}
[1.053729] (px4_msgs) StdoutLine: {'line': b'-- Up-to-date: /home/nicolas/ws_ros2/install/px4_msgs/local/lib/python3.10/dist-packages/px4_msgs/msg/_follow_target_s.c\n'}
[1.053768] (px4_msgs) StdoutLine: {'line': b'-- Up-to-date: /home/nicolas/ws_ros2/install/px4_msgs/local/lib/python3.10/dist-packages/px4_msgs/msg/_sensor_gnss_relative_s.c\n'}
[1.053822] (px4_msgs) StdoutLine: {'line': b'-- Up-to-date: /home/nicolas/ws_ros2/install/px4_msgs/local/lib/python3.10/dist-packages/px4_msgs/msg/_qshell_retval.py\n'}
[1.053855] (px4_msgs) StdoutLine: {'line': b'-- Up-to-date: /home/nicolas/ws_ros2/install/px4_msgs/local/lib/python3.10/dist-packages/px4_msgs/msg/_logger_status.py\n'}
[1.053888] (px4_msgs) StdoutLine: {'line': b'-- Up-to-date: /home/nicolas/ws_ros2/install/px4_msgs/local/lib/python3.10/dist-packages/px4_msgs/msg/_vehicle_roi_s.c\n'}
[1.053933] (px4_msgs) StdoutLine: {'line': b'-- Up-to-date: /home/nicolas/ws_ros2/install/px4_msgs/local/lib/python3.10/dist-packages/px4_msgs/msg/_fixed_wing_lateral_guidance_status_s.c\n'}
[1.053977] (px4_msgs) StdoutLine: {'line': b'-- Up-to-date: /home/nicolas/ws_ros2/install/px4_msgs/local/lib/python3.10/dist-packages/px4_msgs/msg/_parameter_set_value_request.py\n'}
[1.054037] (px4_msgs) StdoutLine: {'line': b'-- Up-to-date: /home/nicolas/ws_ros2/install/px4_msgs/local/lib/python3.10/dist-packages/px4_msgs/msg/_vehicle_rates_setpoint_s.c\n'}
[1.054087] (px4_msgs) StdoutLine: {'line': b'-- Up-to-date: /home/nicolas/ws_ros2/install/px4_msgs/local/lib/python3.10/dist-packages/px4_msgs/msg/_battery_info_s.c\n'}
[1.054136] (px4_msgs) StdoutLine: {'line': b'-- Up-to-date: /home/nicolas/ws_ros2/install/px4_msgs/local/lib/python3.10/dist-packages/px4_msgs/msg/_button_event_s.c\n'}
[1.054183] (px4_msgs) StdoutLine: {'line': b'-- Up-to-date: /home/nicolas/ws_ros2/install/px4_msgs/local/lib/python3.10/dist-packages/px4_msgs/msg/_sensor_preflight_mag_s.c\n'}
[1.054226] (px4_msgs) StdoutLine: {'line': b'-- Up-to-date: /home/nicolas/ws_ros2/install/px4_msgs/local/lib/python3.10/dist-packages/px4_msgs/msg/_sensor_hygrometer_s.c\n'}
[1.054287] (px4_msgs) StdoutLine: {'line': b'-- Up-to-date: /home/nicolas/ws_ros2/install/px4_msgs/local/lib/python3.10/dist-packages/px4_msgs/msg/_register_ext_component_request_s.c\n'}
[1.054337] (px4_msgs) StdoutLine: {'line': b'-- Up-to-date: /home/nicolas/ws_ros2/install/px4_msgs/local/lib/python3.10/dist-packages/px4_msgs/msg/_gimbal_device_set_attitude.py\n'}
[1.054377] (px4_msgs) StdoutLine: {'line': b'-- Up-to-date: /home/nicolas/ws_ros2/install/px4_msgs/local/lib/python3.10/dist-packages/px4_msgs/msg/_dataman_response.py\n'}
[1.054411] (px4_msgs) StdoutLine: {'line': b'-- Up-to-date: /home/nicolas/ws_ros2/install/px4_msgs/local/lib/python3.10/dist-packages/px4_msgs/msg/_manual_control_switches_s.c\n'}
[1.054476] (px4_msgs) StdoutLine: {'line': b'-- Up-to-date: /home/nicolas/ws_ros2/install/px4_msgs/local/lib/python3.10/dist-packages/px4_msgs/msg/_ulog_stream_s.c\n'}
[1.054508] (px4_msgs) StdoutLine: {'line': b'-- Up-to-date: /home/nicolas/ws_ros2/install/px4_msgs/local/lib/python3.10/dist-packages/px4_msgs/msg/_gimbal_manager_information_s.c\n'}
[1.054549] (px4_msgs) StdoutLine: {'line': b'-- Up-to-date: /home/nicolas/ws_ros2/install/px4_msgs/local/lib/python3.10/dist-packages/px4_msgs/msg/_actuator_motors_s.c\n'}
[1.054586] (px4_msgs) StdoutLine: {'line': b'-- Up-to-date: /home/nicolas/ws_ros2/install/px4_msgs/local/lib/python3.10/dist-packages/px4_msgs/msg/_open_drone_id_arm_status_s.c\n'}
[1.054619] (px4_msgs) StdoutLine: {'line': b'-- Up-to-date: /home/nicolas/ws_ros2/install/px4_msgs/local/lib/python3.10/dist-packages/px4_msgs/msg/_vehicle_torque_setpoint_s.c\n'}
[1.054666] (px4_msgs) StdoutLine: {'line': b'-- Up-to-date: /home/nicolas/ws_ros2/install/px4_msgs/local/lib/python3.10/dist-packages/px4_msgs/msg/_debug_key_value_s.c\n'}
[1.054707] (px4_msgs) StdoutLine: {'line': b'-- Up-to-date: /home/nicolas/ws_ros2/install/px4_msgs/local/lib/python3.10/dist-packages/px4_msgs/msg/_longitudinal_control_configuration.py\n'}
[1.054743] (px4_msgs) StdoutLine: {'line': b'-- Up-to-date: /home/nicolas/ws_ros2/install/px4_msgs/local/lib/python3.10/dist-packages/px4_msgs/msg/_power_button_state_s.c\n'}
[1.054774] (px4_msgs) StdoutLine: {'line': b'-- Up-to-date: /home/nicolas/ws_ros2/install/px4_msgs/local/lib/python3.10/dist-packages/px4_msgs/msg/_sensor_baro_s.c\n'}
[1.054809] (px4_msgs) StdoutLine: {'line': b'-- Up-to-date: /home/nicolas/ws_ros2/install/px4_msgs/local/lib/python3.10/dist-packages/px4_msgs/msg/_offboard_control_mode_s.c\n'}
[1.054849] (px4_msgs) StdoutLine: {'line': b'-- Up-to-date: /home/nicolas/ws_ros2/install/px4_msgs/local/lib/python3.10/dist-packages/px4_msgs/msg/_gimbal_manager_set_manual_control_s.c\n'}
[1.054882] (px4_msgs) StdoutLine: {'line': b'-- Up-to-date: /home/nicolas/ws_ros2/install/px4_msgs/local/lib/python3.10/dist-packages/px4_msgs/msg/_gps_inject_data.py\n'}
[1.054915] (px4_msgs) StdoutLine: {'line': b'-- Up-to-date: /home/nicolas/ws_ros2/install/px4_msgs/local/lib/python3.10/dist-packages/px4_msgs/msg/_position_controller_status.py\n'}
[1.054947] (px4_msgs) StdoutLine: {'line': b'-- Up-to-date: /home/nicolas/ws_ros2/install/px4_msgs/local/lib/python3.10/dist-packages/px4_msgs/msg/_message_format_request.py\n'}
[1.054992] (px4_msgs) StdoutLine: {'line': b'-- Up-to-date: /home/nicolas/ws_ros2/install/px4_msgs/local/lib/python3.10/dist-packages/px4_msgs/msg/_parameter_update.py\n'}
[1.055028] (px4_msgs) StdoutLine: {'line': b'-- Up-to-date: /home/nicolas/ws_ros2/install/px4_msgs/local/lib/python3.10/dist-packages/px4_msgs/px4_msgs_s__rosidl_typesupport_introspection_c.cpython-310-x86_64-linux-gnu.so\n'}
[1.055059] (px4_msgs) StdoutLine: {'line': b"Listing '/home/nicolas/ws_ros2/install/px4_msgs/local/lib/python3.10/dist-packages/px4_msgs'...\n"}
[1.055092] (px4_msgs) StdoutLine: {'line': b"Listing '/home/nicolas/ws_ros2/install/px4_msgs/local/lib/python3.10/dist-packages/px4_msgs/msg'...\n"}
[1.055124] (px4_msgs) StdoutLine: {'line': b"Listing '/home/nicolas/ws_ros2/install/px4_msgs/local/lib/python3.10/dist-packages/px4_msgs/srv'...\n"}
[1.055156] (px4_msgs) StdoutLine: {'line': b'-- Up-to-date: /home/nicolas/ws_ros2/install/px4_msgs/local/lib/python3.10/dist-packages/px4_msgs/px4_msgs_s__rosidl_typesupport_fastrtps_c.cpython-310-x86_64-linux-gnu.so\n'}
[1.055189] (px4_msgs) StdoutLine: {'line': b'-- Up-to-date: /home/nicolas/ws_ros2/install/px4_msgs/local/lib/python3.10/dist-packages/px4_msgs/px4_msgs_s__rosidl_typesupport_introspection_c.cpython-310-x86_64-linux-gnu.so\n'}
[1.055223] (px4_msgs) StdoutLine: {'line': b'-- Up-to-date: /home/nicolas/ws_ros2/install/px4_msgs/local/lib/python3.10/dist-packages/px4_msgs/px4_msgs_s__rosidl_typesupport_c.cpython-310-x86_64-linux-gnu.so\n'}
[1.055260] (px4_msgs) StdoutLine: {'line': b'-- Up-to-date: /home/nicolas/ws_ros2/install/px4_msgs/lib/libpx4_msgs__rosidl_generator_py.so\n'}
[1.055297] (px4_msgs) StdoutLine: {'line': b'-- Up-to-date: /home/nicolas/ws_ros2/install/px4_msgs/share/px4_msgs/msg/ActionRequest.idl\n'}
[1.055332] (px4_msgs) StdoutLine: {'line': b'-- Up-to-date: /home/nicolas/ws_ros2/install/px4_msgs/share/px4_msgs/msg/ActuatorArmed.idl\n'}
[1.055366] (px4_msgs) StdoutLine: {'line': b'-- Up-to-date: /home/nicolas/ws_ros2/install/px4_msgs/share/px4_msgs/msg/ActuatorControlsStatus.idl\n'}
[1.055415] (px4_msgs) StdoutLine: {'line': b'-- Up-to-date: /home/nicolas/ws_ros2/install/px4_msgs/share/px4_msgs/msg/ActuatorMotors.idl\n'}
[1.055451] (px4_msgs) StdoutLine: {'line': b'-- Up-to-date: /home/nicolas/ws_ros2/install/px4_msgs/share/px4_msgs/msg/ActuatorOutputs.idl\n'}
[1.055483] (px4_msgs) StdoutLine: {'line': b'-- Up-to-date: /home/nicolas/ws_ros2/install/px4_msgs/share/px4_msgs/msg/ActuatorServos.idl\n'}
[1.055514] (px4_msgs) StdoutLine: {'line': b'-- Up-to-date: /home/nicolas/ws_ros2/install/px4_msgs/share/px4_msgs/msg/ActuatorServosTrim.idl\n'}
[1.055545] (px4_msgs) StdoutLine: {'line': b'-- Up-to-date: /home/nicolas/ws_ros2/install/px4_msgs/share/px4_msgs/msg/ActuatorTest.idl\n'}
[1.055578] (px4_msgs) StdoutLine: {'line': b'-- Up-to-date: /home/nicolas/ws_ros2/install/px4_msgs/share/px4_msgs/msg/AdcReport.idl\n'}
[1.055611] (px4_msgs) StdoutLine: {'line': b'-- Up-to-date: /home/nicolas/ws_ros2/install/px4_msgs/share/px4_msgs/msg/Airspeed.idl\n'}
[1.055644] (px4_msgs) StdoutLine: {'line': b'-- Up-to-date: /home/nicolas/ws_ros2/install/px4_msgs/share/px4_msgs/msg/AirspeedValidated.idl\n'}
[1.055676] (px4_msgs) StdoutLine: {'line': b'-- Up-to-date: /home/nicolas/ws_ros2/install/px4_msgs/share/px4_msgs/msg/AirspeedWind.idl\n'}
[1.055708] (px4_msgs) StdoutLine: {'line': b'-- Up-to-date: /home/nicolas/ws_ros2/install/px4_msgs/share/px4_msgs/msg/ArmingCheckReply.idl\n'}
[1.055741] (px4_msgs) StdoutLine: {'line': b'-- Up-to-date: /home/nicolas/ws_ros2/install/px4_msgs/share/px4_msgs/msg/ArmingCheckRequest.idl\n'}
[1.055773] (px4_msgs) StdoutLine: {'line': b'-- Up-to-date: /home/nicolas/ws_ros2/install/px4_msgs/share/px4_msgs/msg/AutotuneAttitudeControlStatus.idl\n'}
[1.055804] (px4_msgs) StdoutLine: {'line': b'-- Up-to-date: /home/nicolas/ws_ros2/install/px4_msgs/share/px4_msgs/msg/BatteryInfo.idl\n'}
[1.055836] (px4_msgs) StdoutLine: {'line': b'-- Up-to-date: /home/nicolas/ws_ros2/install/px4_msgs/share/px4_msgs/msg/BatteryStatus.idl\n'}
[1.055878] (px4_msgs) StdoutLine: {'line': b'-- Up-to-date: /home/nicolas/ws_ros2/install/px4_msgs/share/px4_msgs/msg/ButtonEvent.idl\n'}
[1.055910] (px4_msgs) StdoutLine: {'line': b'-- Up-to-date: /home/nicolas/ws_ros2/install/px4_msgs/share/px4_msgs/msg/CameraCapture.idl\n'}
[1.055943] (px4_msgs) StdoutLine: {'line': b'-- Up-to-date: /home/nicolas/ws_ros2/install/px4_msgs/share/px4_msgs/msg/CameraStatus.idl\n'}
[1.055975] (px4_msgs) StdoutLine: {'line': b'-- Up-to-date: /home/nicolas/ws_ros2/install/px4_msgs/share/px4_msgs/msg/CameraTrigger.idl\n'}
[1.056006] (px4_msgs) StdoutLine: {'line': b'-- Up-to-date: /home/nicolas/ws_ros2/install/px4_msgs/share/px4_msgs/msg/CanInterfaceStatus.idl\n'}
[1.056038] (px4_msgs) StdoutLine: {'line': b'-- Up-to-date: /home/nicolas/ws_ros2/install/px4_msgs/share/px4_msgs/msg/CellularStatus.idl\n'}
[1.056071] (px4_msgs) StdoutLine: {'line': b'-- Up-to-date: /home/nicolas/ws_ros2/install/px4_msgs/share/px4_msgs/msg/CollisionConstraints.idl\n'}
[1.056103] (px4_msgs) StdoutLine: {'line': b'-- Up-to-date: /home/nicolas/ws_ros2/install/px4_msgs/share/px4_msgs/msg/ConfigOverrides.idl\n'}
[1.056135] (px4_msgs) StdoutLine: {'line': b'-- Up-to-date: /home/nicolas/ws_ros2/install/px4_msgs/share/px4_msgs/msg/ControlAllocatorStatus.idl\n'}
[1.056168] (px4_msgs) StdoutLine: {'line': b'-- Up-to-date: /home/nicolas/ws_ros2/install/px4_msgs/share/px4_msgs/msg/Cpuload.idl\n'}
[1.056201] (px4_msgs) StdoutLine: {'line': b'-- Up-to-date: /home/nicolas/ws_ros2/install/px4_msgs/share/px4_msgs/msg/DatamanRequest.idl\n'}
[1.056234] (px4_msgs) StdoutLine: {'line': b'-- Up-to-date: /home/nicolas/ws_ros2/install/px4_msgs/share/px4_msgs/msg/DatamanResponse.idl\n'}
[1.056267] (px4_msgs) StdoutLine: {'line': b'-- Up-to-date: /home/nicolas/ws_ros2/install/px4_msgs/share/px4_msgs/msg/DebugArray.idl\n'}
[1.056300] (px4_msgs) StdoutLine: {'line': b'-- Up-to-date: /home/nicolas/ws_ros2/install/px4_msgs/share/px4_msgs/msg/DebugKeyValue.idl\n'}
[1.056334] (px4_msgs) StdoutLine: {'line': b'-- Up-to-date: /home/nicolas/ws_ros2/install/px4_msgs/share/px4_msgs/msg/DebugValue.idl\n'}
[1.056368] (px4_msgs) StdoutLine: {'line': b'-- Up-to-date: /home/nicolas/ws_ros2/install/px4_msgs/share/px4_msgs/msg/DebugVect.idl\n'}
[1.056424] (px4_msgs) StdoutLine: {'line': b'-- Up-to-date: /home/nicolas/ws_ros2/install/px4_msgs/share/px4_msgs/msg/DifferentialPressure.idl\n'}
[1.056467] (px4_msgs) StdoutLine: {'line': b'-- Up-to-date: /home/nicolas/ws_ros2/install/px4_msgs/share/px4_msgs/msg/DistanceSensor.idl\n'}
[1.056501] (px4_msgs) StdoutLine: {'line': b'-- Up-to-date: /home/nicolas/ws_ros2/install/px4_msgs/share/px4_msgs/msg/DistanceSensorModeChangeRequest.idl\n'}
[1.056539] (px4_msgs) StdoutLine: {'line': b'-- Up-to-date: /home/nicolas/ws_ros2/install/px4_msgs/share/px4_msgs/msg/DronecanNodeStatus.idl\n'}
[1.056576] (px4_msgs) StdoutLine: {'line': b'-- Up-to-date: /home/nicolas/ws_ros2/install/px4_msgs/share/px4_msgs/msg/Ekf2Timestamps.idl\n'}
[1.056611] (px4_msgs) StdoutLine: {'line': b'-- Up-to-date: /home/nicolas/ws_ros2/install/px4_msgs/share/px4_msgs/msg/EscReport.idl\n'}
[1.056645] (px4_msgs) StdoutLine: {'line': b'-- Up-to-date: /home/nicolas/ws_ros2/install/px4_msgs/share/px4_msgs/msg/EscStatus.idl\n'}
[1.056680] (px4_msgs) StdoutLine: {'line': b'-- Up-to-date: /home/nicolas/ws_ros2/install/px4_msgs/share/px4_msgs/msg/EstimatorAidSource1d.idl\n'}
[1.056715] (px4_msgs) StdoutLine: {'line': b'-- Up-to-date: /home/nicolas/ws_ros2/install/px4_msgs/share/px4_msgs/msg/EstimatorAidSource2d.idl\n'}
[1.056751] (px4_msgs) StdoutLine: {'line': b'-- Up-to-date: /home/nicolas/ws_ros2/install/px4_msgs/share/px4_msgs/msg/EstimatorAidSource3d.idl\n'}
[1.056800] (px4_msgs) StdoutLine: {'line': b'-- Up-to-date: /home/nicolas/ws_ros2/install/px4_msgs/share/px4_msgs/msg/EstimatorBias.idl\n'}
[1.056838] (px4_msgs) StdoutLine: {'line': b'-- Up-to-date: /home/nicolas/ws_ros2/install/px4_msgs/share/px4_msgs/msg/EstimatorBias3d.idl\n'}
[1.056876] (px4_msgs) StdoutLine: {'line': b'-- Up-to-date: /home/nicolas/ws_ros2/install/px4_msgs/share/px4_msgs/msg/EstimatorEventFlags.idl\n'}
[1.056915] (px4_msgs) StdoutLine: {'line': b'-- Up-to-date: /home/nicolas/ws_ros2/install/px4_msgs/share/px4_msgs/msg/EstimatorGpsStatus.idl\n'}
[1.056950] (px4_msgs) StdoutLine: {'line': b'-- Up-to-date: /home/nicolas/ws_ros2/install/px4_msgs/share/px4_msgs/msg/EstimatorInnovations.idl\n'}
[1.056984] (px4_msgs) StdoutLine: {'line': b'-- Up-to-date: /home/nicolas/ws_ros2/install/px4_msgs/share/px4_msgs/msg/EstimatorSelectorStatus.idl\n'}
[1.057018] (px4_msgs) StdoutLine: {'line': b'-- Up-to-date: /home/nicolas/ws_ros2/install/px4_msgs/share/px4_msgs/msg/EstimatorSensorBias.idl\n'}
[1.057051] (px4_msgs) StdoutLine: {'line': b'-- Up-to-date: /home/nicolas/ws_ros2/install/px4_msgs/share/px4_msgs/msg/EstimatorStates.idl\n'}
[1.057087] (px4_msgs) StdoutLine: {'line': b'-- Up-to-date: /home/nicolas/ws_ros2/install/px4_msgs/share/px4_msgs/msg/EstimatorStatus.idl\n'}
[1.057149] (px4_msgs) StdoutLine: {'line': b'-- Up-to-date: /home/nicolas/ws_ros2/install/px4_msgs/share/px4_msgs/msg/EstimatorStatusFlags.idl\n'}
[1.057184] (px4_msgs) StdoutLine: {'line': b'-- Up-to-date: /home/nicolas/ws_ros2/install/px4_msgs/share/px4_msgs/msg/Event.idl\n'}
[1.057218] (px4_msgs) StdoutLine: {'line': b'-- Up-to-date: /home/nicolas/ws_ros2/install/px4_msgs/share/px4_msgs/msg/FailsafeFlags.idl\n'}
[1.057252] (px4_msgs) StdoutLine: {'line': b'-- Up-to-date: /home/nicolas/ws_ros2/install/px4_msgs/share/px4_msgs/msg/FailureDetectorStatus.idl\n'}
[1.057287] (px4_msgs) StdoutLine: {'line': b'-- Up-to-date: /home/nicolas/ws_ros2/install/px4_msgs/share/px4_msgs/msg/FigureEightStatus.idl\n'}
[1.057320] (px4_msgs) StdoutLine: {'line': b'-- Up-to-date: /home/nicolas/ws_ros2/install/px4_msgs/share/px4_msgs/msg/FixedWingLateralGuidanceStatus.idl\n'}
[1.057354] (px4_msgs) StdoutLine: {'line': b'-- Up-to-date: /home/nicolas/ws_ros2/install/px4_msgs/share/px4_msgs/msg/FixedWingLateralSetpoint.idl\n'}
[1.057386] (px4_msgs) StdoutLine: {'line': b'-- Up-to-date: /home/nicolas/ws_ros2/install/px4_msgs/share/px4_msgs/msg/FixedWingLateralStatus.idl\n'}
[1.057426] (px4_msgs) StdoutLine: {'line': b'-- Up-to-date: /home/nicolas/ws_ros2/install/px4_msgs/share/px4_msgs/msg/FixedWingLongitudinalSetpoint.idl\n'}
[1.057484] (px4_msgs) StdoutLine: {'line': b'-- Up-to-date: /home/nicolas/ws_ros2/install/px4_msgs/share/px4_msgs/msg/FixedWingRunwayControl.idl\n'}
[1.057525] (px4_msgs) StdoutLine: {'line': b'-- Up-to-date: /home/nicolas/ws_ros2/install/px4_msgs/share/px4_msgs/msg/FlightPhaseEstimation.idl\n'}
[1.057564] (px4_msgs) StdoutLine: {'line': b'-- Up-to-date: /home/nicolas/ws_ros2/install/px4_msgs/share/px4_msgs/msg/FollowTarget.idl\n'}
[1.057603] (px4_msgs) StdoutLine: {'line': b'-- Up-to-date: /home/nicolas/ws_ros2/install/px4_msgs/share/px4_msgs/msg/FollowTargetEstimator.idl\n'}
[1.057641] (px4_msgs) StdoutLine: {'line': b'-- Up-to-date: /home/nicolas/ws_ros2/install/px4_msgs/share/px4_msgs/msg/FollowTargetStatus.idl\n'}
[1.057678] (px4_msgs) StdoutLine: {'line': b'-- Up-to-date: /home/nicolas/ws_ros2/install/px4_msgs/share/px4_msgs/msg/FuelTankStatus.idl\n'}
[1.057721] (px4_msgs) StdoutLine: {'line': b'-- Up-to-date: /home/nicolas/ws_ros2/install/px4_msgs/share/px4_msgs/msg/GeneratorStatus.idl\n'}
[1.057763] (px4_msgs) StdoutLine: {'line': b'-- Up-to-date: /home/nicolas/ws_ros2/install/px4_msgs/share/px4_msgs/msg/GeofenceResult.idl\n'}
[1.057803] (px4_msgs) StdoutLine: {'line': b'-- Up-to-date: /home/nicolas/ws_ros2/install/px4_msgs/share/px4_msgs/msg/GeofenceStatus.idl\n'}
[1.057842] (px4_msgs) StdoutLine: {'line': b'-- Up-to-date: /home/nicolas/ws_ros2/install/px4_msgs/share/px4_msgs/msg/GimbalControls.idl\n'}
[1.057882] (px4_msgs) StdoutLine: {'line': b'-- Up-to-date: /home/nicolas/ws_ros2/install/px4_msgs/share/px4_msgs/msg/GimbalDeviceAttitudeStatus.idl\n'}
[1.057921] (px4_msgs) StdoutLine: {'line': b'-- Up-to-date: /home/nicolas/ws_ros2/install/px4_msgs/share/px4_msgs/msg/GimbalDeviceInformation.idl\n'}
[1.057957] (px4_msgs) StdoutLine: {'line': b'-- Up-to-date: /home/nicolas/ws_ros2/install/px4_msgs/share/px4_msgs/msg/GimbalDeviceSetAttitude.idl\n'}
[1.058018] (px4_msgs) StdoutLine: {'line': b'-- Up-to-date: /home/nicolas/ws_ros2/install/px4_msgs/share/px4_msgs/msg/GimbalManagerInformation.idl\n'}
[1.058071] (px4_msgs) StdoutLine: {'line': b'-- Up-to-date: /home/nicolas/ws_ros2/install/px4_msgs/share/px4_msgs/msg/GimbalManagerSetAttitude.idl\n'}
[1.058104] (px4_msgs) StdoutLine: {'line': b'-- Up-to-date: /home/nicolas/ws_ros2/install/px4_msgs/share/px4_msgs/msg/GimbalManagerSetManualControl.idl\n'}
[1.058143] (px4_msgs) StdoutLine: {'line': b'-- Up-to-date: /home/nicolas/ws_ros2/install/px4_msgs/share/px4_msgs/msg/GimbalManagerStatus.idl\n'}
[1.058176] (px4_msgs) StdoutLine: {'line': b'-- Up-to-date: /home/nicolas/ws_ros2/install/px4_msgs/share/px4_msgs/msg/GotoSetpoint.idl\n'}
[1.058208] (px4_msgs) StdoutLine: {'line': b'-- Up-to-date: /home/nicolas/ws_ros2/install/px4_msgs/share/px4_msgs/msg/GpioConfig.idl\n'}
[1.058240] (px4_msgs) StdoutLine: {'line': b'-- Up-to-date: /home/nicolas/ws_ros2/install/px4_msgs/share/px4_msgs/msg/GpioIn.idl\n'}
[1.058271] (px4_msgs) StdoutLine: {'line': b'-- Up-to-date: /home/nicolas/ws_ros2/install/px4_msgs/share/px4_msgs/msg/GpioOut.idl\n'}
[1.058319] (px4_msgs) StdoutLine: {'line': b'-- Up-to-date: /home/nicolas/ws_ros2/install/px4_msgs/share/px4_msgs/msg/GpioRequest.idl\n'}
[1.058351] (px4_msgs) StdoutLine: {'line': b'-- Up-to-date: /home/nicolas/ws_ros2/install/px4_msgs/share/px4_msgs/msg/GpsDump.idl\n'}
[1.058383] (px4_msgs) StdoutLine: {'line': b'-- Up-to-date: /home/nicolas/ws_ros2/install/px4_msgs/share/px4_msgs/msg/GpsInjectData.idl\n'}
[1.058414] (px4_msgs) StdoutLine: {'line': b'-- Up-to-date: /home/nicolas/ws_ros2/install/px4_msgs/share/px4_msgs/msg/Gripper.idl\n'}
[1.058450] (px4_msgs) StdoutLine: {'line': b'-- Up-to-date: /home/nicolas/ws_ros2/install/px4_msgs/share/px4_msgs/msg/HealthReport.idl\n'}
[1.058484] (px4_msgs) StdoutLine: {'line': b'-- Up-to-date: /home/nicolas/ws_ros2/install/px4_msgs/share/px4_msgs/msg/HeaterStatus.idl\n'}
[1.058516] (px4_msgs) StdoutLine: {'line': b'-- Up-to-date: /home/nicolas/ws_ros2/install/px4_msgs/share/px4_msgs/msg/HomePosition.idl\n'}
[1.058547] (px4_msgs) StdoutLine: {'line': b'-- Up-to-date: /home/nicolas/ws_ros2/install/px4_msgs/share/px4_msgs/msg/HoverThrustEstimate.idl\n'}
[1.058579] (px4_msgs) StdoutLine: {'line': b'-- Up-to-date: /home/nicolas/ws_ros2/install/px4_msgs/share/px4_msgs/msg/InputRc.idl\n'}
[1.058610] (px4_msgs) StdoutLine: {'line': b'-- Up-to-date: /home/nicolas/ws_ros2/install/px4_msgs/share/px4_msgs/msg/InternalCombustionEngineControl.idl\n'}
[1.058642] (px4_msgs) StdoutLine: {'line': b'-- Up-to-date: /home/nicolas/ws_ros2/install/px4_msgs/share/px4_msgs/msg/InternalCombustionEngineStatus.idl\n'}
[1.058682] (px4_msgs) StdoutLine: {'line': b'-- Up-to-date: /home/nicolas/ws_ros2/install/px4_msgs/share/px4_msgs/msg/IridiumsbdStatus.idl\n'}
[1.058716] (px4_msgs) StdoutLine: {'line': b'-- Up-to-date: /home/nicolas/ws_ros2/install/px4_msgs/share/px4_msgs/msg/IrlockReport.idl\n'}
[1.058757] (px4_msgs) StdoutLine: {'line': b'-- Up-to-date: /home/nicolas/ws_ros2/install/px4_msgs/share/px4_msgs/msg/LandingGear.idl\n'}
[1.058811] (px4_msgs) StdoutLine: {'line': b'-- Up-to-date: /home/nicolas/ws_ros2/install/px4_msgs/share/px4_msgs/msg/LandingGearWheel.idl\n'}
[1.058852] (px4_msgs) StdoutLine: {'line': b'-- Up-to-date: /home/nicolas/ws_ros2/install/px4_msgs/share/px4_msgs/msg/LandingTargetInnovations.idl\n'}
[1.058889] (px4_msgs) StdoutLine: {'line': b'-- Up-to-date: /home/nicolas/ws_ros2/install/px4_msgs/share/px4_msgs/msg/LandingTargetPose.idl\n'}
[1.058925] (px4_msgs) StdoutLine: {'line': b'-- Up-to-date: /home/nicolas/ws_ros2/install/px4_msgs/share/px4_msgs/msg/LateralControlConfiguration.idl\n'}
[1.058962] (px4_msgs) StdoutLine: {'line': b'-- Up-to-date: /home/nicolas/ws_ros2/install/px4_msgs/share/px4_msgs/msg/LaunchDetectionStatus.idl\n'}
[1.058998] (px4_msgs) StdoutLine: {'line': b'-- Up-to-date: /home/nicolas/ws_ros2/install/px4_msgs/share/px4_msgs/msg/LedControl.idl\n'}
[1.059035] (px4_msgs) StdoutLine: {'line': b'-- Up-to-date: /home/nicolas/ws_ros2/install/px4_msgs/share/px4_msgs/msg/LogMessage.idl\n'}
[1.059121] (px4_msgs) StdoutLine: {'line': b'-- Up-to-date: /home/nicolas/ws_ros2/install/px4_msgs/share/px4_msgs/msg/LoggerStatus.idl\n'}
[1.059156] (px4_msgs) StdoutLine: {'line': b'-- Up-to-date: /home/nicolas/ws_ros2/install/px4_msgs/share/px4_msgs/msg/LongitudinalControlConfiguration.idl\n'}
[1.059193] (px4_msgs) StdoutLine: {'line': b'-- Up-to-date: /home/nicolas/ws_ros2/install/px4_msgs/share/px4_msgs/msg/MagWorkerData.idl\n'}
[1.059229] (px4_msgs) StdoutLine: {'line': b'-- Up-to-date: /home/nicolas/ws_ros2/install/px4_msgs/share/px4_msgs/msg/MagnetometerBiasEstimate.idl\n'}
[1.059263] (px4_msgs) StdoutLine: {'line': b'-- Up-to-date: /home/nicolas/ws_ros2/install/px4_msgs/share/px4_msgs/msg/ManualControlSetpoint.idl\n'}
[1.059298] (px4_msgs) StdoutLine: {'line': b'-- Up-to-date: /home/nicolas/ws_ros2/install/px4_msgs/share/px4_msgs/msg/ManualControlSwitches.idl\n'}
[1.059332] (px4_msgs) StdoutLine: {'line': b'-- Up-to-date: /home/nicolas/ws_ros2/install/px4_msgs/share/px4_msgs/msg/MavlinkLog.idl\n'}
[1.059366] (px4_msgs) StdoutLine: {'line': b'-- Up-to-date: /home/nicolas/ws_ros2/install/px4_msgs/share/px4_msgs/msg/MavlinkTunnel.idl\n'}
[1.059401] (px4_msgs) StdoutLine: {'line': b'-- Up-to-date: /home/nicolas/ws_ros2/install/px4_msgs/share/px4_msgs/msg/MessageFormatRequest.idl\n'}
[1.059439] (px4_msgs) StdoutLine: {'line': b'-- Up-to-date: /home/nicolas/ws_ros2/install/px4_msgs/share/px4_msgs/msg/MessageFormatResponse.idl\n'}
[1.059476] (px4_msgs) StdoutLine: {'line': b'-- Up-to-date: /home/nicolas/ws_ros2/install/px4_msgs/share/px4_msgs/msg/Mission.idl\n'}
[1.059512] (px4_msgs) StdoutLine: {'line': b'-- Up-to-date: /home/nicolas/ws_ros2/install/px4_msgs/share/px4_msgs/msg/MissionResult.idl\n'}
[1.059548] (px4_msgs) StdoutLine: {'line': b'-- Up-to-date: /home/nicolas/ws_ros2/install/px4_msgs/share/px4_msgs/msg/ModeCompleted.idl\n'}
[1.059582] (px4_msgs) StdoutLine: {'line': b'-- Up-to-date: /home/nicolas/ws_ros2/install/px4_msgs/share/px4_msgs/msg/MountOrientation.idl\n'}
[1.059618] (px4_msgs) StdoutLine: {'line': b'-- Up-to-date: /home/nicolas/ws_ros2/install/px4_msgs/share/px4_msgs/msg/NavigatorMissionItem.idl\n'}
[1.059651] (px4_msgs) StdoutLine: {'line': b'-- Up-to-date: /home/nicolas/ws_ros2/install/px4_msgs/share/px4_msgs/msg/NavigatorStatus.idl\n'}
[1.059736] (px4_msgs) StdoutLine: {'line': b'-- Up-to-date: /home/nicolas/ws_ros2/install/px4_msgs/share/px4_msgs/msg/NeuralControl.idl\n'}
[1.059769] (px4_msgs) StdoutLine: {'line': b'-- Up-to-date: /home/nicolas/ws_ros2/install/px4_msgs/share/px4_msgs/msg/NormalizedUnsignedSetpoint.idl\n'}
[1.059805] (px4_msgs) StdoutLine: {'line': b'-- Up-to-date: /home/nicolas/ws_ros2/install/px4_msgs/share/px4_msgs/msg/ObstacleDistance.idl\n'}
[1.059835] (px4_msgs) StdoutLine: {'line': b'-- Up-to-date: /home/nicolas/ws_ros2/install/px4_msgs/share/px4_msgs/msg/OffboardControlMode.idl\n'}
[1.059867] (px4_msgs) StdoutLine: {'line': b'-- Up-to-date: /home/nicolas/ws_ros2/install/px4_msgs/share/px4_msgs/msg/OnboardComputerStatus.idl\n'}
[1.059899] (px4_msgs) StdoutLine: {'line': b'-- Up-to-date: /home/nicolas/ws_ros2/install/px4_msgs/share/px4_msgs/msg/OpenDroneIdArmStatus.idl\n'}
[1.059932] (px4_msgs) StdoutLine: {'line': b'-- Up-to-date: /home/nicolas/ws_ros2/install/px4_msgs/share/px4_msgs/msg/OpenDroneIdOperatorId.idl\n'}
[1.059970] (px4_msgs) StdoutLine: {'line': b'-- Up-to-date: /home/nicolas/ws_ros2/install/px4_msgs/share/px4_msgs/msg/OpenDroneIdSelfId.idl\n'}
[1.060007] (px4_msgs) StdoutLine: {'line': b'-- Up-to-date: /home/nicolas/ws_ros2/install/px4_msgs/share/px4_msgs/msg/OpenDroneIdSystem.idl\n'}
[1.060043] (px4_msgs) StdoutLine: {'line': b'-- Up-to-date: /home/nicolas/ws_ros2/install/px4_msgs/share/px4_msgs/msg/OrbTest.idl\n'}
[1.060079] (px4_msgs) StdoutLine: {'line': b'-- Up-to-date: /home/nicolas/ws_ros2/install/px4_msgs/share/px4_msgs/msg/OrbTestLarge.idl\n'}
[1.060116] (px4_msgs) StdoutLine: {'line': b'-- Up-to-date: /home/nicolas/ws_ros2/install/px4_msgs/share/px4_msgs/msg/OrbTestMedium.idl\n'}
[1.060171] (px4_msgs) StdoutLine: {'line': b'-- Up-to-date: /home/nicolas/ws_ros2/install/px4_msgs/share/px4_msgs/msg/OrbitStatus.idl\n'}
[1.060204] (px4_msgs) StdoutLine: {'line': b'-- Up-to-date: /home/nicolas/ws_ros2/install/px4_msgs/share/px4_msgs/msg/ParameterResetRequest.idl\n'}
[1.060240] (px4_msgs) StdoutLine: {'line': b'-- Up-to-date: /home/nicolas/ws_ros2/install/px4_msgs/share/px4_msgs/msg/ParameterSetUsedRequest.idl\n'}
[1.060277] (px4_msgs) StdoutLine: {'line': b'-- Up-to-date: /home/nicolas/ws_ros2/install/px4_msgs/share/px4_msgs/msg/ParameterSetValueRequest.idl\n'}
[1.060314] (px4_msgs) StdoutLine: {'line': b'-- Up-to-date: /home/nicolas/ws_ros2/install/px4_msgs/share/px4_msgs/msg/ParameterSetValueResponse.idl\n'}
[1.060351] (px4_msgs) StdoutLine: {'line': b'-- Up-to-date: /home/nicolas/ws_ros2/install/px4_msgs/share/px4_msgs/msg/ParameterUpdate.idl\n'}
[1.060389] (px4_msgs) StdoutLine: {'line': b'-- Up-to-date: /home/nicolas/ws_ros2/install/px4_msgs/share/px4_msgs/msg/Ping.idl\n'}
[1.060426] (px4_msgs) StdoutLine: {'line': b'-- Up-to-date: /home/nicolas/ws_ros2/install/px4_msgs/share/px4_msgs/msg/PositionControllerLandingStatus.idl\n'}
[1.060472] (px4_msgs) StdoutLine: {'line': b'-- Up-to-date: /home/nicolas/ws_ros2/install/px4_msgs/share/px4_msgs/msg/PositionControllerStatus.idl\n'}
[1.060509] (px4_msgs) StdoutLine: {'line': b'-- Up-to-date: /home/nicolas/ws_ros2/install/px4_msgs/share/px4_msgs/msg/PositionSetpoint.idl\n'}
[1.060545] (px4_msgs) StdoutLine: {'line': b'-- Up-to-date: /home/nicolas/ws_ros2/install/px4_msgs/share/px4_msgs/msg/PositionSetpointTriplet.idl\n'}
[1.060581] (px4_msgs) StdoutLine: {'line': b'-- Up-to-date: /home/nicolas/ws_ros2/install/px4_msgs/share/px4_msgs/msg/PowerButtonState.idl\n'}
[1.060618] (px4_msgs) StdoutLine: {'line': b'-- Up-to-date: /home/nicolas/ws_ros2/install/px4_msgs/share/px4_msgs/msg/PowerMonitor.idl\n'}
[1.060655] (px4_msgs) StdoutLine: {'line': b'-- Up-to-date: /home/nicolas/ws_ros2/install/px4_msgs/share/px4_msgs/msg/PpsCapture.idl\n'}
[1.060690] (px4_msgs) StdoutLine: {'line': b'-- Up-to-date: /home/nicolas/ws_ros2/install/px4_msgs/share/px4_msgs/msg/PurePursuitStatus.idl\n'}
[1.060727] (px4_msgs) StdoutLine: {'line': b'-- Up-to-date: /home/nicolas/ws_ros2/install/px4_msgs/share/px4_msgs/msg/PwmInput.idl\n'}
[1.060764] (px4_msgs) StdoutLine: {'line': b'-- Up-to-date: /home/nicolas/ws_ros2/install/px4_msgs/share/px4_msgs/msg/Px4ioStatus.idl\n'}
[1.060801] (px4_msgs) StdoutLine: {'line': b'-- Up-to-date: /home/nicolas/ws_ros2/install/px4_msgs/share/px4_msgs/msg/QshellReq.idl\n'}
[1.060839] (px4_msgs) StdoutLine: {'line': b'-- Up-to-date: /home/nicolas/ws_ros2/install/px4_msgs/share/px4_msgs/msg/QshellRetval.idl\n'}
[1.060875] (px4_msgs) StdoutLine: {'line': b'-- Up-to-date: /home/nicolas/ws_ros2/install/px4_msgs/share/px4_msgs/msg/RadioStatus.idl\n'}
[1.060911] (px4_msgs) StdoutLine: {'line': b'-- Up-to-date: /home/nicolas/ws_ros2/install/px4_msgs/share/px4_msgs/msg/RateCtrlStatus.idl\n'}
[1.060948] (px4_msgs) StdoutLine: {'line': b'-- Up-to-date: /home/nicolas/ws_ros2/install/px4_msgs/share/px4_msgs/msg/RcChannels.idl\n'}
[1.060985] (px4_msgs) StdoutLine: {'line': b'-- Up-to-date: /home/nicolas/ws_ros2/install/px4_msgs/share/px4_msgs/msg/RcParameterMap.idl\n'}
[1.061021] (px4_msgs) StdoutLine: {'line': b'-- Up-to-date: /home/nicolas/ws_ros2/install/px4_msgs/share/px4_msgs/msg/RegisterExtComponentReply.idl\n'}
[1.061058] (px4_msgs) StdoutLine: {'line': b'-- Up-to-date: /home/nicolas/ws_ros2/install/px4_msgs/share/px4_msgs/msg/RegisterExtComponentRequest.idl\n'}
[1.061095] (px4_msgs) StdoutLine: {'line': b'-- Up-to-date: /home/nicolas/ws_ros2/install/px4_msgs/share/px4_msgs/msg/RoverAttitudeSetpoint.idl\n'}
[1.061131] (px4_msgs) StdoutLine: {'line': b'-- Up-to-date: /home/nicolas/ws_ros2/install/px4_msgs/share/px4_msgs/msg/RoverAttitudeStatus.idl\n'}
[1.061168] (px4_msgs) StdoutLine: {'line': b'-- Up-to-date: /home/nicolas/ws_ros2/install/px4_msgs/share/px4_msgs/msg/RoverPositionSetpoint.idl\n'}
[1.061204] (px4_msgs) StdoutLine: {'line': b'-- Up-to-date: /home/nicolas/ws_ros2/install/px4_msgs/share/px4_msgs/msg/RoverRateSetpoint.idl\n'}
[1.061269] (px4_msgs) StdoutLine: {'line': b'-- Up-to-date: /home/nicolas/ws_ros2/install/px4_msgs/share/px4_msgs/msg/RoverRateStatus.idl\n'}
[1.061307] (px4_msgs) StdoutLine: {'line': b'-- Up-to-date: /home/nicolas/ws_ros2/install/px4_msgs/share/px4_msgs/msg/RoverSpeedSetpoint.idl\n'}
[1.061378] (px4_msgs) StdoutLine: {'line': b'-- Up-to-date: /home/nicolas/ws_ros2/install/px4_msgs/share/px4_msgs/msg/RoverSpeedStatus.idl\n'}
[1.061410] (px4_msgs) StdoutLine: {'line': b'-- Up-to-date: /home/nicolas/ws_ros2/install/px4_msgs/share/px4_msgs/msg/RoverSteeringSetpoint.idl\n'}
[1.061447] (px4_msgs) StdoutLine: {'line': b'-- Up-to-date: /home/nicolas/ws_ros2/install/px4_msgs/share/px4_msgs/msg/RoverThrottleSetpoint.idl\n'}
[1.061485] (px4_msgs) StdoutLine: {'line': b'-- Up-to-date: /home/nicolas/ws_ros2/install/px4_msgs/share/px4_msgs/msg/Rpm.idl\n'}
[1.061520] (px4_msgs) StdoutLine: {'line': b'-- Up-to-date: /home/nicolas/ws_ros2/install/px4_msgs/share/px4_msgs/msg/RtlStatus.idl\n'}
[1.061556] (px4_msgs) StdoutLine: {'line': b'-- Up-to-date: /home/nicolas/ws_ros2/install/px4_msgs/share/px4_msgs/msg/RtlTimeEstimate.idl\n'}
[1.061591] (px4_msgs) StdoutLine: {'line': b'-- Up-to-date: /home/nicolas/ws_ros2/install/px4_msgs/share/px4_msgs/msg/SatelliteInfo.idl\n'}
[1.061627] (px4_msgs) StdoutLine: {'line': b'-- Up-to-date: /home/nicolas/ws_ros2/install/px4_msgs/share/px4_msgs/msg/SensorAccel.idl\n'}
[1.061662] (px4_msgs) StdoutLine: {'line': b'-- Up-to-date: /home/nicolas/ws_ros2/install/px4_msgs/share/px4_msgs/msg/SensorAccelFifo.idl\n'}
[1.061697] (px4_msgs) StdoutLine: {'line': b'-- Up-to-date: /home/nicolas/ws_ros2/install/px4_msgs/share/px4_msgs/msg/SensorAirflow.idl\n'}
[1.061733] (px4_msgs) StdoutLine: {'line': b'-- Up-to-date: /home/nicolas/ws_ros2/install/px4_msgs/share/px4_msgs/msg/SensorBaro.idl\n'}
[1.061767] (px4_msgs) StdoutLine: {'line': b'-- Up-to-date: /home/nicolas/ws_ros2/install/px4_msgs/share/px4_msgs/msg/SensorCombined.idl\n'}
[1.061803] (px4_msgs) StdoutLine: {'line': b'-- Up-to-date: /home/nicolas/ws_ros2/install/px4_msgs/share/px4_msgs/msg/SensorCorrection.idl\n'}
[1.061837] (px4_msgs) StdoutLine: {'line': b'-- Up-to-date: /home/nicolas/ws_ros2/install/px4_msgs/share/px4_msgs/msg/SensorGnssRelative.idl\n'}
[1.061872] (px4_msgs) StdoutLine: {'line': b'-- Up-to-date: /home/nicolas/ws_ros2/install/px4_msgs/share/px4_msgs/msg/SensorGnssStatus.idl\n'}
[1.061907] (px4_msgs) StdoutLine: {'line': b'-- Up-to-date: /home/nicolas/ws_ros2/install/px4_msgs/share/px4_msgs/msg/SensorGps.idl\n'}
[1.061942] (px4_msgs) StdoutLine: {'line': b'-- Up-to-date: /home/nicolas/ws_ros2/install/px4_msgs/share/px4_msgs/msg/SensorGyro.idl\n'}
[1.061976] (px4_msgs) StdoutLine: {'line': b'-- Up-to-date: /home/nicolas/ws_ros2/install/px4_msgs/share/px4_msgs/msg/SensorGyroFft.idl\n'}
[1.062011] (px4_msgs) StdoutLine: {'line': b'-- Up-to-date: /home/nicolas/ws_ros2/install/px4_msgs/share/px4_msgs/msg/SensorGyroFifo.idl\n'}
[1.062046] (px4_msgs) StdoutLine: {'line': b'-- Up-to-date: /home/nicolas/ws_ros2/install/px4_msgs/share/px4_msgs/msg/SensorHygrometer.idl\n'}
[1.062081] (px4_msgs) StdoutLine: {'line': b'-- Up-to-date: /home/nicolas/ws_ros2/install/px4_msgs/share/px4_msgs/msg/SensorMag.idl\n'}
[1.062117] (px4_msgs) StdoutLine: {'line': b'-- Up-to-date: /home/nicolas/ws_ros2/install/px4_msgs/share/px4_msgs/msg/SensorOpticalFlow.idl\n'}
[1.062153] (px4_msgs) StdoutLine: {'line': b'-- Up-to-date: /home/nicolas/ws_ros2/install/px4_msgs/share/px4_msgs/msg/SensorPreflightMag.idl\n'}
[1.062189] (px4_msgs) StdoutLine: {'line': b'-- Up-to-date: /home/nicolas/ws_ros2/install/px4_msgs/share/px4_msgs/msg/SensorSelection.idl\n'}
[1.062224] (px4_msgs) StdoutLine: {'line': b'-- Up-to-date: /home/nicolas/ws_ros2/install/px4_msgs/share/px4_msgs/msg/SensorUwb.idl\n'}
[1.062259] (px4_msgs) StdoutLine: {'line': b'-- Up-to-date: /home/nicolas/ws_ros2/install/px4_msgs/share/px4_msgs/msg/SensorsStatus.idl\n'}
[1.062294] (px4_msgs) StdoutLine: {'line': b'-- Up-to-date: /home/nicolas/ws_ros2/install/px4_msgs/share/px4_msgs/msg/SensorsStatusImu.idl\n'}
[1.062356] (px4_msgs) StdoutLine: {'line': b'-- Up-to-date: /home/nicolas/ws_ros2/install/px4_msgs/share/px4_msgs/msg/SystemPower.idl\n'}
[1.062392] (px4_msgs) StdoutLine: {'line': b'-- Up-to-date: /home/nicolas/ws_ros2/install/px4_msgs/share/px4_msgs/msg/TakeoffStatus.idl\n'}
[1.062431] (px4_msgs) StdoutLine: {'line': b'-- Up-to-date: /home/nicolas/ws_ros2/install/px4_msgs/share/px4_msgs/msg/TaskStackInfo.idl\n'}
[1.062469] (px4_msgs) StdoutLine: {'line': b'-- Up-to-date: /home/nicolas/ws_ros2/install/px4_msgs/share/px4_msgs/msg/TecsStatus.idl\n'}
[1.062505] (px4_msgs) StdoutLine: {'line': b'-- Up-to-date: /home/nicolas/ws_ros2/install/px4_msgs/share/px4_msgs/msg/TelemetryStatus.idl\n'}
[1.062540] (px4_msgs) StdoutLine: {'line': b'-- Up-to-date: /home/nicolas/ws_ros2/install/px4_msgs/share/px4_msgs/msg/TiltrotorExtraControls.idl\n'}
[1.062575] (px4_msgs) StdoutLine: {'line': b'-- Up-to-date: /home/nicolas/ws_ros2/install/px4_msgs/share/px4_msgs/msg/TimesyncStatus.idl\n'}
[1.062612] (px4_msgs) StdoutLine: {'line': b'-- Up-to-date: /home/nicolas/ws_ros2/install/px4_msgs/share/px4_msgs/msg/TrajectorySetpoint.idl\n'}
[1.062647] (px4_msgs) StdoutLine: {'line': b'-- Up-to-date: /home/nicolas/ws_ros2/install/px4_msgs/share/px4_msgs/msg/TrajectorySetpoint6dof.idl\n'}
[1.062682] (px4_msgs) StdoutLine: {'line': b'-- Up-to-date: /home/nicolas/ws_ros2/install/px4_msgs/share/px4_msgs/msg/TransponderReport.idl\n'}
[1.062718] (px4_msgs) StdoutLine: {'line': b'-- Up-to-date: /home/nicolas/ws_ros2/install/px4_msgs/share/px4_msgs/msg/TuneControl.idl\n'}
[1.062766] (px4_msgs) StdoutLine: {'line': b'-- Up-to-date: /home/nicolas/ws_ros2/install/px4_msgs/share/px4_msgs/msg/UavcanParameterRequest.idl\n'}
[1.062834] (px4_msgs) StdoutLine: {'line': b'-- Up-to-date: /home/nicolas/ws_ros2/install/px4_msgs/share/px4_msgs/msg/UavcanParameterValue.idl\n'}
[1.062873] (px4_msgs) StdoutLine: {'line': b'-- Up-to-date: /home/nicolas/ws_ros2/install/px4_msgs/share/px4_msgs/msg/UlogStream.idl\n'}
[1.062910] (px4_msgs) StdoutLine: {'line': b'-- Up-to-date: /home/nicolas/ws_ros2/install/px4_msgs/share/px4_msgs/msg/UlogStreamAck.idl\n'}
[1.062946] (px4_msgs) StdoutLine: {'line': b'-- Up-to-date: /home/nicolas/ws_ros2/install/px4_msgs/share/px4_msgs/msg/UnregisterExtComponent.idl\n'}
[1.063029] (px4_msgs) StdoutLine: {'line': b'-- Up-to-date: /home/nicolas/ws_ros2/install/px4_msgs/share/px4_msgs/msg/VehicleAcceleration.idl\n'}
[1.063098] (px4_msgs) StdoutLine: {'line': b'-- Up-to-date: /home/nicolas/ws_ros2/install/px4_msgs/share/px4_msgs/msg/VehicleAirData.idl\n'}
[1.063136] (px4_msgs) StdoutLine: {'line': b'-- Up-to-date: /home/nicolas/ws_ros2/install/px4_msgs/share/px4_msgs/msg/VehicleAngularAccelerationSetpoint.idl\n'}
[1.063172] (px4_msgs) StdoutLine: {'line': b'-- Up-to-date: /home/nicolas/ws_ros2/install/px4_msgs/share/px4_msgs/msg/VehicleAngularVelocity.idl\n'}
[1.063208] (px4_msgs) StdoutLine: {'line': b'-- Up-to-date: /home/nicolas/ws_ros2/install/px4_msgs/share/px4_msgs/msg/VehicleAttitude.idl\n'}
[1.063245] (px4_msgs) StdoutLine: {'line': b'-- Up-to-date: /home/nicolas/ws_ros2/install/px4_msgs/share/px4_msgs/msg/VehicleAttitudeSetpoint.idl\n'}
[1.063280] (px4_msgs) StdoutLine: {'line': b'-- Up-to-date: /home/nicolas/ws_ros2/install/px4_msgs/share/px4_msgs/msg/VehicleCommand.idl\n'}
[1.063316] (px4_msgs) StdoutLine: {'line': b'-- Up-to-date: /home/nicolas/ws_ros2/install/px4_msgs/share/px4_msgs/msg/VehicleCommandAck.idl\n'}
[1.063351] (px4_msgs) StdoutLine: {'line': b'-- Up-to-date: /home/nicolas/ws_ros2/install/px4_msgs/share/px4_msgs/msg/VehicleConstraints.idl\n'}
[1.063386] (px4_msgs) StdoutLine: {'line': b'-- Up-to-date: /home/nicolas/ws_ros2/install/px4_msgs/share/px4_msgs/msg/VehicleControlMode.idl\n'}
[1.063422] (px4_msgs) StdoutLine: {'line': b'-- Up-to-date: /home/nicolas/ws_ros2/install/px4_msgs/share/px4_msgs/msg/VehicleGlobalPosition.idl\n'}
[1.063464] (px4_msgs) StdoutLine: {'line': b'-- Up-to-date: /home/nicolas/ws_ros2/install/px4_msgs/share/px4_msgs/msg/VehicleImu.idl\n'}
[1.063525] (px4_msgs) StdoutLine: {'line': b'-- Up-to-date: /home/nicolas/ws_ros2/install/px4_msgs/share/px4_msgs/msg/VehicleImuStatus.idl\n'}
[1.063561] (px4_msgs) StdoutLine: {'line': b'-- Up-to-date: /home/nicolas/ws_ros2/install/px4_msgs/share/px4_msgs/msg/VehicleLandDetected.idl\n'}
[1.063595] (px4_msgs) StdoutLine: {'line': b'-- Up-to-date: /home/nicolas/ws_ros2/install/px4_msgs/share/px4_msgs/msg/VehicleLocalPosition.idl\n'}
[1.063631] (px4_msgs) StdoutLine: {'line': b'-- Up-to-date: /home/nicolas/ws_ros2/install/px4_msgs/share/px4_msgs/msg/VehicleLocalPositionSetpoint.idl\n'}
[1.063666] (px4_msgs) StdoutLine: {'line': b'-- Up-to-date: /home/nicolas/ws_ros2/install/px4_msgs/share/px4_msgs/msg/VehicleMagnetometer.idl\n'}
[1.063701] (px4_msgs) StdoutLine: {'line': b'-- Up-to-date: /home/nicolas/ws_ros2/install/px4_msgs/share/px4_msgs/msg/VehicleOdometry.idl\n'}
[1.063737] (px4_msgs) StdoutLine: {'line': b'-- Up-to-date: /home/nicolas/ws_ros2/install/px4_msgs/share/px4_msgs/msg/VehicleOpticalFlow.idl\n'}
[1.063772] (px4_msgs) StdoutLine: {'line': b'-- Up-to-date: /home/nicolas/ws_ros2/install/px4_msgs/share/px4_msgs/msg/VehicleOpticalFlowVel.idl\n'}
[1.063809] (px4_msgs) StdoutLine: {'line': b'-- Up-to-date: /home/nicolas/ws_ros2/install/px4_msgs/share/px4_msgs/msg/VehicleRatesSetpoint.idl\n'}
[1.063844] (px4_msgs) StdoutLine: {'line': b'-- Up-to-date: /home/nicolas/ws_ros2/install/px4_msgs/share/px4_msgs/msg/VehicleRoi.idl\n'}
[1.063879] (px4_msgs) StdoutLine: {'line': b'-- Up-to-date: /home/nicolas/ws_ros2/install/px4_msgs/share/px4_msgs/msg/VehicleStatus.idl\n'}
[1.063915] (px4_msgs) StdoutLine: {'line': b'-- Up-to-date: /home/nicolas/ws_ros2/install/px4_msgs/share/px4_msgs/msg/VehicleThrustSetpoint.idl\n'}
[1.063951] (px4_msgs) StdoutLine: {'line': b'-- Up-to-date: /home/nicolas/ws_ros2/install/px4_msgs/share/px4_msgs/msg/VehicleTorqueSetpoint.idl\n'}
[1.063985] (px4_msgs) StdoutLine: {'line': b'-- Up-to-date: /home/nicolas/ws_ros2/install/px4_msgs/share/px4_msgs/msg/VelocityLimits.idl\n'}
[1.064020] (px4_msgs) StdoutLine: {'line': b'-- Up-to-date: /home/nicolas/ws_ros2/install/px4_msgs/share/px4_msgs/msg/VtolVehicleStatus.idl\n'}
[1.064055] (px4_msgs) StdoutLine: {'line': b'-- Up-to-date: /home/nicolas/ws_ros2/install/px4_msgs/share/px4_msgs/msg/WheelEncoders.idl\n'}
[1.064090] (px4_msgs) StdoutLine: {'line': b'-- Up-to-date: /home/nicolas/ws_ros2/install/px4_msgs/share/px4_msgs/msg/Wind.idl\n'}
[1.064125] (px4_msgs) StdoutLine: {'line': b'-- Up-to-date: /home/nicolas/ws_ros2/install/px4_msgs/share/px4_msgs/msg/YawEstimatorStatus.idl\n'}
[1.064159] (px4_msgs) StdoutLine: {'line': b'-- Up-to-date: /home/nicolas/ws_ros2/install/px4_msgs/share/px4_msgs/srv/VehicleCommand.idl\n'}
[1.064196] (px4_msgs) StdoutLine: {'line': b'-- Up-to-date: /home/nicolas/ws_ros2/install/px4_msgs/share/px4_msgs/msg/ActionRequest.msg\n'}
[1.064232] (px4_msgs) StdoutLine: {'line': b'-- Up-to-date: /home/nicolas/ws_ros2/install/px4_msgs/share/px4_msgs/msg/ActuatorArmed.msg\n'}
[1.064292] (px4_msgs) StdoutLine: {'line': b'-- Up-to-date: /home/nicolas/ws_ros2/install/px4_msgs/share/px4_msgs/msg/ActuatorControlsStatus.msg\n'}
[1.064328] (px4_msgs) StdoutLine: {'line': b'-- Up-to-date: /home/nicolas/ws_ros2/install/px4_msgs/share/px4_msgs/msg/ActuatorMotors.msg\n'}
[1.064397] (px4_msgs) StdoutLine: {'line': b'-- Up-to-date: /home/nicolas/ws_ros2/install/px4_msgs/share/px4_msgs/msg/ActuatorOutputs.msg\n'}
[1.064436] (px4_msgs) StdoutLine: {'line': b'-- Up-to-date: /home/nicolas/ws_ros2/install/px4_msgs/share/px4_msgs/msg/ActuatorServos.msg\n'}
[1.064471] (px4_msgs) StdoutLine: {'line': b'-- Up-to-date: /home/nicolas/ws_ros2/install/px4_msgs/share/px4_msgs/msg/ActuatorServosTrim.msg\n'}
[1.064502] (px4_msgs) StdoutLine: {'line': b'-- Up-to-date: /home/nicolas/ws_ros2/install/px4_msgs/share/px4_msgs/msg/ActuatorTest.msg\n'}
[1.064535] (px4_msgs) StdoutLine: {'line': b'-- Up-to-date: /home/nicolas/ws_ros2/install/px4_msgs/share/px4_msgs/msg/AdcReport.msg\n'}
[1.064567] (px4_msgs) StdoutLine: {'line': b'-- Up-to-date: /home/nicolas/ws_ros2/install/px4_msgs/share/px4_msgs/msg/Airspeed.msg\n'}
[1.064602] (px4_msgs) StdoutLine: {'line': b'-- Up-to-date: /home/nicolas/ws_ros2/install/px4_msgs/share/px4_msgs/msg/AirspeedValidated.msg\n'}
[1.064635] (px4_msgs) StdoutLine: {'line': b'-- Up-to-date: /home/nicolas/ws_ros2/install/px4_msgs/share/px4_msgs/msg/AirspeedWind.msg\n'}
[1.064667] (px4_msgs) StdoutLine: {'line': b'-- Up-to-date: /home/nicolas/ws_ros2/install/px4_msgs/share/px4_msgs/msg/ArmingCheckReply.msg\n'}
[1.064699] (px4_msgs) StdoutLine: {'line': b'-- Up-to-date: /home/nicolas/ws_ros2/install/px4_msgs/share/px4_msgs/msg/ArmingCheckRequest.msg\n'}
[1.064738] (px4_msgs) StdoutLine: {'line': b'-- Up-to-date: /home/nicolas/ws_ros2/install/px4_msgs/share/px4_msgs/msg/AutotuneAttitudeControlStatus.msg\n'}
[1.064770] (px4_msgs) StdoutLine: {'line': b'-- Up-to-date: /home/nicolas/ws_ros2/install/px4_msgs/share/px4_msgs/msg/BatteryInfo.msg\n'}
[1.064802] (px4_msgs) StdoutLine: {'line': b'-- Up-to-date: /home/nicolas/ws_ros2/install/px4_msgs/share/px4_msgs/msg/BatteryStatus.msg\n'}
[1.064845] (px4_msgs) StdoutLine: {'line': b'-- Up-to-date: /home/nicolas/ws_ros2/install/px4_msgs/share/px4_msgs/msg/ButtonEvent.msg\n'}
[1.064879] (px4_msgs) StdoutLine: {'line': b'-- Up-to-date: /home/nicolas/ws_ros2/install/px4_msgs/share/px4_msgs/msg/CameraCapture.msg\n'}
[1.064915] (px4_msgs) StdoutLine: {'line': b'-- Up-to-date: /home/nicolas/ws_ros2/install/px4_msgs/share/px4_msgs/msg/CameraStatus.msg\n'}
[1.064949] (px4_msgs) StdoutLine: {'line': b'-- Up-to-date: /home/nicolas/ws_ros2/install/px4_msgs/share/px4_msgs/msg/CameraTrigger.msg\n'}
[1.064985] (px4_msgs) StdoutLine: {'line': b'-- Up-to-date: /home/nicolas/ws_ros2/install/px4_msgs/share/px4_msgs/msg/CanInterfaceStatus.msg\n'}
[1.065020] (px4_msgs) StdoutLine: {'line': b'-- Up-to-date: /home/nicolas/ws_ros2/install/px4_msgs/share/px4_msgs/msg/CellularStatus.msg\n'}
[1.065070] (px4_msgs) StdoutLine: {'line': b'-- Up-to-date: /home/nicolas/ws_ros2/install/px4_msgs/share/px4_msgs/msg/CollisionConstraints.msg\n'}
[1.065103] (px4_msgs) StdoutLine: {'line': b'-- Up-to-date: /home/nicolas/ws_ros2/install/px4_msgs/share/px4_msgs/msg/ConfigOverrides.msg\n'}
[1.065135] (px4_msgs) StdoutLine: {'line': b'-- Up-to-date: /home/nicolas/ws_ros2/install/px4_msgs/share/px4_msgs/msg/ControlAllocatorStatus.msg\n'}
[1.065167] (px4_msgs) StdoutLine: {'line': b'-- Up-to-date: /home/nicolas/ws_ros2/install/px4_msgs/share/px4_msgs/msg/Cpuload.msg\n'}
[1.065199] (px4_msgs) StdoutLine: {'line': b'-- Up-to-date: /home/nicolas/ws_ros2/install/px4_msgs/share/px4_msgs/msg/DatamanRequest.msg\n'}
[1.065236] (px4_msgs) StdoutLine: {'line': b'-- Up-to-date: /home/nicolas/ws_ros2/install/px4_msgs/share/px4_msgs/msg/DatamanResponse.msg\n'}
[1.065349] (px4_msgs) StdoutLine: {'line': b'-- Up-to-date: /home/nicolas/ws_ros2/install/px4_msgs/share/px4_msgs/msg/DebugArray.msg\n'}
[1.065386] (px4_msgs) StdoutLine: {'line': b'-- Up-to-date: /home/nicolas/ws_ros2/install/px4_msgs/share/px4_msgs/msg/DebugKeyValue.msg\n'}
[1.065422] (px4_msgs) StdoutLine: {'line': b'-- Up-to-date: /home/nicolas/ws_ros2/install/px4_msgs/share/px4_msgs/msg/DebugValue.msg\n'}
[1.065466] (px4_msgs) StdoutLine: {'line': b'-- Up-to-date: /home/nicolas/ws_ros2/install/px4_msgs/share/px4_msgs/msg/DebugVect.msg\n'}
[1.065504] (px4_msgs) StdoutLine: {'line': b'-- Up-to-date: /home/nicolas/ws_ros2/install/px4_msgs/share/px4_msgs/msg/DifferentialPressure.msg\n'}
[1.065540] (px4_msgs) StdoutLine: {'line': b'-- Up-to-date: /home/nicolas/ws_ros2/install/px4_msgs/share/px4_msgs/msg/DistanceSensor.msg\n'}
[1.065575] (px4_msgs) StdoutLine: {'line': b'-- Up-to-date: /home/nicolas/ws_ros2/install/px4_msgs/share/px4_msgs/msg/DistanceSensorModeChangeRequest.msg\n'}
[1.065610] (px4_msgs) StdoutLine: {'line': b'-- Up-to-date: /home/nicolas/ws_ros2/install/px4_msgs/share/px4_msgs/msg/DronecanNodeStatus.msg\n'}
[1.065646] (px4_msgs) StdoutLine: {'line': b'-- Up-to-date: /home/nicolas/ws_ros2/install/px4_msgs/share/px4_msgs/msg/Ekf2Timestamps.msg\n'}
[1.065709] (px4_msgs) StdoutLine: {'line': b'-- Up-to-date: /home/nicolas/ws_ros2/install/px4_msgs/share/px4_msgs/msg/EscReport.msg\n'}
[1.065745] (px4_msgs) StdoutLine: {'line': b'-- Up-to-date: /home/nicolas/ws_ros2/install/px4_msgs/share/px4_msgs/msg/EscStatus.msg\n'}
[1.065781] (px4_msgs) StdoutLine: {'line': b'-- Up-to-date: /home/nicolas/ws_ros2/install/px4_msgs/share/px4_msgs/msg/EstimatorAidSource1d.msg\n'}
[1.065817] (px4_msgs) StdoutLine: {'line': b'-- Up-to-date: /home/nicolas/ws_ros2/install/px4_msgs/share/px4_msgs/msg/EstimatorAidSource2d.msg\n'}
[1.065853] (px4_msgs) StdoutLine: {'line': b'-- Up-to-date: /home/nicolas/ws_ros2/install/px4_msgs/share/px4_msgs/msg/EstimatorAidSource3d.msg\n'}
[1.065889] (px4_msgs) StdoutLine: {'line': b'-- Up-to-date: /home/nicolas/ws_ros2/install/px4_msgs/share/px4_msgs/msg/EstimatorBias.msg\n'}
[1.065924] (px4_msgs) StdoutLine: {'line': b'-- Up-to-date: /home/nicolas/ws_ros2/install/px4_msgs/share/px4_msgs/msg/EstimatorBias3d.msg\n'}
[1.065977] (px4_msgs) StdoutLine: {'line': b'-- Up-to-date: /home/nicolas/ws_ros2/install/px4_msgs/share/px4_msgs/msg/EstimatorEventFlags.msg\n'}
[1.066010] (px4_msgs) StdoutLine: {'line': b'-- Up-to-date: /home/nicolas/ws_ros2/install/px4_msgs/share/px4_msgs/msg/EstimatorGpsStatus.msg\n'}
[1.066042] (px4_msgs) StdoutLine: {'line': b'-- Up-to-date: /home/nicolas/ws_ros2/install/px4_msgs/share/px4_msgs/msg/EstimatorInnovations.msg\n'}
[1.066074] (px4_msgs) StdoutLine: {'line': b'-- Up-to-date: /home/nicolas/ws_ros2/install/px4_msgs/share/px4_msgs/msg/EstimatorSelectorStatus.msg\n'}
[1.066105] (px4_msgs) StdoutLine: {'line': b'-- Up-to-date: /home/nicolas/ws_ros2/install/px4_msgs/share/px4_msgs/msg/EstimatorSensorBias.msg\n'}
[1.066154] (px4_msgs) StdoutLine: {'line': b'-- Up-to-date: /home/nicolas/ws_ros2/install/px4_msgs/share/px4_msgs/msg/EstimatorStates.msg\n'}
[1.066186] (px4_msgs) StdoutLine: {'line': b'-- Up-to-date: /home/nicolas/ws_ros2/install/px4_msgs/share/px4_msgs/msg/EstimatorStatus.msg\n'}
[1.066219] (px4_msgs) StdoutLine: {'line': b'-- Up-to-date: /home/nicolas/ws_ros2/install/px4_msgs/share/px4_msgs/msg/EstimatorStatusFlags.msg\n'}
[1.066250] (px4_msgs) StdoutLine: {'line': b'-- Up-to-date: /home/nicolas/ws_ros2/install/px4_msgs/share/px4_msgs/msg/Event.msg\n'}
[1.066286] (px4_msgs) StdoutLine: {'line': b'-- Up-to-date: /home/nicolas/ws_ros2/install/px4_msgs/share/px4_msgs/msg/FailsafeFlags.msg\n'}
[1.066322] (px4_msgs) StdoutLine: {'line': b'-- Up-to-date: /home/nicolas/ws_ros2/install/px4_msgs/share/px4_msgs/msg/FailureDetectorStatus.msg\n'}
[1.066357] (px4_msgs) StdoutLine: {'line': b'-- Up-to-date: /home/nicolas/ws_ros2/install/px4_msgs/share/px4_msgs/msg/FigureEightStatus.msg\n'}
[1.066400] (px4_msgs) StdoutLine: {'line': b'-- Up-to-date: /home/nicolas/ws_ros2/install/px4_msgs/share/px4_msgs/msg/FixedWingLateralGuidanceStatus.msg\n'}
[1.066445] (px4_msgs) StdoutLine: {'line': b'-- Up-to-date: /home/nicolas/ws_ros2/install/px4_msgs/share/px4_msgs/msg/FixedWingLateralSetpoint.msg\n'}
[1.066487] (px4_msgs) StdoutLine: {'line': b'-- Up-to-date: /home/nicolas/ws_ros2/install/px4_msgs/share/px4_msgs/msg/FixedWingLateralStatus.msg\n'}
[1.066563] (px4_msgs) StdoutLine: {'line': b'-- Up-to-date: /home/nicolas/ws_ros2/install/px4_msgs/share/px4_msgs/msg/FixedWingLongitudinalSetpoint.msg\n'}
[1.066717] (px4_msgs) StdoutLine: {'line': b'-- Up-to-date: /home/nicolas/ws_ros2/install/px4_msgs/share/px4_msgs/msg/FixedWingRunwayControl.msg\n'}
[1.067037] (px4_msgs) StdoutLine: {'line': b'-- Up-to-date: /home/nicolas/ws_ros2/install/px4_msgs/share/px4_msgs/msg/FlightPhaseEstimation.msg\n'}
[1.067487] (px4_msgs) StdoutLine: {'line': b'-- Up-to-date: /home/nicolas/ws_ros2/install/px4_msgs/share/px4_msgs/msg/FollowTarget.msg\n'}
[1.067751] (px4_msgs) StdoutLine: {'line': b'-- Up-to-date: /home/nicolas/ws_ros2/install/px4_msgs/share/px4_msgs/msg/FollowTargetEstimator.msg\n'}
[1.068011] (px4_msgs) StdoutLine: {'line': b'-- Up-to-date: /home/nicolas/ws_ros2/install/px4_msgs/share/px4_msgs/msg/FollowTargetStatus.msg\n'}
[1.068308] (px4_msgs) StdoutLine: {'line': b'-- Up-to-date: /home/nicolas/ws_ros2/install/px4_msgs/share/px4_msgs/msg/FuelTankStatus.msg\n'}
[1.068791] (px4_msgs) StdoutLine: {'line': b'-- Up-to-date: /home/nicolas/ws_ros2/install/px4_msgs/share/px4_msgs/msg/GeneratorStatus.msg\n'}
[1.069102] (px4_msgs) StdoutLine: {'line': b'-- Up-to-date: /home/nicolas/ws_ros2/install/px4_msgs/share/px4_msgs/msg/GeofenceResult.msg\n'}
[1.069442] (px4_msgs) StdoutLine: {'line': b'-- Up-to-date: /home/nicolas/ws_ros2/install/px4_msgs/share/px4_msgs/msg/GeofenceStatus.msg\n'}
[1.069819] (px4_msgs) StdoutLine: {'line': b'-- Up-to-date: /home/nicolas/ws_ros2/install/px4_msgs/share/px4_msgs/msg/GimbalControls.msg\n'}
[1.070225] (px4_msgs) StdoutLine: {'line': b'-- Up-to-date: /home/nicolas/ws_ros2/install/px4_msgs/share/px4_msgs/msg/GimbalDeviceAttitudeStatus.msg\n'}
[1.070434] (px4_msgs) StdoutLine: {'line': b'-- Up-to-date: /home/nicolas/ws_ros2/install/px4_msgs/share/px4_msgs/msg/GimbalDeviceInformation.msg\n'}
[1.070692] (px4_msgs) StdoutLine: {'line': b'-- Up-to-date: /home/nicolas/ws_ros2/install/px4_msgs/share/px4_msgs/msg/GimbalDeviceSetAttitude.msg\n'}
[1.070987] (px4_msgs) StdoutLine: {'line': b'-- Up-to-date: /home/nicolas/ws_ros2/install/px4_msgs/share/px4_msgs/msg/GimbalManagerInformation.msg\n'}
[1.071462] (px4_msgs) StdoutLine: {'line': b'-- Up-to-date: /home/nicolas/ws_ros2/install/px4_msgs/share/px4_msgs/msg/GimbalManagerSetAttitude.msg\n'}
[1.071640] (px4_msgs) StdoutLine: {'line': b'-- Up-to-date: /home/nicolas/ws_ros2/install/px4_msgs/share/px4_msgs/msg/GimbalManagerSetManualControl.msg\n'}
[1.071893] (px4_msgs) StdoutLine: {'line': b'-- Up-to-date: /home/nicolas/ws_ros2/install/px4_msgs/share/px4_msgs/msg/GimbalManagerStatus.msg\n'}
[1.072168] (px4_msgs) StdoutLine: {'line': b'-- Up-to-date: /home/nicolas/ws_ros2/install/px4_msgs/share/px4_msgs/msg/GotoSetpoint.msg\n'}
[1.072650] (px4_msgs) StdoutLine: {'line': b'-- Up-to-date: /home/nicolas/ws_ros2/install/px4_msgs/share/px4_msgs/msg/GpioConfig.msg\n'}
[1.073021] (px4_msgs) StdoutLine: {'line': b'-- Up-to-date: /home/nicolas/ws_ros2/install/px4_msgs/share/px4_msgs/msg/GpioIn.msg\n'}
[1.073147] (px4_msgs) StdoutLine: {'line': b'-- Up-to-date: /home/nicolas/ws_ros2/install/px4_msgs/share/px4_msgs/msg/GpioOut.msg\n'}
[1.073569] (px4_msgs) StdoutLine: {'line': b'-- Up-to-date: /home/nicolas/ws_ros2/install/px4_msgs/share/px4_msgs/msg/GpioRequest.msg\n'}
[1.073937] (px4_msgs) StdoutLine: {'line': b'-- Up-to-date: /home/nicolas/ws_ros2/install/px4_msgs/share/px4_msgs/msg/GpsDump.msg\n'}
[1.074151] (px4_msgs) StdoutLine: {'line': b'-- Up-to-date: /home/nicolas/ws_ros2/install/px4_msgs/share/px4_msgs/msg/GpsInjectData.msg\n'}
[1.074398] (px4_msgs) StdoutLine: {'line': b'-- Up-to-date: /home/nicolas/ws_ros2/install/px4_msgs/share/px4_msgs/msg/Gripper.msg\n'}
[1.074717] (px4_msgs) StdoutLine: {'line': b'-- Up-to-date: /home/nicolas/ws_ros2/install/px4_msgs/share/px4_msgs/msg/HealthReport.msg\n'}
[1.075184] (px4_msgs) StdoutLine: {'line': b'-- Up-to-date: /home/nicolas/ws_ros2/install/px4_msgs/share/px4_msgs/msg/HeaterStatus.msg\n'}
[1.075368] (px4_msgs) StdoutLine: {'line': b'-- Up-to-date: /home/nicolas/ws_ros2/install/px4_msgs/share/px4_msgs/msg/HomePosition.msg\n'}
[1.075618] (px4_msgs) StdoutLine: {'line': b'-- Up-to-date: /home/nicolas/ws_ros2/install/px4_msgs/share/px4_msgs/msg/HoverThrustEstimate.msg\n'}
[1.075904] (px4_msgs) StdoutLine: {'line': b'-- Up-to-date: /home/nicolas/ws_ros2/install/px4_msgs/share/px4_msgs/msg/InputRc.msg\n'}
[1.076364] (px4_msgs) StdoutLine: {'line': b'-- Up-to-date: /home/nicolas/ws_ros2/install/px4_msgs/share/px4_msgs/msg/InternalCombustionEngineControl.msg\n'}
[1.076550] (px4_msgs) StdoutLine: {'line': b'-- Up-to-date: /home/nicolas/ws_ros2/install/px4_msgs/share/px4_msgs/msg/InternalCombustionEngineStatus.msg\n'}
[1.076791] (px4_msgs) StdoutLine: {'line': b'-- Up-to-date: /home/nicolas/ws_ros2/install/px4_msgs/share/px4_msgs/msg/IridiumsbdStatus.msg\n'}
[1.077071] (px4_msgs) StdoutLine: {'line': b'-- Up-to-date: /home/nicolas/ws_ros2/install/px4_msgs/share/px4_msgs/msg/IrlockReport.msg\n'}
[1.077495] (px4_msgs) StdoutLine: {'line': b'-- Up-to-date: /home/nicolas/ws_ros2/install/px4_msgs/share/px4_msgs/msg/LandingGear.msg\n'}
[1.077722] (px4_msgs) StdoutLine: {'line': b'-- Up-to-date: /home/nicolas/ws_ros2/install/px4_msgs/share/px4_msgs/msg/LandingGearWheel.msg\n'}
[1.077964] (px4_msgs) StdoutLine: {'line': b'-- Up-to-date: /home/nicolas/ws_ros2/install/px4_msgs/share/px4_msgs/msg/LandingTargetInnovations.msg\n'}
[1.078246] (px4_msgs) StdoutLine: {'line': b'-- Up-to-date: /home/nicolas/ws_ros2/install/px4_msgs/share/px4_msgs/msg/LandingTargetPose.msg\n'}
[1.078678] (px4_msgs) StdoutLine: {'line': b'-- Up-to-date: /home/nicolas/ws_ros2/install/px4_msgs/share/px4_msgs/msg/LateralControlConfiguration.msg\n'}
[1.078949] (px4_msgs) StdoutLine: {'line': b'-- Up-to-date: /home/nicolas/ws_ros2/install/px4_msgs/share/px4_msgs/msg/LaunchDetectionStatus.msg\n'}
[1.079223] (px4_msgs) StdoutLine: {'line': b'-- Up-to-date: /home/nicolas/ws_ros2/install/px4_msgs/share/px4_msgs/msg/LedControl.msg\n'}
[1.079515] (px4_msgs) StdoutLine: {'line': b'-- Up-to-date: /home/nicolas/ws_ros2/install/px4_msgs/share/px4_msgs/msg/LogMessage.msg\n'}
[1.080126] (px4_msgs) StdoutLine: {'line': b'-- Up-to-date: /home/nicolas/ws_ros2/install/px4_msgs/share/px4_msgs/msg/LoggerStatus.msg\n'}
[1.080361] (px4_msgs) StdoutLine: {'line': b'-- Up-to-date: /home/nicolas/ws_ros2/install/px4_msgs/share/px4_msgs/msg/LongitudinalControlConfiguration.msg\n'}
[1.080622] (px4_msgs) StdoutLine: {'line': b'-- Up-to-date: /home/nicolas/ws_ros2/install/px4_msgs/share/px4_msgs/msg/MagWorkerData.msg\n'}
[1.080939] (px4_msgs) StdoutLine: {'line': b'-- Up-to-date: /home/nicolas/ws_ros2/install/px4_msgs/share/px4_msgs/msg/MagnetometerBiasEstimate.msg\n'}
[1.081371] (px4_msgs) StdoutLine: {'line': b'-- Up-to-date: /home/nicolas/ws_ros2/install/px4_msgs/share/px4_msgs/msg/ManualControlSetpoint.msg\n'}
[1.081758] (px4_msgs) StdoutLine: {'line': b'-- Up-to-date: /home/nicolas/ws_ros2/install/px4_msgs/share/px4_msgs/msg/ManualControlSwitches.msg\n'}
[1.081851] (px4_msgs) StdoutLine: {'line': b'-- Up-to-date: /home/nicolas/ws_ros2/install/px4_msgs/share/px4_msgs/msg/MavlinkLog.msg\n'}
[1.082288] (px4_msgs) StdoutLine: {'line': b'-- Up-to-date: /home/nicolas/ws_ros2/install/px4_msgs/share/px4_msgs/msg/MavlinkTunnel.msg\n'}
[1.082689] (px4_msgs) StdoutLine: {'line': b'-- Up-to-date: /home/nicolas/ws_ros2/install/px4_msgs/share/px4_msgs/msg/MessageFormatRequest.msg\n'}
[1.082908] (px4_msgs) StdoutLine: {'line': b'-- Up-to-date: /home/nicolas/ws_ros2/install/px4_msgs/share/px4_msgs/msg/MessageFormatResponse.msg\n'}
[1.083144] (px4_msgs) StdoutLine: {'line': b'-- Up-to-date: /home/nicolas/ws_ros2/install/px4_msgs/share/px4_msgs/msg/Mission.msg\n'}
[1.083417] (px4_msgs) StdoutLine: {'line': b'-- Up-to-date: /home/nicolas/ws_ros2/install/px4_msgs/share/px4_msgs/msg/MissionResult.msg\n'}
[1.083855] (px4_msgs) StdoutLine: {'line': b'-- Up-to-date: /home/nicolas/ws_ros2/install/px4_msgs/share/px4_msgs/msg/ModeCompleted.msg\n'}
[1.084048] (px4_msgs) StdoutLine: {'line': b'-- Up-to-date: /home/nicolas/ws_ros2/install/px4_msgs/share/px4_msgs/msg/MountOrientation.msg\n'}
[1.084283] (px4_msgs) StdoutLine: {'line': b'-- Up-to-date: /home/nicolas/ws_ros2/install/px4_msgs/share/px4_msgs/msg/NavigatorMissionItem.msg\n'}
[1.084552] (px4_msgs) StdoutLine: {'line': b'-- Up-to-date: /home/nicolas/ws_ros2/install/px4_msgs/share/px4_msgs/msg/NavigatorStatus.msg\n'}
[1.084976] (px4_msgs) StdoutLine: {'line': b'-- Up-to-date: /home/nicolas/ws_ros2/install/px4_msgs/share/px4_msgs/msg/NeuralControl.msg\n'}
[1.085178] (px4_msgs) StdoutLine: {'line': b'-- Up-to-date: /home/nicolas/ws_ros2/install/px4_msgs/share/px4_msgs/msg/NormalizedUnsignedSetpoint.msg\n'}
[1.085414] (px4_msgs) StdoutLine: {'line': b'-- Up-to-date: /home/nicolas/ws_ros2/install/px4_msgs/share/px4_msgs/msg/ObstacleDistance.msg\n'}
[1.085695] (px4_msgs) StdoutLine: {'line': b'-- Up-to-date: /home/nicolas/ws_ros2/install/px4_msgs/share/px4_msgs/msg/OffboardControlMode.msg\n'}
[1.086225] (px4_msgs) StdoutLine: {'line': b'-- Up-to-date: /home/nicolas/ws_ros2/install/px4_msgs/share/px4_msgs/msg/OnboardComputerStatus.msg\n'}
[1.086659] (px4_msgs) StdoutLine: {'line': b'-- Up-to-date: /home/nicolas/ws_ros2/install/px4_msgs/share/px4_msgs/msg/OpenDroneIdArmStatus.msg\n'}
[1.087052] (px4_msgs) StdoutLine: {'line': b'-- Up-to-date: /home/nicolas/ws_ros2/install/px4_msgs/share/px4_msgs/msg/OpenDroneIdOperatorId.msg\n'}
[1.087588] (px4_msgs) StdoutLine: {'line': b'-- Up-to-date: /home/nicolas/ws_ros2/install/px4_msgs/share/px4_msgs/msg/OpenDroneIdSelfId.msg\n'}
[1.088045] (px4_msgs) StdoutLine: {'line': b'-- Up-to-date: /home/nicolas/ws_ros2/install/px4_msgs/share/px4_msgs/msg/OpenDroneIdSystem.msg\n'}
[1.088268] (px4_msgs) StdoutLine: {'line': b'-- Up-to-date: /home/nicolas/ws_ros2/install/px4_msgs/share/px4_msgs/msg/OrbTest.msg\n'}
[1.088548] (px4_msgs) StdoutLine: {'line': b'-- Up-to-date: /home/nicolas/ws_ros2/install/px4_msgs/share/px4_msgs/msg/OrbTestLarge.msg\n'}
[1.088893] (px4_msgs) StdoutLine: {'line': b'-- Up-to-date: /home/nicolas/ws_ros2/install/px4_msgs/share/px4_msgs/msg/OrbTestMedium.msg\n'}
[1.089308] (px4_msgs) StdoutLine: {'line': b'-- Up-to-date: /home/nicolas/ws_ros2/install/px4_msgs/share/px4_msgs/msg/OrbitStatus.msg\n'}
[1.089705] (px4_msgs) StdoutLine: {'line': b'-- Up-to-date: /home/nicolas/ws_ros2/install/px4_msgs/share/px4_msgs/msg/ParameterResetRequest.msg\n'}
[1.089769] (px4_msgs) StdoutLine: {'line': b'-- Up-to-date: /home/nicolas/ws_ros2/install/px4_msgs/share/px4_msgs/msg/ParameterSetUsedRequest.msg\n'}
[1.090244] (px4_msgs) StdoutLine: {'line': b'-- Up-to-date: /home/nicolas/ws_ros2/install/px4_msgs/share/px4_msgs/msg/ParameterSetValueRequest.msg\n'}
[1.090627] (px4_msgs) StdoutLine: {'line': b'-- Up-to-date: /home/nicolas/ws_ros2/install/px4_msgs/share/px4_msgs/msg/ParameterSetValueResponse.msg\n'}
[1.090887] (px4_msgs) StdoutLine: {'line': b'-- Up-to-date: /home/nicolas/ws_ros2/install/px4_msgs/share/px4_msgs/msg/ParameterUpdate.msg\n'}
[1.091132] (px4_msgs) StdoutLine: {'line': b'-- Up-to-date: /home/nicolas/ws_ros2/install/px4_msgs/share/px4_msgs/msg/Ping.msg\n'}
[1.091386] (px4_msgs) StdoutLine: {'line': b'-- Up-to-date: /home/nicolas/ws_ros2/install/px4_msgs/share/px4_msgs/msg/PositionControllerLandingStatus.msg\n'}
[1.091834] (px4_msgs) StdoutLine: {'line': b'-- Up-to-date: /home/nicolas/ws_ros2/install/px4_msgs/share/px4_msgs/msg/PositionControllerStatus.msg\n'}
[1.092098] (px4_msgs) StdoutLine: {'line': b'-- Up-to-date: /home/nicolas/ws_ros2/install/px4_msgs/share/px4_msgs/msg/PositionSetpoint.msg\n'}
[1.092294] (px4_msgs) StdoutLine: {'line': b'-- Up-to-date: /home/nicolas/ws_ros2/install/px4_msgs/share/px4_msgs/msg/PositionSetpointTriplet.msg\n'}
[1.092565] (px4_msgs) StdoutLine: {'line': b'-- Up-to-date: /home/nicolas/ws_ros2/install/px4_msgs/share/px4_msgs/msg/PowerButtonState.msg\n'}
[1.092998] (px4_msgs) StdoutLine: {'line': b'-- Up-to-date: /home/nicolas/ws_ros2/install/px4_msgs/share/px4_msgs/msg/PowerMonitor.msg\n'}
[1.093213] (px4_msgs) StdoutLine: {'line': b'-- Up-to-date: /home/nicolas/ws_ros2/install/px4_msgs/share/px4_msgs/msg/PpsCapture.msg\n'}
[1.093462] (px4_msgs) StdoutLine: {'line': b'-- Up-to-date: /home/nicolas/ws_ros2/install/px4_msgs/share/px4_msgs/msg/PurePursuitStatus.msg\n'}
[1.093736] (px4_msgs) StdoutLine: {'line': b'-- Up-to-date: /home/nicolas/ws_ros2/install/px4_msgs/share/px4_msgs/msg/PwmInput.msg\n'}
[1.094165] (px4_msgs) StdoutLine: {'line': b'-- Up-to-date: /home/nicolas/ws_ros2/install/px4_msgs/share/px4_msgs/msg/Px4ioStatus.msg\n'}
[1.094364] (px4_msgs) StdoutLine: {'line': b'-- Up-to-date: /home/nicolas/ws_ros2/install/px4_msgs/share/px4_msgs/msg/QshellReq.msg\n'}
[1.094634] (px4_msgs) StdoutLine: {'line': b'-- Up-to-date: /home/nicolas/ws_ros2/install/px4_msgs/share/px4_msgs/msg/QshellRetval.msg\n'}
[1.094956] (px4_msgs) StdoutLine: {'line': b'-- Up-to-date: /home/nicolas/ws_ros2/install/px4_msgs/share/px4_msgs/msg/RadioStatus.msg\n'}
[1.095437] (px4_msgs) StdoutLine: {'line': b'-- Up-to-date: /home/nicolas/ws_ros2/install/px4_msgs/share/px4_msgs/msg/RateCtrlStatus.msg\n'}
[1.095677] (px4_msgs) StdoutLine: {'line': b'-- Up-to-date: /home/nicolas/ws_ros2/install/px4_msgs/share/px4_msgs/msg/RcChannels.msg\n'}
[1.095928] (px4_msgs) StdoutLine: {'line': b'-- Up-to-date: /home/nicolas/ws_ros2/install/px4_msgs/share/px4_msgs/msg/RcParameterMap.msg\n'}
[1.096208] (px4_msgs) StdoutLine: {'line': b'-- Up-to-date: /home/nicolas/ws_ros2/install/px4_msgs/share/px4_msgs/msg/RegisterExtComponentReply.msg\n'}
[1.096614] (px4_msgs) StdoutLine: {'line': b'-- Up-to-date: /home/nicolas/ws_ros2/install/px4_msgs/share/px4_msgs/msg/RegisterExtComponentRequest.msg\n'}
[1.096883] (px4_msgs) StdoutLine: {'line': b'-- Up-to-date: /home/nicolas/ws_ros2/install/px4_msgs/share/px4_msgs/msg/RoverAttitudeSetpoint.msg\n'}
[1.097144] (px4_msgs) StdoutLine: {'line': b'-- Up-to-date: /home/nicolas/ws_ros2/install/px4_msgs/share/px4_msgs/msg/RoverAttitudeStatus.msg\n'}
[1.097480] (px4_msgs) StdoutLine: {'line': b'-- Up-to-date: /home/nicolas/ws_ros2/install/px4_msgs/share/px4_msgs/msg/RoverPositionSetpoint.msg\n'}
[1.097955] (px4_msgs) StdoutLine: {'line': b'-- Up-to-date: /home/nicolas/ws_ros2/install/px4_msgs/share/px4_msgs/msg/RoverRateSetpoint.msg\n'}
[1.098433] (px4_msgs) StdoutLine: {'line': b'-- Up-to-date: /home/nicolas/ws_ros2/install/px4_msgs/share/px4_msgs/msg/RoverRateStatus.msg\n'}
[1.098491] (px4_msgs) StdoutLine: {'line': b'-- Up-to-date: /home/nicolas/ws_ros2/install/px4_msgs/share/px4_msgs/msg/RoverSpeedSetpoint.msg\n'}
[1.098932] (px4_msgs) StdoutLine: {'line': b'-- Up-to-date: /home/nicolas/ws_ros2/install/px4_msgs/share/px4_msgs/msg/RoverSpeedStatus.msg\n'}
[1.099416] (px4_msgs) StdoutLine: {'line': b'-- Up-to-date: /home/nicolas/ws_ros2/install/px4_msgs/share/px4_msgs/msg/RoverSteeringSetpoint.msg\n'}
[1.099612] (px4_msgs) StdoutLine: {'line': b'-- Up-to-date: /home/nicolas/ws_ros2/install/px4_msgs/share/px4_msgs/msg/RoverThrottleSetpoint.msg\n'}
[1.099864] (px4_msgs) StdoutLine: {'line': b'-- Up-to-date: /home/nicolas/ws_ros2/install/px4_msgs/share/px4_msgs/msg/Rpm.msg\n'}
[1.100178] (px4_msgs) StdoutLine: {'line': b'-- Up-to-date: /home/nicolas/ws_ros2/install/px4_msgs/share/px4_msgs/msg/RtlStatus.msg\n'}
[1.100650] (px4_msgs) StdoutLine: {'line': b'-- Up-to-date: /home/nicolas/ws_ros2/install/px4_msgs/share/px4_msgs/msg/RtlTimeEstimate.msg\n'}
[1.100850] (px4_msgs) StdoutLine: {'line': b'-- Up-to-date: /home/nicolas/ws_ros2/install/px4_msgs/share/px4_msgs/msg/SatelliteInfo.msg\n'}
[1.101111] (px4_msgs) StdoutLine: {'line': b'-- Up-to-date: /home/nicolas/ws_ros2/install/px4_msgs/share/px4_msgs/msg/SensorAccel.msg\n'}
[1.101462] (px4_msgs) StdoutLine: {'line': b'-- Up-to-date: /home/nicolas/ws_ros2/install/px4_msgs/share/px4_msgs/msg/SensorAccelFifo.msg\n'}
[1.101909] (px4_msgs) StdoutLine: {'line': b'-- Up-to-date: /home/nicolas/ws_ros2/install/px4_msgs/share/px4_msgs/msg/SensorAirflow.msg\n'}
[1.102109] (px4_msgs) StdoutLine: {'line': b'-- Up-to-date: /home/nicolas/ws_ros2/install/px4_msgs/share/px4_msgs/msg/SensorBaro.msg\n'}
[1.102374] (px4_msgs) StdoutLine: {'line': b'-- Up-to-date: /home/nicolas/ws_ros2/install/px4_msgs/share/px4_msgs/msg/SensorCombined.msg\n'}
[1.102691] (px4_msgs) StdoutLine: {'line': b'-- Up-to-date: /home/nicolas/ws_ros2/install/px4_msgs/share/px4_msgs/msg/SensorCorrection.msg\n'}
[1.103167] (px4_msgs) StdoutLine: {'line': b'-- Up-to-date: /home/nicolas/ws_ros2/install/px4_msgs/share/px4_msgs/msg/SensorGnssRelative.msg\n'}
[1.103393] (px4_msgs) StdoutLine: {'line': b'-- Up-to-date: /home/nicolas/ws_ros2/install/px4_msgs/share/px4_msgs/msg/SensorGnssStatus.msg\n'}
[1.103669] (px4_msgs) StdoutLine: {'line': b'-- Up-to-date: /home/nicolas/ws_ros2/install/px4_msgs/share/px4_msgs/msg/SensorGps.msg\n'}
[1.103711] (-) TimerEvent: {}
[1.103982] (px4_msgs) StdoutLine: {'line': b'-- Up-to-date: /home/nicolas/ws_ros2/install/px4_msgs/share/px4_msgs/msg/SensorGyro.msg\n'}
[1.104501] (px4_msgs) StdoutLine: {'line': b'-- Up-to-date: /home/nicolas/ws_ros2/install/px4_msgs/share/px4_msgs/msg/SensorGyroFft.msg\n'}
[1.104678] (px4_msgs) StdoutLine: {'line': b'-- Up-to-date: /home/nicolas/ws_ros2/install/px4_msgs/share/px4_msgs/msg/SensorGyroFifo.msg\n'}
[1.104942] (px4_msgs) StdoutLine: {'line': b'-- Up-to-date: /home/nicolas/ws_ros2/install/px4_msgs/share/px4_msgs/msg/SensorHygrometer.msg\n'}
[1.105291] (px4_msgs) StdoutLine: {'line': b'-- Up-to-date: /home/nicolas/ws_ros2/install/px4_msgs/share/px4_msgs/msg/SensorMag.msg\n'}
[1.105701] (px4_msgs) StdoutLine: {'line': b'-- Up-to-date: /home/nicolas/ws_ros2/install/px4_msgs/share/px4_msgs/msg/SensorOpticalFlow.msg\n'}
[1.106179] (px4_msgs) StdoutLine: {'line': b'-- Up-to-date: /home/nicolas/ws_ros2/install/px4_msgs/share/px4_msgs/msg/SensorPreflightMag.msg\n'}
[1.106238] (px4_msgs) StdoutLine: {'line': b'-- Up-to-date: /home/nicolas/ws_ros2/install/px4_msgs/share/px4_msgs/msg/SensorSelection.msg\n'}
[1.106755] (px4_msgs) StdoutLine: {'line': b'-- Up-to-date: /home/nicolas/ws_ros2/install/px4_msgs/share/px4_msgs/msg/SensorUwb.msg\n'}
[1.107194] (px4_msgs) StdoutLine: {'line': b'-- Up-to-date: /home/nicolas/ws_ros2/install/px4_msgs/share/px4_msgs/msg/SensorsStatus.msg\n'}
[1.107422] (px4_msgs) StdoutLine: {'line': b'-- Up-to-date: /home/nicolas/ws_ros2/install/px4_msgs/share/px4_msgs/msg/SensorsStatusImu.msg\n'}
[1.107705] (px4_msgs) StdoutLine: {'line': b'-- Up-to-date: /home/nicolas/ws_ros2/install/px4_msgs/share/px4_msgs/msg/SystemPower.msg\n'}
[1.108046] (px4_msgs) StdoutLine: {'line': b'-- Up-to-date: /home/nicolas/ws_ros2/install/px4_msgs/share/px4_msgs/msg/TakeoffStatus.msg\n'}
[1.108455] (px4_msgs) StdoutLine: {'line': b'-- Up-to-date: /home/nicolas/ws_ros2/install/px4_msgs/share/px4_msgs/msg/TaskStackInfo.msg\n'}
[1.108726] (px4_msgs) StdoutLine: {'line': b'-- Up-to-date: /home/nicolas/ws_ros2/install/px4_msgs/share/px4_msgs/msg/TecsStatus.msg\n'}
[1.109030] (px4_msgs) StdoutLine: {'line': b'-- Up-to-date: /home/nicolas/ws_ros2/install/px4_msgs/share/px4_msgs/msg/TelemetryStatus.msg\n'}
[1.109295] (px4_msgs) StdoutLine: {'line': b'-- Up-to-date: /home/nicolas/ws_ros2/install/px4_msgs/share/px4_msgs/msg/TiltrotorExtraControls.msg\n'}
[1.109729] (px4_msgs) StdoutLine: {'line': b'-- Up-to-date: /home/nicolas/ws_ros2/install/px4_msgs/share/px4_msgs/msg/TimesyncStatus.msg\n'}
[1.109996] (px4_msgs) StdoutLine: {'line': b'-- Up-to-date: /home/nicolas/ws_ros2/install/px4_msgs/share/px4_msgs/msg/TrajectorySetpoint.msg\n'}
[1.110291] (px4_msgs) StdoutLine: {'line': b'-- Up-to-date: /home/nicolas/ws_ros2/install/px4_msgs/share/px4_msgs/msg/TrajectorySetpoint6dof.msg\n'}
[1.110587] (px4_msgs) StdoutLine: {'line': b'-- Up-to-date: /home/nicolas/ws_ros2/install/px4_msgs/share/px4_msgs/msg/TransponderReport.msg\n'}
[1.111033] (px4_msgs) StdoutLine: {'line': b'-- Up-to-date: /home/nicolas/ws_ros2/install/px4_msgs/share/px4_msgs/msg/TuneControl.msg\n'}
[1.111303] (px4_msgs) StdoutLine: {'line': b'-- Up-to-date: /home/nicolas/ws_ros2/install/px4_msgs/share/px4_msgs/msg/UavcanParameterRequest.msg\n'}
[1.111585] (px4_msgs) StdoutLine: {'line': b'-- Up-to-date: /home/nicolas/ws_ros2/install/px4_msgs/share/px4_msgs/msg/UavcanParameterValue.msg\n'}
[1.111889] (px4_msgs) StdoutLine: {'line': b'-- Up-to-date: /home/nicolas/ws_ros2/install/px4_msgs/share/px4_msgs/msg/UlogStream.msg\n'}
[1.112362] (px4_msgs) StdoutLine: {'line': b'-- Up-to-date: /home/nicolas/ws_ros2/install/px4_msgs/share/px4_msgs/msg/UlogStreamAck.msg\n'}
[1.112593] (px4_msgs) StdoutLine: {'line': b'-- Up-to-date: /home/nicolas/ws_ros2/install/px4_msgs/share/px4_msgs/msg/UnregisterExtComponent.msg\n'}
[1.112857] (px4_msgs) StdoutLine: {'line': b'-- Up-to-date: /home/nicolas/ws_ros2/install/px4_msgs/share/px4_msgs/msg/VehicleAcceleration.msg\n'}
[1.113191] (px4_msgs) StdoutLine: {'line': b'-- Up-to-date: /home/nicolas/ws_ros2/install/px4_msgs/share/px4_msgs/msg/VehicleAirData.msg\n'}
[1.113604] (px4_msgs) StdoutLine: {'line': b'-- Up-to-date: /home/nicolas/ws_ros2/install/px4_msgs/share/px4_msgs/msg/VehicleAngularAccelerationSetpoint.msg\n'}
[1.113871] (px4_msgs) StdoutLine: {'line': b'-- Up-to-date: /home/nicolas/ws_ros2/install/px4_msgs/share/px4_msgs/msg/VehicleAngularVelocity.msg\n'}
[1.114151] (px4_msgs) StdoutLine: {'line': b'-- Up-to-date: /home/nicolas/ws_ros2/install/px4_msgs/share/px4_msgs/msg/VehicleAttitude.msg\n'}
[1.114505] (px4_msgs) StdoutLine: {'line': b'-- Up-to-date: /home/nicolas/ws_ros2/install/px4_msgs/share/px4_msgs/msg/VehicleAttitudeSetpoint.msg\n'}
[1.114944] (px4_msgs) StdoutLine: {'line': b'-- Up-to-date: /home/nicolas/ws_ros2/install/px4_msgs/share/px4_msgs/msg/VehicleCommand.msg\n'}
[1.115420] (px4_msgs) StdoutLine: {'line': b'-- Up-to-date: /home/nicolas/ws_ros2/install/px4_msgs/share/px4_msgs/msg/VehicleCommandAck.msg\n'}
[1.115664] (px4_msgs) StdoutLine: {'line': b'-- Up-to-date: /home/nicolas/ws_ros2/install/px4_msgs/share/px4_msgs/msg/VehicleConstraints.msg\n'}
[1.116267] (px4_msgs) StdoutLine: {'line': b'-- Up-to-date: /home/nicolas/ws_ros2/install/px4_msgs/share/px4_msgs/msg/VehicleControlMode.msg\n'}
[1.116755] (px4_msgs) StdoutLine: {'line': b'-- Up-to-date: /home/nicolas/ws_ros2/install/px4_msgs/share/px4_msgs/msg/VehicleGlobalPosition.msg\n'}
[1.117051] (px4_msgs) StdoutLine: {'line': b'-- Up-to-date: /home/nicolas/ws_ros2/install/px4_msgs/share/px4_msgs/msg/VehicleImu.msg\n'}
[1.117332] (px4_msgs) StdoutLine: {'line': b'-- Up-to-date: /home/nicolas/ws_ros2/install/px4_msgs/share/px4_msgs/msg/VehicleImuStatus.msg\n'}
[1.117744] (px4_msgs) StdoutLine: {'line': b'-- Up-to-date: /home/nicolas/ws_ros2/install/px4_msgs/share/px4_msgs/msg/VehicleLandDetected.msg\n'}
[1.118127] (px4_msgs) StdoutLine: {'line': b'-- Up-to-date: /home/nicolas/ws_ros2/install/px4_msgs/share/px4_msgs/msg/VehicleLocalPosition.msg\n'}
[1.118382] (px4_msgs) StdoutLine: {'line': b'-- Up-to-date: /home/nicolas/ws_ros2/install/px4_msgs/share/px4_msgs/msg/VehicleLocalPositionSetpoint.msg\n'}
[1.118657] (px4_msgs) StdoutLine: {'line': b'-- Up-to-date: /home/nicolas/ws_ros2/install/px4_msgs/share/px4_msgs/msg/VehicleMagnetometer.msg\n'}
[1.118969] (px4_msgs) StdoutLine: {'line': b'-- Up-to-date: /home/nicolas/ws_ros2/install/px4_msgs/share/px4_msgs/msg/VehicleOdometry.msg\n'}
[1.119413] (px4_msgs) StdoutLine: {'line': b'-- Up-to-date: /home/nicolas/ws_ros2/install/px4_msgs/share/px4_msgs/msg/VehicleOpticalFlow.msg\n'}
[1.119641] (px4_msgs) StdoutLine: {'line': b'-- Up-to-date: /home/nicolas/ws_ros2/install/px4_msgs/share/px4_msgs/msg/VehicleOpticalFlowVel.msg\n'}
[1.119889] (px4_msgs) StdoutLine: {'line': b'-- Up-to-date: /home/nicolas/ws_ros2/install/px4_msgs/share/px4_msgs/msg/VehicleRatesSetpoint.msg\n'}
[1.120167] (px4_msgs) StdoutLine: {'line': b'-- Up-to-date: /home/nicolas/ws_ros2/install/px4_msgs/share/px4_msgs/msg/VehicleRoi.msg\n'}
[1.120581] (px4_msgs) StdoutLine: {'line': b'-- Up-to-date: /home/nicolas/ws_ros2/install/px4_msgs/share/px4_msgs/msg/VehicleStatus.msg\n'}
[1.120815] (px4_msgs) StdoutLine: {'line': b'-- Up-to-date: /home/nicolas/ws_ros2/install/px4_msgs/share/px4_msgs/msg/VehicleThrustSetpoint.msg\n'}
[1.121059] (px4_msgs) StdoutLine: {'line': b'-- Up-to-date: /home/nicolas/ws_ros2/install/px4_msgs/share/px4_msgs/msg/VehicleTorqueSetpoint.msg\n'}
[1.121339] (px4_msgs) StdoutLine: {'line': b'-- Up-to-date: /home/nicolas/ws_ros2/install/px4_msgs/share/px4_msgs/msg/VelocityLimits.msg\n'}
[1.121809] (px4_msgs) StdoutLine: {'line': b'-- Up-to-date: /home/nicolas/ws_ros2/install/px4_msgs/share/px4_msgs/msg/VtolVehicleStatus.msg\n'}
[1.121974] (px4_msgs) StdoutLine: {'line': b'-- Up-to-date: /home/nicolas/ws_ros2/install/px4_msgs/share/px4_msgs/msg/WheelEncoders.msg\n'}
[1.122214] (px4_msgs) StdoutLine: {'line': b'-- Up-to-date: /home/nicolas/ws_ros2/install/px4_msgs/share/px4_msgs/msg/Wind.msg\n'}
[1.122555] (px4_msgs) StdoutLine: {'line': b'-- Up-to-date: /home/nicolas/ws_ros2/install/px4_msgs/share/px4_msgs/msg/YawEstimatorStatus.msg\n'}
[1.122971] (px4_msgs) StdoutLine: {'line': b'-- Up-to-date: /home/nicolas/ws_ros2/install/px4_msgs/share/px4_msgs/srv/VehicleCommand.srv\n'}
[1.123506] (px4_msgs) StdoutLine: {'line': b'-- Up-to-date: /home/nicolas/ws_ros2/install/px4_msgs/share/px4_msgs/srv/VehicleCommand_Request.msg\n'}
[1.123633] (px4_msgs) StdoutLine: {'line': b'-- Up-to-date: /home/nicolas/ws_ros2/install/px4_msgs/share/px4_msgs/srv/VehicleCommand_Response.msg\n'}
[1.124100] (px4_msgs) StdoutLine: {'line': b'-- Up-to-date: /home/nicolas/ws_ros2/install/px4_msgs/share/ament_index/resource_index/package_run_dependencies/px4_msgs\n'}
[1.124493] (px4_msgs) StdoutLine: {'line': b'-- Up-to-date: /home/nicolas/ws_ros2/install/px4_msgs/share/ament_index/resource_index/parent_prefix_path/px4_msgs\n'}
[1.124727] (px4_msgs) StdoutLine: {'line': b'-- Up-to-date: /home/nicolas/ws_ros2/install/px4_msgs/share/px4_msgs/environment/ament_prefix_path.sh\n'}
[1.124965] (px4_msgs) StdoutLine: {'line': b'-- Up-to-date: /home/nicolas/ws_ros2/install/px4_msgs/share/px4_msgs/environment/ament_prefix_path.dsv\n'}
[1.125230] (px4_msgs) StdoutLine: {'line': b'-- Up-to-date: /home/nicolas/ws_ros2/install/px4_msgs/share/px4_msgs/environment/path.sh\n'}
[1.125602] (px4_msgs) StdoutLine: {'line': b'-- Up-to-date: /home/nicolas/ws_ros2/install/px4_msgs/share/px4_msgs/environment/path.dsv\n'}
[1.125830] (px4_msgs) StdoutLine: {'line': b'-- Up-to-date: /home/nicolas/ws_ros2/install/px4_msgs/share/px4_msgs/local_setup.bash\n'}
[1.126061] (px4_msgs) StdoutLine: {'line': b'-- Up-to-date: /home/nicolas/ws_ros2/install/px4_msgs/share/px4_msgs/local_setup.sh\n'}
[1.126329] (px4_msgs) StdoutLine: {'line': b'-- Up-to-date: /home/nicolas/ws_ros2/install/px4_msgs/share/px4_msgs/local_setup.zsh\n'}
[1.126761] (px4_msgs) StdoutLine: {'line': b'-- Up-to-date: /home/nicolas/ws_ros2/install/px4_msgs/share/px4_msgs/local_setup.dsv\n'}
[1.126988] (px4_msgs) StdoutLine: {'line': b'-- Installing: /home/nicolas/ws_ros2/install/px4_msgs/share/px4_msgs/package.dsv\n'}
[1.127475] (px4_msgs) StdoutLine: {'line': b'-- Up-to-date: /home/nicolas/ws_ros2/install/px4_msgs/share/ament_index/resource_index/packages/px4_msgs\n'}
[1.127804] (px4_msgs) StdoutLine: {'line': b'-- Up-to-date: /home/nicolas/ws_ros2/install/px4_msgs/share/px4_msgs/cmake/export_px4_msgs__rosidl_generator_cExport.cmake\n'}
[1.128234] (px4_msgs) StdoutLine: {'line': b'-- Up-to-date: /home/nicolas/ws_ros2/install/px4_msgs/share/px4_msgs/cmake/export_px4_msgs__rosidl_generator_cExport-noconfig.cmake\n'}
[1.128465] (px4_msgs) StdoutLine: {'line': b'-- Up-to-date: /home/nicolas/ws_ros2/install/px4_msgs/share/px4_msgs/cmake/export_px4_msgs__rosidl_typesupport_fastrtps_cExport.cmake\n'}
[1.128699] (px4_msgs) StdoutLine: {'line': b'-- Up-to-date: /home/nicolas/ws_ros2/install/px4_msgs/share/px4_msgs/cmake/export_px4_msgs__rosidl_typesupport_fastrtps_cExport-noconfig.cmake\n'}
[1.128997] (px4_msgs) StdoutLine: {'line': b'-- Up-to-date: /home/nicolas/ws_ros2/install/px4_msgs/share/px4_msgs/cmake/export_px4_msgs__rosidl_generator_cppExport.cmake\n'}
[1.129458] (px4_msgs) StdoutLine: {'line': b'-- Up-to-date: /home/nicolas/ws_ros2/install/px4_msgs/share/px4_msgs/cmake/export_px4_msgs__rosidl_typesupport_fastrtps_cppExport.cmake\n'}
[1.129632] (px4_msgs) StdoutLine: {'line': b'-- Up-to-date: /home/nicolas/ws_ros2/install/px4_msgs/share/px4_msgs/cmake/export_px4_msgs__rosidl_typesupport_fastrtps_cppExport-noconfig.cmake\n'}
[1.129956] (px4_msgs) StdoutLine: {'line': b'-- Up-to-date: /home/nicolas/ws_ros2/install/px4_msgs/share/px4_msgs/cmake/px4_msgs__rosidl_typesupport_introspection_cExport.cmake\n'}
[1.130161] (px4_msgs) StdoutLine: {'line': b'-- Up-to-date: /home/nicolas/ws_ros2/install/px4_msgs/share/px4_msgs/cmake/px4_msgs__rosidl_typesupport_introspection_cExport-noconfig.cmake\n'}
[1.130587] (px4_msgs) StdoutLine: {'line': b'-- Up-to-date: /home/nicolas/ws_ros2/install/px4_msgs/share/px4_msgs/cmake/px4_msgs__rosidl_typesupport_cExport.cmake\n'}
[1.130980] (px4_msgs) StdoutLine: {'line': b'-- Up-to-date: /home/nicolas/ws_ros2/install/px4_msgs/share/px4_msgs/cmake/px4_msgs__rosidl_typesupport_cExport-noconfig.cmake\n'}
[1.131087] (px4_msgs) StdoutLine: {'line': b'-- Up-to-date: /home/nicolas/ws_ros2/install/px4_msgs/share/px4_msgs/cmake/px4_msgs__rosidl_typesupport_introspection_cppExport.cmake\n'}
[1.131531] (px4_msgs) StdoutLine: {'line': b'-- Up-to-date: /home/nicolas/ws_ros2/install/px4_msgs/share/px4_msgs/cmake/px4_msgs__rosidl_typesupport_introspection_cppExport-noconfig.cmake\n'}
[1.131894] (px4_msgs) StdoutLine: {'line': b'-- Up-to-date: /home/nicolas/ws_ros2/install/px4_msgs/share/px4_msgs/cmake/px4_msgs__rosidl_typesupport_cppExport.cmake\n'}
[1.132104] (px4_msgs) StdoutLine: {'line': b'-- Up-to-date: /home/nicolas/ws_ros2/install/px4_msgs/share/px4_msgs/cmake/px4_msgs__rosidl_typesupport_cppExport-noconfig.cmake\n'}
[1.132353] (px4_msgs) StdoutLine: {'line': b'-- Up-to-date: /home/nicolas/ws_ros2/install/px4_msgs/share/px4_msgs/cmake/export_px4_msgs__rosidl_generator_pyExport.cmake\n'}
[1.132642] (px4_msgs) StdoutLine: {'line': b'-- Up-to-date: /home/nicolas/ws_ros2/install/px4_msgs/share/px4_msgs/cmake/export_px4_msgs__rosidl_generator_pyExport-noconfig.cmake\n'}
[1.133048] (px4_msgs) StdoutLine: {'line': b'-- Up-to-date: /home/nicolas/ws_ros2/install/px4_msgs/share/px4_msgs/cmake/rosidl_cmake-extras.cmake\n'}
[1.133225] (px4_msgs) StdoutLine: {'line': b'-- Up-to-date: /home/nicolas/ws_ros2/install/px4_msgs/share/px4_msgs/cmake/ament_cmake_export_dependencies-extras.cmake\n'}
[1.133454] (px4_msgs) StdoutLine: {'line': b'-- Up-to-date: /home/nicolas/ws_ros2/install/px4_msgs/share/px4_msgs/cmake/ament_cmake_export_include_directories-extras.cmake\n'}
[1.133706] (px4_msgs) StdoutLine: {'line': b'-- Up-to-date: /home/nicolas/ws_ros2/install/px4_msgs/share/px4_msgs/cmake/ament_cmake_export_libraries-extras.cmake\n'}
[1.134118] (px4_msgs) StdoutLine: {'line': b'-- Up-to-date: /home/nicolas/ws_ros2/install/px4_msgs/share/px4_msgs/cmake/ament_cmake_export_targets-extras.cmake\n'}
[1.134299] (px4_msgs) StdoutLine: {'line': b'-- Up-to-date: /home/nicolas/ws_ros2/install/px4_msgs/share/px4_msgs/cmake/rosidl_cmake_export_typesupport_targets-extras.cmake\n'}
[1.134527] (px4_msgs) StdoutLine: {'line': b'-- Up-to-date: /home/nicolas/ws_ros2/install/px4_msgs/share/px4_msgs/cmake/rosidl_cmake_export_typesupport_libraries-extras.cmake\n'}
[1.134803] (px4_msgs) StdoutLine: {'line': b'-- Up-to-date: /home/nicolas/ws_ros2/install/px4_msgs/share/px4_msgs/cmake/px4_msgsConfig.cmake\n'}
[1.134968] (px4_msgs) StdoutLine: {'line': b'-- Up-to-date: /home/nicolas/ws_ros2/install/px4_msgs/share/px4_msgs/cmake/px4_msgsConfig-version.cmake\n'}
[1.135184] (px4_msgs) StdoutLine: {'line': b'-- Up-to-date: /home/nicolas/ws_ros2/install/px4_msgs/share/px4_msgs/package.xml\n'}
[1.138356] (px4_msgs) CommandEnded: {'returncode': 0}
[1.155445] (px4_msgs) JobEnded: {'identifier': 'px4_msgs', 'rc': 0}
[1.155978] (px4_ros_com) JobStarted: {'identifier': 'px4_ros_com'}
[1.161773] (px4_ros_com) JobProgress: {'identifier': 'px4_ros_com', 'progress': 'cmake'}
[1.162258] (px4_ros_com) JobProgress: {'identifier': 'px4_ros_com', 'progress': 'build'}
[1.162450] (px4_ros_com) Command: {'cmd': ['/usr/bin/cmake', '--build', '/home/nicolas/ws_ros2/build/px4_ros_com', '--', '-j16', '-l16'], 'cwd': '/home/nicolas/ws_ros2/build/px4_ros_com', 'env': OrderedDict([('LESSOPEN', '| /usr/bin/lesspipe %s'), ('USER', 'nicolas'), ('LC_TIME', 'fr_FR.UTF-8'), ('XDG_SESSION_TYPE', 'x11'), ('SHLVL', '1'), ('LD_LIBRARY_PATH', '/home/nicolas/ws_ros2/install/px4_msgs/lib:/opt/ros/humble/opt/rviz_ogre_vendor/lib:/opt/ros/humble/lib/x86_64-linux-gnu:/opt/ros/humble/lib'), ('HOME', '/home/nicolas'), ('OLDPWD', '/home/nicolas'), ('DESKTOP_SESSION', 'ubuntu'), ('ROS_PYTHON_VERSION', '3'), ('GNOME_SHELL_SESSION_MODE', 'ubuntu'), ('GTK_MODULES', 'gail:atk-bridge'), ('LC_MONETARY', 'fr_FR.UTF-8'), ('SYSTEMD_EXEC_PID', '2031'), ('DBUS_SESSION_BUS_ADDRESS', 'unix:path=/run/user/1000/bus'), ('COLORTERM', 'truecolor'), ('ROS_DISTRO', 'humble'), ('GTK_IM_MODULE', 'ibus'), ('LOGNAME', 'nicolas'), ('_', '/usr/bin/colcon'), ('ROS_VERSION', '2'), ('XDG_SESSION_CLASS', 'user'), ('USERNAME', 'nicolas'), ('TERM', 'xterm-256color'), ('GNOME_DESKTOP_SESSION_ID', 'this-is-deprecated'), ('ROS_LOCALHOST_ONLY', '0'), ('WINDOWPATH', '2'), ('PATH', '/opt/ros/humble/bin:/home/nicolas/.local/bin:/usr/local/sbin:/usr/local/bin:/usr/sbin:/usr/bin:/sbin:/bin:/usr/games:/usr/local/games:/snap/bin:/snap/bin:/opt/xtensa-esp-elf/bin/'), ('SESSION_MANAGER', 'local/nicolas-Deputy-P60:@/tmp/.ICE-unix/2007,unix/nicolas-Deputy-P60:/tmp/.ICE-unix/2007'), ('XDG_MENU_PREFIX', 'gnome-'), ('LC_ADDRESS', 'fr_FR.UTF-8'), ('GNOME_TERMINAL_SCREEN', '/org/gnome/Terminal/screen/cf15e979_cfb8_4291_85e2_f9e5f35140d0'), ('XDG_RUNTIME_DIR', '/run/user/1000'), ('DISPLAY', ':1'), ('LANG', 'en_US.UTF-8'), ('XDG_CURRENT_DESKTOP', 'ubuntu:GNOME'), ('LC_TELEPHONE', 'fr_FR.UTF-8'), ('XMODIFIERS', '@im=ibus'), ('XDG_SESSION_DESKTOP', 'ubuntu'), ('XAUTHORITY', '/run/user/1000/gdm/Xauthority'), ('LS_COLORS', 'rs=0:di=01;34:ln=01;36:mh=00:pi=40;33:so=01;35:do=01;35:bd=40;33;01:cd=40;33;01:or=40;31;01:mi=00:su=37;41:sg=30;43:ca=30;41:tw=30;42:ow=34;42:st=37;44:ex=01;32:*.tar=01;31:*.tgz=01;31:*.arc=01;31:*.arj=01;31:*.taz=01;31:*.lha=01;31:*.lz4=01;31:*.lzh=01;31:*.lzma=01;31:*.tlz=01;31:*.txz=01;31:*.tzo=01;31:*.t7z=01;31:*.zip=01;31:*.z=01;31:*.dz=01;31:*.gz=01;31:*.lrz=01;31:*.lz=01;31:*.lzo=01;31:*.xz=01;31:*.zst=01;31:*.tzst=01;31:*.bz2=01;31:*.bz=01;31:*.tbz=01;31:*.tbz2=01;31:*.tz=01;31:*.deb=01;31:*.rpm=01;31:*.jar=01;31:*.war=01;31:*.ear=01;31:*.sar=01;31:*.rar=01;31:*.alz=01;31:*.ace=01;31:*.zoo=01;31:*.cpio=01;31:*.7z=01;31:*.rz=01;31:*.cab=01;31:*.wim=01;31:*.swm=01;31:*.dwm=01;31:*.esd=01;31:*.jpg=01;35:*.jpeg=01;35:*.mjpg=01;35:*.mjpeg=01;35:*.gif=01;35:*.bmp=01;35:*.pbm=01;35:*.pgm=01;35:*.ppm=01;35:*.tga=01;35:*.xbm=01;35:*.xpm=01;35:*.tif=01;35:*.tiff=01;35:*.png=01;35:*.svg=01;35:*.svgz=01;35:*.mng=01;35:*.pcx=01;35:*.mov=01;35:*.mpg=01;35:*.mpeg=01;35:*.m2v=01;35:*.mkv=01;35:*.webm=01;35:*.webp=01;35:*.ogm=01;35:*.mp4=01;35:*.m4v=01;35:*.mp4v=01;35:*.vob=01;35:*.qt=01;35:*.nuv=01;35:*.wmv=01;35:*.asf=01;35:*.rm=01;35:*.rmvb=01;35:*.flc=01;35:*.avi=01;35:*.fli=01;35:*.flv=01;35:*.gl=01;35:*.dl=01;35:*.xcf=01;35:*.xwd=01;35:*.yuv=01;35:*.cgm=01;35:*.emf=01;35:*.ogv=01;35:*.ogx=01;35:*.aac=00;36:*.au=00;36:*.flac=00;36:*.m4a=00;36:*.mid=00;36:*.midi=00;36:*.mka=00;36:*.mp3=00;36:*.mpc=00;36:*.ogg=00;36:*.ra=00;36:*.wav=00;36:*.oga=00;36:*.opus=00;36:*.spx=00;36:*.xspf=00;36:'), ('GNOME_TERMINAL_SERVICE', ':1.228'), ('SSH_AGENT_LAUNCHER', 'gnome-keyring'), ('SSH_AUTH_SOCK', '/run/user/1000/keyring/ssh'), ('AMENT_PREFIX_PATH', '/home/nicolas/ws_ros2/install/px4_msgs:/opt/ros/humble'), ('SHELL', '/bin/bash'), ('LC_NAME', 'fr_FR.UTF-8'), ('QT_ACCESSIBILITY', '1'), ('GDMSESSION', 'ubuntu'), ('LESSCLOSE', '/usr/bin/lesspipe %s %s'), ('LC_MEASUREMENT', 'fr_FR.UTF-8'), ('GPG_AGENT_INFO', '/run/user/1000/gnupg/S.gpg-agent:0:1'), ('LC_IDENTIFICATION', 'fr_FR.UTF-8'), ('QT_IM_MODULE', 'ibus'), ('PWD', '/home/nicolas/ws_ros2/build/px4_ros_com'), ('LC_ALL', 'en_US.UTF-8'), ('XDG_CONFIG_DIRS', '/etc/xdg/xdg-ubuntu:/etc/xdg'), ('XDG_DATA_DIRS', '/usr/share/ubuntu:/usr/share/gnome:/usr/local/share/:/usr/share/:/var/lib/snapd/desktop'), ('PYTHONPATH', '/home/nicolas/ws_ros2/install/px4_msgs/local/lib/python3.10/dist-packages:/opt/ros/humble/lib/python3.10/site-packages:/opt/ros/humble/local/lib/python3.10/dist-packages'), ('LC_NUMERIC', 'fr_FR.UTF-8'), ('LC_PAPER', 'fr_FR.UTF-8'), ('COLCON', '1'), ('VTE_VERSION', '6800'), ('CMAKE_PREFIX_PATH', '/home/nicolas/ws_ros2/install/px4_msgs:/opt/ros/humble')]), 'shell': False}
[1.203851] (-) TimerEvent: {}
[1.206249] (px4_ros_com) StdoutLine: {'line': b'[ 16%] Built target vehicle_gps_position_listener\n'}
[1.206490] (px4_ros_com) StdoutLine: {'line': b'[ 50%] Built target offboard_control\n'}
[1.206582] (px4_ros_com) StdoutLine: {'line': b'[ 50%] Built target offboard_control_srv\n'}
[1.206965] (px4_ros_com) StdoutLine: {'line': b'[ 66%] Built target debug_vect_advertiser\n'}
[1.211303] (px4_ros_com) StdoutLine: {'line': b'[ 83%] Built target sensor_combined_listener\n'}
[1.211544] (px4_ros_com) StdoutLine: {'line': b'[ 83%] Built target ament_cmake_python_copy_px4_ros_com\n'}
[1.211820] (px4_ros_com) StdoutLine: {'line': b'[100%] Built target frame_transforms\n'}
[1.303926] (-) TimerEvent: {}
[1.404184] (-) TimerEvent: {}
[1.409448] (px4_ros_com) StdoutLine: {'line': b'running egg_info\n'}
[1.409884] (px4_ros_com) StdoutLine: {'line': b'writing px4_ros_com.egg-info/PKG-INFO\n'}
[1.409983] (px4_ros_com) StdoutLine: {'line': b'writing dependency_links to px4_ros_com.egg-info/dependency_links.txt\n'}
[1.410087] (px4_ros_com) StdoutLine: {'line': b'writing top-level names to px4_ros_com.egg-info/top_level.txt\n'}
[1.411692] (px4_ros_com) StdoutLine: {'line': b"reading manifest file 'px4_ros_com.egg-info/SOURCES.txt'\n"}
[1.412151] (px4_ros_com) StdoutLine: {'line': b"writing manifest file 'px4_ros_com.egg-info/SOURCES.txt'\n"}
[1.435326] (px4_ros_com) StdoutLine: {'line': b'[100%] Built target ament_cmake_python_build_px4_ros_com_egg\n'}
[1.443775] (px4_ros_com) CommandEnded: {'returncode': 0}
[1.444339] (px4_ros_com) JobProgress: {'identifier': 'px4_ros_com', 'progress': 'install'}
[1.444722] (px4_ros_com) Command: {'cmd': ['/usr/bin/cmake', '--install', '/home/nicolas/ws_ros2/build/px4_ros_com'], 'cwd': '/home/nicolas/ws_ros2/build/px4_ros_com', 'env': OrderedDict([('LESSOPEN', '| /usr/bin/lesspipe %s'), ('USER', 'nicolas'), ('LC_TIME', 'fr_FR.UTF-8'), ('XDG_SESSION_TYPE', 'x11'), ('SHLVL', '1'), ('LD_LIBRARY_PATH', '/home/nicolas/ws_ros2/install/px4_msgs/lib:/opt/ros/humble/opt/rviz_ogre_vendor/lib:/opt/ros/humble/lib/x86_64-linux-gnu:/opt/ros/humble/lib'), ('HOME', '/home/nicolas'), ('OLDPWD', '/home/nicolas'), ('DESKTOP_SESSION', 'ubuntu'), ('ROS_PYTHON_VERSION', '3'), ('GNOME_SHELL_SESSION_MODE', 'ubuntu'), ('GTK_MODULES', 'gail:atk-bridge'), ('LC_MONETARY', 'fr_FR.UTF-8'), ('SYSTEMD_EXEC_PID', '2031'), ('DBUS_SESSION_BUS_ADDRESS', 'unix:path=/run/user/1000/bus'), ('COLORTERM', 'truecolor'), ('ROS_DISTRO', 'humble'), ('GTK_IM_MODULE', 'ibus'), ('LOGNAME', 'nicolas'), ('_', '/usr/bin/colcon'), ('ROS_VERSION', '2'), ('XDG_SESSION_CLASS', 'user'), ('USERNAME', 'nicolas'), ('TERM', 'xterm-256color'), ('GNOME_DESKTOP_SESSION_ID', 'this-is-deprecated'), ('ROS_LOCALHOST_ONLY', '0'), ('WINDOWPATH', '2'), ('PATH', '/opt/ros/humble/bin:/home/nicolas/.local/bin:/usr/local/sbin:/usr/local/bin:/usr/sbin:/usr/bin:/sbin:/bin:/usr/games:/usr/local/games:/snap/bin:/snap/bin:/opt/xtensa-esp-elf/bin/'), ('SESSION_MANAGER', 'local/nicolas-Deputy-P60:@/tmp/.ICE-unix/2007,unix/nicolas-Deputy-P60:/tmp/.ICE-unix/2007'), ('XDG_MENU_PREFIX', 'gnome-'), ('LC_ADDRESS', 'fr_FR.UTF-8'), ('GNOME_TERMINAL_SCREEN', '/org/gnome/Terminal/screen/cf15e979_cfb8_4291_85e2_f9e5f35140d0'), ('XDG_RUNTIME_DIR', '/run/user/1000'), ('DISPLAY', ':1'), ('LANG', 'en_US.UTF-8'), ('XDG_CURRENT_DESKTOP', 'ubuntu:GNOME'), ('LC_TELEPHONE', 'fr_FR.UTF-8'), ('XMODIFIERS', '@im=ibus'), ('XDG_SESSION_DESKTOP', 'ubuntu'), ('XAUTHORITY', '/run/user/1000/gdm/Xauthority'), ('LS_COLORS', 'rs=0:di=01;34:ln=01;36:mh=00:pi=40;33:so=01;35:do=01;35:bd=40;33;01:cd=40;33;01:or=40;31;01:mi=00:su=37;41:sg=30;43:ca=30;41:tw=30;42:ow=34;42:st=37;44:ex=01;32:*.tar=01;31:*.tgz=01;31:*.arc=01;31:*.arj=01;31:*.taz=01;31:*.lha=01;31:*.lz4=01;31:*.lzh=01;31:*.lzma=01;31:*.tlz=01;31:*.txz=01;31:*.tzo=01;31:*.t7z=01;31:*.zip=01;31:*.z=01;31:*.dz=01;31:*.gz=01;31:*.lrz=01;31:*.lz=01;31:*.lzo=01;31:*.xz=01;31:*.zst=01;31:*.tzst=01;31:*.bz2=01;31:*.bz=01;31:*.tbz=01;31:*.tbz2=01;31:*.tz=01;31:*.deb=01;31:*.rpm=01;31:*.jar=01;31:*.war=01;31:*.ear=01;31:*.sar=01;31:*.rar=01;31:*.alz=01;31:*.ace=01;31:*.zoo=01;31:*.cpio=01;31:*.7z=01;31:*.rz=01;31:*.cab=01;31:*.wim=01;31:*.swm=01;31:*.dwm=01;31:*.esd=01;31:*.jpg=01;35:*.jpeg=01;35:*.mjpg=01;35:*.mjpeg=01;35:*.gif=01;35:*.bmp=01;35:*.pbm=01;35:*.pgm=01;35:*.ppm=01;35:*.tga=01;35:*.xbm=01;35:*.xpm=01;35:*.tif=01;35:*.tiff=01;35:*.png=01;35:*.svg=01;35:*.svgz=01;35:*.mng=01;35:*.pcx=01;35:*.mov=01;35:*.mpg=01;35:*.mpeg=01;35:*.m2v=01;35:*.mkv=01;35:*.webm=01;35:*.webp=01;35:*.ogm=01;35:*.mp4=01;35:*.m4v=01;35:*.mp4v=01;35:*.vob=01;35:*.qt=01;35:*.nuv=01;35:*.wmv=01;35:*.asf=01;35:*.rm=01;35:*.rmvb=01;35:*.flc=01;35:*.avi=01;35:*.fli=01;35:*.flv=01;35:*.gl=01;35:*.dl=01;35:*.xcf=01;35:*.xwd=01;35:*.yuv=01;35:*.cgm=01;35:*.emf=01;35:*.ogv=01;35:*.ogx=01;35:*.aac=00;36:*.au=00;36:*.flac=00;36:*.m4a=00;36:*.mid=00;36:*.midi=00;36:*.mka=00;36:*.mp3=00;36:*.mpc=00;36:*.ogg=00;36:*.ra=00;36:*.wav=00;36:*.oga=00;36:*.opus=00;36:*.spx=00;36:*.xspf=00;36:'), ('GNOME_TERMINAL_SERVICE', ':1.228'), ('SSH_AGENT_LAUNCHER', 'gnome-keyring'), ('SSH_AUTH_SOCK', '/run/user/1000/keyring/ssh'), ('AMENT_PREFIX_PATH', '/home/nicolas/ws_ros2/install/px4_msgs:/opt/ros/humble'), ('SHELL', '/bin/bash'), ('LC_NAME', 'fr_FR.UTF-8'), ('QT_ACCESSIBILITY', '1'), ('GDMSESSION', 'ubuntu'), ('LESSCLOSE', '/usr/bin/lesspipe %s %s'), ('LC_MEASUREMENT', 'fr_FR.UTF-8'), ('GPG_AGENT_INFO', '/run/user/1000/gnupg/S.gpg-agent:0:1'), ('LC_IDENTIFICATION', 'fr_FR.UTF-8'), ('QT_IM_MODULE', 'ibus'), ('PWD', '/home/nicolas/ws_ros2/build/px4_ros_com'), ('LC_ALL', 'en_US.UTF-8'), ('XDG_CONFIG_DIRS', '/etc/xdg/xdg-ubuntu:/etc/xdg'), ('XDG_DATA_DIRS', '/usr/share/ubuntu:/usr/share/gnome:/usr/local/share/:/usr/share/:/var/lib/snapd/desktop'), ('PYTHONPATH', '/home/nicolas/ws_ros2/install/px4_msgs/local/lib/python3.10/dist-packages:/opt/ros/humble/lib/python3.10/site-packages:/opt/ros/humble/local/lib/python3.10/dist-packages'), ('LC_NUMERIC', 'fr_FR.UTF-8'), ('LC_PAPER', 'fr_FR.UTF-8'), ('COLCON', '1'), ('VTE_VERSION', '6800'), ('CMAKE_PREFIX_PATH', '/home/nicolas/ws_ros2/install/px4_msgs:/opt/ros/humble')]), 'shell': False}
[1.450714] (px4_ros_com) StdoutLine: {'line': b'-- Install configuration: ""\n'}
[1.450856] (px4_ros_com) StdoutLine: {'line': b'-- Up-to-date: /home/nicolas/ws_ros2/install/px4_ros_com/lib/px4_ros_com/sensor_combined_listener\n'}
[1.451044] (px4_ros_com) StdoutLine: {'line': b'-- Up-to-date: /home/nicolas/ws_ros2/install/px4_ros_com/lib/px4_ros_com/vehicle_gps_position_listener\n'}
[1.451220] (px4_ros_com) StdoutLine: {'line': b'-- Up-to-date: /home/nicolas/ws_ros2/install/px4_ros_com/lib/px4_ros_com/debug_vect_advertiser\n'}
[1.451374] (px4_ros_com) StdoutLine: {'line': b'-- Up-to-date: /home/nicolas/ws_ros2/install/px4_ros_com/lib/px4_ros_com/offboard_control\n'}
[1.451534] (px4_ros_com) StdoutLine: {'line': b'-- Up-to-date: /home/nicolas/ws_ros2/install/px4_ros_com/lib/px4_ros_com/offboard_control_srv\n'}
[1.451630] (px4_ros_com) StdoutLine: {'line': b'-- Up-to-date: /home/nicolas/ws_ros2/install/px4_ros_com/share/px4_ros_com/environment/library_path.sh\n'}
[1.451690] (px4_ros_com) StdoutLine: {'line': b'-- Up-to-date: /home/nicolas/ws_ros2/install/px4_ros_com/share/px4_ros_com/environment/library_path.dsv\n'}
[1.451729] (px4_ros_com) StdoutLine: {'line': b'-- Up-to-date: /home/nicolas/ws_ros2/install/px4_ros_com/include/px4_ros_com\n'}
[1.451787] (px4_ros_com) StdoutLine: {'line': b'-- Up-to-date: /home/nicolas/ws_ros2/install/px4_ros_com/include/px4_ros_com/frame_transforms.h\n'}
[1.451876] (px4_ros_com) StdoutLine: {'line': b'-- Up-to-date: /home/nicolas/ws_ros2/install/px4_ros_com/lib/libframe_transforms.so\n'}
[1.451955] (px4_ros_com) StdoutLine: {'line': b'-- Up-to-date: /home/nicolas/ws_ros2/install/px4_ros_com/share/px4_ros_com//launch\n'}
[1.452120] (px4_ros_com) StdoutLine: {'line': b'-- Up-to-date: /home/nicolas/ws_ros2/install/px4_ros_com/share/px4_ros_com//launch/sensor_combined_listener.launch.py\n'}
[1.452295] (px4_ros_com) StdoutLine: {'line': b'-- Up-to-date: /home/nicolas/ws_ros2/install/px4_ros_com/share/px4_ros_com//launch/offboard_control_launch.yaml\n'}
[1.452508] (px4_ros_com) StdoutLine: {'line': b'-- Up-to-date: /home/nicolas/ws_ros2/install/px4_ros_com/share/px4_ros_com//test\n'}
[1.452637] (px4_ros_com) StdoutLine: {'line': b'-- Up-to-date: /home/nicolas/ws_ros2/install/px4_ros_com/share/px4_ros_com//test/test_output.py\n'}
[1.452719] (px4_ros_com) StdoutLine: {'line': b'-- Up-to-date: /home/nicolas/ws_ros2/install/px4_ros_com/share/px4_ros_com//test/__init__.py\n'}
[1.452865] (px4_ros_com) StdoutLine: {'line': b'-- Up-to-date: /home/nicolas/ws_ros2/install/px4_ros_com/share/px4_ros_com//test/pipeline_io_test.py\n'}
[1.452946] (px4_ros_com) StdoutLine: {'line': b'-- Up-to-date: /home/nicolas/ws_ros2/install/px4_ros_com/share/px4_ros_com//test/test_input.py\n'}
[1.452996] (px4_ros_com) StdoutLine: {'line': b'-- Up-to-date: /home/nicolas/ws_ros2/install/px4_ros_com/share/px4_ros_com/environment/pythonpath.sh\n'}
[1.453051] (px4_ros_com) StdoutLine: {'line': b'-- Up-to-date: /home/nicolas/ws_ros2/install/px4_ros_com/share/px4_ros_com/environment/pythonpath.dsv\n'}
[1.453095] (px4_ros_com) StdoutLine: {'line': b'-- Up-to-date: /home/nicolas/ws_ros2/install/px4_ros_com/local/lib/python3.10/dist-packages/px4_ros_com-0.1.0-py3.10.egg-info\n'}
[1.453139] (px4_ros_com) StdoutLine: {'line': b'-- Installing: /home/nicolas/ws_ros2/install/px4_ros_com/local/lib/python3.10/dist-packages/px4_ros_com-0.1.0-py3.10.egg-info/SOURCES.txt\n'}
[1.453175] (px4_ros_com) StdoutLine: {'line': b'-- Installing: /home/nicolas/ws_ros2/install/px4_ros_com/local/lib/python3.10/dist-packages/px4_ros_com-0.1.0-py3.10.egg-info/top_level.txt\n'}
[1.453206] (px4_ros_com) StdoutLine: {'line': b'-- Installing: /home/nicolas/ws_ros2/install/px4_ros_com/local/lib/python3.10/dist-packages/px4_ros_com-0.1.0-py3.10.egg-info/dependency_links.txt\n'}
[1.453249] (px4_ros_com) StdoutLine: {'line': b'-- Installing: /home/nicolas/ws_ros2/install/px4_ros_com/local/lib/python3.10/dist-packages/px4_ros_com-0.1.0-py3.10.egg-info/PKG-INFO\n'}
[1.453288] (px4_ros_com) StdoutLine: {'line': b'-- Up-to-date: /home/nicolas/ws_ros2/install/px4_ros_com/local/lib/python3.10/dist-packages/px4_ros_com\n'}
[1.453319] (px4_ros_com) StdoutLine: {'line': b'-- Up-to-date: /home/nicolas/ws_ros2/install/px4_ros_com/local/lib/python3.10/dist-packages/px4_ros_com/__init__.py\n'}
[1.453351] (px4_ros_com) StdoutLine: {'line': b'-- Up-to-date: /home/nicolas/ws_ros2/install/px4_ros_com/local/lib/python3.10/dist-packages/px4_ros_com/module_to_import.py\n'}
[1.478486] (px4_ros_com) StdoutLine: {'line': b"Listing '/home/nicolas/ws_ros2/install/px4_ros_com/local/lib/python3.10/dist-packages/px4_ros_com'...\n"}
[1.482477] (px4_ros_com) StdoutLine: {'line': b'-- Up-to-date: /home/nicolas/ws_ros2/install/px4_ros_com/lib/px4_ros_com/offboard_control.py\n'}
[1.482758] (px4_ros_com) StdoutLine: {'line': b'-- Up-to-date: /home/nicolas/ws_ros2/install/px4_ros_com/share/ament_index/resource_index/package_run_dependencies/px4_ros_com\n'}
[1.482844] (px4_ros_com) StdoutLine: {'line': b'-- Up-to-date: /home/nicolas/ws_ros2/install/px4_ros_com/share/ament_index/resource_index/parent_prefix_path/px4_ros_com\n'}
[1.482944] (px4_ros_com) StdoutLine: {'line': b'-- Up-to-date: /home/nicolas/ws_ros2/install/px4_ros_com/share/px4_ros_com/environment/ament_prefix_path.sh\n'}
[1.483039] (px4_ros_com) StdoutLine: {'line': b'-- Up-to-date: /home/nicolas/ws_ros2/install/px4_ros_com/share/px4_ros_com/environment/ament_prefix_path.dsv\n'}
[1.483116] (px4_ros_com) StdoutLine: {'line': b'-- Up-to-date: /home/nicolas/ws_ros2/install/px4_ros_com/share/px4_ros_com/environment/path.sh\n'}
[1.483193] (px4_ros_com) StdoutLine: {'line': b'-- Up-to-date: /home/nicolas/ws_ros2/install/px4_ros_com/share/px4_ros_com/environment/path.dsv\n'}
[1.483270] (px4_ros_com) StdoutLine: {'line': b'-- Up-to-date: /home/nicolas/ws_ros2/install/px4_ros_com/share/px4_ros_com/local_setup.bash\n'}
[1.483382] (px4_ros_com) StdoutLine: {'line': b'-- Up-to-date: /home/nicolas/ws_ros2/install/px4_ros_com/share/px4_ros_com/local_setup.sh\n'}
[1.483463] (px4_ros_com) StdoutLine: {'line': b'-- Up-to-date: /home/nicolas/ws_ros2/install/px4_ros_com/share/px4_ros_com/local_setup.zsh\n'}
[1.483539] (px4_ros_com) StdoutLine: {'line': b'-- Up-to-date: /home/nicolas/ws_ros2/install/px4_ros_com/share/px4_ros_com/local_setup.dsv\n'}
[1.483609] (px4_ros_com) StdoutLine: {'line': b'-- Installing: /home/nicolas/ws_ros2/install/px4_ros_com/share/px4_ros_com/package.dsv\n'}
[1.483679] (px4_ros_com) StdoutLine: {'line': b'-- Up-to-date: /home/nicolas/ws_ros2/install/px4_ros_com/share/ament_index/resource_index/packages/px4_ros_com\n'}
[1.483750] (px4_ros_com) StdoutLine: {'line': b'-- Up-to-date: /home/nicolas/ws_ros2/install/px4_ros_com/share/px4_ros_com/cmake/export_frame_transformsExport.cmake\n'}
[1.483819] (px4_ros_com) StdoutLine: {'line': b'-- Up-to-date: /home/nicolas/ws_ros2/install/px4_ros_com/share/px4_ros_com/cmake/export_frame_transformsExport-noconfig.cmake\n'}
[1.483898] (px4_ros_com) StdoutLine: {'line': b'-- Up-to-date: /home/nicolas/ws_ros2/install/px4_ros_com/share/px4_ros_com/cmake/ament_cmake_export_dependencies-extras.cmake\n'}
[1.483981] (px4_ros_com) StdoutLine: {'line': b'-- Up-to-date: /home/nicolas/ws_ros2/install/px4_ros_com/share/px4_ros_com/cmake/ament_cmake_export_targets-extras.cmake\n'}
[1.484053] (px4_ros_com) StdoutLine: {'line': b'-- Up-to-date: /home/nicolas/ws_ros2/install/px4_ros_com/share/px4_ros_com/cmake/ament_cmake_export_include_directories-extras.cmake\n'}
[1.484128] (px4_ros_com) StdoutLine: {'line': b'-- Up-to-date: /home/nicolas/ws_ros2/install/px4_ros_com/share/px4_ros_com/cmake/ament_cmake_export_libraries-extras.cmake\n'}
[1.484200] (px4_ros_com) StdoutLine: {'line': b'-- Up-to-date: /home/nicolas/ws_ros2/install/px4_ros_com/share/px4_ros_com/cmake/px4_ros_comConfig.cmake\n'}
[1.484272] (px4_ros_com) StdoutLine: {'line': b'-- Up-to-date: /home/nicolas/ws_ros2/install/px4_ros_com/share/px4_ros_com/cmake/px4_ros_comConfig-version.cmake\n'}
[1.484346] (px4_ros_com) StdoutLine: {'line': b'-- Up-to-date: /home/nicolas/ws_ros2/install/px4_ros_com/share/px4_ros_com/package.xml\n'}
[1.485546] (px4_ros_com) CommandEnded: {'returncode': 0}
[1.499770] (px4_ros_com) JobEnded: {'identifier': 'px4_ros_com', 'rc': 0}
[1.500230] (-) EventReactorShutdown: {}
