[0.000000] (-) TimerEvent: {}
[0.000138] (my_tf2_package) JobQueued: {'identifier': 'my_tf2_package', 'dependencies': OrderedDict()}
[0.000160] (px4_msgs) JobQueued: {'identifier': 'px4_msgs', 'dependencies': OrderedDict()}
[0.000174] (rtabmap_slam_pkg) JobQueued: {'identifier': 'rtabmap_slam_pkg', 'dependencies': OrderedDict()}
[0.000186] (px4_ros_com) JobQueued: {'identifier': 'px4_ros_com', 'dependencies': OrderedDict([('px4_msgs', '/home/nicolas/ws_ros2/install/px4_msgs')])}
[0.000725] (px4_msgs) JobStarted: {'identifier': 'px4_msgs'}
[0.004260] (my_tf2_package) JobStarted: {'identifier': 'my_tf2_package'}
[0.007547] (rtabmap_slam_pkg) JobStarted: {'identifier': 'rtabmap_slam_pkg'}
[0.009628] (px4_msgs) JobProgress: {'identifier': 'px4_msgs', 'progress': 'cmake'}
[0.010551] (px4_msgs) JobProgress: {'identifier': 'px4_msgs', 'progress': 'build'}
[0.010565] (px4_msgs) Command: {'cmd': ['/usr/bin/cmake', '--build', '/home/nicolas/ws_ros2/build/px4_msgs', '--', '-j16', '-l16'], 'cwd': '/home/nicolas/ws_ros2/build/px4_msgs', 'env': OrderedDict([('LESSOPEN', '| /usr/bin/lesspipe %s'), ('USER', 'nicolas'), ('LC_TIME', 'fr_FR.UTF-8'), ('XDG_SESSION_TYPE', 'x11'), ('SHLVL', '1'), ('LD_LIBRARY_PATH', '/opt/ros/humble/opt/rviz_ogre_vendor/lib:/opt/ros/humble/lib/x86_64-linux-gnu:/opt/ros/humble/lib'), ('HOME', '/home/nicolas'), ('OLDPWD', '/home/nicolas'), ('DESKTOP_SESSION', 'ubuntu'), ('ROS_PYTHON_VERSION', '3'), ('GNOME_SHELL_SESSION_MODE', 'ubuntu'), ('GTK_MODULES', 'gail:atk-bridge'), ('LC_MONETARY', 'fr_FR.UTF-8'), ('SYSTEMD_EXEC_PID', '2027'), ('DBUS_SESSION_BUS_ADDRESS', 'unix:path=/run/user/1000/bus'), ('COLORTERM', 'truecolor'), ('ROS_DISTRO', 'humble'), ('GTK_IM_MODULE', 'ibus'), ('LOGNAME', 'nicolas'), ('_', '/usr/bin/colcon'), ('ROS_VERSION', '2'), ('XDG_SESSION_CLASS', 'user'), ('USERNAME', 'nicolas'), ('TERM', 'xterm-256color'), ('GNOME_DESKTOP_SESSION_ID', 'this-is-deprecated'), ('ROS_LOCALHOST_ONLY', '0'), ('WINDOWPATH', '2'), ('PATH', '/opt/ros/humble/bin:/home/nicolas/.local/bin:/usr/local/sbin:/usr/local/bin:/usr/sbin:/usr/bin:/sbin:/bin:/usr/games:/usr/local/games:/snap/bin:/snap/bin:/opt/xtensa-esp-elf/bin/'), ('SESSION_MANAGER', 'local/nicolas-Deputy-P60:@/tmp/.ICE-unix/2004,unix/nicolas-Deputy-P60:/tmp/.ICE-unix/2004'), ('XDG_MENU_PREFIX', 'gnome-'), ('LC_ADDRESS', 'fr_FR.UTF-8'), ('GNOME_TERMINAL_SCREEN', '/org/gnome/Terminal/screen/f33096af_f49e_47d8_a660_3e30ad4a0b32'), ('XDG_RUNTIME_DIR', '/run/user/1000'), ('DISPLAY', ':1'), ('LANG', 'en_US.UTF-8'), ('XDG_CURRENT_DESKTOP', 'ubuntu:GNOME'), ('LC_TELEPHONE', 'fr_FR.UTF-8'), ('XMODIFIERS', '@im=ibus'), ('XDG_SESSION_DESKTOP', 'ubuntu'), ('XAUTHORITY', '/run/user/1000/gdm/Xauthority'), ('LS_COLORS', 'rs=0:di=01;34:ln=01;36:mh=00:pi=40;33:so=01;35:do=01;35:bd=40;33;01:cd=40;33;01:or=40;31;01:mi=00:su=37;41:sg=30;43:ca=30;41:tw=30;42:ow=34;42:st=37;44:ex=01;32:*.tar=01;31:*.tgz=01;31:*.arc=01;31:*.arj=01;31:*.taz=01;31:*.lha=01;31:*.lz4=01;31:*.lzh=01;31:*.lzma=01;31:*.tlz=01;31:*.txz=01;31:*.tzo=01;31:*.t7z=01;31:*.zip=01;31:*.z=01;31:*.dz=01;31:*.gz=01;31:*.lrz=01;31:*.lz=01;31:*.lzo=01;31:*.xz=01;31:*.zst=01;31:*.tzst=01;31:*.bz2=01;31:*.bz=01;31:*.tbz=01;31:*.tbz2=01;31:*.tz=01;31:*.deb=01;31:*.rpm=01;31:*.jar=01;31:*.war=01;31:*.ear=01;31:*.sar=01;31:*.rar=01;31:*.alz=01;31:*.ace=01;31:*.zoo=01;31:*.cpio=01;31:*.7z=01;31:*.rz=01;31:*.cab=01;31:*.wim=01;31:*.swm=01;31:*.dwm=01;31:*.esd=01;31:*.jpg=01;35:*.jpeg=01;35:*.mjpg=01;35:*.mjpeg=01;35:*.gif=01;35:*.bmp=01;35:*.pbm=01;35:*.pgm=01;35:*.ppm=01;35:*.tga=01;35:*.xbm=01;35:*.xpm=01;35:*.tif=01;35:*.tiff=01;35:*.png=01;35:*.svg=01;35:*.svgz=01;35:*.mng=01;35:*.pcx=01;35:*.mov=01;35:*.mpg=01;35:*.mpeg=01;35:*.m2v=01;35:*.mkv=01;35:*.webm=01;35:*.webp=01;35:*.ogm=01;35:*.mp4=01;35:*.m4v=01;35:*.mp4v=01;35:*.vob=01;35:*.qt=01;35:*.nuv=01;35:*.wmv=01;35:*.asf=01;35:*.rm=01;35:*.rmvb=01;35:*.flc=01;35:*.avi=01;35:*.fli=01;35:*.flv=01;35:*.gl=01;35:*.dl=01;35:*.xcf=01;35:*.xwd=01;35:*.yuv=01;35:*.cgm=01;35:*.emf=01;35:*.ogv=01;35:*.ogx=01;35:*.aac=00;36:*.au=00;36:*.flac=00;36:*.m4a=00;36:*.mid=00;36:*.midi=00;36:*.mka=00;36:*.mp3=00;36:*.mpc=00;36:*.ogg=00;36:*.ra=00;36:*.wav=00;36:*.oga=00;36:*.opus=00;36:*.spx=00;36:*.xspf=00;36:'), ('GNOME_TERMINAL_SERVICE', ':1.217'), ('SSH_AGENT_LAUNCHER', 'gnome-keyring'), ('SSH_AUTH_SOCK', '/run/user/1000/keyring/ssh'), ('AMENT_PREFIX_PATH', '/opt/ros/humble'), ('SHELL', '/bin/bash'), ('LC_NAME', 'fr_FR.UTF-8'), ('QT_ACCESSIBILITY', '1'), ('GDMSESSION', 'ubuntu'), ('LESSCLOSE', '/usr/bin/lesspipe %s %s'), ('LC_MEASUREMENT', 'fr_FR.UTF-8'), ('GPG_AGENT_INFO', '/run/user/1000/gnupg/S.gpg-agent:0:1'), ('LC_IDENTIFICATION', 'fr_FR.UTF-8'), ('QT_IM_MODULE', 'ibus'), ('PWD', '/home/nicolas/ws_ros2/build/px4_msgs'), ('LC_ALL', 'en_US.UTF-8'), ('XDG_CONFIG_DIRS', '/etc/xdg/xdg-ubuntu:/etc/xdg'), ('XDG_DATA_DIRS', '/usr/share/ubuntu:/usr/share/gnome:/usr/local/share/:/usr/share/:/var/lib/snapd/desktop'), ('PYTHONPATH', '/opt/ros/humble/lib/python3.10/site-packages:/opt/ros/humble/local/lib/python3.10/dist-packages'), ('LC_NUMERIC', 'fr_FR.UTF-8'), ('LC_PAPER', 'fr_FR.UTF-8'), ('COLCON', '1'), ('VTE_VERSION', '6800'), ('CMAKE_PREFIX_PATH', '/opt/ros/humble')]), 'shell': False}
[0.099913] (-) TimerEvent: {}
[0.186392] (rtabmap_slam_pkg) JobProgress: {'identifier': 'rtabmap_slam_pkg', 'progress': 'cmake'}
[0.187460] (rtabmap_slam_pkg) JobProgress: {'identifier': 'rtabmap_slam_pkg', 'progress': 'build'}
[0.187647] (rtabmap_slam_pkg) Command: {'cmd': ['/usr/bin/cmake', '--build', '/home/nicolas/ws_ros2/build/rtabmap_slam_pkg', '--', '-j16', '-l16'], 'cwd': '/home/nicolas/ws_ros2/build/rtabmap_slam_pkg', 'env': OrderedDict([('LESSOPEN', '| /usr/bin/lesspipe %s'), ('USER', 'nicolas'), ('LC_TIME', 'fr_FR.UTF-8'), ('XDG_SESSION_TYPE', 'x11'), ('SHLVL', '1'), ('LD_LIBRARY_PATH', '/opt/ros/humble/opt/rviz_ogre_vendor/lib:/opt/ros/humble/lib/x86_64-linux-gnu:/opt/ros/humble/lib'), ('HOME', '/home/nicolas'), ('OLDPWD', '/home/nicolas'), ('DESKTOP_SESSION', 'ubuntu'), ('ROS_PYTHON_VERSION', '3'), ('GNOME_SHELL_SESSION_MODE', 'ubuntu'), ('GTK_MODULES', 'gail:atk-bridge'), ('LC_MONETARY', 'fr_FR.UTF-8'), ('SYSTEMD_EXEC_PID', '2027'), ('DBUS_SESSION_BUS_ADDRESS', 'unix:path=/run/user/1000/bus'), ('COLORTERM', 'truecolor'), ('ROS_DISTRO', 'humble'), ('GTK_IM_MODULE', 'ibus'), ('LOGNAME', 'nicolas'), ('_', '/usr/bin/colcon'), ('ROS_VERSION', '2'), ('XDG_SESSION_CLASS', 'user'), ('USERNAME', 'nicolas'), ('TERM', 'xterm-256color'), ('GNOME_DESKTOP_SESSION_ID', 'this-is-deprecated'), ('ROS_LOCALHOST_ONLY', '0'), ('WINDOWPATH', '2'), ('PATH', '/opt/ros/humble/bin:/home/nicolas/.local/bin:/usr/local/sbin:/usr/local/bin:/usr/sbin:/usr/bin:/sbin:/bin:/usr/games:/usr/local/games:/snap/bin:/snap/bin:/opt/xtensa-esp-elf/bin/'), ('SESSION_MANAGER', 'local/nicolas-Deputy-P60:@/tmp/.ICE-unix/2004,unix/nicolas-Deputy-P60:/tmp/.ICE-unix/2004'), ('XDG_MENU_PREFIX', 'gnome-'), ('LC_ADDRESS', 'fr_FR.UTF-8'), ('GNOME_TERMINAL_SCREEN', '/org/gnome/Terminal/screen/f33096af_f49e_47d8_a660_3e30ad4a0b32'), ('XDG_RUNTIME_DIR', '/run/user/1000'), ('DISPLAY', ':1'), ('LANG', 'en_US.UTF-8'), ('XDG_CURRENT_DESKTOP', 'ubuntu:GNOME'), ('LC_TELEPHONE', 'fr_FR.UTF-8'), ('XMODIFIERS', '@im=ibus'), ('XDG_SESSION_DESKTOP', 'ubuntu'), ('XAUTHORITY', '/run/user/1000/gdm/Xauthority'), ('LS_COLORS', 'rs=0:di=01;34:ln=01;36:mh=00:pi=40;33:so=01;35:do=01;35:bd=40;33;01:cd=40;33;01:or=40;31;01:mi=00:su=37;41:sg=30;43:ca=30;41:tw=30;42:ow=34;42:st=37;44:ex=01;32:*.tar=01;31:*.tgz=01;31:*.arc=01;31:*.arj=01;31:*.taz=01;31:*.lha=01;31:*.lz4=01;31:*.lzh=01;31:*.lzma=01;31:*.tlz=01;31:*.txz=01;31:*.tzo=01;31:*.t7z=01;31:*.zip=01;31:*.z=01;31:*.dz=01;31:*.gz=01;31:*.lrz=01;31:*.lz=01;31:*.lzo=01;31:*.xz=01;31:*.zst=01;31:*.tzst=01;31:*.bz2=01;31:*.bz=01;31:*.tbz=01;31:*.tbz2=01;31:*.tz=01;31:*.deb=01;31:*.rpm=01;31:*.jar=01;31:*.war=01;31:*.ear=01;31:*.sar=01;31:*.rar=01;31:*.alz=01;31:*.ace=01;31:*.zoo=01;31:*.cpio=01;31:*.7z=01;31:*.rz=01;31:*.cab=01;31:*.wim=01;31:*.swm=01;31:*.dwm=01;31:*.esd=01;31:*.jpg=01;35:*.jpeg=01;35:*.mjpg=01;35:*.mjpeg=01;35:*.gif=01;35:*.bmp=01;35:*.pbm=01;35:*.pgm=01;35:*.ppm=01;35:*.tga=01;35:*.xbm=01;35:*.xpm=01;35:*.tif=01;35:*.tiff=01;35:*.png=01;35:*.svg=01;35:*.svgz=01;35:*.mng=01;35:*.pcx=01;35:*.mov=01;35:*.mpg=01;35:*.mpeg=01;35:*.m2v=01;35:*.mkv=01;35:*.webm=01;35:*.webp=01;35:*.ogm=01;35:*.mp4=01;35:*.m4v=01;35:*.mp4v=01;35:*.vob=01;35:*.qt=01;35:*.nuv=01;35:*.wmv=01;35:*.asf=01;35:*.rm=01;35:*.rmvb=01;35:*.flc=01;35:*.avi=01;35:*.fli=01;35:*.flv=01;35:*.gl=01;35:*.dl=01;35:*.xcf=01;35:*.xwd=01;35:*.yuv=01;35:*.cgm=01;35:*.emf=01;35:*.ogv=01;35:*.ogx=01;35:*.aac=00;36:*.au=00;36:*.flac=00;36:*.m4a=00;36:*.mid=00;36:*.midi=00;36:*.mka=00;36:*.mp3=00;36:*.mpc=00;36:*.ogg=00;36:*.ra=00;36:*.wav=00;36:*.oga=00;36:*.opus=00;36:*.spx=00;36:*.xspf=00;36:'), ('GNOME_TERMINAL_SERVICE', ':1.217'), ('SSH_AGENT_LAUNCHER', 'gnome-keyring'), ('SSH_AUTH_SOCK', '/run/user/1000/keyring/ssh'), ('AMENT_PREFIX_PATH', '/opt/ros/humble'), ('SHELL', '/bin/bash'), ('LC_NAME', 'fr_FR.UTF-8'), ('QT_ACCESSIBILITY', '1'), ('GDMSESSION', 'ubuntu'), ('LESSCLOSE', '/usr/bin/lesspipe %s %s'), ('LC_MEASUREMENT', 'fr_FR.UTF-8'), ('GPG_AGENT_INFO', '/run/user/1000/gnupg/S.gpg-agent:0:1'), ('LC_IDENTIFICATION', 'fr_FR.UTF-8'), ('QT_IM_MODULE', 'ibus'), ('PWD', '/home/nicolas/ws_ros2/build/rtabmap_slam_pkg'), ('LC_ALL', 'en_US.UTF-8'), ('XDG_CONFIG_DIRS', '/etc/xdg/xdg-ubuntu:/etc/xdg'), ('XDG_DATA_DIRS', '/usr/share/ubuntu:/usr/share/gnome:/usr/local/share/:/usr/share/:/var/lib/snapd/desktop'), ('PYTHONPATH', '/opt/ros/humble/lib/python3.10/site-packages:/opt/ros/humble/local/lib/python3.10/dist-packages'), ('LC_NUMERIC', 'fr_FR.UTF-8'), ('LC_PAPER', 'fr_FR.UTF-8'), ('COLCON', '1'), ('VTE_VERSION', '6800'), ('CMAKE_PREFIX_PATH', '/opt/ros/humble')]), 'shell': False}
[0.200092] (-) TimerEvent: {}
[0.222230] (rtabmap_slam_pkg) CommandEnded: {'returncode': 0}
[0.222670] (rtabmap_slam_pkg) JobProgress: {'identifier': 'rtabmap_slam_pkg', 'progress': 'install'}
[0.229293] (rtabmap_slam_pkg) Command: {'cmd': ['/usr/bin/cmake', '--install', '/home/nicolas/ws_ros2/build/rtabmap_slam_pkg'], 'cwd': '/home/nicolas/ws_ros2/build/rtabmap_slam_pkg', 'env': OrderedDict([('LESSOPEN', '| /usr/bin/lesspipe %s'), ('USER', 'nicolas'), ('LC_TIME', 'fr_FR.UTF-8'), ('XDG_SESSION_TYPE', 'x11'), ('SHLVL', '1'), ('LD_LIBRARY_PATH', '/opt/ros/humble/opt/rviz_ogre_vendor/lib:/opt/ros/humble/lib/x86_64-linux-gnu:/opt/ros/humble/lib'), ('HOME', '/home/nicolas'), ('OLDPWD', '/home/nicolas'), ('DESKTOP_SESSION', 'ubuntu'), ('ROS_PYTHON_VERSION', '3'), ('GNOME_SHELL_SESSION_MODE', 'ubuntu'), ('GTK_MODULES', 'gail:atk-bridge'), ('LC_MONETARY', 'fr_FR.UTF-8'), ('SYSTEMD_EXEC_PID', '2027'), ('DBUS_SESSION_BUS_ADDRESS', 'unix:path=/run/user/1000/bus'), ('COLORTERM', 'truecolor'), ('ROS_DISTRO', 'humble'), ('GTK_IM_MODULE', 'ibus'), ('LOGNAME', 'nicolas'), ('_', '/usr/bin/colcon'), ('ROS_VERSION', '2'), ('XDG_SESSION_CLASS', 'user'), ('USERNAME', 'nicolas'), ('TERM', 'xterm-256color'), ('GNOME_DESKTOP_SESSION_ID', 'this-is-deprecated'), ('ROS_LOCALHOST_ONLY', '0'), ('WINDOWPATH', '2'), ('PATH', '/opt/ros/humble/bin:/home/nicolas/.local/bin:/usr/local/sbin:/usr/local/bin:/usr/sbin:/usr/bin:/sbin:/bin:/usr/games:/usr/local/games:/snap/bin:/snap/bin:/opt/xtensa-esp-elf/bin/'), ('SESSION_MANAGER', 'local/nicolas-Deputy-P60:@/tmp/.ICE-unix/2004,unix/nicolas-Deputy-P60:/tmp/.ICE-unix/2004'), ('XDG_MENU_PREFIX', 'gnome-'), ('LC_ADDRESS', 'fr_FR.UTF-8'), ('GNOME_TERMINAL_SCREEN', '/org/gnome/Terminal/screen/f33096af_f49e_47d8_a660_3e30ad4a0b32'), ('XDG_RUNTIME_DIR', '/run/user/1000'), ('DISPLAY', ':1'), ('LANG', 'en_US.UTF-8'), ('XDG_CURRENT_DESKTOP', 'ubuntu:GNOME'), ('LC_TELEPHONE', 'fr_FR.UTF-8'), ('XMODIFIERS', '@im=ibus'), ('XDG_SESSION_DESKTOP', 'ubuntu'), ('XAUTHORITY', '/run/user/1000/gdm/Xauthority'), ('LS_COLORS', 'rs=0:di=01;34:ln=01;36:mh=00:pi=40;33:so=01;35:do=01;35:bd=40;33;01:cd=40;33;01:or=40;31;01:mi=00:su=37;41:sg=30;43:ca=30;41:tw=30;42:ow=34;42:st=37;44:ex=01;32:*.tar=01;31:*.tgz=01;31:*.arc=01;31:*.arj=01;31:*.taz=01;31:*.lha=01;31:*.lz4=01;31:*.lzh=01;31:*.lzma=01;31:*.tlz=01;31:*.txz=01;31:*.tzo=01;31:*.t7z=01;31:*.zip=01;31:*.z=01;31:*.dz=01;31:*.gz=01;31:*.lrz=01;31:*.lz=01;31:*.lzo=01;31:*.xz=01;31:*.zst=01;31:*.tzst=01;31:*.bz2=01;31:*.bz=01;31:*.tbz=01;31:*.tbz2=01;31:*.tz=01;31:*.deb=01;31:*.rpm=01;31:*.jar=01;31:*.war=01;31:*.ear=01;31:*.sar=01;31:*.rar=01;31:*.alz=01;31:*.ace=01;31:*.zoo=01;31:*.cpio=01;31:*.7z=01;31:*.rz=01;31:*.cab=01;31:*.wim=01;31:*.swm=01;31:*.dwm=01;31:*.esd=01;31:*.jpg=01;35:*.jpeg=01;35:*.mjpg=01;35:*.mjpeg=01;35:*.gif=01;35:*.bmp=01;35:*.pbm=01;35:*.pgm=01;35:*.ppm=01;35:*.tga=01;35:*.xbm=01;35:*.xpm=01;35:*.tif=01;35:*.tiff=01;35:*.png=01;35:*.svg=01;35:*.svgz=01;35:*.mng=01;35:*.pcx=01;35:*.mov=01;35:*.mpg=01;35:*.mpeg=01;35:*.m2v=01;35:*.mkv=01;35:*.webm=01;35:*.webp=01;35:*.ogm=01;35:*.mp4=01;35:*.m4v=01;35:*.mp4v=01;35:*.vob=01;35:*.qt=01;35:*.nuv=01;35:*.wmv=01;35:*.asf=01;35:*.rm=01;35:*.rmvb=01;35:*.flc=01;35:*.avi=01;35:*.fli=01;35:*.flv=01;35:*.gl=01;35:*.dl=01;35:*.xcf=01;35:*.xwd=01;35:*.yuv=01;35:*.cgm=01;35:*.emf=01;35:*.ogv=01;35:*.ogx=01;35:*.aac=00;36:*.au=00;36:*.flac=00;36:*.m4a=00;36:*.mid=00;36:*.midi=00;36:*.mka=00;36:*.mp3=00;36:*.mpc=00;36:*.ogg=00;36:*.ra=00;36:*.wav=00;36:*.oga=00;36:*.opus=00;36:*.spx=00;36:*.xspf=00;36:'), ('GNOME_TERMINAL_SERVICE', ':1.217'), ('SSH_AGENT_LAUNCHER', 'gnome-keyring'), ('SSH_AUTH_SOCK', '/run/user/1000/keyring/ssh'), ('AMENT_PREFIX_PATH', '/opt/ros/humble'), ('SHELL', '/bin/bash'), ('LC_NAME', 'fr_FR.UTF-8'), ('QT_ACCESSIBILITY', '1'), ('GDMSESSION', 'ubuntu'), ('LESSCLOSE', '/usr/bin/lesspipe %s %s'), ('LC_MEASUREMENT', 'fr_FR.UTF-8'), ('GPG_AGENT_INFO', '/run/user/1000/gnupg/S.gpg-agent:0:1'), ('LC_IDENTIFICATION', 'fr_FR.UTF-8'), ('QT_IM_MODULE', 'ibus'), ('PWD', '/home/nicolas/ws_ros2/build/rtabmap_slam_pkg'), ('LC_ALL', 'en_US.UTF-8'), ('XDG_CONFIG_DIRS', '/etc/xdg/xdg-ubuntu:/etc/xdg'), ('XDG_DATA_DIRS', '/usr/share/ubuntu:/usr/share/gnome:/usr/local/share/:/usr/share/:/var/lib/snapd/desktop'), ('PYTHONPATH', '/opt/ros/humble/lib/python3.10/site-packages:/opt/ros/humble/local/lib/python3.10/dist-packages'), ('LC_NUMERIC', 'fr_FR.UTF-8'), ('LC_PAPER', 'fr_FR.UTF-8'), ('COLCON', '1'), ('VTE_VERSION', '6800'), ('CMAKE_PREFIX_PATH', '/opt/ros/humble')]), 'shell': False}
[0.236227] (rtabmap_slam_pkg) StdoutLine: {'line': b'-- Install configuration: ""\n'}
[0.236718] (rtabmap_slam_pkg) StdoutLine: {'line': b'-- Up-to-date: /home/nicolas/ws_ros2/install/rtabmap_slam_pkg/share/rtabmap_slam_pkg/launch\n'}
[0.236813] (rtabmap_slam_pkg) StdoutLine: {'line': b'-- Up-to-date: /home/nicolas/ws_ros2/install/rtabmap_slam_pkg/share/rtabmap_slam_pkg/launch/rtabmap_slam.launch.py\n'}
[0.236885] (rtabmap_slam_pkg) StdoutLine: {'line': b'-- Up-to-date: /home/nicolas/ws_ros2/install/rtabmap_slam_pkg/share/ament_index/resource_index/package_run_dependencies/rtabmap_slam_pkg\n'}
[0.236952] (rtabmap_slam_pkg) StdoutLine: {'line': b'-- Up-to-date: /home/nicolas/ws_ros2/install/rtabmap_slam_pkg/share/ament_index/resource_index/parent_prefix_path/rtabmap_slam_pkg\n'}
[0.237016] (rtabmap_slam_pkg) StdoutLine: {'line': b'-- Up-to-date: /home/nicolas/ws_ros2/install/rtabmap_slam_pkg/share/rtabmap_slam_pkg/environment/ament_prefix_path.sh\n'}
[0.237081] (rtabmap_slam_pkg) StdoutLine: {'line': b'-- Up-to-date: /home/nicolas/ws_ros2/install/rtabmap_slam_pkg/share/rtabmap_slam_pkg/environment/ament_prefix_path.dsv\n'}
[0.238003] (rtabmap_slam_pkg) StdoutLine: {'line': b'-- Up-to-date: /home/nicolas/ws_ros2/install/rtabmap_slam_pkg/share/rtabmap_slam_pkg/environment/path.sh\n'}
[0.238159] (rtabmap_slam_pkg) StdoutLine: {'line': b'-- Up-to-date: /home/nicolas/ws_ros2/install/rtabmap_slam_pkg/share/rtabmap_slam_pkg/environment/path.dsv\n'}
[0.238293] (rtabmap_slam_pkg) StdoutLine: {'line': b'-- Up-to-date: /home/nicolas/ws_ros2/install/rtabmap_slam_pkg/share/rtabmap_slam_pkg/local_setup.bash\n'}
[0.238448] (rtabmap_slam_pkg) StdoutLine: {'line': b'-- Up-to-date: /home/nicolas/ws_ros2/install/rtabmap_slam_pkg/share/rtabmap_slam_pkg/local_setup.sh\n'}
[0.238678] (rtabmap_slam_pkg) StdoutLine: {'line': b'-- Up-to-date: /home/nicolas/ws_ros2/install/rtabmap_slam_pkg/share/rtabmap_slam_pkg/local_setup.zsh\n'}
[0.238900] (rtabmap_slam_pkg) StdoutLine: {'line': b'-- Up-to-date: /home/nicolas/ws_ros2/install/rtabmap_slam_pkg/share/rtabmap_slam_pkg/local_setup.dsv\n'}
[0.239162] (rtabmap_slam_pkg) StdoutLine: {'line': b'-- Installing: /home/nicolas/ws_ros2/install/rtabmap_slam_pkg/share/rtabmap_slam_pkg/package.dsv\n'}
[0.239262] (rtabmap_slam_pkg) StdoutLine: {'line': b'-- Up-to-date: /home/nicolas/ws_ros2/install/rtabmap_slam_pkg/share/ament_index/resource_index/packages/rtabmap_slam_pkg\n'}
[0.239383] (rtabmap_slam_pkg) StdoutLine: {'line': b'-- Up-to-date: /home/nicolas/ws_ros2/install/rtabmap_slam_pkg/share/rtabmap_slam_pkg/cmake/rtabmap_slam_pkgConfig.cmake\n'}
[0.239465] (rtabmap_slam_pkg) StdoutLine: {'line': b'-- Up-to-date: /home/nicolas/ws_ros2/install/rtabmap_slam_pkg/share/rtabmap_slam_pkg/cmake/rtabmap_slam_pkgConfig-version.cmake\n'}
[0.239573] (rtabmap_slam_pkg) StdoutLine: {'line': b'-- Up-to-date: /home/nicolas/ws_ros2/install/rtabmap_slam_pkg/share/rtabmap_slam_pkg/package.xml\n'}
[0.239759] (rtabmap_slam_pkg) CommandEnded: {'returncode': 0}
[0.248262] (rtabmap_slam_pkg) JobEnded: {'identifier': 'rtabmap_slam_pkg', 'rc': 0}
[0.300178] (-) TimerEvent: {}
[0.400422] (-) TimerEvent: {}
[0.408388] (my_tf2_package) Command: {'cmd': ['/usr/bin/python3', '-W', 'ignore:setup.py install is deprecated', '-W', 'ignore:easy_install command is deprecated', 'setup.py', 'egg_info', '--egg-base', '../../build/my_tf2_package', 'build', '--build-base', '/home/nicolas/ws_ros2/build/my_tf2_package/build', 'install', '--record', '/home/nicolas/ws_ros2/build/my_tf2_package/install.log', '--single-version-externally-managed', 'install_data'], 'cwd': '/home/nicolas/ws_ros2/src/my_tf2_package', 'env': {'LESSOPEN': '| /usr/bin/lesspipe %s', 'USER': 'nicolas', 'LC_TIME': 'fr_FR.UTF-8', 'XDG_SESSION_TYPE': 'x11', 'SHLVL': '1', 'LD_LIBRARY_PATH': '/opt/ros/humble/opt/rviz_ogre_vendor/lib:/opt/ros/humble/lib/x86_64-linux-gnu:/opt/ros/humble/lib', 'HOME': '/home/nicolas', 'OLDPWD': '/home/nicolas', 'DESKTOP_SESSION': 'ubuntu', 'ROS_PYTHON_VERSION': '3', 'GNOME_SHELL_SESSION_MODE': 'ubuntu', 'GTK_MODULES': 'gail:atk-bridge', 'LC_MONETARY': 'fr_FR.UTF-8', 'SYSTEMD_EXEC_PID': '2027', 'DBUS_SESSION_BUS_ADDRESS': 'unix:path=/run/user/1000/bus', 'COLORTERM': 'truecolor', 'ROS_DISTRO': 'humble', 'GTK_IM_MODULE': 'ibus', 'LOGNAME': 'nicolas', '_': '/usr/bin/colcon', 'ROS_VERSION': '2', 'XDG_SESSION_CLASS': 'user', 'USERNAME': 'nicolas', 'TERM': 'xterm-256color', 'GNOME_DESKTOP_SESSION_ID': 'this-is-deprecated', 'ROS_LOCALHOST_ONLY': '0', 'WINDOWPATH': '2', 'PATH': '/opt/ros/humble/bin:/home/nicolas/.local/bin:/usr/local/sbin:/usr/local/bin:/usr/sbin:/usr/bin:/sbin:/bin:/usr/games:/usr/local/games:/snap/bin:/snap/bin:/opt/xtensa-esp-elf/bin/', 'SESSION_MANAGER': 'local/nicolas-Deputy-P60:@/tmp/.ICE-unix/2004,unix/nicolas-Deputy-P60:/tmp/.ICE-unix/2004', 'XDG_MENU_PREFIX': 'gnome-', 'LC_ADDRESS': 'fr_FR.UTF-8', 'GNOME_TERMINAL_SCREEN': '/org/gnome/Terminal/screen/f33096af_f49e_47d8_a660_3e30ad4a0b32', 'XDG_RUNTIME_DIR': '/run/user/1000', 'DISPLAY': ':1', 'LANG': 'en_US.UTF-8', 'XDG_CURRENT_DESKTOP': 'ubuntu:GNOME', 'LC_TELEPHONE': 'fr_FR.UTF-8', 'XMODIFIERS': '@im=ibus', 'XDG_SESSION_DESKTOP': 'ubuntu', 'XAUTHORITY': '/run/user/1000/gdm/Xauthority', 'LS_COLORS': 'rs=0:di=01;34:ln=01;36:mh=00:pi=40;33:so=01;35:do=01;35:bd=40;33;01:cd=40;33;01:or=40;31;01:mi=00:su=37;41:sg=30;43:ca=30;41:tw=30;42:ow=34;42:st=37;44:ex=01;32:*.tar=01;31:*.tgz=01;31:*.arc=01;31:*.arj=01;31:*.taz=01;31:*.lha=01;31:*.lz4=01;31:*.lzh=01;31:*.lzma=01;31:*.tlz=01;31:*.txz=01;31:*.tzo=01;31:*.t7z=01;31:*.zip=01;31:*.z=01;31:*.dz=01;31:*.gz=01;31:*.lrz=01;31:*.lz=01;31:*.lzo=01;31:*.xz=01;31:*.zst=01;31:*.tzst=01;31:*.bz2=01;31:*.bz=01;31:*.tbz=01;31:*.tbz2=01;31:*.tz=01;31:*.deb=01;31:*.rpm=01;31:*.jar=01;31:*.war=01;31:*.ear=01;31:*.sar=01;31:*.rar=01;31:*.alz=01;31:*.ace=01;31:*.zoo=01;31:*.cpio=01;31:*.7z=01;31:*.rz=01;31:*.cab=01;31:*.wim=01;31:*.swm=01;31:*.dwm=01;31:*.esd=01;31:*.jpg=01;35:*.jpeg=01;35:*.mjpg=01;35:*.mjpeg=01;35:*.gif=01;35:*.bmp=01;35:*.pbm=01;35:*.pgm=01;35:*.ppm=01;35:*.tga=01;35:*.xbm=01;35:*.xpm=01;35:*.tif=01;35:*.tiff=01;35:*.png=01;35:*.svg=01;35:*.svgz=01;35:*.mng=01;35:*.pcx=01;35:*.mov=01;35:*.mpg=01;35:*.mpeg=01;35:*.m2v=01;35:*.mkv=01;35:*.webm=01;35:*.webp=01;35:*.ogm=01;35:*.mp4=01;35:*.m4v=01;35:*.mp4v=01;35:*.vob=01;35:*.qt=01;35:*.nuv=01;35:*.wmv=01;35:*.asf=01;35:*.rm=01;35:*.rmvb=01;35:*.flc=01;35:*.avi=01;35:*.fli=01;35:*.flv=01;35:*.gl=01;35:*.dl=01;35:*.xcf=01;35:*.xwd=01;35:*.yuv=01;35:*.cgm=01;35:*.emf=01;35:*.ogv=01;35:*.ogx=01;35:*.aac=00;36:*.au=00;36:*.flac=00;36:*.m4a=00;36:*.mid=00;36:*.midi=00;36:*.mka=00;36:*.mp3=00;36:*.mpc=00;36:*.ogg=00;36:*.ra=00;36:*.wav=00;36:*.oga=00;36:*.opus=00;36:*.spx=00;36:*.xspf=00;36:', 'GNOME_TERMINAL_SERVICE': ':1.217', 'SSH_AGENT_LAUNCHER': 'gnome-keyring', 'SSH_AUTH_SOCK': '/run/user/1000/keyring/ssh', 'AMENT_PREFIX_PATH': '/opt/ros/humble', 'SHELL': '/bin/bash', 'LC_NAME': 'fr_FR.UTF-8', 'QT_ACCESSIBILITY': '1', 'GDMSESSION': 'ubuntu', 'LESSCLOSE': '/usr/bin/lesspipe %s %s', 'LC_MEASUREMENT': 'fr_FR.UTF-8', 'GPG_AGENT_INFO': '/run/user/1000/gnupg/S.gpg-agent:0:1', 'LC_IDENTIFICATION': 'fr_FR.UTF-8', 'QT_IM_MODULE': 'ibus', 'PWD': '/home/nicolas/ws_ros2/build/my_tf2_package', 'LC_ALL': 'en_US.UTF-8', 'XDG_CONFIG_DIRS': '/etc/xdg/xdg-ubuntu:/etc/xdg', 'XDG_DATA_DIRS': '/usr/share/ubuntu:/usr/share/gnome:/usr/local/share/:/usr/share/:/var/lib/snapd/desktop', 'PYTHONPATH': '/home/nicolas/ws_ros2/build/my_tf2_package/prefix_override:/usr/lib/python3/dist-packages/colcon_core/task/python/colcon_distutils_commands:/home/nicolas/ws_ros2/install/my_tf2_package/lib/python3.10/site-packages:/opt/ros/humble/lib/python3.10/site-packages:/opt/ros/humble/local/lib/python3.10/dist-packages', 'LC_NUMERIC': 'fr_FR.UTF-8', 'LC_PAPER': 'fr_FR.UTF-8', 'COLCON': '1', 'VTE_VERSION': '6800'}, 'shell': False}
[0.466553] (px4_msgs) StdoutLine: {'line': b'[  0%] Built target px4_msgs__cpp\n'}
[0.482208] (px4_msgs) StdoutLine: {'line': b'[  0%] Built target ament_cmake_python_copy_px4_msgs\n'}
[0.494255] (px4_msgs) StdoutLine: {'line': b'[ 12%] Built target px4_msgs__rosidl_generator_c\n'}
[0.500512] (-) TimerEvent: {}
[0.547777] (px4_msgs) StdoutLine: {'line': b'[ 25%] Built target px4_msgs__rosidl_typesupport_c\n'}
[0.560314] (px4_msgs) StdoutLine: {'line': b'[ 37%] Built target px4_msgs__rosidl_typesupport_cpp\n'}
[0.564560] (px4_msgs) StdoutLine: {'line': b'[ 50%] Built target px4_msgs__rosidl_typesupport_introspection_cpp\n'}
[0.581383] (px4_msgs) StdoutLine: {'line': b'[ 63%] Built target px4_msgs__rosidl_typesupport_introspection_c\n'}
[0.584225] (px4_msgs) StdoutLine: {'line': b'[ 75%] Built target px4_msgs__rosidl_typesupport_fastrtps_cpp\n'}
[0.600719] (-) TimerEvent: {}
[0.602999] (my_tf2_package) StdoutLine: {'line': b'running egg_info\n'}
[0.603485] (my_tf2_package) StdoutLine: {'line': b'writing ../../build/my_tf2_package/my_tf2_package.egg-info/PKG-INFO\n'}
[0.603726] (my_tf2_package) StdoutLine: {'line': b'writing dependency_links to ../../build/my_tf2_package/my_tf2_package.egg-info/dependency_links.txt\n'}
[0.603860] (my_tf2_package) StdoutLine: {'line': b'writing entry points to ../../build/my_tf2_package/my_tf2_package.egg-info/entry_points.txt\n'}
[0.604061] (my_tf2_package) StdoutLine: {'line': b'writing requirements to ../../build/my_tf2_package/my_tf2_package.egg-info/requires.txt\n'}
[0.604161] (my_tf2_package) StdoutLine: {'line': b'writing top-level names to ../../build/my_tf2_package/my_tf2_package.egg-info/top_level.txt\n'}
[0.605166] (my_tf2_package) StdoutLine: {'line': b"reading manifest file '../../build/my_tf2_package/my_tf2_package.egg-info/SOURCES.txt'\n"}
[0.605939] (my_tf2_package) StdoutLine: {'line': b"writing manifest file '../../build/my_tf2_package/my_tf2_package.egg-info/SOURCES.txt'\n"}
[0.606065] (my_tf2_package) StdoutLine: {'line': b'running build\n'}
[0.606152] (my_tf2_package) StdoutLine: {'line': b'running build_py\n'}
[0.606340] (my_tf2_package) StdoutLine: {'line': b'running install\n'}
[0.606518] (my_tf2_package) StdoutLine: {'line': b'running install_lib\n'}
[0.607316] (my_tf2_package) StdoutLine: {'line': b'running install_data\n'}
[0.607491] (my_tf2_package) StdoutLine: {'line': b'running install_egg_info\n'}
[0.608812] (my_tf2_package) StdoutLine: {'line': b"removing '/home/nicolas/ws_ros2/install/my_tf2_package/lib/python3.10/site-packages/my_tf2_package-0.0.0-py3.10.egg-info' (and everything under it)\n"}
[0.609022] (my_tf2_package) StdoutLine: {'line': b'Copying ../../build/my_tf2_package/my_tf2_package.egg-info to /home/nicolas/ws_ros2/install/my_tf2_package/lib/python3.10/site-packages/my_tf2_package-0.0.0-py3.10.egg-info\n'}
[0.609585] (my_tf2_package) StdoutLine: {'line': b'running install_scripts\n'}
[0.623386] (px4_msgs) StdoutLine: {'line': b'[ 88%] Built target px4_msgs__rosidl_typesupport_fastrtps_c\n'}
[0.626257] (my_tf2_package) StdoutLine: {'line': b'Installing drone_tf_node script to /home/nicolas/ws_ros2/install/my_tf2_package/lib/my_tf2_package\n'}
[0.626513] (my_tf2_package) StdoutLine: {'line': b"writing list of installed files to '/home/nicolas/ws_ros2/build/my_tf2_package/install.log'\n"}
[0.644071] (px4_msgs) StdoutLine: {'line': b'[ 88%] Built target px4_msgs\n'}
[0.644918] (my_tf2_package) CommandEnded: {'returncode': 0}
[0.649763] (my_tf2_package) JobEnded: {'identifier': 'my_tf2_package', 'rc': 0}
[0.668585] (px4_msgs) StdoutLine: {'line': b'[ 88%] Built target px4_msgs__py\n'}
[0.669847] (px4_msgs) StdoutLine: {'line': b'running egg_info\n'}
[0.670156] (px4_msgs) StdoutLine: {'line': b'writing px4_msgs.egg-info/PKG-INFO\n'}
[0.670281] (px4_msgs) StdoutLine: {'line': b'writing dependency_links to px4_msgs.egg-info/dependency_links.txt\n'}
[0.670374] (px4_msgs) StdoutLine: {'line': b'writing top-level names to px4_msgs.egg-info/top_level.txt\n'}
[0.673649] (px4_msgs) StdoutLine: {'line': b"reading manifest file 'px4_msgs.egg-info/SOURCES.txt'\n"}
[0.675987] (px4_msgs) StdoutLine: {'line': b"writing manifest file 'px4_msgs.egg-info/SOURCES.txt'\n"}
[0.693263] (px4_msgs) StdoutLine: {'line': b'[ 88%] Built target ament_cmake_python_build_px4_msgs_egg\n'}
[0.700880] (-) TimerEvent: {}
[0.742251] (px4_msgs) StdoutLine: {'line': b'[100%] Built target px4_msgs__rosidl_generator_py\n'}
[0.759306] (px4_msgs) StdoutLine: {'line': b'[100%] Built target px4_msgs__rosidl_typesupport_introspection_c__pyext\n'}
[0.759841] (px4_msgs) StdoutLine: {'line': b'[100%] Built target px4_msgs__rosidl_typesupport_c__pyext\n'}
[0.760775] (px4_msgs) StdoutLine: {'line': b'[100%] Built target px4_msgs__rosidl_typesupport_fastrtps_c__pyext\n'}
[0.768659] (px4_msgs) CommandEnded: {'returncode': 0}
[0.769155] (px4_msgs) JobProgress: {'identifier': 'px4_msgs', 'progress': 'install'}
[0.769340] (px4_msgs) Command: {'cmd': ['/usr/bin/cmake', '--install', '/home/nicolas/ws_ros2/build/px4_msgs'], 'cwd': '/home/nicolas/ws_ros2/build/px4_msgs', 'env': OrderedDict([('LESSOPEN', '| /usr/bin/lesspipe %s'), ('USER', 'nicolas'), ('LC_TIME', 'fr_FR.UTF-8'), ('XDG_SESSION_TYPE', 'x11'), ('SHLVL', '1'), ('LD_LIBRARY_PATH', '/opt/ros/humble/opt/rviz_ogre_vendor/lib:/opt/ros/humble/lib/x86_64-linux-gnu:/opt/ros/humble/lib'), ('HOME', '/home/nicolas'), ('OLDPWD', '/home/nicolas'), ('DESKTOP_SESSION', 'ubuntu'), ('ROS_PYTHON_VERSION', '3'), ('GNOME_SHELL_SESSION_MODE', 'ubuntu'), ('GTK_MODULES', 'gail:atk-bridge'), ('LC_MONETARY', 'fr_FR.UTF-8'), ('SYSTEMD_EXEC_PID', '2027'), ('DBUS_SESSION_BUS_ADDRESS', 'unix:path=/run/user/1000/bus'), ('COLORTERM', 'truecolor'), ('ROS_DISTRO', 'humble'), ('GTK_IM_MODULE', 'ibus'), ('LOGNAME', 'nicolas'), ('_', '/usr/bin/colcon'), ('ROS_VERSION', '2'), ('XDG_SESSION_CLASS', 'user'), ('USERNAME', 'nicolas'), ('TERM', 'xterm-256color'), ('GNOME_DESKTOP_SESSION_ID', 'this-is-deprecated'), ('ROS_LOCALHOST_ONLY', '0'), ('WINDOWPATH', '2'), ('PATH', '/opt/ros/humble/bin:/home/nicolas/.local/bin:/usr/local/sbin:/usr/local/bin:/usr/sbin:/usr/bin:/sbin:/bin:/usr/games:/usr/local/games:/snap/bin:/snap/bin:/opt/xtensa-esp-elf/bin/'), ('SESSION_MANAGER', 'local/nicolas-Deputy-P60:@/tmp/.ICE-unix/2004,unix/nicolas-Deputy-P60:/tmp/.ICE-unix/2004'), ('XDG_MENU_PREFIX', 'gnome-'), ('LC_ADDRESS', 'fr_FR.UTF-8'), ('GNOME_TERMINAL_SCREEN', '/org/gnome/Terminal/screen/f33096af_f49e_47d8_a660_3e30ad4a0b32'), ('XDG_RUNTIME_DIR', '/run/user/1000'), ('DISPLAY', ':1'), ('LANG', 'en_US.UTF-8'), ('XDG_CURRENT_DESKTOP', 'ubuntu:GNOME'), ('LC_TELEPHONE', 'fr_FR.UTF-8'), ('XMODIFIERS', '@im=ibus'), ('XDG_SESSION_DESKTOP', 'ubuntu'), ('XAUTHORITY', '/run/user/1000/gdm/Xauthority'), ('LS_COLORS', 'rs=0:di=01;34:ln=01;36:mh=00:pi=40;33:so=01;35:do=01;35:bd=40;33;01:cd=40;33;01:or=40;31;01:mi=00:su=37;41:sg=30;43:ca=30;41:tw=30;42:ow=34;42:st=37;44:ex=01;32:*.tar=01;31:*.tgz=01;31:*.arc=01;31:*.arj=01;31:*.taz=01;31:*.lha=01;31:*.lz4=01;31:*.lzh=01;31:*.lzma=01;31:*.tlz=01;31:*.txz=01;31:*.tzo=01;31:*.t7z=01;31:*.zip=01;31:*.z=01;31:*.dz=01;31:*.gz=01;31:*.lrz=01;31:*.lz=01;31:*.lzo=01;31:*.xz=01;31:*.zst=01;31:*.tzst=01;31:*.bz2=01;31:*.bz=01;31:*.tbz=01;31:*.tbz2=01;31:*.tz=01;31:*.deb=01;31:*.rpm=01;31:*.jar=01;31:*.war=01;31:*.ear=01;31:*.sar=01;31:*.rar=01;31:*.alz=01;31:*.ace=01;31:*.zoo=01;31:*.cpio=01;31:*.7z=01;31:*.rz=01;31:*.cab=01;31:*.wim=01;31:*.swm=01;31:*.dwm=01;31:*.esd=01;31:*.jpg=01;35:*.jpeg=01;35:*.mjpg=01;35:*.mjpeg=01;35:*.gif=01;35:*.bmp=01;35:*.pbm=01;35:*.pgm=01;35:*.ppm=01;35:*.tga=01;35:*.xbm=01;35:*.xpm=01;35:*.tif=01;35:*.tiff=01;35:*.png=01;35:*.svg=01;35:*.svgz=01;35:*.mng=01;35:*.pcx=01;35:*.mov=01;35:*.mpg=01;35:*.mpeg=01;35:*.m2v=01;35:*.mkv=01;35:*.webm=01;35:*.webp=01;35:*.ogm=01;35:*.mp4=01;35:*.m4v=01;35:*.mp4v=01;35:*.vob=01;35:*.qt=01;35:*.nuv=01;35:*.wmv=01;35:*.asf=01;35:*.rm=01;35:*.rmvb=01;35:*.flc=01;35:*.avi=01;35:*.fli=01;35:*.flv=01;35:*.gl=01;35:*.dl=01;35:*.xcf=01;35:*.xwd=01;35:*.yuv=01;35:*.cgm=01;35:*.emf=01;35:*.ogv=01;35:*.ogx=01;35:*.aac=00;36:*.au=00;36:*.flac=00;36:*.m4a=00;36:*.mid=00;36:*.midi=00;36:*.mka=00;36:*.mp3=00;36:*.mpc=00;36:*.ogg=00;36:*.ra=00;36:*.wav=00;36:*.oga=00;36:*.opus=00;36:*.spx=00;36:*.xspf=00;36:'), ('GNOME_TERMINAL_SERVICE', ':1.217'), ('SSH_AGENT_LAUNCHER', 'gnome-keyring'), ('SSH_AUTH_SOCK', '/run/user/1000/keyring/ssh'), ('AMENT_PREFIX_PATH', '/opt/ros/humble'), ('SHELL', '/bin/bash'), ('LC_NAME', 'fr_FR.UTF-8'), ('QT_ACCESSIBILITY', '1'), ('GDMSESSION', 'ubuntu'), ('LESSCLOSE', '/usr/bin/lesspipe %s %s'), ('LC_MEASUREMENT', 'fr_FR.UTF-8'), ('GPG_AGENT_INFO', '/run/user/1000/gnupg/S.gpg-agent:0:1'), ('LC_IDENTIFICATION', 'fr_FR.UTF-8'), ('QT_IM_MODULE', 'ibus'), ('PWD', '/home/nicolas/ws_ros2/build/px4_msgs'), ('LC_ALL', 'en_US.UTF-8'), ('XDG_CONFIG_DIRS', '/etc/xdg/xdg-ubuntu:/etc/xdg'), ('XDG_DATA_DIRS', '/usr/share/ubuntu:/usr/share/gnome:/usr/local/share/:/usr/share/:/var/lib/snapd/desktop'), ('PYTHONPATH', '/opt/ros/humble/lib/python3.10/site-packages:/opt/ros/humble/local/lib/python3.10/dist-packages'), ('LC_NUMERIC', 'fr_FR.UTF-8'), ('LC_PAPER', 'fr_FR.UTF-8'), ('COLCON', '1'), ('VTE_VERSION', '6800'), ('CMAKE_PREFIX_PATH', '/opt/ros/humble')]), 'shell': False}
[0.776837] (px4_msgs) StdoutLine: {'line': b'-- Install configuration: ""\n'}
[0.776927] (px4_msgs) StdoutLine: {'line': b'-- Up-to-date: /home/nicolas/ws_ros2/install/px4_msgs/share/ament_index/resource_index/rosidl_interfaces/px4_msgs\n'}
[0.776958] (px4_msgs) StdoutLine: {'line': b'-- Up-to-date: /home/nicolas/ws_ros2/install/px4_msgs/include/px4_msgs/px4_msgs\n'}
[0.776989] (px4_msgs) StdoutLine: {'line': b'-- Up-to-date: /home/nicolas/ws_ros2/install/px4_msgs/include/px4_msgs/px4_msgs/srv\n'}
[0.777018] (px4_msgs) StdoutLine: {'line': b'-- Up-to-date: /home/nicolas/ws_ros2/install/px4_msgs/include/px4_msgs/px4_msgs/srv/detail\n'}
[0.777047] (px4_msgs) StdoutLine: {'line': b'-- Up-to-date: /home/nicolas/ws_ros2/install/px4_msgs/include/px4_msgs/px4_msgs/srv/detail/vehicle_command__type_support.h\n'}
[0.777116] (px4_msgs) StdoutLine: {'line': b'-- Up-to-date: /home/nicolas/ws_ros2/install/px4_msgs/include/px4_msgs/px4_msgs/srv/detail/vehicle_command__struct.h\n'}
[0.777148] (px4_msgs) StdoutLine: {'line': b'-- Up-to-date: /home/nicolas/ws_ros2/install/px4_msgs/include/px4_msgs/px4_msgs/srv/detail/vehicle_command__functions.c\n'}
[0.777178] (px4_msgs) StdoutLine: {'line': b'-- Up-to-date: /home/nicolas/ws_ros2/install/px4_msgs/include/px4_msgs/px4_msgs/srv/detail/vehicle_command__functions.h\n'}
[0.777230] (px4_msgs) StdoutLine: {'line': b'-- Up-to-date: /home/nicolas/ws_ros2/install/px4_msgs/include/px4_msgs/px4_msgs/srv/vehicle_command.h\n'}
[0.777261] (px4_msgs) StdoutLine: {'line': b'-- Up-to-date: /home/nicolas/ws_ros2/install/px4_msgs/include/px4_msgs/px4_msgs/msg\n'}
[0.777289] (px4_msgs) StdoutLine: {'line': b'-- Up-to-date: /home/nicolas/ws_ros2/install/px4_msgs/include/px4_msgs/px4_msgs/msg/distance_sensor.h\n'}
[0.777318] (px4_msgs) StdoutLine: {'line': b'-- Up-to-date: /home/nicolas/ws_ros2/install/px4_msgs/include/px4_msgs/px4_msgs/msg/airspeed.h\n'}
[0.777345] (px4_msgs) StdoutLine: {'line': b'-- Up-to-date: /home/nicolas/ws_ros2/install/px4_msgs/include/px4_msgs/px4_msgs/msg/actuator_armed.h\n'}
[0.777373] (px4_msgs) StdoutLine: {'line': b'-- Up-to-date: /home/nicolas/ws_ros2/install/px4_msgs/include/px4_msgs/px4_msgs/msg/debug_key_value.h\n'}
[0.777400] (px4_msgs) StdoutLine: {'line': b'-- Up-to-date: /home/nicolas/ws_ros2/install/px4_msgs/include/px4_msgs/px4_msgs/msg/sensor_gnss_status.h\n'}
[0.777454] (px4_msgs) StdoutLine: {'line': b'-- Up-to-date: /home/nicolas/ws_ros2/install/px4_msgs/include/px4_msgs/px4_msgs/msg/fixed_wing_longitudinal_setpoint.h\n'}
[0.777485] (px4_msgs) StdoutLine: {'line': b'-- Up-to-date: /home/nicolas/ws_ros2/install/px4_msgs/include/px4_msgs/px4_msgs/msg/actuator_controls_status.h\n'}
[0.777513] (px4_msgs) StdoutLine: {'line': b'-- Up-to-date: /home/nicolas/ws_ros2/install/px4_msgs/include/px4_msgs/px4_msgs/msg/gimbal_device_set_attitude.h\n'}
[0.777541] (px4_msgs) StdoutLine: {'line': b'-- Up-to-date: /home/nicolas/ws_ros2/install/px4_msgs/include/px4_msgs/px4_msgs/msg/message_format_response.h\n'}
[0.777569] (px4_msgs) StdoutLine: {'line': b'-- Up-to-date: /home/nicolas/ws_ros2/install/px4_msgs/include/px4_msgs/px4_msgs/msg/pwm_input.h\n'}
[0.777640] (px4_msgs) StdoutLine: {'line': b'-- Up-to-date: /home/nicolas/ws_ros2/install/px4_msgs/include/px4_msgs/px4_msgs/msg/vehicle_angular_acceleration_setpoint.h\n'}
[0.777668] (px4_msgs) StdoutLine: {'line': b'-- Up-to-date: /home/nicolas/ws_ros2/install/px4_msgs/include/px4_msgs/px4_msgs/msg/sensor_accel.h\n'}
[0.777700] (px4_msgs) StdoutLine: {'line': b'-- Up-to-date: /home/nicolas/ws_ros2/install/px4_msgs/include/px4_msgs/px4_msgs/msg/vehicle_torque_setpoint.h\n'}
[0.777728] (px4_msgs) StdoutLine: {'line': b'-- Up-to-date: /home/nicolas/ws_ros2/install/px4_msgs/include/px4_msgs/px4_msgs/msg/parameter_reset_request.h\n'}
[0.777754] (px4_msgs) StdoutLine: {'line': b'-- Up-to-date: /home/nicolas/ws_ros2/install/px4_msgs/include/px4_msgs/px4_msgs/msg/vehicle_land_detected.h\n'}
[0.777780] (px4_msgs) StdoutLine: {'line': b'-- Up-to-date: /home/nicolas/ws_ros2/install/px4_msgs/include/px4_msgs/px4_msgs/msg/dataman_request.h\n'}
[0.777806] (px4_msgs) StdoutLine: {'line': b'-- Up-to-date: /home/nicolas/ws_ros2/install/px4_msgs/include/px4_msgs/px4_msgs/msg/rate_ctrl_status.h\n'}
[0.777832] (px4_msgs) StdoutLine: {'line': b'-- Up-to-date: /home/nicolas/ws_ros2/install/px4_msgs/include/px4_msgs/px4_msgs/msg/sensor_gnss_relative.h\n'}
[0.777973] (px4_msgs) StdoutLine: {'line': b'-- Up-to-date: /home/nicolas/ws_ros2/install/px4_msgs/include/px4_msgs/px4_msgs/msg/rc_parameter_map.h\n'}
[0.778000] (px4_msgs) StdoutLine: {'line': b'-- Up-to-date: /home/nicolas/ws_ros2/install/px4_msgs/include/px4_msgs/px4_msgs/msg/distance_sensor_mode_change_request.h\n'}
[0.778036] (px4_msgs) StdoutLine: {'line': b'-- Up-to-date: /home/nicolas/ws_ros2/install/px4_msgs/include/px4_msgs/px4_msgs/msg/orbit_status.h\n'}
[0.778062] (px4_msgs) StdoutLine: {'line': b'-- Up-to-date: /home/nicolas/ws_ros2/install/px4_msgs/include/px4_msgs/px4_msgs/msg/gimbal_manager_status.h\n'}
[0.778088] (px4_msgs) StdoutLine: {'line': b'-- Up-to-date: /home/nicolas/ws_ros2/install/px4_msgs/include/px4_msgs/px4_msgs/msg/system_power.h\n'}
[0.778113] (px4_msgs) StdoutLine: {'line': b'-- Up-to-date: /home/nicolas/ws_ros2/install/px4_msgs/include/px4_msgs/px4_msgs/msg/neural_control.h\n'}
[0.778138] (px4_msgs) StdoutLine: {'line': b'-- Up-to-date: /home/nicolas/ws_ros2/install/px4_msgs/include/px4_msgs/px4_msgs/msg/px4io_status.h\n'}
[0.778166] (px4_msgs) StdoutLine: {'line': b'-- Up-to-date: /home/nicolas/ws_ros2/install/px4_msgs/include/px4_msgs/px4_msgs/msg/vehicle_attitude.h\n'}
[0.778191] (px4_msgs) StdoutLine: {'line': b'-- Up-to-date: /home/nicolas/ws_ros2/install/px4_msgs/include/px4_msgs/px4_msgs/msg/manual_control_setpoint.h\n'}
[0.778261] (px4_msgs) StdoutLine: {'line': b'-- Up-to-date: /home/nicolas/ws_ros2/install/px4_msgs/include/px4_msgs/px4_msgs/msg/sensor_optical_flow.h\n'}
[0.778290] (px4_msgs) StdoutLine: {'line': b'-- Up-to-date: /home/nicolas/ws_ros2/install/px4_msgs/include/px4_msgs/px4_msgs/msg/cellular_status.h\n'}
[0.778317] (px4_msgs) StdoutLine: {'line': b'-- Up-to-date: /home/nicolas/ws_ros2/install/px4_msgs/include/px4_msgs/px4_msgs/msg/rover_throttle_setpoint.h\n'}
[0.778343] (px4_msgs) StdoutLine: {'line': b'-- Up-to-date: /home/nicolas/ws_ros2/install/px4_msgs/include/px4_msgs/px4_msgs/msg/onboard_computer_status.h\n'}
[0.778369] (px4_msgs) StdoutLine: {'line': b'-- Up-to-date: /home/nicolas/ws_ros2/install/px4_msgs/include/px4_msgs/px4_msgs/msg/sensor_hygrometer.h\n'}
[0.778396] (px4_msgs) StdoutLine: {'line': b'-- Up-to-date: /home/nicolas/ws_ros2/install/px4_msgs/include/px4_msgs/px4_msgs/msg/offboard_control_mode.h\n'}
[0.778424] (px4_msgs) StdoutLine: {'line': b'-- Up-to-date: /home/nicolas/ws_ros2/install/px4_msgs/include/px4_msgs/px4_msgs/msg/fixed_wing_lateral_guidance_status.h\n'}
[0.778452] (px4_msgs) StdoutLine: {'line': b'-- Up-to-date: /home/nicolas/ws_ros2/install/px4_msgs/include/px4_msgs/px4_msgs/msg/fuel_tank_status.h\n'}
[0.778479] (px4_msgs) StdoutLine: {'line': b'-- Up-to-date: /home/nicolas/ws_ros2/install/px4_msgs/include/px4_msgs/px4_msgs/msg/vehicle_optical_flow.h\n'}
[0.778506] (px4_msgs) StdoutLine: {'line': b'-- Up-to-date: /home/nicolas/ws_ros2/install/px4_msgs/include/px4_msgs/px4_msgs/msg/battery_info.h\n'}
[0.778533] (px4_msgs) StdoutLine: {'line': b'-- Up-to-date: /home/nicolas/ws_ros2/install/px4_msgs/include/px4_msgs/px4_msgs/msg/orb_test.h\n'}
[0.778560] (px4_msgs) StdoutLine: {'line': b'-- Up-to-date: /home/nicolas/ws_ros2/install/px4_msgs/include/px4_msgs/px4_msgs/msg/sensors_status.h\n'}
[0.778587] (px4_msgs) StdoutLine: {'line': b'-- Up-to-date: /home/nicolas/ws_ros2/install/px4_msgs/include/px4_msgs/px4_msgs/msg/battery_status.h\n'}
[0.778615] (px4_msgs) StdoutLine: {'line': b'-- Up-to-date: /home/nicolas/ws_ros2/install/px4_msgs/include/px4_msgs/px4_msgs/msg/gps_inject_data.h\n'}
[0.778641] (px4_msgs) StdoutLine: {'line': b'-- Up-to-date: /home/nicolas/ws_ros2/install/px4_msgs/include/px4_msgs/px4_msgs/msg/unregister_ext_component.h\n'}
[0.778668] (px4_msgs) StdoutLine: {'line': b'-- Up-to-date: /home/nicolas/ws_ros2/install/px4_msgs/include/px4_msgs/px4_msgs/msg/mission_result.h\n'}
[0.778701] (px4_msgs) StdoutLine: {'line': b'-- Up-to-date: /home/nicolas/ws_ros2/install/px4_msgs/include/px4_msgs/px4_msgs/msg/debug_array.h\n'}
[0.778730] (px4_msgs) StdoutLine: {'line': b'-- Up-to-date: /home/nicolas/ws_ros2/install/px4_msgs/include/px4_msgs/px4_msgs/msg/manual_control_switches.h\n'}
[0.778756] (px4_msgs) StdoutLine: {'line': b'-- Up-to-date: /home/nicolas/ws_ros2/install/px4_msgs/include/px4_msgs/px4_msgs/msg/actuator_outputs.h\n'}
[0.778796] (px4_msgs) StdoutLine: {'line': b'-- Up-to-date: /home/nicolas/ws_ros2/install/px4_msgs/include/px4_msgs/px4_msgs/msg/ulog_stream.h\n'}
[0.778823] (px4_msgs) StdoutLine: {'line': b'-- Up-to-date: /home/nicolas/ws_ros2/install/px4_msgs/include/px4_msgs/px4_msgs/msg/home_position.h\n'}
[0.778849] (px4_msgs) StdoutLine: {'line': b'-- Up-to-date: /home/nicolas/ws_ros2/install/px4_msgs/include/px4_msgs/px4_msgs/msg/estimator_status.h\n'}
[0.778876] (px4_msgs) StdoutLine: {'line': b'-- Up-to-date: /home/nicolas/ws_ros2/install/px4_msgs/include/px4_msgs/px4_msgs/msg/mount_orientation.h\n'}
[0.778901] (px4_msgs) StdoutLine: {'line': b'-- Up-to-date: /home/nicolas/ws_ros2/install/px4_msgs/include/px4_msgs/px4_msgs/msg/vehicle_control_mode.h\n'}
[0.779002] (px4_msgs) StdoutLine: {'line': b'-- Up-to-date: /home/nicolas/ws_ros2/install/px4_msgs/include/px4_msgs/px4_msgs/msg/dataman_response.h\n'}
[0.779031] (px4_msgs) StdoutLine: {'line': b'-- Up-to-date: /home/nicolas/ws_ros2/install/px4_msgs/include/px4_msgs/px4_msgs/msg/telemetry_status.h\n'}
[0.779058] (px4_msgs) StdoutLine: {'line': b'-- Up-to-date: /home/nicolas/ws_ros2/install/px4_msgs/include/px4_msgs/px4_msgs/msg/qshell_req.h\n'}
[0.779085] (px4_msgs) StdoutLine: {'line': b'-- Up-to-date: /home/nicolas/ws_ros2/install/px4_msgs/include/px4_msgs/px4_msgs/msg/pps_capture.h\n'}
[0.779112] (px4_msgs) StdoutLine: {'line': b'-- Up-to-date: /home/nicolas/ws_ros2/install/px4_msgs/include/px4_msgs/px4_msgs/msg/vtol_vehicle_status.h\n'}
[0.779138] (px4_msgs) StdoutLine: {'line': b'-- Up-to-date: /home/nicolas/ws_ros2/install/px4_msgs/include/px4_msgs/px4_msgs/msg/estimator_aid_source1d.h\n'}
[0.779164] (px4_msgs) StdoutLine: {'line': b'-- Up-to-date: /home/nicolas/ws_ros2/install/px4_msgs/include/px4_msgs/px4_msgs/msg/rover_rate_status.h\n'}
[0.779351] (px4_msgs) StdoutLine: {'line': b'-- Up-to-date: /home/nicolas/ws_ros2/install/px4_msgs/include/px4_msgs/px4_msgs/msg/follow_target.h\n'}
[0.779381] (px4_msgs) StdoutLine: {'line': b'-- Up-to-date: /home/nicolas/ws_ros2/install/px4_msgs/include/px4_msgs/px4_msgs/msg/follow_target_status.h\n'}
[0.779408] (px4_msgs) StdoutLine: {'line': b'-- Up-to-date: /home/nicolas/ws_ros2/install/px4_msgs/include/px4_msgs/px4_msgs/msg/control_allocator_status.h\n'}
[0.779436] (px4_msgs) StdoutLine: {'line': b'-- Up-to-date: /home/nicolas/ws_ros2/install/px4_msgs/include/px4_msgs/px4_msgs/msg/vehicle_imu.h\n'}
[0.779462] (px4_msgs) StdoutLine: {'line': b'-- Up-to-date: /home/nicolas/ws_ros2/install/px4_msgs/include/px4_msgs/px4_msgs/msg/mavlink_log.h\n'}
[0.779489] (px4_msgs) StdoutLine: {'line': b'-- Up-to-date: /home/nicolas/ws_ros2/install/px4_msgs/include/px4_msgs/px4_msgs/msg/landing_gear.h\n'}
[0.779514] (px4_msgs) StdoutLine: {'line': b'-- Up-to-date: /home/nicolas/ws_ros2/install/px4_msgs/include/px4_msgs/px4_msgs/msg/sensor_gyro_fft.h\n'}
[0.779540] (px4_msgs) StdoutLine: {'line': b'-- Up-to-date: /home/nicolas/ws_ros2/install/px4_msgs/include/px4_msgs/px4_msgs/msg/gpio_request.h\n'}
[0.779566] (px4_msgs) StdoutLine: {'line': b'-- Up-to-date: /home/nicolas/ws_ros2/install/px4_msgs/include/px4_msgs/px4_msgs/msg/gpio_out.h\n'}
[0.779592] (px4_msgs) StdoutLine: {'line': b'-- Up-to-date: /home/nicolas/ws_ros2/install/px4_msgs/include/px4_msgs/px4_msgs/msg/mission.h\n'}
[0.779618] (px4_msgs) StdoutLine: {'line': b'-- Up-to-date: /home/nicolas/ws_ros2/install/px4_msgs/include/px4_msgs/px4_msgs/msg/debug_value.h\n'}
[0.779644] (px4_msgs) StdoutLine: {'line': b'-- Up-to-date: /home/nicolas/ws_ros2/install/px4_msgs/include/px4_msgs/px4_msgs/msg/position_controller_landing_status.h\n'}
[0.779670] (px4_msgs) StdoutLine: {'line': b'-- Up-to-date: /home/nicolas/ws_ros2/install/px4_msgs/include/px4_msgs/px4_msgs/msg/input_rc.h\n'}
[0.779757] (px4_msgs) StdoutLine: {'line': b'-- Up-to-date: /home/nicolas/ws_ros2/install/px4_msgs/include/px4_msgs/px4_msgs/msg/esc_status.h\n'}
[0.779788] (px4_msgs) StdoutLine: {'line': b'-- Up-to-date: /home/nicolas/ws_ros2/install/px4_msgs/include/px4_msgs/px4_msgs/msg/mag_worker_data.h\n'}
[0.779817] (px4_msgs) StdoutLine: {'line': b'-- Up-to-date: /home/nicolas/ws_ros2/install/px4_msgs/include/px4_msgs/px4_msgs/msg/wind.h\n'}
[0.779844] (px4_msgs) StdoutLine: {'line': b'-- Up-to-date: /home/nicolas/ws_ros2/install/px4_msgs/include/px4_msgs/px4_msgs/msg/can_interface_status.h\n'}
[0.779871] (px4_msgs) StdoutLine: {'line': b'-- Up-to-date: /home/nicolas/ws_ros2/install/px4_msgs/include/px4_msgs/px4_msgs/msg/gimbal_manager_set_manual_control.h\n'}
[0.779898] (px4_msgs) StdoutLine: {'line': b'-- Up-to-date: /home/nicolas/ws_ros2/install/px4_msgs/include/px4_msgs/px4_msgs/msg/radio_status.h\n'}
[0.779924] (px4_msgs) StdoutLine: {'line': b'-- Up-to-date: /home/nicolas/ws_ros2/install/px4_msgs/include/px4_msgs/px4_msgs/msg/rover_steering_setpoint.h\n'}
[0.780035] (px4_msgs) StdoutLine: {'line': b'-- Up-to-date: /home/nicolas/ws_ros2/install/px4_msgs/include/px4_msgs/px4_msgs/msg/position_setpoint.h\n'}
[0.780064] (px4_msgs) StdoutLine: {'line': b'-- Up-to-date: /home/nicolas/ws_ros2/install/px4_msgs/include/px4_msgs/px4_msgs/msg/vehicle_constraints.h\n'}
[0.780093] (px4_msgs) StdoutLine: {'line': b'-- Up-to-date: /home/nicolas/ws_ros2/install/px4_msgs/include/px4_msgs/px4_msgs/msg/power_button_state.h\n'}
[0.780122] (px4_msgs) StdoutLine: {'line': b'-- Up-to-date: /home/nicolas/ws_ros2/install/px4_msgs/include/px4_msgs/px4_msgs/msg/goto_setpoint.h\n'}
[0.780208] (px4_msgs) StdoutLine: {'line': b'-- Up-to-date: /home/nicolas/ws_ros2/install/px4_msgs/include/px4_msgs/px4_msgs/msg/parameter_set_used_request.h\n'}
[0.780240] (px4_msgs) StdoutLine: {'line': b'-- Up-to-date: /home/nicolas/ws_ros2/install/px4_msgs/include/px4_msgs/px4_msgs/msg/detail\n'}
[0.780270] (px4_msgs) StdoutLine: {'line': b'-- Up-to-date: /home/nicolas/ws_ros2/install/px4_msgs/include/px4_msgs/px4_msgs/msg/detail/flight_phase_estimation__functions.h\n'}
[0.780298] (px4_msgs) StdoutLine: {'line': b'-- Up-to-date: /home/nicolas/ws_ros2/install/px4_msgs/include/px4_msgs/px4_msgs/msg/detail/esc_status__functions.h\n'}
[0.780325] (px4_msgs) StdoutLine: {'line': b'-- Up-to-date: /home/nicolas/ws_ros2/install/px4_msgs/include/px4_msgs/px4_msgs/msg/detail/differential_pressure__functions.c\n'}
[0.780353] (px4_msgs) StdoutLine: {'line': b'-- Up-to-date: /home/nicolas/ws_ros2/install/px4_msgs/include/px4_msgs/px4_msgs/msg/detail/led_control__functions.h\n'}
[0.780379] (px4_msgs) StdoutLine: {'line': b'-- Up-to-date: /home/nicolas/ws_ros2/install/px4_msgs/include/px4_msgs/px4_msgs/msg/detail/parameter_set_value_response__functions.h\n'}
[0.780406] (px4_msgs) StdoutLine: {'line': b'-- Up-to-date: /home/nicolas/ws_ros2/install/px4_msgs/include/px4_msgs/px4_msgs/msg/detail/debug_key_value__functions.c\n'}
[0.780433] (px4_msgs) StdoutLine: {'line': b'-- Up-to-date: /home/nicolas/ws_ros2/install/px4_msgs/include/px4_msgs/px4_msgs/msg/detail/estimator_selector_status__struct.h\n'}
[0.780459] (px4_msgs) StdoutLine: {'line': b'-- Up-to-date: /home/nicolas/ws_ros2/install/px4_msgs/include/px4_msgs/px4_msgs/msg/detail/open_drone_id_self_id__struct.h\n'}
[0.780485] (px4_msgs) StdoutLine: {'line': b'-- Up-to-date: /home/nicolas/ws_ros2/install/px4_msgs/include/px4_msgs/px4_msgs/msg/detail/gpio_out__functions.h\n'}
[0.780513] (px4_msgs) StdoutLine: {'line': b'-- Up-to-date: /home/nicolas/ws_ros2/install/px4_msgs/include/px4_msgs/px4_msgs/msg/detail/vehicle_odometry__functions.h\n'}
[0.780541] (px4_msgs) StdoutLine: {'line': b'-- Up-to-date: /home/nicolas/ws_ros2/install/px4_msgs/include/px4_msgs/px4_msgs/msg/detail/config_overrides__functions.c\n'}
[0.780694] (px4_msgs) StdoutLine: {'line': b'-- Up-to-date: /home/nicolas/ws_ros2/install/px4_msgs/include/px4_msgs/px4_msgs/msg/detail/tiltrotor_extra_controls__functions.h\n'}
[0.780725] (px4_msgs) StdoutLine: {'line': b'-- Up-to-date: /home/nicolas/ws_ros2/install/px4_msgs/include/px4_msgs/px4_msgs/msg/detail/sensor_gps__type_support.h\n'}
[0.780753] (px4_msgs) StdoutLine: {'line': b'-- Up-to-date: /home/nicolas/ws_ros2/install/px4_msgs/include/px4_msgs/px4_msgs/msg/detail/fixed_wing_lateral_guidance_status__functions.c\n'}
[0.780780] (px4_msgs) StdoutLine: {'line': b'-- Up-to-date: /home/nicolas/ws_ros2/install/px4_msgs/include/px4_msgs/px4_msgs/msg/detail/gps_inject_data__functions.c\n'}
[0.780808] (px4_msgs) StdoutLine: {'line': b'-- Up-to-date: /home/nicolas/ws_ros2/install/px4_msgs/include/px4_msgs/px4_msgs/msg/detail/landing_target_innovations__functions.c\n'}
[0.780837] (px4_msgs) StdoutLine: {'line': b'-- Up-to-date: /home/nicolas/ws_ros2/install/px4_msgs/include/px4_msgs/px4_msgs/msg/detail/dronecan_node_status__struct.h\n'}
[0.780865] (px4_msgs) StdoutLine: {'line': b'-- Up-to-date: /home/nicolas/ws_ros2/install/px4_msgs/include/px4_msgs/px4_msgs/msg/detail/button_event__functions.h\n'}
[0.780891] (px4_msgs) StdoutLine: {'line': b'-- Up-to-date: /home/nicolas/ws_ros2/install/px4_msgs/include/px4_msgs/px4_msgs/msg/detail/config_overrides__struct.h\n'}
[0.780966] (px4_msgs) StdoutLine: {'line': b'-- Up-to-date: /home/nicolas/ws_ros2/install/px4_msgs/include/px4_msgs/px4_msgs/msg/detail/sensor_gnss_status__type_support.h\n'}
[0.780994] (px4_msgs) StdoutLine: {'line': b'-- Up-to-date: /home/nicolas/ws_ros2/install/px4_msgs/include/px4_msgs/px4_msgs/msg/detail/power_button_state__functions.c\n'}
[0.781022] (px4_msgs) StdoutLine: {'line': b'-- Up-to-date: /home/nicolas/ws_ros2/install/px4_msgs/include/px4_msgs/px4_msgs/msg/detail/debug_key_value__functions.h\n'}
[0.781050] (px4_msgs) StdoutLine: {'line': b'-- Up-to-date: /home/nicolas/ws_ros2/install/px4_msgs/include/px4_msgs/px4_msgs/msg/detail/navigator_status__functions.c\n'}
[0.781077] (px4_msgs) StdoutLine: {'line': b'-- Up-to-date: /home/nicolas/ws_ros2/install/px4_msgs/include/px4_msgs/px4_msgs/msg/detail/rover_rate_status__struct.h\n'}
[0.781104] (px4_msgs) StdoutLine: {'line': b'-- Up-to-date: /home/nicolas/ws_ros2/install/px4_msgs/include/px4_msgs/px4_msgs/msg/detail/power_button_state__struct.h\n'}
[0.781130] (px4_msgs) StdoutLine: {'line': b'-- Up-to-date: /home/nicolas/ws_ros2/install/px4_msgs/include/px4_msgs/px4_msgs/msg/detail/hover_thrust_estimate__struct.h\n'}
[0.781156] (px4_msgs) StdoutLine: {'line': b'-- Up-to-date: /home/nicolas/ws_ros2/install/px4_msgs/include/px4_msgs/px4_msgs/msg/detail/power_button_state__functions.h\n'}
[0.781182] (px4_msgs) StdoutLine: {'line': b'-- Up-to-date: /home/nicolas/ws_ros2/install/px4_msgs/include/px4_msgs/px4_msgs/msg/detail/estimator_bias3d__functions.h\n'}
[0.781209] (px4_msgs) StdoutLine: {'line': b'-- Up-to-date: /home/nicolas/ws_ros2/install/px4_msgs/include/px4_msgs/px4_msgs/msg/detail/actuator_motors__type_support.h\n'}
[0.781238] (px4_msgs) StdoutLine: {'line': b'-- Up-to-date: /home/nicolas/ws_ros2/install/px4_msgs/include/px4_msgs/px4_msgs/msg/detail/timesync_status__type_support.h\n'}
[0.781267] (px4_msgs) StdoutLine: {'line': b'-- Up-to-date: /home/nicolas/ws_ros2/install/px4_msgs/include/px4_msgs/px4_msgs/msg/detail/mode_completed__functions.c\n'}
[0.781295] (px4_msgs) StdoutLine: {'line': b'-- Up-to-date: /home/nicolas/ws_ros2/install/px4_msgs/include/px4_msgs/px4_msgs/msg/detail/landing_gear_wheel__type_support.h\n'}
[0.781321] (px4_msgs) StdoutLine: {'line': b'-- Up-to-date: /home/nicolas/ws_ros2/install/px4_msgs/include/px4_msgs/px4_msgs/msg/detail/navigator_mission_item__functions.h\n'}
[0.781347] (px4_msgs) StdoutLine: {'line': b'-- Up-to-date: /home/nicolas/ws_ros2/install/px4_msgs/include/px4_msgs/px4_msgs/msg/detail/ping__functions.h\n'}
[0.781373] (px4_msgs) StdoutLine: {'line': b'-- Up-to-date: /home/nicolas/ws_ros2/install/px4_msgs/include/px4_msgs/px4_msgs/msg/detail/vehicle_air_data__functions.h\n'}
[0.781398] (px4_msgs) StdoutLine: {'line': b'-- Up-to-date: /home/nicolas/ws_ros2/install/px4_msgs/include/px4_msgs/px4_msgs/msg/detail/sensors_status__functions.h\n'}
[0.781424] (px4_msgs) StdoutLine: {'line': b'-- Up-to-date: /home/nicolas/ws_ros2/install/px4_msgs/include/px4_msgs/px4_msgs/msg/detail/vehicle_imu__type_support.h\n'}
[0.781449] (px4_msgs) StdoutLine: {'line': b'-- Up-to-date: /home/nicolas/ws_ros2/install/px4_msgs/include/px4_msgs/px4_msgs/msg/detail/vehicle_command_ack__functions.h\n'}
[0.781474] (px4_msgs) StdoutLine: {'line': b'-- Up-to-date: /home/nicolas/ws_ros2/install/px4_msgs/include/px4_msgs/px4_msgs/msg/detail/estimator_states__functions.c\n'}
[0.781500] (px4_msgs) StdoutLine: {'line': b'-- Up-to-date: /home/nicolas/ws_ros2/install/px4_msgs/include/px4_msgs/px4_msgs/msg/detail/mount_orientation__type_support.h\n'}
[0.781526] (px4_msgs) StdoutLine: {'line': b'-- Up-to-date: /home/nicolas/ws_ros2/install/px4_msgs/include/px4_msgs/px4_msgs/msg/detail/cellular_status__functions.c\n'}
[0.781553] (px4_msgs) StdoutLine: {'line': b'-- Up-to-date: /home/nicolas/ws_ros2/install/px4_msgs/include/px4_msgs/px4_msgs/msg/detail/event__type_support.h\n'}
[0.781578] (px4_msgs) StdoutLine: {'line': b'-- Up-to-date: /home/nicolas/ws_ros2/install/px4_msgs/include/px4_msgs/px4_msgs/msg/detail/transponder_report__functions.h\n'}
[0.781676] (px4_msgs) StdoutLine: {'line': b'-- Up-to-date: /home/nicolas/ws_ros2/install/px4_msgs/include/px4_msgs/px4_msgs/msg/detail/rover_rate_status__functions.h\n'}
[0.781710] (px4_msgs) StdoutLine: {'line': b'-- Up-to-date: /home/nicolas/ws_ros2/install/px4_msgs/include/px4_msgs/px4_msgs/msg/detail/mission__functions.c\n'}
[0.782062] (px4_msgs) StdoutLine: {'line': b'-- Up-to-date: /home/nicolas/ws_ros2/install/px4_msgs/include/px4_msgs/px4_msgs/msg/detail/pwm_input__functions.c\n'}
[0.782092] (px4_msgs) StdoutLine: {'line': b'-- Up-to-date: /home/nicolas/ws_ros2/install/px4_msgs/include/px4_msgs/px4_msgs/msg/detail/position_controller_landing_status__type_support.h\n'}
[0.782252] (px4_msgs) StdoutLine: {'line': b'-- Up-to-date: /home/nicolas/ws_ros2/install/px4_msgs/include/px4_msgs/px4_msgs/msg/detail/sensors_status_imu__struct.h\n'}
[0.782308] (px4_msgs) StdoutLine: {'line': b'-- Up-to-date: /home/nicolas/ws_ros2/install/px4_msgs/include/px4_msgs/px4_msgs/msg/detail/rover_attitude_setpoint__functions.h\n'}
[0.782361] (px4_msgs) StdoutLine: {'line': b'-- Up-to-date: /home/nicolas/ws_ros2/install/px4_msgs/include/px4_msgs/px4_msgs/msg/detail/can_interface_status__functions.h\n'}
[0.782413] (px4_msgs) StdoutLine: {'line': b'-- Up-to-date: /home/nicolas/ws_ros2/install/px4_msgs/include/px4_msgs/px4_msgs/msg/detail/mag_worker_data__functions.c\n'}
[0.782466] (px4_msgs) StdoutLine: {'line': b'-- Up-to-date: /home/nicolas/ws_ros2/install/px4_msgs/include/px4_msgs/px4_msgs/msg/detail/vehicle_attitude_setpoint__type_support.h\n'}
[0.782520] (px4_msgs) StdoutLine: {'line': b'-- Up-to-date: /home/nicolas/ws_ros2/install/px4_msgs/include/px4_msgs/px4_msgs/msg/detail/launch_detection_status__type_support.h\n'}
[0.782573] (px4_msgs) StdoutLine: {'line': b'-- Up-to-date: /home/nicolas/ws_ros2/install/px4_msgs/include/px4_msgs/px4_msgs/msg/detail/sensor_hygrometer__type_support.h\n'}
[0.782626] (px4_msgs) StdoutLine: {'line': b'-- Up-to-date: /home/nicolas/ws_ros2/install/px4_msgs/include/px4_msgs/px4_msgs/msg/detail/fixed_wing_lateral_setpoint__type_support.h\n'}
[0.782679] (px4_msgs) StdoutLine: {'line': b'-- Up-to-date: /home/nicolas/ws_ros2/install/px4_msgs/include/px4_msgs/px4_msgs/msg/detail/trajectory_setpoint__functions.h\n'}
[0.782741] (px4_msgs) StdoutLine: {'line': b'-- Up-to-date: /home/nicolas/ws_ros2/install/px4_msgs/include/px4_msgs/px4_msgs/msg/detail/ping__functions.c\n'}
[0.782793] (px4_msgs) StdoutLine: {'line': b'-- Up-to-date: /home/nicolas/ws_ros2/install/px4_msgs/include/px4_msgs/px4_msgs/msg/detail/parameter_set_value_response__type_support.h\n'}
[0.782846] (px4_msgs) StdoutLine: {'line': b'-- Up-to-date: /home/nicolas/ws_ros2/install/px4_msgs/include/px4_msgs/px4_msgs/msg/detail/vehicle_global_position__type_support.h\n'}
[0.782898] (px4_msgs) StdoutLine: {'line': b'-- Up-to-date: /home/nicolas/ws_ros2/install/px4_msgs/include/px4_msgs/px4_msgs/msg/detail/manual_control_setpoint__functions.h\n'}
[0.782954] (px4_msgs) StdoutLine: {'line': b'-- Up-to-date: /home/nicolas/ws_ros2/install/px4_msgs/include/px4_msgs/px4_msgs/msg/detail/actuator_servos__functions.h\n'}
[0.783079] (px4_msgs) StdoutLine: {'line': b'-- Up-to-date: /home/nicolas/ws_ros2/install/px4_msgs/include/px4_msgs/px4_msgs/msg/detail/transponder_report__struct.h\n'}
[0.783134] (px4_msgs) StdoutLine: {'line': b'-- Up-to-date: /home/nicolas/ws_ros2/install/px4_msgs/include/px4_msgs/px4_msgs/msg/detail/vehicle_rates_setpoint__functions.h\n'}
[0.783186] (px4_msgs) StdoutLine: {'line': b'-- Up-to-date: /home/nicolas/ws_ros2/install/px4_msgs/include/px4_msgs/px4_msgs/msg/detail/velocity_limits__struct.h\n'}
[0.783239] (px4_msgs) StdoutLine: {'line': b'-- Up-to-date: /home/nicolas/ws_ros2/install/px4_msgs/include/px4_msgs/px4_msgs/msg/detail/irlock_report__struct.h\n'}
[0.783290] (px4_msgs) StdoutLine: {'line': b'-- Up-to-date: /home/nicolas/ws_ros2/install/px4_msgs/include/px4_msgs/px4_msgs/msg/detail/health_report__type_support.h\n'}
[0.783341] (px4_msgs) StdoutLine: {'line': b'-- Up-to-date: /home/nicolas/ws_ros2/install/px4_msgs/include/px4_msgs/px4_msgs/msg/detail/yaw_estimator_status__functions.c\n'}
[0.783585] (px4_msgs) StdoutLine: {'line': b'-- Up-to-date: /home/nicolas/ws_ros2/install/px4_msgs/include/px4_msgs/px4_msgs/msg/detail/vehicle_roi__functions.c\n'}
[0.783639] (px4_msgs) StdoutLine: {'line': b'-- Up-to-date: /home/nicolas/ws_ros2/install/px4_msgs/include/px4_msgs/px4_msgs/msg/detail/debug_array__struct.h\n'}
[0.783696] (px4_msgs) StdoutLine: {'line': b'-- Up-to-date: /home/nicolas/ws_ros2/install/px4_msgs/include/px4_msgs/px4_msgs/msg/detail/airspeed_wind__type_support.h\n'}
[0.783756] (px4_msgs) StdoutLine: {'line': b'-- Up-to-date: /home/nicolas/ws_ros2/install/px4_msgs/include/px4_msgs/px4_msgs/msg/detail/mavlink_log__functions.h\n'}
[0.783809] (px4_msgs) StdoutLine: {'line': b'-- Up-to-date: /home/nicolas/ws_ros2/install/px4_msgs/include/px4_msgs/px4_msgs/msg/detail/parameter_set_used_request__type_support.h\n'}
[0.783862] (px4_msgs) StdoutLine: {'line': b'-- Up-to-date: /home/nicolas/ws_ros2/install/px4_msgs/include/px4_msgs/px4_msgs/msg/detail/message_format_request__type_support.h\n'}
[0.783916] (px4_msgs) StdoutLine: {'line': b'-- Up-to-date: /home/nicolas/ws_ros2/install/px4_msgs/include/px4_msgs/px4_msgs/msg/detail/sensor_airflow__type_support.h\n'}
[0.783968] (px4_msgs) StdoutLine: {'line': b'-- Up-to-date: /home/nicolas/ws_ros2/install/px4_msgs/include/px4_msgs/px4_msgs/msg/detail/sensor_uwb__type_support.h\n'}
[0.784020] (px4_msgs) StdoutLine: {'line': b'-- Up-to-date: /home/nicolas/ws_ros2/install/px4_msgs/include/px4_msgs/px4_msgs/msg/detail/orb_test_large__functions.c\n'}
[0.784074] (px4_msgs) StdoutLine: {'line': b'-- Up-to-date: /home/nicolas/ws_ros2/install/px4_msgs/include/px4_msgs/px4_msgs/msg/detail/rover_attitude_setpoint__struct.h\n'}
[0.784125] (px4_msgs) StdoutLine: {'line': b'-- Up-to-date: /home/nicolas/ws_ros2/install/px4_msgs/include/px4_msgs/px4_msgs/msg/detail/position_setpoint_triplet__type_support.h\n'}
[0.784722] (px4_msgs) StdoutLine: {'line': b'-- Up-to-date: /home/nicolas/ws_ros2/install/px4_msgs/include/px4_msgs/px4_msgs/msg/detail/action_request__struct.h\n'}
[0.785248] (px4_msgs) StdoutLine: {'line': b'-- Up-to-date: /home/nicolas/ws_ros2/install/px4_msgs/include/px4_msgs/px4_msgs/msg/detail/navigator_status__type_support.h\n'}
[0.785345] (px4_msgs) StdoutLine: {'line': b'-- Up-to-date: /home/nicolas/ws_ros2/install/px4_msgs/include/px4_msgs/px4_msgs/msg/detail/generator_status__functions.c\n'}
[0.785383] (px4_msgs) StdoutLine: {'line': b'-- Up-to-date: /home/nicolas/ws_ros2/install/px4_msgs/include/px4_msgs/px4_msgs/msg/detail/estimator_bias__struct.h\n'}
[0.785419] (px4_msgs) StdoutLine: {'line': b'-- Up-to-date: /home/nicolas/ws_ros2/install/px4_msgs/include/px4_msgs/px4_msgs/msg/detail/actuator_test__struct.h\n'}
[0.785454] (px4_msgs) StdoutLine: {'line': b'-- Up-to-date: /home/nicolas/ws_ros2/install/px4_msgs/include/px4_msgs/px4_msgs/msg/detail/debug_value__functions.h\n'}
[0.785488] (px4_msgs) StdoutLine: {'line': b'-- Up-to-date: /home/nicolas/ws_ros2/install/px4_msgs/include/px4_msgs/px4_msgs/msg/detail/obstacle_distance__functions.c\n'}
[0.785523] (px4_msgs) StdoutLine: {'line': b'-- Up-to-date: /home/nicolas/ws_ros2/install/px4_msgs/include/px4_msgs/px4_msgs/msg/detail/vehicle_control_mode__struct.h\n'}
[0.785557] (px4_msgs) StdoutLine: {'line': b'-- Up-to-date: /home/nicolas/ws_ros2/install/px4_msgs/include/px4_msgs/px4_msgs/msg/detail/collision_constraints__type_support.h\n'}
[0.785593] (px4_msgs) StdoutLine: {'line': b'-- Up-to-date: /home/nicolas/ws_ros2/install/px4_msgs/include/px4_msgs/px4_msgs/msg/detail/estimator_innovations__type_support.h\n'}
[0.785628] (px4_msgs) StdoutLine: {'line': b'-- Up-to-date: /home/nicolas/ws_ros2/install/px4_msgs/include/px4_msgs/px4_msgs/msg/detail/actuator_servos_trim__struct.h\n'}
[0.785663] (px4_msgs) StdoutLine: {'line': b'-- Up-to-date: /home/nicolas/ws_ros2/install/px4_msgs/include/px4_msgs/px4_msgs/msg/detail/estimator_event_flags__functions.h\n'}
[0.785703] (px4_msgs) StdoutLine: {'line': b'-- Up-to-date: /home/nicolas/ws_ros2/install/px4_msgs/include/px4_msgs/px4_msgs/msg/detail/vehicle_constraints__functions.h\n'}
[0.785769] (px4_msgs) StdoutLine: {'line': b'-- Up-to-date: /home/nicolas/ws_ros2/install/px4_msgs/include/px4_msgs/px4_msgs/msg/detail/power_monitor__type_support.h\n'}
[0.785898] (px4_msgs) StdoutLine: {'line': b'-- Up-to-date: /home/nicolas/ws_ros2/install/px4_msgs/include/px4_msgs/px4_msgs/msg/detail/estimator_aid_source2d__functions.c\n'}
[0.785934] (px4_msgs) StdoutLine: {'line': b'-- Up-to-date: /home/nicolas/ws_ros2/install/px4_msgs/include/px4_msgs/px4_msgs/msg/detail/battery_status__struct.h\n'}
[0.785970] (px4_msgs) StdoutLine: {'line': b'-- Up-to-date: /home/nicolas/ws_ros2/install/px4_msgs/include/px4_msgs/px4_msgs/msg/detail/rover_throttle_setpoint__functions.c\n'}
[0.786004] (px4_msgs) StdoutLine: {'line': b'-- Up-to-date: /home/nicolas/ws_ros2/install/px4_msgs/include/px4_msgs/px4_msgs/msg/detail/orb_test_medium__functions.h\n'}
[0.786038] (px4_msgs) StdoutLine: {'line': b'-- Up-to-date: /home/nicolas/ws_ros2/install/px4_msgs/include/px4_msgs/px4_msgs/msg/detail/estimator_status__functions.h\n'}
[0.786072] (px4_msgs) StdoutLine: {'line': b'-- Up-to-date: /home/nicolas/ws_ros2/install/px4_msgs/include/px4_msgs/px4_msgs/msg/detail/actuator_servos__type_support.h\n'}
[0.786105] (px4_msgs) StdoutLine: {'line': b'-- Up-to-date: /home/nicolas/ws_ros2/install/px4_msgs/include/px4_msgs/px4_msgs/msg/detail/fixed_wing_longitudinal_setpoint__functions.h\n'}
[0.786140] (px4_msgs) StdoutLine: {'line': b'-- Up-to-date: /home/nicolas/ws_ros2/install/px4_msgs/include/px4_msgs/px4_msgs/msg/detail/sensors_status__struct.h\n'}
[0.786174] (px4_msgs) StdoutLine: {'line': b'-- Up-to-date: /home/nicolas/ws_ros2/install/px4_msgs/include/px4_msgs/px4_msgs/msg/detail/airspeed_validated__struct.h\n'}
[0.786208] (px4_msgs) StdoutLine: {'line': b'-- Up-to-date: /home/nicolas/ws_ros2/install/px4_msgs/include/px4_msgs/px4_msgs/msg/detail/mavlink_log__functions.c\n'}
[0.786241] (px4_msgs) StdoutLine: {'line': b'-- Up-to-date: /home/nicolas/ws_ros2/install/px4_msgs/include/px4_msgs/px4_msgs/msg/detail/vehicle_control_mode__functions.h\n'}
[0.786276] (px4_msgs) StdoutLine: {'line': b'-- Up-to-date: /home/nicolas/ws_ros2/install/px4_msgs/include/px4_msgs/px4_msgs/msg/detail/sensor_hygrometer__functions.h\n'}
[0.786309] (px4_msgs) StdoutLine: {'line': b'-- Up-to-date: /home/nicolas/ws_ros2/install/px4_msgs/include/px4_msgs/px4_msgs/msg/detail/debug_value__type_support.h\n'}
[0.786343] (px4_msgs) StdoutLine: {'line': b'-- Up-to-date: /home/nicolas/ws_ros2/install/px4_msgs/include/px4_msgs/px4_msgs/msg/detail/transponder_report__type_support.h\n'}
[0.786378] (px4_msgs) StdoutLine: {'line': b'-- Up-to-date: /home/nicolas/ws_ros2/install/px4_msgs/include/px4_msgs/px4_msgs/msg/detail/landing_target_pose__type_support.h\n'}
[0.786411] (px4_msgs) StdoutLine: {'line': b'-- Up-to-date: /home/nicolas/ws_ros2/install/px4_msgs/include/px4_msgs/px4_msgs/msg/detail/manual_control_switches__type_support.h\n'}
[0.786447] (px4_msgs) StdoutLine: {'line': b'-- Up-to-date: /home/nicolas/ws_ros2/install/px4_msgs/include/px4_msgs/px4_msgs/msg/detail/yaw_estimator_status__type_support.h\n'}
[0.786481] (px4_msgs) StdoutLine: {'line': b'-- Up-to-date: /home/nicolas/ws_ros2/install/px4_msgs/include/px4_msgs/px4_msgs/msg/detail/failsafe_flags__struct.h\n'}
[0.786514] (px4_msgs) StdoutLine: {'line': b'-- Up-to-date: /home/nicolas/ws_ros2/install/px4_msgs/include/px4_msgs/px4_msgs/msg/detail/arming_check_request__functions.c\n'}
[0.786548] (px4_msgs) StdoutLine: {'line': b'-- Up-to-date: /home/nicolas/ws_ros2/install/px4_msgs/include/px4_msgs/px4_msgs/msg/detail/parameter_update__functions.c\n'}
[0.786858] (px4_msgs) StdoutLine: {'line': b'-- Up-to-date: /home/nicolas/ws_ros2/install/px4_msgs/include/px4_msgs/px4_msgs/msg/detail/qshell_retval__type_support.h\n'}
[0.787100] (px4_msgs) StdoutLine: {'line': b'-- Up-to-date: /home/nicolas/ws_ros2/install/px4_msgs/include/px4_msgs/px4_msgs/msg/detail/open_drone_id_self_id__type_support.h\n'}
[0.787261] (px4_msgs) StdoutLine: {'line': b'-- Up-to-date: /home/nicolas/ws_ros2/install/px4_msgs/include/px4_msgs/px4_msgs/msg/detail/open_drone_id_self_id__functions.h\n'}
[0.787417] (px4_msgs) StdoutLine: {'line': b'-- Up-to-date: /home/nicolas/ws_ros2/install/px4_msgs/include/px4_msgs/px4_msgs/msg/detail/pps_capture__type_support.h\n'}
[0.787573] (px4_msgs) StdoutLine: {'line': b'-- Up-to-date: /home/nicolas/ws_ros2/install/px4_msgs/include/px4_msgs/px4_msgs/msg/detail/input_rc__functions.c\n'}
[0.787733] (px4_msgs) StdoutLine: {'line': b'-- Up-to-date: /home/nicolas/ws_ros2/install/px4_msgs/include/px4_msgs/px4_msgs/msg/detail/rover_steering_setpoint__struct.h\n'}
[0.787888] (px4_msgs) StdoutLine: {'line': b'-- Up-to-date: /home/nicolas/ws_ros2/install/px4_msgs/include/px4_msgs/px4_msgs/msg/detail/vehicle_local_position_setpoint__struct.h\n'}
[0.788047] (px4_msgs) StdoutLine: {'line': b'-- Up-to-date: /home/nicolas/ws_ros2/install/px4_msgs/include/px4_msgs/px4_msgs/msg/detail/rover_throttle_setpoint__type_support.h\n'}
[0.788168] (px4_msgs) StdoutLine: {'line': b'-- Up-to-date: /home/nicolas/ws_ros2/install/px4_msgs/include/px4_msgs/px4_msgs/msg/detail/action_request__functions.c\n'}
[0.788314] (px4_msgs) StdoutLine: {'line': b'-- Up-to-date: /home/nicolas/ws_ros2/install/px4_msgs/include/px4_msgs/px4_msgs/msg/detail/sensor_gnss_status__functions.h\n'}
[0.788457] (px4_msgs) StdoutLine: {'line': b'-- Up-to-date: /home/nicolas/ws_ros2/install/px4_msgs/include/px4_msgs/px4_msgs/msg/detail/uavcan_parameter_value__functions.c\n'}
[0.788592] (px4_msgs) StdoutLine: {'line': b'-- Up-to-date: /home/nicolas/ws_ros2/install/px4_msgs/include/px4_msgs/px4_msgs/msg/detail/distance_sensor__functions.h\n'}
[0.788781] (px4_msgs) StdoutLine: {'line': b'-- Up-to-date: /home/nicolas/ws_ros2/install/px4_msgs/include/px4_msgs/px4_msgs/msg/detail/follow_target_estimator__functions.c\n'}
[0.788894] (px4_msgs) StdoutLine: {'line': b'-- Up-to-date: /home/nicolas/ws_ros2/install/px4_msgs/include/px4_msgs/px4_msgs/msg/detail/open_drone_id_arm_status__struct.h\n'}
[0.788940] (px4_msgs) StdoutLine: {'line': b'-- Up-to-date: /home/nicolas/ws_ros2/install/px4_msgs/include/px4_msgs/px4_msgs/msg/detail/vehicle_imu__functions.h\n'}
[0.788982] (px4_msgs) StdoutLine: {'line': b'-- Up-to-date: /home/nicolas/ws_ros2/install/px4_msgs/include/px4_msgs/px4_msgs/msg/detail/actuator_controls_status__functions.h\n'}
[0.789024] (px4_msgs) StdoutLine: {'line': b'-- Up-to-date: /home/nicolas/ws_ros2/install/px4_msgs/include/px4_msgs/px4_msgs/msg/detail/transponder_report__functions.c\n'}
[0.789061] (px4_msgs) StdoutLine: {'line': b'-- Up-to-date: /home/nicolas/ws_ros2/install/px4_msgs/include/px4_msgs/px4_msgs/msg/detail/unregister_ext_component__functions.c\n'}
[0.789097] (px4_msgs) StdoutLine: {'line': b'-- Up-to-date: /home/nicolas/ws_ros2/install/px4_msgs/include/px4_msgs/px4_msgs/msg/detail/power_monitor__functions.c\n'}
[0.789138] (px4_msgs) StdoutLine: {'line': b'-- Up-to-date: /home/nicolas/ws_ros2/install/px4_msgs/include/px4_msgs/px4_msgs/msg/detail/hover_thrust_estimate__functions.h\n'}
[0.789220] (px4_msgs) StdoutLine: {'line': b'-- Up-to-date: /home/nicolas/ws_ros2/install/px4_msgs/include/px4_msgs/px4_msgs/msg/detail/gps_inject_data__type_support.h\n'}
[0.789351] (px4_msgs) StdoutLine: {'line': b'-- Up-to-date: /home/nicolas/ws_ros2/install/px4_msgs/include/px4_msgs/px4_msgs/msg/detail/gimbal_manager_set_manual_control__struct.h\n'}
[0.789391] (px4_msgs) StdoutLine: {'line': b'-- Up-to-date: /home/nicolas/ws_ros2/install/px4_msgs/include/px4_msgs/px4_msgs/msg/detail/ulog_stream__functions.c\n'}
[0.789428] (px4_msgs) StdoutLine: {'line': b'-- Up-to-date: /home/nicolas/ws_ros2/install/px4_msgs/include/px4_msgs/px4_msgs/msg/detail/ulog_stream_ack__functions.h\n'}
[0.789464] (px4_msgs) StdoutLine: {'line': b'-- Up-to-date: /home/nicolas/ws_ros2/install/px4_msgs/include/px4_msgs/px4_msgs/msg/detail/trajectory_setpoint__struct.h\n'}
[0.789500] (px4_msgs) StdoutLine: {'line': b'-- Up-to-date: /home/nicolas/ws_ros2/install/px4_msgs/include/px4_msgs/px4_msgs/msg/detail/rover_steering_setpoint__functions.c\n'}
[0.789583] (px4_msgs) StdoutLine: {'line': b'-- Up-to-date: /home/nicolas/ws_ros2/install/px4_msgs/include/px4_msgs/px4_msgs/msg/detail/rate_ctrl_status__type_support.h\n'}
[0.789620] (px4_msgs) StdoutLine: {'line': b'-- Up-to-date: /home/nicolas/ws_ros2/install/px4_msgs/include/px4_msgs/px4_msgs/msg/detail/can_interface_status__functions.c\n'}
[0.789658] (px4_msgs) StdoutLine: {'line': b'-- Up-to-date: /home/nicolas/ws_ros2/install/px4_msgs/include/px4_msgs/px4_msgs/msg/detail/wheel_encoders__type_support.h\n'}
[0.789701] (px4_msgs) StdoutLine: {'line': b'-- Up-to-date: /home/nicolas/ws_ros2/install/px4_msgs/include/px4_msgs/px4_msgs/msg/detail/actuator_motors__functions.h\n'}
[0.789739] (px4_msgs) StdoutLine: {'line': b'-- Up-to-date: /home/nicolas/ws_ros2/install/px4_msgs/include/px4_msgs/px4_msgs/msg/detail/control_allocator_status__type_support.h\n'}
[0.789776] (px4_msgs) StdoutLine: {'line': b'-- Up-to-date: /home/nicolas/ws_ros2/install/px4_msgs/include/px4_msgs/px4_msgs/msg/detail/rover_steering_setpoint__type_support.h\n'}
[0.789944] (px4_msgs) StdoutLine: {'line': b'-- Up-to-date: /home/nicolas/ws_ros2/install/px4_msgs/include/px4_msgs/px4_msgs/msg/detail/gimbal_device_information__functions.h\n'}
[0.789983] (px4_msgs) StdoutLine: {'line': b'-- Up-to-date: /home/nicolas/ws_ros2/install/px4_msgs/include/px4_msgs/px4_msgs/msg/detail/sensor_hygrometer__functions.c\n'}
[0.790021] (px4_msgs) StdoutLine: {'line': b'-- Up-to-date: /home/nicolas/ws_ros2/install/px4_msgs/include/px4_msgs/px4_msgs/msg/detail/rover_speed_status__struct.h\n'}
[0.790060] (px4_msgs) StdoutLine: {'line': b'-- Up-to-date: /home/nicolas/ws_ros2/install/px4_msgs/include/px4_msgs/px4_msgs/msg/detail/distance_sensor__functions.c\n'}
[0.790099] (px4_msgs) StdoutLine: {'line': b'-- Up-to-date: /home/nicolas/ws_ros2/install/px4_msgs/include/px4_msgs/px4_msgs/msg/detail/rate_ctrl_status__functions.c\n'}
[0.790135] (px4_msgs) StdoutLine: {'line': b'-- Up-to-date: /home/nicolas/ws_ros2/install/px4_msgs/include/px4_msgs/px4_msgs/msg/detail/gpio_request__functions.h\n'}
[0.790171] (px4_msgs) StdoutLine: {'line': b'-- Up-to-date: /home/nicolas/ws_ros2/install/px4_msgs/include/px4_msgs/px4_msgs/msg/detail/rover_position_setpoint__functions.h\n'}
[0.790216] (px4_msgs) StdoutLine: {'line': b'-- Up-to-date: /home/nicolas/ws_ros2/install/px4_msgs/include/px4_msgs/px4_msgs/msg/detail/vehicle_torque_setpoint__functions.h\n'}
[0.790272] (px4_msgs) StdoutLine: {'line': b'-- Up-to-date: /home/nicolas/ws_ros2/install/px4_msgs/include/px4_msgs/px4_msgs/msg/detail/actuator_armed__functions.h\n'}
[0.790314] (px4_msgs) StdoutLine: {'line': b'-- Up-to-date: /home/nicolas/ws_ros2/install/px4_msgs/include/px4_msgs/px4_msgs/msg/detail/internal_combustion_engine_control__struct.h\n'}
[0.790384] (px4_msgs) StdoutLine: {'line': b'-- Up-to-date: /home/nicolas/ws_ros2/install/px4_msgs/include/px4_msgs/px4_msgs/msg/detail/gpio_in__type_support.h\n'}
[0.790423] (px4_msgs) StdoutLine: {'line': b'-- Up-to-date: /home/nicolas/ws_ros2/install/px4_msgs/include/px4_msgs/px4_msgs/msg/detail/takeoff_status__functions.c\n'}
[0.790462] (px4_msgs) StdoutLine: {'line': b'-- Up-to-date: /home/nicolas/ws_ros2/install/px4_msgs/include/px4_msgs/px4_msgs/msg/detail/fuel_tank_status__functions.c\n'}
[0.790499] (px4_msgs) StdoutLine: {'line': b'-- Up-to-date: /home/nicolas/ws_ros2/install/px4_msgs/include/px4_msgs/px4_msgs/msg/detail/estimator_bias__functions.h\n'}
[0.790535] (px4_msgs) StdoutLine: {'line': b'-- Up-to-date: /home/nicolas/ws_ros2/install/px4_msgs/include/px4_msgs/px4_msgs/msg/detail/vehicle_torque_setpoint__struct.h\n'}
[0.790571] (px4_msgs) StdoutLine: {'line': b'-- Up-to-date: /home/nicolas/ws_ros2/install/px4_msgs/include/px4_msgs/px4_msgs/msg/detail/sensor_uwb__struct.h\n'}
[0.790606] (px4_msgs) StdoutLine: {'line': b'-- Up-to-date: /home/nicolas/ws_ros2/install/px4_msgs/include/px4_msgs/px4_msgs/msg/detail/heater_status__functions.h\n'}
[0.790642] (px4_msgs) StdoutLine: {'line': b'-- Up-to-date: /home/nicolas/ws_ros2/install/px4_msgs/include/px4_msgs/px4_msgs/msg/detail/vehicle_rates_setpoint__type_support.h\n'}
[0.790804] (px4_msgs) StdoutLine: {'line': b'-- Up-to-date: /home/nicolas/ws_ros2/install/px4_msgs/include/px4_msgs/px4_msgs/msg/detail/airspeed_wind__functions.h\n'}
[0.790843] (px4_msgs) StdoutLine: {'line': b'-- Up-to-date: /home/nicolas/ws_ros2/install/px4_msgs/include/px4_msgs/px4_msgs/msg/detail/register_ext_component_request__struct.h\n'}
[0.790881] (px4_msgs) StdoutLine: {'line': b'-- Up-to-date: /home/nicolas/ws_ros2/install/px4_msgs/include/px4_msgs/px4_msgs/msg/detail/estimator_bias3d__type_support.h\n'}
[0.790918] (px4_msgs) StdoutLine: {'line': b'-- Up-to-date: /home/nicolas/ws_ros2/install/px4_msgs/include/px4_msgs/px4_msgs/msg/detail/estimator_bias3d__functions.c\n'}
[0.790955] (px4_msgs) StdoutLine: {'line': b'-- Up-to-date: /home/nicolas/ws_ros2/install/px4_msgs/include/px4_msgs/px4_msgs/msg/detail/landing_gear_wheel__struct.h\n'}
[0.790991] (px4_msgs) StdoutLine: {'line': b'-- Up-to-date: /home/nicolas/ws_ros2/install/px4_msgs/include/px4_msgs/px4_msgs/msg/detail/actuator_test__functions.c\n'}
[0.791028] (px4_msgs) StdoutLine: {'line': b'-- Up-to-date: /home/nicolas/ws_ros2/install/px4_msgs/include/px4_msgs/px4_msgs/msg/detail/magnetometer_bias_estimate__functions.h\n'}
[0.791064] (px4_msgs) StdoutLine: {'line': b'-- Up-to-date: /home/nicolas/ws_ros2/install/px4_msgs/include/px4_msgs/px4_msgs/msg/detail/fixed_wing_lateral_guidance_status__functions.h\n'}
[0.791100] (px4_msgs) StdoutLine: {'line': b'-- Up-to-date: /home/nicolas/ws_ros2/install/px4_msgs/include/px4_msgs/px4_msgs/msg/detail/wheel_encoders__functions.h\n'}
[0.791136] (px4_msgs) StdoutLine: {'line': b'-- Up-to-date: /home/nicolas/ws_ros2/install/px4_msgs/include/px4_msgs/px4_msgs/msg/detail/vehicle_local_position__struct.h\n'}
[0.791275] (px4_msgs) StdoutLine: {'line': b'-- Up-to-date: /home/nicolas/ws_ros2/install/px4_msgs/include/px4_msgs/px4_msgs/msg/detail/hover_thrust_estimate__type_support.h\n'}
[0.791318] (px4_msgs) StdoutLine: {'line': b'-- Up-to-date: /home/nicolas/ws_ros2/install/px4_msgs/include/px4_msgs/px4_msgs/msg/detail/rover_attitude_status__struct.h\n'}
[0.791357] (px4_msgs) StdoutLine: {'line': b'-- Up-to-date: /home/nicolas/ws_ros2/install/px4_msgs/include/px4_msgs/px4_msgs/msg/detail/generator_status__type_support.h\n'}
[0.791394] (px4_msgs) StdoutLine: {'line': b'-- Up-to-date: /home/nicolas/ws_ros2/install/px4_msgs/include/px4_msgs/px4_msgs/msg/detail/ulog_stream__struct.h\n'}
[0.791432] (px4_msgs) StdoutLine: {'line': b'-- Up-to-date: /home/nicolas/ws_ros2/install/px4_msgs/include/px4_msgs/px4_msgs/msg/detail/irlock_report__functions.c\n'}
[0.791468] (px4_msgs) StdoutLine: {'line': b'-- Up-to-date: /home/nicolas/ws_ros2/install/px4_msgs/include/px4_msgs/px4_msgs/msg/detail/neural_control__functions.c\n'}
[0.791546] (px4_msgs) StdoutLine: {'line': b'-- Up-to-date: /home/nicolas/ws_ros2/install/px4_msgs/include/px4_msgs/px4_msgs/msg/detail/geofence_result__type_support.h\n'}
[0.791584] (px4_msgs) StdoutLine: {'line': b'-- Up-to-date: /home/nicolas/ws_ros2/install/px4_msgs/include/px4_msgs/px4_msgs/msg/detail/arming_check_request__struct.h\n'}
[0.791620] (px4_msgs) StdoutLine: {'line': b'-- Up-to-date: /home/nicolas/ws_ros2/install/px4_msgs/include/px4_msgs/px4_msgs/msg/detail/gimbal_manager_status__functions.c\n'}
[0.791657] (px4_msgs) StdoutLine: {'line': b'-- Up-to-date: /home/nicolas/ws_ros2/install/px4_msgs/include/px4_msgs/px4_msgs/msg/detail/vehicle_local_position_setpoint__functions.h\n'}
[0.791700] (px4_msgs) StdoutLine: {'line': b'-- Up-to-date: /home/nicolas/ws_ros2/install/px4_msgs/include/px4_msgs/px4_msgs/msg/detail/cellular_status__struct.h\n'}
[0.791739] (px4_msgs) StdoutLine: {'line': b'-- Up-to-date: /home/nicolas/ws_ros2/install/px4_msgs/include/px4_msgs/px4_msgs/msg/detail/distance_sensor_mode_change_request__functions.c\n'}
[0.791774] (px4_msgs) StdoutLine: {'line': b'-- Up-to-date: /home/nicolas/ws_ros2/install/px4_msgs/include/px4_msgs/px4_msgs/msg/detail/vehicle_local_position__type_support.h\n'}
[0.791854] (px4_msgs) StdoutLine: {'line': b'-- Up-to-date: /home/nicolas/ws_ros2/install/px4_msgs/include/px4_msgs/px4_msgs/msg/detail/sensor_gyro_fifo__functions.h\n'}
[0.791892] (px4_msgs) StdoutLine: {'line': b'-- Up-to-date: /home/nicolas/ws_ros2/install/px4_msgs/include/px4_msgs/px4_msgs/msg/detail/mission_result__struct.h\n'}
[0.791929] (px4_msgs) StdoutLine: {'line': b'-- Up-to-date: /home/nicolas/ws_ros2/install/px4_msgs/include/px4_msgs/px4_msgs/msg/detail/tecs_status__functions.c\n'}
[0.791966] (px4_msgs) StdoutLine: {'line': b'-- Up-to-date: /home/nicolas/ws_ros2/install/px4_msgs/include/px4_msgs/px4_msgs/msg/detail/task_stack_info__struct.h\n'}
[0.792002] (px4_msgs) StdoutLine: {'line': b'-- Up-to-date: /home/nicolas/ws_ros2/install/px4_msgs/include/px4_msgs/px4_msgs/msg/detail/vehicle_command__type_support.h\n'}
[0.792038] (px4_msgs) StdoutLine: {'line': b'-- Up-to-date: /home/nicolas/ws_ros2/install/px4_msgs/include/px4_msgs/px4_msgs/msg/detail/hover_thrust_estimate__functions.c\n'}
[0.792073] (px4_msgs) StdoutLine: {'line': b'-- Up-to-date: /home/nicolas/ws_ros2/install/px4_msgs/include/px4_msgs/px4_msgs/msg/detail/task_stack_info__functions.h\n'}
[0.792108] (px4_msgs) StdoutLine: {'line': b'-- Up-to-date: /home/nicolas/ws_ros2/install/px4_msgs/include/px4_msgs/px4_msgs/msg/detail/gpio_in__functions.c\n'}
[0.792143] (px4_msgs) StdoutLine: {'line': b'-- Up-to-date: /home/nicolas/ws_ros2/install/px4_msgs/include/px4_msgs/px4_msgs/msg/detail/mavlink_tunnel__functions.c\n'}
[0.792178] (px4_msgs) StdoutLine: {'line': b'-- Up-to-date: /home/nicolas/ws_ros2/install/px4_msgs/include/px4_msgs/px4_msgs/msg/detail/parameter_set_value_request__functions.h\n'}
[0.792231] (px4_msgs) StdoutLine: {'line': b'-- Up-to-date: /home/nicolas/ws_ros2/install/px4_msgs/include/px4_msgs/px4_msgs/msg/detail/vehicle_imu_status__type_support.h\n'}
[0.792280] (px4_msgs) StdoutLine: {'line': b'-- Up-to-date: /home/nicolas/ws_ros2/install/px4_msgs/include/px4_msgs/px4_msgs/msg/detail/figure_eight_status__functions.h\n'}
[0.792317] (px4_msgs) StdoutLine: {'line': b'-- Up-to-date: /home/nicolas/ws_ros2/install/px4_msgs/include/px4_msgs/px4_msgs/msg/detail/message_format_response__functions.h\n'}
[0.792353] (px4_msgs) StdoutLine: {'line': b'-- Up-to-date: /home/nicolas/ws_ros2/install/px4_msgs/include/px4_msgs/px4_msgs/msg/detail/onboard_computer_status__type_support.h\n'}
[0.792390] (px4_msgs) StdoutLine: {'line': b'-- Up-to-date: /home/nicolas/ws_ros2/install/px4_msgs/include/px4_msgs/px4_msgs/msg/detail/estimator_states__struct.h\n'}
[0.792426] (px4_msgs) StdoutLine: {'line': b'-- Up-to-date: /home/nicolas/ws_ros2/install/px4_msgs/include/px4_msgs/px4_msgs/msg/detail/rate_ctrl_status__struct.h\n'}
[0.792462] (px4_msgs) StdoutLine: {'line': b'-- Up-to-date: /home/nicolas/ws_ros2/install/px4_msgs/include/px4_msgs/px4_msgs/msg/detail/tecs_status__struct.h\n'}
[0.792497] (px4_msgs) StdoutLine: {'line': b'-- Up-to-date: /home/nicolas/ws_ros2/install/px4_msgs/include/px4_msgs/px4_msgs/msg/detail/rc_parameter_map__functions.c\n'}
[0.792532] (px4_msgs) StdoutLine: {'line': b'-- Up-to-date: /home/nicolas/ws_ros2/install/px4_msgs/include/px4_msgs/px4_msgs/msg/detail/button_event__functions.c\n'}
[0.792569] (px4_msgs) StdoutLine: {'line': b'-- Up-to-date: /home/nicolas/ws_ros2/install/px4_msgs/include/px4_msgs/px4_msgs/msg/detail/fuel_tank_status__struct.h\n'}
[0.792604] (px4_msgs) StdoutLine: {'line': b'-- Up-to-date: /home/nicolas/ws_ros2/install/px4_msgs/include/px4_msgs/px4_msgs/msg/detail/figure_eight_status__functions.c\n'}
[0.792639] (px4_msgs) StdoutLine: {'line': b'-- Up-to-date: /home/nicolas/ws_ros2/install/px4_msgs/include/px4_msgs/px4_msgs/msg/detail/qshell_retval__functions.c\n'}
[0.792675] (px4_msgs) StdoutLine: {'line': b'-- Up-to-date: /home/nicolas/ws_ros2/install/px4_msgs/include/px4_msgs/px4_msgs/msg/detail/gimbal_manager_information__type_support.h\n'}
[0.792720] (px4_msgs) StdoutLine: {'line': b'-- Up-to-date: /home/nicolas/ws_ros2/install/px4_msgs/include/px4_msgs/px4_msgs/msg/detail/fixed_wing_runway_control__type_support.h\n'}
[0.792881] (px4_msgs) StdoutLine: {'line': b'-- Up-to-date: /home/nicolas/ws_ros2/install/px4_msgs/include/px4_msgs/px4_msgs/msg/detail/follow_target__type_support.h\n'}
[0.792926] (px4_msgs) StdoutLine: {'line': b'-- Up-to-date: /home/nicolas/ws_ros2/install/px4_msgs/include/px4_msgs/px4_msgs/msg/detail/qshell_req__type_support.h\n'}
[0.793137] (px4_msgs) StdoutLine: {'line': b'-- Up-to-date: /home/nicolas/ws_ros2/install/px4_msgs/include/px4_msgs/px4_msgs/msg/detail/logger_status__functions.h\n'}
[0.793180] (px4_msgs) StdoutLine: {'line': b'-- Up-to-date: /home/nicolas/ws_ros2/install/px4_msgs/include/px4_msgs/px4_msgs/msg/detail/esc_status__type_support.h\n'}
[0.793220] (px4_msgs) StdoutLine: {'line': b'-- Up-to-date: /home/nicolas/ws_ros2/install/px4_msgs/include/px4_msgs/px4_msgs/msg/detail/camera_capture__functions.h\n'}
[0.793260] (px4_msgs) StdoutLine: {'line': b'-- Up-to-date: /home/nicolas/ws_ros2/install/px4_msgs/include/px4_msgs/px4_msgs/msg/detail/input_rc__type_support.h\n'}
[0.793299] (px4_msgs) StdoutLine: {'line': b'-- Up-to-date: /home/nicolas/ws_ros2/install/px4_msgs/include/px4_msgs/px4_msgs/msg/detail/wind__functions.c\n'}
[0.793370] (px4_msgs) StdoutLine: {'line': b'-- Up-to-date: /home/nicolas/ws_ros2/install/px4_msgs/include/px4_msgs/px4_msgs/msg/detail/fixed_wing_longitudinal_setpoint__struct.h\n'}
[0.793412] (px4_msgs) StdoutLine: {'line': b'-- Up-to-date: /home/nicolas/ws_ros2/install/px4_msgs/include/px4_msgs/px4_msgs/msg/detail/rc_parameter_map__struct.h\n'}
[0.793449] (px4_msgs) StdoutLine: {'line': b'-- Up-to-date: /home/nicolas/ws_ros2/install/px4_msgs/include/px4_msgs/px4_msgs/msg/detail/sensor_baro__struct.h\n'}
[0.793486] (px4_msgs) StdoutLine: {'line': b'-- Up-to-date: /home/nicolas/ws_ros2/install/px4_msgs/include/px4_msgs/px4_msgs/msg/detail/onboard_computer_status__functions.h\n'}
[0.793526] (px4_msgs) StdoutLine: {'line': b'-- Up-to-date: /home/nicolas/ws_ros2/install/px4_msgs/include/px4_msgs/px4_msgs/msg/detail/vehicle_status__struct.h\n'}
[0.793563] (px4_msgs) StdoutLine: {'line': b'-- Up-to-date: /home/nicolas/ws_ros2/install/px4_msgs/include/px4_msgs/px4_msgs/msg/detail/orb_test__type_support.h\n'}
[0.793601] (px4_msgs) StdoutLine: {'line': b'-- Up-to-date: /home/nicolas/ws_ros2/install/px4_msgs/include/px4_msgs/px4_msgs/msg/detail/power_monitor__struct.h\n'}
[0.793637] (px4_msgs) StdoutLine: {'line': b'-- Up-to-date: /home/nicolas/ws_ros2/install/px4_msgs/include/px4_msgs/px4_msgs/msg/detail/gimbal_device_set_attitude__type_support.h\n'}
[0.793675] (px4_msgs) StdoutLine: {'line': b'-- Up-to-date: /home/nicolas/ws_ros2/install/px4_msgs/include/px4_msgs/px4_msgs/msg/detail/vehicle_land_detected__functions.c\n'}
[0.793721] (px4_msgs) StdoutLine: {'line': b'-- Up-to-date: /home/nicolas/ws_ros2/install/px4_msgs/include/px4_msgs/px4_msgs/msg/detail/landing_gear__struct.h\n'}
[0.793759] (px4_msgs) StdoutLine: {'line': b'-- Up-to-date: /home/nicolas/ws_ros2/install/px4_msgs/include/px4_msgs/px4_msgs/msg/detail/iridiumsbd_status__functions.c\n'}
[0.793798] (px4_msgs) StdoutLine: {'line': b'-- Up-to-date: /home/nicolas/ws_ros2/install/px4_msgs/include/px4_msgs/px4_msgs/msg/detail/vehicle_angular_acceleration_setpoint__functions.h\n'}
[0.793837] (px4_msgs) StdoutLine: {'line': b'-- Up-to-date: /home/nicolas/ws_ros2/install/px4_msgs/include/px4_msgs/px4_msgs/msg/detail/health_report__functions.c\n'}
[0.793875] (px4_msgs) StdoutLine: {'line': b'-- Up-to-date: /home/nicolas/ws_ros2/install/px4_msgs/include/px4_msgs/px4_msgs/msg/detail/rover_speed_status__functions.h\n'}
[0.793912] (px4_msgs) StdoutLine: {'line': b'-- Up-to-date: /home/nicolas/ws_ros2/install/px4_msgs/include/px4_msgs/px4_msgs/msg/detail/parameter_set_value_request__type_support.h\n'}
[0.793949] (px4_msgs) StdoutLine: {'line': b'-- Up-to-date: /home/nicolas/ws_ros2/install/px4_msgs/include/px4_msgs/px4_msgs/msg/detail/gimbal_manager_set_attitude__type_support.h\n'}
[0.793985] (px4_msgs) StdoutLine: {'line': b'-- Up-to-date: /home/nicolas/ws_ros2/install/px4_msgs/include/px4_msgs/px4_msgs/msg/detail/action_request__functions.h\n'}
[0.794090] (px4_msgs) StdoutLine: {'line': b'-- Up-to-date: /home/nicolas/ws_ros2/install/px4_msgs/include/px4_msgs/px4_msgs/msg/detail/parameter_reset_request__type_support.h\n'}
[0.794127] (px4_msgs) StdoutLine: {'line': b'-- Up-to-date: /home/nicolas/ws_ros2/install/px4_msgs/include/px4_msgs/px4_msgs/msg/detail/velocity_limits__type_support.h\n'}
[0.794166] (px4_msgs) StdoutLine: {'line': b'-- Up-to-date: /home/nicolas/ws_ros2/install/px4_msgs/include/px4_msgs/px4_msgs/msg/detail/logger_status__functions.c\n'}
[0.794204] (px4_msgs) StdoutLine: {'line': b'-- Up-to-date: /home/nicolas/ws_ros2/install/px4_msgs/include/px4_msgs/px4_msgs/msg/detail/gripper__type_support.h\n'}
[0.794241] (px4_msgs) StdoutLine: {'line': b'-- Up-to-date: /home/nicolas/ws_ros2/install/px4_msgs/include/px4_msgs/px4_msgs/msg/detail/vehicle_air_data__struct.h\n'}
[0.794276] (px4_msgs) StdoutLine: {'line': b'-- Up-to-date: /home/nicolas/ws_ros2/install/px4_msgs/include/px4_msgs/px4_msgs/msg/detail/fixed_wing_runway_control__functions.h\n'}
[0.794312] (px4_msgs) StdoutLine: {'line': b'-- Up-to-date: /home/nicolas/ws_ros2/install/px4_msgs/include/px4_msgs/px4_msgs/msg/detail/geofence_status__functions.c\n'}
[0.794348] (px4_msgs) StdoutLine: {'line': b'-- Up-to-date: /home/nicolas/ws_ros2/install/px4_msgs/include/px4_msgs/px4_msgs/msg/detail/landing_target_innovations__type_support.h\n'}
[0.794384] (px4_msgs) StdoutLine: {'line': b'-- Up-to-date: /home/nicolas/ws_ros2/install/px4_msgs/include/px4_msgs/px4_msgs/msg/detail/vtol_vehicle_status__functions.c\n'}
[0.794419] (px4_msgs) StdoutLine: {'line': b'-- Up-to-date: /home/nicolas/ws_ros2/install/px4_msgs/include/px4_msgs/px4_msgs/msg/detail/esc_report__functions.h\n'}
[0.794455] (px4_msgs) StdoutLine: {'line': b'-- Up-to-date: /home/nicolas/ws_ros2/install/px4_msgs/include/px4_msgs/px4_msgs/msg/detail/rc_parameter_map__type_support.h\n'}
[0.794490] (px4_msgs) StdoutLine: {'line': b'-- Up-to-date: /home/nicolas/ws_ros2/install/px4_msgs/include/px4_msgs/px4_msgs/msg/detail/dataman_request__functions.c\n'}
[0.794843] (px4_msgs) StdoutLine: {'line': b'-- Up-to-date: /home/nicolas/ws_ros2/install/px4_msgs/include/px4_msgs/px4_msgs/msg/detail/uavcan_parameter_value__functions.h\n'}
[0.794881] (px4_msgs) StdoutLine: {'line': b'-- Up-to-date: /home/nicolas/ws_ros2/install/px4_msgs/include/px4_msgs/px4_msgs/msg/detail/sensor_uwb__functions.h\n'}
[0.794918] (px4_msgs) StdoutLine: {'line': b'-- Up-to-date: /home/nicolas/ws_ros2/install/px4_msgs/include/px4_msgs/px4_msgs/msg/detail/position_setpoint_triplet__struct.h\n'}
[0.794954] (px4_msgs) StdoutLine: {'line': b'-- Up-to-date: /home/nicolas/ws_ros2/install/px4_msgs/include/px4_msgs/px4_msgs/msg/detail/estimator_selector_status__type_support.h\n'}
[0.794990] (px4_msgs) StdoutLine: {'line': b'-- Up-to-date: /home/nicolas/ws_ros2/install/px4_msgs/include/px4_msgs/px4_msgs/msg/detail/mission_result__functions.c\n'}
[0.795025] (px4_msgs) StdoutLine: {'line': b'-- Up-to-date: /home/nicolas/ws_ros2/install/px4_msgs/include/px4_msgs/px4_msgs/msg/detail/sensor_optical_flow__struct.h\n'}
[0.795061] (px4_msgs) StdoutLine: {'line': b'-- Up-to-date: /home/nicolas/ws_ros2/install/px4_msgs/include/px4_msgs/px4_msgs/msg/detail/vehicle_optical_flow__type_support.h\n'}
[0.795097] (px4_msgs) StdoutLine: {'line': b'-- Up-to-date: /home/nicolas/ws_ros2/install/px4_msgs/include/px4_msgs/px4_msgs/msg/detail/parameter_update__functions.h\n'}
[0.795132] (px4_msgs) StdoutLine: {'line': b'-- Up-to-date: /home/nicolas/ws_ros2/install/px4_msgs/include/px4_msgs/px4_msgs/msg/detail/log_message__functions.c\n'}
[0.795168] (px4_msgs) StdoutLine: {'line': b'-- Up-to-date: /home/nicolas/ws_ros2/install/px4_msgs/include/px4_msgs/px4_msgs/msg/detail/parameter_set_value_response__struct.h\n'}
[0.795203] (px4_msgs) StdoutLine: {'line': b'-- Up-to-date: /home/nicolas/ws_ros2/install/px4_msgs/include/px4_msgs/px4_msgs/msg/detail/navigator_status__struct.h\n'}
[0.795238] (px4_msgs) StdoutLine: {'line': b'-- Up-to-date: /home/nicolas/ws_ros2/install/px4_msgs/include/px4_msgs/px4_msgs/msg/detail/px4io_status__functions.c\n'}
[0.795294] (px4_msgs) StdoutLine: {'line': b'-- Up-to-date: /home/nicolas/ws_ros2/install/px4_msgs/include/px4_msgs/px4_msgs/msg/detail/manual_control_switches__functions.c\n'}
[0.795329] (px4_msgs) StdoutLine: {'line': b'-- Up-to-date: /home/nicolas/ws_ros2/install/px4_msgs/include/px4_msgs/px4_msgs/msg/detail/timesync_status__functions.h\n'}
[0.795365] (px4_msgs) StdoutLine: {'line': b'-- Up-to-date: /home/nicolas/ws_ros2/install/px4_msgs/include/px4_msgs/px4_msgs/msg/detail/esc_report__functions.c\n'}
[0.795400] (px4_msgs) StdoutLine: {'line': b'-- Up-to-date: /home/nicolas/ws_ros2/install/px4_msgs/include/px4_msgs/px4_msgs/msg/detail/input_rc__struct.h\n'}
[0.795435] (px4_msgs) StdoutLine: {'line': b'-- Up-to-date: /home/nicolas/ws_ros2/install/px4_msgs/include/px4_msgs/px4_msgs/msg/detail/battery_info__type_support.h\n'}
[0.795470] (px4_msgs) StdoutLine: {'line': b'-- Up-to-date: /home/nicolas/ws_ros2/install/px4_msgs/include/px4_msgs/px4_msgs/msg/detail/tiltrotor_extra_controls__struct.h\n'}
[0.795506] (px4_msgs) StdoutLine: {'line': b'-- Up-to-date: /home/nicolas/ws_ros2/install/px4_msgs/include/px4_msgs/px4_msgs/msg/detail/battery_info__functions.h\n'}
[0.795541] (px4_msgs) StdoutLine: {'line': b'-- Up-to-date: /home/nicolas/ws_ros2/install/px4_msgs/include/px4_msgs/px4_msgs/msg/detail/rover_position_setpoint__struct.h\n'}
[0.795577] (px4_msgs) StdoutLine: {'line': b'-- Up-to-date: /home/nicolas/ws_ros2/install/px4_msgs/include/px4_msgs/px4_msgs/msg/detail/sensor_combined__functions.c\n'}
[0.795613] (px4_msgs) StdoutLine: {'line': b'-- Up-to-date: /home/nicolas/ws_ros2/install/px4_msgs/include/px4_msgs/px4_msgs/msg/detail/mode_completed__type_support.h\n'}
[0.795648] (px4_msgs) StdoutLine: {'line': b'-- Up-to-date: /home/nicolas/ws_ros2/install/px4_msgs/include/px4_msgs/px4_msgs/msg/detail/sensor_gyro_fft__type_support.h\n'}
[0.795690] (px4_msgs) StdoutLine: {'line': b'-- Up-to-date: /home/nicolas/ws_ros2/install/px4_msgs/include/px4_msgs/px4_msgs/msg/detail/takeoff_status__functions.h\n'}
[0.795730] (px4_msgs) StdoutLine: {'line': b'-- Up-to-date: /home/nicolas/ws_ros2/install/px4_msgs/include/px4_msgs/px4_msgs/msg/detail/vehicle_land_detected__type_support.h\n'}
[0.795769] (px4_msgs) StdoutLine: {'line': b'-- Up-to-date: /home/nicolas/ws_ros2/install/px4_msgs/include/px4_msgs/px4_msgs/msg/detail/sensor_gnss_status__functions.c\n'}
[0.795811] (px4_msgs) StdoutLine: {'line': b'-- Up-to-date: /home/nicolas/ws_ros2/install/px4_msgs/include/px4_msgs/px4_msgs/msg/detail/fixed_wing_lateral_guidance_status__type_support.h\n'}
[0.795851] (px4_msgs) StdoutLine: {'line': b'-- Up-to-date: /home/nicolas/ws_ros2/install/px4_msgs/include/px4_msgs/px4_msgs/msg/detail/landing_target_pose__functions.c\n'}
[0.795888] (px4_msgs) StdoutLine: {'line': b'-- Up-to-date: /home/nicolas/ws_ros2/install/px4_msgs/include/px4_msgs/px4_msgs/msg/detail/task_stack_info__functions.c\n'}
[0.795926] (px4_msgs) StdoutLine: {'line': b'-- Up-to-date: /home/nicolas/ws_ros2/install/px4_msgs/include/px4_msgs/px4_msgs/msg/detail/gps_dump__functions.c\n'}
[0.795964] (px4_msgs) StdoutLine: {'line': b'-- Up-to-date: /home/nicolas/ws_ros2/install/px4_msgs/include/px4_msgs/px4_msgs/msg/detail/estimator_status__type_support.h\n'}
[0.796004] (px4_msgs) StdoutLine: {'line': b'-- Up-to-date: /home/nicolas/ws_ros2/install/px4_msgs/include/px4_msgs/px4_msgs/msg/detail/parameter_update__struct.h\n'}
[0.796043] (px4_msgs) StdoutLine: {'line': b'-- Up-to-date: /home/nicolas/ws_ros2/install/px4_msgs/include/px4_msgs/px4_msgs/msg/detail/estimator_selector_status__functions.c\n'}
[0.796383] (px4_msgs) StdoutLine: {'line': b'-- Up-to-date: /home/nicolas/ws_ros2/install/px4_msgs/include/px4_msgs/px4_msgs/msg/detail/mavlink_tunnel__struct.h\n'}
[0.796679] (px4_msgs) StdoutLine: {'line': b'-- Up-to-date: /home/nicolas/ws_ros2/install/px4_msgs/include/px4_msgs/px4_msgs/msg/detail/sensor_baro__functions.c\n'}
[0.796961] (px4_msgs) StdoutLine: {'line': b'-- Up-to-date: /home/nicolas/ws_ros2/install/px4_msgs/include/px4_msgs/px4_msgs/msg/detail/actuator_test__functions.h\n'}
[0.797106] (px4_msgs) StdoutLine: {'line': b'-- Up-to-date: /home/nicolas/ws_ros2/install/px4_msgs/include/px4_msgs/px4_msgs/msg/detail/vehicle_thrust_setpoint__type_support.h\n'}
[0.797195] (px4_msgs) StdoutLine: {'line': b'-- Up-to-date: /home/nicolas/ws_ros2/install/px4_msgs/include/px4_msgs/px4_msgs/msg/detail/longitudinal_control_configuration__functions.h\n'}
[0.797280] (px4_msgs) StdoutLine: {'line': b'-- Up-to-date: /home/nicolas/ws_ros2/install/px4_msgs/include/px4_msgs/px4_msgs/msg/detail/arming_check_request__type_support.h\n'}
[0.797363] (px4_msgs) StdoutLine: {'line': b'-- Up-to-date: /home/nicolas/ws_ros2/install/px4_msgs/include/px4_msgs/px4_msgs/msg/detail/longitudinal_control_configuration__struct.h\n'}
[0.797445] (px4_msgs) StdoutLine: {'line': b'-- Up-to-date: /home/nicolas/ws_ros2/install/px4_msgs/include/px4_msgs/px4_msgs/msg/detail/rtl_status__functions.c\n'}
[0.797528] (px4_msgs) StdoutLine: {'line': b'-- Up-to-date: /home/nicolas/ws_ros2/install/px4_msgs/include/px4_msgs/px4_msgs/msg/detail/internal_combustion_engine_status__type_support.h\n'}
[0.797610] (px4_msgs) StdoutLine: {'line': b'-- Up-to-date: /home/nicolas/ws_ros2/install/px4_msgs/include/px4_msgs/px4_msgs/msg/detail/sensor_combined__functions.h\n'}
[0.797699] (px4_msgs) StdoutLine: {'line': b'-- Up-to-date: /home/nicolas/ws_ros2/install/px4_msgs/include/px4_msgs/px4_msgs/msg/detail/rover_attitude_status__type_support.h\n'}
[0.798093] (px4_msgs) StdoutLine: {'line': b'-- Up-to-date: /home/nicolas/ws_ros2/install/px4_msgs/include/px4_msgs/px4_msgs/msg/detail/cpuload__type_support.h\n'}
[0.798252] (px4_msgs) StdoutLine: {'line': b'-- Up-to-date: /home/nicolas/ws_ros2/install/px4_msgs/include/px4_msgs/px4_msgs/msg/detail/debug_vect__functions.c\n'}
[0.798399] (px4_msgs) StdoutLine: {'line': b'-- Up-to-date: /home/nicolas/ws_ros2/install/px4_msgs/include/px4_msgs/px4_msgs/msg/detail/camera_status__functions.h\n'}
[0.798554] (px4_msgs) StdoutLine: {'line': b'-- Up-to-date: /home/nicolas/ws_ros2/install/px4_msgs/include/px4_msgs/px4_msgs/msg/detail/failure_detector_status__struct.h\n'}
[0.798703] (px4_msgs) StdoutLine: {'line': b'-- Up-to-date: /home/nicolas/ws_ros2/install/px4_msgs/include/px4_msgs/px4_msgs/msg/detail/autotune_attitude_control_status__struct.h\n'}
[0.798850] (px4_msgs) StdoutLine: {'line': b'-- Up-to-date: /home/nicolas/ws_ros2/install/px4_msgs/include/px4_msgs/px4_msgs/msg/detail/estimator_status_flags__type_support.h\n'}
[0.799033] (px4_msgs) StdoutLine: {'line': b'-- Up-to-date: /home/nicolas/ws_ros2/install/px4_msgs/include/px4_msgs/px4_msgs/msg/detail/register_ext_component_request__type_support.h\n'}
[0.799184] (px4_msgs) StdoutLine: {'line': b'-- Up-to-date: /home/nicolas/ws_ros2/install/px4_msgs/include/px4_msgs/px4_msgs/msg/detail/landing_target_innovations__functions.h\n'}
[0.799328] (px4_msgs) StdoutLine: {'line': b'-- Up-to-date: /home/nicolas/ws_ros2/install/px4_msgs/include/px4_msgs/px4_msgs/msg/detail/trajectory_setpoint6dof__functions.h\n'}
[0.799472] (px4_msgs) StdoutLine: {'line': b'-- Up-to-date: /home/nicolas/ws_ros2/install/px4_msgs/include/px4_msgs/px4_msgs/msg/detail/sensor_optical_flow__functions.h\n'}
[0.799620] (px4_msgs) StdoutLine: {'line': b'-- Up-to-date: /home/nicolas/ws_ros2/install/px4_msgs/include/px4_msgs/px4_msgs/msg/detail/vehicle_angular_velocity__functions.c\n'}
[0.799773] (px4_msgs) StdoutLine: {'line': b'-- Up-to-date: /home/nicolas/ws_ros2/install/px4_msgs/include/px4_msgs/px4_msgs/msg/detail/pps_capture__struct.h\n'}
[0.799919] (px4_msgs) StdoutLine: {'line': b'-- Up-to-date: /home/nicolas/ws_ros2/install/px4_msgs/include/px4_msgs/px4_msgs/msg/detail/actuator_test__type_support.h\n'}
[0.800068] (px4_msgs) StdoutLine: {'line': b'-- Up-to-date: /home/nicolas/ws_ros2/install/px4_msgs/include/px4_msgs/px4_msgs/msg/detail/estimator_gps_status__functions.h\n'}
[0.800214] (px4_msgs) StdoutLine: {'line': b'-- Up-to-date: /home/nicolas/ws_ros2/install/px4_msgs/include/px4_msgs/px4_msgs/msg/detail/lateral_control_configuration__type_support.h\n'}
[0.800365] (px4_msgs) StdoutLine: {'line': b'-- Up-to-date: /home/nicolas/ws_ros2/install/px4_msgs/include/px4_msgs/px4_msgs/msg/detail/cpuload__functions.c\n'}
[0.800513] (px4_msgs) StdoutLine: {'line': b'-- Up-to-date: /home/nicolas/ws_ros2/install/px4_msgs/include/px4_msgs/px4_msgs/msg/detail/irlock_report__functions.h\n'}
[0.800666] (px4_msgs) StdoutLine: {'line': b'-- Up-to-date: /home/nicolas/ws_ros2/install/px4_msgs/include/px4_msgs/px4_msgs/msg/detail/debug_value__struct.h\n'}
[0.800824] (px4_msgs) StdoutLine: {'line': b'-- Up-to-date: /home/nicolas/ws_ros2/install/px4_msgs/include/px4_msgs/px4_msgs/msg/detail/rover_speed_setpoint__functions.h\n'}
[0.800967] (-) TimerEvent: {}
[0.801135] (px4_msgs) StdoutLine: {'line': b'-- Up-to-date: /home/nicolas/ws_ros2/install/px4_msgs/include/px4_msgs/px4_msgs/msg/detail/gimbal_manager_set_manual_control__type_support.h\n'}
[0.801293] (px4_msgs) StdoutLine: {'line': b'-- Up-to-date: /home/nicolas/ws_ros2/install/px4_msgs/include/px4_msgs/px4_msgs/msg/detail/px4io_status__functions.h\n'}
[0.801445] (px4_msgs) StdoutLine: {'line': b'-- Up-to-date: /home/nicolas/ws_ros2/install/px4_msgs/include/px4_msgs/px4_msgs/msg/detail/onboard_computer_status__functions.c\n'}
[0.801591] (px4_msgs) StdoutLine: {'line': b'-- Up-to-date: /home/nicolas/ws_ros2/install/px4_msgs/include/px4_msgs/px4_msgs/msg/detail/tiltrotor_extra_controls__type_support.h\n'}
[0.801748] (px4_msgs) StdoutLine: {'line': b'-- Up-to-date: /home/nicolas/ws_ros2/install/px4_msgs/include/px4_msgs/px4_msgs/msg/detail/pure_pursuit_status__functions.h\n'}
[0.801898] (px4_msgs) StdoutLine: {'line': b'-- Up-to-date: /home/nicolas/ws_ros2/install/px4_msgs/include/px4_msgs/px4_msgs/msg/detail/tune_control__struct.h\n'}
[0.802045] (px4_msgs) StdoutLine: {'line': b'-- Up-to-date: /home/nicolas/ws_ros2/install/px4_msgs/include/px4_msgs/px4_msgs/msg/detail/gimbal_manager_information__functions.h\n'}
[0.802191] (px4_msgs) StdoutLine: {'line': b'-- Up-to-date: /home/nicolas/ws_ros2/install/px4_msgs/include/px4_msgs/px4_msgs/msg/detail/estimator_status_flags__struct.h\n'}
[0.802338] (px4_msgs) StdoutLine: {'line': b'-- Up-to-date: /home/nicolas/ws_ros2/install/px4_msgs/include/px4_msgs/px4_msgs/msg/detail/sensors_status_imu__type_support.h\n'}
[0.802486] (px4_msgs) StdoutLine: {'line': b'-- Up-to-date: /home/nicolas/ws_ros2/install/px4_msgs/include/px4_msgs/px4_msgs/msg/detail/esc_status__struct.h\n'}
[0.802637] (px4_msgs) StdoutLine: {'line': b'-- Up-to-date: /home/nicolas/ws_ros2/install/px4_msgs/include/px4_msgs/px4_msgs/msg/detail/camera_capture__type_support.h\n'}
[0.802791] (px4_msgs) StdoutLine: {'line': b'-- Up-to-date: /home/nicolas/ws_ros2/install/px4_msgs/include/px4_msgs/px4_msgs/msg/detail/pure_pursuit_status__struct.h\n'}
[0.802840] (px4_msgs) StdoutLine: {'line': b'-- Up-to-date: /home/nicolas/ws_ros2/install/px4_msgs/include/px4_msgs/px4_msgs/msg/detail/vehicle_control_mode__type_support.h\n'}
[0.802882] (px4_msgs) StdoutLine: {'line': b'-- Up-to-date: /home/nicolas/ws_ros2/install/px4_msgs/include/px4_msgs/px4_msgs/msg/detail/open_drone_id_operator_id__functions.c\n'}
[0.802922] (px4_msgs) StdoutLine: {'line': b'-- Up-to-date: /home/nicolas/ws_ros2/install/px4_msgs/include/px4_msgs/px4_msgs/msg/detail/longitudinal_control_configuration__type_support.h\n'}
[0.802963] (px4_msgs) StdoutLine: {'line': b'-- Up-to-date: /home/nicolas/ws_ros2/install/px4_msgs/include/px4_msgs/px4_msgs/msg/detail/sensor_selection__type_support.h\n'}
[0.803002] (px4_msgs) StdoutLine: {'line': b'-- Up-to-date: /home/nicolas/ws_ros2/install/px4_msgs/include/px4_msgs/px4_msgs/msg/detail/vehicle_acceleration__struct.h\n'}
[0.803053] (px4_msgs) StdoutLine: {'line': b'-- Up-to-date: /home/nicolas/ws_ros2/install/px4_msgs/include/px4_msgs/px4_msgs/msg/detail/px4io_status__type_support.h\n'}
[0.803090] (px4_msgs) StdoutLine: {'line': b'-- Up-to-date: /home/nicolas/ws_ros2/install/px4_msgs/include/px4_msgs/px4_msgs/msg/detail/action_request__type_support.h\n'}
[0.803127] (px4_msgs) StdoutLine: {'line': b'-- Up-to-date: /home/nicolas/ws_ros2/install/px4_msgs/include/px4_msgs/px4_msgs/msg/detail/normalized_unsigned_setpoint__struct.h\n'}
[0.803212] (px4_msgs) StdoutLine: {'line': b'-- Up-to-date: /home/nicolas/ws_ros2/install/px4_msgs/include/px4_msgs/px4_msgs/msg/detail/sensor_gyro_fifo__functions.c\n'}
[0.803423] (px4_msgs) StdoutLine: {'line': b'-- Up-to-date: /home/nicolas/ws_ros2/install/px4_msgs/include/px4_msgs/px4_msgs/msg/detail/open_drone_id_self_id__functions.c\n'}
[0.803493] (px4_msgs) StdoutLine: {'line': b'-- Up-to-date: /home/nicolas/ws_ros2/install/px4_msgs/include/px4_msgs/px4_msgs/msg/detail/position_setpoint_triplet__functions.c\n'}
[0.803539] (px4_msgs) StdoutLine: {'line': b'-- Up-to-date: /home/nicolas/ws_ros2/install/px4_msgs/include/px4_msgs/px4_msgs/msg/detail/task_stack_info__type_support.h\n'}
[0.803600] (px4_msgs) StdoutLine: {'line': b'-- Up-to-date: /home/nicolas/ws_ros2/install/px4_msgs/include/px4_msgs/px4_msgs/msg/detail/vehicle_optical_flow_vel__functions.h\n'}
[0.803663] (px4_msgs) StdoutLine: {'line': b'-- Up-to-date: /home/nicolas/ws_ros2/install/px4_msgs/include/px4_msgs/px4_msgs/msg/detail/mavlink_tunnel__functions.h\n'}
[0.803737] (px4_msgs) StdoutLine: {'line': b'-- Up-to-date: /home/nicolas/ws_ros2/install/px4_msgs/include/px4_msgs/px4_msgs/msg/detail/qshell_retval__functions.h\n'}
[0.803782] (px4_msgs) StdoutLine: {'line': b'-- Up-to-date: /home/nicolas/ws_ros2/install/px4_msgs/include/px4_msgs/px4_msgs/msg/detail/estimator_aid_source1d__functions.c\n'}
[0.803825] (px4_msgs) StdoutLine: {'line': b'-- Up-to-date: /home/nicolas/ws_ros2/install/px4_msgs/include/px4_msgs/px4_msgs/msg/detail/launch_detection_status__struct.h\n'}
[0.803873] (px4_msgs) StdoutLine: {'line': b'-- Up-to-date: /home/nicolas/ws_ros2/install/px4_msgs/include/px4_msgs/px4_msgs/msg/detail/qshell_req__struct.h\n'}
[0.803912] (px4_msgs) StdoutLine: {'line': b'-- Up-to-date: /home/nicolas/ws_ros2/install/px4_msgs/include/px4_msgs/px4_msgs/msg/detail/actuator_outputs__type_support.h\n'}
[0.803950] (px4_msgs) StdoutLine: {'line': b'-- Up-to-date: /home/nicolas/ws_ros2/install/px4_msgs/include/px4_msgs/px4_msgs/msg/detail/cellular_status__functions.h\n'}
[0.804046] (px4_msgs) StdoutLine: {'line': b'-- Up-to-date: /home/nicolas/ws_ros2/install/px4_msgs/include/px4_msgs/px4_msgs/msg/detail/sensor_gnss_relative__functions.h\n'}
[0.804199] (px4_msgs) StdoutLine: {'line': b'-- Up-to-date: /home/nicolas/ws_ros2/install/px4_msgs/include/px4_msgs/px4_msgs/msg/detail/position_setpoint__type_support.h\n'}
[0.804247] (px4_msgs) StdoutLine: {'line': b'-- Up-to-date: /home/nicolas/ws_ros2/install/px4_msgs/include/px4_msgs/px4_msgs/msg/detail/fixed_wing_lateral_status__functions.c\n'}
[0.804288] (px4_msgs) StdoutLine: {'line': b'-- Up-to-date: /home/nicolas/ws_ros2/install/px4_msgs/include/px4_msgs/px4_msgs/msg/detail/geofence_status__struct.h\n'}
[0.804336] (px4_msgs) StdoutLine: {'line': b'-- Up-to-date: /home/nicolas/ws_ros2/install/px4_msgs/include/px4_msgs/px4_msgs/msg/detail/rover_rate_setpoint__type_support.h\n'}
[0.804375] (px4_msgs) StdoutLine: {'line': b'-- Up-to-date: /home/nicolas/ws_ros2/install/px4_msgs/include/px4_msgs/px4_msgs/msg/detail/ulog_stream__type_support.h\n'}
[0.804413] (px4_msgs) StdoutLine: {'line': b'-- Up-to-date: /home/nicolas/ws_ros2/install/px4_msgs/include/px4_msgs/px4_msgs/msg/detail/log_message__functions.h\n'}
[0.804450] (px4_msgs) StdoutLine: {'line': b'-- Up-to-date: /home/nicolas/ws_ros2/install/px4_msgs/include/px4_msgs/px4_msgs/msg/detail/gimbal_manager_status__functions.h\n'}
[0.804487] (px4_msgs) StdoutLine: {'line': b'-- Up-to-date: /home/nicolas/ws_ros2/install/px4_msgs/include/px4_msgs/px4_msgs/msg/detail/vehicle_thrust_setpoint__functions.c\n'}
[0.804524] (px4_msgs) StdoutLine: {'line': b'-- Up-to-date: /home/nicolas/ws_ros2/install/px4_msgs/include/px4_msgs/px4_msgs/msg/detail/navigator_mission_item__struct.h\n'}
[0.804561] (px4_msgs) StdoutLine: {'line': b'-- Up-to-date: /home/nicolas/ws_ros2/install/px4_msgs/include/px4_msgs/px4_msgs/msg/detail/unregister_ext_component__functions.h\n'}
[0.804598] (px4_msgs) StdoutLine: {'line': b'-- Up-to-date: /home/nicolas/ws_ros2/install/px4_msgs/include/px4_msgs/px4_msgs/msg/detail/gripper__functions.h\n'}
[0.804763] (px4_msgs) StdoutLine: {'line': b'-- Up-to-date: /home/nicolas/ws_ros2/install/px4_msgs/include/px4_msgs/px4_msgs/msg/detail/rover_rate_setpoint__functions.h\n'}
[0.804824] (px4_msgs) StdoutLine: {'line': b'-- Up-to-date: /home/nicolas/ws_ros2/install/px4_msgs/include/px4_msgs/px4_msgs/msg/detail/parameter_reset_request__functions.h\n'}
[0.804864] (px4_msgs) StdoutLine: {'line': b'-- Up-to-date: /home/nicolas/ws_ros2/install/px4_msgs/include/px4_msgs/px4_msgs/msg/detail/register_ext_component_reply__functions.c\n'}
[0.804904] (px4_msgs) StdoutLine: {'line': b'-- Up-to-date: /home/nicolas/ws_ros2/install/px4_msgs/include/px4_msgs/px4_msgs/msg/detail/fixed_wing_lateral_setpoint__struct.h\n'}
[0.804943] (px4_msgs) StdoutLine: {'line': b'-- Up-to-date: /home/nicolas/ws_ros2/install/px4_msgs/include/px4_msgs/px4_msgs/msg/detail/position_controller_landing_status__functions.h\n'}
[0.804982] (px4_msgs) StdoutLine: {'line': b'-- Up-to-date: /home/nicolas/ws_ros2/install/px4_msgs/include/px4_msgs/px4_msgs/msg/detail/goto_setpoint__functions.c\n'}
[0.805021] (px4_msgs) StdoutLine: {'line': b'-- Up-to-date: /home/nicolas/ws_ros2/install/px4_msgs/include/px4_msgs/px4_msgs/msg/detail/estimator_states__type_support.h\n'}
[0.805059] (px4_msgs) StdoutLine: {'line': b'-- Up-to-date: /home/nicolas/ws_ros2/install/px4_msgs/include/px4_msgs/px4_msgs/msg/detail/vehicle_optical_flow__functions.h\n'}
[0.805096] (px4_msgs) StdoutLine: {'line': b'-- Up-to-date: /home/nicolas/ws_ros2/install/px4_msgs/include/px4_msgs/px4_msgs/msg/detail/vehicle_status__functions.h\n'}
[0.805134] (px4_msgs) StdoutLine: {'line': b'-- Up-to-date: /home/nicolas/ws_ros2/install/px4_msgs/include/px4_msgs/px4_msgs/msg/detail/goto_setpoint__type_support.h\n'}
[0.805172] (px4_msgs) StdoutLine: {'line': b'-- Up-to-date: /home/nicolas/ws_ros2/install/px4_msgs/include/px4_msgs/px4_msgs/msg/detail/timesync_status__struct.h\n'}
[0.805210] (px4_msgs) StdoutLine: {'line': b'-- Up-to-date: /home/nicolas/ws_ros2/install/px4_msgs/include/px4_msgs/px4_msgs/msg/detail/vehicle_command_ack__struct.h\n'}
[0.805247] (px4_msgs) StdoutLine: {'line': b'-- Up-to-date: /home/nicolas/ws_ros2/install/px4_msgs/include/px4_msgs/px4_msgs/msg/detail/cellular_status__type_support.h\n'}
[0.805286] (px4_msgs) StdoutLine: {'line': b'-- Up-to-date: /home/nicolas/ws_ros2/install/px4_msgs/include/px4_msgs/px4_msgs/msg/detail/sensor_gnss_status__struct.h\n'}
[0.805324] (px4_msgs) StdoutLine: {'line': b'-- Up-to-date: /home/nicolas/ws_ros2/install/px4_msgs/include/px4_msgs/px4_msgs/msg/detail/vehicle_command_ack__functions.c\n'}
[0.805362] (px4_msgs) StdoutLine: {'line': b'-- Up-to-date: /home/nicolas/ws_ros2/install/px4_msgs/include/px4_msgs/px4_msgs/msg/detail/position_setpoint__struct.h\n'}
[0.805414] (px4_msgs) StdoutLine: {'line': b'-- Up-to-date: /home/nicolas/ws_ros2/install/px4_msgs/include/px4_msgs/px4_msgs/msg/detail/mount_orientation__functions.h\n'}
[0.805454] (px4_msgs) StdoutLine: {'line': b'-- Up-to-date: /home/nicolas/ws_ros2/install/px4_msgs/include/px4_msgs/px4_msgs/msg/detail/sensor_gyro_fft__struct.h\n'}
[0.805555] (px4_msgs) StdoutLine: {'line': b'-- Up-to-date: /home/nicolas/ws_ros2/install/px4_msgs/include/px4_msgs/px4_msgs/msg/detail/internal_combustion_engine_control__functions.h\n'}
[0.805596] (px4_msgs) StdoutLine: {'line': b'-- Up-to-date: /home/nicolas/ws_ros2/install/px4_msgs/include/px4_msgs/px4_msgs/msg/detail/led_control__struct.h\n'}
[0.805635] (px4_msgs) StdoutLine: {'line': b'-- Up-to-date: /home/nicolas/ws_ros2/install/px4_msgs/include/px4_msgs/px4_msgs/msg/detail/flight_phase_estimation__struct.h\n'}
[0.805674] (px4_msgs) StdoutLine: {'line': b'-- Up-to-date: /home/nicolas/ws_ros2/install/px4_msgs/include/px4_msgs/px4_msgs/msg/detail/system_power__functions.h\n'}
[0.805718] (px4_msgs) StdoutLine: {'line': b'-- Up-to-date: /home/nicolas/ws_ros2/install/px4_msgs/include/px4_msgs/px4_msgs/msg/detail/failure_detector_status__type_support.h\n'}
[0.805832] (px4_msgs) StdoutLine: {'line': b'-- Up-to-date: /home/nicolas/ws_ros2/install/px4_msgs/include/px4_msgs/px4_msgs/msg/detail/lateral_control_configuration__functions.h\n'}
[0.805872] (px4_msgs) StdoutLine: {'line': b'-- Up-to-date: /home/nicolas/ws_ros2/install/px4_msgs/include/px4_msgs/px4_msgs/msg/detail/vehicle_magnetometer__functions.c\n'}
[0.805995] (px4_msgs) StdoutLine: {'line': b'-- Up-to-date: /home/nicolas/ws_ros2/install/px4_msgs/include/px4_msgs/px4_msgs/msg/detail/internal_combustion_engine_status__functions.h\n'}
[0.806038] (px4_msgs) StdoutLine: {'line': b'-- Up-to-date: /home/nicolas/ws_ros2/install/px4_msgs/include/px4_msgs/px4_msgs/msg/detail/autotune_attitude_control_status__type_support.h\n'}
[0.806074] (px4_msgs) StdoutLine: {'line': b'-- Up-to-date: /home/nicolas/ws_ros2/install/px4_msgs/include/px4_msgs/px4_msgs/msg/detail/mission_result__type_support.h\n'}
[0.806109] (px4_msgs) StdoutLine: {'line': b'-- Up-to-date: /home/nicolas/ws_ros2/install/px4_msgs/include/px4_msgs/px4_msgs/msg/detail/actuator_controls_status__struct.h\n'}
[0.806145] (px4_msgs) StdoutLine: {'line': b'-- Up-to-date: /home/nicolas/ws_ros2/install/px4_msgs/include/px4_msgs/px4_msgs/msg/detail/offboard_control_mode__functions.c\n'}
[0.806179] (px4_msgs) StdoutLine: {'line': b'-- Up-to-date: /home/nicolas/ws_ros2/install/px4_msgs/include/px4_msgs/px4_msgs/msg/detail/estimator_sensor_bias__type_support.h\n'}
[0.806226] (px4_msgs) StdoutLine: {'line': b'-- Up-to-date: /home/nicolas/ws_ros2/install/px4_msgs/include/px4_msgs/px4_msgs/msg/detail/vtol_vehicle_status__struct.h\n'}
[0.806266] (px4_msgs) StdoutLine: {'line': b'-- Up-to-date: /home/nicolas/ws_ros2/install/px4_msgs/include/px4_msgs/px4_msgs/msg/detail/vehicle_constraints__type_support.h\n'}
[0.806304] (px4_msgs) StdoutLine: {'line': b'-- Up-to-date: /home/nicolas/ws_ros2/install/px4_msgs/include/px4_msgs/px4_msgs/msg/detail/landing_gear__type_support.h\n'}
[0.806343] (px4_msgs) StdoutLine: {'line': b'-- Up-to-date: /home/nicolas/ws_ros2/install/px4_msgs/include/px4_msgs/px4_msgs/msg/detail/airspeed_wind__struct.h\n'}
[0.806380] (px4_msgs) StdoutLine: {'line': b'-- Up-to-date: /home/nicolas/ws_ros2/install/px4_msgs/include/px4_msgs/px4_msgs/msg/detail/estimator_aid_source2d__type_support.h\n'}
[0.806418] (px4_msgs) StdoutLine: {'line': b'-- Up-to-date: /home/nicolas/ws_ros2/install/px4_msgs/include/px4_msgs/px4_msgs/msg/detail/offboard_control_mode__struct.h\n'}
[0.806455] (px4_msgs) StdoutLine: {'line': b'-- Up-to-date: /home/nicolas/ws_ros2/install/px4_msgs/include/px4_msgs/px4_msgs/msg/detail/message_format_request__struct.h\n'}
[0.806492] (px4_msgs) StdoutLine: {'line': b'-- Up-to-date: /home/nicolas/ws_ros2/install/px4_msgs/include/px4_msgs/px4_msgs/msg/detail/radio_status__type_support.h\n'}
[0.806529] (px4_msgs) StdoutLine: {'line': b'-- Up-to-date: /home/nicolas/ws_ros2/install/px4_msgs/include/px4_msgs/px4_msgs/msg/detail/ulog_stream_ack__struct.h\n'}
[0.806567] (px4_msgs) StdoutLine: {'line': b'-- Up-to-date: /home/nicolas/ws_ros2/install/px4_msgs/include/px4_msgs/px4_msgs/msg/detail/estimator_gps_status__type_support.h\n'}
[0.806605] (px4_msgs) StdoutLine: {'line': b'-- Up-to-date: /home/nicolas/ws_ros2/install/px4_msgs/include/px4_msgs/px4_msgs/msg/detail/open_drone_id_arm_status__type_support.h\n'}
[0.806642] (px4_msgs) StdoutLine: {'line': b'-- Up-to-date: /home/nicolas/ws_ros2/install/px4_msgs/include/px4_msgs/px4_msgs/msg/detail/follow_target__functions.c\n'}
[0.806683] (px4_msgs) StdoutLine: {'line': b'-- Up-to-date: /home/nicolas/ws_ros2/install/px4_msgs/include/px4_msgs/px4_msgs/msg/detail/gps_inject_data__functions.h\n'}
[0.806725] (px4_msgs) StdoutLine: {'line': b'-- Up-to-date: /home/nicolas/ws_ros2/install/px4_msgs/include/px4_msgs/px4_msgs/msg/detail/can_interface_status__type_support.h\n'}
[0.806764] (px4_msgs) StdoutLine: {'line': b'-- Up-to-date: /home/nicolas/ws_ros2/install/px4_msgs/include/px4_msgs/px4_msgs/msg/detail/vehicle_command__struct.h\n'}
[0.806800] (px4_msgs) StdoutLine: {'line': b'-- Up-to-date: /home/nicolas/ws_ros2/install/px4_msgs/include/px4_msgs/px4_msgs/msg/detail/vehicle_acceleration__type_support.h\n'}
[0.806886] (px4_msgs) StdoutLine: {'line': b'-- Up-to-date: /home/nicolas/ws_ros2/install/px4_msgs/include/px4_msgs/px4_msgs/msg/detail/position_controller_landing_status__functions.c\n'}
[0.806927] (px4_msgs) StdoutLine: {'line': b'-- Up-to-date: /home/nicolas/ws_ros2/install/px4_msgs/include/px4_msgs/px4_msgs/msg/detail/differential_pressure__functions.h\n'}
[0.807028] (px4_msgs) StdoutLine: {'line': b'-- Up-to-date: /home/nicolas/ws_ros2/install/px4_msgs/include/px4_msgs/px4_msgs/msg/detail/satellite_info__functions.h\n'}
[0.807070] (px4_msgs) StdoutLine: {'line': b'-- Up-to-date: /home/nicolas/ws_ros2/install/px4_msgs/include/px4_msgs/px4_msgs/msg/detail/rc_channels__functions.c\n'}
[0.807109] (px4_msgs) StdoutLine: {'line': b'-- Up-to-date: /home/nicolas/ws_ros2/install/px4_msgs/include/px4_msgs/px4_msgs/msg/detail/ulog_stream_ack__type_support.h\n'}
[0.807147] (px4_msgs) StdoutLine: {'line': b'-- Up-to-date: /home/nicolas/ws_ros2/install/px4_msgs/include/px4_msgs/px4_msgs/msg/detail/longitudinal_control_configuration__functions.c\n'}
[0.807188] (px4_msgs) StdoutLine: {'line': b'-- Up-to-date: /home/nicolas/ws_ros2/install/px4_msgs/include/px4_msgs/px4_msgs/msg/detail/geofence_result__struct.h\n'}
[0.807223] (px4_msgs) StdoutLine: {'line': b'-- Up-to-date: /home/nicolas/ws_ros2/install/px4_msgs/include/px4_msgs/px4_msgs/msg/detail/manual_control_setpoint__type_support.h\n'}
[0.807259] (px4_msgs) StdoutLine: {'line': b'-- Up-to-date: /home/nicolas/ws_ros2/install/px4_msgs/include/px4_msgs/px4_msgs/msg/detail/mag_worker_data__struct.h\n'}
[0.807296] (px4_msgs) StdoutLine: {'line': b'-- Up-to-date: /home/nicolas/ws_ros2/install/px4_msgs/include/px4_msgs/px4_msgs/msg/detail/gimbal_manager_information__functions.c\n'}
[0.807332] (px4_msgs) StdoutLine: {'line': b'-- Up-to-date: /home/nicolas/ws_ros2/install/px4_msgs/include/px4_msgs/px4_msgs/msg/detail/sensor_gyro__functions.c\n'}
[0.807374] (px4_msgs) StdoutLine: {'line': b'-- Up-to-date: /home/nicolas/ws_ros2/install/px4_msgs/include/px4_msgs/px4_msgs/msg/detail/fuel_tank_status__type_support.h\n'}
[0.807411] (px4_msgs) StdoutLine: {'line': b'-- Up-to-date: /home/nicolas/ws_ros2/install/px4_msgs/include/px4_msgs/px4_msgs/msg/detail/neural_control__type_support.h\n'}
[0.807448] (px4_msgs) StdoutLine: {'line': b'-- Up-to-date: /home/nicolas/ws_ros2/install/px4_msgs/include/px4_msgs/px4_msgs/msg/detail/rover_rate_setpoint__struct.h\n'}
[0.807487] (px4_msgs) StdoutLine: {'line': b'-- Up-to-date: /home/nicolas/ws_ros2/install/px4_msgs/include/px4_msgs/px4_msgs/msg/detail/parameter_update__type_support.h\n'}
[0.807524] (px4_msgs) StdoutLine: {'line': b'-- Up-to-date: /home/nicolas/ws_ros2/install/px4_msgs/include/px4_msgs/px4_msgs/msg/detail/vehicle_control_mode__functions.c\n'}
[0.807562] (px4_msgs) StdoutLine: {'line': b'-- Up-to-date: /home/nicolas/ws_ros2/install/px4_msgs/include/px4_msgs/px4_msgs/msg/detail/sensor_accel__type_support.h\n'}
[0.807601] (px4_msgs) StdoutLine: {'line': b'-- Up-to-date: /home/nicolas/ws_ros2/install/px4_msgs/include/px4_msgs/px4_msgs/msg/detail/fixed_wing_runway_control__functions.c\n'}
[0.807641] (px4_msgs) StdoutLine: {'line': b'-- Up-to-date: /home/nicolas/ws_ros2/install/px4_msgs/include/px4_msgs/px4_msgs/msg/detail/orbit_status__functions.c\n'}
[0.807677] (px4_msgs) StdoutLine: {'line': b'-- Up-to-date: /home/nicolas/ws_ros2/install/px4_msgs/include/px4_msgs/px4_msgs/msg/detail/mission__functions.h\n'}
[0.807723] (px4_msgs) StdoutLine: {'line': b'-- Up-to-date: /home/nicolas/ws_ros2/install/px4_msgs/include/px4_msgs/px4_msgs/msg/detail/vehicle_angular_velocity__struct.h\n'}
[0.807761] (px4_msgs) StdoutLine: {'line': b'-- Up-to-date: /home/nicolas/ws_ros2/install/px4_msgs/include/px4_msgs/px4_msgs/msg/detail/home_position__struct.h\n'}
[0.807799] (px4_msgs) StdoutLine: {'line': b'-- Up-to-date: /home/nicolas/ws_ros2/install/px4_msgs/include/px4_msgs/px4_msgs/msg/detail/vehicle_thrust_setpoint__struct.h\n'}
[0.807836] (px4_msgs) StdoutLine: {'line': b'-- Up-to-date: /home/nicolas/ws_ros2/install/px4_msgs/include/px4_msgs/px4_msgs/msg/detail/airspeed_validated__type_support.h\n'}
[0.807941] (px4_msgs) StdoutLine: {'line': b'-- Up-to-date: /home/nicolas/ws_ros2/install/px4_msgs/include/px4_msgs/px4_msgs/msg/detail/offboard_control_mode__type_support.h\n'}
[0.807983] (px4_msgs) StdoutLine: {'line': b'-- Up-to-date: /home/nicolas/ws_ros2/install/px4_msgs/include/px4_msgs/px4_msgs/msg/detail/rover_rate_setpoint__functions.c\n'}
[0.808023] (px4_msgs) StdoutLine: {'line': b'-- Up-to-date: /home/nicolas/ws_ros2/install/px4_msgs/include/px4_msgs/px4_msgs/msg/detail/vehicle_acceleration__functions.c\n'}
[0.808062] (px4_msgs) StdoutLine: {'line': b'-- Up-to-date: /home/nicolas/ws_ros2/install/px4_msgs/include/px4_msgs/px4_msgs/msg/detail/fixed_wing_lateral_status__type_support.h\n'}
[0.808101] (px4_msgs) StdoutLine: {'line': b'-- Up-to-date: /home/nicolas/ws_ros2/install/px4_msgs/include/px4_msgs/px4_msgs/msg/detail/sensors_status__type_support.h\n'}
[0.808139] (px4_msgs) StdoutLine: {'line': b'-- Up-to-date: /home/nicolas/ws_ros2/install/px4_msgs/include/px4_msgs/px4_msgs/msg/detail/estimator_aid_source2d__struct.h\n'}
[0.808178] (px4_msgs) StdoutLine: {'line': b'-- Up-to-date: /home/nicolas/ws_ros2/install/px4_msgs/include/px4_msgs/px4_msgs/msg/detail/arming_check_reply__functions.h\n'}
[0.808217] (px4_msgs) StdoutLine: {'line': b'-- Up-to-date: /home/nicolas/ws_ros2/install/px4_msgs/include/px4_msgs/px4_msgs/msg/detail/mode_completed__functions.h\n'}
[0.808255] (px4_msgs) StdoutLine: {'line': b'-- Up-to-date: /home/nicolas/ws_ros2/install/px4_msgs/include/px4_msgs/px4_msgs/msg/detail/register_ext_component_reply__functions.h\n'}
[0.808355] (px4_msgs) StdoutLine: {'line': b'-- Up-to-date: /home/nicolas/ws_ros2/install/px4_msgs/include/px4_msgs/px4_msgs/msg/detail/debug_array__type_support.h\n'}
[0.808396] (px4_msgs) StdoutLine: {'line': b'-- Up-to-date: /home/nicolas/ws_ros2/install/px4_msgs/include/px4_msgs/px4_msgs/msg/detail/config_overrides__type_support.h\n'}
[0.808435] (px4_msgs) StdoutLine: {'line': b'-- Up-to-date: /home/nicolas/ws_ros2/install/px4_msgs/include/px4_msgs/px4_msgs/msg/detail/rpm__type_support.h\n'}
[0.808475] (px4_msgs) StdoutLine: {'line': b'-- Up-to-date: /home/nicolas/ws_ros2/install/px4_msgs/include/px4_msgs/px4_msgs/msg/detail/vehicle_attitude_setpoint__functions.h\n'}
[0.808513] (px4_msgs) StdoutLine: {'line': b'-- Up-to-date: /home/nicolas/ws_ros2/install/px4_msgs/include/px4_msgs/px4_msgs/msg/detail/actuator_armed__functions.c\n'}
[0.808552] (px4_msgs) StdoutLine: {'line': b'-- Up-to-date: /home/nicolas/ws_ros2/install/px4_msgs/include/px4_msgs/px4_msgs/msg/detail/rc_channels__functions.h\n'}
[0.808589] (px4_msgs) StdoutLine: {'line': b'-- Up-to-date: /home/nicolas/ws_ros2/install/px4_msgs/include/px4_msgs/px4_msgs/msg/detail/battery_status__type_support.h\n'}
[0.808627] (px4_msgs) StdoutLine: {'line': b'-- Up-to-date: /home/nicolas/ws_ros2/install/px4_msgs/include/px4_msgs/px4_msgs/msg/detail/goto_setpoint__functions.h\n'}
[0.808666] (px4_msgs) StdoutLine: {'line': b'-- Up-to-date: /home/nicolas/ws_ros2/install/px4_msgs/include/px4_msgs/px4_msgs/msg/detail/control_allocator_status__struct.h\n'}
[0.808712] (px4_msgs) StdoutLine: {'line': b'-- Up-to-date: /home/nicolas/ws_ros2/install/px4_msgs/include/px4_msgs/px4_msgs/msg/detail/iridiumsbd_status__struct.h\n'}
[0.808752] (px4_msgs) StdoutLine: {'line': b'-- Up-to-date: /home/nicolas/ws_ros2/install/px4_msgs/include/px4_msgs/px4_msgs/msg/detail/vehicle_attitude_setpoint__struct.h\n'}
[0.808867] (px4_msgs) StdoutLine: {'line': b'-- Up-to-date: /home/nicolas/ws_ros2/install/px4_msgs/include/px4_msgs/px4_msgs/msg/detail/estimator_status_flags__functions.c\n'}
[0.808908] (px4_msgs) StdoutLine: {'line': b'-- Up-to-date: /home/nicolas/ws_ros2/install/px4_msgs/include/px4_msgs/px4_msgs/msg/detail/estimator_status_flags__functions.h\n'}
[0.808947] (px4_msgs) StdoutLine: {'line': b'-- Up-to-date: /home/nicolas/ws_ros2/install/px4_msgs/include/px4_msgs/px4_msgs/msg/detail/velocity_limits__functions.c\n'}
[0.809151] (px4_msgs) StdoutLine: {'line': b'-- Up-to-date: /home/nicolas/ws_ros2/install/px4_msgs/include/px4_msgs/px4_msgs/msg/detail/estimator_bias__type_support.h\n'}
[0.809194] (px4_msgs) StdoutLine: {'line': b'-- Up-to-date: /home/nicolas/ws_ros2/install/px4_msgs/include/px4_msgs/px4_msgs/msg/detail/estimator_gps_status__functions.c\n'}
[0.809236] (px4_msgs) StdoutLine: {'line': b'-- Up-to-date: /home/nicolas/ws_ros2/install/px4_msgs/include/px4_msgs/px4_msgs/msg/detail/velocity_limits__functions.h\n'}
[0.809277] (px4_msgs) StdoutLine: {'line': b'-- Up-to-date: /home/nicolas/ws_ros2/install/px4_msgs/include/px4_msgs/px4_msgs/msg/detail/figure_eight_status__struct.h\n'}
[0.809317] (px4_msgs) StdoutLine: {'line': b'-- Up-to-date: /home/nicolas/ws_ros2/install/px4_msgs/include/px4_msgs/px4_msgs/msg/detail/open_drone_id_system__functions.h\n'}
[0.809357] (px4_msgs) StdoutLine: {'line': b'-- Up-to-date: /home/nicolas/ws_ros2/install/px4_msgs/include/px4_msgs/px4_msgs/msg/detail/sensor_gyro__struct.h\n'}
[0.809395] (px4_msgs) StdoutLine: {'line': b'-- Up-to-date: /home/nicolas/ws_ros2/install/px4_msgs/include/px4_msgs/px4_msgs/msg/detail/parameter_reset_request__functions.c\n'}
[0.809433] (px4_msgs) StdoutLine: {'line': b'-- Up-to-date: /home/nicolas/ws_ros2/install/px4_msgs/include/px4_msgs/px4_msgs/msg/detail/gimbal_manager_set_manual_control__functions.h\n'}
[0.809470] (px4_msgs) StdoutLine: {'line': b'-- Up-to-date: /home/nicolas/ws_ros2/install/px4_msgs/include/px4_msgs/px4_msgs/msg/detail/ulog_stream_ack__functions.c\n'}
[0.809507] (px4_msgs) StdoutLine: {'line': b'-- Up-to-date: /home/nicolas/ws_ros2/install/px4_msgs/include/px4_msgs/px4_msgs/msg/detail/iridiumsbd_status__functions.h\n'}
[0.809544] (px4_msgs) StdoutLine: {'line': b'-- Up-to-date: /home/nicolas/ws_ros2/install/px4_msgs/include/px4_msgs/px4_msgs/msg/detail/follow_target_status__functions.h\n'}
[0.809581] (px4_msgs) StdoutLine: {'line': b'-- Up-to-date: /home/nicolas/ws_ros2/install/px4_msgs/include/px4_msgs/px4_msgs/msg/detail/vehicle_magnetometer__struct.h\n'}
[0.809618] (px4_msgs) StdoutLine: {'line': b'-- Up-to-date: /home/nicolas/ws_ros2/install/px4_msgs/include/px4_msgs/px4_msgs/msg/detail/parameter_reset_request__struct.h\n'}
[0.809654] (px4_msgs) StdoutLine: {'line': b'-- Up-to-date: /home/nicolas/ws_ros2/install/px4_msgs/include/px4_msgs/px4_msgs/msg/detail/rover_speed_setpoint__type_support.h\n'}
[0.809699] (px4_msgs) StdoutLine: {'line': b'-- Up-to-date: /home/nicolas/ws_ros2/install/px4_msgs/include/px4_msgs/px4_msgs/msg/detail/logger_status__type_support.h\n'}
[0.809741] (px4_msgs) StdoutLine: {'line': b'-- Up-to-date: /home/nicolas/ws_ros2/install/px4_msgs/include/px4_msgs/px4_msgs/msg/detail/gimbal_device_set_attitude__functions.h\n'}
[0.809780] (px4_msgs) StdoutLine: {'line': b'-- Up-to-date: /home/nicolas/ws_ros2/install/px4_msgs/include/px4_msgs/px4_msgs/msg/detail/rtl_time_estimate__type_support.h\n'}
[0.809888] (px4_msgs) StdoutLine: {'line': b'-- Up-to-date: /home/nicolas/ws_ros2/install/px4_msgs/include/px4_msgs/px4_msgs/msg/detail/actuator_controls_status__functions.c\n'}
[0.809931] (px4_msgs) StdoutLine: {'line': b'-- Up-to-date: /home/nicolas/ws_ros2/install/px4_msgs/include/px4_msgs/px4_msgs/msg/detail/rover_throttle_setpoint__struct.h\n'}
[0.809968] (px4_msgs) StdoutLine: {'line': b'-- Up-to-date: /home/nicolas/ws_ros2/install/px4_msgs/include/px4_msgs/px4_msgs/msg/detail/generator_status__struct.h\n'}
[0.810005] (px4_msgs) StdoutLine: {'line': b'-- Up-to-date: /home/nicolas/ws_ros2/install/px4_msgs/include/px4_msgs/px4_msgs/msg/detail/home_position__functions.h\n'}
[0.810042] (px4_msgs) StdoutLine: {'line': b'-- Up-to-date: /home/nicolas/ws_ros2/install/px4_msgs/include/px4_msgs/px4_msgs/msg/detail/launch_detection_status__functions.h\n'}
[0.810080] (px4_msgs) StdoutLine: {'line': b'-- Up-to-date: /home/nicolas/ws_ros2/install/px4_msgs/include/px4_msgs/px4_msgs/msg/detail/vehicle_air_data__type_support.h\n'}
[0.810120] (px4_msgs) StdoutLine: {'line': b'-- Up-to-date: /home/nicolas/ws_ros2/install/px4_msgs/include/px4_msgs/px4_msgs/msg/detail/vehicle_angular_acceleration_setpoint__type_support.h\n'}
[0.810188] (px4_msgs) StdoutLine: {'line': b'-- Up-to-date: /home/nicolas/ws_ros2/install/px4_msgs/include/px4_msgs/px4_msgs/msg/detail/message_format_response__functions.c\n'}
[0.810231] (px4_msgs) StdoutLine: {'line': b'-- Up-to-date: /home/nicolas/ws_ros2/install/px4_msgs/include/px4_msgs/px4_msgs/msg/detail/uavcan_parameter_request__type_support.h\n'}
[0.810272] (px4_msgs) StdoutLine: {'line': b'-- Up-to-date: /home/nicolas/ws_ros2/install/px4_msgs/include/px4_msgs/px4_msgs/msg/detail/trajectory_setpoint6dof__functions.c\n'}
[0.810311] (px4_msgs) StdoutLine: {'line': b'-- Up-to-date: /home/nicolas/ws_ros2/install/px4_msgs/include/px4_msgs/px4_msgs/msg/detail/magnetometer_bias_estimate__struct.h\n'}
[0.810349] (px4_msgs) StdoutLine: {'line': b'-- Up-to-date: /home/nicolas/ws_ros2/install/px4_msgs/include/px4_msgs/px4_msgs/msg/detail/gpio_in__struct.h\n'}
[0.810385] (px4_msgs) StdoutLine: {'line': b'-- Up-to-date: /home/nicolas/ws_ros2/install/px4_msgs/include/px4_msgs/px4_msgs/msg/detail/estimator_aid_source1d__functions.h\n'}
[0.810509] (px4_msgs) StdoutLine: {'line': b'-- Up-to-date: /home/nicolas/ws_ros2/install/px4_msgs/include/px4_msgs/px4_msgs/msg/detail/vehicle_global_position__functions.c\n'}
[0.810549] (px4_msgs) StdoutLine: {'line': b'-- Up-to-date: /home/nicolas/ws_ros2/install/px4_msgs/include/px4_msgs/px4_msgs/msg/detail/rpm__functions.h\n'}
[0.810587] (px4_msgs) StdoutLine: {'line': b'-- Up-to-date: /home/nicolas/ws_ros2/install/px4_msgs/include/px4_msgs/px4_msgs/msg/detail/failure_detector_status__functions.c\n'}
[0.810625] (px4_msgs) StdoutLine: {'line': b'-- Up-to-date: /home/nicolas/ws_ros2/install/px4_msgs/include/px4_msgs/px4_msgs/msg/detail/timesync_status__functions.c\n'}
[0.810661] (px4_msgs) StdoutLine: {'line': b'-- Up-to-date: /home/nicolas/ws_ros2/install/px4_msgs/include/px4_msgs/px4_msgs/msg/detail/vehicle_roi__struct.h\n'}
[0.810705] (px4_msgs) StdoutLine: {'line': b'-- Up-to-date: /home/nicolas/ws_ros2/install/px4_msgs/include/px4_msgs/px4_msgs/msg/detail/adc_report__type_support.h\n'}
[0.810745] (px4_msgs) StdoutLine: {'line': b'-- Up-to-date: /home/nicolas/ws_ros2/install/px4_msgs/include/px4_msgs/px4_msgs/msg/detail/fixed_wing_lateral_status__functions.h\n'}
[0.810782] (px4_msgs) StdoutLine: {'line': b'-- Up-to-date: /home/nicolas/ws_ros2/install/px4_msgs/include/px4_msgs/px4_msgs/msg/detail/rover_attitude_status__functions.h\n'}
[0.810817] (px4_msgs) StdoutLine: {'line': b'-- Up-to-date: /home/nicolas/ws_ros2/install/px4_msgs/include/px4_msgs/px4_msgs/msg/detail/dronecan_node_status__functions.c\n'}
[0.810851] (px4_msgs) StdoutLine: {'line': b'-- Up-to-date: /home/nicolas/ws_ros2/install/px4_msgs/include/px4_msgs/px4_msgs/msg/detail/manual_control_switches__struct.h\n'}
[0.810888] (px4_msgs) StdoutLine: {'line': b'-- Up-to-date: /home/nicolas/ws_ros2/install/px4_msgs/include/px4_msgs/px4_msgs/msg/detail/sensor_accel_fifo__functions.h\n'}
[0.810924] (px4_msgs) StdoutLine: {'line': b'-- Up-to-date: /home/nicolas/ws_ros2/install/px4_msgs/include/px4_msgs/px4_msgs/msg/detail/geofence_status__type_support.h\n'}
[0.810958] (px4_msgs) StdoutLine: {'line': b'-- Up-to-date: /home/nicolas/ws_ros2/install/px4_msgs/include/px4_msgs/px4_msgs/msg/detail/gpio_config__functions.h\n'}
[0.810992] (px4_msgs) StdoutLine: {'line': b'-- Up-to-date: /home/nicolas/ws_ros2/install/px4_msgs/include/px4_msgs/px4_msgs/msg/detail/sensors_status__functions.c\n'}
[0.811029] (px4_msgs) StdoutLine: {'line': b'-- Up-to-date: /home/nicolas/ws_ros2/install/px4_msgs/include/px4_msgs/px4_msgs/msg/detail/estimator_status__functions.c\n'}
[0.811067] (px4_msgs) StdoutLine: {'line': b'-- Up-to-date: /home/nicolas/ws_ros2/install/px4_msgs/include/px4_msgs/px4_msgs/msg/detail/sensor_selection__functions.h\n'}
[0.811104] (px4_msgs) StdoutLine: {'line': b'-- Up-to-date: /home/nicolas/ws_ros2/install/px4_msgs/include/px4_msgs/px4_msgs/msg/detail/open_drone_id_operator_id__type_support.h\n'}
[0.811142] (px4_msgs) StdoutLine: {'line': b'-- Up-to-date: /home/nicolas/ws_ros2/install/px4_msgs/include/px4_msgs/px4_msgs/msg/detail/actuator_outputs__struct.h\n'}
[0.811252] (px4_msgs) StdoutLine: {'line': b'-- Up-to-date: /home/nicolas/ws_ros2/install/px4_msgs/include/px4_msgs/px4_msgs/msg/detail/position_controller_status__struct.h\n'}
[0.811311] (px4_msgs) StdoutLine: {'line': b'-- Up-to-date: /home/nicolas/ws_ros2/install/px4_msgs/include/px4_msgs/px4_msgs/msg/detail/debug_vect__type_support.h\n'}
[0.811355] (px4_msgs) StdoutLine: {'line': b'-- Up-to-date: /home/nicolas/ws_ros2/install/px4_msgs/include/px4_msgs/px4_msgs/msg/detail/gpio_config__functions.c\n'}
[0.811396] (px4_msgs) StdoutLine: {'line': b'-- Up-to-date: /home/nicolas/ws_ros2/install/px4_msgs/include/px4_msgs/px4_msgs/msg/detail/sensor_accel_fifo__struct.h\n'}
[0.811437] (px4_msgs) StdoutLine: {'line': b'-- Up-to-date: /home/nicolas/ws_ros2/install/px4_msgs/include/px4_msgs/px4_msgs/msg/detail/actuator_servos__struct.h\n'}
[0.811477] (px4_msgs) StdoutLine: {'line': b'-- Up-to-date: /home/nicolas/ws_ros2/install/px4_msgs/include/px4_msgs/px4_msgs/msg/detail/uavcan_parameter_request__functions.h\n'}
[0.811517] (px4_msgs) StdoutLine: {'line': b'-- Up-to-date: /home/nicolas/ws_ros2/install/px4_msgs/include/px4_msgs/px4_msgs/msg/detail/mavlink_log__type_support.h\n'}
[0.811558] (px4_msgs) StdoutLine: {'line': b'-- Up-to-date: /home/nicolas/ws_ros2/install/px4_msgs/include/px4_msgs/px4_msgs/msg/detail/rate_ctrl_status__functions.h\n'}
[0.811598] (px4_msgs) StdoutLine: {'line': b'-- Up-to-date: /home/nicolas/ws_ros2/install/px4_msgs/include/px4_msgs/px4_msgs/msg/detail/vehicle_imu__struct.h\n'}
[0.811640] (px4_msgs) StdoutLine: {'line': b'-- Up-to-date: /home/nicolas/ws_ros2/install/px4_msgs/include/px4_msgs/px4_msgs/msg/detail/pps_capture__functions.h\n'}
[0.811683] (px4_msgs) StdoutLine: {'line': b'-- Up-to-date: /home/nicolas/ws_ros2/install/px4_msgs/include/px4_msgs/px4_msgs/msg/detail/gimbal_manager_set_attitude__struct.h\n'}
[0.811728] (px4_msgs) StdoutLine: {'line': b'-- Up-to-date: /home/nicolas/ws_ros2/install/px4_msgs/include/px4_msgs/px4_msgs/msg/detail/vtol_vehicle_status__functions.h\n'}
[0.811767] (px4_msgs) StdoutLine: {'line': b'-- Up-to-date: /home/nicolas/ws_ros2/install/px4_msgs/include/px4_msgs/px4_msgs/msg/detail/mag_worker_data__functions.h\n'}
[0.811807] (px4_msgs) StdoutLine: {'line': b'-- Up-to-date: /home/nicolas/ws_ros2/install/px4_msgs/include/px4_msgs/px4_msgs/msg/detail/satellite_info__struct.h\n'}
[0.811845] (px4_msgs) StdoutLine: {'line': b'-- Up-to-date: /home/nicolas/ws_ros2/install/px4_msgs/include/px4_msgs/px4_msgs/msg/detail/gimbal_device_information__functions.c\n'}
[0.811883] (px4_msgs) StdoutLine: {'line': b'-- Up-to-date: /home/nicolas/ws_ros2/install/px4_msgs/include/px4_msgs/px4_msgs/msg/detail/estimator_aid_source3d__struct.h\n'}
[0.811987] (px4_msgs) StdoutLine: {'line': b'-- Up-to-date: /home/nicolas/ws_ros2/install/px4_msgs/include/px4_msgs/px4_msgs/msg/detail/normalized_unsigned_setpoint__functions.h\n'}
[0.812030] (px4_msgs) StdoutLine: {'line': b'-- Up-to-date: /home/nicolas/ws_ros2/install/px4_msgs/include/px4_msgs/px4_msgs/msg/detail/battery_info__struct.h\n'}
[0.812073] (px4_msgs) StdoutLine: {'line': b'-- Up-to-date: /home/nicolas/ws_ros2/install/px4_msgs/include/px4_msgs/px4_msgs/msg/detail/vehicle_imu_status__functions.h\n'}
[0.812114] (px4_msgs) StdoutLine: {'line': b'-- Up-to-date: /home/nicolas/ws_ros2/install/px4_msgs/include/px4_msgs/px4_msgs/msg/detail/rover_position_setpoint__type_support.h\n'}
[0.812156] (px4_msgs) StdoutLine: {'line': b'-- Up-to-date: /home/nicolas/ws_ros2/install/px4_msgs/include/px4_msgs/px4_msgs/msg/detail/battery_status__functions.c\n'}
[0.812197] (px4_msgs) StdoutLine: {'line': b'-- Up-to-date: /home/nicolas/ws_ros2/install/px4_msgs/include/px4_msgs/px4_msgs/msg/detail/tune_control__type_support.h\n'}
[0.812237] (px4_msgs) StdoutLine: {'line': b'-- Up-to-date: /home/nicolas/ws_ros2/install/px4_msgs/include/px4_msgs/px4_msgs/msg/detail/gpio_config__type_support.h\n'}
[0.812277] (px4_msgs) StdoutLine: {'line': b'-- Up-to-date: /home/nicolas/ws_ros2/install/px4_msgs/include/px4_msgs/px4_msgs/msg/detail/estimator_states__functions.h\n'}
[0.812431] (px4_msgs) StdoutLine: {'line': b'-- Up-to-date: /home/nicolas/ws_ros2/install/px4_msgs/include/px4_msgs/px4_msgs/msg/detail/vehicle_thrust_setpoint__functions.h\n'}
[0.812473] (px4_msgs) StdoutLine: {'line': b'-- Up-to-date: /home/nicolas/ws_ros2/install/px4_msgs/include/px4_msgs/px4_msgs/msg/detail/fixed_wing_lateral_setpoint__functions.c\n'}
[0.812515] (px4_msgs) StdoutLine: {'line': b'-- Up-to-date: /home/nicolas/ws_ros2/install/px4_msgs/include/px4_msgs/px4_msgs/msg/detail/control_allocator_status__functions.c\n'}
[0.812553] (px4_msgs) StdoutLine: {'line': b'-- Up-to-date: /home/nicolas/ws_ros2/install/px4_msgs/include/px4_msgs/px4_msgs/msg/detail/actuator_servos_trim__functions.h\n'}
[0.812591] (px4_msgs) StdoutLine: {'line': b'-- Up-to-date: /home/nicolas/ws_ros2/install/px4_msgs/include/px4_msgs/px4_msgs/msg/detail/wind__struct.h\n'}
[0.812629] (px4_msgs) StdoutLine: {'line': b'-- Up-to-date: /home/nicolas/ws_ros2/install/px4_msgs/include/px4_msgs/px4_msgs/msg/detail/follow_target_status__functions.c\n'}
[0.812667] (px4_msgs) StdoutLine: {'line': b'-- Up-to-date: /home/nicolas/ws_ros2/install/px4_msgs/include/px4_msgs/px4_msgs/msg/detail/parameter_set_used_request__functions.h\n'}
[0.812715] (px4_msgs) StdoutLine: {'line': b'-- Up-to-date: /home/nicolas/ws_ros2/install/px4_msgs/include/px4_msgs/px4_msgs/msg/detail/rtl_time_estimate__functions.c\n'}
[0.812752] (px4_msgs) StdoutLine: {'line': b'-- Up-to-date: /home/nicolas/ws_ros2/install/px4_msgs/include/px4_msgs/px4_msgs/msg/detail/camera_capture__functions.c\n'}
[0.812789] (px4_msgs) StdoutLine: {'line': b'-- Up-to-date: /home/nicolas/ws_ros2/install/px4_msgs/include/px4_msgs/px4_msgs/msg/detail/fixed_wing_lateral_status__struct.h\n'}
[0.812888] (px4_msgs) StdoutLine: {'line': b'-- Up-to-date: /home/nicolas/ws_ros2/install/px4_msgs/include/px4_msgs/px4_msgs/msg/detail/tecs_status__type_support.h\n'}
[0.812928] (px4_msgs) StdoutLine: {'line': b'-- Up-to-date: /home/nicolas/ws_ros2/install/px4_msgs/include/px4_msgs/px4_msgs/msg/detail/failure_detector_status__functions.h\n'}
[0.812968] (px4_msgs) StdoutLine: {'line': b'-- Up-to-date: /home/nicolas/ws_ros2/install/px4_msgs/include/px4_msgs/px4_msgs/msg/detail/flight_phase_estimation__type_support.h\n'}
[0.813007] (px4_msgs) StdoutLine: {'line': b'-- Up-to-date: /home/nicolas/ws_ros2/install/px4_msgs/include/px4_msgs/px4_msgs/msg/detail/gpio_request__struct.h\n'}
[0.813045] (px4_msgs) StdoutLine: {'line': b'-- Up-to-date: /home/nicolas/ws_ros2/install/px4_msgs/include/px4_msgs/px4_msgs/msg/detail/vehicle_local_position__functions.c\n'}
[0.813083] (px4_msgs) StdoutLine: {'line': b'-- Up-to-date: /home/nicolas/ws_ros2/install/px4_msgs/include/px4_msgs/px4_msgs/msg/detail/sensors_status_imu__functions.h\n'}
[0.813119] (px4_msgs) StdoutLine: {'line': b'-- Up-to-date: /home/nicolas/ws_ros2/install/px4_msgs/include/px4_msgs/px4_msgs/msg/detail/battery_status__functions.h\n'}
[0.813254] (px4_msgs) StdoutLine: {'line': b'-- Up-to-date: /home/nicolas/ws_ros2/install/px4_msgs/include/px4_msgs/px4_msgs/msg/detail/actuator_motors__struct.h\n'}
[0.813294] (px4_msgs) StdoutLine: {'line': b'-- Up-to-date: /home/nicolas/ws_ros2/install/px4_msgs/include/px4_msgs/px4_msgs/msg/detail/camera_trigger__type_support.h\n'}
[0.813333] (px4_msgs) StdoutLine: {'line': b'-- Up-to-date: /home/nicolas/ws_ros2/install/px4_msgs/include/px4_msgs/px4_msgs/msg/detail/estimator_sensor_bias__struct.h\n'}
[0.813371] (px4_msgs) StdoutLine: {'line': b'-- Up-to-date: /home/nicolas/ws_ros2/install/px4_msgs/include/px4_msgs/px4_msgs/msg/detail/system_power__functions.c\n'}
[0.813410] (px4_msgs) StdoutLine: {'line': b'-- Up-to-date: /home/nicolas/ws_ros2/install/px4_msgs/include/px4_msgs/px4_msgs/msg/detail/estimator_aid_source3d__type_support.h\n'}
[0.813448] (px4_msgs) StdoutLine: {'line': b'-- Up-to-date: /home/nicolas/ws_ros2/install/px4_msgs/include/px4_msgs/px4_msgs/msg/detail/follow_target_estimator__struct.h\n'}
[0.813487] (px4_msgs) StdoutLine: {'line': b'-- Up-to-date: /home/nicolas/ws_ros2/install/px4_msgs/include/px4_msgs/px4_msgs/msg/detail/pwm_input__type_support.h\n'}
[0.813596] (px4_msgs) StdoutLine: {'line': b'-- Up-to-date: /home/nicolas/ws_ros2/install/px4_msgs/include/px4_msgs/px4_msgs/msg/detail/lateral_control_configuration__struct.h\n'}
[0.813639] (px4_msgs) StdoutLine: {'line': b'-- Up-to-date: /home/nicolas/ws_ros2/install/px4_msgs/include/px4_msgs/px4_msgs/msg/detail/estimator_innovations__struct.h\n'}
[0.813677] (px4_msgs) StdoutLine: {'line': b'-- Up-to-date: /home/nicolas/ws_ros2/install/px4_msgs/include/px4_msgs/px4_msgs/msg/detail/sensor_optical_flow__type_support.h\n'}
[0.813722] (px4_msgs) StdoutLine: {'line': b'-- Up-to-date: /home/nicolas/ws_ros2/install/px4_msgs/include/px4_msgs/px4_msgs/msg/detail/arming_check_reply__struct.h\n'}
[0.813758] (px4_msgs) StdoutLine: {'line': b'-- Up-to-date: /home/nicolas/ws_ros2/install/px4_msgs/include/px4_msgs/px4_msgs/msg/detail/orb_test__functions.h\n'}
[0.813794] (px4_msgs) StdoutLine: {'line': b'-- Up-to-date: /home/nicolas/ws_ros2/install/px4_msgs/include/px4_msgs/px4_msgs/msg/detail/fixed_wing_lateral_guidance_status__struct.h\n'}
[0.813843] (px4_msgs) StdoutLine: {'line': b'-- Up-to-date: /home/nicolas/ws_ros2/install/px4_msgs/include/px4_msgs/px4_msgs/msg/detail/button_event__struct.h\n'}
[0.813883] (px4_msgs) StdoutLine: {'line': b'-- Up-to-date: /home/nicolas/ws_ros2/install/px4_msgs/include/px4_msgs/px4_msgs/msg/detail/estimator_sensor_bias__functions.h\n'}
[0.813920] (px4_msgs) StdoutLine: {'line': b'-- Up-to-date: /home/nicolas/ws_ros2/install/px4_msgs/include/px4_msgs/px4_msgs/msg/detail/differential_pressure__struct.h\n'}
[0.813979] (px4_msgs) StdoutLine: {'line': b'-- Up-to-date: /home/nicolas/ws_ros2/install/px4_msgs/include/px4_msgs/px4_msgs/msg/detail/led_control__type_support.h\n'}
[0.814017] (px4_msgs) StdoutLine: {'line': b'-- Up-to-date: /home/nicolas/ws_ros2/install/px4_msgs/include/px4_msgs/px4_msgs/msg/detail/sensor_accel__functions.h\n'}
[0.814054] (px4_msgs) StdoutLine: {'line': b'-- Up-to-date: /home/nicolas/ws_ros2/install/px4_msgs/include/px4_msgs/px4_msgs/msg/detail/sensor_mag__functions.h\n'}
[0.814092] (px4_msgs) StdoutLine: {'line': b'-- Up-to-date: /home/nicolas/ws_ros2/install/px4_msgs/include/px4_msgs/px4_msgs/msg/detail/vehicle_command__functions.c\n'}
[0.814130] (px4_msgs) StdoutLine: {'line': b'-- Up-to-date: /home/nicolas/ws_ros2/install/px4_msgs/include/px4_msgs/px4_msgs/msg/detail/unregister_ext_component__struct.h\n'}
[0.814190] (px4_msgs) StdoutLine: {'line': b'-- Up-to-date: /home/nicolas/ws_ros2/install/px4_msgs/include/px4_msgs/px4_msgs/msg/detail/adc_report__functions.c\n'}
[0.814228] (px4_msgs) StdoutLine: {'line': b'-- Up-to-date: /home/nicolas/ws_ros2/install/px4_msgs/include/px4_msgs/px4_msgs/msg/detail/airspeed__functions.h\n'}
[0.814266] (px4_msgs) StdoutLine: {'line': b'-- Up-to-date: /home/nicolas/ws_ros2/install/px4_msgs/include/px4_msgs/px4_msgs/msg/detail/sensor_gyro_fft__functions.h\n'}
[0.814305] (px4_msgs) StdoutLine: {'line': b'-- Up-to-date: /home/nicolas/ws_ros2/install/px4_msgs/include/px4_msgs/px4_msgs/msg/detail/gimbal_controls__type_support.h\n'}
[0.814343] (px4_msgs) StdoutLine: {'line': b'-- Up-to-date: /home/nicolas/ws_ros2/install/px4_msgs/include/px4_msgs/px4_msgs/msg/detail/register_ext_component_reply__struct.h\n'}
[0.814382] (px4_msgs) StdoutLine: {'line': b'-- Up-to-date: /home/nicolas/ws_ros2/install/px4_msgs/include/px4_msgs/px4_msgs/msg/detail/position_setpoint__functions.h\n'}
[0.814419] (px4_msgs) StdoutLine: {'line': b'-- Up-to-date: /home/nicolas/ws_ros2/install/px4_msgs/include/px4_msgs/px4_msgs/msg/detail/camera_capture__struct.h\n'}
[0.814456] (px4_msgs) StdoutLine: {'line': b'-- Up-to-date: /home/nicolas/ws_ros2/install/px4_msgs/include/px4_msgs/px4_msgs/msg/detail/pure_pursuit_status__type_support.h\n'}
[0.814495] (px4_msgs) StdoutLine: {'line': b'-- Up-to-date: /home/nicolas/ws_ros2/install/px4_msgs/include/px4_msgs/px4_msgs/msg/detail/open_drone_id_system__type_support.h\n'}
[0.814533] (px4_msgs) StdoutLine: {'line': b'-- Up-to-date: /home/nicolas/ws_ros2/install/px4_msgs/include/px4_msgs/px4_msgs/msg/detail/heater_status__functions.c\n'}
[0.814583] (px4_msgs) StdoutLine: {'line': b'-- Up-to-date: /home/nicolas/ws_ros2/install/px4_msgs/include/px4_msgs/px4_msgs/msg/detail/vehicle_local_position_setpoint__functions.c\n'}
[0.814620] (px4_msgs) StdoutLine: {'line': b'-- Up-to-date: /home/nicolas/ws_ros2/install/px4_msgs/include/px4_msgs/px4_msgs/msg/detail/vehicle_acceleration__functions.h\n'}
[0.814657] (px4_msgs) StdoutLine: {'line': b'-- Up-to-date: /home/nicolas/ws_ros2/install/px4_msgs/include/px4_msgs/px4_msgs/msg/detail/debug_array__functions.c\n'}
[0.814925] (px4_msgs) StdoutLine: {'line': b'-- Up-to-date: /home/nicolas/ws_ros2/install/px4_msgs/include/px4_msgs/px4_msgs/msg/detail/gpio_request__functions.c\n'}
[0.814979] (px4_msgs) StdoutLine: {'line': b'-- Up-to-date: /home/nicolas/ws_ros2/install/px4_msgs/include/px4_msgs/px4_msgs/msg/detail/tune_control__functions.c\n'}
[0.815022] (px4_msgs) StdoutLine: {'line': b'-- Up-to-date: /home/nicolas/ws_ros2/install/px4_msgs/include/px4_msgs/px4_msgs/msg/detail/open_drone_id_arm_status__functions.c\n'}
[0.815063] (px4_msgs) StdoutLine: {'line': b'-- Up-to-date: /home/nicolas/ws_ros2/install/px4_msgs/include/px4_msgs/px4_msgs/msg/detail/pwm_input__struct.h\n'}
[0.815104] (px4_msgs) StdoutLine: {'line': b'-- Up-to-date: /home/nicolas/ws_ros2/install/px4_msgs/include/px4_msgs/px4_msgs/msg/detail/open_drone_id_system__functions.c\n'}
[0.815145] (px4_msgs) StdoutLine: {'line': b'-- Up-to-date: /home/nicolas/ws_ros2/install/px4_msgs/include/px4_msgs/px4_msgs/msg/detail/vehicle_status__functions.c\n'}
[0.815185] (px4_msgs) StdoutLine: {'line': b'-- Up-to-date: /home/nicolas/ws_ros2/install/px4_msgs/include/px4_msgs/px4_msgs/msg/detail/sensor_preflight_mag__functions.h\n'}
[0.815317] (px4_msgs) StdoutLine: {'line': b'-- Up-to-date: /home/nicolas/ws_ros2/install/px4_msgs/include/px4_msgs/px4_msgs/msg/detail/distance_sensor_mode_change_request__type_support.h\n'}
[0.815360] (px4_msgs) StdoutLine: {'line': b'-- Up-to-date: /home/nicolas/ws_ros2/install/px4_msgs/include/px4_msgs/px4_msgs/msg/detail/wind__functions.h\n'}
[0.815400] (px4_msgs) StdoutLine: {'line': b'-- Up-to-date: /home/nicolas/ws_ros2/install/px4_msgs/include/px4_msgs/px4_msgs/msg/detail/estimator_aid_source3d__functions.c\n'}
[0.815439] (px4_msgs) StdoutLine: {'line': b'-- Up-to-date: /home/nicolas/ws_ros2/install/px4_msgs/include/px4_msgs/px4_msgs/msg/detail/vehicle_rates_setpoint__struct.h\n'}
[0.815477] (px4_msgs) StdoutLine: {'line': b'-- Up-to-date: /home/nicolas/ws_ros2/install/px4_msgs/include/px4_msgs/px4_msgs/msg/detail/vehicle_rates_setpoint__functions.c\n'}
[0.815514] (px4_msgs) StdoutLine: {'line': b'-- Up-to-date: /home/nicolas/ws_ros2/install/px4_msgs/include/px4_msgs/px4_msgs/msg/detail/vehicle_magnetometer__type_support.h\n'}
[0.815551] (px4_msgs) StdoutLine: {'line': b'-- Up-to-date: /home/nicolas/ws_ros2/install/px4_msgs/include/px4_msgs/px4_msgs/msg/detail/unregister_ext_component__type_support.h\n'}
[0.815590] (px4_msgs) StdoutLine: {'line': b'-- Up-to-date: /home/nicolas/ws_ros2/install/px4_msgs/include/px4_msgs/px4_msgs/msg/detail/ekf2_timestamps__functions.h\n'}
[0.815628] (px4_msgs) StdoutLine: {'line': b'-- Up-to-date: /home/nicolas/ws_ros2/install/px4_msgs/include/px4_msgs/px4_msgs/msg/detail/gpio_config__struct.h\n'}
[0.815668] (px4_msgs) StdoutLine: {'line': b'-- Up-to-date: /home/nicolas/ws_ros2/install/px4_msgs/include/px4_msgs/px4_msgs/msg/detail/telemetry_status__functions.c\n'}
[0.815717] (px4_msgs) StdoutLine: {'line': b'-- Up-to-date: /home/nicolas/ws_ros2/install/px4_msgs/include/px4_msgs/px4_msgs/msg/detail/onboard_computer_status__struct.h\n'}
[0.815779] (px4_msgs) StdoutLine: {'line': b'-- Up-to-date: /home/nicolas/ws_ros2/install/px4_msgs/include/px4_msgs/px4_msgs/msg/detail/gimbal_manager_information__struct.h\n'}
[0.815819] (px4_msgs) StdoutLine: {'line': b'-- Up-to-date: /home/nicolas/ws_ros2/install/px4_msgs/include/px4_msgs/px4_msgs/msg/detail/px4io_status__struct.h\n'}
[0.815916] (px4_msgs) StdoutLine: {'line': b'-- Up-to-date: /home/nicolas/ws_ros2/install/px4_msgs/include/px4_msgs/px4_msgs/msg/detail/wheel_encoders__struct.h\n'}
[0.815956] (px4_msgs) StdoutLine: {'line': b'-- Up-to-date: /home/nicolas/ws_ros2/install/px4_msgs/include/px4_msgs/px4_msgs/msg/detail/navigator_mission_item__type_support.h\n'}
[0.815996] (px4_msgs) StdoutLine: {'line': b'-- Up-to-date: /home/nicolas/ws_ros2/install/px4_msgs/include/px4_msgs/px4_msgs/msg/detail/sensor_airflow__functions.h\n'}
[0.816034] (px4_msgs) StdoutLine: {'line': b'-- Up-to-date: /home/nicolas/ws_ros2/install/px4_msgs/include/px4_msgs/px4_msgs/msg/detail/vehicle_constraints__functions.c\n'}
[0.816072] (px4_msgs) StdoutLine: {'line': b'-- Up-to-date: /home/nicolas/ws_ros2/install/px4_msgs/include/px4_msgs/px4_msgs/msg/detail/sensor_airflow__struct.h\n'}
[0.816110] (px4_msgs) StdoutLine: {'line': b'-- Up-to-date: /home/nicolas/ws_ros2/install/px4_msgs/include/px4_msgs/px4_msgs/msg/detail/orb_test_medium__functions.c\n'}
[0.816148] (px4_msgs) StdoutLine: {'line': b'-- Up-to-date: /home/nicolas/ws_ros2/install/px4_msgs/include/px4_msgs/px4_msgs/msg/detail/button_event__type_support.h\n'}
[0.816185] (px4_msgs) StdoutLine: {'line': b'-- Up-to-date: /home/nicolas/ws_ros2/install/px4_msgs/include/px4_msgs/px4_msgs/msg/detail/vehicle_imu_status__functions.c\n'}
[0.816223] (px4_msgs) StdoutLine: {'line': b'-- Up-to-date: /home/nicolas/ws_ros2/install/px4_msgs/include/px4_msgs/px4_msgs/msg/detail/esc_report__struct.h\n'}
[0.816261] (px4_msgs) StdoutLine: {'line': b'-- Up-to-date: /home/nicolas/ws_ros2/install/px4_msgs/include/px4_msgs/px4_msgs/msg/detail/gimbal_manager_set_attitude__functions.c\n'}
[0.816299] (px4_msgs) StdoutLine: {'line': b'-- Up-to-date: /home/nicolas/ws_ros2/install/px4_msgs/include/px4_msgs/px4_msgs/msg/detail/autotune_attitude_control_status__functions.h\n'}
[0.816336] (px4_msgs) StdoutLine: {'line': b'-- Up-to-date: /home/nicolas/ws_ros2/install/px4_msgs/include/px4_msgs/px4_msgs/msg/detail/sensor_mag__struct.h\n'}
[0.816374] (px4_msgs) StdoutLine: {'line': b'-- Up-to-date: /home/nicolas/ws_ros2/install/px4_msgs/include/px4_msgs/px4_msgs/msg/detail/dataman_response__type_support.h\n'}
[0.816411] (px4_msgs) StdoutLine: {'line': b'-- Up-to-date: /home/nicolas/ws_ros2/install/px4_msgs/include/px4_msgs/px4_msgs/msg/detail/failsafe_flags__type_support.h\n'}
[0.816448] (px4_msgs) StdoutLine: {'line': b'-- Up-to-date: /home/nicolas/ws_ros2/install/px4_msgs/include/px4_msgs/px4_msgs/msg/detail/orb_test_medium__struct.h\n'}
[0.816486] (px4_msgs) StdoutLine: {'line': b'-- Up-to-date: /home/nicolas/ws_ros2/install/px4_msgs/include/px4_msgs/px4_msgs/msg/detail/orb_test_medium__type_support.h\n'}
[0.816525] (px4_msgs) StdoutLine: {'line': b'-- Up-to-date: /home/nicolas/ws_ros2/install/px4_msgs/include/px4_msgs/px4_msgs/msg/detail/sensor_airflow__functions.c\n'}
[0.816565] (px4_msgs) StdoutLine: {'line': b'-- Up-to-date: /home/nicolas/ws_ros2/install/px4_msgs/include/px4_msgs/px4_msgs/msg/detail/debug_vect__struct.h\n'}
[0.816603] (px4_msgs) StdoutLine: {'line': b'-- Up-to-date: /home/nicolas/ws_ros2/install/px4_msgs/include/px4_msgs/px4_msgs/msg/detail/sensor_combined__struct.h\n'}
[0.816640] (px4_msgs) StdoutLine: {'line': b'-- Up-to-date: /home/nicolas/ws_ros2/install/px4_msgs/include/px4_msgs/px4_msgs/msg/detail/airspeed__type_support.h\n'}
[0.816677] (px4_msgs) StdoutLine: {'line': b'-- Up-to-date: /home/nicolas/ws_ros2/install/px4_msgs/include/px4_msgs/px4_msgs/msg/detail/gpio_out__functions.c\n'}
[0.816728] (px4_msgs) StdoutLine: {'line': b'-- Up-to-date: /home/nicolas/ws_ros2/install/px4_msgs/include/px4_msgs/px4_msgs/msg/detail/estimator_sensor_bias__functions.c\n'}
[0.816766] (px4_msgs) StdoutLine: {'line': b'-- Up-to-date: /home/nicolas/ws_ros2/install/px4_msgs/include/px4_msgs/px4_msgs/msg/detail/orbit_status__functions.h\n'}
[0.816803] (px4_msgs) StdoutLine: {'line': b'-- Up-to-date: /home/nicolas/ws_ros2/install/px4_msgs/include/px4_msgs/px4_msgs/msg/detail/gimbal_controls__functions.h\n'}
[0.816840] (px4_msgs) StdoutLine: {'line': b'-- Up-to-date: /home/nicolas/ws_ros2/install/px4_msgs/include/px4_msgs/px4_msgs/msg/detail/estimator_aid_source3d__functions.h\n'}
[0.816940] (px4_msgs) StdoutLine: {'line': b'-- Up-to-date: /home/nicolas/ws_ros2/install/px4_msgs/include/px4_msgs/px4_msgs/msg/detail/vehicle_local_position_setpoint__type_support.h\n'}
[0.816980] (px4_msgs) StdoutLine: {'line': b'-- Up-to-date: /home/nicolas/ws_ros2/install/px4_msgs/include/px4_msgs/px4_msgs/msg/detail/gimbal_manager_set_manual_control__functions.c\n'}
[0.817019] (px4_msgs) StdoutLine: {'line': b'-- Up-to-date: /home/nicolas/ws_ros2/install/px4_msgs/include/px4_msgs/px4_msgs/msg/detail/collision_constraints__functions.c\n'}
[0.817116] (px4_msgs) StdoutLine: {'line': b'-- Up-to-date: /home/nicolas/ws_ros2/install/px4_msgs/include/px4_msgs/px4_msgs/msg/detail/gps_dump__type_support.h\n'}
[0.817324] (px4_msgs) StdoutLine: {'line': b'-- Up-to-date: /home/nicolas/ws_ros2/install/px4_msgs/include/px4_msgs/px4_msgs/msg/detail/camera_trigger__struct.h\n'}
[0.817367] (px4_msgs) StdoutLine: {'line': b'-- Up-to-date: /home/nicolas/ws_ros2/install/px4_msgs/include/px4_msgs/px4_msgs/msg/detail/estimator_bias3d__struct.h\n'}
[0.817408] (px4_msgs) StdoutLine: {'line': b'-- Up-to-date: /home/nicolas/ws_ros2/install/px4_msgs/include/px4_msgs/px4_msgs/msg/detail/system_power__struct.h\n'}
[0.817448] (px4_msgs) StdoutLine: {'line': b'-- Up-to-date: /home/nicolas/ws_ros2/install/px4_msgs/include/px4_msgs/px4_msgs/msg/detail/pwm_input__functions.h\n'}
[0.817486] (px4_msgs) StdoutLine: {'line': b'-- Up-to-date: /home/nicolas/ws_ros2/install/px4_msgs/include/px4_msgs/px4_msgs/msg/detail/power_monitor__functions.h\n'}
[0.817524] (px4_msgs) StdoutLine: {'line': b'-- Up-to-date: /home/nicolas/ws_ros2/install/px4_msgs/include/px4_msgs/px4_msgs/msg/detail/vehicle_attitude__struct.h\n'}
[0.817562] (px4_msgs) StdoutLine: {'line': b'-- Up-to-date: /home/nicolas/ws_ros2/install/px4_msgs/include/px4_msgs/px4_msgs/msg/detail/obstacle_distance__functions.h\n'}
[0.817599] (px4_msgs) StdoutLine: {'line': b'-- Up-to-date: /home/nicolas/ws_ros2/install/px4_msgs/include/px4_msgs/px4_msgs/msg/detail/open_drone_id_arm_status__functions.h\n'}
[0.817636] (px4_msgs) StdoutLine: {'line': b'-- Up-to-date: /home/nicolas/ws_ros2/install/px4_msgs/include/px4_msgs/px4_msgs/msg/detail/estimator_event_flags__struct.h\n'}
[0.817673] (px4_msgs) StdoutLine: {'line': b'-- Up-to-date: /home/nicolas/ws_ros2/install/px4_msgs/include/px4_msgs/px4_msgs/msg/detail/vehicle_constraints__struct.h\n'}
[0.817840] (px4_msgs) StdoutLine: {'line': b'-- Up-to-date: /home/nicolas/ws_ros2/install/px4_msgs/include/px4_msgs/px4_msgs/msg/detail/ekf2_timestamps__functions.c\n'}
[0.817882] (px4_msgs) StdoutLine: {'line': b'-- Up-to-date: /home/nicolas/ws_ros2/install/px4_msgs/include/px4_msgs/px4_msgs/msg/detail/estimator_bias__functions.c\n'}
[0.817922] (px4_msgs) StdoutLine: {'line': b'-- Up-to-date: /home/nicolas/ws_ros2/install/px4_msgs/include/px4_msgs/px4_msgs/msg/detail/vehicle_attitude__functions.c\n'}
[0.817956] (px4_msgs) StdoutLine: {'line': b'-- Up-to-date: /home/nicolas/ws_ros2/install/px4_msgs/include/px4_msgs/px4_msgs/msg/detail/telemetry_status__type_support.h\n'}
[0.817991] (px4_msgs) StdoutLine: {'line': b'-- Up-to-date: /home/nicolas/ws_ros2/install/px4_msgs/include/px4_msgs/px4_msgs/msg/detail/normalized_unsigned_setpoint__functions.c\n'}
[0.818153] (px4_msgs) StdoutLine: {'line': b'-- Up-to-date: /home/nicolas/ws_ros2/install/px4_msgs/include/px4_msgs/px4_msgs/msg/detail/sensor_correction__type_support.h\n'}
[0.818193] (px4_msgs) StdoutLine: {'line': b'-- Up-to-date: /home/nicolas/ws_ros2/install/px4_msgs/include/px4_msgs/px4_msgs/msg/detail/mount_orientation__struct.h\n'}
[0.818232] (px4_msgs) StdoutLine: {'line': b'-- Up-to-date: /home/nicolas/ws_ros2/install/px4_msgs/include/px4_msgs/px4_msgs/msg/detail/sensor_accel_fifo__type_support.h\n'}
[0.818270] (px4_msgs) StdoutLine: {'line': b'-- Up-to-date: /home/nicolas/ws_ros2/install/px4_msgs/include/px4_msgs/px4_msgs/msg/detail/vehicle_local_position__functions.h\n'}
[0.818363] (px4_msgs) StdoutLine: {'line': b'-- Up-to-date: /home/nicolas/ws_ros2/install/px4_msgs/include/px4_msgs/px4_msgs/msg/detail/gimbal_device_set_attitude__functions.c\n'}
[0.818409] (px4_msgs) StdoutLine: {'line': b'-- Up-to-date: /home/nicolas/ws_ros2/install/px4_msgs/include/px4_msgs/px4_msgs/msg/detail/vehicle_magnetometer__functions.h\n'}
[0.818450] (px4_msgs) StdoutLine: {'line': b'-- Up-to-date: /home/nicolas/ws_ros2/install/px4_msgs/include/px4_msgs/px4_msgs/msg/detail/follow_target_status__type_support.h\n'}
[0.818492] (px4_msgs) StdoutLine: {'line': b'-- Up-to-date: /home/nicolas/ws_ros2/install/px4_msgs/include/px4_msgs/px4_msgs/msg/detail/parameter_set_value_response__functions.c\n'}
[0.818533] (px4_msgs) StdoutLine: {'line': b'-- Up-to-date: /home/nicolas/ws_ros2/install/px4_msgs/include/px4_msgs/px4_msgs/msg/detail/sensor_selection__struct.h\n'}
[0.818573] (px4_msgs) StdoutLine: {'line': b'-- Up-to-date: /home/nicolas/ws_ros2/install/px4_msgs/include/px4_msgs/px4_msgs/msg/detail/ekf2_timestamps__struct.h\n'}
[0.818717] (px4_msgs) StdoutLine: {'line': b'-- Up-to-date: /home/nicolas/ws_ros2/install/px4_msgs/include/px4_msgs/px4_msgs/msg/detail/gps_inject_data__struct.h\n'}
[0.818761] (px4_msgs) StdoutLine: {'line': b'-- Up-to-date: /home/nicolas/ws_ros2/install/px4_msgs/include/px4_msgs/px4_msgs/msg/detail/neural_control__functions.h\n'}
[0.818800] (px4_msgs) StdoutLine: {'line': b'-- Up-to-date: /home/nicolas/ws_ros2/install/px4_msgs/include/px4_msgs/px4_msgs/msg/detail/airspeed_validated__functions.h\n'}
[0.818839] (px4_msgs) StdoutLine: {'line': b'-- Up-to-date: /home/nicolas/ws_ros2/install/px4_msgs/include/px4_msgs/px4_msgs/msg/detail/adc_report__functions.h\n'}
[0.818876] (px4_msgs) StdoutLine: {'line': b'-- Up-to-date: /home/nicolas/ws_ros2/install/px4_msgs/include/px4_msgs/px4_msgs/msg/detail/parameter_set_value_request__struct.h\n'}
[0.818917] (px4_msgs) StdoutLine: {'line': b'-- Up-to-date: /home/nicolas/ws_ros2/install/px4_msgs/include/px4_msgs/px4_msgs/msg/detail/dataman_response__functions.h\n'}
[0.818956] (px4_msgs) StdoutLine: {'line': b'-- Up-to-date: /home/nicolas/ws_ros2/install/px4_msgs/include/px4_msgs/px4_msgs/msg/detail/gpio_out__type_support.h\n'}
[0.819007] (px4_msgs) StdoutLine: {'line': b'-- Up-to-date: /home/nicolas/ws_ros2/install/px4_msgs/include/px4_msgs/px4_msgs/msg/detail/sensor_mag__type_support.h\n'}
[0.819045] (px4_msgs) StdoutLine: {'line': b'-- Up-to-date: /home/nicolas/ws_ros2/install/px4_msgs/include/px4_msgs/px4_msgs/msg/detail/orb_test_large__functions.h\n'}
[0.819082] (px4_msgs) StdoutLine: {'line': b'-- Up-to-date: /home/nicolas/ws_ros2/install/px4_msgs/include/px4_msgs/px4_msgs/msg/detail/tecs_status__functions.h\n'}
[0.819119] (px4_msgs) StdoutLine: {'line': b'-- Up-to-date: /home/nicolas/ws_ros2/install/px4_msgs/include/px4_msgs/px4_msgs/msg/detail/parameter_set_value_request__functions.c\n'}
[0.819157] (px4_msgs) StdoutLine: {'line': b'-- Up-to-date: /home/nicolas/ws_ros2/install/px4_msgs/include/px4_msgs/px4_msgs/msg/detail/landing_target_pose__struct.h\n'}
[0.819193] (px4_msgs) StdoutLine: {'line': b'-- Up-to-date: /home/nicolas/ws_ros2/install/px4_msgs/include/px4_msgs/px4_msgs/msg/detail/gimbal_device_attitude_status__struct.h\n'}
[0.819230] (px4_msgs) StdoutLine: {'line': b'-- Up-to-date: /home/nicolas/ws_ros2/install/px4_msgs/include/px4_msgs/px4_msgs/msg/detail/position_setpoint_triplet__functions.h\n'}
[0.819268] (px4_msgs) StdoutLine: {'line': b'-- Up-to-date: /home/nicolas/ws_ros2/install/px4_msgs/include/px4_msgs/px4_msgs/msg/detail/message_format_response__type_support.h\n'}
[0.819305] (px4_msgs) StdoutLine: {'line': b'-- Up-to-date: /home/nicolas/ws_ros2/install/px4_msgs/include/px4_msgs/px4_msgs/msg/detail/mag_worker_data__type_support.h\n'}
[0.819342] (px4_msgs) StdoutLine: {'line': b'-- Up-to-date: /home/nicolas/ws_ros2/install/px4_msgs/include/px4_msgs/px4_msgs/msg/detail/health_report__struct.h\n'}
[0.819380] (px4_msgs) StdoutLine: {'line': b'-- Up-to-date: /home/nicolas/ws_ros2/install/px4_msgs/include/px4_msgs/px4_msgs/msg/detail/vehicle_command_ack__type_support.h\n'}
[0.819576] (px4_msgs) StdoutLine: {'line': b'-- Up-to-date: /home/nicolas/ws_ros2/install/px4_msgs/include/px4_msgs/px4_msgs/msg/detail/heater_status__type_support.h\n'}
[0.819614] (px4_msgs) StdoutLine: {'line': b'-- Up-to-date: /home/nicolas/ws_ros2/install/px4_msgs/include/px4_msgs/px4_msgs/msg/detail/obstacle_distance__struct.h\n'}
[0.819654] (px4_msgs) StdoutLine: {'line': b'-- Up-to-date: /home/nicolas/ws_ros2/install/px4_msgs/include/px4_msgs/px4_msgs/msg/detail/rc_parameter_map__functions.h\n'}
[0.819699] (px4_msgs) StdoutLine: {'line': b'-- Up-to-date: /home/nicolas/ws_ros2/install/px4_msgs/include/px4_msgs/px4_msgs/msg/detail/lateral_control_configuration__functions.c\n'}
[0.819797] (px4_msgs) StdoutLine: {'line': b'-- Up-to-date: /home/nicolas/ws_ros2/install/px4_msgs/include/px4_msgs/px4_msgs/msg/detail/mavlink_tunnel__type_support.h\n'}
[0.819851] (px4_msgs) StdoutLine: {'line': b'-- Up-to-date: /home/nicolas/ws_ros2/install/px4_msgs/include/px4_msgs/px4_msgs/msg/detail/airspeed_validated__functions.c\n'}
[0.819893] (px4_msgs) StdoutLine: {'line': b'-- Up-to-date: /home/nicolas/ws_ros2/install/px4_msgs/include/px4_msgs/px4_msgs/msg/detail/register_ext_component_request__functions.h\n'}
[0.819934] (px4_msgs) StdoutLine: {'line': b'-- Up-to-date: /home/nicolas/ws_ros2/install/px4_msgs/include/px4_msgs/px4_msgs/msg/detail/goto_setpoint__struct.h\n'}
[0.819973] (px4_msgs) StdoutLine: {'line': b'-- Up-to-date: /home/nicolas/ws_ros2/install/px4_msgs/include/px4_msgs/px4_msgs/msg/detail/sensor_correction__functions.c\n'}
[0.820010] (px4_msgs) StdoutLine: {'line': b'-- Up-to-date: /home/nicolas/ws_ros2/install/px4_msgs/include/px4_msgs/px4_msgs/msg/detail/vehicle_angular_acceleration_setpoint__struct.h\n'}
[0.820049] (px4_msgs) StdoutLine: {'line': b'-- Up-to-date: /home/nicolas/ws_ros2/install/px4_msgs/include/px4_msgs/px4_msgs/msg/detail/control_allocator_status__functions.h\n'}
[0.820086] (px4_msgs) StdoutLine: {'line': b'-- Up-to-date: /home/nicolas/ws_ros2/install/px4_msgs/include/px4_msgs/px4_msgs/msg/detail/vehicle_land_detected__struct.h\n'}
[0.820124] (px4_msgs) StdoutLine: {'line': b'-- Up-to-date: /home/nicolas/ws_ros2/install/px4_msgs/include/px4_msgs/px4_msgs/msg/detail/gimbal_controls__struct.h\n'}
[0.820160] (px4_msgs) StdoutLine: {'line': b'-- Up-to-date: /home/nicolas/ws_ros2/install/px4_msgs/include/px4_msgs/px4_msgs/msg/detail/rover_steering_setpoint__functions.h\n'}
[0.820198] (px4_msgs) StdoutLine: {'line': b'-- Up-to-date: /home/nicolas/ws_ros2/install/px4_msgs/include/px4_msgs/px4_msgs/msg/detail/vehicle_roi__functions.h\n'}
[0.820236] (px4_msgs) StdoutLine: {'line': b'-- Up-to-date: /home/nicolas/ws_ros2/install/px4_msgs/include/px4_msgs/px4_msgs/msg/detail/message_format_request__functions.h\n'}
[0.820384] (px4_msgs) StdoutLine: {'line': b'-- Up-to-date: /home/nicolas/ws_ros2/install/px4_msgs/include/px4_msgs/px4_msgs/msg/detail/orb_test__struct.h\n'}
[0.820423] (px4_msgs) StdoutLine: {'line': b'-- Up-to-date: /home/nicolas/ws_ros2/install/px4_msgs/include/px4_msgs/px4_msgs/msg/detail/generator_status__functions.h\n'}
[0.820459] (px4_msgs) StdoutLine: {'line': b'-- Up-to-date: /home/nicolas/ws_ros2/install/px4_msgs/include/px4_msgs/px4_msgs/msg/detail/actuator_servos__functions.c\n'}
[0.820493] (px4_msgs) StdoutLine: {'line': b'-- Up-to-date: /home/nicolas/ws_ros2/install/px4_msgs/include/px4_msgs/px4_msgs/msg/detail/sensor_correction__struct.h\n'}
[0.820532] (px4_msgs) StdoutLine: {'line': b'-- Up-to-date: /home/nicolas/ws_ros2/install/px4_msgs/include/px4_msgs/px4_msgs/msg/detail/sensor_optical_flow__functions.c\n'}
[0.820566] (px4_msgs) StdoutLine: {'line': b'-- Up-to-date: /home/nicolas/ws_ros2/install/px4_msgs/include/px4_msgs/px4_msgs/msg/detail/debug_key_value__type_support.h\n'}
[0.820601] (px4_msgs) StdoutLine: {'line': b'-- Up-to-date: /home/nicolas/ws_ros2/install/px4_msgs/include/px4_msgs/px4_msgs/msg/detail/estimator_event_flags__functions.c\n'}
[0.820635] (px4_msgs) StdoutLine: {'line': b'-- Up-to-date: /home/nicolas/ws_ros2/install/px4_msgs/include/px4_msgs/px4_msgs/msg/detail/trajectory_setpoint__functions.c\n'}
[0.820690] (px4_msgs) StdoutLine: {'line': b'-- Up-to-date: /home/nicolas/ws_ros2/install/px4_msgs/include/px4_msgs/px4_msgs/msg/detail/sensor_gyro__type_support.h\n'}
[0.820740] (px4_msgs) StdoutLine: {'line': b'-- Up-to-date: /home/nicolas/ws_ros2/install/px4_msgs/include/px4_msgs/px4_msgs/msg/detail/orbit_status__type_support.h\n'}
[0.820789] (px4_msgs) StdoutLine: {'line': b'-- Up-to-date: /home/nicolas/ws_ros2/install/px4_msgs/include/px4_msgs/px4_msgs/msg/detail/position_controller_status__functions.h\n'}
[0.820849] (px4_msgs) StdoutLine: {'line': b'-- Up-to-date: /home/nicolas/ws_ros2/install/px4_msgs/include/px4_msgs/px4_msgs/msg/detail/system_power__type_support.h\n'}
[0.820911] (px4_msgs) StdoutLine: {'line': b'-- Up-to-date: /home/nicolas/ws_ros2/install/px4_msgs/include/px4_msgs/px4_msgs/msg/detail/orb_test_large__struct.h\n'}
[0.820972] (px4_msgs) StdoutLine: {'line': b'-- Up-to-date: /home/nicolas/ws_ros2/install/px4_msgs/include/px4_msgs/px4_msgs/msg/detail/follow_target_status__struct.h\n'}
[0.821034] (px4_msgs) StdoutLine: {'line': b'-- Up-to-date: /home/nicolas/ws_ros2/install/px4_msgs/include/px4_msgs/px4_msgs/msg/detail/distance_sensor_mode_change_request__struct.h\n'}
[0.821092] (px4_msgs) StdoutLine: {'line': b'-- Up-to-date: /home/nicolas/ws_ros2/install/px4_msgs/include/px4_msgs/px4_msgs/msg/detail/gpio_in__functions.h\n'}
[0.821157] (px4_msgs) StdoutLine: {'line': b'-- Up-to-date: /home/nicolas/ws_ros2/install/px4_msgs/include/px4_msgs/px4_msgs/msg/detail/sensor_uwb__functions.c\n'}
[0.821222] (px4_msgs) StdoutLine: {'line': b'-- Up-to-date: /home/nicolas/ws_ros2/install/px4_msgs/include/px4_msgs/px4_msgs/msg/detail/esc_report__type_support.h\n'}
[0.821285] (px4_msgs) StdoutLine: {'line': b'-- Up-to-date: /home/nicolas/ws_ros2/install/px4_msgs/include/px4_msgs/px4_msgs/msg/detail/rpm__struct.h\n'}
[0.821349] (px4_msgs) StdoutLine: {'line': b'-- Up-to-date: /home/nicolas/ws_ros2/install/px4_msgs/include/px4_msgs/px4_msgs/msg/detail/orb_test_large__type_support.h\n'}
[0.821456] (px4_msgs) StdoutLine: {'line': b'-- Up-to-date: /home/nicolas/ws_ros2/install/px4_msgs/include/px4_msgs/px4_msgs/msg/detail/home_position__functions.c\n'}
[0.821565] (px4_msgs) StdoutLine: {'line': b'-- Up-to-date: /home/nicolas/ws_ros2/install/px4_msgs/include/px4_msgs/px4_msgs/msg/detail/fuel_tank_status__functions.h\n'}
[0.821633] (px4_msgs) StdoutLine: {'line': b'-- Up-to-date: /home/nicolas/ws_ros2/install/px4_msgs/include/px4_msgs/px4_msgs/msg/detail/vehicle_optical_flow__functions.c\n'}
[0.821715] (px4_msgs) StdoutLine: {'line': b'-- Up-to-date: /home/nicolas/ws_ros2/install/px4_msgs/include/px4_msgs/px4_msgs/msg/detail/arming_check_reply__type_support.h\n'}
[0.821853] (px4_msgs) StdoutLine: {'line': b'-- Up-to-date: /home/nicolas/ws_ros2/install/px4_msgs/include/px4_msgs/px4_msgs/msg/detail/open_drone_id_operator_id__functions.h\n'}
[0.821921] (px4_msgs) StdoutLine: {'line': b'-- Up-to-date: /home/nicolas/ws_ros2/install/px4_msgs/include/px4_msgs/px4_msgs/msg/detail/magnetometer_bias_estimate__functions.c\n'}
[0.821987] (px4_msgs) StdoutLine: {'line': b'-- Up-to-date: /home/nicolas/ws_ros2/install/px4_msgs/include/px4_msgs/px4_msgs/msg/detail/rover_position_setpoint__functions.c\n'}
[0.822051] (px4_msgs) StdoutLine: {'line': b'-- Up-to-date: /home/nicolas/ws_ros2/install/px4_msgs/include/px4_msgs/px4_msgs/msg/detail/tiltrotor_extra_controls__functions.c\n'}
[0.822115] (px4_msgs) StdoutLine: {'line': b'-- Up-to-date: /home/nicolas/ws_ros2/install/px4_msgs/include/px4_msgs/px4_msgs/msg/detail/vehicle_roi__type_support.h\n'}
[0.822180] (px4_msgs) StdoutLine: {'line': b'-- Up-to-date: /home/nicolas/ws_ros2/install/px4_msgs/include/px4_msgs/px4_msgs/msg/detail/qshell_req__functions.h\n'}
[0.822247] (px4_msgs) StdoutLine: {'line': b'-- Up-to-date: /home/nicolas/ws_ros2/install/px4_msgs/include/px4_msgs/px4_msgs/msg/detail/dataman_response__struct.h\n'}
[0.822313] (px4_msgs) StdoutLine: {'line': b'-- Up-to-date: /home/nicolas/ws_ros2/install/px4_msgs/include/px4_msgs/px4_msgs/msg/detail/navigator_mission_item__functions.c\n'}
[0.822383] (px4_msgs) StdoutLine: {'line': b'-- Up-to-date: /home/nicolas/ws_ros2/install/px4_msgs/include/px4_msgs/px4_msgs/msg/detail/position_controller_landing_status__struct.h\n'}
[0.822446] (px4_msgs) StdoutLine: {'line': b'-- Up-to-date: /home/nicolas/ws_ros2/install/px4_msgs/include/px4_msgs/px4_msgs/msg/detail/follow_target_estimator__functions.h\n'}
[0.822483] (px4_msgs) StdoutLine: {'line': b'-- Up-to-date: /home/nicolas/ws_ros2/install/px4_msgs/include/px4_msgs/px4_msgs/msg/detail/arming_check_request__functions.h\n'}
[0.822602] (px4_msgs) StdoutLine: {'line': b'-- Up-to-date: /home/nicolas/ws_ros2/install/px4_msgs/include/px4_msgs/px4_msgs/msg/detail/actuator_motors__functions.c\n'}
[0.822639] (px4_msgs) StdoutLine: {'line': b'-- Up-to-date: /home/nicolas/ws_ros2/install/px4_msgs/include/px4_msgs/px4_msgs/msg/detail/rtl_time_estimate__functions.h\n'}
[0.822675] (px4_msgs) StdoutLine: {'line': b'-- Up-to-date: /home/nicolas/ws_ros2/install/px4_msgs/include/px4_msgs/px4_msgs/msg/detail/uavcan_parameter_request__struct.h\n'}
[0.822716] (px4_msgs) StdoutLine: {'line': b'-- Up-to-date: /home/nicolas/ws_ros2/install/px4_msgs/include/px4_msgs/px4_msgs/msg/detail/register_ext_component_request__functions.c\n'}
[0.822752] (px4_msgs) StdoutLine: {'line': b'-- Up-to-date: /home/nicolas/ws_ros2/install/px4_msgs/include/px4_msgs/px4_msgs/msg/detail/airspeed__struct.h\n'}
[0.822799] (px4_msgs) StdoutLine: {'line': b'-- Up-to-date: /home/nicolas/ws_ros2/install/px4_msgs/include/px4_msgs/px4_msgs/msg/detail/estimator_innovations__functions.c\n'}
[0.822834] (px4_msgs) StdoutLine: {'line': b'-- Up-to-date: /home/nicolas/ws_ros2/install/px4_msgs/include/px4_msgs/px4_msgs/msg/detail/message_format_response__struct.h\n'}
[0.822868] (px4_msgs) StdoutLine: {'line': b'-- Up-to-date: /home/nicolas/ws_ros2/install/px4_msgs/include/px4_msgs/px4_msgs/msg/detail/vehicle_imu__functions.c\n'}
[0.822902] (px4_msgs) StdoutLine: {'line': b'-- Up-to-date: /home/nicolas/ws_ros2/install/px4_msgs/include/px4_msgs/px4_msgs/msg/detail/estimator_aid_source1d__type_support.h\n'}
[0.822937] (px4_msgs) StdoutLine: {'line': b'-- Up-to-date: /home/nicolas/ws_ros2/install/px4_msgs/include/px4_msgs/px4_msgs/msg/detail/satellite_info__functions.c\n'}
[0.822971] (px4_msgs) StdoutLine: {'line': b'-- Up-to-date: /home/nicolas/ws_ros2/install/px4_msgs/include/px4_msgs/px4_msgs/msg/detail/arming_check_reply__functions.c\n'}
[0.823005] (px4_msgs) StdoutLine: {'line': b'-- Up-to-date: /home/nicolas/ws_ros2/install/px4_msgs/include/px4_msgs/px4_msgs/msg/detail/dataman_request__struct.h\n'}
[0.823039] (px4_msgs) StdoutLine: {'line': b'-- Up-to-date: /home/nicolas/ws_ros2/install/px4_msgs/include/px4_msgs/px4_msgs/msg/detail/fixed_wing_lateral_setpoint__functions.h\n'}
[0.823073] (px4_msgs) StdoutLine: {'line': b'-- Up-to-date: /home/nicolas/ws_ros2/install/px4_msgs/include/px4_msgs/px4_msgs/msg/detail/rtl_time_estimate__struct.h\n'}
[0.823107] (px4_msgs) StdoutLine: {'line': b'-- Up-to-date: /home/nicolas/ws_ros2/install/px4_msgs/include/px4_msgs/px4_msgs/msg/detail/ping__type_support.h\n'}
[0.823141] (px4_msgs) StdoutLine: {'line': b'-- Up-to-date: /home/nicolas/ws_ros2/install/px4_msgs/include/px4_msgs/px4_msgs/msg/detail/power_button_state__type_support.h\n'}
[0.823175] (px4_msgs) StdoutLine: {'line': b'-- Up-to-date: /home/nicolas/ws_ros2/install/px4_msgs/include/px4_msgs/px4_msgs/msg/detail/sensor_preflight_mag__type_support.h\n'}
[0.823212] (px4_msgs) StdoutLine: {'line': b'-- Up-to-date: /home/nicolas/ws_ros2/install/px4_msgs/include/px4_msgs/px4_msgs/msg/detail/trajectory_setpoint6dof__type_support.h\n'}
[0.823247] (px4_msgs) StdoutLine: {'line': b'-- Up-to-date: /home/nicolas/ws_ros2/install/px4_msgs/include/px4_msgs/px4_msgs/msg/detail/actuator_controls_status__type_support.h\n'}
[0.823281] (px4_msgs) StdoutLine: {'line': b'-- Up-to-date: /home/nicolas/ws_ros2/install/px4_msgs/include/px4_msgs/px4_msgs/msg/detail/mount_orientation__functions.c\n'}
[0.823315] (px4_msgs) StdoutLine: {'line': b'-- Up-to-date: /home/nicolas/ws_ros2/install/px4_msgs/include/px4_msgs/px4_msgs/msg/detail/vehicle_global_position__struct.h\n'}
[0.823386] (px4_msgs) StdoutLine: {'line': b'-- Up-to-date: /home/nicolas/ws_ros2/install/px4_msgs/include/px4_msgs/px4_msgs/msg/detail/health_report__functions.h\n'}
[0.823420] (px4_msgs) StdoutLine: {'line': b'-- Up-to-date: /home/nicolas/ws_ros2/install/px4_msgs/include/px4_msgs/px4_msgs/msg/detail/vehicle_land_detected__functions.h\n'}
[0.823454] (px4_msgs) StdoutLine: {'line': b'-- Up-to-date: /home/nicolas/ws_ros2/install/px4_msgs/include/px4_msgs/px4_msgs/msg/detail/debug_key_value__struct.h\n'}
[0.823489] (px4_msgs) StdoutLine: {'line': b'-- Up-to-date: /home/nicolas/ws_ros2/install/px4_msgs/include/px4_msgs/px4_msgs/msg/detail/led_control__functions.c\n'}
[0.823522] (px4_msgs) StdoutLine: {'line': b'-- Up-to-date: /home/nicolas/ws_ros2/install/px4_msgs/include/px4_msgs/px4_msgs/msg/detail/gimbal_device_information__type_support.h\n'}
[0.823556] (px4_msgs) StdoutLine: {'line': b'-- Up-to-date: /home/nicolas/ws_ros2/install/px4_msgs/include/px4_msgs/px4_msgs/msg/detail/position_controller_status__functions.c\n'}
[0.823591] (px4_msgs) StdoutLine: {'line': b'-- Up-to-date: /home/nicolas/ws_ros2/install/px4_msgs/include/px4_msgs/px4_msgs/msg/detail/airspeed__functions.c\n'}
[0.823624] (px4_msgs) StdoutLine: {'line': b'-- Up-to-date: /home/nicolas/ws_ros2/install/px4_msgs/include/px4_msgs/px4_msgs/msg/detail/event__functions.h\n'}
[0.823659] (px4_msgs) StdoutLine: {'line': b'-- Up-to-date: /home/nicolas/ws_ros2/install/px4_msgs/include/px4_msgs/px4_msgs/msg/detail/failsafe_flags__functions.h\n'}
[0.823700] (px4_msgs) StdoutLine: {'line': b'-- Up-to-date: /home/nicolas/ws_ros2/install/px4_msgs/include/px4_msgs/px4_msgs/msg/detail/message_format_request__functions.c\n'}
[0.823881] (px4_msgs) StdoutLine: {'line': b'-- Up-to-date: /home/nicolas/ws_ros2/install/px4_msgs/include/px4_msgs/px4_msgs/msg/detail/estimator_event_flags__type_support.h\n'}
[0.823919] (px4_msgs) StdoutLine: {'line': b'-- Up-to-date: /home/nicolas/ws_ros2/install/px4_msgs/include/px4_msgs/px4_msgs/msg/detail/sensor_combined__type_support.h\n'}
[0.824036] (px4_msgs) StdoutLine: {'line': b'-- Up-to-date: /home/nicolas/ws_ros2/install/px4_msgs/include/px4_msgs/px4_msgs/msg/detail/vehicle_angular_velocity__type_support.h\n'}
[0.824075] (px4_msgs) StdoutLine: {'line': b'-- Up-to-date: /home/nicolas/ws_ros2/install/px4_msgs/include/px4_msgs/px4_msgs/msg/detail/geofence_result__functions.h\n'}
[0.824113] (px4_msgs) StdoutLine: {'line': b'-- Up-to-date: /home/nicolas/ws_ros2/install/px4_msgs/include/px4_msgs/px4_msgs/msg/detail/landing_gear_wheel__functions.c\n'}
[0.824150] (px4_msgs) StdoutLine: {'line': b'-- Up-to-date: /home/nicolas/ws_ros2/install/px4_msgs/include/px4_msgs/px4_msgs/msg/detail/estimator_innovations__functions.h\n'}
[0.824186] (px4_msgs) StdoutLine: {'line': b'-- Up-to-date: /home/nicolas/ws_ros2/install/px4_msgs/include/px4_msgs/px4_msgs/msg/detail/actuator_armed__struct.h\n'}
[0.824222] (px4_msgs) StdoutLine: {'line': b'-- Up-to-date: /home/nicolas/ws_ros2/install/px4_msgs/include/px4_msgs/px4_msgs/msg/detail/follow_target_estimator__type_support.h\n'}
[0.824258] (px4_msgs) StdoutLine: {'line': b'-- Up-to-date: /home/nicolas/ws_ros2/install/px4_msgs/include/px4_msgs/px4_msgs/msg/detail/sensor_gps__functions.c\n'}
[0.824293] (px4_msgs) StdoutLine: {'line': b'-- Up-to-date: /home/nicolas/ws_ros2/install/px4_msgs/include/px4_msgs/px4_msgs/msg/detail/sensors_status_imu__functions.c\n'}
[0.824328] (px4_msgs) StdoutLine: {'line': b'-- Up-to-date: /home/nicolas/ws_ros2/install/px4_msgs/include/px4_msgs/px4_msgs/msg/detail/vehicle_odometry__struct.h\n'}
[0.824363] (px4_msgs) StdoutLine: {'line': b'-- Up-to-date: /home/nicolas/ws_ros2/install/px4_msgs/include/px4_msgs/px4_msgs/msg/detail/vehicle_command__functions.h\n'}
[0.824397] (px4_msgs) StdoutLine: {'line': b'-- Up-to-date: /home/nicolas/ws_ros2/install/px4_msgs/include/px4_msgs/px4_msgs/msg/detail/sensor_gyro_fifo__type_support.h\n'}
[0.824431] (px4_msgs) StdoutLine: {'line': b'-- Up-to-date: /home/nicolas/ws_ros2/install/px4_msgs/include/px4_msgs/px4_msgs/msg/detail/distance_sensor_mode_change_request__functions.h\n'}
[0.824496] (px4_msgs) StdoutLine: {'line': b'-- Up-to-date: /home/nicolas/ws_ros2/install/px4_msgs/include/px4_msgs/px4_msgs/msg/detail/rtl_status__functions.h\n'}
[0.824533] (px4_msgs) StdoutLine: {'line': b'-- Up-to-date: /home/nicolas/ws_ros2/install/px4_msgs/include/px4_msgs/px4_msgs/msg/detail/gps_dump__struct.h\n'}
[0.824569] (px4_msgs) StdoutLine: {'line': b'-- Up-to-date: /home/nicolas/ws_ros2/install/px4_msgs/include/px4_msgs/px4_msgs/msg/detail/launch_detection_status__functions.c\n'}
[0.824604] (px4_msgs) StdoutLine: {'line': b'-- Up-to-date: /home/nicolas/ws_ros2/install/px4_msgs/include/px4_msgs/px4_msgs/msg/detail/vehicle_optical_flow__struct.h\n'}
[0.824720] (px4_msgs) StdoutLine: {'line': b'-- Up-to-date: /home/nicolas/ws_ros2/install/px4_msgs/include/px4_msgs/px4_msgs/msg/detail/gimbal_manager_status__type_support.h\n'}
[0.824758] (px4_msgs) StdoutLine: {'line': b'-- Up-to-date: /home/nicolas/ws_ros2/install/px4_msgs/include/px4_msgs/px4_msgs/msg/detail/debug_array__functions.h\n'}
[0.824794] (px4_msgs) StdoutLine: {'line': b'-- Up-to-date: /home/nicolas/ws_ros2/install/px4_msgs/include/px4_msgs/px4_msgs/msg/detail/mission__struct.h\n'}
[0.824830] (px4_msgs) StdoutLine: {'line': b'-- Up-to-date: /home/nicolas/ws_ros2/install/px4_msgs/include/px4_msgs/px4_msgs/msg/detail/vehicle_odometry__functions.c\n'}
[0.824866] (px4_msgs) StdoutLine: {'line': b'-- Up-to-date: /home/nicolas/ws_ros2/install/px4_msgs/include/px4_msgs/px4_msgs/msg/detail/sensor_selection__functions.c\n'}
[0.824901] (px4_msgs) StdoutLine: {'line': b'-- Up-to-date: /home/nicolas/ws_ros2/install/px4_msgs/include/px4_msgs/px4_msgs/msg/detail/rover_rate_status__functions.c\n'}
[0.824937] (px4_msgs) StdoutLine: {'line': b'-- Up-to-date: /home/nicolas/ws_ros2/install/px4_msgs/include/px4_msgs/px4_msgs/msg/detail/telemetry_status__functions.h\n'}
[0.824972] (px4_msgs) StdoutLine: {'line': b'-- Up-to-date: /home/nicolas/ws_ros2/install/px4_msgs/include/px4_msgs/px4_msgs/msg/detail/yaw_estimator_status__struct.h\n'}
[0.825007] (px4_msgs) StdoutLine: {'line': b'-- Up-to-date: /home/nicolas/ws_ros2/install/px4_msgs/include/px4_msgs/px4_msgs/msg/detail/sensor_gnss_relative__type_support.h\n'}
[0.825042] (px4_msgs) StdoutLine: {'line': b'-- Up-to-date: /home/nicolas/ws_ros2/install/px4_msgs/include/px4_msgs/px4_msgs/msg/detail/config_overrides__functions.h\n'}
[0.825076] (px4_msgs) StdoutLine: {'line': b'-- Up-to-date: /home/nicolas/ws_ros2/install/px4_msgs/include/px4_msgs/px4_msgs/msg/detail/orbit_status__struct.h\n'}
[0.825111] (px4_msgs) StdoutLine: {'line': b'-- Up-to-date: /home/nicolas/ws_ros2/install/px4_msgs/include/px4_msgs/px4_msgs/msg/detail/can_interface_status__struct.h\n'}
[0.825146] (px4_msgs) StdoutLine: {'line': b'-- Up-to-date: /home/nicolas/ws_ros2/install/px4_msgs/include/px4_msgs/px4_msgs/msg/detail/estimator_gps_status__struct.h\n'}
[0.825243] (px4_msgs) StdoutLine: {'line': b'-- Up-to-date: /home/nicolas/ws_ros2/install/px4_msgs/include/px4_msgs/px4_msgs/msg/detail/qshell_req__functions.c\n'}
[0.825286] (px4_msgs) StdoutLine: {'line': b'-- Up-to-date: /home/nicolas/ws_ros2/install/px4_msgs/include/px4_msgs/px4_msgs/msg/detail/open_drone_id_system__struct.h\n'}
[0.825324] (px4_msgs) StdoutLine: {'line': b'-- Up-to-date: /home/nicolas/ws_ros2/install/px4_msgs/include/px4_msgs/px4_msgs/msg/detail/radio_status__functions.h\n'}
[0.825525] (px4_msgs) StdoutLine: {'line': b'-- Up-to-date: /home/nicolas/ws_ros2/install/px4_msgs/include/px4_msgs/px4_msgs/msg/detail/estimator_selector_status__functions.h\n'}
[0.825564] (px4_msgs) StdoutLine: {'line': b'-- Up-to-date: /home/nicolas/ws_ros2/install/px4_msgs/include/px4_msgs/px4_msgs/msg/detail/sensor_gps__functions.h\n'}
[0.825610] (px4_msgs) StdoutLine: {'line': b'-- Up-to-date: /home/nicolas/ws_ros2/install/px4_msgs/include/px4_msgs/px4_msgs/msg/detail/wheel_encoders__functions.c\n'}
[0.825648] (px4_msgs) StdoutLine: {'line': b'-- Up-to-date: /home/nicolas/ws_ros2/install/px4_msgs/include/px4_msgs/px4_msgs/msg/detail/orb_test__functions.c\n'}
[0.825703] (px4_msgs) StdoutLine: {'line': b'-- Up-to-date: /home/nicolas/ws_ros2/install/px4_msgs/include/px4_msgs/px4_msgs/msg/detail/vehicle_air_data__functions.c\n'}
[0.825742] (px4_msgs) StdoutLine: {'line': b'-- Up-to-date: /home/nicolas/ws_ros2/install/px4_msgs/include/px4_msgs/px4_msgs/msg/detail/rover_attitude_status__functions.c\n'}
[0.825779] (px4_msgs) StdoutLine: {'line': b'-- Up-to-date: /home/nicolas/ws_ros2/install/px4_msgs/include/px4_msgs/px4_msgs/msg/detail/gimbal_device_set_attitude__struct.h\n'}
[0.825815] (px4_msgs) StdoutLine: {'line': b'-- Up-to-date: /home/nicolas/ws_ros2/install/px4_msgs/include/px4_msgs/px4_msgs/msg/detail/open_drone_id_operator_id__struct.h\n'}
[0.825850] (px4_msgs) StdoutLine: {'line': b'-- Up-to-date: /home/nicolas/ws_ros2/install/px4_msgs/include/px4_msgs/px4_msgs/msg/detail/sensor_gyro_fft__functions.c\n'}
[0.825885] (px4_msgs) StdoutLine: {'line': b'-- Up-to-date: /home/nicolas/ws_ros2/install/px4_msgs/include/px4_msgs/px4_msgs/msg/detail/rover_throttle_setpoint__functions.h\n'}
[0.825920] (px4_msgs) StdoutLine: {'line': b'-- Up-to-date: /home/nicolas/ws_ros2/install/px4_msgs/include/px4_msgs/px4_msgs/msg/detail/follow_target__functions.h\n'}
[0.825954] (px4_msgs) StdoutLine: {'line': b'-- Up-to-date: /home/nicolas/ws_ros2/install/px4_msgs/include/px4_msgs/px4_msgs/msg/detail/obstacle_distance__type_support.h\n'}
[0.825988] (px4_msgs) StdoutLine: {'line': b'-- Up-to-date: /home/nicolas/ws_ros2/install/px4_msgs/include/px4_msgs/px4_msgs/msg/detail/rover_speed_setpoint__struct.h\n'}
[0.826023] (px4_msgs) StdoutLine: {'line': b'-- Up-to-date: /home/nicolas/ws_ros2/install/px4_msgs/include/px4_msgs/px4_msgs/msg/detail/actuator_armed__type_support.h\n'}
[0.826058] (px4_msgs) StdoutLine: {'line': b'-- Up-to-date: /home/nicolas/ws_ros2/install/px4_msgs/include/px4_msgs/px4_msgs/msg/detail/sensor_preflight_mag__struct.h\n'}
[0.826093] (px4_msgs) StdoutLine: {'line': b'-- Up-to-date: /home/nicolas/ws_ros2/install/px4_msgs/include/px4_msgs/px4_msgs/msg/detail/internal_combustion_engine_status__functions.c\n'}
[0.826130] (px4_msgs) StdoutLine: {'line': b'-- Up-to-date: /home/nicolas/ws_ros2/install/px4_msgs/include/px4_msgs/px4_msgs/msg/detail/landing_target_innovations__struct.h\n'}
[0.826165] (px4_msgs) StdoutLine: {'line': b'-- Up-to-date: /home/nicolas/ws_ros2/install/px4_msgs/include/px4_msgs/px4_msgs/msg/detail/gimbal_device_attitude_status__type_support.h\n'}
[0.826200] (px4_msgs) StdoutLine: {'line': b'-- Up-to-date: /home/nicolas/ws_ros2/install/px4_msgs/include/px4_msgs/px4_msgs/msg/detail/sensor_mag__functions.c\n'}
[0.826244] (px4_msgs) StdoutLine: {'line': b'-- Up-to-date: /home/nicolas/ws_ros2/install/px4_msgs/include/px4_msgs/px4_msgs/msg/detail/irlock_report__type_support.h\n'}
[0.826280] (px4_msgs) StdoutLine: {'line': b'-- Up-to-date: /home/nicolas/ws_ros2/install/px4_msgs/include/px4_msgs/px4_msgs/msg/detail/rover_speed_setpoint__functions.c\n'}
[0.826316] (px4_msgs) StdoutLine: {'line': b'-- Up-to-date: /home/nicolas/ws_ros2/install/px4_msgs/include/px4_msgs/px4_msgs/msg/detail/camera_status__functions.c\n'}
[0.826352] (px4_msgs) StdoutLine: {'line': b'-- Up-to-date: /home/nicolas/ws_ros2/install/px4_msgs/include/px4_msgs/px4_msgs/msg/detail/camera_trigger__functions.h\n'}
[0.826387] (px4_msgs) StdoutLine: {'line': b'-- Up-to-date: /home/nicolas/ws_ros2/install/px4_msgs/include/px4_msgs/px4_msgs/msg/detail/sensor_gyro__functions.h\n'}
[0.826420] (px4_msgs) StdoutLine: {'line': b'-- Up-to-date: /home/nicolas/ws_ros2/install/px4_msgs/include/px4_msgs/px4_msgs/msg/detail/sensor_preflight_mag__functions.c\n'}
[0.826461] (px4_msgs) StdoutLine: {'line': b'-- Up-to-date: /home/nicolas/ws_ros2/install/px4_msgs/include/px4_msgs/px4_msgs/msg/detail/register_ext_component_reply__type_support.h\n'}
[0.826851] (px4_msgs) StdoutLine: {'line': b'-- Up-to-date: /home/nicolas/ws_ros2/install/px4_msgs/include/px4_msgs/px4_msgs/msg/detail/vehicle_angular_acceleration_setpoint__functions.c\n'}
[0.826969] (px4_msgs) StdoutLine: {'line': b'-- Up-to-date: /home/nicolas/ws_ros2/install/px4_msgs/include/px4_msgs/px4_msgs/msg/detail/failsafe_flags__functions.c\n'}
[0.827088] (px4_msgs) StdoutLine: {'line': b'-- Up-to-date: /home/nicolas/ws_ros2/install/px4_msgs/include/px4_msgs/px4_msgs/msg/detail/actuator_outputs__functions.c\n'}
[0.827175] (px4_msgs) StdoutLine: {'line': b'-- Up-to-date: /home/nicolas/ws_ros2/install/px4_msgs/include/px4_msgs/px4_msgs/msg/detail/log_message__struct.h\n'}
[0.827257] (px4_msgs) StdoutLine: {'line': b'-- Up-to-date: /home/nicolas/ws_ros2/install/px4_msgs/include/px4_msgs/px4_msgs/msg/detail/manual_control_switches__functions.h\n'}
[0.827339] (px4_msgs) StdoutLine: {'line': b'-- Up-to-date: /home/nicolas/ws_ros2/install/px4_msgs/include/px4_msgs/px4_msgs/msg/detail/distance_sensor__struct.h\n'}
[0.827423] (px4_msgs) StdoutLine: {'line': b'-- Up-to-date: /home/nicolas/ws_ros2/install/px4_msgs/include/px4_msgs/px4_msgs/msg/detail/ekf2_timestamps__type_support.h\n'}
[0.827522] (px4_msgs) StdoutLine: {'line': b'-- Up-to-date: /home/nicolas/ws_ros2/install/px4_msgs/include/px4_msgs/px4_msgs/msg/detail/gimbal_manager_status__struct.h\n'}
[0.827629] (px4_msgs) StdoutLine: {'line': b'-- Up-to-date: /home/nicolas/ws_ros2/install/px4_msgs/include/px4_msgs/px4_msgs/msg/detail/dataman_response__functions.c\n'}
[0.827721] (px4_msgs) StdoutLine: {'line': b'-- Up-to-date: /home/nicolas/ws_ros2/install/px4_msgs/include/px4_msgs/px4_msgs/msg/detail/normalized_unsigned_setpoint__type_support.h\n'}
[0.827808] (px4_msgs) StdoutLine: {'line': b'-- Up-to-date: /home/nicolas/ws_ros2/install/px4_msgs/include/px4_msgs/px4_msgs/msg/detail/gpio_out__struct.h\n'}
[0.827891] (px4_msgs) StdoutLine: {'line': b'-- Up-to-date: /home/nicolas/ws_ros2/install/px4_msgs/include/px4_msgs/px4_msgs/msg/detail/sensor_correction__functions.h\n'}
[0.827976] (px4_msgs) StdoutLine: {'line': b'-- Up-to-date: /home/nicolas/ws_ros2/install/px4_msgs/include/px4_msgs/px4_msgs/msg/detail/parameter_set_used_request__functions.c\n'}
[0.828084] (px4_msgs) StdoutLine: {'line': b'-- Up-to-date: /home/nicolas/ws_ros2/install/px4_msgs/include/px4_msgs/px4_msgs/msg/detail/gimbal_device_information__struct.h\n'}
[0.828167] (px4_msgs) StdoutLine: {'line': b'-- Up-to-date: /home/nicolas/ws_ros2/install/px4_msgs/include/px4_msgs/px4_msgs/msg/detail/collision_constraints__struct.h\n'}
[0.828256] (px4_msgs) StdoutLine: {'line': b'-- Up-to-date: /home/nicolas/ws_ros2/install/px4_msgs/include/px4_msgs/px4_msgs/msg/detail/vehicle_imu_status__struct.h\n'}
[0.828360] (px4_msgs) StdoutLine: {'line': b'-- Up-to-date: /home/nicolas/ws_ros2/install/px4_msgs/include/px4_msgs/px4_msgs/msg/detail/event__struct.h\n'}
[0.828444] (px4_msgs) StdoutLine: {'line': b'-- Up-to-date: /home/nicolas/ws_ros2/install/px4_msgs/include/px4_msgs/px4_msgs/msg/detail/mission_result__functions.h\n'}
[0.828544] (px4_msgs) StdoutLine: {'line': b'-- Up-to-date: /home/nicolas/ws_ros2/install/px4_msgs/include/px4_msgs/px4_msgs/msg/detail/uavcan_parameter_value__struct.h\n'}
[0.828626] (px4_msgs) StdoutLine: {'line': b'-- Up-to-date: /home/nicolas/ws_ros2/install/px4_msgs/include/px4_msgs/px4_msgs/msg/detail/esc_status__functions.c\n'}
[0.828717] (px4_msgs) StdoutLine: {'line': b'-- Up-to-date: /home/nicolas/ws_ros2/install/px4_msgs/include/px4_msgs/px4_msgs/msg/detail/camera_trigger__functions.c\n'}
[0.828821] (px4_msgs) StdoutLine: {'line': b'-- Up-to-date: /home/nicolas/ws_ros2/install/px4_msgs/include/px4_msgs/px4_msgs/msg/detail/parameter_set_used_request__struct.h\n'}
[0.828921] (px4_msgs) StdoutLine: {'line': b'-- Up-to-date: /home/nicolas/ws_ros2/install/px4_msgs/include/px4_msgs/px4_msgs/msg/detail/gripper__functions.c\n'}
[0.829020] (px4_msgs) StdoutLine: {'line': b'-- Up-to-date: /home/nicolas/ws_ros2/install/px4_msgs/include/px4_msgs/px4_msgs/msg/detail/battery_info__functions.c\n'}
[0.829100] (px4_msgs) StdoutLine: {'line': b'-- Up-to-date: /home/nicolas/ws_ros2/install/px4_msgs/include/px4_msgs/px4_msgs/msg/detail/fixed_wing_longitudinal_setpoint__functions.c\n'}
[0.829190] (px4_msgs) StdoutLine: {'line': b'-- Up-to-date: /home/nicolas/ws_ros2/install/px4_msgs/include/px4_msgs/px4_msgs/msg/detail/rtl_status__type_support.h\n'}
[0.829292] (px4_msgs) StdoutLine: {'line': b'-- Up-to-date: /home/nicolas/ws_ros2/install/px4_msgs/include/px4_msgs/px4_msgs/msg/detail/takeoff_status__struct.h\n'}
[0.829449] (px4_msgs) StdoutLine: {'line': b'-- Up-to-date: /home/nicolas/ws_ros2/install/px4_msgs/include/px4_msgs/px4_msgs/msg/detail/gripper__struct.h\n'}
[0.829532] (px4_msgs) StdoutLine: {'line': b'-- Up-to-date: /home/nicolas/ws_ros2/install/px4_msgs/include/px4_msgs/px4_msgs/msg/detail/distance_sensor__type_support.h\n'}
[0.829643] (px4_msgs) StdoutLine: {'line': b'-- Up-to-date: /home/nicolas/ws_ros2/install/px4_msgs/include/px4_msgs/px4_msgs/msg/detail/mavlink_log__struct.h\n'}
[0.829782] (px4_msgs) StdoutLine: {'line': b'-- Up-to-date: /home/nicolas/ws_ros2/install/px4_msgs/include/px4_msgs/px4_msgs/msg/detail/rpm__functions.c\n'}
[0.829946] (px4_msgs) StdoutLine: {'line': b'-- Up-to-date: /home/nicolas/ws_ros2/install/px4_msgs/include/px4_msgs/px4_msgs/msg/detail/differential_pressure__type_support.h\n'}
[0.830100] (px4_msgs) StdoutLine: {'line': b'-- Up-to-date: /home/nicolas/ws_ros2/install/px4_msgs/include/px4_msgs/px4_msgs/msg/detail/ulog_stream__functions.h\n'}
[0.830227] (px4_msgs) StdoutLine: {'line': b'-- Up-to-date: /home/nicolas/ws_ros2/install/px4_msgs/include/px4_msgs/px4_msgs/msg/detail/vehicle_angular_velocity__functions.h\n'}
[0.830430] (px4_msgs) StdoutLine: {'line': b'-- Up-to-date: /home/nicolas/ws_ros2/install/px4_msgs/include/px4_msgs/px4_msgs/msg/detail/rover_speed_status__functions.c\n'}
[0.830586] (px4_msgs) StdoutLine: {'line': b'-- Up-to-date: /home/nicolas/ws_ros2/install/px4_msgs/include/px4_msgs/px4_msgs/msg/detail/vehicle_global_position__functions.h\n'}
[0.830677] (px4_msgs) StdoutLine: {'line': b'-- Up-to-date: /home/nicolas/ws_ros2/install/px4_msgs/include/px4_msgs/px4_msgs/msg/detail/mode_completed__struct.h\n'}
[0.830746] (px4_msgs) StdoutLine: {'line': b'-- Up-to-date: /home/nicolas/ws_ros2/install/px4_msgs/include/px4_msgs/px4_msgs/msg/detail/home_position__type_support.h\n'}
[0.830790] (px4_msgs) StdoutLine: {'line': b'-- Up-to-date: /home/nicolas/ws_ros2/install/px4_msgs/include/px4_msgs/px4_msgs/msg/detail/estimator_aid_source1d__struct.h\n'}
[0.830843] (px4_msgs) StdoutLine: {'line': b'-- Up-to-date: /home/nicolas/ws_ros2/install/px4_msgs/include/px4_msgs/px4_msgs/msg/detail/gps_dump__functions.h\n'}
[0.830888] (px4_msgs) StdoutLine: {'line': b'-- Up-to-date: /home/nicolas/ws_ros2/install/px4_msgs/include/px4_msgs/px4_msgs/msg/detail/landing_target_pose__functions.h\n'}
[0.831018] (px4_msgs) StdoutLine: {'line': b'-- Up-to-date: /home/nicolas/ws_ros2/install/px4_msgs/include/px4_msgs/px4_msgs/msg/detail/vehicle_optical_flow_vel__functions.c\n'}
[0.831063] (px4_msgs) StdoutLine: {'line': b'-- Up-to-date: /home/nicolas/ws_ros2/install/px4_msgs/include/px4_msgs/px4_msgs/msg/detail/position_controller_status__type_support.h\n'}
[0.831105] (px4_msgs) StdoutLine: {'line': b'-- Up-to-date: /home/nicolas/ws_ros2/install/px4_msgs/include/px4_msgs/px4_msgs/msg/detail/airspeed_wind__functions.c\n'}
[0.831148] (px4_msgs) StdoutLine: {'line': b'-- Up-to-date: /home/nicolas/ws_ros2/install/px4_msgs/include/px4_msgs/px4_msgs/msg/detail/rover_attitude_setpoint__type_support.h\n'}
[0.831186] (px4_msgs) StdoutLine: {'line': b'-- Up-to-date: /home/nicolas/ws_ros2/install/px4_msgs/include/px4_msgs/px4_msgs/msg/detail/gimbal_manager_set_attitude__functions.h\n'}
[0.831224] (px4_msgs) StdoutLine: {'line': b'-- Up-to-date: /home/nicolas/ws_ros2/install/px4_msgs/include/px4_msgs/px4_msgs/msg/detail/sensor_accel__functions.c\n'}
[0.831262] (px4_msgs) StdoutLine: {'line': b'-- Up-to-date: /home/nicolas/ws_ros2/install/px4_msgs/include/px4_msgs/px4_msgs/msg/detail/vehicle_attitude__type_support.h\n'}
[0.831299] (px4_msgs) StdoutLine: {'line': b'-- Up-to-date: /home/nicolas/ws_ros2/install/px4_msgs/include/px4_msgs/px4_msgs/msg/detail/sensor_hygrometer__struct.h\n'}
[0.831354] (px4_msgs) StdoutLine: {'line': b'-- Up-to-date: /home/nicolas/ws_ros2/install/px4_msgs/include/px4_msgs/px4_msgs/msg/detail/qshell_retval__struct.h\n'}
[0.831450] (px4_msgs) StdoutLine: {'line': b'-- Up-to-date: /home/nicolas/ws_ros2/install/px4_msgs/include/px4_msgs/px4_msgs/msg/detail/input_rc__functions.h\n'}
[0.831491] (px4_msgs) StdoutLine: {'line': b'-- Up-to-date: /home/nicolas/ws_ros2/install/px4_msgs/include/px4_msgs/px4_msgs/msg/detail/estimator_aid_source2d__functions.h\n'}
[0.831530] (px4_msgs) StdoutLine: {'line': b'-- Up-to-date: /home/nicolas/ws_ros2/install/px4_msgs/include/px4_msgs/px4_msgs/msg/detail/navigator_status__functions.h\n'}
[0.831569] (px4_msgs) StdoutLine: {'line': b'-- Up-to-date: /home/nicolas/ws_ros2/install/px4_msgs/include/px4_msgs/px4_msgs/msg/detail/debug_value__functions.c\n'}
[0.831607] (px4_msgs) StdoutLine: {'line': b'-- Up-to-date: /home/nicolas/ws_ros2/install/px4_msgs/include/px4_msgs/px4_msgs/msg/detail/debug_vect__functions.h\n'}
[0.831646] (px4_msgs) StdoutLine: {'line': b'-- Up-to-date: /home/nicolas/ws_ros2/install/px4_msgs/include/px4_msgs/px4_msgs/msg/detail/geofence_status__functions.h\n'}
[0.831688] (px4_msgs) StdoutLine: {'line': b'-- Up-to-date: /home/nicolas/ws_ros2/install/px4_msgs/include/px4_msgs/px4_msgs/msg/detail/sensor_gyro_fifo__struct.h\n'}
[0.831731] (px4_msgs) StdoutLine: {'line': b'-- Up-to-date: /home/nicolas/ws_ros2/install/px4_msgs/include/px4_msgs/px4_msgs/msg/detail/landing_gear__functions.h\n'}
[0.831772] (px4_msgs) StdoutLine: {'line': b'-- Up-to-date: /home/nicolas/ws_ros2/install/px4_msgs/include/px4_msgs/px4_msgs/msg/detail/adc_report__struct.h\n'}
[0.831809] (px4_msgs) StdoutLine: {'line': b'-- Up-to-date: /home/nicolas/ws_ros2/install/px4_msgs/include/px4_msgs/px4_msgs/msg/detail/gimbal_device_attitude_status__functions.h\n'}
[0.831847] (px4_msgs) StdoutLine: {'line': b'-- Up-to-date: /home/nicolas/ws_ros2/install/px4_msgs/include/px4_msgs/px4_msgs/msg/detail/uavcan_parameter_request__functions.c\n'}
[0.831883] (px4_msgs) StdoutLine: {'line': b'-- Up-to-date: /home/nicolas/ws_ros2/install/px4_msgs/include/px4_msgs/px4_msgs/msg/detail/camera_status__type_support.h\n'}
[0.831920] (px4_msgs) StdoutLine: {'line': b'-- Up-to-date: /home/nicolas/ws_ros2/install/px4_msgs/include/px4_msgs/px4_msgs/msg/detail/actuator_servos_trim__functions.c\n'}
[0.831957] (px4_msgs) StdoutLine: {'line': b'-- Up-to-date: /home/nicolas/ws_ros2/install/px4_msgs/include/px4_msgs/px4_msgs/msg/detail/uavcan_parameter_value__type_support.h\n'}
[0.831994] (px4_msgs) StdoutLine: {'line': b'-- Up-to-date: /home/nicolas/ws_ros2/install/px4_msgs/include/px4_msgs/px4_msgs/msg/detail/vehicle_optical_flow_vel__struct.h\n'}
[0.832055] (px4_msgs) StdoutLine: {'line': b'-- Up-to-date: /home/nicolas/ws_ros2/install/px4_msgs/include/px4_msgs/px4_msgs/msg/detail/sensor_accel_fifo__functions.c\n'}
[0.832095] (px4_msgs) StdoutLine: {'line': b'-- Up-to-date: /home/nicolas/ws_ros2/install/px4_msgs/include/px4_msgs/px4_msgs/msg/detail/dronecan_node_status__functions.h\n'}
[0.832134] (px4_msgs) StdoutLine: {'line': b'-- Up-to-date: /home/nicolas/ws_ros2/install/px4_msgs/include/px4_msgs/px4_msgs/msg/detail/figure_eight_status__type_support.h\n'}
[0.832175] (px4_msgs) StdoutLine: {'line': b'-- Up-to-date: /home/nicolas/ws_ros2/install/px4_msgs/include/px4_msgs/px4_msgs/msg/detail/heater_status__struct.h\n'}
[0.832214] (px4_msgs) StdoutLine: {'line': b'-- Up-to-date: /home/nicolas/ws_ros2/install/px4_msgs/include/px4_msgs/px4_msgs/msg/detail/neural_control__struct.h\n'}
[0.832251] (px4_msgs) StdoutLine: {'line': b'-- Up-to-date: /home/nicolas/ws_ros2/install/px4_msgs/include/px4_msgs/px4_msgs/msg/detail/manual_control_setpoint__struct.h\n'}
[0.832287] (px4_msgs) StdoutLine: {'line': b'-- Up-to-date: /home/nicolas/ws_ros2/install/px4_msgs/include/px4_msgs/px4_msgs/msg/detail/dataman_request__functions.h\n'}
[0.832324] (px4_msgs) StdoutLine: {'line': b'-- Up-to-date: /home/nicolas/ws_ros2/install/px4_msgs/include/px4_msgs/px4_msgs/msg/detail/wind__type_support.h\n'}
[0.832424] (px4_msgs) StdoutLine: {'line': b'-- Up-to-date: /home/nicolas/ws_ros2/install/px4_msgs/include/px4_msgs/px4_msgs/msg/detail/pps_capture__functions.c\n'}
[0.832464] (px4_msgs) StdoutLine: {'line': b'-- Up-to-date: /home/nicolas/ws_ros2/install/px4_msgs/include/px4_msgs/px4_msgs/msg/detail/rc_channels__struct.h\n'}
[0.832693] (px4_msgs) StdoutLine: {'line': b'-- Up-to-date: /home/nicolas/ws_ros2/install/px4_msgs/include/px4_msgs/px4_msgs/msg/detail/vehicle_odometry__type_support.h\n'}
[0.832737] (px4_msgs) StdoutLine: {'line': b'-- Up-to-date: /home/nicolas/ws_ros2/install/px4_msgs/include/px4_msgs/px4_msgs/msg/detail/estimator_status__struct.h\n'}
[0.832775] (px4_msgs) StdoutLine: {'line': b'-- Up-to-date: /home/nicolas/ws_ros2/install/px4_msgs/include/px4_msgs/px4_msgs/msg/detail/dronecan_node_status__type_support.h\n'}
[0.832812] (px4_msgs) StdoutLine: {'line': b'-- Up-to-date: /home/nicolas/ws_ros2/install/px4_msgs/include/px4_msgs/px4_msgs/msg/detail/gpio_request__type_support.h\n'}
[0.832849] (px4_msgs) StdoutLine: {'line': b'-- Up-to-date: /home/nicolas/ws_ros2/install/px4_msgs/include/px4_msgs/px4_msgs/msg/detail/vehicle_attitude__functions.h\n'}
[0.832886] (px4_msgs) StdoutLine: {'line': b'-- Up-to-date: /home/nicolas/ws_ros2/install/px4_msgs/include/px4_msgs/px4_msgs/msg/detail/offboard_control_mode__functions.h\n'}
[0.832923] (px4_msgs) StdoutLine: {'line': b'-- Up-to-date: /home/nicolas/ws_ros2/install/px4_msgs/include/px4_msgs/px4_msgs/msg/detail/trajectory_setpoint__type_support.h\n'}
[0.832972] (px4_msgs) StdoutLine: {'line': b'-- Up-to-date: /home/nicolas/ws_ros2/install/px4_msgs/include/px4_msgs/px4_msgs/msg/detail/satellite_info__type_support.h\n'}
[0.833009] (px4_msgs) StdoutLine: {'line': b'-- Up-to-date: /home/nicolas/ws_ros2/install/px4_msgs/include/px4_msgs/px4_msgs/msg/detail/telemetry_status__struct.h\n'}
[0.833045] (px4_msgs) StdoutLine: {'line': b'-- Up-to-date: /home/nicolas/ws_ros2/install/px4_msgs/include/px4_msgs/px4_msgs/msg/detail/geofence_result__functions.c\n'}
[0.833081] (px4_msgs) StdoutLine: {'line': b'-- Up-to-date: /home/nicolas/ws_ros2/install/px4_msgs/include/px4_msgs/px4_msgs/msg/detail/ping__struct.h\n'}
[0.833119] (px4_msgs) StdoutLine: {'line': b'-- Up-to-date: /home/nicolas/ws_ros2/install/px4_msgs/include/px4_msgs/px4_msgs/msg/detail/position_setpoint__functions.c\n'}
[0.833156] (px4_msgs) StdoutLine: {'line': b'-- Up-to-date: /home/nicolas/ws_ros2/install/px4_msgs/include/px4_msgs/px4_msgs/msg/detail/rover_speed_status__type_support.h\n'}
[0.833193] (px4_msgs) StdoutLine: {'line': b'-- Up-to-date: /home/nicolas/ws_ros2/install/px4_msgs/include/px4_msgs/px4_msgs/msg/detail/log_message__type_support.h\n'}
[0.833231] (px4_msgs) StdoutLine: {'line': b'-- Up-to-date: /home/nicolas/ws_ros2/install/px4_msgs/include/px4_msgs/px4_msgs/msg/detail/vehicle_attitude_setpoint__functions.c\n'}
[0.833269] (px4_msgs) StdoutLine: {'line': b'-- Up-to-date: /home/nicolas/ws_ros2/install/px4_msgs/include/px4_msgs/px4_msgs/msg/detail/sensor_baro__type_support.h\n'}
[0.833306] (px4_msgs) StdoutLine: {'line': b'-- Up-to-date: /home/nicolas/ws_ros2/install/px4_msgs/include/px4_msgs/px4_msgs/msg/detail/manual_control_setpoint__functions.c\n'}
[0.833343] (px4_msgs) StdoutLine: {'line': b'-- Up-to-date: /home/nicolas/ws_ros2/install/px4_msgs/include/px4_msgs/px4_msgs/msg/detail/internal_combustion_engine_control__type_support.h\n'}
[0.833380] (px4_msgs) StdoutLine: {'line': b'-- Up-to-date: /home/nicolas/ws_ros2/install/px4_msgs/include/px4_msgs/px4_msgs/msg/detail/gimbal_device_attitude_status__functions.c\n'}
[0.833419] (px4_msgs) StdoutLine: {'line': b'-- Up-to-date: /home/nicolas/ws_ros2/install/px4_msgs/include/px4_msgs/px4_msgs/msg/detail/pure_pursuit_status__functions.c\n'}
[0.833454] (px4_msgs) StdoutLine: {'line': b'-- Up-to-date: /home/nicolas/ws_ros2/install/px4_msgs/include/px4_msgs/px4_msgs/msg/detail/rc_channels__type_support.h\n'}
[0.833633] (px4_msgs) StdoutLine: {'line': b'-- Up-to-date: /home/nicolas/ws_ros2/install/px4_msgs/include/px4_msgs/px4_msgs/msg/detail/actuator_servos_trim__type_support.h\n'}
[0.833818] (px4_msgs) StdoutLine: {'line': b'-- Up-to-date: /home/nicolas/ws_ros2/install/px4_msgs/include/px4_msgs/px4_msgs/msg/detail/iridiumsbd_status__type_support.h\n'}
[0.833868] (px4_msgs) StdoutLine: {'line': b'-- Up-to-date: /home/nicolas/ws_ros2/install/px4_msgs/include/px4_msgs/px4_msgs/msg/detail/actuator_outputs__functions.h\n'}
[0.833912] (px4_msgs) StdoutLine: {'line': b'-- Up-to-date: /home/nicolas/ws_ros2/install/px4_msgs/include/px4_msgs/px4_msgs/msg/detail/mission__type_support.h\n'}
[0.833952] (px4_msgs) StdoutLine: {'line': b'-- Up-to-date: /home/nicolas/ws_ros2/install/px4_msgs/include/px4_msgs/px4_msgs/msg/detail/sensor_gnss_relative__struct.h\n'}
[0.833992] (px4_msgs) StdoutLine: {'line': b'-- Up-to-date: /home/nicolas/ws_ros2/install/px4_msgs/include/px4_msgs/px4_msgs/msg/detail/internal_combustion_engine_control__functions.c\n'}
[0.834032] (px4_msgs) StdoutLine: {'line': b'-- Up-to-date: /home/nicolas/ws_ros2/install/px4_msgs/include/px4_msgs/px4_msgs/msg/detail/tune_control__functions.h\n'}
[0.834070] (px4_msgs) StdoutLine: {'line': b'-- Up-to-date: /home/nicolas/ws_ros2/install/px4_msgs/include/px4_msgs/px4_msgs/msg/detail/radio_status__struct.h\n'}
[0.834108] (px4_msgs) StdoutLine: {'line': b'-- Up-to-date: /home/nicolas/ws_ros2/install/px4_msgs/include/px4_msgs/px4_msgs/msg/detail/vehicle_torque_setpoint__functions.c\n'}
[0.834146] (px4_msgs) StdoutLine: {'line': b'-- Up-to-date: /home/nicolas/ws_ros2/install/px4_msgs/include/px4_msgs/px4_msgs/msg/detail/rtl_status__struct.h\n'}
[0.834184] (px4_msgs) StdoutLine: {'line': b'-- Up-to-date: /home/nicolas/ws_ros2/install/px4_msgs/include/px4_msgs/px4_msgs/msg/detail/dataman_request__type_support.h\n'}
[0.834222] (px4_msgs) StdoutLine: {'line': b'-- Up-to-date: /home/nicolas/ws_ros2/install/px4_msgs/include/px4_msgs/px4_msgs/msg/detail/collision_constraints__functions.h\n'}
[0.834377] (px4_msgs) StdoutLine: {'line': b'-- Up-to-date: /home/nicolas/ws_ros2/install/px4_msgs/include/px4_msgs/px4_msgs/msg/detail/takeoff_status__type_support.h\n'}
[0.834433] (px4_msgs) StdoutLine: {'line': b'-- Up-to-date: /home/nicolas/ws_ros2/install/px4_msgs/include/px4_msgs/px4_msgs/msg/detail/vehicle_torque_setpoint__type_support.h\n'}
[0.834477] (px4_msgs) StdoutLine: {'line': b'-- Up-to-date: /home/nicolas/ws_ros2/install/px4_msgs/include/px4_msgs/px4_msgs/msg/detail/cpuload__functions.h\n'}
[0.834518] (px4_msgs) StdoutLine: {'line': b'-- Up-to-date: /home/nicolas/ws_ros2/install/px4_msgs/include/px4_msgs/px4_msgs/msg/detail/trajectory_setpoint6dof__struct.h\n'}
[0.834557] (px4_msgs) StdoutLine: {'line': b'-- Up-to-date: /home/nicolas/ws_ros2/install/px4_msgs/include/px4_msgs/px4_msgs/msg/detail/gimbal_controls__functions.c\n'}
[0.834595] (px4_msgs) StdoutLine: {'line': b'-- Up-to-date: /home/nicolas/ws_ros2/install/px4_msgs/include/px4_msgs/px4_msgs/msg/detail/flight_phase_estimation__functions.c\n'}
[0.834634] (px4_msgs) StdoutLine: {'line': b'-- Up-to-date: /home/nicolas/ws_ros2/install/px4_msgs/include/px4_msgs/px4_msgs/msg/detail/rover_attitude_setpoint__functions.c\n'}
[0.834674] (px4_msgs) StdoutLine: {'line': b'-- Up-to-date: /home/nicolas/ws_ros2/install/px4_msgs/include/px4_msgs/px4_msgs/msg/detail/vehicle_status__type_support.h\n'}
[0.834719] (px4_msgs) StdoutLine: {'line': b'-- Up-to-date: /home/nicolas/ws_ros2/install/px4_msgs/include/px4_msgs/px4_msgs/msg/detail/landing_gear__functions.c\n'}
[0.834759] (px4_msgs) StdoutLine: {'line': b'-- Up-to-date: /home/nicolas/ws_ros2/install/px4_msgs/include/px4_msgs/px4_msgs/msg/detail/vehicle_optical_flow_vel__type_support.h\n'}
[0.834797] (px4_msgs) StdoutLine: {'line': b'-- Up-to-date: /home/nicolas/ws_ros2/install/px4_msgs/include/px4_msgs/px4_msgs/msg/detail/follow_target__struct.h\n'}
[0.834993] (px4_msgs) StdoutLine: {'line': b'-- Up-to-date: /home/nicolas/ws_ros2/install/px4_msgs/include/px4_msgs/px4_msgs/msg/detail/sensor_gps__struct.h\n'}
[0.835095] (px4_msgs) StdoutLine: {'line': b'-- Up-to-date: /home/nicolas/ws_ros2/install/px4_msgs/include/px4_msgs/px4_msgs/msg/detail/radio_status__functions.c\n'}
[0.835157] (px4_msgs) StdoutLine: {'line': b'-- Up-to-date: /home/nicolas/ws_ros2/install/px4_msgs/include/px4_msgs/px4_msgs/msg/detail/cpuload__struct.h\n'}
[0.835201] (px4_msgs) StdoutLine: {'line': b'-- Up-to-date: /home/nicolas/ws_ros2/install/px4_msgs/include/px4_msgs/px4_msgs/msg/detail/vtol_vehicle_status__type_support.h\n'}
[0.835243] (px4_msgs) StdoutLine: {'line': b'-- Up-to-date: /home/nicolas/ws_ros2/install/px4_msgs/include/px4_msgs/px4_msgs/msg/detail/autotune_attitude_control_status__functions.c\n'}
[0.835284] (px4_msgs) StdoutLine: {'line': b'-- Up-to-date: /home/nicolas/ws_ros2/install/px4_msgs/include/px4_msgs/px4_msgs/msg/detail/sensor_gnss_relative__functions.c\n'}
[0.835323] (px4_msgs) StdoutLine: {'line': b'-- Up-to-date: /home/nicolas/ws_ros2/install/px4_msgs/include/px4_msgs/px4_msgs/msg/detail/fixed_wing_longitudinal_setpoint__type_support.h\n'}
[0.835363] (px4_msgs) StdoutLine: {'line': b'-- Up-to-date: /home/nicolas/ws_ros2/install/px4_msgs/include/px4_msgs/px4_msgs/msg/detail/sensor_accel__struct.h\n'}
[0.835436] (px4_msgs) StdoutLine: {'line': b'-- Up-to-date: /home/nicolas/ws_ros2/install/px4_msgs/include/px4_msgs/px4_msgs/msg/detail/internal_combustion_engine_status__struct.h\n'}
[0.835477] (px4_msgs) StdoutLine: {'line': b'-- Up-to-date: /home/nicolas/ws_ros2/install/px4_msgs/include/px4_msgs/px4_msgs/msg/detail/fixed_wing_runway_control__struct.h\n'}
[0.835514] (px4_msgs) StdoutLine: {'line': b'-- Up-to-date: /home/nicolas/ws_ros2/install/px4_msgs/include/px4_msgs/px4_msgs/msg/detail/magnetometer_bias_estimate__type_support.h\n'}
[0.835550] (px4_msgs) StdoutLine: {'line': b'-- Up-to-date: /home/nicolas/ws_ros2/install/px4_msgs/include/px4_msgs/px4_msgs/msg/detail/rover_rate_status__type_support.h\n'}
[0.835585] (px4_msgs) StdoutLine: {'line': b'-- Up-to-date: /home/nicolas/ws_ros2/install/px4_msgs/include/px4_msgs/px4_msgs/msg/detail/yaw_estimator_status__functions.h\n'}
[0.835620] (px4_msgs) StdoutLine: {'line': b'-- Up-to-date: /home/nicolas/ws_ros2/install/px4_msgs/include/px4_msgs/px4_msgs/msg/detail/landing_gear_wheel__functions.h\n'}
[0.835654] (px4_msgs) StdoutLine: {'line': b'-- Up-to-date: /home/nicolas/ws_ros2/install/px4_msgs/include/px4_msgs/px4_msgs/msg/detail/event__functions.c\n'}
[0.835697] (px4_msgs) StdoutLine: {'line': b'-- Up-to-date: /home/nicolas/ws_ros2/install/px4_msgs/include/px4_msgs/px4_msgs/msg/detail/logger_status__struct.h\n'}
[0.835733] (px4_msgs) StdoutLine: {'line': b'-- Up-to-date: /home/nicolas/ws_ros2/install/px4_msgs/include/px4_msgs/px4_msgs/msg/detail/sensor_baro__functions.h\n'}
[0.835767] (px4_msgs) StdoutLine: {'line': b'-- Up-to-date: /home/nicolas/ws_ros2/install/px4_msgs/include/px4_msgs/px4_msgs/msg/detail/camera_status__struct.h\n'}
[0.835801] (px4_msgs) StdoutLine: {'line': b'-- Up-to-date: /home/nicolas/ws_ros2/install/px4_msgs/include/px4_msgs/px4_msgs/msg/gpio_in.h\n'}
[0.835835] (px4_msgs) StdoutLine: {'line': b'-- Up-to-date: /home/nicolas/ws_ros2/install/px4_msgs/include/px4_msgs/px4_msgs/msg/internal_combustion_engine_status.h\n'}
[0.835869] (px4_msgs) StdoutLine: {'line': b'-- Up-to-date: /home/nicolas/ws_ros2/install/px4_msgs/include/px4_msgs/px4_msgs/msg/normalized_unsigned_setpoint.h\n'}
[0.835903] (px4_msgs) StdoutLine: {'line': b'-- Up-to-date: /home/nicolas/ws_ros2/install/px4_msgs/include/px4_msgs/px4_msgs/msg/vehicle_air_data.h\n'}
[0.835937] (px4_msgs) StdoutLine: {'line': b'-- Up-to-date: /home/nicolas/ws_ros2/install/px4_msgs/include/px4_msgs/px4_msgs/msg/sensor_gyro.h\n'}
[0.835977] (px4_msgs) StdoutLine: {'line': b'-- Up-to-date: /home/nicolas/ws_ros2/install/px4_msgs/include/px4_msgs/px4_msgs/msg/rc_channels.h\n'}
[0.836011] (px4_msgs) StdoutLine: {'line': b'-- Up-to-date: /home/nicolas/ws_ros2/install/px4_msgs/include/px4_msgs/px4_msgs/msg/rover_rate_setpoint.h\n'}
[0.836045] (px4_msgs) StdoutLine: {'line': b'-- Up-to-date: /home/nicolas/ws_ros2/install/px4_msgs/include/px4_msgs/px4_msgs/msg/failure_detector_status.h\n'}
[0.836079] (px4_msgs) StdoutLine: {'line': b'-- Up-to-date: /home/nicolas/ws_ros2/install/px4_msgs/include/px4_msgs/px4_msgs/msg/vehicle_command_ack.h\n'}
[0.836114] (px4_msgs) StdoutLine: {'line': b'-- Up-to-date: /home/nicolas/ws_ros2/install/px4_msgs/include/px4_msgs/px4_msgs/msg/adc_report.h\n'}
[0.836149] (px4_msgs) StdoutLine: {'line': b'-- Up-to-date: /home/nicolas/ws_ros2/install/px4_msgs/include/px4_msgs/px4_msgs/msg/vehicle_local_position_setpoint.h\n'}
[0.836182] (px4_msgs) StdoutLine: {'line': b'-- Up-to-date: /home/nicolas/ws_ros2/install/px4_msgs/include/px4_msgs/px4_msgs/msg/estimator_selector_status.h\n'}
[0.836216] (px4_msgs) StdoutLine: {'line': b'-- Up-to-date: /home/nicolas/ws_ros2/install/px4_msgs/include/px4_msgs/px4_msgs/msg/irlock_report.h\n'}
[0.836251] (px4_msgs) StdoutLine: {'line': b'-- Up-to-date: /home/nicolas/ws_ros2/install/px4_msgs/include/px4_msgs/px4_msgs/msg/obstacle_distance.h\n'}
[0.836285] (px4_msgs) StdoutLine: {'line': b'-- Up-to-date: /home/nicolas/ws_ros2/install/px4_msgs/include/px4_msgs/px4_msgs/msg/vehicle_rates_setpoint.h\n'}
[0.836318] (px4_msgs) StdoutLine: {'line': b'-- Up-to-date: /home/nicolas/ws_ros2/install/px4_msgs/include/px4_msgs/px4_msgs/msg/airspeed_wind.h\n'}
[0.836352] (px4_msgs) StdoutLine: {'line': b'-- Up-to-date: /home/nicolas/ws_ros2/install/px4_msgs/include/px4_msgs/px4_msgs/msg/uavcan_parameter_request.h\n'}
[0.836386] (px4_msgs) StdoutLine: {'line': b'-- Up-to-date: /home/nicolas/ws_ros2/install/px4_msgs/include/px4_msgs/px4_msgs/msg/rover_attitude_status.h\n'}
[0.836419] (px4_msgs) StdoutLine: {'line': b'-- Up-to-date: /home/nicolas/ws_ros2/install/px4_msgs/include/px4_msgs/px4_msgs/msg/geofence_result.h\n'}
[0.836451] (px4_msgs) StdoutLine: {'line': b'-- Up-to-date: /home/nicolas/ws_ros2/install/px4_msgs/include/px4_msgs/px4_msgs/msg/actuator_servos_trim.h\n'}
[0.836484] (px4_msgs) StdoutLine: {'line': b'-- Up-to-date: /home/nicolas/ws_ros2/install/px4_msgs/include/px4_msgs/px4_msgs/msg/vehicle_thrust_setpoint.h\n'}
[0.836517] (px4_msgs) StdoutLine: {'line': b'-- Up-to-date: /home/nicolas/ws_ros2/install/px4_msgs/include/px4_msgs/px4_msgs/msg/launch_detection_status.h\n'}
[0.836549] (px4_msgs) StdoutLine: {'line': b'-- Up-to-date: /home/nicolas/ws_ros2/install/px4_msgs/include/px4_msgs/px4_msgs/msg/landing_target_innovations.h\n'}
[0.836583] (px4_msgs) StdoutLine: {'line': b'-- Up-to-date: /home/nicolas/ws_ros2/install/px4_msgs/include/px4_msgs/px4_msgs/msg/rover_speed_status.h\n'}
[0.836620] (px4_msgs) StdoutLine: {'line': b'-- Up-to-date: /home/nicolas/ws_ros2/install/px4_msgs/include/px4_msgs/px4_msgs/msg/timesync_status.h\n'}
[0.836653] (px4_msgs) StdoutLine: {'line': b'-- Up-to-date: /home/nicolas/ws_ros2/install/px4_msgs/include/px4_msgs/px4_msgs/msg/health_report.h\n'}
[0.836690] (px4_msgs) StdoutLine: {'line': b'-- Up-to-date: /home/nicolas/ws_ros2/install/px4_msgs/include/px4_msgs/px4_msgs/msg/parameter_set_value_response.h\n'}
[0.836727] (px4_msgs) StdoutLine: {'line': b'-- Up-to-date: /home/nicolas/ws_ros2/install/px4_msgs/include/px4_msgs/px4_msgs/msg/rover_position_setpoint.h\n'}
[0.836761] (px4_msgs) StdoutLine: {'line': b'-- Up-to-date: /home/nicolas/ws_ros2/install/px4_msgs/include/px4_msgs/px4_msgs/msg/vehicle_status.h\n'}
[0.836794] (px4_msgs) StdoutLine: {'line': b'-- Up-to-date: /home/nicolas/ws_ros2/install/px4_msgs/include/px4_msgs/px4_msgs/msg/qshell_retval.h\n'}
[0.836826] (px4_msgs) StdoutLine: {'line': b'-- Up-to-date: /home/nicolas/ws_ros2/install/px4_msgs/include/px4_msgs/px4_msgs/msg/ping.h\n'}
[0.836860] (px4_msgs) StdoutLine: {'line': b'-- Up-to-date: /home/nicolas/ws_ros2/install/px4_msgs/include/px4_msgs/px4_msgs/msg/camera_trigger.h\n'}
[0.836895] (px4_msgs) StdoutLine: {'line': b'-- Up-to-date: /home/nicolas/ws_ros2/install/px4_msgs/include/px4_msgs/px4_msgs/msg/longitudinal_control_configuration.h\n'}
[0.836928] (px4_msgs) StdoutLine: {'line': b'-- Up-to-date: /home/nicolas/ws_ros2/install/px4_msgs/include/px4_msgs/px4_msgs/msg/figure_eight_status.h\n'}
[0.836963] (px4_msgs) StdoutLine: {'line': b'-- Up-to-date: /home/nicolas/ws_ros2/install/px4_msgs/include/px4_msgs/px4_msgs/msg/trajectory_setpoint6dof.h\n'}
[0.836999] (px4_msgs) StdoutLine: {'line': b'-- Up-to-date: /home/nicolas/ws_ros2/install/px4_msgs/include/px4_msgs/px4_msgs/msg/arming_check_request.h\n'}
[0.837033] (px4_msgs) StdoutLine: {'line': b'-- Up-to-date: /home/nicolas/ws_ros2/install/px4_msgs/include/px4_msgs/px4_msgs/msg/sensor_selection.h\n'}
[0.837065] (px4_msgs) StdoutLine: {'line': b'-- Up-to-date: /home/nicolas/ws_ros2/install/px4_msgs/include/px4_msgs/px4_msgs/msg/gimbal_device_information.h\n'}
[0.837098] (px4_msgs) StdoutLine: {'line': b'-- Up-to-date: /home/nicolas/ws_ros2/install/px4_msgs/include/px4_msgs/px4_msgs/msg/tecs_status.h\n'}
[0.837132] (px4_msgs) StdoutLine: {'line': b'-- Up-to-date: /home/nicolas/ws_ros2/install/px4_msgs/include/px4_msgs/px4_msgs/msg/position_controller_status.h\n'}
[0.837165] (px4_msgs) StdoutLine: {'line': b'-- Up-to-date: /home/nicolas/ws_ros2/install/px4_msgs/include/px4_msgs/px4_msgs/msg/takeoff_status.h\n'}
[0.837198] (px4_msgs) StdoutLine: {'line': b'-- Up-to-date: /home/nicolas/ws_ros2/install/px4_msgs/include/px4_msgs/px4_msgs/msg/gimbal_device_attitude_status.h\n'}
[0.837232] (px4_msgs) StdoutLine: {'line': b'-- Up-to-date: /home/nicolas/ws_ros2/install/px4_msgs/include/px4_msgs/px4_msgs/msg/vehicle_optical_flow_vel.h\n'}
[0.837264] (px4_msgs) StdoutLine: {'line': b'-- Up-to-date: /home/nicolas/ws_ros2/install/px4_msgs/include/px4_msgs/px4_msgs/msg/vehicle_magnetometer.h\n'}
[0.837304] (px4_msgs) StdoutLine: {'line': b'-- Up-to-date: /home/nicolas/ws_ros2/install/px4_msgs/include/px4_msgs/px4_msgs/msg/task_stack_info.h\n'}
[0.837337] (px4_msgs) StdoutLine: {'line': b'-- Up-to-date: /home/nicolas/ws_ros2/install/px4_msgs/include/px4_msgs/px4_msgs/msg/config_overrides.h\n'}
[0.837370] (px4_msgs) StdoutLine: {'line': b'-- Up-to-date: /home/nicolas/ws_ros2/install/px4_msgs/include/px4_msgs/px4_msgs/msg/rover_speed_setpoint.h\n'}
[0.837402] (px4_msgs) StdoutLine: {'line': b'-- Up-to-date: /home/nicolas/ws_ros2/install/px4_msgs/include/px4_msgs/px4_msgs/msg/tiltrotor_extra_controls.h\n'}
[0.837437] (px4_msgs) StdoutLine: {'line': b'-- Up-to-date: /home/nicolas/ws_ros2/install/px4_msgs/include/px4_msgs/px4_msgs/msg/vehicle_roi.h\n'}
[0.837470] (px4_msgs) StdoutLine: {'line': b'-- Up-to-date: /home/nicolas/ws_ros2/install/px4_msgs/include/px4_msgs/px4_msgs/msg/actuator_servos.h\n'}
[0.837503] (px4_msgs) StdoutLine: {'line': b'-- Up-to-date: /home/nicolas/ws_ros2/install/px4_msgs/include/px4_msgs/px4_msgs/msg/button_event.h\n'}
[0.837535] (px4_msgs) StdoutLine: {'line': b'-- Up-to-date: /home/nicolas/ws_ros2/install/px4_msgs/include/px4_msgs/px4_msgs/msg/gpio_config.h\n'}
[0.837566] (px4_msgs) StdoutLine: {'line': b'-- Up-to-date: /home/nicolas/ws_ros2/install/px4_msgs/include/px4_msgs/px4_msgs/msg/orb_test_large.h\n'}
[0.837598] (px4_msgs) StdoutLine: {'line': b'-- Up-to-date: /home/nicolas/ws_ros2/install/px4_msgs/include/px4_msgs/px4_msgs/msg/sensor_baro.h\n'}
[0.837631] (px4_msgs) StdoutLine: {'line': b'-- Up-to-date: /home/nicolas/ws_ros2/install/px4_msgs/include/px4_msgs/px4_msgs/msg/satellite_info.h\n'}
[0.837664] (px4_msgs) StdoutLine: {'line': b'-- Up-to-date: /home/nicolas/ws_ros2/install/px4_msgs/include/px4_msgs/px4_msgs/msg/estimator_bias.h\n'}
[0.837702] (px4_msgs) StdoutLine: {'line': b'-- Up-to-date: /home/nicolas/ws_ros2/install/px4_msgs/include/px4_msgs/px4_msgs/msg/open_drone_id_system.h\n'}
[0.837738] (px4_msgs) StdoutLine: {'line': b'-- Up-to-date: /home/nicolas/ws_ros2/install/px4_msgs/include/px4_msgs/px4_msgs/msg/register_ext_component_reply.h\n'}
[0.837771] (px4_msgs) StdoutLine: {'line': b'-- Up-to-date: /home/nicolas/ws_ros2/install/px4_msgs/include/px4_msgs/px4_msgs/msg/rosidl_generator_c__visibility_control.h\n'}
[0.837805] (px4_msgs) StdoutLine: {'line': b'-- Up-to-date: /home/nicolas/ws_ros2/install/px4_msgs/include/px4_msgs/px4_msgs/msg/fixed_wing_runway_control.h\n'}
[0.837841] (px4_msgs) StdoutLine: {'line': b'-- Up-to-date: /home/nicolas/ws_ros2/install/px4_msgs/include/px4_msgs/px4_msgs/msg/sensor_airflow.h\n'}
[0.837874] (px4_msgs) StdoutLine: {'line': b'-- Up-to-date: /home/nicolas/ws_ros2/install/px4_msgs/include/px4_msgs/px4_msgs/msg/sensor_preflight_mag.h\n'}
[0.837909] (px4_msgs) StdoutLine: {'line': b'-- Up-to-date: /home/nicolas/ws_ros2/install/px4_msgs/include/px4_msgs/px4_msgs/msg/estimator_states.h\n'}
[0.837943] (px4_msgs) StdoutLine: {'line': b'-- Up-to-date: /home/nicolas/ws_ros2/install/px4_msgs/include/px4_msgs/px4_msgs/msg/autotune_attitude_control_status.h\n'}
[0.837978] (px4_msgs) StdoutLine: {'line': b'-- Up-to-date: /home/nicolas/ws_ros2/install/px4_msgs/include/px4_msgs/px4_msgs/msg/uavcan_parameter_value.h\n'}
[0.838012] (px4_msgs) StdoutLine: {'line': b'-- Up-to-date: /home/nicolas/ws_ros2/install/px4_msgs/include/px4_msgs/px4_msgs/msg/vehicle_angular_velocity.h\n'}
[0.838044] (px4_msgs) StdoutLine: {'line': b'-- Up-to-date: /home/nicolas/ws_ros2/install/px4_msgs/include/px4_msgs/px4_msgs/msg/sensor_accel_fifo.h\n'}
[0.838077] (px4_msgs) StdoutLine: {'line': b'-- Up-to-date: /home/nicolas/ws_ros2/install/px4_msgs/include/px4_msgs/px4_msgs/msg/navigator_mission_item.h\n'}
[0.838111] (px4_msgs) StdoutLine: {'line': b'-- Up-to-date: /home/nicolas/ws_ros2/install/px4_msgs/include/px4_msgs/px4_msgs/msg/rover_attitude_setpoint.h\n'}
[0.838144] (px4_msgs) StdoutLine: {'line': b'-- Up-to-date: /home/nicolas/ws_ros2/install/px4_msgs/include/px4_msgs/px4_msgs/msg/estimator_bias3d.h\n'}
[0.838176] (px4_msgs) StdoutLine: {'line': b'-- Up-to-date: /home/nicolas/ws_ros2/install/px4_msgs/include/px4_msgs/px4_msgs/msg/logger_status.h\n'}
[0.838209] (px4_msgs) StdoutLine: {'line': b'-- Up-to-date: /home/nicolas/ws_ros2/install/px4_msgs/include/px4_msgs/px4_msgs/msg/estimator_aid_source2d.h\n'}
[0.838242] (px4_msgs) StdoutLine: {'line': b'-- Up-to-date: /home/nicolas/ws_ros2/install/px4_msgs/include/px4_msgs/px4_msgs/msg/cpuload.h\n'}
[0.838274] (px4_msgs) StdoutLine: {'line': b'-- Up-to-date: /home/nicolas/ws_ros2/install/px4_msgs/include/px4_msgs/px4_msgs/msg/sensor_gps.h\n'}
[0.838308] (px4_msgs) StdoutLine: {'line': b'-- Up-to-date: /home/nicolas/ws_ros2/install/px4_msgs/include/px4_msgs/px4_msgs/msg/trajectory_setpoint.h\n'}
[0.838343] (px4_msgs) StdoutLine: {'line': b'-- Up-to-date: /home/nicolas/ws_ros2/install/px4_msgs/include/px4_msgs/px4_msgs/msg/follow_target_estimator.h\n'}
[0.838381] (px4_msgs) StdoutLine: {'line': b'-- Up-to-date: /home/nicolas/ws_ros2/install/px4_msgs/include/px4_msgs/px4_msgs/msg/estimator_innovations.h\n'}
[0.838418] (px4_msgs) StdoutLine: {'line': b'-- Up-to-date: /home/nicolas/ws_ros2/install/px4_msgs/include/px4_msgs/px4_msgs/msg/debug_vect.h\n'}
[0.838453] (px4_msgs) StdoutLine: {'line': b'-- Up-to-date: /home/nicolas/ws_ros2/install/px4_msgs/include/px4_msgs/px4_msgs/msg/pure_pursuit_status.h\n'}
[0.838487] (px4_msgs) StdoutLine: {'line': b'-- Up-to-date: /home/nicolas/ws_ros2/install/px4_msgs/include/px4_msgs/px4_msgs/msg/estimator_event_flags.h\n'}
[0.838523] (px4_msgs) StdoutLine: {'line': b'-- Up-to-date: /home/nicolas/ws_ros2/install/px4_msgs/include/px4_msgs/px4_msgs/msg/sensor_gyro_fifo.h\n'}
[0.838557] (px4_msgs) StdoutLine: {'line': b'-- Up-to-date: /home/nicolas/ws_ros2/install/px4_msgs/include/px4_msgs/px4_msgs/msg/parameter_set_value_request.h\n'}
[0.838591] (px4_msgs) StdoutLine: {'line': b'-- Up-to-date: /home/nicolas/ws_ros2/install/px4_msgs/include/px4_msgs/px4_msgs/msg/rpm.h\n'}
[0.838633] (px4_msgs) StdoutLine: {'line': b'-- Up-to-date: /home/nicolas/ws_ros2/install/px4_msgs/include/px4_msgs/px4_msgs/msg/fixed_wing_lateral_setpoint.h\n'}
[0.838666] (px4_msgs) StdoutLine: {'line': b'-- Up-to-date: /home/nicolas/ws_ros2/install/px4_msgs/include/px4_msgs/px4_msgs/msg/geofence_status.h\n'}
[0.838706] (px4_msgs) StdoutLine: {'line': b'-- Up-to-date: /home/nicolas/ws_ros2/install/px4_msgs/include/px4_msgs/px4_msgs/msg/estimator_gps_status.h\n'}
[0.838739] (px4_msgs) StdoutLine: {'line': b'-- Up-to-date: /home/nicolas/ws_ros2/install/px4_msgs/include/px4_msgs/px4_msgs/msg/actuator_test.h\n'}
[0.838772] (px4_msgs) StdoutLine: {'line': b'-- Up-to-date: /home/nicolas/ws_ros2/install/px4_msgs/include/px4_msgs/px4_msgs/msg/landing_target_pose.h\n'}
[0.838816] (px4_msgs) StdoutLine: {'line': b'-- Up-to-date: /home/nicolas/ws_ros2/install/px4_msgs/include/px4_msgs/px4_msgs/msg/gripper.h\n'}
[0.838850] (px4_msgs) StdoutLine: {'line': b'-- Up-to-date: /home/nicolas/ws_ros2/install/px4_msgs/include/px4_msgs/px4_msgs/msg/gimbal_manager_set_attitude.h\n'}
[0.838883] (px4_msgs) StdoutLine: {'line': b'-- Up-to-date: /home/nicolas/ws_ros2/install/px4_msgs/include/px4_msgs/px4_msgs/msg/lateral_control_configuration.h\n'}
[0.838917] (px4_msgs) StdoutLine: {'line': b'-- Up-to-date: /home/nicolas/ws_ros2/install/px4_msgs/include/px4_msgs/px4_msgs/msg/transponder_report.h\n'}
[0.838951] (px4_msgs) StdoutLine: {'line': b'-- Up-to-date: /home/nicolas/ws_ros2/install/px4_msgs/include/px4_msgs/px4_msgs/msg/iridiumsbd_status.h\n'}
[0.838983] (px4_msgs) StdoutLine: {'line': b'-- Up-to-date: /home/nicolas/ws_ros2/install/px4_msgs/include/px4_msgs/px4_msgs/msg/tune_control.h\n'}
[0.839017] (px4_msgs) StdoutLine: {'line': b'-- Up-to-date: /home/nicolas/ws_ros2/install/px4_msgs/include/px4_msgs/px4_msgs/msg/velocity_limits.h\n'}
[0.839050] (px4_msgs) StdoutLine: {'line': b'-- Up-to-date: /home/nicolas/ws_ros2/install/px4_msgs/include/px4_msgs/px4_msgs/msg/internal_combustion_engine_control.h\n'}
[0.839087] (px4_msgs) StdoutLine: {'line': b'-- Up-to-date: /home/nicolas/ws_ros2/install/px4_msgs/include/px4_msgs/px4_msgs/msg/led_control.h\n'}
[0.839121] (px4_msgs) StdoutLine: {'line': b'-- Up-to-date: /home/nicolas/ws_ros2/install/px4_msgs/include/px4_msgs/px4_msgs/msg/vehicle_acceleration.h\n'}
[0.839153] (px4_msgs) StdoutLine: {'line': b'-- Up-to-date: /home/nicolas/ws_ros2/install/px4_msgs/include/px4_msgs/px4_msgs/msg/sensor_correction.h\n'}
[0.839187] (px4_msgs) StdoutLine: {'line': b'-- Up-to-date: /home/nicolas/ws_ros2/install/px4_msgs/include/px4_msgs/px4_msgs/msg/power_monitor.h\n'}
[0.839220] (px4_msgs) StdoutLine: {'line': b'-- Up-to-date: /home/nicolas/ws_ros2/install/px4_msgs/include/px4_msgs/px4_msgs/msg/vehicle_odometry.h\n'}
[0.839254] (px4_msgs) StdoutLine: {'line': b'-- Up-to-date: /home/nicolas/ws_ros2/install/px4_msgs/include/px4_msgs/px4_msgs/msg/esc_report.h\n'}
[0.839288] (px4_msgs) StdoutLine: {'line': b'-- Up-to-date: /home/nicolas/ws_ros2/install/px4_msgs/include/px4_msgs/px4_msgs/msg/log_message.h\n'}
[0.839322] (px4_msgs) StdoutLine: {'line': b'-- Up-to-date: /home/nicolas/ws_ros2/install/px4_msgs/include/px4_msgs/px4_msgs/msg/gimbal_controls.h\n'}
[0.839355] (px4_msgs) StdoutLine: {'line': b'-- Up-to-date: /home/nicolas/ws_ros2/install/px4_msgs/include/px4_msgs/px4_msgs/msg/failsafe_flags.h\n'}
[0.839388] (px4_msgs) StdoutLine: {'line': b'-- Up-to-date: /home/nicolas/ws_ros2/install/px4_msgs/include/px4_msgs/px4_msgs/msg/rtl_status.h\n'}
[0.839420] (px4_msgs) StdoutLine: {'line': b'-- Up-to-date: /home/nicolas/ws_ros2/install/px4_msgs/include/px4_msgs/px4_msgs/msg/sensor_combined.h\n'}
[0.839453] (px4_msgs) StdoutLine: {'line': b'-- Up-to-date: /home/nicolas/ws_ros2/install/px4_msgs/include/px4_msgs/px4_msgs/msg/magnetometer_bias_estimate.h\n'}
[0.839486] (px4_msgs) StdoutLine: {'line': b'-- Up-to-date: /home/nicolas/ws_ros2/install/px4_msgs/include/px4_msgs/px4_msgs/msg/action_request.h\n'}
[0.839519] (px4_msgs) StdoutLine: {'line': b'-- Up-to-date: /home/nicolas/ws_ros2/install/px4_msgs/include/px4_msgs/px4_msgs/msg/flight_phase_estimation.h\n'}
[0.839554] (px4_msgs) StdoutLine: {'line': b'-- Up-to-date: /home/nicolas/ws_ros2/install/px4_msgs/include/px4_msgs/px4_msgs/msg/open_drone_id_operator_id.h\n'}
[0.839587] (px4_msgs) StdoutLine: {'line': b'-- Up-to-date: /home/nicolas/ws_ros2/install/px4_msgs/include/px4_msgs/px4_msgs/msg/landing_gear_wheel.h\n'}
[0.839622] (px4_msgs) StdoutLine: {'line': b'-- Up-to-date: /home/nicolas/ws_ros2/install/px4_msgs/include/px4_msgs/px4_msgs/msg/orb_test_medium.h\n'}
[0.839655] (px4_msgs) StdoutLine: {'line': b'-- Up-to-date: /home/nicolas/ws_ros2/install/px4_msgs/include/px4_msgs/px4_msgs/msg/dronecan_node_status.h\n'}
[0.839695] (px4_msgs) StdoutLine: {'line': b'-- Up-to-date: /home/nicolas/ws_ros2/install/px4_msgs/include/px4_msgs/px4_msgs/msg/actuator_motors.h\n'}
[0.839735] (px4_msgs) StdoutLine: {'line': b'-- Up-to-date: /home/nicolas/ws_ros2/install/px4_msgs/include/px4_msgs/px4_msgs/msg/ulog_stream_ack.h\n'}
[0.839770] (px4_msgs) StdoutLine: {'line': b'-- Up-to-date: /home/nicolas/ws_ros2/install/px4_msgs/include/px4_msgs/px4_msgs/msg/gps_dump.h\n'}
[0.839806] (px4_msgs) StdoutLine: {'line': b'-- Up-to-date: /home/nicolas/ws_ros2/install/px4_msgs/include/px4_msgs/px4_msgs/msg/vehicle_local_position.h\n'}
[0.839852] (px4_msgs) StdoutLine: {'line': b'-- Up-to-date: /home/nicolas/ws_ros2/install/px4_msgs/include/px4_msgs/px4_msgs/msg/open_drone_id_self_id.h\n'}
[0.839887] (px4_msgs) StdoutLine: {'line': b'-- Up-to-date: /home/nicolas/ws_ros2/install/px4_msgs/include/px4_msgs/px4_msgs/msg/rtl_time_estimate.h\n'}
[0.839920] (px4_msgs) StdoutLine: {'line': b'-- Up-to-date: /home/nicolas/ws_ros2/install/px4_msgs/include/px4_msgs/px4_msgs/msg/open_drone_id_arm_status.h\n'}
[0.839954] (px4_msgs) StdoutLine: {'line': b'-- Up-to-date: /home/nicolas/ws_ros2/install/px4_msgs/include/px4_msgs/px4_msgs/msg/gimbal_manager_information.h\n'}
[0.839994] (px4_msgs) StdoutLine: {'line': b'-- Up-to-date: /home/nicolas/ws_ros2/install/px4_msgs/include/px4_msgs/px4_msgs/msg/event.h\n'}
[0.840028] (px4_msgs) StdoutLine: {'line': b'-- Up-to-date: /home/nicolas/ws_ros2/install/px4_msgs/include/px4_msgs/px4_msgs/msg/vehicle_attitude_setpoint.h\n'}
[0.840062] (px4_msgs) StdoutLine: {'line': b'-- Up-to-date: /home/nicolas/ws_ros2/install/px4_msgs/include/px4_msgs/px4_msgs/msg/camera_capture.h\n'}
[0.840095] (px4_msgs) StdoutLine: {'line': b'-- Up-to-date: /home/nicolas/ws_ros2/install/px4_msgs/include/px4_msgs/px4_msgs/msg/position_setpoint_triplet.h\n'}
[0.840128] (px4_msgs) StdoutLine: {'line': b'-- Up-to-date: /home/nicolas/ws_ros2/install/px4_msgs/include/px4_msgs/px4_msgs/msg/estimator_aid_source3d.h\n'}
[0.840162] (px4_msgs) StdoutLine: {'line': b'-- Up-to-date: /home/nicolas/ws_ros2/install/px4_msgs/include/px4_msgs/px4_msgs/msg/differential_pressure.h\n'}
[0.840197] (px4_msgs) StdoutLine: {'line': b'-- Up-to-date: /home/nicolas/ws_ros2/install/px4_msgs/include/px4_msgs/px4_msgs/msg/collision_constraints.h\n'}
[0.840231] (px4_msgs) StdoutLine: {'line': b'-- Up-to-date: /home/nicolas/ws_ros2/install/px4_msgs/include/px4_msgs/px4_msgs/msg/camera_status.h\n'}
[0.840266] (px4_msgs) StdoutLine: {'line': b'-- Up-to-date: /home/nicolas/ws_ros2/install/px4_msgs/include/px4_msgs/px4_msgs/msg/parameter_update.h\n'}
[0.840300] (px4_msgs) StdoutLine: {'line': b'-- Up-to-date: /home/nicolas/ws_ros2/install/px4_msgs/include/px4_msgs/px4_msgs/msg/vehicle_command.h\n'}
[0.840336] (px4_msgs) StdoutLine: {'line': b'-- Up-to-date: /home/nicolas/ws_ros2/install/px4_msgs/include/px4_msgs/px4_msgs/msg/heater_status.h\n'}
[0.840370] (px4_msgs) StdoutLine: {'line': b'-- Up-to-date: /home/nicolas/ws_ros2/install/px4_msgs/include/px4_msgs/px4_msgs/msg/vehicle_imu_status.h\n'}
[0.840402] (px4_msgs) StdoutLine: {'line': b'-- Up-to-date: /home/nicolas/ws_ros2/install/px4_msgs/include/px4_msgs/px4_msgs/msg/estimator_status_flags.h\n'}
[0.840436] (px4_msgs) StdoutLine: {'line': b'-- Up-to-date: /home/nicolas/ws_ros2/install/px4_msgs/include/px4_msgs/px4_msgs/msg/fixed_wing_lateral_status.h\n'}
[0.840469] (px4_msgs) StdoutLine: {'line': b'-- Up-to-date: /home/nicolas/ws_ros2/install/px4_msgs/include/px4_msgs/px4_msgs/msg/yaw_estimator_status.h\n'}
[0.840502] (px4_msgs) StdoutLine: {'line': b'-- Up-to-date: /home/nicolas/ws_ros2/install/px4_msgs/include/px4_msgs/px4_msgs/msg/navigator_status.h\n'}
[0.840535] (px4_msgs) StdoutLine: {'line': b'-- Up-to-date: /home/nicolas/ws_ros2/install/px4_msgs/include/px4_msgs/px4_msgs/msg/vehicle_global_position.h\n'}
[0.840567] (px4_msgs) StdoutLine: {'line': b'-- Up-to-date: /home/nicolas/ws_ros2/install/px4_msgs/include/px4_msgs/px4_msgs/msg/estimator_sensor_bias.h\n'}
[0.840601] (px4_msgs) StdoutLine: {'line': b'-- Up-to-date: /home/nicolas/ws_ros2/install/px4_msgs/include/px4_msgs/px4_msgs/msg/sensors_status_imu.h\n'}
[0.840637] (px4_msgs) StdoutLine: {'line': b'-- Up-to-date: /home/nicolas/ws_ros2/install/px4_msgs/include/px4_msgs/px4_msgs/msg/message_format_request.h\n'}
[0.840671] (px4_msgs) StdoutLine: {'line': b'-- Up-to-date: /home/nicolas/ws_ros2/install/px4_msgs/include/px4_msgs/px4_msgs/msg/sensor_uwb.h\n'}
[0.840710] (px4_msgs) StdoutLine: {'line': b'-- Up-to-date: /home/nicolas/ws_ros2/install/px4_msgs/include/px4_msgs/px4_msgs/msg/register_ext_component_request.h\n'}
[0.840745] (px4_msgs) StdoutLine: {'line': b'-- Up-to-date: /home/nicolas/ws_ros2/install/px4_msgs/include/px4_msgs/px4_msgs/msg/airspeed_validated.h\n'}
[0.840779] (px4_msgs) StdoutLine: {'line': b'-- Up-to-date: /home/nicolas/ws_ros2/install/px4_msgs/include/px4_msgs/px4_msgs/msg/sensor_mag.h\n'}
[0.840811] (px4_msgs) StdoutLine: {'line': b'-- Up-to-date: /home/nicolas/ws_ros2/install/px4_msgs/include/px4_msgs/px4_msgs/msg/generator_status.h\n'}
[0.840844] (px4_msgs) StdoutLine: {'line': b'-- Up-to-date: /home/nicolas/ws_ros2/install/px4_msgs/include/px4_msgs/px4_msgs/msg/mode_completed.h\n'}
[0.840877] (px4_msgs) StdoutLine: {'line': b'-- Up-to-date: /home/nicolas/ws_ros2/install/px4_msgs/include/px4_msgs/px4_msgs/msg/wheel_encoders.h\n'}
[0.840909] (px4_msgs) StdoutLine: {'line': b'-- Up-to-date: /home/nicolas/ws_ros2/install/px4_msgs/include/px4_msgs/px4_msgs/msg/ekf2_timestamps.h\n'}
[0.840942] (px4_msgs) StdoutLine: {'line': b'-- Up-to-date: /home/nicolas/ws_ros2/install/px4_msgs/include/px4_msgs/px4_msgs/msg/arming_check_reply.h\n'}
[0.840975] (px4_msgs) StdoutLine: {'line': b'-- Up-to-date: /home/nicolas/ws_ros2/install/px4_msgs/include/px4_msgs/px4_msgs/msg/mavlink_tunnel.h\n'}
[0.841008] (px4_msgs) StdoutLine: {'line': b'-- Up-to-date: /home/nicolas/ws_ros2/install/px4_msgs/include/px4_msgs/px4_msgs/msg/hover_thrust_estimate.h\n'}
[0.841041] (px4_msgs) StdoutLine: {'line': b'-- Up-to-date: /home/nicolas/ws_ros2/install/px4_msgs/share/px4_msgs/environment/library_path.sh\n'}
[0.841074] (px4_msgs) StdoutLine: {'line': b'-- Up-to-date: /home/nicolas/ws_ros2/install/px4_msgs/share/px4_msgs/environment/library_path.dsv\n'}
[0.841108] (px4_msgs) StdoutLine: {'line': b'-- Up-to-date: /home/nicolas/ws_ros2/install/px4_msgs/lib/libpx4_msgs__rosidl_generator_c.so\n'}
[0.841140] (px4_msgs) StdoutLine: {'line': b'-- Up-to-date: /home/nicolas/ws_ros2/install/px4_msgs/include/px4_msgs/px4_msgs\n'}
[0.841173] (px4_msgs) StdoutLine: {'line': b'-- Up-to-date: /home/nicolas/ws_ros2/install/px4_msgs/include/px4_msgs/px4_msgs/srv\n'}
[0.841206] (px4_msgs) StdoutLine: {'line': b'-- Up-to-date: /home/nicolas/ws_ros2/install/px4_msgs/include/px4_msgs/px4_msgs/srv/detail\n'}
[0.841239] (px4_msgs) StdoutLine: {'line': b'-- Up-to-date: /home/nicolas/ws_ros2/install/px4_msgs/include/px4_msgs/px4_msgs/srv/detail/vehicle_command__rosidl_typesupport_fastrtps_c.h\n'}
[0.841273] (px4_msgs) StdoutLine: {'line': b'-- Up-to-date: /home/nicolas/ws_ros2/install/px4_msgs/include/px4_msgs/px4_msgs/msg\n'}
[0.841306] (px4_msgs) StdoutLine: {'line': b'-- Up-to-date: /home/nicolas/ws_ros2/install/px4_msgs/include/px4_msgs/px4_msgs/msg/detail\n'}
[0.841346] (px4_msgs) StdoutLine: {'line': b'-- Up-to-date: /home/nicolas/ws_ros2/install/px4_msgs/include/px4_msgs/px4_msgs/msg/detail/onboard_computer_status__rosidl_typesupport_fastrtps_c.h\n'}
[0.841380] (px4_msgs) StdoutLine: {'line': b'-- Up-to-date: /home/nicolas/ws_ros2/install/px4_msgs/include/px4_msgs/px4_msgs/msg/detail/gpio_out__rosidl_typesupport_fastrtps_c.h\n'}
[0.841415] (px4_msgs) StdoutLine: {'line': b'-- Up-to-date: /home/nicolas/ws_ros2/install/px4_msgs/include/px4_msgs/px4_msgs/msg/detail/distance_sensor_mode_change_request__rosidl_typesupport_fastrtps_c.h\n'}
[0.841449] (px4_msgs) StdoutLine: {'line': b'-- Up-to-date: /home/nicolas/ws_ros2/install/px4_msgs/include/px4_msgs/px4_msgs/msg/detail/vtol_vehicle_status__rosidl_typesupport_fastrtps_c.h\n'}
[0.841483] (px4_msgs) StdoutLine: {'line': b'-- Up-to-date: /home/nicolas/ws_ros2/install/px4_msgs/include/px4_msgs/px4_msgs/msg/detail/estimator_sensor_bias__rosidl_typesupport_fastrtps_c.h\n'}
[0.841521] (px4_msgs) StdoutLine: {'line': b'-- Up-to-date: /home/nicolas/ws_ros2/install/px4_msgs/include/px4_msgs/px4_msgs/msg/detail/dataman_response__rosidl_typesupport_fastrtps_c.h\n'}
[0.841554] (px4_msgs) StdoutLine: {'line': b'-- Up-to-date: /home/nicolas/ws_ros2/install/px4_msgs/include/px4_msgs/px4_msgs/msg/detail/estimator_innovations__rosidl_typesupport_fastrtps_c.h\n'}
[0.841588] (px4_msgs) StdoutLine: {'line': b'-- Up-to-date: /home/nicolas/ws_ros2/install/px4_msgs/include/px4_msgs/px4_msgs/msg/detail/sensor_correction__rosidl_typesupport_fastrtps_c.h\n'}
[0.841621] (px4_msgs) StdoutLine: {'line': b'-- Up-to-date: /home/nicolas/ws_ros2/install/px4_msgs/include/px4_msgs/px4_msgs/msg/detail/offboard_control_mode__rosidl_typesupport_fastrtps_c.h\n'}
[0.841654] (px4_msgs) StdoutLine: {'line': b'-- Up-to-date: /home/nicolas/ws_ros2/install/px4_msgs/include/px4_msgs/px4_msgs/msg/detail/vehicle_control_mode__rosidl_typesupport_fastrtps_c.h\n'}
[0.841692] (px4_msgs) StdoutLine: {'line': b'-- Up-to-date: /home/nicolas/ws_ros2/install/px4_msgs/include/px4_msgs/px4_msgs/msg/detail/airspeed_validated__rosidl_typesupport_fastrtps_c.h\n'}
[0.841727] (px4_msgs) StdoutLine: {'line': b'-- Up-to-date: /home/nicolas/ws_ros2/install/px4_msgs/include/px4_msgs/px4_msgs/msg/detail/rover_rate_status__rosidl_typesupport_fastrtps_c.h\n'}
[0.841760] (px4_msgs) StdoutLine: {'line': b'-- Up-to-date: /home/nicolas/ws_ros2/install/px4_msgs/include/px4_msgs/px4_msgs/msg/detail/vehicle_angular_acceleration_setpoint__rosidl_typesupport_fastrtps_c.h\n'}
[0.841792] (px4_msgs) StdoutLine: {'line': b'-- Up-to-date: /home/nicolas/ws_ros2/install/px4_msgs/include/px4_msgs/px4_msgs/msg/detail/vehicle_acceleration__rosidl_typesupport_fastrtps_c.h\n'}
[0.841826] (px4_msgs) StdoutLine: {'line': b'-- Up-to-date: /home/nicolas/ws_ros2/install/px4_msgs/include/px4_msgs/px4_msgs/msg/detail/wheel_encoders__rosidl_typesupport_fastrtps_c.h\n'}
[0.841858] (px4_msgs) StdoutLine: {'line': b'-- Up-to-date: /home/nicolas/ws_ros2/install/px4_msgs/include/px4_msgs/px4_msgs/msg/detail/gimbal_manager_set_attitude__rosidl_typesupport_fastrtps_c.h\n'}
[0.841891] (px4_msgs) StdoutLine: {'line': b'-- Up-to-date: /home/nicolas/ws_ros2/install/px4_msgs/include/px4_msgs/px4_msgs/msg/detail/gpio_config__rosidl_typesupport_fastrtps_c.h\n'}
[0.841924] (px4_msgs) StdoutLine: {'line': b'-- Up-to-date: /home/nicolas/ws_ros2/install/px4_msgs/include/px4_msgs/px4_msgs/msg/detail/sensor_optical_flow__rosidl_typesupport_fastrtps_c.h\n'}
[0.841957] (px4_msgs) StdoutLine: {'line': b'-- Up-to-date: /home/nicolas/ws_ros2/install/px4_msgs/include/px4_msgs/px4_msgs/msg/detail/battery_status__rosidl_typesupport_fastrtps_c.h\n'}
[0.841989] (px4_msgs) StdoutLine: {'line': b'-- Up-to-date: /home/nicolas/ws_ros2/install/px4_msgs/include/px4_msgs/px4_msgs/msg/detail/power_button_state__rosidl_typesupport_fastrtps_c.h\n'}
[0.842022] (px4_msgs) StdoutLine: {'line': b'-- Up-to-date: /home/nicolas/ws_ros2/install/px4_msgs/include/px4_msgs/px4_msgs/msg/detail/estimator_status__rosidl_typesupport_fastrtps_c.h\n'}
[0.842054] (px4_msgs) StdoutLine: {'line': b'-- Up-to-date: /home/nicolas/ws_ros2/install/px4_msgs/include/px4_msgs/px4_msgs/msg/detail/unregister_ext_component__rosidl_typesupport_fastrtps_c.h\n'}
[0.842087] (px4_msgs) StdoutLine: {'line': b'-- Up-to-date: /home/nicolas/ws_ros2/install/px4_msgs/include/px4_msgs/px4_msgs/msg/detail/fixed_wing_lateral_status__rosidl_typesupport_fastrtps_c.h\n'}
[0.842120] (px4_msgs) StdoutLine: {'line': b'-- Up-to-date: /home/nicolas/ws_ros2/install/px4_msgs/include/px4_msgs/px4_msgs/msg/detail/vehicle_command_ack__rosidl_typesupport_fastrtps_c.h\n'}
[0.842154] (px4_msgs) StdoutLine: {'line': b'-- Up-to-date: /home/nicolas/ws_ros2/install/px4_msgs/include/px4_msgs/px4_msgs/msg/detail/register_ext_component_reply__rosidl_typesupport_fastrtps_c.h\n'}
[0.842187] (px4_msgs) StdoutLine: {'line': b'-- Up-to-date: /home/nicolas/ws_ros2/install/px4_msgs/include/px4_msgs/px4_msgs/msg/detail/dronecan_node_status__rosidl_typesupport_fastrtps_c.h\n'}
[0.842222] (px4_msgs) StdoutLine: {'line': b'-- Up-to-date: /home/nicolas/ws_ros2/install/px4_msgs/include/px4_msgs/px4_msgs/msg/detail/camera_trigger__rosidl_typesupport_fastrtps_c.h\n'}
[0.842254] (px4_msgs) StdoutLine: {'line': b'-- Up-to-date: /home/nicolas/ws_ros2/install/px4_msgs/include/px4_msgs/px4_msgs/msg/detail/rpm__rosidl_typesupport_fastrtps_c.h\n'}
[0.842294] (px4_msgs) StdoutLine: {'line': b'-- Up-to-date: /home/nicolas/ws_ros2/install/px4_msgs/include/px4_msgs/px4_msgs/msg/detail/debug_key_value__rosidl_typesupport_fastrtps_c.h\n'}
[0.842328] (px4_msgs) StdoutLine: {'line': b'-- Up-to-date: /home/nicolas/ws_ros2/install/px4_msgs/include/px4_msgs/px4_msgs/msg/detail/rtl_status__rosidl_typesupport_fastrtps_c.h\n'}
[0.842362] (px4_msgs) StdoutLine: {'line': b'-- Up-to-date: /home/nicolas/ws_ros2/install/px4_msgs/include/px4_msgs/px4_msgs/msg/detail/arming_check_request__rosidl_typesupport_fastrtps_c.h\n'}
[0.842395] (px4_msgs) StdoutLine: {'line': b'-- Up-to-date: /home/nicolas/ws_ros2/install/px4_msgs/include/px4_msgs/px4_msgs/msg/detail/vehicle_torque_setpoint__rosidl_typesupport_fastrtps_c.h\n'}
[0.842432] (px4_msgs) StdoutLine: {'line': b'-- Up-to-date: /home/nicolas/ws_ros2/install/px4_msgs/include/px4_msgs/px4_msgs/msg/detail/action_request__rosidl_typesupport_fastrtps_c.h\n'}
[0.842466] (px4_msgs) StdoutLine: {'line': b'-- Up-to-date: /home/nicolas/ws_ros2/install/px4_msgs/include/px4_msgs/px4_msgs/msg/detail/health_report__rosidl_typesupport_fastrtps_c.h\n'}
[0.842498] (px4_msgs) StdoutLine: {'line': b'-- Up-to-date: /home/nicolas/ws_ros2/install/px4_msgs/include/px4_msgs/px4_msgs/msg/detail/irlock_report__rosidl_typesupport_fastrtps_c.h\n'}
[0.842531] (px4_msgs) StdoutLine: {'line': b'-- Up-to-date: /home/nicolas/ws_ros2/install/px4_msgs/include/px4_msgs/px4_msgs/msg/detail/battery_info__rosidl_typesupport_fastrtps_c.h\n'}
[0.842564] (px4_msgs) StdoutLine: {'line': b'-- Up-to-date: /home/nicolas/ws_ros2/install/px4_msgs/include/px4_msgs/px4_msgs/msg/detail/landing_target_innovations__rosidl_typesupport_fastrtps_c.h\n'}
[0.842597] (px4_msgs) StdoutLine: {'line': b'-- Up-to-date: /home/nicolas/ws_ros2/install/px4_msgs/include/px4_msgs/px4_msgs/msg/detail/sensor_accel__rosidl_typesupport_fastrtps_c.h\n'}
[0.842629] (px4_msgs) StdoutLine: {'line': b'-- Up-to-date: /home/nicolas/ws_ros2/install/px4_msgs/include/px4_msgs/px4_msgs/msg/detail/actuator_motors__rosidl_typesupport_fastrtps_c.h\n'}
[0.842662] (px4_msgs) StdoutLine: {'line': b'-- Up-to-date: /home/nicolas/ws_ros2/install/px4_msgs/include/px4_msgs/px4_msgs/msg/detail/pwm_input__rosidl_typesupport_fastrtps_c.h\n'}
[0.842701] (px4_msgs) StdoutLine: {'line': b'-- Up-to-date: /home/nicolas/ws_ros2/install/px4_msgs/include/px4_msgs/px4_msgs/msg/detail/follow_target_estimator__rosidl_typesupport_fastrtps_c.h\n'}
[0.842735] (px4_msgs) StdoutLine: {'line': b'-- Up-to-date: /home/nicolas/ws_ros2/install/px4_msgs/include/px4_msgs/px4_msgs/msg/detail/gimbal_device_information__rosidl_typesupport_fastrtps_c.h\n'}
[0.842769] (px4_msgs) StdoutLine: {'line': b'-- Up-to-date: /home/nicolas/ws_ros2/install/px4_msgs/include/px4_msgs/px4_msgs/msg/detail/vehicle_optical_flow__rosidl_typesupport_fastrtps_c.h\n'}
[0.842803] (px4_msgs) StdoutLine: {'line': b'-- Up-to-date: /home/nicolas/ws_ros2/install/px4_msgs/include/px4_msgs/px4_msgs/msg/detail/gimbal_manager_information__rosidl_typesupport_fastrtps_c.h\n'}
[0.842835] (px4_msgs) StdoutLine: {'line': b'-- Up-to-date: /home/nicolas/ws_ros2/install/px4_msgs/include/px4_msgs/px4_msgs/msg/detail/trajectory_setpoint6dof__rosidl_typesupport_fastrtps_c.h\n'}
[0.842871] (px4_msgs) StdoutLine: {'line': b'-- Up-to-date: /home/nicolas/ws_ros2/install/px4_msgs/include/px4_msgs/px4_msgs/msg/detail/esc_report__rosidl_typesupport_fastrtps_c.h\n'}
[0.842909] (px4_msgs) StdoutLine: {'line': b'-- Up-to-date: /home/nicolas/ws_ros2/install/px4_msgs/include/px4_msgs/px4_msgs/msg/detail/mode_completed__rosidl_typesupport_fastrtps_c.h\n'}
[0.842944] (px4_msgs) StdoutLine: {'line': b'-- Up-to-date: /home/nicolas/ws_ros2/install/px4_msgs/include/px4_msgs/px4_msgs/msg/detail/dataman_request__rosidl_typesupport_fastrtps_c.h\n'}
[0.842981] (px4_msgs) StdoutLine: {'line': b'-- Up-to-date: /home/nicolas/ws_ros2/install/px4_msgs/include/px4_msgs/px4_msgs/msg/detail/sensor_uwb__rosidl_typesupport_fastrtps_c.h\n'}
[0.843015] (px4_msgs) StdoutLine: {'line': b'-- Up-to-date: /home/nicolas/ws_ros2/install/px4_msgs/include/px4_msgs/px4_msgs/msg/detail/timesync_status__rosidl_typesupport_fastrtps_c.h\n'}
[0.843047] (px4_msgs) StdoutLine: {'line': b'-- Up-to-date: /home/nicolas/ws_ros2/install/px4_msgs/include/px4_msgs/px4_msgs/msg/detail/rover_throttle_setpoint__rosidl_typesupport_fastrtps_c.h\n'}
[0.843080] (px4_msgs) StdoutLine: {'line': b'-- Up-to-date: /home/nicolas/ws_ros2/install/px4_msgs/include/px4_msgs/px4_msgs/msg/detail/heater_status__rosidl_typesupport_fastrtps_c.h\n'}
[0.843113] (px4_msgs) StdoutLine: {'line': b'-- Up-to-date: /home/nicolas/ws_ros2/install/px4_msgs/include/px4_msgs/px4_msgs/msg/detail/pps_capture__rosidl_typesupport_fastrtps_c.h\n'}
[0.843146] (px4_msgs) StdoutLine: {'line': b'-- Up-to-date: /home/nicolas/ws_ros2/install/px4_msgs/include/px4_msgs/px4_msgs/msg/detail/parameter_set_value_response__rosidl_typesupport_fastrtps_c.h\n'}
[0.843178] (px4_msgs) StdoutLine: {'line': b'-- Up-to-date: /home/nicolas/ws_ros2/install/px4_msgs/include/px4_msgs/px4_msgs/msg/detail/sensors_status__rosidl_typesupport_fastrtps_c.h\n'}
[0.843211] (px4_msgs) StdoutLine: {'line': b'-- Up-to-date: /home/nicolas/ws_ros2/install/px4_msgs/include/px4_msgs/px4_msgs/msg/detail/estimator_aid_source1d__rosidl_typesupport_fastrtps_c.h\n'}
[0.843245] (px4_msgs) StdoutLine: {'line': b'-- Up-to-date: /home/nicolas/ws_ros2/install/px4_msgs/include/px4_msgs/px4_msgs/msg/detail/distance_sensor__rosidl_typesupport_fastrtps_c.h\n'}
[0.843283] (px4_msgs) StdoutLine: {'line': b'-- Up-to-date: /home/nicolas/ws_ros2/install/px4_msgs/include/px4_msgs/px4_msgs/msg/detail/rate_ctrl_status__rosidl_typesupport_fastrtps_c.h\n'}
[0.843316] (px4_msgs) StdoutLine: {'line': b'-- Up-to-date: /home/nicolas/ws_ros2/install/px4_msgs/include/px4_msgs/px4_msgs/msg/detail/sensor_mag__rosidl_typesupport_fastrtps_c.h\n'}
[0.843352] (px4_msgs) StdoutLine: {'line': b'-- Up-to-date: /home/nicolas/ws_ros2/install/px4_msgs/include/px4_msgs/px4_msgs/msg/detail/rover_speed_status__rosidl_typesupport_fastrtps_c.h\n'}
[0.843385] (px4_msgs) StdoutLine: {'line': b'-- Up-to-date: /home/nicolas/ws_ros2/install/px4_msgs/include/px4_msgs/px4_msgs/msg/detail/log_message__rosidl_typesupport_fastrtps_c.h\n'}
[0.843419] (px4_msgs) StdoutLine: {'line': b'-- Up-to-date: /home/nicolas/ws_ros2/install/px4_msgs/include/px4_msgs/px4_msgs/msg/detail/open_drone_id_system__rosidl_typesupport_fastrtps_c.h\n'}
[0.843452] (px4_msgs) StdoutLine: {'line': b'-- Up-to-date: /home/nicolas/ws_ros2/install/px4_msgs/include/px4_msgs/px4_msgs/msg/detail/radio_status__rosidl_typesupport_fastrtps_c.h\n'}
[0.843485] (px4_msgs) StdoutLine: {'line': b'-- Up-to-date: /home/nicolas/ws_ros2/install/px4_msgs/include/px4_msgs/px4_msgs/msg/detail/sensor_baro__rosidl_typesupport_fastrtps_c.h\n'}
[0.843518] (px4_msgs) StdoutLine: {'line': b'-- Up-to-date: /home/nicolas/ws_ros2/install/px4_msgs/include/px4_msgs/px4_msgs/msg/detail/position_controller_landing_status__rosidl_typesupport_fastrtps_c.h\n'}
[0.843552] (px4_msgs) StdoutLine: {'line': b'-- Up-to-date: /home/nicolas/ws_ros2/install/px4_msgs/include/px4_msgs/px4_msgs/msg/detail/arming_check_reply__rosidl_typesupport_fastrtps_c.h\n'}
[0.843586] (px4_msgs) StdoutLine: {'line': b'-- Up-to-date: /home/nicolas/ws_ros2/install/px4_msgs/include/px4_msgs/px4_msgs/msg/detail/vehicle_angular_velocity__rosidl_typesupport_fastrtps_c.h\n'}
[0.843619] (px4_msgs) StdoutLine: {'line': b'-- Up-to-date: /home/nicolas/ws_ros2/install/px4_msgs/include/px4_msgs/px4_msgs/msg/detail/mavlink_tunnel__rosidl_typesupport_fastrtps_c.h\n'}
[0.843652] (px4_msgs) StdoutLine: {'line': b'-- Up-to-date: /home/nicolas/ws_ros2/install/px4_msgs/include/px4_msgs/px4_msgs/msg/detail/event__rosidl_typesupport_fastrtps_c.h\n'}
[0.843687] (px4_msgs) StdoutLine: {'line': b'-- Up-to-date: /home/nicolas/ws_ros2/install/px4_msgs/include/px4_msgs/px4_msgs/msg/detail/estimator_event_flags__rosidl_typesupport_fastrtps_c.h\n'}
[0.843726] (px4_msgs) StdoutLine: {'line': b'-- Up-to-date: /home/nicolas/ws_ros2/install/px4_msgs/include/px4_msgs/px4_msgs/msg/detail/ulog_stream_ack__rosidl_typesupport_fastrtps_c.h\n'}
[0.843760] (px4_msgs) StdoutLine: {'line': b'-- Up-to-date: /home/nicolas/ws_ros2/install/px4_msgs/include/px4_msgs/px4_msgs/msg/detail/obstacle_distance__rosidl_typesupport_fastrtps_c.h\n'}
[0.843793] (px4_msgs) StdoutLine: {'line': b'-- Up-to-date: /home/nicolas/ws_ros2/install/px4_msgs/include/px4_msgs/px4_msgs/msg/detail/tiltrotor_extra_controls__rosidl_typesupport_fastrtps_c.h\n'}
[0.843826] (px4_msgs) StdoutLine: {'line': b'-- Up-to-date: /home/nicolas/ws_ros2/install/px4_msgs/include/px4_msgs/px4_msgs/msg/detail/internal_combustion_engine_control__rosidl_typesupport_fastrtps_c.h\n'}
[0.843859] (px4_msgs) StdoutLine: {'line': b'-- Up-to-date: /home/nicolas/ws_ros2/install/px4_msgs/include/px4_msgs/px4_msgs/msg/detail/estimator_aid_source2d__rosidl_typesupport_fastrtps_c.h\n'}
[0.843891] (px4_msgs) StdoutLine: {'line': b'-- Up-to-date: /home/nicolas/ws_ros2/install/px4_msgs/include/px4_msgs/px4_msgs/msg/detail/sensor_gps__rosidl_typesupport_fastrtps_c.h\n'}
[0.843927] (px4_msgs) StdoutLine: {'line': b'-- Up-to-date: /home/nicolas/ws_ros2/install/px4_msgs/include/px4_msgs/px4_msgs/msg/detail/tune_control__rosidl_typesupport_fastrtps_c.h\n'}
[0.843960] (px4_msgs) StdoutLine: {'line': b'-- Up-to-date: /home/nicolas/ws_ros2/install/px4_msgs/include/px4_msgs/px4_msgs/msg/detail/autotune_attitude_control_status__rosidl_typesupport_fastrtps_c.h\n'}
[0.843995] (px4_msgs) StdoutLine: {'line': b'-- Up-to-date: /home/nicolas/ws_ros2/install/px4_msgs/include/px4_msgs/px4_msgs/msg/detail/rover_speed_setpoint__rosidl_typesupport_fastrtps_c.h\n'}
[0.844028] (px4_msgs) StdoutLine: {'line': b'-- Up-to-date: /home/nicolas/ws_ros2/install/px4_msgs/include/px4_msgs/px4_msgs/msg/detail/gps_inject_data__rosidl_typesupport_fastrtps_c.h\n'}
[0.844060] (px4_msgs) StdoutLine: {'line': b'-- Up-to-date: /home/nicolas/ws_ros2/install/px4_msgs/include/px4_msgs/px4_msgs/msg/detail/rover_position_setpoint__rosidl_typesupport_fastrtps_c.h\n'}
[0.844093] (px4_msgs) StdoutLine: {'line': b'-- Up-to-date: /home/nicolas/ws_ros2/install/px4_msgs/include/px4_msgs/px4_msgs/msg/detail/yaw_estimator_status__rosidl_typesupport_fastrtps_c.h\n'}
[0.844125] (px4_msgs) StdoutLine: {'line': b'-- Up-to-date: /home/nicolas/ws_ros2/install/px4_msgs/include/px4_msgs/px4_msgs/msg/detail/logger_status__rosidl_typesupport_fastrtps_c.h\n'}
[0.844157] (px4_msgs) StdoutLine: {'line': b'-- Up-to-date: /home/nicolas/ws_ros2/install/px4_msgs/include/px4_msgs/px4_msgs/msg/detail/sensor_gnss_status__rosidl_typesupport_fastrtps_c.h\n'}
[0.844190] (px4_msgs) StdoutLine: {'line': b'-- Up-to-date: /home/nicolas/ws_ros2/install/px4_msgs/include/px4_msgs/px4_msgs/msg/detail/input_rc__rosidl_typesupport_fastrtps_c.h\n'}
[0.844222] (px4_msgs) StdoutLine: {'line': b'-- Up-to-date: /home/nicolas/ws_ros2/install/px4_msgs/include/px4_msgs/px4_msgs/msg/detail/failsafe_flags__rosidl_typesupport_fastrtps_c.h\n'}
[0.844264] (px4_msgs) StdoutLine: {'line': b'-- Up-to-date: /home/nicolas/ws_ros2/install/px4_msgs/include/px4_msgs/px4_msgs/msg/detail/longitudinal_control_configuration__rosidl_typesupport_fastrtps_c.h\n'}
[0.844299] (px4_msgs) StdoutLine: {'line': b'-- Up-to-date: /home/nicolas/ws_ros2/install/px4_msgs/include/px4_msgs/px4_msgs/msg/detail/vehicle_attitude__rosidl_typesupport_fastrtps_c.h\n'}
[0.844332] (px4_msgs) StdoutLine: {'line': b'-- Up-to-date: /home/nicolas/ws_ros2/install/px4_msgs/include/px4_msgs/px4_msgs/msg/detail/estimator_bias__rosidl_typesupport_fastrtps_c.h\n'}
[0.844365] (px4_msgs) StdoutLine: {'line': b'-- Up-to-date: /home/nicolas/ws_ros2/install/px4_msgs/include/px4_msgs/px4_msgs/msg/detail/gimbal_controls__rosidl_typesupport_fastrtps_c.h\n'}
[0.844397] (px4_msgs) StdoutLine: {'line': b'-- Up-to-date: /home/nicolas/ws_ros2/install/px4_msgs/include/px4_msgs/px4_msgs/msg/detail/launch_detection_status__rosidl_typesupport_fastrtps_c.h\n'}
[0.844434] (px4_msgs) StdoutLine: {'line': b'-- Up-to-date: /home/nicolas/ws_ros2/install/px4_msgs/include/px4_msgs/px4_msgs/msg/detail/home_position__rosidl_typesupport_fastrtps_c.h\n'}
[0.844467] (px4_msgs) StdoutLine: {'line': b'-- Up-to-date: /home/nicolas/ws_ros2/install/px4_msgs/include/px4_msgs/px4_msgs/msg/detail/actuator_test__rosidl_typesupport_fastrtps_c.h\n'}
[0.844501] (px4_msgs) StdoutLine: {'line': b'-- Up-to-date: /home/nicolas/ws_ros2/install/px4_msgs/include/px4_msgs/px4_msgs/msg/detail/rc_channels__rosidl_typesupport_fastrtps_c.h\n'}
[0.844534] (px4_msgs) StdoutLine: {'line': b'-- Up-to-date: /home/nicolas/ws_ros2/install/px4_msgs/include/px4_msgs/px4_msgs/msg/detail/led_control__rosidl_typesupport_fastrtps_c.h\n'}
[0.844566] (px4_msgs) StdoutLine: {'line': b'-- Up-to-date: /home/nicolas/ws_ros2/install/px4_msgs/include/px4_msgs/px4_msgs/msg/detail/actuator_controls_status__rosidl_typesupport_fastrtps_c.h\n'}
[0.844599] (px4_msgs) StdoutLine: {'line': b'-- Up-to-date: /home/nicolas/ws_ros2/install/px4_msgs/include/px4_msgs/px4_msgs/msg/detail/estimator_gps_status__rosidl_typesupport_fastrtps_c.h\n'}
[0.844634] (px4_msgs) StdoutLine: {'line': b'-- Up-to-date: /home/nicolas/ws_ros2/install/px4_msgs/include/px4_msgs/px4_msgs/msg/detail/vehicle_roi__rosidl_typesupport_fastrtps_c.h\n'}
[0.844669] (px4_msgs) StdoutLine: {'line': b'-- Up-to-date: /home/nicolas/ws_ros2/install/px4_msgs/include/px4_msgs/px4_msgs/msg/detail/hover_thrust_estimate__rosidl_typesupport_fastrtps_c.h\n'}
[0.844710] (px4_msgs) StdoutLine: {'line': b'-- Up-to-date: /home/nicolas/ws_ros2/install/px4_msgs/include/px4_msgs/px4_msgs/msg/detail/estimator_states__rosidl_typesupport_fastrtps_c.h\n'}
[0.844755] (px4_msgs) StdoutLine: {'line': b'-- Up-to-date: /home/nicolas/ws_ros2/install/px4_msgs/include/px4_msgs/px4_msgs/msg/detail/tecs_status__rosidl_typesupport_fastrtps_c.h\n'}
[0.844790] (px4_msgs) StdoutLine: {'line': b'-- Up-to-date: /home/nicolas/ws_ros2/install/px4_msgs/include/px4_msgs/px4_msgs/msg/detail/lateral_control_configuration__rosidl_typesupport_fastrtps_c.h\n'}
[0.844824] (px4_msgs) StdoutLine: {'line': b'-- Up-to-date: /home/nicolas/ws_ros2/install/px4_msgs/include/px4_msgs/px4_msgs/msg/detail/parameter_set_used_request__rosidl_typesupport_fastrtps_c.h\n'}
[0.844858] (px4_msgs) StdoutLine: {'line': b'-- Up-to-date: /home/nicolas/ws_ros2/install/px4_msgs/include/px4_msgs/px4_msgs/msg/detail/position_controller_status__rosidl_typesupport_fastrtps_c.h\n'}
[0.844892] (px4_msgs) StdoutLine: {'line': b'-- Up-to-date: /home/nicolas/ws_ros2/install/px4_msgs/include/px4_msgs/px4_msgs/msg/detail/follow_target_status__rosidl_typesupport_fastrtps_c.h\n'}
[0.844927] (px4_msgs) StdoutLine: {'line': b'-- Up-to-date: /home/nicolas/ws_ros2/install/px4_msgs/include/px4_msgs/px4_msgs/msg/detail/landing_target_pose__rosidl_typesupport_fastrtps_c.h\n'}
[0.844960] (px4_msgs) StdoutLine: {'line': b'-- Up-to-date: /home/nicolas/ws_ros2/install/px4_msgs/include/px4_msgs/px4_msgs/msg/detail/uavcan_parameter_request__rosidl_typesupport_fastrtps_c.h\n'}
[0.844995] (px4_msgs) StdoutLine: {'line': b'-- Up-to-date: /home/nicolas/ws_ros2/install/px4_msgs/include/px4_msgs/px4_msgs/msg/detail/velocity_limits__rosidl_typesupport_fastrtps_c.h\n'}
[0.845029] (px4_msgs) StdoutLine: {'line': b'-- Up-to-date: /home/nicolas/ws_ros2/install/px4_msgs/include/px4_msgs/px4_msgs/msg/detail/generator_status__rosidl_typesupport_fastrtps_c.h\n'}
[0.845063] (px4_msgs) StdoutLine: {'line': b'-- Up-to-date: /home/nicolas/ws_ros2/install/px4_msgs/include/px4_msgs/px4_msgs/msg/detail/parameter_set_value_request__rosidl_typesupport_fastrtps_c.h\n'}
[0.845098] (px4_msgs) StdoutLine: {'line': b'-- Up-to-date: /home/nicolas/ws_ros2/install/px4_msgs/include/px4_msgs/px4_msgs/msg/detail/estimator_status_flags__rosidl_typesupport_fastrtps_c.h\n'}
[0.845132] (px4_msgs) StdoutLine: {'line': b'-- Up-to-date: /home/nicolas/ws_ros2/install/px4_msgs/include/px4_msgs/px4_msgs/msg/detail/button_event__rosidl_typesupport_fastrtps_c.h\n'}
[0.845170] (px4_msgs) StdoutLine: {'line': b'-- Up-to-date: /home/nicolas/ws_ros2/install/px4_msgs/include/px4_msgs/px4_msgs/msg/detail/goto_setpoint__rosidl_typesupport_fastrtps_c.h\n'}
[0.845209] (px4_msgs) StdoutLine: {'line': b'-- Up-to-date: /home/nicolas/ws_ros2/install/px4_msgs/include/px4_msgs/px4_msgs/msg/detail/estimator_bias3d__rosidl_typesupport_fastrtps_c.h\n'}
[0.845249] (px4_msgs) StdoutLine: {'line': b'-- Up-to-date: /home/nicolas/ws_ros2/install/px4_msgs/include/px4_msgs/px4_msgs/msg/detail/follow_target__rosidl_typesupport_fastrtps_c.h\n'}
[0.845284] (px4_msgs) StdoutLine: {'line': b'-- Up-to-date: /home/nicolas/ws_ros2/install/px4_msgs/include/px4_msgs/px4_msgs/msg/detail/trajectory_setpoint__rosidl_typesupport_fastrtps_c.h\n'}
[0.845318] (px4_msgs) StdoutLine: {'line': b'-- Up-to-date: /home/nicolas/ws_ros2/install/px4_msgs/include/px4_msgs/px4_msgs/msg/detail/vehicle_rates_setpoint__rosidl_typesupport_fastrtps_c.h\n'}
[0.845351] (px4_msgs) StdoutLine: {'line': b'-- Up-to-date: /home/nicolas/ws_ros2/install/px4_msgs/include/px4_msgs/px4_msgs/msg/detail/vehicle_command__rosidl_typesupport_fastrtps_c.h\n'}
[0.845384] (px4_msgs) StdoutLine: {'line': b'-- Up-to-date: /home/nicolas/ws_ros2/install/px4_msgs/include/px4_msgs/px4_msgs/msg/detail/satellite_info__rosidl_typesupport_fastrtps_c.h\n'}
[0.845418] (px4_msgs) StdoutLine: {'line': b'-- Up-to-date: /home/nicolas/ws_ros2/install/px4_msgs/include/px4_msgs/px4_msgs/msg/detail/figure_eight_status__rosidl_typesupport_fastrtps_c.h\n'}
[0.845452] (px4_msgs) StdoutLine: {'line': b'-- Up-to-date: /home/nicolas/ws_ros2/install/px4_msgs/include/px4_msgs/px4_msgs/msg/detail/sensor_gnss_relative__rosidl_typesupport_fastrtps_c.h\n'}
[0.845486] (px4_msgs) StdoutLine: {'line': b'-- Up-to-date: /home/nicolas/ws_ros2/install/px4_msgs/include/px4_msgs/px4_msgs/msg/detail/rc_parameter_map__rosidl_typesupport_fastrtps_c.h\n'}
[0.845519] (px4_msgs) StdoutLine: {'line': b'-- Up-to-date: /home/nicolas/ws_ros2/install/px4_msgs/include/px4_msgs/px4_msgs/msg/detail/qshell_req__rosidl_typesupport_fastrtps_c.h\n'}
[0.845552] (px4_msgs) StdoutLine: {'line': b'-- Up-to-date: /home/nicolas/ws_ros2/install/px4_msgs/include/px4_msgs/px4_msgs/msg/detail/vehicle_land_detected__rosidl_typesupport_fastrtps_c.h\n'}
[0.845586] (px4_msgs) StdoutLine: {'line': b'-- Up-to-date: /home/nicolas/ws_ros2/install/px4_msgs/include/px4_msgs/px4_msgs/msg/detail/vehicle_odometry__rosidl_typesupport_fastrtps_c.h\n'}
[0.845619] (px4_msgs) StdoutLine: {'line': b'-- Up-to-date: /home/nicolas/ws_ros2/install/px4_msgs/include/px4_msgs/px4_msgs/msg/detail/vehicle_local_position__rosidl_typesupport_fastrtps_c.h\n'}
[0.845654] (px4_msgs) StdoutLine: {'line': b'-- Up-to-date: /home/nicolas/ws_ros2/install/px4_msgs/include/px4_msgs/px4_msgs/msg/detail/failure_detector_status__rosidl_typesupport_fastrtps_c.h\n'}
[0.845692] (px4_msgs) StdoutLine: {'line': b'-- Up-to-date: /home/nicolas/ws_ros2/install/px4_msgs/include/px4_msgs/px4_msgs/msg/detail/adc_report__rosidl_typesupport_fastrtps_c.h\n'}
[0.845728] (px4_msgs) StdoutLine: {'line': b'-- Up-to-date: /home/nicolas/ws_ros2/install/px4_msgs/include/px4_msgs/px4_msgs/msg/detail/vehicle_status__rosidl_typesupport_fastrtps_c.h\n'}
[0.845773] (px4_msgs) StdoutLine: {'line': b'-- Up-to-date: /home/nicolas/ws_ros2/install/px4_msgs/include/px4_msgs/px4_msgs/msg/detail/manual_control_setpoint__rosidl_typesupport_fastrtps_c.h\n'}
[0.845808] (px4_msgs) StdoutLine: {'line': b'-- Up-to-date: /home/nicolas/ws_ros2/install/px4_msgs/include/px4_msgs/px4_msgs/msg/detail/control_allocator_status__rosidl_typesupport_fastrtps_c.h\n'}
[0.845842] (px4_msgs) StdoutLine: {'line': b'-- Up-to-date: /home/nicolas/ws_ros2/install/px4_msgs/include/px4_msgs/px4_msgs/msg/detail/debug_array__rosidl_typesupport_fastrtps_c.h\n'}
[0.845875] (px4_msgs) StdoutLine: {'line': b'-- Up-to-date: /home/nicolas/ws_ros2/install/px4_msgs/include/px4_msgs/px4_msgs/msg/detail/register_ext_component_request__rosidl_typesupport_fastrtps_c.h\n'}
[0.845913] (px4_msgs) StdoutLine: {'line': b'-- Up-to-date: /home/nicolas/ws_ros2/install/px4_msgs/include/px4_msgs/px4_msgs/msg/detail/vehicle_imu_status__rosidl_typesupport_fastrtps_c.h\n'}
[0.845947] (px4_msgs) StdoutLine: {'line': b'-- Up-to-date: /home/nicolas/ws_ros2/install/px4_msgs/include/px4_msgs/px4_msgs/msg/detail/uavcan_parameter_value__rosidl_typesupport_fastrtps_c.h\n'}
[0.845980] (px4_msgs) StdoutLine: {'line': b'-- Up-to-date: /home/nicolas/ws_ros2/install/px4_msgs/include/px4_msgs/px4_msgs/msg/detail/vehicle_constraints__rosidl_typesupport_fastrtps_c.h\n'}
[0.846013] (px4_msgs) StdoutLine: {'line': b'-- Up-to-date: /home/nicolas/ws_ros2/install/px4_msgs/include/px4_msgs/px4_msgs/msg/detail/ulog_stream__rosidl_typesupport_fastrtps_c.h\n'}
[0.846046] (px4_msgs) StdoutLine: {'line': b'-- Up-to-date: /home/nicolas/ws_ros2/install/px4_msgs/include/px4_msgs/px4_msgs/msg/detail/mount_orientation__rosidl_typesupport_fastrtps_c.h\n'}
[0.846079] (px4_msgs) StdoutLine: {'line': b'-- Up-to-date: /home/nicolas/ws_ros2/install/px4_msgs/include/px4_msgs/px4_msgs/msg/detail/open_drone_id_arm_status__rosidl_typesupport_fastrtps_c.h\n'}
[0.846113] (px4_msgs) StdoutLine: {'line': b'-- Up-to-date: /home/nicolas/ws_ros2/install/px4_msgs/include/px4_msgs/px4_msgs/msg/detail/ping__rosidl_typesupport_fastrtps_c.h\n'}
[0.846150] (px4_msgs) StdoutLine: {'line': b'-- Up-to-date: /home/nicolas/ws_ros2/install/px4_msgs/include/px4_msgs/px4_msgs/msg/detail/sensor_gyro_fft__rosidl_typesupport_fastrtps_c.h\n'}
[0.846185] (px4_msgs) StdoutLine: {'line': b'-- Up-to-date: /home/nicolas/ws_ros2/install/px4_msgs/include/px4_msgs/px4_msgs/msg/detail/actuator_servos_trim__rosidl_typesupport_fastrtps_c.h\n'}
[0.846222] (px4_msgs) StdoutLine: {'line': b'-- Up-to-date: /home/nicolas/ws_ros2/install/px4_msgs/include/px4_msgs/px4_msgs/msg/detail/takeoff_status__rosidl_typesupport_fastrtps_c.h\n'}
[0.846264] (px4_msgs) StdoutLine: {'line': b'-- Up-to-date: /home/nicolas/ws_ros2/install/px4_msgs/include/px4_msgs/px4_msgs/msg/detail/sensor_combined__rosidl_typesupport_fastrtps_c.h\n'}
[0.846300] (px4_msgs) StdoutLine: {'line': b'-- Up-to-date: /home/nicolas/ws_ros2/install/px4_msgs/include/px4_msgs/px4_msgs/msg/detail/neural_control__rosidl_typesupport_fastrtps_c.h\n'}
[0.846334] (px4_msgs) StdoutLine: {'line': b'-- Up-to-date: /home/nicolas/ws_ros2/install/px4_msgs/include/px4_msgs/px4_msgs/msg/detail/camera_status__rosidl_typesupport_fastrtps_c.h\n'}
[0.846368] (px4_msgs) StdoutLine: {'line': b'-- Up-to-date: /home/nicolas/ws_ros2/install/px4_msgs/include/px4_msgs/px4_msgs/msg/detail/px4io_status__rosidl_typesupport_fastrtps_c.h\n'}
[0.846402] (px4_msgs) StdoutLine: {'line': b'-- Up-to-date: /home/nicolas/ws_ros2/install/px4_msgs/include/px4_msgs/px4_msgs/msg/detail/pure_pursuit_status__rosidl_typesupport_fastrtps_c.h\n'}
[0.846436] (px4_msgs) StdoutLine: {'line': b'-- Up-to-date: /home/nicolas/ws_ros2/install/px4_msgs/include/px4_msgs/px4_msgs/msg/detail/magnetometer_bias_estimate__rosidl_typesupport_fastrtps_c.h\n'}
[0.846470] (px4_msgs) StdoutLine: {'line': b'-- Up-to-date: /home/nicolas/ws_ros2/install/px4_msgs/include/px4_msgs/px4_msgs/msg/detail/estimator_selector_status__rosidl_typesupport_fastrtps_c.h\n'}
[0.846504] (px4_msgs) StdoutLine: {'line': b'-- Up-to-date: /home/nicolas/ws_ros2/install/px4_msgs/include/px4_msgs/px4_msgs/msg/detail/gimbal_device_attitude_status__rosidl_typesupport_fastrtps_c.h\n'}
[0.846538] (px4_msgs) StdoutLine: {'line': b'-- Up-to-date: /home/nicolas/ws_ros2/install/px4_msgs/include/px4_msgs/px4_msgs/msg/detail/sensor_accel_fifo__rosidl_typesupport_fastrtps_c.h\n'}
[0.846572] (px4_msgs) StdoutLine: {'line': b'-- Up-to-date: /home/nicolas/ws_ros2/install/px4_msgs/include/px4_msgs/px4_msgs/msg/detail/navigator_mission_item__rosidl_typesupport_fastrtps_c.h\n'}
[0.846605] (px4_msgs) StdoutLine: {'line': b'-- Up-to-date: /home/nicolas/ws_ros2/install/px4_msgs/include/px4_msgs/px4_msgs/msg/detail/ekf2_timestamps__rosidl_typesupport_fastrtps_c.h\n'}
[0.846640] (px4_msgs) StdoutLine: {'line': b'-- Up-to-date: /home/nicolas/ws_ros2/install/px4_msgs/include/px4_msgs/px4_msgs/msg/detail/rover_attitude_setpoint__rosidl_typesupport_fastrtps_c.h\n'}
[0.846683] (px4_msgs) StdoutLine: {'line': b'-- Up-to-date: /home/nicolas/ws_ros2/install/px4_msgs/include/px4_msgs/px4_msgs/msg/detail/gimbal_manager_set_manual_control__rosidl_typesupport_fastrtps_c.h\n'}
[0.846722] (px4_msgs) StdoutLine: {'line': b'-- Up-to-date: /home/nicolas/ws_ros2/install/px4_msgs/include/px4_msgs/px4_msgs/msg/detail/orbit_status__rosidl_typesupport_fastrtps_c.h\n'}
[0.846757] (px4_msgs) StdoutLine: {'line': b'-- Up-to-date: /home/nicolas/ws_ros2/install/px4_msgs/include/px4_msgs/px4_msgs/msg/detail/actuator_outputs__rosidl_typesupport_fastrtps_c.h\n'}
[0.846793] (px4_msgs) StdoutLine: {'line': b'-- Up-to-date: /home/nicolas/ws_ros2/install/px4_msgs/include/px4_msgs/px4_msgs/msg/detail/internal_combustion_engine_status__rosidl_typesupport_fastrtps_c.h\n'}
[0.846828] (px4_msgs) StdoutLine: {'line': b'-- Up-to-date: /home/nicolas/ws_ros2/install/px4_msgs/include/px4_msgs/px4_msgs/msg/detail/vehicle_air_data__rosidl_typesupport_fastrtps_c.h\n'}
[0.846862] (px4_msgs) StdoutLine: {'line': b'-- Up-to-date: /home/nicolas/ws_ros2/install/px4_msgs/include/px4_msgs/px4_msgs/msg/detail/transponder_report__rosidl_typesupport_fastrtps_c.h\n'}
[0.846898] (px4_msgs) StdoutLine: {'line': b'-- Up-to-date: /home/nicolas/ws_ros2/install/px4_msgs/include/px4_msgs/px4_msgs/msg/detail/power_monitor__rosidl_typesupport_fastrtps_c.h\n'}
[0.846935] (px4_msgs) StdoutLine: {'line': b'-- Up-to-date: /home/nicolas/ws_ros2/install/px4_msgs/include/px4_msgs/px4_msgs/msg/detail/mission__rosidl_typesupport_fastrtps_c.h\n'}
[0.846970] (px4_msgs) StdoutLine: {'line': b'-- Up-to-date: /home/nicolas/ws_ros2/install/px4_msgs/include/px4_msgs/px4_msgs/msg/detail/estimator_aid_source3d__rosidl_typesupport_fastrtps_c.h\n'}
[0.847007] (px4_msgs) StdoutLine: {'line': b'-- Up-to-date: /home/nicolas/ws_ros2/install/px4_msgs/include/px4_msgs/px4_msgs/msg/detail/geofence_result__rosidl_typesupport_fastrtps_c.h\n'}
[0.847041] (px4_msgs) StdoutLine: {'line': b'-- Up-to-date: /home/nicolas/ws_ros2/install/px4_msgs/include/px4_msgs/px4_msgs/msg/detail/sensor_airflow__rosidl_typesupport_fastrtps_c.h\n'}
[0.847074] (px4_msgs) StdoutLine: {'line': b'-- Up-to-date: /home/nicolas/ws_ros2/install/px4_msgs/include/px4_msgs/px4_msgs/msg/detail/vehicle_imu__rosidl_typesupport_fastrtps_c.h\n'}
[0.847111] (px4_msgs) StdoutLine: {'line': b'-- Up-to-date: /home/nicolas/ws_ros2/install/px4_msgs/include/px4_msgs/px4_msgs/msg/detail/flight_phase_estimation__rosidl_typesupport_fastrtps_c.h\n'}
[0.847146] (px4_msgs) StdoutLine: {'line': b'-- Up-to-date: /home/nicolas/ws_ros2/install/px4_msgs/include/px4_msgs/px4_msgs/msg/detail/cellular_status__rosidl_typesupport_fastrtps_c.h\n'}
[0.847180] (px4_msgs) StdoutLine: {'line': b'-- Up-to-date: /home/nicolas/ws_ros2/install/px4_msgs/include/px4_msgs/px4_msgs/msg/detail/open_drone_id_self_id__rosidl_typesupport_fastrtps_c.h\n'}
[0.847215] (px4_msgs) StdoutLine: {'line': b'-- Up-to-date: /home/nicolas/ws_ros2/install/px4_msgs/include/px4_msgs/px4_msgs/msg/detail/mag_worker_data__rosidl_typesupport_fastrtps_c.h\n'}
[0.847249] (px4_msgs) StdoutLine: {'line': b'-- Up-to-date: /home/nicolas/ws_ros2/install/px4_msgs/include/px4_msgs/px4_msgs/msg/detail/orb_test__rosidl_typesupport_fastrtps_c.h\n'}
[0.847289] (px4_msgs) StdoutLine: {'line': b'-- Up-to-date: /home/nicolas/ws_ros2/install/px4_msgs/include/px4_msgs/px4_msgs/msg/detail/gimbal_manager_status__rosidl_typesupport_fastrtps_c.h\n'}
[0.847324] (px4_msgs) StdoutLine: {'line': b'-- Up-to-date: /home/nicolas/ws_ros2/install/px4_msgs/include/px4_msgs/px4_msgs/msg/detail/can_interface_status__rosidl_typesupport_fastrtps_c.h\n'}
[0.847359] (px4_msgs) StdoutLine: {'line': b'-- Up-to-date: /home/nicolas/ws_ros2/install/px4_msgs/include/px4_msgs/px4_msgs/msg/detail/manual_control_switches__rosidl_typesupport_fastrtps_c.h\n'}
[0.847392] (px4_msgs) StdoutLine: {'line': b'-- Up-to-date: /home/nicolas/ws_ros2/install/px4_msgs/include/px4_msgs/px4_msgs/msg/detail/rover_steering_setpoint__rosidl_typesupport_fastrtps_c.h\n'}
[0.847429] (px4_msgs) StdoutLine: {'line': b'-- Up-to-date: /home/nicolas/ws_ros2/install/px4_msgs/include/px4_msgs/px4_msgs/msg/detail/fuel_tank_status__rosidl_typesupport_fastrtps_c.h\n'}
[0.847462] (px4_msgs) StdoutLine: {'line': b'-- Up-to-date: /home/nicolas/ws_ros2/install/px4_msgs/include/px4_msgs/px4_msgs/msg/detail/navigator_status__rosidl_typesupport_fastrtps_c.h\n'}
[0.847496] (px4_msgs) StdoutLine: {'line': b'-- Up-to-date: /home/nicolas/ws_ros2/install/px4_msgs/include/px4_msgs/px4_msgs/msg/detail/vehicle_global_position__rosidl_typesupport_fastrtps_c.h\n'}
[0.847530] (px4_msgs) StdoutLine: {'line': b'-- Up-to-date: /home/nicolas/ws_ros2/install/px4_msgs/include/px4_msgs/px4_msgs/msg/detail/gpio_request__rosidl_typesupport_fastrtps_c.h\n'}
[0.847565] (px4_msgs) StdoutLine: {'line': b'-- Up-to-date: /home/nicolas/ws_ros2/install/px4_msgs/include/px4_msgs/px4_msgs/msg/detail/camera_capture__rosidl_typesupport_fastrtps_c.h\n'}
[0.847597] (px4_msgs) StdoutLine: {'line': b'-- Up-to-date: /home/nicolas/ws_ros2/install/px4_msgs/include/px4_msgs/px4_msgs/msg/detail/vehicle_local_position_setpoint__rosidl_typesupport_fastrtps_c.h\n'}
[0.847631] (px4_msgs) StdoutLine: {'line': b'-- Up-to-date: /home/nicolas/ws_ros2/install/px4_msgs/include/px4_msgs/px4_msgs/msg/detail/mission_result__rosidl_typesupport_fastrtps_c.h\n'}
[0.847666] (px4_msgs) StdoutLine: {'line': b'-- Up-to-date: /home/nicolas/ws_ros2/install/px4_msgs/include/px4_msgs/px4_msgs/msg/detail/position_setpoint__rosidl_typesupport_fastrtps_c.h\n'}
[0.847705] (px4_msgs) StdoutLine: {'line': b'-- Up-to-date: /home/nicolas/ws_ros2/install/px4_msgs/include/px4_msgs/px4_msgs/msg/detail/airspeed__rosidl_typesupport_fastrtps_c.h\n'}
[0.847740] (px4_msgs) StdoutLine: {'line': b'-- Up-to-date: /home/nicolas/ws_ros2/install/px4_msgs/include/px4_msgs/px4_msgs/msg/detail/normalized_unsigned_setpoint__rosidl_typesupport_fastrtps_c.h\n'}
[0.847774] (px4_msgs) StdoutLine: {'line': b'-- Up-to-date: /home/nicolas/ws_ros2/install/px4_msgs/include/px4_msgs/px4_msgs/msg/detail/actuator_servos__rosidl_typesupport_fastrtps_c.h\n'}
[0.847806] (px4_msgs) StdoutLine: {'line': b'-- Up-to-date: /home/nicolas/ws_ros2/install/px4_msgs/include/px4_msgs/px4_msgs/msg/detail/vehicle_thrust_setpoint__rosidl_typesupport_fastrtps_c.h\n'}
[0.847838] (px4_msgs) StdoutLine: {'line': b'-- Up-to-date: /home/nicolas/ws_ros2/install/px4_msgs/include/px4_msgs/px4_msgs/msg/detail/gimbal_device_set_attitude__rosidl_typesupport_fastrtps_c.h\n'}
[0.847871] (px4_msgs) StdoutLine: {'line': b'-- Up-to-date: /home/nicolas/ws_ros2/install/px4_msgs/include/px4_msgs/px4_msgs/msg/detail/sensors_status_imu__rosidl_typesupport_fastrtps_c.h\n'}
[0.847905] (px4_msgs) StdoutLine: {'line': b'-- Up-to-date: /home/nicolas/ws_ros2/install/px4_msgs/include/px4_msgs/px4_msgs/msg/detail/landing_gear__rosidl_typesupport_fastrtps_c.h\n'}
[0.847937] (px4_msgs) StdoutLine: {'line': b'-- Up-to-date: /home/nicolas/ws_ros2/install/px4_msgs/include/px4_msgs/px4_msgs/msg/detail/wind__rosidl_typesupport_fastrtps_c.h\n'}
[0.847969] (px4_msgs) StdoutLine: {'line': b'-- Up-to-date: /home/nicolas/ws_ros2/install/px4_msgs/include/px4_msgs/px4_msgs/msg/detail/parameter_reset_request__rosidl_typesupport_fastrtps_c.h\n'}
[0.848002] (px4_msgs) StdoutLine: {'line': b'-- Up-to-date: /home/nicolas/ws_ros2/install/px4_msgs/include/px4_msgs/px4_msgs/msg/detail/open_drone_id_operator_id__rosidl_typesupport_fastrtps_c.h\n'}
[0.848039] (px4_msgs) StdoutLine: {'line': b'-- Up-to-date: /home/nicolas/ws_ros2/install/px4_msgs/include/px4_msgs/px4_msgs/msg/detail/airspeed_wind__rosidl_typesupport_fastrtps_c.h\n'}
[0.848071] (px4_msgs) StdoutLine: {'line': b'-- Up-to-date: /home/nicolas/ws_ros2/install/px4_msgs/include/px4_msgs/px4_msgs/msg/detail/sensor_gyro__rosidl_typesupport_fastrtps_c.h\n'}
[0.848104] (px4_msgs) StdoutLine: {'line': b'-- Up-to-date: /home/nicolas/ws_ros2/install/px4_msgs/include/px4_msgs/px4_msgs/msg/detail/sensor_preflight_mag__rosidl_typesupport_fastrtps_c.h\n'}
[0.848139] (px4_msgs) StdoutLine: {'line': b'-- Up-to-date: /home/nicolas/ws_ros2/install/px4_msgs/include/px4_msgs/px4_msgs/msg/detail/sensor_gyro_fifo__rosidl_typesupport_fastrtps_c.h\n'}
[0.848172] (px4_msgs) StdoutLine: {'line': b'-- Up-to-date: /home/nicolas/ws_ros2/install/px4_msgs/include/px4_msgs/px4_msgs/msg/detail/config_overrides__rosidl_typesupport_fastrtps_c.h\n'}
[0.848206] (px4_msgs) StdoutLine: {'line': b'-- Up-to-date: /home/nicolas/ws_ros2/install/px4_msgs/include/px4_msgs/px4_msgs/msg/detail/telemetry_status__rosidl_typesupport_fastrtps_c.h\n'}
[0.848247] (px4_msgs) StdoutLine: {'line': b'-- Up-to-date: /home/nicolas/ws_ros2/install/px4_msgs/include/px4_msgs/px4_msgs/msg/detail/task_stack_info__rosidl_typesupport_fastrtps_c.h\n'}
[0.848282] (px4_msgs) StdoutLine: {'line': b'-- Up-to-date: /home/nicolas/ws_ros2/install/px4_msgs/include/px4_msgs/px4_msgs/msg/detail/message_format_request__rosidl_typesupport_fastrtps_c.h\n'}
[0.848315] (px4_msgs) StdoutLine: {'line': b'-- Up-to-date: /home/nicolas/ws_ros2/install/px4_msgs/include/px4_msgs/px4_msgs/msg/detail/rover_rate_setpoint__rosidl_typesupport_fastrtps_c.h\n'}
[0.848348] (px4_msgs) StdoutLine: {'line': b'-- Up-to-date: /home/nicolas/ws_ros2/install/px4_msgs/include/px4_msgs/px4_msgs/msg/detail/sensor_selection__rosidl_typesupport_fastrtps_c.h\n'}
[0.848381] (px4_msgs) StdoutLine: {'line': b'-- Up-to-date: /home/nicolas/ws_ros2/install/px4_msgs/include/px4_msgs/px4_msgs/msg/detail/sensor_hygrometer__rosidl_typesupport_fastrtps_c.h\n'}
[0.848414] (px4_msgs) StdoutLine: {'line': b'-- Up-to-date: /home/nicolas/ws_ros2/install/px4_msgs/include/px4_msgs/px4_msgs/msg/detail/differential_pressure__rosidl_typesupport_fastrtps_c.h\n'}
[0.848448] (px4_msgs) StdoutLine: {'line': b'-- Up-to-date: /home/nicolas/ws_ros2/install/px4_msgs/include/px4_msgs/px4_msgs/msg/detail/system_power__rosidl_typesupport_fastrtps_c.h\n'}
[0.848482] (px4_msgs) StdoutLine: {'line': b'-- Up-to-date: /home/nicolas/ws_ros2/install/px4_msgs/include/px4_msgs/px4_msgs/msg/detail/orb_test_large__rosidl_typesupport_fastrtps_c.h\n'}
[0.848514] (px4_msgs) StdoutLine: {'line': b'-- Up-to-date: /home/nicolas/ws_ros2/install/px4_msgs/include/px4_msgs/px4_msgs/msg/detail/rtl_time_estimate__rosidl_typesupport_fastrtps_c.h\n'}
[0.848546] (px4_msgs) StdoutLine: {'line': b'-- Up-to-date: /home/nicolas/ws_ros2/install/px4_msgs/include/px4_msgs/px4_msgs/msg/detail/qshell_retval__rosidl_typesupport_fastrtps_c.h\n'}
[0.848579] (px4_msgs) StdoutLine: {'line': b'-- Up-to-date: /home/nicolas/ws_ros2/install/px4_msgs/include/px4_msgs/px4_msgs/msg/detail/orb_test_medium__rosidl_typesupport_fastrtps_c.h\n'}
[0.848611] (px4_msgs) StdoutLine: {'line': b'-- Up-to-date: /home/nicolas/ws_ros2/install/px4_msgs/include/px4_msgs/px4_msgs/msg/detail/vehicle_magnetometer__rosidl_typesupport_fastrtps_c.h\n'}
[0.848644] (px4_msgs) StdoutLine: {'line': b'-- Up-to-date: /home/nicolas/ws_ros2/install/px4_msgs/include/px4_msgs/px4_msgs/msg/detail/fixed_wing_lateral_guidance_status__rosidl_typesupport_fastrtps_c.h\n'}
[0.848677] (px4_msgs) StdoutLine: {'line': b'-- Up-to-date: /home/nicolas/ws_ros2/install/px4_msgs/include/px4_msgs/px4_msgs/msg/detail/message_format_response__rosidl_typesupport_fastrtps_c.h\n'}
[0.848717] (px4_msgs) StdoutLine: {'line': b'-- Up-to-date: /home/nicolas/ws_ros2/install/px4_msgs/include/px4_msgs/px4_msgs/msg/detail/rover_attitude_status__rosidl_typesupport_fastrtps_c.h\n'}
[0.848751] (px4_msgs) StdoutLine: {'line': b'-- Up-to-date: /home/nicolas/ws_ros2/install/px4_msgs/include/px4_msgs/px4_msgs/msg/detail/mavlink_log__rosidl_typesupport_fastrtps_c.h\n'}
[0.848784] (px4_msgs) StdoutLine: {'line': b'-- Up-to-date: /home/nicolas/ws_ros2/install/px4_msgs/include/px4_msgs/px4_msgs/msg/detail/vehicle_attitude_setpoint__rosidl_typesupport_fastrtps_c.h\n'}
[0.848816] (px4_msgs) StdoutLine: {'line': b'-- Up-to-date: /home/nicolas/ws_ros2/install/px4_msgs/include/px4_msgs/px4_msgs/msg/detail/collision_constraints__rosidl_typesupport_fastrtps_c.h\n'}
[0.848849] (px4_msgs) StdoutLine: {'line': b'-- Up-to-date: /home/nicolas/ws_ros2/install/px4_msgs/include/px4_msgs/px4_msgs/msg/detail/gripper__rosidl_typesupport_fastrtps_c.h\n'}
[0.848886] (px4_msgs) StdoutLine: {'line': b'-- Up-to-date: /home/nicolas/ws_ros2/install/px4_msgs/include/px4_msgs/px4_msgs/msg/detail/debug_value__rosidl_typesupport_fastrtps_c.h\n'}
[0.848919] (px4_msgs) StdoutLine: {'line': b'-- Up-to-date: /home/nicolas/ws_ros2/install/px4_msgs/include/px4_msgs/px4_msgs/msg/detail/landing_gear_wheel__rosidl_typesupport_fastrtps_c.h\n'}
[0.848954] (px4_msgs) StdoutLine: {'line': b'-- Up-to-date: /home/nicolas/ws_ros2/install/px4_msgs/include/px4_msgs/px4_msgs/msg/detail/fixed_wing_runway_control__rosidl_typesupport_fastrtps_c.h\n'}
[0.848986] (px4_msgs) StdoutLine: {'line': b'-- Up-to-date: /home/nicolas/ws_ros2/install/px4_msgs/include/px4_msgs/px4_msgs/msg/detail/fixed_wing_lateral_setpoint__rosidl_typesupport_fastrtps_c.h\n'}
[0.849019] (px4_msgs) StdoutLine: {'line': b'-- Up-to-date: /home/nicolas/ws_ros2/install/px4_msgs/include/px4_msgs/px4_msgs/msg/detail/actuator_armed__rosidl_typesupport_fastrtps_c.h\n'}
[0.849052] (px4_msgs) StdoutLine: {'line': b'-- Up-to-date: /home/nicolas/ws_ros2/install/px4_msgs/include/px4_msgs/px4_msgs/msg/detail/gpio_in__rosidl_typesupport_fastrtps_c.h\n'}
[0.849086] (px4_msgs) StdoutLine: {'line': b'-- Up-to-date: /home/nicolas/ws_ros2/install/px4_msgs/include/px4_msgs/px4_msgs/msg/detail/iridiumsbd_status__rosidl_typesupport_fastrtps_c.h\n'}
[0.849118] (px4_msgs) StdoutLine: {'line': b'-- Up-to-date: /home/nicolas/ws_ros2/install/px4_msgs/include/px4_msgs/px4_msgs/msg/detail/fixed_wing_longitudinal_setpoint__rosidl_typesupport_fastrtps_c.h\n'}
[0.849151] (px4_msgs) StdoutLine: {'line': b'-- Up-to-date: /home/nicolas/ws_ros2/install/px4_msgs/include/px4_msgs/px4_msgs/msg/detail/debug_vect__rosidl_typesupport_fastrtps_c.h\n'}
[0.849184] (px4_msgs) StdoutLine: {'line': b'-- Up-to-date: /home/nicolas/ws_ros2/install/px4_msgs/include/px4_msgs/px4_msgs/msg/detail/parameter_update__rosidl_typesupport_fastrtps_c.h\n'}
[0.849223] (px4_msgs) StdoutLine: {'line': b'-- Up-to-date: /home/nicolas/ws_ros2/install/px4_msgs/include/px4_msgs/px4_msgs/msg/detail/geofence_status__rosidl_typesupport_fastrtps_c.h\n'}
[0.849258] (px4_msgs) StdoutLine: {'line': b'-- Up-to-date: /home/nicolas/ws_ros2/install/px4_msgs/include/px4_msgs/px4_msgs/msg/detail/esc_status__rosidl_typesupport_fastrtps_c.h\n'}
[0.849290] (px4_msgs) StdoutLine: {'line': b'-- Up-to-date: /home/nicolas/ws_ros2/install/px4_msgs/include/px4_msgs/px4_msgs/msg/detail/gps_dump__rosidl_typesupport_fastrtps_c.h\n'}
[0.849323] (px4_msgs) StdoutLine: {'line': b'-- Up-to-date: /home/nicolas/ws_ros2/install/px4_msgs/include/px4_msgs/px4_msgs/msg/detail/vehicle_optical_flow_vel__rosidl_typesupport_fastrtps_c.h\n'}
[0.849356] (px4_msgs) StdoutLine: {'line': b'-- Up-to-date: /home/nicolas/ws_ros2/install/px4_msgs/include/px4_msgs/px4_msgs/msg/detail/cpuload__rosidl_typesupport_fastrtps_c.h\n'}
[0.849389] (px4_msgs) StdoutLine: {'line': b'-- Up-to-date: /home/nicolas/ws_ros2/install/px4_msgs/include/px4_msgs/px4_msgs/msg/detail/position_setpoint_triplet__rosidl_typesupport_fastrtps_c.h\n'}
[0.849422] (px4_msgs) StdoutLine: {'line': b'-- Up-to-date: /home/nicolas/ws_ros2/install/px4_msgs/include/px4_msgs/px4_msgs/msg/rosidl_typesupport_fastrtps_c__visibility_control.h\n'}
[0.849453] (px4_msgs) StdoutLine: {'line': b'-- Up-to-date: /home/nicolas/ws_ros2/install/px4_msgs/lib/libpx4_msgs__rosidl_typesupport_fastrtps_c.so\n'}
[0.849488] (px4_msgs) StdoutLine: {'line': b'-- Up-to-date: /home/nicolas/ws_ros2/install/px4_msgs/include/px4_msgs/px4_msgs\n'}
[0.849521] (px4_msgs) StdoutLine: {'line': b'-- Up-to-date: /home/nicolas/ws_ros2/install/px4_msgs/include/px4_msgs/px4_msgs/srv\n'}
[0.849555] (px4_msgs) StdoutLine: {'line': b'-- Up-to-date: /home/nicolas/ws_ros2/install/px4_msgs/include/px4_msgs/px4_msgs/srv/detail\n'}
[0.849588] (px4_msgs) StdoutLine: {'line': b'-- Up-to-date: /home/nicolas/ws_ros2/install/px4_msgs/include/px4_msgs/px4_msgs/srv/detail/vehicle_command__traits.hpp\n'}
[0.849621] (px4_msgs) StdoutLine: {'line': b'-- Up-to-date: /home/nicolas/ws_ros2/install/px4_msgs/include/px4_msgs/px4_msgs/srv/detail/vehicle_command__type_support.hpp\n'}
[0.849657] (px4_msgs) StdoutLine: {'line': b'-- Up-to-date: /home/nicolas/ws_ros2/install/px4_msgs/include/px4_msgs/px4_msgs/srv/detail/vehicle_command__struct.hpp\n'}
[0.849695] (px4_msgs) StdoutLine: {'line': b'-- Up-to-date: /home/nicolas/ws_ros2/install/px4_msgs/include/px4_msgs/px4_msgs/srv/detail/vehicle_command__builder.hpp\n'}
[0.849731] (px4_msgs) StdoutLine: {'line': b'-- Up-to-date: /home/nicolas/ws_ros2/install/px4_msgs/include/px4_msgs/px4_msgs/srv/vehicle_command.hpp\n'}
[0.849766] (px4_msgs) StdoutLine: {'line': b'-- Up-to-date: /home/nicolas/ws_ros2/install/px4_msgs/include/px4_msgs/px4_msgs/msg\n'}
[0.849800] (px4_msgs) StdoutLine: {'line': b'-- Up-to-date: /home/nicolas/ws_ros2/install/px4_msgs/include/px4_msgs/px4_msgs/msg/internal_combustion_engine_control.hpp\n'}
[0.849833] (px4_msgs) StdoutLine: {'line': b'-- Up-to-date: /home/nicolas/ws_ros2/install/px4_msgs/include/px4_msgs/px4_msgs/msg/vehicle_global_position.hpp\n'}
[0.849865] (px4_msgs) StdoutLine: {'line': b'-- Up-to-date: /home/nicolas/ws_ros2/install/px4_msgs/include/px4_msgs/px4_msgs/msg/debug_vect.hpp\n'}
[0.849898] (px4_msgs) StdoutLine: {'line': b'-- Up-to-date: /home/nicolas/ws_ros2/install/px4_msgs/include/px4_msgs/px4_msgs/msg/figure_eight_status.hpp\n'}
[0.849942] (px4_msgs) StdoutLine: {'line': b'-- Up-to-date: /home/nicolas/ws_ros2/install/px4_msgs/include/px4_msgs/px4_msgs/msg/yaw_estimator_status.hpp\n'}
[0.849976] (px4_msgs) StdoutLine: {'line': b'-- Up-to-date: /home/nicolas/ws_ros2/install/px4_msgs/include/px4_msgs/px4_msgs/msg/landing_target_pose.hpp\n'}
[0.850013] (px4_msgs) StdoutLine: {'line': b'-- Up-to-date: /home/nicolas/ws_ros2/install/px4_msgs/include/px4_msgs/px4_msgs/msg/autotune_attitude_control_status.hpp\n'}
[0.850047] (px4_msgs) StdoutLine: {'line': b'-- Up-to-date: /home/nicolas/ws_ros2/install/px4_msgs/include/px4_msgs/px4_msgs/msg/rover_throttle_setpoint.hpp\n'}
[0.850080] (px4_msgs) StdoutLine: {'line': b'-- Up-to-date: /home/nicolas/ws_ros2/install/px4_msgs/include/px4_msgs/px4_msgs/msg/sensor_hygrometer.hpp\n'}
[0.850114] (px4_msgs) StdoutLine: {'line': b'-- Up-to-date: /home/nicolas/ws_ros2/install/px4_msgs/include/px4_msgs/px4_msgs/msg/airspeed.hpp\n'}
[0.850147] (px4_msgs) StdoutLine: {'line': b'-- Up-to-date: /home/nicolas/ws_ros2/install/px4_msgs/include/px4_msgs/px4_msgs/msg/longitudinal_control_configuration.hpp\n'}
[0.850181] (px4_msgs) StdoutLine: {'line': b'-- Up-to-date: /home/nicolas/ws_ros2/install/px4_msgs/include/px4_msgs/px4_msgs/msg/log_message.hpp\n'}
[0.850213] (px4_msgs) StdoutLine: {'line': b'-- Up-to-date: /home/nicolas/ws_ros2/install/px4_msgs/include/px4_msgs/px4_msgs/msg/cellular_status.hpp\n'}
[0.850246] (px4_msgs) StdoutLine: {'line': b'-- Up-to-date: /home/nicolas/ws_ros2/install/px4_msgs/include/px4_msgs/px4_msgs/msg/sensor_gnss_relative.hpp\n'}
[0.850279] (px4_msgs) StdoutLine: {'line': b'-- Up-to-date: /home/nicolas/ws_ros2/install/px4_msgs/include/px4_msgs/px4_msgs/msg/vehicle_attitude.hpp\n'}
[0.850311] (px4_msgs) StdoutLine: {'line': b'-- Up-to-date: /home/nicolas/ws_ros2/install/px4_msgs/include/px4_msgs/px4_msgs/msg/telemetry_status.hpp\n'}
[0.850343] (px4_msgs) StdoutLine: {'line': b'-- Up-to-date: /home/nicolas/ws_ros2/install/px4_msgs/include/px4_msgs/px4_msgs/msg/obstacle_distance.hpp\n'}
[0.850375] (px4_msgs) StdoutLine: {'line': b'-- Up-to-date: /home/nicolas/ws_ros2/install/px4_msgs/include/px4_msgs/px4_msgs/msg/register_ext_component_reply.hpp\n'}
[0.850408] (px4_msgs) StdoutLine: {'line': b'-- Up-to-date: /home/nicolas/ws_ros2/install/px4_msgs/include/px4_msgs/px4_msgs/msg/system_power.hpp\n'}
[0.850447] (px4_msgs) StdoutLine: {'line': b'-- Up-to-date: /home/nicolas/ws_ros2/install/px4_msgs/include/px4_msgs/px4_msgs/msg/debug_key_value.hpp\n'}
[0.850480] (px4_msgs) StdoutLine: {'line': b'-- Up-to-date: /home/nicolas/ws_ros2/install/px4_msgs/include/px4_msgs/px4_msgs/msg/actuator_outputs.hpp\n'}
[0.850512] (px4_msgs) StdoutLine: {'line': b'-- Up-to-date: /home/nicolas/ws_ros2/install/px4_msgs/include/px4_msgs/px4_msgs/msg/follow_target_estimator.hpp\n'}
[0.850549] (px4_msgs) StdoutLine: {'line': b'-- Up-to-date: /home/nicolas/ws_ros2/install/px4_msgs/include/px4_msgs/px4_msgs/msg/open_drone_id_arm_status.hpp\n'}
[0.850583] (px4_msgs) StdoutLine: {'line': b'-- Up-to-date: /home/nicolas/ws_ros2/install/px4_msgs/include/px4_msgs/px4_msgs/msg/offboard_control_mode.hpp\n'}
[0.850626] (px4_msgs) StdoutLine: {'line': b'-- Up-to-date: /home/nicolas/ws_ros2/install/px4_msgs/include/px4_msgs/px4_msgs/msg/landing_target_innovations.hpp\n'}
[0.850659] (px4_msgs) StdoutLine: {'line': b'-- Up-to-date: /home/nicolas/ws_ros2/install/px4_msgs/include/px4_msgs/px4_msgs/msg/rover_steering_setpoint.hpp\n'}
[0.850695] (px4_msgs) StdoutLine: {'line': b'-- Up-to-date: /home/nicolas/ws_ros2/install/px4_msgs/include/px4_msgs/px4_msgs/msg/neural_control.hpp\n'}
[0.850731] (px4_msgs) StdoutLine: {'line': b'-- Up-to-date: /home/nicolas/ws_ros2/install/px4_msgs/include/px4_msgs/px4_msgs/msg/parameter_update.hpp\n'}
[0.850763] (px4_msgs) StdoutLine: {'line': b'-- Up-to-date: /home/nicolas/ws_ros2/install/px4_msgs/include/px4_msgs/px4_msgs/msg/mavlink_log.hpp\n'}
[0.850795] (px4_msgs) StdoutLine: {'line': b'-- Up-to-date: /home/nicolas/ws_ros2/install/px4_msgs/include/px4_msgs/px4_msgs/msg/pure_pursuit_status.hpp\n'}
[0.850828] (px4_msgs) StdoutLine: {'line': b'-- Up-to-date: /home/nicolas/ws_ros2/install/px4_msgs/include/px4_msgs/px4_msgs/msg/vehicle_command_ack.hpp\n'}
[0.850860] (px4_msgs) StdoutLine: {'line': b'-- Up-to-date: /home/nicolas/ws_ros2/install/px4_msgs/include/px4_msgs/px4_msgs/msg/sensors_status_imu.hpp\n'}
[0.850893] (px4_msgs) StdoutLine: {'line': b'-- Up-to-date: /home/nicolas/ws_ros2/install/px4_msgs/include/px4_msgs/px4_msgs/msg/orbit_status.hpp\n'}
[0.850926] (px4_msgs) StdoutLine: {'line': b'-- Up-to-date: /home/nicolas/ws_ros2/install/px4_msgs/include/px4_msgs/px4_msgs/msg/home_position.hpp\n'}
[0.850958] (px4_msgs) StdoutLine: {'line': b'-- Up-to-date: /home/nicolas/ws_ros2/install/px4_msgs/include/px4_msgs/px4_msgs/msg/internal_combustion_engine_status.hpp\n'}
[0.850991] (px4_msgs) StdoutLine: {'line': b'-- Up-to-date: /home/nicolas/ws_ros2/install/px4_msgs/include/px4_msgs/px4_msgs/msg/estimator_innovations.hpp\n'}
[0.851025] (px4_msgs) StdoutLine: {'line': b'-- Up-to-date: /home/nicolas/ws_ros2/install/px4_msgs/include/px4_msgs/px4_msgs/msg/led_control.hpp\n'}
[0.851058] (px4_msgs) StdoutLine: {'line': b'-- Up-to-date: /home/nicolas/ws_ros2/install/px4_msgs/include/px4_msgs/px4_msgs/msg/sensor_preflight_mag.hpp\n'}
[0.851091] (px4_msgs) StdoutLine: {'line': b'-- Up-to-date: /home/nicolas/ws_ros2/install/px4_msgs/include/px4_msgs/px4_msgs/msg/debug_value.hpp\n'}
[0.851125] (px4_msgs) StdoutLine: {'line': b'-- Up-to-date: /home/nicolas/ws_ros2/install/px4_msgs/include/px4_msgs/px4_msgs/msg/fuel_tank_status.hpp\n'}
[0.851158] (px4_msgs) StdoutLine: {'line': b'-- Up-to-date: /home/nicolas/ws_ros2/install/px4_msgs/include/px4_msgs/px4_msgs/msg/gimbal_manager_information.hpp\n'}
[0.851193] (px4_msgs) StdoutLine: {'line': b'-- Up-to-date: /home/nicolas/ws_ros2/install/px4_msgs/include/px4_msgs/px4_msgs/msg/task_stack_info.hpp\n'}
[0.851227] (px4_msgs) StdoutLine: {'line': b'-- Up-to-date: /home/nicolas/ws_ros2/install/px4_msgs/include/px4_msgs/px4_msgs/msg/parameter_set_value_request.hpp\n'}
[0.851259] (px4_msgs) StdoutLine: {'line': b'-- Up-to-date: /home/nicolas/ws_ros2/install/px4_msgs/include/px4_msgs/px4_msgs/msg/manual_control_setpoint.hpp\n'}
[0.851292] (px4_msgs) StdoutLine: {'line': b'-- Up-to-date: /home/nicolas/ws_ros2/install/px4_msgs/include/px4_msgs/px4_msgs/msg/action_request.hpp\n'}
[0.851325] (px4_msgs) StdoutLine: {'line': b'-- Up-to-date: /home/nicolas/ws_ros2/install/px4_msgs/include/px4_msgs/px4_msgs/msg/rover_rate_setpoint.hpp\n'}
[0.851358] (px4_msgs) StdoutLine: {'line': b'-- Up-to-date: /home/nicolas/ws_ros2/install/px4_msgs/include/px4_msgs/px4_msgs/msg/orb_test_large.hpp\n'}
[0.851392] (px4_msgs) StdoutLine: {'line': b'-- Up-to-date: /home/nicolas/ws_ros2/install/px4_msgs/include/px4_msgs/px4_msgs/msg/airspeed_wind.hpp\n'}
[0.851427] (px4_msgs) StdoutLine: {'line': b'-- Up-to-date: /home/nicolas/ws_ros2/install/px4_msgs/include/px4_msgs/px4_msgs/msg/vehicle_imu.hpp\n'}
[0.851459] (px4_msgs) StdoutLine: {'line': b'-- Up-to-date: /home/nicolas/ws_ros2/install/px4_msgs/include/px4_msgs/px4_msgs/msg/sensor_gps.hpp\n'}
[0.851491] (px4_msgs) StdoutLine: {'line': b'-- Up-to-date: /home/nicolas/ws_ros2/install/px4_msgs/include/px4_msgs/px4_msgs/msg/rtl_time_estimate.hpp\n'}
[0.851524] (px4_msgs) StdoutLine: {'line': b'-- Up-to-date: /home/nicolas/ws_ros2/install/px4_msgs/include/px4_msgs/px4_msgs/msg/velocity_limits.hpp\n'}
[0.851557] (px4_msgs) StdoutLine: {'line': b'-- Up-to-date: /home/nicolas/ws_ros2/install/px4_msgs/include/px4_msgs/px4_msgs/msg/vehicle_magnetometer.hpp\n'}
[0.851589] (px4_msgs) StdoutLine: {'line': b'-- Up-to-date: /home/nicolas/ws_ros2/install/px4_msgs/include/px4_msgs/px4_msgs/msg/follow_target.hpp\n'}
[0.851621] (px4_msgs) StdoutLine: {'line': b'-- Up-to-date: /home/nicolas/ws_ros2/install/px4_msgs/include/px4_msgs/px4_msgs/msg/camera_trigger.hpp\n'}
[0.851655] (px4_msgs) StdoutLine: {'line': b'-- Up-to-date: /home/nicolas/ws_ros2/install/px4_msgs/include/px4_msgs/px4_msgs/msg/gpio_in.hpp\n'}
[0.851690] (px4_msgs) StdoutLine: {'line': b'-- Up-to-date: /home/nicolas/ws_ros2/install/px4_msgs/include/px4_msgs/px4_msgs/msg/tiltrotor_extra_controls.hpp\n'}
[0.851726] (px4_msgs) StdoutLine: {'line': b'-- Up-to-date: /home/nicolas/ws_ros2/install/px4_msgs/include/px4_msgs/px4_msgs/msg/input_rc.hpp\n'}
[0.851764] (px4_msgs) StdoutLine: {'line': b'-- Up-to-date: /home/nicolas/ws_ros2/install/px4_msgs/include/px4_msgs/px4_msgs/msg/gimbal_device_information.hpp\n'}
[0.851796] (px4_msgs) StdoutLine: {'line': b'-- Up-to-date: /home/nicolas/ws_ros2/install/px4_msgs/include/px4_msgs/px4_msgs/msg/position_setpoint_triplet.hpp\n'}
[0.851828] (px4_msgs) StdoutLine: {'line': b'-- Up-to-date: /home/nicolas/ws_ros2/install/px4_msgs/include/px4_msgs/px4_msgs/msg/rover_rate_status.hpp\n'}
[0.851861] (px4_msgs) StdoutLine: {'line': b'-- Up-to-date: /home/nicolas/ws_ros2/install/px4_msgs/include/px4_msgs/px4_msgs/msg/gps_dump.hpp\n'}
[0.851893] (px4_msgs) StdoutLine: {'line': b'-- Up-to-date: /home/nicolas/ws_ros2/install/px4_msgs/include/px4_msgs/px4_msgs/msg/gripper.hpp\n'}
[0.851925] (px4_msgs) StdoutLine: {'line': b'-- Up-to-date: /home/nicolas/ws_ros2/install/px4_msgs/include/px4_msgs/px4_msgs/msg/gimbal_manager_set_attitude.hpp\n'}
[0.851958] (px4_msgs) StdoutLine: {'line': b'-- Up-to-date: /home/nicolas/ws_ros2/install/px4_msgs/include/px4_msgs/px4_msgs/msg/vehicle_thrust_setpoint.hpp\n'}
[0.851990] (px4_msgs) StdoutLine: {'line': b'-- Up-to-date: /home/nicolas/ws_ros2/install/px4_msgs/include/px4_msgs/px4_msgs/msg/distance_sensor.hpp\n'}
[0.852022] (px4_msgs) StdoutLine: {'line': b'-- Up-to-date: /home/nicolas/ws_ros2/install/px4_msgs/include/px4_msgs/px4_msgs/msg/airspeed_validated.hpp\n'}
[0.852055] (px4_msgs) StdoutLine: {'line': b'-- Up-to-date: /home/nicolas/ws_ros2/install/px4_msgs/include/px4_msgs/px4_msgs/msg/fixed_wing_runway_control.hpp\n'}
[0.852089] (px4_msgs) StdoutLine: {'line': b'-- Up-to-date: /home/nicolas/ws_ros2/install/px4_msgs/include/px4_msgs/px4_msgs/msg/detail\n'}
[0.852121] (px4_msgs) StdoutLine: {'line': b'-- Up-to-date: /home/nicolas/ws_ros2/install/px4_msgs/include/px4_msgs/px4_msgs/msg/detail/airspeed__struct.hpp\n'}
[0.852154] (px4_msgs) StdoutLine: {'line': b'-- Up-to-date: /home/nicolas/ws_ros2/install/px4_msgs/include/px4_msgs/px4_msgs/msg/detail/gpio_config__traits.hpp\n'}
[0.852189] (px4_msgs) StdoutLine: {'line': b'-- Up-to-date: /home/nicolas/ws_ros2/install/px4_msgs/include/px4_msgs/px4_msgs/msg/detail/vehicle_roi__struct.hpp\n'}
[0.852222] (px4_msgs) StdoutLine: {'line': b'-- Up-to-date: /home/nicolas/ws_ros2/install/px4_msgs/include/px4_msgs/px4_msgs/msg/detail/sensors_status_imu__struct.hpp\n'}
[0.852255] (px4_msgs) StdoutLine: {'line': b'-- Up-to-date: /home/nicolas/ws_ros2/install/px4_msgs/include/px4_msgs/px4_msgs/msg/detail/airspeed_wind__type_support.hpp\n'}
[0.852291] (px4_msgs) StdoutLine: {'line': b'-- Up-to-date: /home/nicolas/ws_ros2/install/px4_msgs/include/px4_msgs/px4_msgs/msg/detail/heater_status__traits.hpp\n'}
[0.852326] (px4_msgs) StdoutLine: {'line': b'-- Up-to-date: /home/nicolas/ws_ros2/install/px4_msgs/include/px4_msgs/px4_msgs/msg/detail/rover_steering_setpoint__traits.hpp\n'}
[0.852362] (px4_msgs) StdoutLine: {'line': b'-- Up-to-date: /home/nicolas/ws_ros2/install/px4_msgs/include/px4_msgs/px4_msgs/msg/detail/control_allocator_status__traits.hpp\n'}
[0.852396] (px4_msgs) StdoutLine: {'line': b'-- Up-to-date: /home/nicolas/ws_ros2/install/px4_msgs/include/px4_msgs/px4_msgs/msg/detail/geofence_result__type_support.hpp\n'}
[0.852429] (px4_msgs) StdoutLine: {'line': b'-- Up-to-date: /home/nicolas/ws_ros2/install/px4_msgs/include/px4_msgs/px4_msgs/msg/detail/internal_combustion_engine_status__builder.hpp\n'}
[0.852463] (px4_msgs) StdoutLine: {'line': b'-- Up-to-date: /home/nicolas/ws_ros2/install/px4_msgs/include/px4_msgs/px4_msgs/msg/detail/orb_test__type_support.hpp\n'}
[0.852496] (px4_msgs) StdoutLine: {'line': b'-- Up-to-date: /home/nicolas/ws_ros2/install/px4_msgs/include/px4_msgs/px4_msgs/msg/detail/camera_capture__traits.hpp\n'}
[0.852529] (px4_msgs) StdoutLine: {'line': b'-- Up-to-date: /home/nicolas/ws_ros2/install/px4_msgs/include/px4_msgs/px4_msgs/msg/detail/manual_control_setpoint__traits.hpp\n'}
[0.852563] (px4_msgs) StdoutLine: {'line': b'-- Up-to-date: /home/nicolas/ws_ros2/install/px4_msgs/include/px4_msgs/px4_msgs/msg/detail/vehicle_constraints__builder.hpp\n'}
[0.852596] (px4_msgs) StdoutLine: {'line': b'-- Up-to-date: /home/nicolas/ws_ros2/install/px4_msgs/include/px4_msgs/px4_msgs/msg/detail/vehicle_attitude_setpoint__struct.hpp\n'}
[0.852628] (px4_msgs) StdoutLine: {'line': b'-- Up-to-date: /home/nicolas/ws_ros2/install/px4_msgs/include/px4_msgs/px4_msgs/msg/detail/geofence_status__type_support.hpp\n'}
[0.852660] (px4_msgs) StdoutLine: {'line': b'-- Up-to-date: /home/nicolas/ws_ros2/install/px4_msgs/include/px4_msgs/px4_msgs/msg/detail/normalized_unsigned_setpoint__traits.hpp\n'}
[0.852698] (px4_msgs) StdoutLine: {'line': b'-- Up-to-date: /home/nicolas/ws_ros2/install/px4_msgs/include/px4_msgs/px4_msgs/msg/detail/sensor_gnss_status__struct.hpp\n'}
[0.852735] (px4_msgs) StdoutLine: {'line': b'-- Up-to-date: /home/nicolas/ws_ros2/install/px4_msgs/include/px4_msgs/px4_msgs/msg/detail/internal_combustion_engine_control__traits.hpp\n'}
[0.852767] (px4_msgs) StdoutLine: {'line': b'-- Up-to-date: /home/nicolas/ws_ros2/install/px4_msgs/include/px4_msgs/px4_msgs/msg/detail/figure_eight_status__type_support.hpp\n'}
[0.852804] (px4_msgs) StdoutLine: {'line': b'-- Up-to-date: /home/nicolas/ws_ros2/install/px4_msgs/include/px4_msgs/px4_msgs/msg/detail/pure_pursuit_status__builder.hpp\n'}
[0.852842] (px4_msgs) StdoutLine: {'line': b'-- Up-to-date: /home/nicolas/ws_ros2/install/px4_msgs/include/px4_msgs/px4_msgs/msg/detail/estimator_status__struct.hpp\n'}
[0.852874] (px4_msgs) StdoutLine: {'line': b'-- Up-to-date: /home/nicolas/ws_ros2/install/px4_msgs/include/px4_msgs/px4_msgs/msg/detail/dronecan_node_status__traits.hpp\n'}
[0.852912] (px4_msgs) StdoutLine: {'line': b'-- Up-to-date: /home/nicolas/ws_ros2/install/px4_msgs/include/px4_msgs/px4_msgs/msg/detail/offboard_control_mode__type_support.hpp\n'}
[0.852946] (px4_msgs) StdoutLine: {'line': b'-- Up-to-date: /home/nicolas/ws_ros2/install/px4_msgs/include/px4_msgs/px4_msgs/msg/detail/vehicle_rates_setpoint__struct.hpp\n'}
[0.852979] (px4_msgs) StdoutLine: {'line': b'-- Up-to-date: /home/nicolas/ws_ros2/install/px4_msgs/include/px4_msgs/px4_msgs/msg/detail/estimator_bias__struct.hpp\n'}
[0.853011] (px4_msgs) StdoutLine: {'line': b'-- Up-to-date: /home/nicolas/ws_ros2/install/px4_msgs/include/px4_msgs/px4_msgs/msg/detail/estimator_status_flags__builder.hpp\n'}
[0.853044] (px4_msgs) StdoutLine: {'line': b'-- Up-to-date: /home/nicolas/ws_ros2/install/px4_msgs/include/px4_msgs/px4_msgs/msg/detail/gpio_in__builder.hpp\n'}
[0.853082] (px4_msgs) StdoutLine: {'line': b'-- Up-to-date: /home/nicolas/ws_ros2/install/px4_msgs/include/px4_msgs/px4_msgs/msg/detail/takeoff_status__type_support.hpp\n'}
[0.853115] (px4_msgs) StdoutLine: {'line': b'-- Up-to-date: /home/nicolas/ws_ros2/install/px4_msgs/include/px4_msgs/px4_msgs/msg/detail/vehicle_torque_setpoint__traits.hpp\n'}
[0.853147] (px4_msgs) StdoutLine: {'line': b'-- Up-to-date: /home/nicolas/ws_ros2/install/px4_msgs/include/px4_msgs/px4_msgs/msg/detail/vehicle_land_detected__traits.hpp\n'}
[0.853180] (px4_msgs) StdoutLine: {'line': b'-- Up-to-date: /home/nicolas/ws_ros2/install/px4_msgs/include/px4_msgs/px4_msgs/msg/detail/failure_detector_status__traits.hpp\n'}
[0.853212] (px4_msgs) StdoutLine: {'line': b'-- Up-to-date: /home/nicolas/ws_ros2/install/px4_msgs/include/px4_msgs/px4_msgs/msg/detail/sensor_gnss_relative__builder.hpp\n'}
[0.853244] (px4_msgs) StdoutLine: {'line': b'-- Up-to-date: /home/nicolas/ws_ros2/install/px4_msgs/include/px4_msgs/px4_msgs/msg/detail/longitudinal_control_configuration__traits.hpp\n'}
[0.853279] (px4_msgs) StdoutLine: {'line': b'-- Up-to-date: /home/nicolas/ws_ros2/install/px4_msgs/include/px4_msgs/px4_msgs/msg/detail/fixed_wing_runway_control__builder.hpp\n'}
[0.853311] (px4_msgs) StdoutLine: {'line': b'-- Up-to-date: /home/nicolas/ws_ros2/install/px4_msgs/include/px4_msgs/px4_msgs/msg/detail/camera_trigger__struct.hpp\n'}
[0.853344] (px4_msgs) StdoutLine: {'line': b'-- Up-to-date: /home/nicolas/ws_ros2/install/px4_msgs/include/px4_msgs/px4_msgs/msg/detail/rover_speed_setpoint__builder.hpp\n'}
[0.853380] (px4_msgs) StdoutLine: {'line': b'-- Up-to-date: /home/nicolas/ws_ros2/install/px4_msgs/include/px4_msgs/px4_msgs/msg/detail/ulog_stream__traits.hpp\n'}
[0.853413] (px4_msgs) StdoutLine: {'line': b'-- Up-to-date: /home/nicolas/ws_ros2/install/px4_msgs/include/px4_msgs/px4_msgs/msg/detail/gpio_in__traits.hpp\n'}
[0.853445] (px4_msgs) StdoutLine: {'line': b'-- Up-to-date: /home/nicolas/ws_ros2/install/px4_msgs/include/px4_msgs/px4_msgs/msg/detail/actuator_motors__builder.hpp\n'}
[0.853478] (px4_msgs) StdoutLine: {'line': b'-- Up-to-date: /home/nicolas/ws_ros2/install/px4_msgs/include/px4_msgs/px4_msgs/msg/detail/normalized_unsigned_setpoint__struct.hpp\n'}
[0.853511] (px4_msgs) StdoutLine: {'line': b'-- Up-to-date: /home/nicolas/ws_ros2/install/px4_msgs/include/px4_msgs/px4_msgs/msg/detail/action_request__builder.hpp\n'}
[0.853543] (px4_msgs) StdoutLine: {'line': b'-- Up-to-date: /home/nicolas/ws_ros2/install/px4_msgs/include/px4_msgs/px4_msgs/msg/detail/estimator_bias__builder.hpp\n'}
[0.853575] (px4_msgs) StdoutLine: {'line': b'-- Up-to-date: /home/nicolas/ws_ros2/install/px4_msgs/include/px4_msgs/px4_msgs/msg/detail/velocity_limits__struct.hpp\n'}
[0.853608] (px4_msgs) StdoutLine: {'line': b'-- Up-to-date: /home/nicolas/ws_ros2/install/px4_msgs/include/px4_msgs/px4_msgs/msg/detail/cellular_status__builder.hpp\n'}
[0.853640] (px4_msgs) StdoutLine: {'line': b'-- Up-to-date: /home/nicolas/ws_ros2/install/px4_msgs/include/px4_msgs/px4_msgs/msg/detail/battery_status__type_support.hpp\n'}
[0.853674] (px4_msgs) StdoutLine: {'line': b'-- Up-to-date: /home/nicolas/ws_ros2/install/px4_msgs/include/px4_msgs/px4_msgs/msg/detail/failure_detector_status__type_support.hpp\n'}
[0.853713] (px4_msgs) StdoutLine: {'line': b'-- Up-to-date: /home/nicolas/ws_ros2/install/px4_msgs/include/px4_msgs/px4_msgs/msg/detail/register_ext_component_reply__builder.hpp\n'}
[0.853746] (px4_msgs) StdoutLine: {'line': b'-- Up-to-date: /home/nicolas/ws_ros2/install/px4_msgs/include/px4_msgs/px4_msgs/msg/detail/ulog_stream_ack__builder.hpp\n'}
[0.853779] (px4_msgs) StdoutLine: {'line': b'-- Up-to-date: /home/nicolas/ws_ros2/install/px4_msgs/include/px4_msgs/px4_msgs/msg/detail/estimator_aid_source3d__builder.hpp\n'}
[0.853814] (px4_msgs) StdoutLine: {'line': b'-- Up-to-date: /home/nicolas/ws_ros2/install/px4_msgs/include/px4_msgs/px4_msgs/msg/detail/normalized_unsigned_setpoint__type_support.hpp\n'}
[0.853847] (px4_msgs) StdoutLine: {'line': b'-- Up-to-date: /home/nicolas/ws_ros2/install/px4_msgs/include/px4_msgs/px4_msgs/msg/detail/airspeed_wind__traits.hpp\n'}
[0.853882] (px4_msgs) StdoutLine: {'line': b'-- Up-to-date: /home/nicolas/ws_ros2/install/px4_msgs/include/px4_msgs/px4_msgs/msg/detail/telemetry_status__builder.hpp\n'}
[0.853915] (px4_msgs) StdoutLine: {'line': b'-- Up-to-date: /home/nicolas/ws_ros2/install/px4_msgs/include/px4_msgs/px4_msgs/msg/detail/landing_target_pose__traits.hpp\n'}
[0.853958] (px4_msgs) StdoutLine: {'line': b'-- Up-to-date: /home/nicolas/ws_ros2/install/px4_msgs/include/px4_msgs/px4_msgs/msg/detail/fixed_wing_runway_control__struct.hpp\n'}
[0.853992] (px4_msgs) StdoutLine: {'line': b'-- Up-to-date: /home/nicolas/ws_ros2/install/px4_msgs/include/px4_msgs/px4_msgs/msg/detail/failure_detector_status__builder.hpp\n'}
[0.854031] (px4_msgs) StdoutLine: {'line': b'-- Up-to-date: /home/nicolas/ws_ros2/install/px4_msgs/include/px4_msgs/px4_msgs/msg/detail/qshell_req__traits.hpp\n'}
[0.854063] (px4_msgs) StdoutLine: {'line': b'-- Up-to-date: /home/nicolas/ws_ros2/install/px4_msgs/include/px4_msgs/px4_msgs/msg/detail/dataman_request__traits.hpp\n'}
[0.854097] (px4_msgs) StdoutLine: {'line': b'-- Up-to-date: /home/nicolas/ws_ros2/install/px4_msgs/include/px4_msgs/px4_msgs/msg/detail/manual_control_setpoint__type_support.hpp\n'}
[0.854129] (px4_msgs) StdoutLine: {'line': b'-- Up-to-date: /home/nicolas/ws_ros2/install/px4_msgs/include/px4_msgs/px4_msgs/msg/detail/led_control__struct.hpp\n'}
[0.854161] (px4_msgs) StdoutLine: {'line': b'-- Up-to-date: /home/nicolas/ws_ros2/install/px4_msgs/include/px4_msgs/px4_msgs/msg/detail/rate_ctrl_status__traits.hpp\n'}
[0.854194] (px4_msgs) StdoutLine: {'line': b'-- Up-to-date: /home/nicolas/ws_ros2/install/px4_msgs/include/px4_msgs/px4_msgs/msg/detail/vehicle_local_position_setpoint__struct.hpp\n'}
[0.854227] (px4_msgs) StdoutLine: {'line': b'-- Up-to-date: /home/nicolas/ws_ros2/install/px4_msgs/include/px4_msgs/px4_msgs/msg/detail/ulog_stream__struct.hpp\n'}
[0.854259] (px4_msgs) StdoutLine: {'line': b'-- Up-to-date: /home/nicolas/ws_ros2/install/px4_msgs/include/px4_msgs/px4_msgs/msg/detail/lateral_control_configuration__traits.hpp\n'}
[0.854292] (px4_msgs) StdoutLine: {'line': b'-- Up-to-date: /home/nicolas/ws_ros2/install/px4_msgs/include/px4_msgs/px4_msgs/msg/detail/sensor_gnss_status__traits.hpp\n'}
[0.854325] (px4_msgs) StdoutLine: {'line': b'-- Up-to-date: /home/nicolas/ws_ros2/install/px4_msgs/include/px4_msgs/px4_msgs/msg/detail/vehicle_odometry__type_support.hpp\n'}
[0.854358] (px4_msgs) StdoutLine: {'line': b'-- Up-to-date: /home/nicolas/ws_ros2/install/px4_msgs/include/px4_msgs/px4_msgs/msg/detail/rpm__struct.hpp\n'}
[0.854390] (px4_msgs) StdoutLine: {'line': b'-- Up-to-date: /home/nicolas/ws_ros2/install/px4_msgs/include/px4_msgs/px4_msgs/msg/detail/fixed_wing_lateral_setpoint__struct.hpp\n'}
[0.854426] (px4_msgs) StdoutLine: {'line': b'-- Up-to-date: /home/nicolas/ws_ros2/install/px4_msgs/include/px4_msgs/px4_msgs/msg/detail/position_controller_status__builder.hpp\n'}
[0.854459] (px4_msgs) StdoutLine: {'line': b'-- Up-to-date: /home/nicolas/ws_ros2/install/px4_msgs/include/px4_msgs/px4_msgs/msg/detail/rpm__builder.hpp\n'}
[0.854491] (px4_msgs) StdoutLine: {'line': b'-- Up-to-date: /home/nicolas/ws_ros2/install/px4_msgs/include/px4_msgs/px4_msgs/msg/detail/sensor_gps__traits.hpp\n'}
[0.854523] (px4_msgs) StdoutLine: {'line': b'-- Up-to-date: /home/nicolas/ws_ros2/install/px4_msgs/include/px4_msgs/px4_msgs/msg/detail/airspeed_validated__struct.hpp\n'}
[0.854556] (px4_msgs) StdoutLine: {'line': b'-- Up-to-date: /home/nicolas/ws_ros2/install/px4_msgs/include/px4_msgs/px4_msgs/msg/detail/trajectory_setpoint6dof__traits.hpp\n'}
[0.854588] (px4_msgs) StdoutLine: {'line': b'-- Up-to-date: /home/nicolas/ws_ros2/install/px4_msgs/include/px4_msgs/px4_msgs/msg/detail/estimator_status_flags__struct.hpp\n'}
[0.854621] (px4_msgs) StdoutLine: {'line': b'-- Up-to-date: /home/nicolas/ws_ros2/install/px4_msgs/include/px4_msgs/px4_msgs/msg/detail/rc_channels__traits.hpp\n'}
[0.854654] (px4_msgs) StdoutLine: {'line': b'-- Up-to-date: /home/nicolas/ws_ros2/install/px4_msgs/include/px4_msgs/px4_msgs/msg/detail/rover_rate_status__builder.hpp\n'}
[0.854693] (px4_msgs) StdoutLine: {'line': b'-- Up-to-date: /home/nicolas/ws_ros2/install/px4_msgs/include/px4_msgs/px4_msgs/msg/detail/neural_control__traits.hpp\n'}
[0.854727] (px4_msgs) StdoutLine: {'line': b'-- Up-to-date: /home/nicolas/ws_ros2/install/px4_msgs/include/px4_msgs/px4_msgs/msg/detail/tecs_status__builder.hpp\n'}
[0.854761] (px4_msgs) StdoutLine: {'line': b'-- Up-to-date: /home/nicolas/ws_ros2/install/px4_msgs/include/px4_msgs/px4_msgs/msg/detail/parameter_set_value_request__traits.hpp\n'}
[0.854793] (px4_msgs) StdoutLine: {'line': b'-- Up-to-date: /home/nicolas/ws_ros2/install/px4_msgs/include/px4_msgs/px4_msgs/msg/detail/estimator_status__builder.hpp\n'}
[0.854825] (px4_msgs) StdoutLine: {'line': b'-- Up-to-date: /home/nicolas/ws_ros2/install/px4_msgs/include/px4_msgs/px4_msgs/msg/detail/sensor_combined__struct.hpp\n'}
[0.854856] (px4_msgs) StdoutLine: {'line': b'-- Up-to-date: /home/nicolas/ws_ros2/install/px4_msgs/include/px4_msgs/px4_msgs/msg/detail/estimator_aid_source3d__type_support.hpp\n'}
[0.854892] (px4_msgs) StdoutLine: {'line': b'-- Up-to-date: /home/nicolas/ws_ros2/install/px4_msgs/include/px4_msgs/px4_msgs/msg/detail/actuator_controls_status__struct.hpp\n'}
[0.854925] (px4_msgs) StdoutLine: {'line': b'-- Up-to-date: /home/nicolas/ws_ros2/install/px4_msgs/include/px4_msgs/px4_msgs/msg/detail/sensor_gps__struct.hpp\n'}
[0.854958] (px4_msgs) StdoutLine: {'line': b'-- Up-to-date: /home/nicolas/ws_ros2/install/px4_msgs/include/px4_msgs/px4_msgs/msg/detail/fixed_wing_lateral_guidance_status__builder.hpp\n'}
[0.854990] (px4_msgs) StdoutLine: {'line': b'-- Up-to-date: /home/nicolas/ws_ros2/install/px4_msgs/include/px4_msgs/px4_msgs/msg/detail/rover_throttle_setpoint__struct.hpp\n'}
[0.855023] (px4_msgs) StdoutLine: {'line': b'-- Up-to-date: /home/nicolas/ws_ros2/install/px4_msgs/include/px4_msgs/px4_msgs/msg/detail/geofence_result__struct.hpp\n'}
[0.855055] (px4_msgs) StdoutLine: {'line': b'-- Up-to-date: /home/nicolas/ws_ros2/install/px4_msgs/include/px4_msgs/px4_msgs/msg/detail/actuator_servos_trim__traits.hpp\n'}
[0.855087] (px4_msgs) StdoutLine: {'line': b'-- Up-to-date: /home/nicolas/ws_ros2/install/px4_msgs/include/px4_msgs/px4_msgs/msg/detail/gimbal_manager_set_attitude__builder.hpp\n'}
[0.855119] (px4_msgs) StdoutLine: {'line': b'-- Up-to-date: /home/nicolas/ws_ros2/install/px4_msgs/include/px4_msgs/px4_msgs/msg/detail/landing_gear_wheel__struct.hpp\n'}
[0.855157] (px4_msgs) StdoutLine: {'line': b'-- Up-to-date: /home/nicolas/ws_ros2/install/px4_msgs/include/px4_msgs/px4_msgs/msg/detail/offboard_control_mode__builder.hpp\n'}
[0.855190] (px4_msgs) StdoutLine: {'line': b'-- Up-to-date: /home/nicolas/ws_ros2/install/px4_msgs/include/px4_msgs/px4_msgs/msg/detail/dataman_response__traits.hpp\n'}
[0.855224] (px4_msgs) StdoutLine: {'line': b'-- Up-to-date: /home/nicolas/ws_ros2/install/px4_msgs/include/px4_msgs/px4_msgs/msg/detail/longitudinal_control_configuration__builder.hpp\n'}
[0.855258] (px4_msgs) StdoutLine: {'line': b'-- Up-to-date: /home/nicolas/ws_ros2/install/px4_msgs/include/px4_msgs/px4_msgs/msg/detail/vehicle_attitude_setpoint__type_support.hpp\n'}
[0.855290] (px4_msgs) StdoutLine: {'line': b'-- Up-to-date: /home/nicolas/ws_ros2/install/px4_msgs/include/px4_msgs/px4_msgs/msg/detail/battery_status__struct.hpp\n'}
[0.855324] (px4_msgs) StdoutLine: {'line': b'-- Up-to-date: /home/nicolas/ws_ros2/install/px4_msgs/include/px4_msgs/px4_msgs/msg/detail/gimbal_manager_status__struct.hpp\n'}
[0.855356] (px4_msgs) StdoutLine: {'line': b'-- Up-to-date: /home/nicolas/ws_ros2/install/px4_msgs/include/px4_msgs/px4_msgs/msg/detail/yaw_estimator_status__traits.hpp\n'}
[0.855388] (px4_msgs) StdoutLine: {'line': b'-- Up-to-date: /home/nicolas/ws_ros2/install/px4_msgs/include/px4_msgs/px4_msgs/msg/detail/gimbal_manager_information__struct.hpp\n'}
[0.855422] (px4_msgs) StdoutLine: {'line': b'-- Up-to-date: /home/nicolas/ws_ros2/install/px4_msgs/include/px4_msgs/px4_msgs/msg/detail/vehicle_status__type_support.hpp\n'}
[0.855458] (px4_msgs) StdoutLine: {'line': b'-- Up-to-date: /home/nicolas/ws_ros2/install/px4_msgs/include/px4_msgs/px4_msgs/msg/detail/vehicle_rates_setpoint__traits.hpp\n'}
[0.855494] (px4_msgs) StdoutLine: {'line': b'-- Up-to-date: /home/nicolas/ws_ros2/install/px4_msgs/include/px4_msgs/px4_msgs/msg/detail/gimbal_manager_information__type_support.hpp\n'}
[0.855527] (px4_msgs) StdoutLine: {'line': b'-- Up-to-date: /home/nicolas/ws_ros2/install/px4_msgs/include/px4_msgs/px4_msgs/msg/detail/pure_pursuit_status__type_support.hpp\n'}
[0.855560] (px4_msgs) StdoutLine: {'line': b'-- Up-to-date: /home/nicolas/ws_ros2/install/px4_msgs/include/px4_msgs/px4_msgs/msg/detail/vehicle_angular_acceleration_setpoint__traits.hpp\n'}
[0.855594] (px4_msgs) StdoutLine: {'line': b'-- Up-to-date: /home/nicolas/ws_ros2/install/px4_msgs/include/px4_msgs/px4_msgs/msg/detail/gpio_in__struct.hpp\n'}
[0.855626] (px4_msgs) StdoutLine: {'line': b'-- Up-to-date: /home/nicolas/ws_ros2/install/px4_msgs/include/px4_msgs/px4_msgs/msg/detail/orb_test__traits.hpp\n'}
[0.855658] (px4_msgs) StdoutLine: {'line': b'-- Up-to-date: /home/nicolas/ws_ros2/install/px4_msgs/include/px4_msgs/px4_msgs/msg/detail/sensor_gnss_relative__type_support.hpp\n'}
[0.855695] (px4_msgs) StdoutLine: {'line': b'-- Up-to-date: /home/nicolas/ws_ros2/install/px4_msgs/include/px4_msgs/px4_msgs/msg/detail/sensors_status_imu__type_support.hpp\n'}
[0.855731] (px4_msgs) StdoutLine: {'line': b'-- Up-to-date: /home/nicolas/ws_ros2/install/px4_msgs/include/px4_msgs/px4_msgs/msg/detail/estimator_event_flags__struct.hpp\n'}
[0.855764] (px4_msgs) StdoutLine: {'line': b'-- Up-to-date: /home/nicolas/ws_ros2/install/px4_msgs/include/px4_msgs/px4_msgs/msg/detail/sensor_airflow__traits.hpp\n'}
[0.855797] (px4_msgs) StdoutLine: {'line': b'-- Up-to-date: /home/nicolas/ws_ros2/install/px4_msgs/include/px4_msgs/px4_msgs/msg/detail/rover_attitude_status__builder.hpp\n'}
[0.855829] (px4_msgs) StdoutLine: {'line': b'-- Up-to-date: /home/nicolas/ws_ros2/install/px4_msgs/include/px4_msgs/px4_msgs/msg/detail/config_overrides__traits.hpp\n'}
[0.855861] (px4_msgs) StdoutLine: {'line': b'-- Up-to-date: /home/nicolas/ws_ros2/install/px4_msgs/include/px4_msgs/px4_msgs/msg/detail/open_drone_id_arm_status__traits.hpp\n'}
[0.855894] (px4_msgs) StdoutLine: {'line': b'-- Up-to-date: /home/nicolas/ws_ros2/install/px4_msgs/include/px4_msgs/px4_msgs/msg/detail/register_ext_component_request__struct.hpp\n'}
[0.855927] (px4_msgs) StdoutLine: {'line': b'-- Up-to-date: /home/nicolas/ws_ros2/install/px4_msgs/include/px4_msgs/px4_msgs/msg/detail/task_stack_info__type_support.hpp\n'}
[0.855960] (px4_msgs) StdoutLine: {'line': b'-- Up-to-date: /home/nicolas/ws_ros2/install/px4_msgs/include/px4_msgs/px4_msgs/msg/detail/position_controller_status__type_support.hpp\n'}
[0.855993] (px4_msgs) StdoutLine: {'line': b'-- Up-to-date: /home/nicolas/ws_ros2/install/px4_msgs/include/px4_msgs/px4_msgs/msg/detail/estimator_bias3d__type_support.hpp\n'}
[0.856025] (px4_msgs) StdoutLine: {'line': b'-- Up-to-date: /home/nicolas/ws_ros2/install/px4_msgs/include/px4_msgs/px4_msgs/msg/detail/timesync_status__traits.hpp\n'}
[0.856058] (px4_msgs) StdoutLine: {'line': b'-- Up-to-date: /home/nicolas/ws_ros2/install/px4_msgs/include/px4_msgs/px4_msgs/msg/detail/parameter_set_value_request__struct.hpp\n'}
[0.856092] (px4_msgs) StdoutLine: {'line': b'-- Up-to-date: /home/nicolas/ws_ros2/install/px4_msgs/include/px4_msgs/px4_msgs/msg/detail/internal_combustion_engine_control__struct.hpp\n'}
[0.856125] (px4_msgs) StdoutLine: {'line': b'-- Up-to-date: /home/nicolas/ws_ros2/install/px4_msgs/include/px4_msgs/px4_msgs/msg/detail/estimator_aid_source2d__traits.hpp\n'}
[0.856159] (px4_msgs) StdoutLine: {'line': b'-- Up-to-date: /home/nicolas/ws_ros2/install/px4_msgs/include/px4_msgs/px4_msgs/msg/detail/sensors_status_imu__builder.hpp\n'}
[0.856192] (px4_msgs) StdoutLine: {'line': b'-- Up-to-date: /home/nicolas/ws_ros2/install/px4_msgs/include/px4_msgs/px4_msgs/msg/detail/register_ext_component_request__builder.hpp\n'}
[0.856230] (px4_msgs) StdoutLine: {'line': b'-- Up-to-date: /home/nicolas/ws_ros2/install/px4_msgs/include/px4_msgs/px4_msgs/msg/detail/gimbal_controls__traits.hpp\n'}
[0.856266] (px4_msgs) StdoutLine: {'line': b'-- Up-to-date: /home/nicolas/ws_ros2/install/px4_msgs/include/px4_msgs/px4_msgs/msg/detail/actuator_test__traits.hpp\n'}
[0.856298] (px4_msgs) StdoutLine: {'line': b'-- Up-to-date: /home/nicolas/ws_ros2/install/px4_msgs/include/px4_msgs/px4_msgs/msg/detail/position_setpoint__traits.hpp\n'}
[0.856331] (px4_msgs) StdoutLine: {'line': b'-- Up-to-date: /home/nicolas/ws_ros2/install/px4_msgs/include/px4_msgs/px4_msgs/msg/detail/button_event__traits.hpp\n'}
[0.856362] (px4_msgs) StdoutLine: {'line': b'-- Up-to-date: /home/nicolas/ws_ros2/install/px4_msgs/include/px4_msgs/px4_msgs/msg/detail/button_event__struct.hpp\n'}
[0.856396] (px4_msgs) StdoutLine: {'line': b'-- Up-to-date: /home/nicolas/ws_ros2/install/px4_msgs/include/px4_msgs/px4_msgs/msg/detail/estimator_aid_source2d__builder.hpp\n'}
[0.856429] (px4_msgs) StdoutLine: {'line': b'-- Up-to-date: /home/nicolas/ws_ros2/install/px4_msgs/include/px4_msgs/px4_msgs/msg/detail/gps_inject_data__builder.hpp\n'}
[0.856465] (px4_msgs) StdoutLine: {'line': b'-- Up-to-date: /home/nicolas/ws_ros2/install/px4_msgs/include/px4_msgs/px4_msgs/msg/detail/open_drone_id_operator_id__type_support.hpp\n'}
[0.856501] (px4_msgs) StdoutLine: {'line': b'-- Up-to-date: /home/nicolas/ws_ros2/install/px4_msgs/include/px4_msgs/px4_msgs/msg/detail/config_overrides__struct.hpp\n'}
[0.856534] (px4_msgs) StdoutLine: {'line': b'-- Up-to-date: /home/nicolas/ws_ros2/install/px4_msgs/include/px4_msgs/px4_msgs/msg/detail/vehicle_optical_flow_vel__traits.hpp\n'}
[0.856567] (px4_msgs) StdoutLine: {'line': b'-- Up-to-date: /home/nicolas/ws_ros2/install/px4_msgs/include/px4_msgs/px4_msgs/msg/detail/orb_test_large__struct.hpp\n'}
[0.856600] (px4_msgs) StdoutLine: {'line': b'-- Up-to-date: /home/nicolas/ws_ros2/install/px4_msgs/include/px4_msgs/px4_msgs/msg/detail/actuator_servos__struct.hpp\n'}
[0.856633] (px4_msgs) StdoutLine: {'line': b'-- Up-to-date: /home/nicolas/ws_ros2/install/px4_msgs/include/px4_msgs/px4_msgs/msg/detail/mount_orientation__type_support.hpp\n'}
[0.856666] (px4_msgs) StdoutLine: {'line': b'-- Up-to-date: /home/nicolas/ws_ros2/install/px4_msgs/include/px4_msgs/px4_msgs/msg/detail/distance_sensor__builder.hpp\n'}
[0.856703] (px4_msgs) StdoutLine: {'line': b'-- Up-to-date: /home/nicolas/ws_ros2/install/px4_msgs/include/px4_msgs/px4_msgs/msg/detail/fixed_wing_longitudinal_setpoint__type_support.hpp\n'}
[0.856737] (px4_msgs) StdoutLine: {'line': b'-- Up-to-date: /home/nicolas/ws_ros2/install/px4_msgs/include/px4_msgs/px4_msgs/msg/detail/landing_gear_wheel__builder.hpp\n'}
[0.856770] (px4_msgs) StdoutLine: {'line': b'-- Up-to-date: /home/nicolas/ws_ros2/install/px4_msgs/include/px4_msgs/px4_msgs/msg/detail/esc_report__traits.hpp\n'}
[0.856802] (px4_msgs) StdoutLine: {'line': b'-- Up-to-date: /home/nicolas/ws_ros2/install/px4_msgs/include/px4_msgs/px4_msgs/msg/detail/fixed_wing_lateral_guidance_status__struct.hpp\n'}
[0.856834] (px4_msgs) StdoutLine: {'line': b'-- Up-to-date: /home/nicolas/ws_ros2/install/px4_msgs/include/px4_msgs/px4_msgs/msg/detail/mode_completed__struct.hpp\n'}
[0.856868] (px4_msgs) StdoutLine: {'line': b'-- Up-to-date: /home/nicolas/ws_ros2/install/px4_msgs/include/px4_msgs/px4_msgs/msg/detail/actuator_servos_trim__builder.hpp\n'}
[0.856900] (px4_msgs) StdoutLine: {'line': b'-- Up-to-date: /home/nicolas/ws_ros2/install/px4_msgs/include/px4_msgs/px4_msgs/msg/detail/vehicle_control_mode__traits.hpp\n'}
[0.856940] (px4_msgs) StdoutLine: {'line': b'-- Up-to-date: /home/nicolas/ws_ros2/install/px4_msgs/include/px4_msgs/px4_msgs/msg/detail/log_message__struct.hpp\n'}
[0.856973] (px4_msgs) StdoutLine: {'line': b'-- Up-to-date: /home/nicolas/ws_ros2/install/px4_msgs/include/px4_msgs/px4_msgs/msg/detail/rover_rate_setpoint__builder.hpp\n'}
[0.857005] (px4_msgs) StdoutLine: {'line': b'-- Up-to-date: /home/nicolas/ws_ros2/install/px4_msgs/include/px4_msgs/px4_msgs/msg/detail/power_button_state__type_support.hpp\n'}
[0.857038] (px4_msgs) StdoutLine: {'line': b'-- Up-to-date: /home/nicolas/ws_ros2/install/px4_msgs/include/px4_msgs/px4_msgs/msg/detail/uavcan_parameter_request__struct.hpp\n'}
[0.857076] (px4_msgs) StdoutLine: {'line': b'-- Up-to-date: /home/nicolas/ws_ros2/install/px4_msgs/include/px4_msgs/px4_msgs/msg/detail/vehicle_optical_flow__traits.hpp\n'}
[0.857109] (px4_msgs) StdoutLine: {'line': b'-- Up-to-date: /home/nicolas/ws_ros2/install/px4_msgs/include/px4_msgs/px4_msgs/msg/detail/position_setpoint__struct.hpp\n'}
[0.857143] (px4_msgs) StdoutLine: {'line': b'-- Up-to-date: /home/nicolas/ws_ros2/install/px4_msgs/include/px4_msgs/px4_msgs/msg/detail/actuator_armed__type_support.hpp\n'}
[0.857177] (px4_msgs) StdoutLine: {'line': b'-- Up-to-date: /home/nicolas/ws_ros2/install/px4_msgs/include/px4_msgs/px4_msgs/msg/detail/sensor_hygrometer__type_support.hpp\n'}
[0.857211] (px4_msgs) StdoutLine: {'line': b'-- Up-to-date: /home/nicolas/ws_ros2/install/px4_msgs/include/px4_msgs/px4_msgs/msg/detail/sensors_status__type_support.hpp\n'}
[0.857244] (px4_msgs) StdoutLine: {'line': b'-- Up-to-date: /home/nicolas/ws_ros2/install/px4_msgs/include/px4_msgs/px4_msgs/msg/detail/estimator_sensor_bias__traits.hpp\n'}
[0.857277] (px4_msgs) StdoutLine: {'line': b'-- Up-to-date: /home/nicolas/ws_ros2/install/px4_msgs/include/px4_msgs/px4_msgs/msg/detail/vehicle_angular_velocity__builder.hpp\n'}
[0.857309] (px4_msgs) StdoutLine: {'line': b'-- Up-to-date: /home/nicolas/ws_ros2/install/px4_msgs/include/px4_msgs/px4_msgs/msg/detail/sensor_hygrometer__builder.hpp\n'}
[0.857348] (px4_msgs) StdoutLine: {'line': b'-- Up-to-date: /home/nicolas/ws_ros2/install/px4_msgs/include/px4_msgs/px4_msgs/msg/detail/mavlink_tunnel__type_support.hpp\n'}
[0.857381] (px4_msgs) StdoutLine: {'line': b'-- Up-to-date: /home/nicolas/ws_ros2/install/px4_msgs/include/px4_msgs/px4_msgs/msg/detail/radio_status__struct.hpp\n'}
[0.857413] (px4_msgs) StdoutLine: {'line': b'-- Up-to-date: /home/nicolas/ws_ros2/install/px4_msgs/include/px4_msgs/px4_msgs/msg/detail/sensor_selection__type_support.hpp\n'}
[0.857446] (px4_msgs) StdoutLine: {'line': b'-- Up-to-date: /home/nicolas/ws_ros2/install/px4_msgs/include/px4_msgs/px4_msgs/msg/detail/orb_test_medium__struct.hpp\n'}
[0.857478] (px4_msgs) StdoutLine: {'line': b'-- Up-to-date: /home/nicolas/ws_ros2/install/px4_msgs/include/px4_msgs/px4_msgs/msg/detail/sensor_optical_flow__type_support.hpp\n'}
[0.857514] (px4_msgs) StdoutLine: {'line': b'-- Up-to-date: /home/nicolas/ws_ros2/install/px4_msgs/include/px4_msgs/px4_msgs/msg/detail/esc_report__type_support.hpp\n'}
[0.857547] (px4_msgs) StdoutLine: {'line': b'-- Up-to-date: /home/nicolas/ws_ros2/install/px4_msgs/include/px4_msgs/px4_msgs/msg/detail/gripper__builder.hpp\n'}
[0.857580] (px4_msgs) StdoutLine: {'line': b'-- Up-to-date: /home/nicolas/ws_ros2/install/px4_msgs/include/px4_msgs/px4_msgs/msg/detail/navigator_mission_item__builder.hpp\n'}
[0.857614] (px4_msgs) StdoutLine: {'line': b'-- Up-to-date: /home/nicolas/ws_ros2/install/px4_msgs/include/px4_msgs/px4_msgs/msg/detail/esc_status__type_support.hpp\n'}
[0.857658] (px4_msgs) StdoutLine: {'line': b'-- Up-to-date: /home/nicolas/ws_ros2/install/px4_msgs/include/px4_msgs/px4_msgs/msg/detail/estimator_states__struct.hpp\n'}
[0.857695] (px4_msgs) StdoutLine: {'line': b'-- Up-to-date: /home/nicolas/ws_ros2/install/px4_msgs/include/px4_msgs/px4_msgs/msg/detail/gps_inject_data__type_support.hpp\n'}
[0.857730] (px4_msgs) StdoutLine: {'line': b'-- Up-to-date: /home/nicolas/ws_ros2/install/px4_msgs/include/px4_msgs/px4_msgs/msg/detail/rover_steering_setpoint__builder.hpp\n'}
[0.857762] (px4_msgs) StdoutLine: {'line': b'-- Up-to-date: /home/nicolas/ws_ros2/install/px4_msgs/include/px4_msgs/px4_msgs/msg/detail/actuator_servos_trim__type_support.hpp\n'}
[0.857794] (px4_msgs) StdoutLine: {'line': b'-- Up-to-date: /home/nicolas/ws_ros2/install/px4_msgs/include/px4_msgs/px4_msgs/msg/detail/distance_sensor_mode_change_request__type_support.hpp\n'}
[0.857827] (px4_msgs) StdoutLine: {'line': b'-- Up-to-date: /home/nicolas/ws_ros2/install/px4_msgs/include/px4_msgs/px4_msgs/msg/detail/rc_channels__struct.hpp\n'}
[0.857863] (px4_msgs) StdoutLine: {'line': b'-- Up-to-date: /home/nicolas/ws_ros2/install/px4_msgs/include/px4_msgs/px4_msgs/msg/detail/geofence_status__struct.hpp\n'}
[0.857895] (px4_msgs) StdoutLine: {'line': b'-- Up-to-date: /home/nicolas/ws_ros2/install/px4_msgs/include/px4_msgs/px4_msgs/msg/detail/wind__type_support.hpp\n'}
[0.857929] (px4_msgs) StdoutLine: {'line': b'-- Up-to-date: /home/nicolas/ws_ros2/install/px4_msgs/include/px4_msgs/px4_msgs/msg/detail/obstacle_distance__struct.hpp\n'}
[0.857961] (px4_msgs) StdoutLine: {'line': b'-- Up-to-date: /home/nicolas/ws_ros2/install/px4_msgs/include/px4_msgs/px4_msgs/msg/detail/follow_target_estimator__traits.hpp\n'}
[0.857993] (px4_msgs) StdoutLine: {'line': b'-- Up-to-date: /home/nicolas/ws_ros2/install/px4_msgs/include/px4_msgs/px4_msgs/msg/detail/dataman_response__builder.hpp\n'}
[0.858025] (px4_msgs) StdoutLine: {'line': b'-- Up-to-date: /home/nicolas/ws_ros2/install/px4_msgs/include/px4_msgs/px4_msgs/msg/detail/estimator_selector_status__traits.hpp\n'}
[0.858058] (px4_msgs) StdoutLine: {'line': b'-- Up-to-date: /home/nicolas/ws_ros2/install/px4_msgs/include/px4_msgs/px4_msgs/msg/detail/actuator_armed__traits.hpp\n'}
[0.858091] (px4_msgs) StdoutLine: {'line': b'-- Up-to-date: /home/nicolas/ws_ros2/install/px4_msgs/include/px4_msgs/px4_msgs/msg/detail/mavlink_log__traits.hpp\n'}
[0.858123] (px4_msgs) StdoutLine: {'line': b'-- Up-to-date: /home/nicolas/ws_ros2/install/px4_msgs/include/px4_msgs/px4_msgs/msg/detail/esc_status__builder.hpp\n'}
[0.858155] (px4_msgs) StdoutLine: {'line': b'-- Up-to-date: /home/nicolas/ws_ros2/install/px4_msgs/include/px4_msgs/px4_msgs/msg/detail/arming_check_request__traits.hpp\n'}
[0.858187] (px4_msgs) StdoutLine: {'line': b'-- Up-to-date: /home/nicolas/ws_ros2/install/px4_msgs/include/px4_msgs/px4_msgs/msg/detail/estimator_bias__type_support.hpp\n'}
[0.858220] (px4_msgs) StdoutLine: {'line': b'-- Up-to-date: /home/nicolas/ws_ros2/install/px4_msgs/include/px4_msgs/px4_msgs/msg/detail/gimbal_device_information__type_support.hpp\n'}
[0.858252] (px4_msgs) StdoutLine: {'line': b'-- Up-to-date: /home/nicolas/ws_ros2/install/px4_msgs/include/px4_msgs/px4_msgs/msg/detail/event__type_support.hpp\n'}
[0.858286] (px4_msgs) StdoutLine: {'line': b'-- Up-to-date: /home/nicolas/ws_ros2/install/px4_msgs/include/px4_msgs/px4_msgs/msg/detail/rpm__traits.hpp\n'}
[0.858319] (px4_msgs) StdoutLine: {'line': b'-- Up-to-date: /home/nicolas/ws_ros2/install/px4_msgs/include/px4_msgs/px4_msgs/msg/detail/sensor_uwb__traits.hpp\n'}
[0.858351] (px4_msgs) StdoutLine: {'line': b'-- Up-to-date: /home/nicolas/ws_ros2/install/px4_msgs/include/px4_msgs/px4_msgs/msg/detail/orb_test_medium__builder.hpp\n'}
[0.858385] (px4_msgs) StdoutLine: {'line': b'-- Up-to-date: /home/nicolas/ws_ros2/install/px4_msgs/include/px4_msgs/px4_msgs/msg/detail/vehicle_air_data__type_support.hpp\n'}
[0.858417] (px4_msgs) StdoutLine: {'line': b'-- Up-to-date: /home/nicolas/ws_ros2/install/px4_msgs/include/px4_msgs/px4_msgs/msg/detail/fixed_wing_longitudinal_setpoint__struct.hpp\n'}
[0.858449] (px4_msgs) StdoutLine: {'line': b'-- Up-to-date: /home/nicolas/ws_ros2/install/px4_msgs/include/px4_msgs/px4_msgs/msg/detail/cpuload__struct.hpp\n'}
[0.858488] (px4_msgs) StdoutLine: {'line': b'-- Up-to-date: /home/nicolas/ws_ros2/install/px4_msgs/include/px4_msgs/px4_msgs/msg/detail/lateral_control_configuration__type_support.hpp\n'}
[0.858520] (px4_msgs) StdoutLine: {'line': b'-- Up-to-date: /home/nicolas/ws_ros2/install/px4_msgs/include/px4_msgs/px4_msgs/msg/detail/sensor_preflight_mag__traits.hpp\n'}
[0.858555] (px4_msgs) StdoutLine: {'line': b'-- Up-to-date: /home/nicolas/ws_ros2/install/px4_msgs/include/px4_msgs/px4_msgs/msg/detail/px4io_status__builder.hpp\n'}
[0.858589] (px4_msgs) StdoutLine: {'line': b'-- Up-to-date: /home/nicolas/ws_ros2/install/px4_msgs/include/px4_msgs/px4_msgs/msg/detail/arming_check_reply__traits.hpp\n'}
[0.858622] (px4_msgs) StdoutLine: {'line': b'-- Up-to-date: /home/nicolas/ws_ros2/install/px4_msgs/include/px4_msgs/px4_msgs/msg/detail/task_stack_info__traits.hpp\n'}
[0.858658] (px4_msgs) StdoutLine: {'line': b'-- Up-to-date: /home/nicolas/ws_ros2/install/px4_msgs/include/px4_msgs/px4_msgs/msg/detail/navigator_mission_item__struct.hpp\n'}
[0.858695] (px4_msgs) StdoutLine: {'line': b'-- Up-to-date: /home/nicolas/ws_ros2/install/px4_msgs/include/px4_msgs/px4_msgs/msg/detail/px4io_status__type_support.hpp\n'}
[0.858732] (px4_msgs) StdoutLine: {'line': b'-- Up-to-date: /home/nicolas/ws_ros2/install/px4_msgs/include/px4_msgs/px4_msgs/msg/detail/gimbal_device_attitude_status__struct.hpp\n'}
[0.858765] (px4_msgs) StdoutLine: {'line': b'-- Up-to-date: /home/nicolas/ws_ros2/install/px4_msgs/include/px4_msgs/px4_msgs/msg/detail/adc_report__type_support.hpp\n'}
[0.858797] (px4_msgs) StdoutLine: {'line': b'-- Up-to-date: /home/nicolas/ws_ros2/install/px4_msgs/include/px4_msgs/px4_msgs/msg/detail/sensor_gyro__struct.hpp\n'}
[0.858846] (px4_msgs) StdoutLine: {'line': b'-- Up-to-date: /home/nicolas/ws_ros2/install/px4_msgs/include/px4_msgs/px4_msgs/msg/detail/fuel_tank_status__traits.hpp\n'}
[0.858879] (px4_msgs) StdoutLine: {'line': b'-- Up-to-date: /home/nicolas/ws_ros2/install/px4_msgs/include/px4_msgs/px4_msgs/msg/detail/manual_control_switches__traits.hpp\n'}
[0.858912] (px4_msgs) StdoutLine: {'line': b'-- Up-to-date: /home/nicolas/ws_ros2/install/px4_msgs/include/px4_msgs/px4_msgs/msg/detail/geofence_status__traits.hpp\n'}
[0.858945] (px4_msgs) StdoutLine: {'line': b'-- Up-to-date: /home/nicolas/ws_ros2/install/px4_msgs/include/px4_msgs/px4_msgs/msg/detail/power_monitor__traits.hpp\n'}
[0.858977] (px4_msgs) StdoutLine: {'line': b'-- Up-to-date: /home/nicolas/ws_ros2/install/px4_msgs/include/px4_msgs/px4_msgs/msg/detail/fixed_wing_runway_control__traits.hpp\n'}
[0.859011] (px4_msgs) StdoutLine: {'line': b'-- Up-to-date: /home/nicolas/ws_ros2/install/px4_msgs/include/px4_msgs/px4_msgs/msg/detail/telemetry_status__traits.hpp\n'}
[0.859045] (px4_msgs) StdoutLine: {'line': b'-- Up-to-date: /home/nicolas/ws_ros2/install/px4_msgs/include/px4_msgs/px4_msgs/msg/detail/distance_sensor_mode_change_request__builder.hpp\n'}
[0.859079] (px4_msgs) StdoutLine: {'line': b'-- Up-to-date: /home/nicolas/ws_ros2/install/px4_msgs/include/px4_msgs/px4_msgs/msg/detail/vehicle_local_position__builder.hpp\n'}
[0.859113] (px4_msgs) StdoutLine: {'line': b'-- Up-to-date: /home/nicolas/ws_ros2/install/px4_msgs/include/px4_msgs/px4_msgs/msg/detail/home_position__type_support.hpp\n'}
[0.859146] (px4_msgs) StdoutLine: {'line': b'-- Up-to-date: /home/nicolas/ws_ros2/install/px4_msgs/include/px4_msgs/px4_msgs/msg/detail/vehicle_command__traits.hpp\n'}
[0.859179] (px4_msgs) StdoutLine: {'line': b'-- Up-to-date: /home/nicolas/ws_ros2/install/px4_msgs/include/px4_msgs/px4_msgs/msg/detail/failsafe_flags__type_support.hpp\n'}
[0.859212] (px4_msgs) StdoutLine: {'line': b'-- Up-to-date: /home/nicolas/ws_ros2/install/px4_msgs/include/px4_msgs/px4_msgs/msg/detail/flight_phase_estimation__traits.hpp\n'}
[0.859246] (px4_msgs) StdoutLine: {'line': b'-- Up-to-date: /home/nicolas/ws_ros2/install/px4_msgs/include/px4_msgs/px4_msgs/msg/detail/goto_setpoint__struct.hpp\n'}
[0.859280] (px4_msgs) StdoutLine: {'line': b'-- Up-to-date: /home/nicolas/ws_ros2/install/px4_msgs/include/px4_msgs/px4_msgs/msg/detail/sensor_optical_flow__builder.hpp\n'}
[0.859313] (px4_msgs) StdoutLine: {'line': b'-- Up-to-date: /home/nicolas/ws_ros2/install/px4_msgs/include/px4_msgs/px4_msgs/msg/detail/obstacle_distance__builder.hpp\n'}
[0.859347] (px4_msgs) StdoutLine: {'line': b'-- Up-to-date: /home/nicolas/ws_ros2/install/px4_msgs/include/px4_msgs/px4_msgs/msg/detail/telemetry_status__type_support.hpp\n'}
[0.859382] (px4_msgs) StdoutLine: {'line': b'-- Up-to-date: /home/nicolas/ws_ros2/install/px4_msgs/include/px4_msgs/px4_msgs/msg/detail/rover_steering_setpoint__struct.hpp\n'}
[0.859415] (px4_msgs) StdoutLine: {'line': b'-- Up-to-date: /home/nicolas/ws_ros2/install/px4_msgs/include/px4_msgs/px4_msgs/msg/detail/estimator_aid_source2d__struct.hpp\n'}
[0.859449] (px4_msgs) StdoutLine: {'line': b'-- Up-to-date: /home/nicolas/ws_ros2/install/px4_msgs/include/px4_msgs/px4_msgs/msg/detail/system_power__traits.hpp\n'}
[0.859484] (px4_msgs) StdoutLine: {'line': b'-- Up-to-date: /home/nicolas/ws_ros2/install/px4_msgs/include/px4_msgs/px4_msgs/msg/detail/tune_control__struct.hpp\n'}
[0.859517] (px4_msgs) StdoutLine: {'line': b'-- Up-to-date: /home/nicolas/ws_ros2/install/px4_msgs/include/px4_msgs/px4_msgs/msg/detail/config_overrides__builder.hpp\n'}
[0.859549] (px4_msgs) StdoutLine: {'line': b'-- Up-to-date: /home/nicolas/ws_ros2/install/px4_msgs/include/px4_msgs/px4_msgs/msg/detail/power_monitor__struct.hpp\n'}
[0.859581] (px4_msgs) StdoutLine: {'line': b'-- Up-to-date: /home/nicolas/ws_ros2/install/px4_msgs/include/px4_msgs/px4_msgs/msg/detail/can_interface_status__struct.hpp\n'}
[0.859622] (px4_msgs) StdoutLine: {'line': b'-- Up-to-date: /home/nicolas/ws_ros2/install/px4_msgs/include/px4_msgs/px4_msgs/msg/detail/vehicle_optical_flow__builder.hpp\n'}
[0.859655] (px4_msgs) StdoutLine: {'line': b'-- Up-to-date: /home/nicolas/ws_ros2/install/px4_msgs/include/px4_msgs/px4_msgs/msg/detail/position_setpoint_triplet__traits.hpp\n'}
[0.859693] (px4_msgs) StdoutLine: {'line': b'-- Up-to-date: /home/nicolas/ws_ros2/install/px4_msgs/include/px4_msgs/px4_msgs/msg/detail/mission_result__builder.hpp\n'}
[0.859728] (px4_msgs) StdoutLine: {'line': b'-- Up-to-date: /home/nicolas/ws_ros2/install/px4_msgs/include/px4_msgs/px4_msgs/msg/detail/parameter_reset_request__builder.hpp\n'}
[0.859762] (px4_msgs) StdoutLine: {'line': b'-- Up-to-date: /home/nicolas/ws_ros2/install/px4_msgs/include/px4_msgs/px4_msgs/msg/detail/estimator_gps_status__type_support.hpp\n'}
[0.859794] (px4_msgs) StdoutLine: {'line': b'-- Up-to-date: /home/nicolas/ws_ros2/install/px4_msgs/include/px4_msgs/px4_msgs/msg/detail/gimbal_manager_set_attitude__traits.hpp\n'}
[0.859827] (px4_msgs) StdoutLine: {'line': b'-- Up-to-date: /home/nicolas/ws_ros2/install/px4_msgs/include/px4_msgs/px4_msgs/msg/detail/pwm_input__traits.hpp\n'}
[0.859860] (px4_msgs) StdoutLine: {'line': b'-- Up-to-date: /home/nicolas/ws_ros2/install/px4_msgs/include/px4_msgs/px4_msgs/msg/detail/magnetometer_bias_estimate__struct.hpp\n'}
[0.859892] (px4_msgs) StdoutLine: {'line': b'-- Up-to-date: /home/nicolas/ws_ros2/install/px4_msgs/include/px4_msgs/px4_msgs/msg/detail/failsafe_flags__traits.hpp\n'}
[0.859926] (px4_msgs) StdoutLine: {'line': b'-- Up-to-date: /home/nicolas/ws_ros2/install/px4_msgs/include/px4_msgs/px4_msgs/msg/detail/message_format_response__traits.hpp\n'}
[0.859959] (px4_msgs) StdoutLine: {'line': b'-- Up-to-date: /home/nicolas/ws_ros2/install/px4_msgs/include/px4_msgs/px4_msgs/msg/detail/ping__struct.hpp\n'}
[0.859991] (px4_msgs) StdoutLine: {'line': b'-- Up-to-date: /home/nicolas/ws_ros2/install/px4_msgs/include/px4_msgs/px4_msgs/msg/detail/dataman_request__builder.hpp\n'}
[0.860024] (px4_msgs) StdoutLine: {'line': b'-- Up-to-date: /home/nicolas/ws_ros2/install/px4_msgs/include/px4_msgs/px4_msgs/msg/detail/message_format_response__type_support.hpp\n'}
[0.860057] (px4_msgs) StdoutLine: {'line': b'-- Up-to-date: /home/nicolas/ws_ros2/install/px4_msgs/include/px4_msgs/px4_msgs/msg/detail/wind__traits.hpp\n'}
[0.860090] (px4_msgs) StdoutLine: {'line': b'-- Up-to-date: /home/nicolas/ws_ros2/install/px4_msgs/include/px4_msgs/px4_msgs/msg/detail/follow_target_status__type_support.hpp\n'}
[0.860123] (px4_msgs) StdoutLine: {'line': b'-- Up-to-date: /home/nicolas/ws_ros2/install/px4_msgs/include/px4_msgs/px4_msgs/msg/detail/navigator_status__type_support.hpp\n'}
[0.860156] (px4_msgs) StdoutLine: {'line': b'-- Up-to-date: /home/nicolas/ws_ros2/install/px4_msgs/include/px4_msgs/px4_msgs/msg/detail/actuator_controls_status__traits.hpp\n'}
[0.860189] (px4_msgs) StdoutLine: {'line': b'-- Up-to-date: /home/nicolas/ws_ros2/install/px4_msgs/include/px4_msgs/px4_msgs/msg/detail/ulog_stream__builder.hpp\n'}
[0.860221] (px4_msgs) StdoutLine: {'line': b'-- Up-to-date: /home/nicolas/ws_ros2/install/px4_msgs/include/px4_msgs/px4_msgs/msg/detail/estimator_sensor_bias__builder.hpp\n'}
[0.860254] (px4_msgs) StdoutLine: {'line': b'-- Up-to-date: /home/nicolas/ws_ros2/install/px4_msgs/include/px4_msgs/px4_msgs/msg/detail/gimbal_manager_information__builder.hpp\n'}
[0.860289] (px4_msgs) StdoutLine: {'line': b'-- Up-to-date: /home/nicolas/ws_ros2/install/px4_msgs/include/px4_msgs/px4_msgs/msg/detail/parameter_set_value_request__type_support.hpp\n'}
[0.860321] (px4_msgs) StdoutLine: {'line': b'-- Up-to-date: /home/nicolas/ws_ros2/install/px4_msgs/include/px4_msgs/px4_msgs/msg/detail/gimbal_manager_status__builder.hpp\n'}
[0.860355] (px4_msgs) StdoutLine: {'line': b'-- Up-to-date: /home/nicolas/ws_ros2/install/px4_msgs/include/px4_msgs/px4_msgs/msg/detail/tune_control__traits.hpp\n'}
[0.860388] (px4_msgs) StdoutLine: {'line': b'-- Up-to-date: /home/nicolas/ws_ros2/install/px4_msgs/include/px4_msgs/px4_msgs/msg/detail/rtl_status__type_support.hpp\n'}
[0.860420] (px4_msgs) StdoutLine: {'line': b'-- Up-to-date: /home/nicolas/ws_ros2/install/px4_msgs/include/px4_msgs/px4_msgs/msg/detail/debug_vect__builder.hpp\n'}
[0.860454] (px4_msgs) StdoutLine: {'line': b'-- Up-to-date: /home/nicolas/ws_ros2/install/px4_msgs/include/px4_msgs/px4_msgs/msg/detail/rtl_time_estimate__struct.hpp\n'}
[0.860486] (px4_msgs) StdoutLine: {'line': b'-- Up-to-date: /home/nicolas/ws_ros2/install/px4_msgs/include/px4_msgs/px4_msgs/msg/detail/qshell_retval__builder.hpp\n'}
[0.860518] (px4_msgs) StdoutLine: {'line': b'-- Up-to-date: /home/nicolas/ws_ros2/install/px4_msgs/include/px4_msgs/px4_msgs/msg/detail/vehicle_imu__builder.hpp\n'}
[0.860551] (px4_msgs) StdoutLine: {'line': b'-- Up-to-date: /home/nicolas/ws_ros2/install/px4_msgs/include/px4_msgs/px4_msgs/msg/detail/vehicle_attitude__builder.hpp\n'}
[0.860583] (px4_msgs) StdoutLine: {'line': b'-- Up-to-date: /home/nicolas/ws_ros2/install/px4_msgs/include/px4_msgs/px4_msgs/msg/detail/mag_worker_data__type_support.hpp\n'}
[0.860616] (px4_msgs) StdoutLine: {'line': b'-- Up-to-date: /home/nicolas/ws_ros2/install/px4_msgs/include/px4_msgs/px4_msgs/msg/detail/position_controller_landing_status__struct.hpp\n'}
[0.860652] (px4_msgs) StdoutLine: {'line': b'-- Up-to-date: /home/nicolas/ws_ros2/install/px4_msgs/include/px4_msgs/px4_msgs/msg/detail/cellular_status__struct.hpp\n'}
[0.860690] (px4_msgs) StdoutLine: {'line': b'-- Up-to-date: /home/nicolas/ws_ros2/install/px4_msgs/include/px4_msgs/px4_msgs/msg/detail/goto_setpoint__builder.hpp\n'}
[0.860733] (px4_msgs) StdoutLine: {'line': b'-- Up-to-date: /home/nicolas/ws_ros2/install/px4_msgs/include/px4_msgs/px4_msgs/msg/detail/hover_thrust_estimate__traits.hpp\n'}
[0.860772] (px4_msgs) StdoutLine: {'line': b'-- Up-to-date: /home/nicolas/ws_ros2/install/px4_msgs/include/px4_msgs/px4_msgs/msg/detail/battery_info__traits.hpp\n'}
[0.860809] (px4_msgs) StdoutLine: {'line': b'-- Up-to-date: /home/nicolas/ws_ros2/install/px4_msgs/include/px4_msgs/px4_msgs/msg/detail/sensor_gyro_fft__type_support.hpp\n'}
[0.860842] (px4_msgs) StdoutLine: {'line': b'-- Up-to-date: /home/nicolas/ws_ros2/install/px4_msgs/include/px4_msgs/px4_msgs/msg/detail/lateral_control_configuration__struct.hpp\n'}
[0.860877] (px4_msgs) StdoutLine: {'line': b'-- Up-to-date: /home/nicolas/ws_ros2/install/px4_msgs/include/px4_msgs/px4_msgs/msg/detail/control_allocator_status__builder.hpp\n'}
[0.860911] (px4_msgs) StdoutLine: {'line': b'-- Up-to-date: /home/nicolas/ws_ros2/install/px4_msgs/include/px4_msgs/px4_msgs/msg/detail/tiltrotor_extra_controls__traits.hpp\n'}
[0.860943] (px4_msgs) StdoutLine: {'line': b'-- Up-to-date: /home/nicolas/ws_ros2/install/px4_msgs/include/px4_msgs/px4_msgs/msg/detail/wheel_encoders__struct.hpp\n'}
[0.860975] (px4_msgs) StdoutLine: {'line': b'-- Up-to-date: /home/nicolas/ws_ros2/install/px4_msgs/include/px4_msgs/px4_msgs/msg/detail/figure_eight_status__builder.hpp\n'}
[0.861010] (px4_msgs) StdoutLine: {'line': b'-- Up-to-date: /home/nicolas/ws_ros2/install/px4_msgs/include/px4_msgs/px4_msgs/msg/detail/debug_array__traits.hpp\n'}
[0.861042] (px4_msgs) StdoutLine: {'line': b'-- Up-to-date: /home/nicolas/ws_ros2/install/px4_msgs/include/px4_msgs/px4_msgs/msg/detail/mission_result__struct.hpp\n'}
[0.861074] (px4_msgs) StdoutLine: {'line': b'-- Up-to-date: /home/nicolas/ws_ros2/install/px4_msgs/include/px4_msgs/px4_msgs/msg/detail/esc_status__traits.hpp\n'}
[0.861110] (px4_msgs) StdoutLine: {'line': b'-- Up-to-date: /home/nicolas/ws_ros2/install/px4_msgs/include/px4_msgs/px4_msgs/msg/detail/iridiumsbd_status__builder.hpp\n'}
[0.861143] (px4_msgs) StdoutLine: {'line': b'-- Up-to-date: /home/nicolas/ws_ros2/install/px4_msgs/include/px4_msgs/px4_msgs/msg/detail/rtl_status__builder.hpp\n'}
[0.861177] (px4_msgs) StdoutLine: {'line': b'-- Up-to-date: /home/nicolas/ws_ros2/install/px4_msgs/include/px4_msgs/px4_msgs/msg/detail/distance_sensor_mode_change_request__traits.hpp\n'}
[0.861210] (px4_msgs) StdoutLine: {'line': b'-- Up-to-date: /home/nicolas/ws_ros2/install/px4_msgs/include/px4_msgs/px4_msgs/msg/detail/differential_pressure__traits.hpp\n'}
[0.861243] (px4_msgs) StdoutLine: {'line': b'-- Up-to-date: /home/nicolas/ws_ros2/install/px4_msgs/include/px4_msgs/px4_msgs/msg/detail/open_drone_id_self_id__struct.hpp\n'}
[0.861276] (px4_msgs) StdoutLine: {'line': b'-- Up-to-date: /home/nicolas/ws_ros2/install/px4_msgs/include/px4_msgs/px4_msgs/msg/detail/geofence_result__builder.hpp\n'}
[0.861308] (px4_msgs) StdoutLine: {'line': b'-- Up-to-date: /home/nicolas/ws_ros2/install/px4_msgs/include/px4_msgs/px4_msgs/msg/detail/tiltrotor_extra_controls__builder.hpp\n'}
[0.861340] (px4_msgs) StdoutLine: {'line': b'-- Up-to-date: /home/nicolas/ws_ros2/install/px4_msgs/include/px4_msgs/px4_msgs/msg/detail/vehicle_global_position__struct.hpp\n'}
[0.861373] (px4_msgs) StdoutLine: {'line': b'-- Up-to-date: /home/nicolas/ws_ros2/install/px4_msgs/include/px4_msgs/px4_msgs/msg/detail/wheel_encoders__builder.hpp\n'}
[0.861405] (px4_msgs) StdoutLine: {'line': b'-- Up-to-date: /home/nicolas/ws_ros2/install/px4_msgs/include/px4_msgs/px4_msgs/msg/detail/mag_worker_data__struct.hpp\n'}
[0.861438] (px4_msgs) StdoutLine: {'line': b'-- Up-to-date: /home/nicolas/ws_ros2/install/px4_msgs/include/px4_msgs/px4_msgs/msg/detail/task_stack_info__struct.hpp\n'}
[0.861470] (px4_msgs) StdoutLine: {'line': b'-- Up-to-date: /home/nicolas/ws_ros2/install/px4_msgs/include/px4_msgs/px4_msgs/msg/detail/camera_capture__type_support.hpp\n'}
[0.861503] (px4_msgs) StdoutLine: {'line': b'-- Up-to-date: /home/nicolas/ws_ros2/install/px4_msgs/include/px4_msgs/px4_msgs/msg/detail/velocity_limits__builder.hpp\n'}
[0.861538] (px4_msgs) StdoutLine: {'line': b'-- Up-to-date: /home/nicolas/ws_ros2/install/px4_msgs/include/px4_msgs/px4_msgs/msg/detail/actuator_motors__struct.hpp\n'}
[0.861570] (px4_msgs) StdoutLine: {'line': b'-- Up-to-date: /home/nicolas/ws_ros2/install/px4_msgs/include/px4_msgs/px4_msgs/msg/detail/position_setpoint__builder.hpp\n'}
[0.861604] (px4_msgs) StdoutLine: {'line': b'-- Up-to-date: /home/nicolas/ws_ros2/install/px4_msgs/include/px4_msgs/px4_msgs/msg/detail/sensor_gyro__builder.hpp\n'}
[0.861636] (px4_msgs) StdoutLine: {'line': b'-- Up-to-date: /home/nicolas/ws_ros2/install/px4_msgs/include/px4_msgs/px4_msgs/msg/detail/cpuload__builder.hpp\n'}
[0.861668] (px4_msgs) StdoutLine: {'line': b'-- Up-to-date: /home/nicolas/ws_ros2/install/px4_msgs/include/px4_msgs/px4_msgs/msg/detail/vehicle_local_position__struct.hpp\n'}
[0.861708] (px4_msgs) StdoutLine: {'line': b'-- Up-to-date: /home/nicolas/ws_ros2/install/px4_msgs/include/px4_msgs/px4_msgs/msg/detail/qshell_retval__traits.hpp\n'}
[0.861744] (px4_msgs) StdoutLine: {'line': b'-- Up-to-date: /home/nicolas/ws_ros2/install/px4_msgs/include/px4_msgs/px4_msgs/msg/detail/estimator_innovations__struct.hpp\n'}
[0.861778] (px4_msgs) StdoutLine: {'line': b'-- Up-to-date: /home/nicolas/ws_ros2/install/px4_msgs/include/px4_msgs/px4_msgs/msg/detail/mavlink_log__struct.hpp\n'}
[0.861811] (px4_msgs) StdoutLine: {'line': b'-- Up-to-date: /home/nicolas/ws_ros2/install/px4_msgs/include/px4_msgs/px4_msgs/msg/detail/vehicle_torque_setpoint__builder.hpp\n'}
[0.861844] (px4_msgs) StdoutLine: {'line': b'-- Up-to-date: /home/nicolas/ws_ros2/install/px4_msgs/include/px4_msgs/px4_msgs/msg/detail/parameter_set_used_request__builder.hpp\n'}
[0.861882] (px4_msgs) StdoutLine: {'line': b'-- Up-to-date: /home/nicolas/ws_ros2/install/px4_msgs/include/px4_msgs/px4_msgs/msg/detail/vehicle_constraints__traits.hpp\n'}
[0.861918] (px4_msgs) StdoutLine: {'line': b'-- Up-to-date: /home/nicolas/ws_ros2/install/px4_msgs/include/px4_msgs/px4_msgs/msg/detail/estimator_status__type_support.hpp\n'}
[0.861951] (px4_msgs) StdoutLine: {'line': b'-- Up-to-date: /home/nicolas/ws_ros2/install/px4_msgs/include/px4_msgs/px4_msgs/msg/detail/gimbal_manager_information__traits.hpp\n'}
[0.861983] (px4_msgs) StdoutLine: {'line': b'-- Up-to-date: /home/nicolas/ws_ros2/install/px4_msgs/include/px4_msgs/px4_msgs/msg/detail/distance_sensor__type_support.hpp\n'}
[0.862017] (px4_msgs) StdoutLine: {'line': b'-- Up-to-date: /home/nicolas/ws_ros2/install/px4_msgs/include/px4_msgs/px4_msgs/msg/detail/timesync_status__type_support.hpp\n'}
[0.862049] (px4_msgs) StdoutLine: {'line': b'-- Up-to-date: /home/nicolas/ws_ros2/install/px4_msgs/include/px4_msgs/px4_msgs/msg/detail/vehicle_odometry__struct.hpp\n'}
[0.862083] (px4_msgs) StdoutLine: {'line': b'-- Up-to-date: /home/nicolas/ws_ros2/install/px4_msgs/include/px4_msgs/px4_msgs/msg/detail/manual_control_setpoint__builder.hpp\n'}
[0.862116] (px4_msgs) StdoutLine: {'line': b'-- Up-to-date: /home/nicolas/ws_ros2/install/px4_msgs/include/px4_msgs/px4_msgs/msg/detail/sensor_preflight_mag__builder.hpp\n'}
[0.862150] (px4_msgs) StdoutLine: {'line': b'-- Up-to-date: /home/nicolas/ws_ros2/install/px4_msgs/include/px4_msgs/px4_msgs/msg/detail/rpm__type_support.hpp\n'}
[0.862183] (px4_msgs) StdoutLine: {'line': b'-- Up-to-date: /home/nicolas/ws_ros2/install/px4_msgs/include/px4_msgs/px4_msgs/msg/detail/sensor_gyro__type_support.hpp\n'}
[0.862217] (px4_msgs) StdoutLine: {'line': b'-- Up-to-date: /home/nicolas/ws_ros2/install/px4_msgs/include/px4_msgs/px4_msgs/msg/detail/velocity_limits__type_support.hpp\n'}
[0.862250] (px4_msgs) StdoutLine: {'line': b'-- Up-to-date: /home/nicolas/ws_ros2/install/px4_msgs/include/px4_msgs/px4_msgs/msg/detail/vehicle_thrust_setpoint__traits.hpp\n'}
[0.862283] (px4_msgs) StdoutLine: {'line': b'-- Up-to-date: /home/nicolas/ws_ros2/install/px4_msgs/include/px4_msgs/px4_msgs/msg/detail/airspeed__builder.hpp\n'}
[0.862314] (px4_msgs) StdoutLine: {'line': b'-- Up-to-date: /home/nicolas/ws_ros2/install/px4_msgs/include/px4_msgs/px4_msgs/msg/detail/actuator_armed__struct.hpp\n'}
[0.862348] (px4_msgs) StdoutLine: {'line': b'-- Up-to-date: /home/nicolas/ws_ros2/install/px4_msgs/include/px4_msgs/px4_msgs/msg/detail/sensor_gnss_status__type_support.hpp\n'}
[0.862380] (px4_msgs) StdoutLine: {'line': b'-- Up-to-date: /home/nicolas/ws_ros2/install/px4_msgs/include/px4_msgs/px4_msgs/msg/detail/vehicle_rates_setpoint__type_support.hpp\n'}
[0.862413] (px4_msgs) StdoutLine: {'line': b'-- Up-to-date: /home/nicolas/ws_ros2/install/px4_msgs/include/px4_msgs/px4_msgs/msg/detail/sensor_mag__type_support.hpp\n'}
[0.862446] (px4_msgs) StdoutLine: {'line': b'-- Up-to-date: /home/nicolas/ws_ros2/install/px4_msgs/include/px4_msgs/px4_msgs/msg/detail/mode_completed__traits.hpp\n'}
[0.862478] (px4_msgs) StdoutLine: {'line': b'-- Up-to-date: /home/nicolas/ws_ros2/install/px4_msgs/include/px4_msgs/px4_msgs/msg/detail/fuel_tank_status__struct.hpp\n'}
[0.862512] (px4_msgs) StdoutLine: {'line': b'-- Up-to-date: /home/nicolas/ws_ros2/install/px4_msgs/include/px4_msgs/px4_msgs/msg/detail/autotune_attitude_control_status__traits.hpp\n'}
[0.862545] (px4_msgs) StdoutLine: {'line': b'-- Up-to-date: /home/nicolas/ws_ros2/install/px4_msgs/include/px4_msgs/px4_msgs/msg/detail/vehicle_optical_flow__struct.hpp\n'}
[0.862578] (px4_msgs) StdoutLine: {'line': b'-- Up-to-date: /home/nicolas/ws_ros2/install/px4_msgs/include/px4_msgs/px4_msgs/msg/detail/camera_trigger__traits.hpp\n'}
[0.862611] (px4_msgs) StdoutLine: {'line': b'-- Up-to-date: /home/nicolas/ws_ros2/install/px4_msgs/include/px4_msgs/px4_msgs/msg/detail/estimator_innovations__type_support.hpp\n'}
[0.862644] (px4_msgs) StdoutLine: {'line': b'-- Up-to-date: /home/nicolas/ws_ros2/install/px4_msgs/include/px4_msgs/px4_msgs/msg/detail/transponder_report__builder.hpp\n'}
[0.862684] (px4_msgs) StdoutLine: {'line': b'-- Up-to-date: /home/nicolas/ws_ros2/install/px4_msgs/include/px4_msgs/px4_msgs/msg/detail/actuator_outputs__traits.hpp\n'}
[0.862721] (px4_msgs) StdoutLine: {'line': b'-- Up-to-date: /home/nicolas/ws_ros2/install/px4_msgs/include/px4_msgs/px4_msgs/msg/detail/rover_throttle_setpoint__type_support.hpp\n'}
[0.862756] (px4_msgs) StdoutLine: {'line': b'-- Up-to-date: /home/nicolas/ws_ros2/install/px4_msgs/include/px4_msgs/px4_msgs/msg/detail/gimbal_manager_status__type_support.hpp\n'}
[0.862795] (px4_msgs) StdoutLine: {'line': b'-- Up-to-date: /home/nicolas/ws_ros2/install/px4_msgs/include/px4_msgs/px4_msgs/msg/detail/parameter_set_used_request__type_support.hpp\n'}
[0.862832] (px4_msgs) StdoutLine: {'line': b'-- Up-to-date: /home/nicolas/ws_ros2/install/px4_msgs/include/px4_msgs/px4_msgs/msg/detail/debug_vect__traits.hpp\n'}
[0.862864] (px4_msgs) StdoutLine: {'line': b'-- Up-to-date: /home/nicolas/ws_ros2/install/px4_msgs/include/px4_msgs/px4_msgs/msg/detail/landing_target_pose__builder.hpp\n'}
[0.862897] (px4_msgs) StdoutLine: {'line': b'-- Up-to-date: /home/nicolas/ws_ros2/install/px4_msgs/include/px4_msgs/px4_msgs/msg/detail/orbit_status__builder.hpp\n'}
[0.862928] (px4_msgs) StdoutLine: {'line': b'-- Up-to-date: /home/nicolas/ws_ros2/install/px4_msgs/include/px4_msgs/px4_msgs/msg/detail/vehicle_command_ack__struct.hpp\n'}
[0.862960] (px4_msgs) StdoutLine: {'line': b'-- Up-to-date: /home/nicolas/ws_ros2/install/px4_msgs/include/px4_msgs/px4_msgs/msg/detail/rtl_status__struct.hpp\n'}
[0.862998] (px4_msgs) StdoutLine: {'line': b'-- Up-to-date: /home/nicolas/ws_ros2/install/px4_msgs/include/px4_msgs/px4_msgs/msg/detail/actuator_outputs__builder.hpp\n'}
[0.863031] (px4_msgs) StdoutLine: {'line': b'-- Up-to-date: /home/nicolas/ws_ros2/install/px4_msgs/include/px4_msgs/px4_msgs/msg/detail/open_drone_id_system__type_support.hpp\n'}
[0.863064] (px4_msgs) StdoutLine: {'line': b'-- Up-to-date: /home/nicolas/ws_ros2/install/px4_msgs/include/px4_msgs/px4_msgs/msg/detail/orbit_status__struct.hpp\n'}
[0.863095] (px4_msgs) StdoutLine: {'line': b'-- Up-to-date: /home/nicolas/ws_ros2/install/px4_msgs/include/px4_msgs/px4_msgs/msg/detail/vehicle_constraints__type_support.hpp\n'}
[0.863127] (px4_msgs) StdoutLine: {'line': b'-- Up-to-date: /home/nicolas/ws_ros2/install/px4_msgs/include/px4_msgs/px4_msgs/msg/detail/heater_status__builder.hpp\n'}
[0.863160] (px4_msgs) StdoutLine: {'line': b'-- Up-to-date: /home/nicolas/ws_ros2/install/px4_msgs/include/px4_msgs/px4_msgs/msg/detail/gimbal_controls__builder.hpp\n'}
[0.863193] (px4_msgs) StdoutLine: {'line': b'-- Up-to-date: /home/nicolas/ws_ros2/install/px4_msgs/include/px4_msgs/px4_msgs/msg/detail/sensor_uwb__type_support.hpp\n'}
[0.863227] (px4_msgs) StdoutLine: {'line': b'-- Up-to-date: /home/nicolas/ws_ros2/install/px4_msgs/include/px4_msgs/px4_msgs/msg/detail/register_ext_component_reply__traits.hpp\n'}
[0.863260] (px4_msgs) StdoutLine: {'line': b'-- Up-to-date: /home/nicolas/ws_ros2/install/px4_msgs/include/px4_msgs/px4_msgs/msg/detail/iridiumsbd_status__type_support.hpp\n'}
[0.863293] (px4_msgs) StdoutLine: {'line': b'-- Up-to-date: /home/nicolas/ws_ros2/install/px4_msgs/include/px4_msgs/px4_msgs/msg/detail/irlock_report__traits.hpp\n'}
[0.863326] (px4_msgs) StdoutLine: {'line': b'-- Up-to-date: /home/nicolas/ws_ros2/install/px4_msgs/include/px4_msgs/px4_msgs/msg/detail/differential_pressure__type_support.hpp\n'}
[0.863359] (px4_msgs) StdoutLine: {'line': b'-- Up-to-date: /home/nicolas/ws_ros2/install/px4_msgs/include/px4_msgs/px4_msgs/msg/detail/gps_inject_data__struct.hpp\n'}
[0.863392] (px4_msgs) StdoutLine: {'line': b'-- Up-to-date: /home/nicolas/ws_ros2/install/px4_msgs/include/px4_msgs/px4_msgs/msg/detail/sensor_accel__type_support.hpp\n'}
[0.863425] (px4_msgs) StdoutLine: {'line': b'-- Up-to-date: /home/nicolas/ws_ros2/install/px4_msgs/include/px4_msgs/px4_msgs/msg/detail/estimator_bias3d__traits.hpp\n'}
[0.863459] (px4_msgs) StdoutLine: {'line': b'-- Up-to-date: /home/nicolas/ws_ros2/install/px4_msgs/include/px4_msgs/px4_msgs/msg/detail/adc_report__traits.hpp\n'}
[0.863495] (px4_msgs) StdoutLine: {'line': b'-- Up-to-date: /home/nicolas/ws_ros2/install/px4_msgs/include/px4_msgs/px4_msgs/msg/detail/sensor_gyro_fft__struct.hpp\n'}
[0.863528] (px4_msgs) StdoutLine: {'line': b'-- Up-to-date: /home/nicolas/ws_ros2/install/px4_msgs/include/px4_msgs/px4_msgs/msg/detail/mode_completed__builder.hpp\n'}
[0.863560] (px4_msgs) StdoutLine: {'line': b'-- Up-to-date: /home/nicolas/ws_ros2/install/px4_msgs/include/px4_msgs/px4_msgs/msg/detail/sensor_baro__traits.hpp\n'}
[0.863592] (px4_msgs) StdoutLine: {'line': b'-- Up-to-date: /home/nicolas/ws_ros2/install/px4_msgs/include/px4_msgs/px4_msgs/msg/detail/message_format_request__traits.hpp\n'}
[0.863624] (px4_msgs) StdoutLine: {'line': b'-- Up-to-date: /home/nicolas/ws_ros2/install/px4_msgs/include/px4_msgs/px4_msgs/msg/detail/vehicle_land_detected__builder.hpp\n'}
[0.863657] (px4_msgs) StdoutLine: {'line': b'-- Up-to-date: /home/nicolas/ws_ros2/install/px4_msgs/include/px4_msgs/px4_msgs/msg/detail/debug_vect__struct.hpp\n'}
[0.863694] (px4_msgs) StdoutLine: {'line': b'-- Up-to-date: /home/nicolas/ws_ros2/install/px4_msgs/include/px4_msgs/px4_msgs/msg/detail/gpio_config__type_support.hpp\n'}
[0.863730] (px4_msgs) StdoutLine: {'line': b'-- Up-to-date: /home/nicolas/ws_ros2/install/px4_msgs/include/px4_msgs/px4_msgs/msg/detail/fixed_wing_lateral_status__traits.hpp\n'}
[0.863763] (px4_msgs) StdoutLine: {'line': b'-- Up-to-date: /home/nicolas/ws_ros2/install/px4_msgs/include/px4_msgs/px4_msgs/msg/detail/heater_status__type_support.hpp\n'}
[0.863795] (px4_msgs) StdoutLine: {'line': b'-- Up-to-date: /home/nicolas/ws_ros2/install/px4_msgs/include/px4_msgs/px4_msgs/msg/detail/sensor_airflow__struct.hpp\n'}
[0.863841] (px4_msgs) StdoutLine: {'line': b'-- Up-to-date: /home/nicolas/ws_ros2/install/px4_msgs/include/px4_msgs/px4_msgs/msg/detail/landing_target_innovations__traits.hpp\n'}
[0.863875] (px4_msgs) StdoutLine: {'line': b'-- Up-to-date: /home/nicolas/ws_ros2/install/px4_msgs/include/px4_msgs/px4_msgs/msg/detail/gimbal_device_attitude_status__type_support.hpp\n'}
[0.863908] (px4_msgs) StdoutLine: {'line': b'-- Up-to-date: /home/nicolas/ws_ros2/install/px4_msgs/include/px4_msgs/px4_msgs/msg/detail/estimator_states__traits.hpp\n'}
[0.863941] (px4_msgs) StdoutLine: {'line': b'-- Up-to-date: /home/nicolas/ws_ros2/install/px4_msgs/include/px4_msgs/px4_msgs/msg/detail/rover_attitude_status__type_support.hpp\n'}
[0.863974] (px4_msgs) StdoutLine: {'line': b'-- Up-to-date: /home/nicolas/ws_ros2/install/px4_msgs/include/px4_msgs/px4_msgs/msg/detail/system_power__type_support.hpp\n'}
[0.864006] (px4_msgs) StdoutLine: {'line': b'-- Up-to-date: /home/nicolas/ws_ros2/install/px4_msgs/include/px4_msgs/px4_msgs/msg/detail/generator_status__builder.hpp\n'}
[0.864039] (px4_msgs) StdoutLine: {'line': b'-- Up-to-date: /home/nicolas/ws_ros2/install/px4_msgs/include/px4_msgs/px4_msgs/msg/detail/estimator_gps_status__builder.hpp\n'}
[0.864073] (px4_msgs) StdoutLine: {'line': b'-- Up-to-date: /home/nicolas/ws_ros2/install/px4_msgs/include/px4_msgs/px4_msgs/msg/detail/dronecan_node_status__type_support.hpp\n'}
[0.864111] (px4_msgs) StdoutLine: {'line': b'-- Up-to-date: /home/nicolas/ws_ros2/install/px4_msgs/include/px4_msgs/px4_msgs/msg/detail/airspeed_wind__builder.hpp\n'}
[0.864145] (px4_msgs) StdoutLine: {'line': b'-- Up-to-date: /home/nicolas/ws_ros2/install/px4_msgs/include/px4_msgs/px4_msgs/msg/detail/log_message__builder.hpp\n'}
[0.864178] (px4_msgs) StdoutLine: {'line': b'-- Up-to-date: /home/nicolas/ws_ros2/install/px4_msgs/include/px4_msgs/px4_msgs/msg/detail/collision_constraints__traits.hpp\n'}
[0.864211] (px4_msgs) StdoutLine: {'line': b'-- Up-to-date: /home/nicolas/ws_ros2/install/px4_msgs/include/px4_msgs/px4_msgs/msg/detail/pwm_input__struct.hpp\n'}
[0.864244] (px4_msgs) StdoutLine: {'line': b'-- Up-to-date: /home/nicolas/ws_ros2/install/px4_msgs/include/px4_msgs/px4_msgs/msg/detail/parameter_reset_request__type_support.hpp\n'}
[0.864277] (px4_msgs) StdoutLine: {'line': b'-- Up-to-date: /home/nicolas/ws_ros2/install/px4_msgs/include/px4_msgs/px4_msgs/msg/detail/vehicle_imu_status__type_support.hpp\n'}
[0.864314] (px4_msgs) StdoutLine: {'line': b'-- Up-to-date: /home/nicolas/ws_ros2/install/px4_msgs/include/px4_msgs/px4_msgs/msg/detail/vehicle_thrust_setpoint__builder.hpp\n'}
[0.864348] (px4_msgs) StdoutLine: {'line': b'-- Up-to-date: /home/nicolas/ws_ros2/install/px4_msgs/include/px4_msgs/px4_msgs/msg/detail/radio_status__type_support.hpp\n'}
[0.864380] (px4_msgs) StdoutLine: {'line': b'-- Up-to-date: /home/nicolas/ws_ros2/install/px4_msgs/include/px4_msgs/px4_msgs/msg/detail/vehicle_imu__type_support.hpp\n'}
[0.864412] (px4_msgs) StdoutLine: {'line': b'-- Up-to-date: /home/nicolas/ws_ros2/install/px4_msgs/include/px4_msgs/px4_msgs/msg/detail/action_request__traits.hpp\n'}
[0.864444] (px4_msgs) StdoutLine: {'line': b'-- Up-to-date: /home/nicolas/ws_ros2/install/px4_msgs/include/px4_msgs/px4_msgs/msg/detail/gpio_request__builder.hpp\n'}
[0.864476] (px4_msgs) StdoutLine: {'line': b'-- Up-to-date: /home/nicolas/ws_ros2/install/px4_msgs/include/px4_msgs/px4_msgs/msg/detail/hover_thrust_estimate__builder.hpp\n'}
[0.864509] (px4_msgs) StdoutLine: {'line': b'-- Up-to-date: /home/nicolas/ws_ros2/install/px4_msgs/include/px4_msgs/px4_msgs/msg/detail/follow_target__type_support.hpp\n'}
[0.864543] (px4_msgs) StdoutLine: {'line': b'-- Up-to-date: /home/nicolas/ws_ros2/install/px4_msgs/include/px4_msgs/px4_msgs/msg/detail/airspeed_validated__traits.hpp\n'}
[0.864575] (px4_msgs) StdoutLine: {'line': b'-- Up-to-date: /home/nicolas/ws_ros2/install/px4_msgs/include/px4_msgs/px4_msgs/msg/detail/rc_parameter_map__struct.hpp\n'}
[0.864608] (px4_msgs) StdoutLine: {'line': b'-- Up-to-date: /home/nicolas/ws_ros2/install/px4_msgs/include/px4_msgs/px4_msgs/msg/detail/open_drone_id_arm_status__struct.hpp\n'}
[0.864641] (px4_msgs) StdoutLine: {'line': b'-- Up-to-date: /home/nicolas/ws_ros2/install/px4_msgs/include/px4_msgs/px4_msgs/msg/detail/gimbal_manager_status__traits.hpp\n'}
[0.864673] (px4_msgs) StdoutLine: {'line': b'-- Up-to-date: /home/nicolas/ws_ros2/install/px4_msgs/include/px4_msgs/px4_msgs/msg/detail/gimbal_device_set_attitude__struct.hpp\n'}
[0.864712] (px4_msgs) StdoutLine: {'line': b'-- Up-to-date: /home/nicolas/ws_ros2/install/px4_msgs/include/px4_msgs/px4_msgs/msg/detail/airspeed_validated__builder.hpp\n'}
[0.864746] (px4_msgs) StdoutLine: {'line': b'-- Up-to-date: /home/nicolas/ws_ros2/install/px4_msgs/include/px4_msgs/px4_msgs/msg/detail/gimbal_manager_set_manual_control__type_support.hpp\n'}
[0.864781] (px4_msgs) StdoutLine: {'line': b'-- Up-to-date: /home/nicolas/ws_ros2/install/px4_msgs/include/px4_msgs/px4_msgs/msg/detail/sensor_selection__traits.hpp\n'}
[0.864813] (px4_msgs) StdoutLine: {'line': b'-- Up-to-date: /home/nicolas/ws_ros2/install/px4_msgs/include/px4_msgs/px4_msgs/msg/detail/sensor_hygrometer__struct.hpp\n'}
[0.864847] (px4_msgs) StdoutLine: {'line': b'-- Up-to-date: /home/nicolas/ws_ros2/install/px4_msgs/include/px4_msgs/px4_msgs/msg/detail/airspeed_wind__struct.hpp\n'}
[0.864879] (px4_msgs) StdoutLine: {'line': b'-- Up-to-date: /home/nicolas/ws_ros2/install/px4_msgs/include/px4_msgs/px4_msgs/msg/detail/failsafe_flags__builder.hpp\n'}
[0.864911] (px4_msgs) StdoutLine: {'line': b'-- Up-to-date: /home/nicolas/ws_ros2/install/px4_msgs/include/px4_msgs/px4_msgs/msg/detail/input_rc__type_support.hpp\n'}
[0.864944] (px4_msgs) StdoutLine: {'line': b'-- Up-to-date: /home/nicolas/ws_ros2/install/px4_msgs/include/px4_msgs/px4_msgs/msg/detail/sensor_accel_fifo__struct.hpp\n'}
[0.864977] (px4_msgs) StdoutLine: {'line': b'-- Up-to-date: /home/nicolas/ws_ros2/install/px4_msgs/include/px4_msgs/px4_msgs/msg/detail/vtol_vehicle_status__type_support.hpp\n'}
[0.865009] (px4_msgs) StdoutLine: {'line': b'-- Up-to-date: /home/nicolas/ws_ros2/install/px4_msgs/include/px4_msgs/px4_msgs/msg/detail/parameter_update__struct.hpp\n'}
[0.865042] (px4_msgs) StdoutLine: {'line': b'-- Up-to-date: /home/nicolas/ws_ros2/install/px4_msgs/include/px4_msgs/px4_msgs/msg/detail/input_rc__builder.hpp\n'}
[0.865074] (px4_msgs) StdoutLine: {'line': b'-- Up-to-date: /home/nicolas/ws_ros2/install/px4_msgs/include/px4_msgs/px4_msgs/msg/detail/debug_value__builder.hpp\n'}
[0.865108] (px4_msgs) StdoutLine: {'line': b'-- Up-to-date: /home/nicolas/ws_ros2/install/px4_msgs/include/px4_msgs/px4_msgs/msg/detail/vehicle_optical_flow_vel__type_support.hpp\n'}
[0.865142] (px4_msgs) StdoutLine: {'line': b'-- Up-to-date: /home/nicolas/ws_ros2/install/px4_msgs/include/px4_msgs/px4_msgs/msg/detail/rover_throttle_setpoint__traits.hpp\n'}
[0.865174] (px4_msgs) StdoutLine: {'line': b'-- Up-to-date: /home/nicolas/ws_ros2/install/px4_msgs/include/px4_msgs/px4_msgs/msg/detail/sensor_baro__builder.hpp\n'}
[0.865212] (px4_msgs) StdoutLine: {'line': b'-- Up-to-date: /home/nicolas/ws_ros2/install/px4_msgs/include/px4_msgs/px4_msgs/msg/detail/control_allocator_status__type_support.hpp\n'}
[0.865244] (px4_msgs) StdoutLine: {'line': b'-- Up-to-date: /home/nicolas/ws_ros2/install/px4_msgs/include/px4_msgs/px4_msgs/msg/detail/vehicle_imu__struct.hpp\n'}
[0.865277] (px4_msgs) StdoutLine: {'line': b'-- Up-to-date: /home/nicolas/ws_ros2/install/px4_msgs/include/px4_msgs/px4_msgs/msg/detail/pwm_input__builder.hpp\n'}
[0.865310] (px4_msgs) StdoutLine: {'line': b'-- Up-to-date: /home/nicolas/ws_ros2/install/px4_msgs/include/px4_msgs/px4_msgs/msg/detail/tune_control__type_support.hpp\n'}
[0.865343] (px4_msgs) StdoutLine: {'line': b'-- Up-to-date: /home/nicolas/ws_ros2/install/px4_msgs/include/px4_msgs/px4_msgs/msg/detail/rover_rate_setpoint__struct.hpp\n'}
[0.865376] (px4_msgs) StdoutLine: {'line': b'-- Up-to-date: /home/nicolas/ws_ros2/install/px4_msgs/include/px4_msgs/px4_msgs/msg/detail/logger_status__builder.hpp\n'}
[0.865410] (px4_msgs) StdoutLine: {'line': b'-- Up-to-date: /home/nicolas/ws_ros2/install/px4_msgs/include/px4_msgs/px4_msgs/msg/detail/gripper__type_support.hpp\n'}
[0.865442] (px4_msgs) StdoutLine: {'line': b'-- Up-to-date: /home/nicolas/ws_ros2/install/px4_msgs/include/px4_msgs/px4_msgs/msg/detail/internal_combustion_engine_status__struct.hpp\n'}
[0.865475] (px4_msgs) StdoutLine: {'line': b'-- Up-to-date: /home/nicolas/ws_ros2/install/px4_msgs/include/px4_msgs/px4_msgs/msg/detail/rover_speed_status__builder.hpp\n'}
[0.865508] (px4_msgs) StdoutLine: {'line': b'-- Up-to-date: /home/nicolas/ws_ros2/install/px4_msgs/include/px4_msgs/px4_msgs/msg/detail/irlock_report__builder.hpp\n'}
[0.865540] (px4_msgs) StdoutLine: {'line': b'-- Up-to-date: /home/nicolas/ws_ros2/install/px4_msgs/include/px4_msgs/px4_msgs/msg/detail/mavlink_tunnel__builder.hpp\n'}
[0.865572] (px4_msgs) StdoutLine: {'line': b'-- Up-to-date: /home/nicolas/ws_ros2/install/px4_msgs/include/px4_msgs/px4_msgs/msg/detail/vehicle_roi__type_support.hpp\n'}
[0.865605] (px4_msgs) StdoutLine: {'line': b'-- Up-to-date: /home/nicolas/ws_ros2/install/px4_msgs/include/px4_msgs/px4_msgs/msg/detail/fixed_wing_runway_control__type_support.hpp\n'}
[0.865638] (px4_msgs) StdoutLine: {'line': b'-- Up-to-date: /home/nicolas/ws_ros2/install/px4_msgs/include/px4_msgs/px4_msgs/msg/detail/distance_sensor_mode_change_request__struct.hpp\n'}
[0.865672] (px4_msgs) StdoutLine: {'line': b'-- Up-to-date: /home/nicolas/ws_ros2/install/px4_msgs/include/px4_msgs/px4_msgs/msg/detail/estimator_bias3d__struct.hpp\n'}
[0.865709] (px4_msgs) StdoutLine: {'line': b'-- Up-to-date: /home/nicolas/ws_ros2/install/px4_msgs/include/px4_msgs/px4_msgs/msg/detail/vehicle_angular_velocity__type_support.hpp\n'}
[0.865743] (px4_msgs) StdoutLine: {'line': b'-- Up-to-date: /home/nicolas/ws_ros2/install/px4_msgs/include/px4_msgs/px4_msgs/msg/detail/parameter_update__traits.hpp\n'}
[0.865775] (px4_msgs) StdoutLine: {'line': b'-- Up-to-date: /home/nicolas/ws_ros2/install/px4_msgs/include/px4_msgs/px4_msgs/msg/detail/mavlink_log__builder.hpp\n'}
[0.865807] (px4_msgs) StdoutLine: {'line': b'-- Up-to-date: /home/nicolas/ws_ros2/install/px4_msgs/include/px4_msgs/px4_msgs/msg/detail/esc_status__struct.hpp\n'}
[0.865841] (px4_msgs) StdoutLine: {'line': b'-- Up-to-date: /home/nicolas/ws_ros2/install/px4_msgs/include/px4_msgs/px4_msgs/msg/detail/sensor_accel__struct.hpp\n'}
[0.865873] (px4_msgs) StdoutLine: {'line': b'-- Up-to-date: /home/nicolas/ws_ros2/install/px4_msgs/include/px4_msgs/px4_msgs/msg/detail/sensor_gyro_fifo__type_support.hpp\n'}
[0.865911] (px4_msgs) StdoutLine: {'line': b'-- Up-to-date: /home/nicolas/ws_ros2/install/px4_msgs/include/px4_msgs/px4_msgs/msg/detail/gps_dump__builder.hpp\n'}
[0.865945] (px4_msgs) StdoutLine: {'line': b'-- Up-to-date: /home/nicolas/ws_ros2/install/px4_msgs/include/px4_msgs/px4_msgs/msg/detail/orb_test__struct.hpp\n'}
[0.865979] (px4_msgs) StdoutLine: {'line': b'-- Up-to-date: /home/nicolas/ws_ros2/install/px4_msgs/include/px4_msgs/px4_msgs/msg/detail/ulog_stream_ack__struct.hpp\n'}
[0.866011] (px4_msgs) StdoutLine: {'line': b'-- Up-to-date: /home/nicolas/ws_ros2/install/px4_msgs/include/px4_msgs/px4_msgs/msg/detail/collision_constraints__builder.hpp\n'}
[0.866043] (px4_msgs) StdoutLine: {'line': b'-- Up-to-date: /home/nicolas/ws_ros2/install/px4_msgs/include/px4_msgs/px4_msgs/msg/detail/manual_control_switches__builder.hpp\n'}
[0.866075] (px4_msgs) StdoutLine: {'line': b'-- Up-to-date: /home/nicolas/ws_ros2/install/px4_msgs/include/px4_msgs/px4_msgs/msg/detail/sensor_correction__type_support.hpp\n'}
[0.866107] (px4_msgs) StdoutLine: {'line': b'-- Up-to-date: /home/nicolas/ws_ros2/install/px4_msgs/include/px4_msgs/px4_msgs/msg/detail/fixed_wing_lateral_status__type_support.hpp\n'}
[0.866139] (px4_msgs) StdoutLine: {'line': b'-- Up-to-date: /home/nicolas/ws_ros2/install/px4_msgs/include/px4_msgs/px4_msgs/msg/detail/camera_status__type_support.hpp\n'}
[0.866171] (px4_msgs) StdoutLine: {'line': b'-- Up-to-date: /home/nicolas/ws_ros2/install/px4_msgs/include/px4_msgs/px4_msgs/msg/detail/fixed_wing_longitudinal_setpoint__builder.hpp\n'}
[0.866204] (px4_msgs) StdoutLine: {'line': b'-- Up-to-date: /home/nicolas/ws_ros2/install/px4_msgs/include/px4_msgs/px4_msgs/msg/detail/follow_target_status__struct.hpp\n'}
[0.866237] (px4_msgs) StdoutLine: {'line': b'-- Up-to-date: /home/nicolas/ws_ros2/install/px4_msgs/include/px4_msgs/px4_msgs/msg/detail/vehicle_optical_flow_vel__struct.hpp\n'}
[0.866269] (px4_msgs) StdoutLine: {'line': b'-- Up-to-date: /home/nicolas/ws_ros2/install/px4_msgs/include/px4_msgs/px4_msgs/msg/detail/ekf2_timestamps__struct.hpp\n'}
[0.866302] (px4_msgs) StdoutLine: {'line': b'-- Up-to-date: /home/nicolas/ws_ros2/install/px4_msgs/include/px4_msgs/px4_msgs/msg/detail/satellite_info__traits.hpp\n'}
[0.866340] (px4_msgs) StdoutLine: {'line': b'-- Up-to-date: /home/nicolas/ws_ros2/install/px4_msgs/include/px4_msgs/px4_msgs/msg/detail/actuator_controls_status__builder.hpp\n'}
[0.866374] (px4_msgs) StdoutLine: {'line': b'-- Up-to-date: /home/nicolas/ws_ros2/install/px4_msgs/include/px4_msgs/px4_msgs/msg/detail/camera_status__builder.hpp\n'}
[0.866407] (px4_msgs) StdoutLine: {'line': b'-- Up-to-date: /home/nicolas/ws_ros2/install/px4_msgs/include/px4_msgs/px4_msgs/msg/detail/gpio_request__traits.hpp\n'}
[0.866441] (px4_msgs) StdoutLine: {'line': b'-- Up-to-date: /home/nicolas/ws_ros2/install/px4_msgs/include/px4_msgs/px4_msgs/msg/detail/vehicle_attitude_setpoint__builder.hpp\n'}
[0.866474] (px4_msgs) StdoutLine: {'line': b'-- Up-to-date: /home/nicolas/ws_ros2/install/px4_msgs/include/px4_msgs/px4_msgs/msg/detail/landing_gear__struct.hpp\n'}
[0.866506] (px4_msgs) StdoutLine: {'line': b'-- Up-to-date: /home/nicolas/ws_ros2/install/px4_msgs/include/px4_msgs/px4_msgs/msg/detail/vehicle_command_ack__type_support.hpp\n'}
[0.866539] (px4_msgs) StdoutLine: {'line': b'-- Up-to-date: /home/nicolas/ws_ros2/install/px4_msgs/include/px4_msgs/px4_msgs/msg/detail/power_button_state__struct.hpp\n'}
[0.866571] (px4_msgs) StdoutLine: {'line': b'-- Up-to-date: /home/nicolas/ws_ros2/install/px4_msgs/include/px4_msgs/px4_msgs/msg/detail/system_power__struct.hpp\n'}
[0.866603] (px4_msgs) StdoutLine: {'line': b'-- Up-to-date: /home/nicolas/ws_ros2/install/px4_msgs/include/px4_msgs/px4_msgs/msg/detail/battery_status__builder.hpp\n'}
[0.866636] (px4_msgs) StdoutLine: {'line': b'-- Up-to-date: /home/nicolas/ws_ros2/install/px4_msgs/include/px4_msgs/px4_msgs/msg/detail/estimator_sensor_bias__struct.hpp\n'}
[0.866671] (px4_msgs) StdoutLine: {'line': b'-- Up-to-date: /home/nicolas/ws_ros2/install/px4_msgs/include/px4_msgs/px4_msgs/msg/detail/dronecan_node_status__struct.hpp\n'}
[0.866710] (px4_msgs) StdoutLine: {'line': b'-- Up-to-date: /home/nicolas/ws_ros2/install/px4_msgs/include/px4_msgs/px4_msgs/msg/detail/follow_target_estimator__builder.hpp\n'}
[0.866743] (px4_msgs) StdoutLine: {'line': b'-- Up-to-date: /home/nicolas/ws_ros2/install/px4_msgs/include/px4_msgs/px4_msgs/msg/detail/camera_trigger__builder.hpp\n'}
[0.866776] (px4_msgs) StdoutLine: {'line': b'-- Up-to-date: /home/nicolas/ws_ros2/install/px4_msgs/include/px4_msgs/px4_msgs/msg/detail/orb_test__builder.hpp\n'}
[0.866808] (px4_msgs) StdoutLine: {'line': b'-- Up-to-date: /home/nicolas/ws_ros2/install/px4_msgs/include/px4_msgs/px4_msgs/msg/detail/gimbal_manager_set_attitude__struct.hpp\n'}
[0.866841] (px4_msgs) StdoutLine: {'line': b'-- Up-to-date: /home/nicolas/ws_ros2/install/px4_msgs/include/px4_msgs/px4_msgs/msg/detail/normalized_unsigned_setpoint__builder.hpp\n'}
[0.866873] (px4_msgs) StdoutLine: {'line': b'-- Up-to-date: /home/nicolas/ws_ros2/install/px4_msgs/include/px4_msgs/px4_msgs/msg/detail/sensor_selection__builder.hpp\n'}
[0.866907] (px4_msgs) StdoutLine: {'line': b'-- Up-to-date: /home/nicolas/ws_ros2/install/px4_msgs/include/px4_msgs/px4_msgs/msg/detail/vehicle_thrust_setpoint__type_support.hpp\n'}
[0.866943] (px4_msgs) StdoutLine: {'line': b'-- Up-to-date: /home/nicolas/ws_ros2/install/px4_msgs/include/px4_msgs/px4_msgs/msg/detail/sensor_mag__traits.hpp\n'}
[0.866977] (px4_msgs) StdoutLine: {'line': b'-- Up-to-date: /home/nicolas/ws_ros2/install/px4_msgs/include/px4_msgs/px4_msgs/msg/detail/debug_key_value__traits.hpp\n'}
[0.867010] (px4_msgs) StdoutLine: {'line': b'-- Up-to-date: /home/nicolas/ws_ros2/install/px4_msgs/include/px4_msgs/px4_msgs/msg/detail/sensor_selection__struct.hpp\n'}
[0.867042] (px4_msgs) StdoutLine: {'line': b'-- Up-to-date: /home/nicolas/ws_ros2/install/px4_msgs/include/px4_msgs/px4_msgs/msg/detail/tiltrotor_extra_controls__type_support.hpp\n'}
[0.867075] (px4_msgs) StdoutLine: {'line': b'-- Up-to-date: /home/nicolas/ws_ros2/install/px4_msgs/include/px4_msgs/px4_msgs/msg/detail/iridiumsbd_status__traits.hpp\n'}
[0.867107] (px4_msgs) StdoutLine: {'line': b'-- Up-to-date: /home/nicolas/ws_ros2/install/px4_msgs/include/px4_msgs/px4_msgs/msg/detail/open_drone_id_operator_id__traits.hpp\n'}
[0.867140] (px4_msgs) StdoutLine: {'line': b'-- Up-to-date: /home/nicolas/ws_ros2/install/px4_msgs/include/px4_msgs/px4_msgs/msg/detail/camera_capture__builder.hpp\n'}
[0.867172] (px4_msgs) StdoutLine: {'line': b'-- Up-to-date: /home/nicolas/ws_ros2/install/px4_msgs/include/px4_msgs/px4_msgs/msg/detail/trajectory_setpoint__builder.hpp\n'}
[0.867205] (px4_msgs) StdoutLine: {'line': b'-- Up-to-date: /home/nicolas/ws_ros2/install/px4_msgs/include/px4_msgs/px4_msgs/msg/detail/rtl_status__traits.hpp\n'}
[0.867238] (px4_msgs) StdoutLine: {'line': b'-- Up-to-date: /home/nicolas/ws_ros2/install/px4_msgs/include/px4_msgs/px4_msgs/msg/detail/autotune_attitude_control_status__struct.hpp\n'}
[0.867271] (px4_msgs) StdoutLine: {'line': b'-- Up-to-date: /home/nicolas/ws_ros2/install/px4_msgs/include/px4_msgs/px4_msgs/msg/detail/mount_orientation__traits.hpp\n'}
[0.867303] (px4_msgs) StdoutLine: {'line': b'-- Up-to-date: /home/nicolas/ws_ros2/install/px4_msgs/include/px4_msgs/px4_msgs/msg/detail/vehicle_local_position_setpoint__type_support.hpp\n'}
[0.867335] (px4_msgs) StdoutLine: {'line': b'-- Up-to-date: /home/nicolas/ws_ros2/install/px4_msgs/include/px4_msgs/px4_msgs/msg/detail/mount_orientation__struct.hpp\n'}
[0.867368] (px4_msgs) StdoutLine: {'line': b'-- Up-to-date: /home/nicolas/ws_ros2/install/px4_msgs/include/px4_msgs/px4_msgs/msg/detail/rc_channels__builder.hpp\n'}
[0.867401] (px4_msgs) StdoutLine: {'line': b'-- Up-to-date: /home/nicolas/ws_ros2/install/px4_msgs/include/px4_msgs/px4_msgs/msg/detail/actuator_controls_status__type_support.hpp\n'}
[0.867441] (px4_msgs) StdoutLine: {'line': b'-- Up-to-date: /home/nicolas/ws_ros2/install/px4_msgs/include/px4_msgs/px4_msgs/msg/detail/estimator_aid_source2d__type_support.hpp\n'}
[0.867477] (px4_msgs) StdoutLine: {'line': b'-- Up-to-date: /home/nicolas/ws_ros2/install/px4_msgs/include/px4_msgs/px4_msgs/msg/detail/event__traits.hpp\n'}
[0.867509] (px4_msgs) StdoutLine: {'line': b'-- Up-to-date: /home/nicolas/ws_ros2/install/px4_msgs/include/px4_msgs/px4_msgs/msg/detail/gimbal_controls__type_support.hpp\n'}
[0.867543] (px4_msgs) StdoutLine: {'line': b'-- Up-to-date: /home/nicolas/ws_ros2/install/px4_msgs/include/px4_msgs/px4_msgs/msg/detail/sensor_gnss_relative__struct.hpp\n'}
[0.867576] (px4_msgs) StdoutLine: {'line': b'-- Up-to-date: /home/nicolas/ws_ros2/install/px4_msgs/include/px4_msgs/px4_msgs/msg/detail/mission__traits.hpp\n'}
[0.867608] (px4_msgs) StdoutLine: {'line': b'-- Up-to-date: /home/nicolas/ws_ros2/install/px4_msgs/include/px4_msgs/px4_msgs/msg/detail/rover_position_setpoint__type_support.hpp\n'}
[0.867641] (px4_msgs) StdoutLine: {'line': b'-- Up-to-date: /home/nicolas/ws_ros2/install/px4_msgs/include/px4_msgs/px4_msgs/msg/detail/gimbal_controls__struct.hpp\n'}
[0.867673] (px4_msgs) StdoutLine: {'line': b'-- Up-to-date: /home/nicolas/ws_ros2/install/px4_msgs/include/px4_msgs/px4_msgs/msg/detail/position_controller_status__struct.hpp\n'}
[0.867712] (px4_msgs) StdoutLine: {'line': b'-- Up-to-date: /home/nicolas/ws_ros2/install/px4_msgs/include/px4_msgs/px4_msgs/msg/detail/radio_status__traits.hpp\n'}
[0.867746] (px4_msgs) StdoutLine: {'line': b'-- Up-to-date: /home/nicolas/ws_ros2/install/px4_msgs/include/px4_msgs/px4_msgs/msg/detail/vehicle_land_detected__type_support.hpp\n'}
[0.867778] (px4_msgs) StdoutLine: {'line': b'-- Up-to-date: /home/nicolas/ws_ros2/install/px4_msgs/include/px4_msgs/px4_msgs/msg/detail/distance_sensor__struct.hpp\n'}
[0.867810] (px4_msgs) StdoutLine: {'line': b'-- Up-to-date: /home/nicolas/ws_ros2/install/px4_msgs/include/px4_msgs/px4_msgs/msg/detail/navigator_status__builder.hpp\n'}
[0.867843] (px4_msgs) StdoutLine: {'line': b'-- Up-to-date: /home/nicolas/ws_ros2/install/px4_msgs/include/px4_msgs/px4_msgs/msg/detail/dataman_response__struct.hpp\n'}
[0.867876] (px4_msgs) StdoutLine: {'line': b'-- Up-to-date: /home/nicolas/ws_ros2/install/px4_msgs/include/px4_msgs/px4_msgs/msg/detail/debug_key_value__type_support.hpp\n'}
[0.867908] (px4_msgs) StdoutLine: {'line': b'-- Up-to-date: /home/nicolas/ws_ros2/install/px4_msgs/include/px4_msgs/px4_msgs/msg/detail/power_button_state__builder.hpp\n'}
[0.867945] (px4_msgs) StdoutLine: {'line': b'-- Up-to-date: /home/nicolas/ws_ros2/install/px4_msgs/include/px4_msgs/px4_msgs/msg/detail/mission_result__type_support.hpp\n'}
[0.867979] (px4_msgs) StdoutLine: {'line': b'-- Up-to-date: /home/nicolas/ws_ros2/install/px4_msgs/include/px4_msgs/px4_msgs/msg/detail/generator_status__traits.hpp\n'}
[0.868011] (px4_msgs) StdoutLine: {'line': b'-- Up-to-date: /home/nicolas/ws_ros2/install/px4_msgs/include/px4_msgs/px4_msgs/msg/detail/sensor_gnss_relative__traits.hpp\n'}
[0.868044] (px4_msgs) StdoutLine: {'line': b'-- Up-to-date: /home/nicolas/ws_ros2/install/px4_msgs/include/px4_msgs/px4_msgs/msg/detail/sensor_combined__type_support.hpp\n'}
[0.868077] (px4_msgs) StdoutLine: {'line': b'-- Up-to-date: /home/nicolas/ws_ros2/install/px4_msgs/include/px4_msgs/px4_msgs/msg/detail/vehicle_command__type_support.hpp\n'}
[0.868109] (px4_msgs) StdoutLine: {'line': b'-- Up-to-date: /home/nicolas/ws_ros2/install/px4_msgs/include/px4_msgs/px4_msgs/msg/detail/parameter_update__type_support.hpp\n'}
[0.868143] (px4_msgs) StdoutLine: {'line': b'-- Up-to-date: /home/nicolas/ws_ros2/install/px4_msgs/include/px4_msgs/px4_msgs/msg/detail/airspeed_validated__type_support.hpp\n'}
[0.868176] (px4_msgs) StdoutLine: {'line': b'-- Up-to-date: /home/nicolas/ws_ros2/install/px4_msgs/include/px4_msgs/px4_msgs/msg/detail/action_request__type_support.hpp\n'}
[0.868209] (px4_msgs) StdoutLine: {'line': b'-- Up-to-date: /home/nicolas/ws_ros2/install/px4_msgs/include/px4_msgs/px4_msgs/msg/detail/gpio_out__builder.hpp\n'}
[0.868241] (px4_msgs) StdoutLine: {'line': b'-- Up-to-date: /home/nicolas/ws_ros2/install/px4_msgs/include/px4_msgs/px4_msgs/msg/detail/parameter_set_used_request__traits.hpp\n'}
[0.868278] (px4_msgs) StdoutLine: {'line': b'-- Up-to-date: /home/nicolas/ws_ros2/install/px4_msgs/include/px4_msgs/px4_msgs/msg/detail/rate_ctrl_status__type_support.hpp\n'}
[0.868350] (px4_msgs) StdoutLine: {'line': b'-- Up-to-date: /home/nicolas/ws_ros2/install/px4_msgs/include/px4_msgs/px4_msgs/msg/detail/sensor_uwb__builder.hpp\n'}
[0.868386] (px4_msgs) StdoutLine: {'line': b'-- Up-to-date: /home/nicolas/ws_ros2/install/px4_msgs/include/px4_msgs/px4_msgs/msg/detail/trajectory_setpoint6dof__builder.hpp\n'}
[0.868420] (px4_msgs) StdoutLine: {'line': b'-- Up-to-date: /home/nicolas/ws_ros2/install/px4_msgs/include/px4_msgs/px4_msgs/msg/detail/landing_target_innovations__struct.hpp\n'}
[0.868454] (px4_msgs) StdoutLine: {'line': b'-- Up-to-date: /home/nicolas/ws_ros2/install/px4_msgs/include/px4_msgs/px4_msgs/msg/detail/estimator_event_flags__traits.hpp\n'}
[0.868488] (px4_msgs) StdoutLine: {'line': b'-- Up-to-date: /home/nicolas/ws_ros2/install/px4_msgs/include/px4_msgs/px4_msgs/msg/detail/ekf2_timestamps__traits.hpp\n'}
[0.868521] (px4_msgs) StdoutLine: {'line': b'-- Up-to-date: /home/nicolas/ws_ros2/install/px4_msgs/include/px4_msgs/px4_msgs/msg/detail/actuator_armed__builder.hpp\n'}
[0.868555] (px4_msgs) StdoutLine: {'line': b'-- Up-to-date: /home/nicolas/ws_ros2/install/px4_msgs/include/px4_msgs/px4_msgs/msg/detail/sensors_status__struct.hpp\n'}
[0.868594] (px4_msgs) StdoutLine: {'line': b'-- Up-to-date: /home/nicolas/ws_ros2/install/px4_msgs/include/px4_msgs/px4_msgs/msg/detail/rover_rate_status__traits.hpp\n'}
[0.868626] (px4_msgs) StdoutLine: {'line': b'-- Up-to-date: /home/nicolas/ws_ros2/install/px4_msgs/include/px4_msgs/px4_msgs/msg/detail/can_interface_status__builder.hpp\n'}
[0.868658] (px4_msgs) StdoutLine: {'line': b'-- Up-to-date: /home/nicolas/ws_ros2/install/px4_msgs/include/px4_msgs/px4_msgs/msg/detail/follow_target_status__traits.hpp\n'}
[0.868698] (px4_msgs) StdoutLine: {'line': b'-- Up-to-date: /home/nicolas/ws_ros2/install/px4_msgs/include/px4_msgs/px4_msgs/msg/detail/sensor_combined__builder.hpp\n'}
[0.868734] (px4_msgs) StdoutLine: {'line': b'-- Up-to-date: /home/nicolas/ws_ros2/install/px4_msgs/include/px4_msgs/px4_msgs/msg/detail/mag_worker_data__builder.hpp\n'}
[0.868767] (px4_msgs) StdoutLine: {'line': b'-- Up-to-date: /home/nicolas/ws_ros2/install/px4_msgs/include/px4_msgs/px4_msgs/msg/detail/open_drone_id_system__builder.hpp\n'}
[0.868801] (px4_msgs) StdoutLine: {'line': b'-- Up-to-date: /home/nicolas/ws_ros2/install/px4_msgs/include/px4_msgs/px4_msgs/msg/detail/internal_combustion_engine_status__type_support.hpp\n'}
[0.868836] (px4_msgs) StdoutLine: {'line': b'-- Up-to-date: /home/nicolas/ws_ros2/install/px4_msgs/include/px4_msgs/px4_msgs/msg/detail/led_control__builder.hpp\n'}
[0.868870] (px4_msgs) StdoutLine: {'line': b'-- Up-to-date: /home/nicolas/ws_ros2/install/px4_msgs/include/px4_msgs/px4_msgs/msg/detail/open_drone_id_operator_id__struct.hpp\n'}
[0.868902] (px4_msgs) StdoutLine: {'line': b'-- Up-to-date: /home/nicolas/ws_ros2/install/px4_msgs/include/px4_msgs/px4_msgs/msg/detail/sensors_status__traits.hpp\n'}
[0.868935] (px4_msgs) StdoutLine: {'line': b'-- Up-to-date: /home/nicolas/ws_ros2/install/px4_msgs/include/px4_msgs/px4_msgs/msg/detail/position_controller_landing_status__builder.hpp\n'}
[0.868967] (px4_msgs) StdoutLine: {'line': b'-- Up-to-date: /home/nicolas/ws_ros2/install/px4_msgs/include/px4_msgs/px4_msgs/msg/detail/mavlink_tunnel__struct.hpp\n'}
[0.869000] (px4_msgs) StdoutLine: {'line': b'-- Up-to-date: /home/nicolas/ws_ros2/install/px4_msgs/include/px4_msgs/px4_msgs/msg/detail/vehicle_global_position__builder.hpp\n'}
[0.869036] (px4_msgs) StdoutLine: {'line': b'-- Up-to-date: /home/nicolas/ws_ros2/install/px4_msgs/include/px4_msgs/px4_msgs/msg/detail/vehicle_magnetometer__struct.hpp\n'}
[0.869068] (px4_msgs) StdoutLine: {'line': b'-- Up-to-date: /home/nicolas/ws_ros2/install/px4_msgs/include/px4_msgs/px4_msgs/msg/detail/onboard_computer_status__type_support.hpp\n'}
[0.869105] (px4_msgs) StdoutLine: {'line': b'-- Up-to-date: /home/nicolas/ws_ros2/install/px4_msgs/include/px4_msgs/px4_msgs/msg/detail/sensor_gps__type_support.hpp\n'}
[0.869138] (px4_msgs) StdoutLine: {'line': b'-- Up-to-date: /home/nicolas/ws_ros2/install/px4_msgs/include/px4_msgs/px4_msgs/msg/detail/sensor_accel__builder.hpp\n'}
[0.869170] (px4_msgs) StdoutLine: {'line': b'-- Up-to-date: /home/nicolas/ws_ros2/install/px4_msgs/include/px4_msgs/px4_msgs/msg/detail/sensor_optical_flow__traits.hpp\n'}
[0.869203] (px4_msgs) StdoutLine: {'line': b'-- Up-to-date: /home/nicolas/ws_ros2/install/px4_msgs/include/px4_msgs/px4_msgs/msg/detail/dronecan_node_status__builder.hpp\n'}
[0.869235] (px4_msgs) StdoutLine: {'line': b'-- Up-to-date: /home/nicolas/ws_ros2/install/px4_msgs/include/px4_msgs/px4_msgs/msg/detail/rover_speed_setpoint__struct.hpp\n'}
[0.869268] (px4_msgs) StdoutLine: {'line': b'-- Up-to-date: /home/nicolas/ws_ros2/install/px4_msgs/include/px4_msgs/px4_msgs/msg/detail/timesync_status__builder.hpp\n'}
[0.869300] (px4_msgs) StdoutLine: {'line': b'-- Up-to-date: /home/nicolas/ws_ros2/install/px4_msgs/include/px4_msgs/px4_msgs/msg/detail/manual_control_switches__type_support.hpp\n'}
[0.869333] (px4_msgs) StdoutLine: {'line': b'-- Up-to-date: /home/nicolas/ws_ros2/install/px4_msgs/include/px4_msgs/px4_msgs/msg/detail/tecs_status__type_support.hpp\n'}
[0.869366] (px4_msgs) StdoutLine: {'line': b'-- Up-to-date: /home/nicolas/ws_ros2/install/px4_msgs/include/px4_msgs/px4_msgs/msg/detail/rover_position_setpoint__builder.hpp\n'}
[0.869399] (px4_msgs) StdoutLine: {'line': b'-- Up-to-date: /home/nicolas/ws_ros2/install/px4_msgs/include/px4_msgs/px4_msgs/msg/detail/sensor_preflight_mag__type_support.hpp\n'}
[0.869431] (px4_msgs) StdoutLine: {'line': b'-- Up-to-date: /home/nicolas/ws_ros2/install/px4_msgs/include/px4_msgs/px4_msgs/msg/detail/uavcan_parameter_value__builder.hpp\n'}
[0.869466] (px4_msgs) StdoutLine: {'line': b'-- Up-to-date: /home/nicolas/ws_ros2/install/px4_msgs/include/px4_msgs/px4_msgs/msg/detail/estimator_selector_status__builder.hpp\n'}
[0.869501] (px4_msgs) StdoutLine: {'line': b'-- Up-to-date: /home/nicolas/ws_ros2/install/px4_msgs/include/px4_msgs/px4_msgs/msg/detail/health_report__builder.hpp\n'}
[0.869536] (px4_msgs) StdoutLine: {'line': b'-- Up-to-date: /home/nicolas/ws_ros2/install/px4_msgs/include/px4_msgs/px4_msgs/msg/detail/vehicle_magnetometer__traits.hpp\n'}
[0.869569] (px4_msgs) StdoutLine: {'line': b'-- Up-to-date: /home/nicolas/ws_ros2/install/px4_msgs/include/px4_msgs/px4_msgs/msg/detail/open_drone_id_system__struct.hpp\n'}
[0.869602] (px4_msgs) StdoutLine: {'line': b'-- Up-to-date: /home/nicolas/ws_ros2/install/px4_msgs/include/px4_msgs/px4_msgs/msg/detail/ping__builder.hpp\n'}
[0.869638] (px4_msgs) StdoutLine: {'line': b'-- Up-to-date: /home/nicolas/ws_ros2/install/px4_msgs/include/px4_msgs/px4_msgs/msg/detail/control_allocator_status__struct.hpp\n'}
[0.869671] (px4_msgs) StdoutLine: {'line': b'-- Up-to-date: /home/nicolas/ws_ros2/install/px4_msgs/include/px4_msgs/px4_msgs/msg/detail/sensor_mag__builder.hpp\n'}
[0.869716] (px4_msgs) StdoutLine: {'line': b'-- Up-to-date: /home/nicolas/ws_ros2/install/px4_msgs/include/px4_msgs/px4_msgs/msg/detail/follow_target__traits.hpp\n'}
[0.869750] (px4_msgs) StdoutLine: {'line': b'-- Up-to-date: /home/nicolas/ws_ros2/install/px4_msgs/include/px4_msgs/px4_msgs/msg/detail/vehicle_attitude_setpoint__traits.hpp\n'}
[0.869782] (px4_msgs) StdoutLine: {'line': b'-- Up-to-date: /home/nicolas/ws_ros2/install/px4_msgs/include/px4_msgs/px4_msgs/msg/detail/iridiumsbd_status__struct.hpp\n'}
[0.869816] (px4_msgs) StdoutLine: {'line': b'-- Up-to-date: /home/nicolas/ws_ros2/install/px4_msgs/include/px4_msgs/px4_msgs/msg/detail/irlock_report__type_support.hpp\n'}
[0.869849] (px4_msgs) StdoutLine: {'line': b'-- Up-to-date: /home/nicolas/ws_ros2/install/px4_msgs/include/px4_msgs/px4_msgs/msg/detail/actuator_servos_trim__struct.hpp\n'}
[0.869881] (px4_msgs) StdoutLine: {'line': b'-- Up-to-date: /home/nicolas/ws_ros2/install/px4_msgs/include/px4_msgs/px4_msgs/msg/detail/logger_status__type_support.hpp\n'}
[0.869916] (px4_msgs) StdoutLine: {'line': b'-- Up-to-date: /home/nicolas/ws_ros2/install/px4_msgs/include/px4_msgs/px4_msgs/msg/detail/onboard_computer_status__builder.hpp\n'}
[0.869949] (px4_msgs) StdoutLine: {'line': b'-- Up-to-date: /home/nicolas/ws_ros2/install/px4_msgs/include/px4_msgs/px4_msgs/msg/detail/gpio_request__struct.hpp\n'}
[0.869982] (px4_msgs) StdoutLine: {'line': b'-- Up-to-date: /home/nicolas/ws_ros2/install/px4_msgs/include/px4_msgs/px4_msgs/msg/detail/rover_throttle_setpoint__builder.hpp\n'}
[0.870015] (px4_msgs) StdoutLine: {'line': b'-- Up-to-date: /home/nicolas/ws_ros2/install/px4_msgs/include/px4_msgs/px4_msgs/msg/detail/follow_target_estimator__type_support.hpp\n'}
[0.870048] (px4_msgs) StdoutLine: {'line': b'-- Up-to-date: /home/nicolas/ws_ros2/install/px4_msgs/include/px4_msgs/px4_msgs/msg/detail/figure_eight_status__struct.hpp\n'}
[0.870084] (px4_msgs) StdoutLine: {'line': b'-- Up-to-date: /home/nicolas/ws_ros2/install/px4_msgs/include/px4_msgs/px4_msgs/msg/detail/ekf2_timestamps__builder.hpp\n'}
[0.870117] (px4_msgs) StdoutLine: {'line': b'-- Up-to-date: /home/nicolas/ws_ros2/install/px4_msgs/include/px4_msgs/px4_msgs/msg/detail/vehicle_acceleration__type_support.hpp\n'}
[0.870150] (px4_msgs) StdoutLine: {'line': b'-- Up-to-date: /home/nicolas/ws_ros2/install/px4_msgs/include/px4_msgs/px4_msgs/msg/detail/camera_status__traits.hpp\n'}
[0.870184] (px4_msgs) StdoutLine: {'line': b'-- Up-to-date: /home/nicolas/ws_ros2/install/px4_msgs/include/px4_msgs/px4_msgs/msg/detail/takeoff_status__builder.hpp\n'}
[0.870215] (px4_msgs) StdoutLine: {'line': b'-- Up-to-date: /home/nicolas/ws_ros2/install/px4_msgs/include/px4_msgs/px4_msgs/msg/detail/landing_gear_wheel__traits.hpp\n'}
[0.870248] (px4_msgs) StdoutLine: {'line': b'-- Up-to-date: /home/nicolas/ws_ros2/install/px4_msgs/include/px4_msgs/px4_msgs/msg/detail/vehicle_angular_acceleration_setpoint__builder.hpp\n'}
[0.870280] (px4_msgs) StdoutLine: {'line': b'-- Up-to-date: /home/nicolas/ws_ros2/install/px4_msgs/include/px4_msgs/px4_msgs/msg/detail/sensor_hygrometer__traits.hpp\n'}
[0.870312] (px4_msgs) StdoutLine: {'line': b'-- Up-to-date: /home/nicolas/ws_ros2/install/px4_msgs/include/px4_msgs/px4_msgs/msg/detail/transponder_report__type_support.hpp\n'}
[0.870344] (px4_msgs) StdoutLine: {'line': b'-- Up-to-date: /home/nicolas/ws_ros2/install/px4_msgs/include/px4_msgs/px4_msgs/msg/detail/gimbal_manager_set_manual_control__traits.hpp\n'}
[0.870375] (px4_msgs) StdoutLine: {'line': b'-- Up-to-date: /home/nicolas/ws_ros2/install/px4_msgs/include/px4_msgs/px4_msgs/msg/detail/tiltrotor_extra_controls__struct.hpp\n'}
[0.870407] (px4_msgs) StdoutLine: {'line': b'-- Up-to-date: /home/nicolas/ws_ros2/install/px4_msgs/include/px4_msgs/px4_msgs/msg/detail/gpio_out__traits.hpp\n'}
[0.870439] (px4_msgs) StdoutLine: {'line': b'-- Up-to-date: /home/nicolas/ws_ros2/install/px4_msgs/include/px4_msgs/px4_msgs/msg/detail/vehicle_attitude__traits.hpp\n'}
[0.870471] (px4_msgs) StdoutLine: {'line': b'-- Up-to-date: /home/nicolas/ws_ros2/install/px4_msgs/include/px4_msgs/px4_msgs/msg/detail/orb_test_medium__traits.hpp\n'}
[0.870502] (px4_msgs) StdoutLine: {'line': b'-- Up-to-date: /home/nicolas/ws_ros2/install/px4_msgs/include/px4_msgs/px4_msgs/msg/detail/rc_channels__type_support.hpp\n'}
[0.870534] (px4_msgs) StdoutLine: {'line': b'-- Up-to-date: /home/nicolas/ws_ros2/install/px4_msgs/include/px4_msgs/px4_msgs/msg/detail/landing_gear_wheel__type_support.hpp\n'}
[0.870565] (px4_msgs) StdoutLine: {'line': b'-- Up-to-date: /home/nicolas/ws_ros2/install/px4_msgs/include/px4_msgs/px4_msgs/msg/detail/estimator_aid_source1d__type_support.hpp\n'}
[0.870598] (px4_msgs) StdoutLine: {'line': b'-- Up-to-date: /home/nicolas/ws_ros2/install/px4_msgs/include/px4_msgs/px4_msgs/msg/detail/parameter_reset_request__struct.hpp\n'}
[0.870630] (px4_msgs) StdoutLine: {'line': b'-- Up-to-date: /home/nicolas/ws_ros2/install/px4_msgs/include/px4_msgs/px4_msgs/msg/detail/goto_setpoint__traits.hpp\n'}
[0.870661] (px4_msgs) StdoutLine: {'line': b'-- Up-to-date: /home/nicolas/ws_ros2/install/px4_msgs/include/px4_msgs/px4_msgs/msg/detail/debug_vect__type_support.hpp\n'}
[0.870702] (px4_msgs) StdoutLine: {'line': b'-- Up-to-date: /home/nicolas/ws_ros2/install/px4_msgs/include/px4_msgs/px4_msgs/msg/detail/vehicle_command__struct.hpp\n'}
[0.870736] (px4_msgs) StdoutLine: {'line': b'-- Up-to-date: /home/nicolas/ws_ros2/install/px4_msgs/include/px4_msgs/px4_msgs/msg/detail/sensors_status__builder.hpp\n'}
[0.870768] (px4_msgs) StdoutLine: {'line': b'-- Up-to-date: /home/nicolas/ws_ros2/install/px4_msgs/include/px4_msgs/px4_msgs/msg/detail/obstacle_distance__traits.hpp\n'}
[0.870805] (px4_msgs) StdoutLine: {'line': b'-- Up-to-date: /home/nicolas/ws_ros2/install/px4_msgs/include/px4_msgs/px4_msgs/msg/detail/rover_speed_status__type_support.hpp\n'}
[0.870837] (px4_msgs) StdoutLine: {'line': b'-- Up-to-date: /home/nicolas/ws_ros2/install/px4_msgs/include/px4_msgs/px4_msgs/msg/detail/actuator_servos__type_support.hpp\n'}
[0.870868] (px4_msgs) StdoutLine: {'line': b'-- Up-to-date: /home/nicolas/ws_ros2/install/px4_msgs/include/px4_msgs/px4_msgs/msg/detail/differential_pressure__builder.hpp\n'}
[0.870900] (px4_msgs) StdoutLine: {'line': b'-- Up-to-date: /home/nicolas/ws_ros2/install/px4_msgs/include/px4_msgs/px4_msgs/msg/detail/mission__type_support.hpp\n'}
[0.870932] (px4_msgs) StdoutLine: {'line': b'-- Up-to-date: /home/nicolas/ws_ros2/install/px4_msgs/include/px4_msgs/px4_msgs/msg/detail/trajectory_setpoint6dof__type_support.hpp\n'}
[0.870963] (px4_msgs) StdoutLine: {'line': b'-- Up-to-date: /home/nicolas/ws_ros2/install/px4_msgs/include/px4_msgs/px4_msgs/msg/detail/rover_position_setpoint__traits.hpp\n'}
[0.870994] (px4_msgs) StdoutLine: {'line': b'-- Up-to-date: /home/nicolas/ws_ros2/install/px4_msgs/include/px4_msgs/px4_msgs/msg/detail/neural_control__builder.hpp\n'}
[0.871026] (px4_msgs) StdoutLine: {'line': b'-- Up-to-date: /home/nicolas/ws_ros2/install/px4_msgs/include/px4_msgs/px4_msgs/msg/detail/estimator_states__builder.hpp\n'}
[0.871057] (px4_msgs) StdoutLine: {'line': b'-- Up-to-date: /home/nicolas/ws_ros2/install/px4_msgs/include/px4_msgs/px4_msgs/msg/detail/debug_key_value__builder.hpp\n'}
[0.871091] (px4_msgs) StdoutLine: {'line': b'-- Up-to-date: /home/nicolas/ws_ros2/install/px4_msgs/include/px4_msgs/px4_msgs/msg/detail/vehicle_acceleration__struct.hpp\n'}
[0.871121] (px4_msgs) StdoutLine: {'line': b'-- Up-to-date: /home/nicolas/ws_ros2/install/px4_msgs/include/px4_msgs/px4_msgs/msg/detail/power_monitor__type_support.hpp\n'}
[0.871153] (px4_msgs) StdoutLine: {'line': b'-- Up-to-date: /home/nicolas/ws_ros2/install/px4_msgs/include/px4_msgs/px4_msgs/msg/detail/parameter_set_used_request__struct.hpp\n'}
[0.871184] (px4_msgs) StdoutLine: {'line': b'-- Up-to-date: /home/nicolas/ws_ros2/install/px4_msgs/include/px4_msgs/px4_msgs/msg/detail/orb_test_medium__type_support.hpp\n'}
[0.871217] (px4_msgs) StdoutLine: {'line': b'-- Up-to-date: /home/nicolas/ws_ros2/install/px4_msgs/include/px4_msgs/px4_msgs/msg/detail/vehicle_imu_status__builder.hpp\n'}
[0.871249] (px4_msgs) StdoutLine: {'line': b'-- Up-to-date: /home/nicolas/ws_ros2/install/px4_msgs/include/px4_msgs/px4_msgs/msg/detail/parameter_update__builder.hpp\n'}
[0.871281] (px4_msgs) StdoutLine: {'line': b'-- Up-to-date: /home/nicolas/ws_ros2/install/px4_msgs/include/px4_msgs/px4_msgs/msg/detail/vehicle_local_position_setpoint__builder.hpp\n'}
[0.871314] (px4_msgs) StdoutLine: {'line': b'-- Up-to-date: /home/nicolas/ws_ros2/install/px4_msgs/include/px4_msgs/px4_msgs/msg/detail/rover_attitude_status__struct.hpp\n'}
[0.871345] (px4_msgs) StdoutLine: {'line': b'-- Up-to-date: /home/nicolas/ws_ros2/install/px4_msgs/include/px4_msgs/px4_msgs/msg/detail/estimator_sensor_bias__type_support.hpp\n'}
[0.871377] (px4_msgs) StdoutLine: {'line': b'-- Up-to-date: /home/nicolas/ws_ros2/install/px4_msgs/include/px4_msgs/px4_msgs/msg/detail/actuator_servos__builder.hpp\n'}
[0.871408] (px4_msgs) StdoutLine: {'line': b'-- Up-to-date: /home/nicolas/ws_ros2/install/px4_msgs/include/px4_msgs/px4_msgs/msg/detail/orbit_status__type_support.hpp\n'}
[0.871440] (px4_msgs) StdoutLine: {'line': b'-- Up-to-date: /home/nicolas/ws_ros2/install/px4_msgs/include/px4_msgs/px4_msgs/msg/detail/battery_info__type_support.hpp\n'}
[0.871473] (px4_msgs) StdoutLine: {'line': b'-- Up-to-date: /home/nicolas/ws_ros2/install/px4_msgs/include/px4_msgs/px4_msgs/msg/detail/transponder_report__traits.hpp\n'}
[0.871505] (px4_msgs) StdoutLine: {'line': b'-- Up-to-date: /home/nicolas/ws_ros2/install/px4_msgs/include/px4_msgs/px4_msgs/msg/detail/pps_capture__traits.hpp\n'}
[0.871536] (px4_msgs) StdoutLine: {'line': b'-- Up-to-date: /home/nicolas/ws_ros2/install/px4_msgs/include/px4_msgs/px4_msgs/msg/detail/adc_report__builder.hpp\n'}
[0.871568] (px4_msgs) StdoutLine: {'line': b'-- Up-to-date: /home/nicolas/ws_ros2/install/px4_msgs/include/px4_msgs/px4_msgs/msg/detail/position_setpoint__type_support.hpp\n'}
[0.871598] (px4_msgs) StdoutLine: {'line': b'-- Up-to-date: /home/nicolas/ws_ros2/install/px4_msgs/include/px4_msgs/px4_msgs/msg/detail/pps_capture__builder.hpp\n'}
[0.871631] (px4_msgs) StdoutLine: {'line': b'-- Up-to-date: /home/nicolas/ws_ros2/install/px4_msgs/include/px4_msgs/px4_msgs/msg/detail/rover_speed_setpoint__type_support.hpp\n'}
[0.871661] (px4_msgs) StdoutLine: {'line': b'-- Up-to-date: /home/nicolas/ws_ros2/install/px4_msgs/include/px4_msgs/px4_msgs/msg/detail/position_controller_status__traits.hpp\n'}
[0.871698] (px4_msgs) StdoutLine: {'line': b'-- Up-to-date: /home/nicolas/ws_ros2/install/px4_msgs/include/px4_msgs/px4_msgs/msg/detail/actuator_test__builder.hpp\n'}
[0.871732] (px4_msgs) StdoutLine: {'line': b'-- Up-to-date: /home/nicolas/ws_ros2/install/px4_msgs/include/px4_msgs/px4_msgs/msg/detail/vehicle_status__traits.hpp\n'}
[0.871765] (px4_msgs) StdoutLine: {'line': b'-- Up-to-date: /home/nicolas/ws_ros2/install/px4_msgs/include/px4_msgs/px4_msgs/msg/detail/vehicle_global_position__type_support.hpp\n'}
[0.871797] (px4_msgs) StdoutLine: {'line': b'-- Up-to-date: /home/nicolas/ws_ros2/install/px4_msgs/include/px4_msgs/px4_msgs/msg/detail/tecs_status__traits.hpp\n'}
[0.871829] (px4_msgs) StdoutLine: {'line': b'-- Up-to-date: /home/nicolas/ws_ros2/install/px4_msgs/include/px4_msgs/px4_msgs/msg/detail/gimbal_manager_set_manual_control__builder.hpp\n'}
[0.871877] (px4_msgs) StdoutLine: {'line': b'-- Up-to-date: /home/nicolas/ws_ros2/install/px4_msgs/include/px4_msgs/px4_msgs/msg/detail/orbit_status__traits.hpp\n'}
[0.871909] (px4_msgs) StdoutLine: {'line': b'-- Up-to-date: /home/nicolas/ws_ros2/install/px4_msgs/include/px4_msgs/px4_msgs/msg/detail/figure_eight_status__traits.hpp\n'}
[0.871940] (px4_msgs) StdoutLine: {'line': b'-- Up-to-date: /home/nicolas/ws_ros2/install/px4_msgs/include/px4_msgs/px4_msgs/msg/detail/tune_control__builder.hpp\n'}
[0.871972] (px4_msgs) StdoutLine: {'line': b'-- Up-to-date: /home/nicolas/ws_ros2/install/px4_msgs/include/px4_msgs/px4_msgs/msg/detail/actuator_outputs__struct.hpp\n'}
[0.872003] (px4_msgs) StdoutLine: {'line': b'-- Up-to-date: /home/nicolas/ws_ros2/install/px4_msgs/include/px4_msgs/px4_msgs/msg/detail/button_event__type_support.hpp\n'}
[0.872035] (px4_msgs) StdoutLine: {'line': b'-- Up-to-date: /home/nicolas/ws_ros2/install/px4_msgs/include/px4_msgs/px4_msgs/msg/detail/vehicle_air_data__builder.hpp\n'}
[0.872066] (px4_msgs) StdoutLine: {'line': b'-- Up-to-date: /home/nicolas/ws_ros2/install/px4_msgs/include/px4_msgs/px4_msgs/msg/detail/onboard_computer_status__traits.hpp\n'}
[0.872100] (px4_msgs) StdoutLine: {'line': b'-- Up-to-date: /home/nicolas/ws_ros2/install/px4_msgs/include/px4_msgs/px4_msgs/msg/detail/health_report__type_support.hpp\n'}
[0.872131] (px4_msgs) StdoutLine: {'line': b'-- Up-to-date: /home/nicolas/ws_ros2/install/px4_msgs/include/px4_msgs/px4_msgs/msg/detail/sensor_airflow__type_support.hpp\n'}
[0.872163] (px4_msgs) StdoutLine: {'line': b'-- Up-to-date: /home/nicolas/ws_ros2/install/px4_msgs/include/px4_msgs/px4_msgs/msg/detail/parameter_reset_request__traits.hpp\n'}
[0.872194] (px4_msgs) StdoutLine: {'line': b'-- Up-to-date: /home/nicolas/ws_ros2/install/px4_msgs/include/px4_msgs/px4_msgs/msg/detail/gimbal_device_set_attitude__builder.hpp\n'}
[0.872227] (px4_msgs) StdoutLine: {'line': b'-- Up-to-date: /home/nicolas/ws_ros2/install/px4_msgs/include/px4_msgs/px4_msgs/msg/detail/uavcan_parameter_request__traits.hpp\n'}
[0.872260] (px4_msgs) StdoutLine: {'line': b'-- Up-to-date: /home/nicolas/ws_ros2/install/px4_msgs/include/px4_msgs/px4_msgs/msg/detail/event__struct.hpp\n'}
[0.872293] (px4_msgs) StdoutLine: {'line': b'-- Up-to-date: /home/nicolas/ws_ros2/install/px4_msgs/include/px4_msgs/px4_msgs/msg/detail/open_drone_id_self_id__type_support.hpp\n'}
[0.872326] (px4_msgs) StdoutLine: {'line': b'-- Up-to-date: /home/nicolas/ws_ros2/install/px4_msgs/include/px4_msgs/px4_msgs/msg/detail/vehicle_roi__builder.hpp\n'}
[0.872358] (px4_msgs) StdoutLine: {'line': b'-- Up-to-date: /home/nicolas/ws_ros2/install/px4_msgs/include/px4_msgs/px4_msgs/msg/detail/sensor_accel_fifo__builder.hpp\n'}
[0.872391] (px4_msgs) StdoutLine: {'line': b'-- Up-to-date: /home/nicolas/ws_ros2/install/px4_msgs/include/px4_msgs/px4_msgs/msg/detail/parameter_set_value_response__type_support.hpp\n'}
[0.872425] (px4_msgs) StdoutLine: {'line': b'-- Up-to-date: /home/nicolas/ws_ros2/install/px4_msgs/include/px4_msgs/px4_msgs/msg/detail/vehicle_optical_flow__type_support.hpp\n'}
[0.872458] (px4_msgs) StdoutLine: {'line': b'-- Up-to-date: /home/nicolas/ws_ros2/install/px4_msgs/include/px4_msgs/px4_msgs/msg/detail/arming_check_request__type_support.hpp\n'}
[0.872492] (px4_msgs) StdoutLine: {'line': b'-- Up-to-date: /home/nicolas/ws_ros2/install/px4_msgs/include/px4_msgs/px4_msgs/msg/detail/follow_target__builder.hpp\n'}
[0.872525] (px4_msgs) StdoutLine: {'line': b'-- Up-to-date: /home/nicolas/ws_ros2/install/px4_msgs/include/px4_msgs/px4_msgs/msg/detail/led_control__type_support.hpp\n'}
[0.872558] (px4_msgs) StdoutLine: {'line': b'-- Up-to-date: /home/nicolas/ws_ros2/install/px4_msgs/include/px4_msgs/px4_msgs/msg/detail/vehicle_air_data__traits.hpp\n'}
[0.872591] (px4_msgs) StdoutLine: {'line': b'-- Up-to-date: /home/nicolas/ws_ros2/install/px4_msgs/include/px4_msgs/px4_msgs/msg/detail/log_message__type_support.hpp\n'}
[0.872623] (px4_msgs) StdoutLine: {'line': b'-- Up-to-date: /home/nicolas/ws_ros2/install/px4_msgs/include/px4_msgs/px4_msgs/msg/detail/estimator_aid_source1d__builder.hpp\n'}
[0.872656] (px4_msgs) StdoutLine: {'line': b'-- Up-to-date: /home/nicolas/ws_ros2/install/px4_msgs/include/px4_msgs/px4_msgs/msg/detail/wind__builder.hpp\n'}
[0.872695] (px4_msgs) StdoutLine: {'line': b'-- Up-to-date: /home/nicolas/ws_ros2/install/px4_msgs/include/px4_msgs/px4_msgs/msg/detail/uavcan_parameter_request__type_support.hpp\n'}
[0.872731] (px4_msgs) StdoutLine: {'line': b'-- Up-to-date: /home/nicolas/ws_ros2/install/px4_msgs/include/px4_msgs/px4_msgs/msg/detail/fixed_wing_lateral_setpoint__traits.hpp\n'}
[0.872768] (px4_msgs) StdoutLine: {'line': b'-- Up-to-date: /home/nicolas/ws_ros2/install/px4_msgs/include/px4_msgs/px4_msgs/msg/detail/gimbal_manager_set_manual_control__struct.hpp\n'}
[0.872829] (px4_msgs) StdoutLine: {'line': b'-- Up-to-date: /home/nicolas/ws_ros2/install/px4_msgs/include/px4_msgs/px4_msgs/msg/detail/fixed_wing_lateral_guidance_status__traits.hpp\n'}
[0.872864] (px4_msgs) StdoutLine: {'line': b'-- Up-to-date: /home/nicolas/ws_ros2/install/px4_msgs/include/px4_msgs/px4_msgs/msg/detail/ping__type_support.hpp\n'}
[0.872898] (px4_msgs) StdoutLine: {'line': b'-- Up-to-date: /home/nicolas/ws_ros2/install/px4_msgs/include/px4_msgs/px4_msgs/msg/detail/pps_capture__type_support.hpp\n'}
[0.872932] (px4_msgs) StdoutLine: {'line': b'-- Up-to-date: /home/nicolas/ws_ros2/install/px4_msgs/include/px4_msgs/px4_msgs/msg/detail/mission_result__traits.hpp\n'}
[0.872966] (px4_msgs) StdoutLine: {'line': b'-- Up-to-date: /home/nicolas/ws_ros2/install/px4_msgs/include/px4_msgs/px4_msgs/msg/detail/open_drone_id_self_id__traits.hpp\n'}
[0.873008] (px4_msgs) StdoutLine: {'line': b'-- Up-to-date: /home/nicolas/ws_ros2/install/px4_msgs/include/px4_msgs/px4_msgs/msg/detail/rover_attitude_setpoint__type_support.hpp\n'}
[0.873055] (px4_msgs) StdoutLine: {'line': b'-- Up-to-date: /home/nicolas/ws_ros2/install/px4_msgs/include/px4_msgs/px4_msgs/msg/detail/vehicle_angular_velocity__struct.hpp\n'}
[0.873091] (px4_msgs) StdoutLine: {'line': b'-- Up-to-date: /home/nicolas/ws_ros2/install/px4_msgs/include/px4_msgs/px4_msgs/msg/detail/vehicle_odometry__builder.hpp\n'}
[0.873124] (px4_msgs) StdoutLine: {'line': b'-- Up-to-date: /home/nicolas/ws_ros2/install/px4_msgs/include/px4_msgs/px4_msgs/msg/detail/fixed_wing_lateral_status__struct.hpp\n'}
[0.873160] (px4_msgs) StdoutLine: {'line': b'-- Up-to-date: /home/nicolas/ws_ros2/install/px4_msgs/include/px4_msgs/px4_msgs/msg/detail/estimator_status_flags__type_support.hpp\n'}
[0.873194] (px4_msgs) StdoutLine: {'line': b'-- Up-to-date: /home/nicolas/ws_ros2/install/px4_msgs/include/px4_msgs/px4_msgs/msg/detail/gimbal_device_information__struct.hpp\n'}
[0.873227] (px4_msgs) StdoutLine: {'line': b'-- Up-to-date: /home/nicolas/ws_ros2/install/px4_msgs/include/px4_msgs/px4_msgs/msg/detail/led_control__traits.hpp\n'}
[0.873261] (px4_msgs) StdoutLine: {'line': b'-- Up-to-date: /home/nicolas/ws_ros2/install/px4_msgs/include/px4_msgs/px4_msgs/msg/detail/vehicle_angular_velocity__traits.hpp\n'}
[0.873294] (px4_msgs) StdoutLine: {'line': b'-- Up-to-date: /home/nicolas/ws_ros2/install/px4_msgs/include/px4_msgs/px4_msgs/msg/detail/camera_capture__struct.hpp\n'}
[0.873329] (px4_msgs) StdoutLine: {'line': b'-- Up-to-date: /home/nicolas/ws_ros2/install/px4_msgs/include/px4_msgs/px4_msgs/msg/detail/adc_report__struct.hpp\n'}
[0.873364] (px4_msgs) StdoutLine: {'line': b'-- Up-to-date: /home/nicolas/ws_ros2/install/px4_msgs/include/px4_msgs/px4_msgs/msg/detail/vehicle_imu_status__traits.hpp\n'}
[0.873403] (px4_msgs) StdoutLine: {'line': b'-- Up-to-date: /home/nicolas/ws_ros2/install/px4_msgs/include/px4_msgs/px4_msgs/msg/detail/longitudinal_control_configuration__type_support.hpp\n'}
[0.873439] (px4_msgs) StdoutLine: {'line': b'-- Up-to-date: /home/nicolas/ws_ros2/install/px4_msgs/include/px4_msgs/px4_msgs/msg/detail/unregister_ext_component__traits.hpp\n'}
[0.873520] (px4_msgs) StdoutLine: {'line': b'-- Up-to-date: /home/nicolas/ws_ros2/install/px4_msgs/include/px4_msgs/px4_msgs/msg/detail/trajectory_setpoint__struct.hpp\n'}
[0.873558] (px4_msgs) StdoutLine: {'line': b'-- Up-to-date: /home/nicolas/ws_ros2/install/px4_msgs/include/px4_msgs/px4_msgs/msg/detail/flight_phase_estimation__type_support.hpp\n'}
[0.873592] (px4_msgs) StdoutLine: {'line': b'-- Up-to-date: /home/nicolas/ws_ros2/install/px4_msgs/include/px4_msgs/px4_msgs/msg/detail/debug_key_value__struct.hpp\n'}
[0.873626] (px4_msgs) StdoutLine: {'line': b'-- Up-to-date: /home/nicolas/ws_ros2/install/px4_msgs/include/px4_msgs/px4_msgs/msg/detail/ulog_stream_ack__traits.hpp\n'}
[0.873660] (px4_msgs) StdoutLine: {'line': b'-- Up-to-date: /home/nicolas/ws_ros2/install/px4_msgs/include/px4_msgs/px4_msgs/msg/detail/actuator_motors__type_support.hpp\n'}
[0.873702] (px4_msgs) StdoutLine: {'line': b'-- Up-to-date: /home/nicolas/ws_ros2/install/px4_msgs/include/px4_msgs/px4_msgs/msg/detail/estimator_selector_status__type_support.hpp\n'}
[0.873738] (px4_msgs) StdoutLine: {'line': b'-- Up-to-date: /home/nicolas/ws_ros2/install/px4_msgs/include/px4_msgs/px4_msgs/msg/detail/orb_test_large__builder.hpp\n'}
[0.873773] (px4_msgs) StdoutLine: {'line': b'-- Up-to-date: /home/nicolas/ws_ros2/install/px4_msgs/include/px4_msgs/px4_msgs/msg/detail/vehicle_imu__traits.hpp\n'}
[0.873807] (px4_msgs) StdoutLine: {'line': b'-- Up-to-date: /home/nicolas/ws_ros2/install/px4_msgs/include/px4_msgs/px4_msgs/msg/detail/fixed_wing_lateral_status__builder.hpp\n'}
[0.873840] (px4_msgs) StdoutLine: {'line': b'-- Up-to-date: /home/nicolas/ws_ros2/install/px4_msgs/include/px4_msgs/px4_msgs/msg/detail/power_button_state__traits.hpp\n'}
[0.873873] (px4_msgs) StdoutLine: {'line': b'-- Up-to-date: /home/nicolas/ws_ros2/install/px4_msgs/include/px4_msgs/px4_msgs/msg/detail/vehicle_torque_setpoint__struct.hpp\n'}
[0.873907] (px4_msgs) StdoutLine: {'line': b'-- Up-to-date: /home/nicolas/ws_ros2/install/px4_msgs/include/px4_msgs/px4_msgs/msg/detail/failure_detector_status__struct.hpp\n'}
[0.873945] (px4_msgs) StdoutLine: {'line': b'-- Up-to-date: /home/nicolas/ws_ros2/install/px4_msgs/include/px4_msgs/px4_msgs/msg/detail/sensors_status_imu__traits.hpp\n'}
[0.873979] (px4_msgs) StdoutLine: {'line': b'-- Up-to-date: /home/nicolas/ws_ros2/install/px4_msgs/include/px4_msgs/px4_msgs/msg/detail/rover_position_setpoint__struct.hpp\n'}
[0.874014] (px4_msgs) StdoutLine: {'line': b'-- Up-to-date: /home/nicolas/ws_ros2/install/px4_msgs/include/px4_msgs/px4_msgs/msg/detail/gimbal_device_information__builder.hpp\n'}
[0.874047] (px4_msgs) StdoutLine: {'line': b'-- Up-to-date: /home/nicolas/ws_ros2/install/px4_msgs/include/px4_msgs/px4_msgs/msg/detail/rover_rate_status__struct.hpp\n'}
[0.874081] (px4_msgs) StdoutLine: {'line': b'-- Up-to-date: /home/nicolas/ws_ros2/install/px4_msgs/include/px4_msgs/px4_msgs/msg/detail/goto_setpoint__type_support.hpp\n'}
[0.874114] (px4_msgs) StdoutLine: {'line': b'-- Up-to-date: /home/nicolas/ws_ros2/install/px4_msgs/include/px4_msgs/px4_msgs/msg/detail/can_interface_status__type_support.hpp\n'}
[0.874148] (px4_msgs) StdoutLine: {'line': b'-- Up-to-date: /home/nicolas/ws_ros2/install/px4_msgs/include/px4_msgs/px4_msgs/msg/detail/gps_dump__struct.hpp\n'}
[0.874184] (px4_msgs) StdoutLine: {'line': b'-- Up-to-date: /home/nicolas/ws_ros2/install/px4_msgs/include/px4_msgs/px4_msgs/msg/detail/vehicle_acceleration__builder.hpp\n'}
[0.874225] (px4_msgs) StdoutLine: {'line': b'-- Up-to-date: /home/nicolas/ws_ros2/install/px4_msgs/include/px4_msgs/px4_msgs/msg/detail/sensor_gps__builder.hpp\n'}
[0.874261] (px4_msgs) StdoutLine: {'line': b'-- Up-to-date: /home/nicolas/ws_ros2/install/px4_msgs/include/px4_msgs/px4_msgs/msg/detail/vehicle_optical_flow_vel__builder.hpp\n'}
[0.874333] (px4_msgs) StdoutLine: {'line': b'-- Up-to-date: /home/nicolas/ws_ros2/install/px4_msgs/include/px4_msgs/px4_msgs/msg/detail/vtol_vehicle_status__traits.hpp\n'}
[0.874369] (px4_msgs) StdoutLine: {'line': b'-- Up-to-date: /home/nicolas/ws_ros2/install/px4_msgs/include/px4_msgs/px4_msgs/msg/detail/estimator_bias3d__builder.hpp\n'}
[0.874404] (px4_msgs) StdoutLine: {'line': b'-- Up-to-date: /home/nicolas/ws_ros2/install/px4_msgs/include/px4_msgs/px4_msgs/msg/detail/button_event__builder.hpp\n'}
[0.874437] (px4_msgs) StdoutLine: {'line': b'-- Up-to-date: /home/nicolas/ws_ros2/install/px4_msgs/include/px4_msgs/px4_msgs/msg/detail/orb_test_large__type_support.hpp\n'}
[0.874471] (px4_msgs) StdoutLine: {'line': b'-- Up-to-date: /home/nicolas/ws_ros2/install/px4_msgs/include/px4_msgs/px4_msgs/msg/detail/pps_capture__struct.hpp\n'}
[0.874505] (px4_msgs) StdoutLine: {'line': b'-- Up-to-date: /home/nicolas/ws_ros2/install/px4_msgs/include/px4_msgs/px4_msgs/msg/detail/register_ext_component_request__type_support.hpp\n'}
[0.874539] (px4_msgs) StdoutLine: {'line': b'-- Up-to-date: /home/nicolas/ws_ros2/install/px4_msgs/include/px4_msgs/px4_msgs/msg/detail/lateral_control_configuration__builder.hpp\n'}
[0.874572] (px4_msgs) StdoutLine: {'line': b'-- Up-to-date: /home/nicolas/ws_ros2/install/px4_msgs/include/px4_msgs/px4_msgs/msg/detail/estimator_aid_source1d__traits.hpp\n'}
[0.874606] (px4_msgs) StdoutLine: {'line': b'-- Up-to-date: /home/nicolas/ws_ros2/install/px4_msgs/include/px4_msgs/px4_msgs/msg/detail/open_drone_id_self_id__builder.hpp\n'}
[0.874639] (px4_msgs) StdoutLine: {'line': b'-- Up-to-date: /home/nicolas/ws_ros2/install/px4_msgs/include/px4_msgs/px4_msgs/msg/detail/estimator_innovations__traits.hpp\n'}
[0.874671] (px4_msgs) StdoutLine: {'line': b'-- Up-to-date: /home/nicolas/ws_ros2/install/px4_msgs/include/px4_msgs/px4_msgs/msg/detail/sensor_gyro_fft__builder.hpp\n'}
[0.874743] (px4_msgs) StdoutLine: {'line': b'-- Up-to-date: /home/nicolas/ws_ros2/install/px4_msgs/include/px4_msgs/px4_msgs/msg/detail/follow_target_status__builder.hpp\n'}
[0.874778] (px4_msgs) StdoutLine: {'line': b'-- Up-to-date: /home/nicolas/ws_ros2/install/px4_msgs/include/px4_msgs/px4_msgs/msg/detail/vehicle_local_position_setpoint__traits.hpp\n'}
[0.874812] (px4_msgs) StdoutLine: {'line': b'-- Up-to-date: /home/nicolas/ws_ros2/install/px4_msgs/include/px4_msgs/px4_msgs/msg/detail/input_rc__struct.hpp\n'}
[0.874848] (px4_msgs) StdoutLine: {'line': b'-- Up-to-date: /home/nicolas/ws_ros2/install/px4_msgs/include/px4_msgs/px4_msgs/msg/detail/rtl_time_estimate__type_support.hpp\n'}
[0.874881] (px4_msgs) StdoutLine: {'line': b'-- Up-to-date: /home/nicolas/ws_ros2/install/px4_msgs/include/px4_msgs/px4_msgs/msg/detail/sensor_baro__type_support.hpp\n'}
[0.874913] (px4_msgs) StdoutLine: {'line': b'-- Up-to-date: /home/nicolas/ws_ros2/install/px4_msgs/include/px4_msgs/px4_msgs/msg/detail/failsafe_flags__struct.hpp\n'}
[0.874946] (px4_msgs) StdoutLine: {'line': b'-- Up-to-date: /home/nicolas/ws_ros2/install/px4_msgs/include/px4_msgs/px4_msgs/msg/detail/message_format_request__struct.hpp\n'}
[0.874978] (px4_msgs) StdoutLine: {'line': b'-- Up-to-date: /home/nicolas/ws_ros2/install/px4_msgs/include/px4_msgs/px4_msgs/msg/detail/sensor_mag__struct.hpp\n'}
[0.875011] (px4_msgs) StdoutLine: {'line': b'-- Up-to-date: /home/nicolas/ws_ros2/install/px4_msgs/include/px4_msgs/px4_msgs/msg/detail/rover_rate_status__type_support.hpp\n'}
[0.875044] (px4_msgs) StdoutLine: {'line': b'-- Up-to-date: /home/nicolas/ws_ros2/install/px4_msgs/include/px4_msgs/px4_msgs/msg/detail/sensor_gyro__traits.hpp\n'}
[0.875107] (px4_msgs) StdoutLine: {'line': b'-- Up-to-date: /home/nicolas/ws_ros2/install/px4_msgs/include/px4_msgs/px4_msgs/msg/detail/debug_value__struct.hpp\n'}
[0.875140] (px4_msgs) StdoutLine: {'line': b'-- Up-to-date: /home/nicolas/ws_ros2/install/px4_msgs/include/px4_msgs/px4_msgs/msg/detail/rc_parameter_map__builder.hpp\n'}
[0.875174] (px4_msgs) StdoutLine: {'line': b'-- Up-to-date: /home/nicolas/ws_ros2/install/px4_msgs/include/px4_msgs/px4_msgs/msg/detail/register_ext_component_reply__type_support.hpp\n'}
[0.875208] (px4_msgs) StdoutLine: {'line': b'-- Up-to-date: /home/nicolas/ws_ros2/install/px4_msgs/include/px4_msgs/px4_msgs/msg/detail/airspeed__traits.hpp\n'}
[0.875241] (px4_msgs) StdoutLine: {'line': b'-- Up-to-date: /home/nicolas/ws_ros2/install/px4_msgs/include/px4_msgs/px4_msgs/msg/detail/vehicle_torque_setpoint__type_support.hpp\n'}
[0.875275] (px4_msgs) StdoutLine: {'line': b'-- Up-to-date: /home/nicolas/ws_ros2/install/px4_msgs/include/px4_msgs/px4_msgs/msg/detail/ekf2_timestamps__type_support.hpp\n'}
[0.875307] (px4_msgs) StdoutLine: {'line': b'-- Up-to-date: /home/nicolas/ws_ros2/install/px4_msgs/include/px4_msgs/px4_msgs/msg/detail/vehicle_imu_status__struct.hpp\n'}
[0.875341] (px4_msgs) StdoutLine: {'line': b'-- Up-to-date: /home/nicolas/ws_ros2/install/px4_msgs/include/px4_msgs/px4_msgs/msg/detail/action_request__struct.hpp\n'}
[0.875399] (px4_msgs) StdoutLine: {'line': b'-- Up-to-date: /home/nicolas/ws_ros2/install/px4_msgs/include/px4_msgs/px4_msgs/msg/detail/log_message__traits.hpp\n'}
[0.875433] (px4_msgs) StdoutLine: {'line': b'-- Up-to-date: /home/nicolas/ws_ros2/install/px4_msgs/include/px4_msgs/px4_msgs/msg/detail/gimbal_device_information__traits.hpp\n'}
[0.875476] (px4_msgs) StdoutLine: {'line': b'-- Up-to-date: /home/nicolas/ws_ros2/install/px4_msgs/include/px4_msgs/px4_msgs/msg/detail/health_report__struct.hpp\n'}
[0.875510] (px4_msgs) StdoutLine: {'line': b'-- Up-to-date: /home/nicolas/ws_ros2/install/px4_msgs/include/px4_msgs/px4_msgs/msg/detail/sensor_optical_flow__struct.hpp\n'}
[0.875544] (px4_msgs) StdoutLine: {'line': b'-- Up-to-date: /home/nicolas/ws_ros2/install/px4_msgs/include/px4_msgs/px4_msgs/msg/detail/message_format_request__builder.hpp\n'}
[0.875577] (px4_msgs) StdoutLine: {'line': b'-- Up-to-date: /home/nicolas/ws_ros2/install/px4_msgs/include/px4_msgs/px4_msgs/msg/detail/sensor_accel_fifo__type_support.hpp\n'}
[0.875610] (px4_msgs) StdoutLine: {'line': b'-- Up-to-date: /home/nicolas/ws_ros2/install/px4_msgs/include/px4_msgs/px4_msgs/msg/detail/mission__struct.hpp\n'}
[0.875673] (px4_msgs) StdoutLine: {'line': b'-- Up-to-date: /home/nicolas/ws_ros2/install/px4_msgs/include/px4_msgs/px4_msgs/msg/detail/takeoff_status__struct.hpp\n'}
[0.875712] (px4_msgs) StdoutLine: {'line': b'-- Up-to-date: /home/nicolas/ws_ros2/install/px4_msgs/include/px4_msgs/px4_msgs/msg/detail/gimbal_device_set_attitude__type_support.hpp\n'}
[0.875752] (px4_msgs) StdoutLine: {'line': b'-- Up-to-date: /home/nicolas/ws_ros2/install/px4_msgs/include/px4_msgs/px4_msgs/msg/detail/vehicle_command_ack__builder.hpp\n'}
[0.875785] (px4_msgs) StdoutLine: {'line': b'-- Up-to-date: /home/nicolas/ws_ros2/install/px4_msgs/include/px4_msgs/px4_msgs/msg/detail/open_drone_id_arm_status__builder.hpp\n'}
[0.875820] (px4_msgs) StdoutLine: {'line': b'-- Up-to-date: /home/nicolas/ws_ros2/install/px4_msgs/include/px4_msgs/px4_msgs/msg/detail/wheel_encoders__traits.hpp\n'}
[0.875853] (px4_msgs) StdoutLine: {'line': b'-- Up-to-date: /home/nicolas/ws_ros2/install/px4_msgs/include/px4_msgs/px4_msgs/msg/detail/sensor_gyro_fifo__traits.hpp\n'}
[0.875886] (px4_msgs) StdoutLine: {'line': b'-- Up-to-date: /home/nicolas/ws_ros2/install/px4_msgs/include/px4_msgs/px4_msgs/msg/detail/yaw_estimator_status__builder.hpp\n'}
[0.875919] (px4_msgs) StdoutLine: {'line': b'-- Up-to-date: /home/nicolas/ws_ros2/install/px4_msgs/include/px4_msgs/px4_msgs/msg/detail/estimator_innovations__builder.hpp\n'}
[0.875952] (px4_msgs) StdoutLine: {'line': b'-- Up-to-date: /home/nicolas/ws_ros2/install/px4_msgs/include/px4_msgs/px4_msgs/msg/detail/unregister_ext_component__struct.hpp\n'}
[0.875985] (px4_msgs) StdoutLine: {'line': b'-- Up-to-date: /home/nicolas/ws_ros2/install/px4_msgs/include/px4_msgs/px4_msgs/msg/detail/estimator_states__type_support.hpp\n'}
[0.876018] (px4_msgs) StdoutLine: {'line': b'-- Up-to-date: /home/nicolas/ws_ros2/install/px4_msgs/include/px4_msgs/px4_msgs/msg/detail/home_position__traits.hpp\n'}
[0.876054] (px4_msgs) StdoutLine: {'line': b'-- Up-to-date: /home/nicolas/ws_ros2/install/px4_msgs/include/px4_msgs/px4_msgs/msg/detail/parameter_set_value_response__traits.hpp\n'}
[0.876090] (px4_msgs) StdoutLine: {'line': b'-- Up-to-date: /home/nicolas/ws_ros2/install/px4_msgs/include/px4_msgs/px4_msgs/msg/detail/vehicle_control_mode__type_support.hpp\n'}
[0.876126] (px4_msgs) StdoutLine: {'line': b'-- Up-to-date: /home/nicolas/ws_ros2/install/px4_msgs/include/px4_msgs/px4_msgs/msg/detail/home_position__builder.hpp\n'}
[0.876161] (px4_msgs) StdoutLine: {'line': b'-- Up-to-date: /home/nicolas/ws_ros2/install/px4_msgs/include/px4_msgs/px4_msgs/msg/detail/estimator_status__traits.hpp\n'}
[0.876196] (px4_msgs) StdoutLine: {'line': b'-- Up-to-date: /home/nicolas/ws_ros2/install/px4_msgs/include/px4_msgs/px4_msgs/msg/detail/unregister_ext_component__builder.hpp\n'}
[0.876233] (px4_msgs) StdoutLine: {'line': b'-- Up-to-date: /home/nicolas/ws_ros2/install/px4_msgs/include/px4_msgs/px4_msgs/msg/detail/vtol_vehicle_status__struct.hpp\n'}
[0.876270] (px4_msgs) StdoutLine: {'line': b'-- Up-to-date: /home/nicolas/ws_ros2/install/px4_msgs/include/px4_msgs/px4_msgs/msg/detail/position_controller_landing_status__type_support.hpp\n'}
[0.876306] (px4_msgs) StdoutLine: {'line': b'-- Up-to-date: /home/nicolas/ws_ros2/install/px4_msgs/include/px4_msgs/px4_msgs/msg/detail/position_setpoint_triplet__type_support.hpp\n'}
[0.876342] (px4_msgs) StdoutLine: {'line': b'-- Up-to-date: /home/nicolas/ws_ros2/install/px4_msgs/include/px4_msgs/px4_msgs/msg/detail/mag_worker_data__traits.hpp\n'}
[0.876380] (px4_msgs) StdoutLine: {'line': b'-- Up-to-date: /home/nicolas/ws_ros2/install/px4_msgs/include/px4_msgs/px4_msgs/msg/detail/magnetometer_bias_estimate__type_support.hpp\n'}
[0.876418] (px4_msgs) StdoutLine: {'line': b'-- Up-to-date: /home/nicolas/ws_ros2/install/px4_msgs/include/px4_msgs/px4_msgs/msg/detail/arming_check_reply__type_support.hpp\n'}
[0.876455] (px4_msgs) StdoutLine: {'line': b'-- Up-to-date: /home/nicolas/ws_ros2/install/px4_msgs/include/px4_msgs/px4_msgs/msg/detail/landing_gear__builder.hpp\n'}
[0.876491] (px4_msgs) StdoutLine: {'line': b'-- Up-to-date: /home/nicolas/ws_ros2/install/px4_msgs/include/px4_msgs/px4_msgs/msg/detail/radio_status__builder.hpp\n'}
[0.876526] (px4_msgs) StdoutLine: {'line': b'-- Up-to-date: /home/nicolas/ws_ros2/install/px4_msgs/include/px4_msgs/px4_msgs/msg/detail/estimator_aid_source1d__struct.hpp\n'}
[0.876600] (px4_msgs) StdoutLine: {'line': b'-- Up-to-date: /home/nicolas/ws_ros2/install/px4_msgs/include/px4_msgs/px4_msgs/msg/detail/longitudinal_control_configuration__struct.hpp\n'}
[0.876664] (px4_msgs) StdoutLine: {'line': b'-- Up-to-date: /home/nicolas/ws_ros2/install/px4_msgs/include/px4_msgs/px4_msgs/msg/detail/sensor_correction__builder.hpp\n'}
[0.876702] (px4_msgs) StdoutLine: {'line': b'-- Up-to-date: /home/nicolas/ws_ros2/install/px4_msgs/include/px4_msgs/px4_msgs/msg/detail/hover_thrust_estimate__type_support.hpp\n'}
[0.876742] (px4_msgs) StdoutLine: {'line': b'-- Up-to-date: /home/nicolas/ws_ros2/install/px4_msgs/include/px4_msgs/px4_msgs/msg/detail/position_setpoint_triplet__struct.hpp\n'}
[0.876777] (px4_msgs) StdoutLine: {'line': b'-- Up-to-date: /home/nicolas/ws_ros2/install/px4_msgs/include/px4_msgs/px4_msgs/msg/detail/manual_control_setpoint__struct.hpp\n'}
[0.876814] (px4_msgs) StdoutLine: {'line': b'-- Up-to-date: /home/nicolas/ws_ros2/install/px4_msgs/include/px4_msgs/px4_msgs/msg/detail/vtol_vehicle_status__builder.hpp\n'}
[0.876850] (px4_msgs) StdoutLine: {'line': b'-- Up-to-date: /home/nicolas/ws_ros2/install/px4_msgs/include/px4_msgs/px4_msgs/msg/detail/autotune_attitude_control_status__builder.hpp\n'}
[0.876886] (px4_msgs) StdoutLine: {'line': b'-- Up-to-date: /home/nicolas/ws_ros2/install/px4_msgs/include/px4_msgs/px4_msgs/msg/detail/actuator_test__struct.hpp\n'}
[0.876922] (px4_msgs) StdoutLine: {'line': b'-- Up-to-date: /home/nicolas/ws_ros2/install/px4_msgs/include/px4_msgs/px4_msgs/msg/detail/position_controller_landing_status__traits.hpp\n'}
[0.876959] (px4_msgs) StdoutLine: {'line': b'-- Up-to-date: /home/nicolas/ws_ros2/install/px4_msgs/include/px4_msgs/px4_msgs/msg/detail/actuator_test__type_support.hpp\n'}
[0.876994] (px4_msgs) StdoutLine: {'line': b'-- Up-to-date: /home/nicolas/ws_ros2/install/px4_msgs/include/px4_msgs/px4_msgs/msg/detail/rtl_time_estimate__traits.hpp\n'}
[0.877032] (px4_msgs) StdoutLine: {'line': b'-- Up-to-date: /home/nicolas/ws_ros2/install/px4_msgs/include/px4_msgs/px4_msgs/msg/detail/arming_check_request__builder.hpp\n'}
[0.877068] (px4_msgs) StdoutLine: {'line': b'-- Up-to-date: /home/nicolas/ws_ros2/install/px4_msgs/include/px4_msgs/px4_msgs/msg/detail/parameter_set_value_response__struct.hpp\n'}
[0.877104] (px4_msgs) StdoutLine: {'line': b'-- Up-to-date: /home/nicolas/ws_ros2/install/px4_msgs/include/px4_msgs/px4_msgs/msg/detail/sensor_gyro_fifo__builder.hpp\n'}
[0.877141] (px4_msgs) StdoutLine: {'line': b'-- Up-to-date: /home/nicolas/ws_ros2/install/px4_msgs/include/px4_msgs/px4_msgs/msg/detail/pure_pursuit_status__traits.hpp\n'}
[0.877177] (px4_msgs) StdoutLine: {'line': b'-- Up-to-date: /home/nicolas/ws_ros2/install/px4_msgs/include/px4_msgs/px4_msgs/msg/detail/vehicle_command__builder.hpp\n'}
[0.877213] (px4_msgs) StdoutLine: {'line': b'-- Up-to-date: /home/nicolas/ws_ros2/install/px4_msgs/include/px4_msgs/px4_msgs/msg/detail/landing_gear__traits.hpp\n'}
[0.877249] (px4_msgs) StdoutLine: {'line': b'-- Up-to-date: /home/nicolas/ws_ros2/install/px4_msgs/include/px4_msgs/px4_msgs/msg/detail/battery_info__builder.hpp\n'}
[0.877285] (px4_msgs) StdoutLine: {'line': b'-- Up-to-date: /home/nicolas/ws_ros2/install/px4_msgs/include/px4_msgs/px4_msgs/msg/detail/rover_attitude_setpoint__builder.hpp\n'}
[0.877322] (px4_msgs) StdoutLine: {'line': b'-- Up-to-date: /home/nicolas/ws_ros2/install/px4_msgs/include/px4_msgs/px4_msgs/msg/detail/uavcan_parameter_request__builder.hpp\n'}
[0.877357] (px4_msgs) StdoutLine: {'line': b'-- Up-to-date: /home/nicolas/ws_ros2/install/px4_msgs/include/px4_msgs/px4_msgs/msg/detail/fixed_wing_lateral_setpoint__builder.hpp\n'}
[0.877393] (px4_msgs) StdoutLine: {'line': b'-- Up-to-date: /home/nicolas/ws_ros2/install/px4_msgs/include/px4_msgs/px4_msgs/msg/detail/system_power__builder.hpp\n'}
[0.877429] (px4_msgs) StdoutLine: {'line': b'-- Up-to-date: /home/nicolas/ws_ros2/install/px4_msgs/include/px4_msgs/px4_msgs/msg/detail/uavcan_parameter_value__traits.hpp\n'}
[0.877465] (px4_msgs) StdoutLine: {'line': b'-- Up-to-date: /home/nicolas/ws_ros2/install/px4_msgs/include/px4_msgs/px4_msgs/msg/detail/rc_parameter_map__type_support.hpp\n'}
[0.877531] (px4_msgs) StdoutLine: {'line': b'-- Up-to-date: /home/nicolas/ws_ros2/install/px4_msgs/include/px4_msgs/px4_msgs/msg/detail/geofence_status__builder.hpp\n'}
[0.877568] (px4_msgs) StdoutLine: {'line': b'-- Up-to-date: /home/nicolas/ws_ros2/install/px4_msgs/include/px4_msgs/px4_msgs/msg/detail/internal_combustion_engine_control__type_support.hpp\n'}
[0.877604] (px4_msgs) StdoutLine: {'line': b'-- Up-to-date: /home/nicolas/ws_ros2/install/px4_msgs/include/px4_msgs/px4_msgs/msg/detail/vehicle_attitude__struct.hpp\n'}
[0.877641] (px4_msgs) StdoutLine: {'line': b'-- Up-to-date: /home/nicolas/ws_ros2/install/px4_msgs/include/px4_msgs/px4_msgs/msg/detail/sensor_gyro_fft__traits.hpp\n'}
[0.877676] (px4_msgs) StdoutLine: {'line': b'-- Up-to-date: /home/nicolas/ws_ros2/install/px4_msgs/include/px4_msgs/px4_msgs/msg/detail/gimbal_device_attitude_status__builder.hpp\n'}
[0.877719] (px4_msgs) StdoutLine: {'line': b'-- Up-to-date: /home/nicolas/ws_ros2/install/px4_msgs/include/px4_msgs/px4_msgs/msg/detail/ping__traits.hpp\n'}
[0.877756] (px4_msgs) StdoutLine: {'line': b'-- Up-to-date: /home/nicolas/ws_ros2/install/px4_msgs/include/px4_msgs/px4_msgs/msg/detail/vehicle_constraints__struct.hpp\n'}
[0.877820] (px4_msgs) StdoutLine: {'line': b'-- Up-to-date: /home/nicolas/ws_ros2/install/px4_msgs/include/px4_msgs/px4_msgs/msg/detail/estimator_aid_source3d__traits.hpp\n'}
[0.877855] (px4_msgs) StdoutLine: {'line': b'-- Up-to-date: /home/nicolas/ws_ros2/install/px4_msgs/include/px4_msgs/px4_msgs/msg/detail/event__builder.hpp\n'}
[0.877888] (px4_msgs) StdoutLine: {'line': b'-- Up-to-date: /home/nicolas/ws_ros2/install/px4_msgs/include/px4_msgs/px4_msgs/msg/detail/debug_value__type_support.hpp\n'}
[0.877921] (px4_msgs) StdoutLine: {'line': b'-- Up-to-date: /home/nicolas/ws_ros2/install/px4_msgs/include/px4_msgs/px4_msgs/msg/detail/vehicle_local_position__type_support.hpp\n'}
[0.877953] (px4_msgs) StdoutLine: {'line': b'-- Up-to-date: /home/nicolas/ws_ros2/install/px4_msgs/include/px4_msgs/px4_msgs/msg/detail/actuator_motors__traits.hpp\n'}
[0.877992] (px4_msgs) StdoutLine: {'line': b'-- Up-to-date: /home/nicolas/ws_ros2/install/px4_msgs/include/px4_msgs/px4_msgs/msg/detail/cellular_status__traits.hpp\n'}
[0.878025] (px4_msgs) StdoutLine: {'line': b'-- Up-to-date: /home/nicolas/ws_ros2/install/px4_msgs/include/px4_msgs/px4_msgs/msg/detail/rover_speed_status__struct.hpp\n'}
[0.878075] (px4_msgs) StdoutLine: {'line': b'-- Up-to-date: /home/nicolas/ws_ros2/install/px4_msgs/include/px4_msgs/px4_msgs/msg/detail/landing_target_pose__struct.hpp\n'}
[0.878108] (px4_msgs) StdoutLine: {'line': b'-- Up-to-date: /home/nicolas/ws_ros2/install/px4_msgs/include/px4_msgs/px4_msgs/msg/detail/neural_control__type_support.hpp\n'}
[0.878140] (px4_msgs) StdoutLine: {'line': b'-- Up-to-date: /home/nicolas/ws_ros2/install/px4_msgs/include/px4_msgs/px4_msgs/msg/detail/actuator_servos__traits.hpp\n'}
[0.878173] (px4_msgs) StdoutLine: {'line': b'-- Up-to-date: /home/nicolas/ws_ros2/install/px4_msgs/include/px4_msgs/px4_msgs/msg/detail/camera_trigger__type_support.hpp\n'}
[0.878205] (px4_msgs) StdoutLine: {'line': b'-- Up-to-date: /home/nicolas/ws_ros2/install/px4_msgs/include/px4_msgs/px4_msgs/msg/detail/wind__struct.hpp\n'}
[0.878239] (px4_msgs) StdoutLine: {'line': b'-- Up-to-date: /home/nicolas/ws_ros2/install/px4_msgs/include/px4_msgs/px4_msgs/msg/detail/heater_status__struct.hpp\n'}
[0.878273] (px4_msgs) StdoutLine: {'line': b'-- Up-to-date: /home/nicolas/ws_ros2/install/px4_msgs/include/px4_msgs/px4_msgs/msg/detail/px4io_status__traits.hpp\n'}
[0.878306] (px4_msgs) StdoutLine: {'line': b'-- Up-to-date: /home/nicolas/ws_ros2/install/px4_msgs/include/px4_msgs/px4_msgs/msg/detail/rover_rate_setpoint__type_support.hpp\n'}
[0.878339] (px4_msgs) StdoutLine: {'line': b'-- Up-to-date: /home/nicolas/ws_ros2/install/px4_msgs/include/px4_msgs/px4_msgs/msg/detail/sensor_correction__traits.hpp\n'}
[0.878372] (px4_msgs) StdoutLine: {'line': b'-- Up-to-date: /home/nicolas/ws_ros2/install/px4_msgs/include/px4_msgs/px4_msgs/msg/detail/neural_control__struct.hpp\n'}
[0.878409] (px4_msgs) StdoutLine: {'line': b'-- Up-to-date: /home/nicolas/ws_ros2/install/px4_msgs/include/px4_msgs/px4_msgs/msg/detail/gpio_out__struct.hpp\n'}
[0.878459] (px4_msgs) StdoutLine: {'line': b'-- Up-to-date: /home/nicolas/ws_ros2/install/px4_msgs/include/px4_msgs/px4_msgs/msg/detail/qshell_req__builder.hpp\n'}
[0.878491] (px4_msgs) StdoutLine: {'line': b'-- Up-to-date: /home/nicolas/ws_ros2/install/px4_msgs/include/px4_msgs/px4_msgs/msg/detail/gps_dump__traits.hpp\n'}
[0.878524] (px4_msgs) StdoutLine: {'line': b'-- Up-to-date: /home/nicolas/ws_ros2/install/px4_msgs/include/px4_msgs/px4_msgs/msg/detail/navigator_status__struct.hpp\n'}
[0.878557] (px4_msgs) StdoutLine: {'line': b'-- Up-to-date: /home/nicolas/ws_ros2/install/px4_msgs/include/px4_msgs/px4_msgs/msg/detail/cpuload__traits.hpp\n'}
[0.878591] (px4_msgs) StdoutLine: {'line': b'-- Up-to-date: /home/nicolas/ws_ros2/install/px4_msgs/include/px4_msgs/px4_msgs/msg/detail/sensor_baro__struct.hpp\n'}
[0.878623] (px4_msgs) StdoutLine: {'line': b'-- Up-to-date: /home/nicolas/ws_ros2/install/px4_msgs/include/px4_msgs/px4_msgs/msg/detail/vehicle_attitude__type_support.hpp\n'}
[0.878656] (px4_msgs) StdoutLine: {'line': b'-- Up-to-date: /home/nicolas/ws_ros2/install/px4_msgs/include/px4_msgs/px4_msgs/msg/detail/rtl_time_estimate__builder.hpp\n'}
[0.878697] (px4_msgs) StdoutLine: {'line': b'-- Up-to-date: /home/nicolas/ws_ros2/install/px4_msgs/include/px4_msgs/px4_msgs/msg/detail/timesync_status__struct.hpp\n'}
[0.878735] (px4_msgs) StdoutLine: {'line': b'-- Up-to-date: /home/nicolas/ws_ros2/install/px4_msgs/include/px4_msgs/px4_msgs/msg/detail/rc_parameter_map__traits.hpp\n'}
[0.878771] (px4_msgs) StdoutLine: {'line': b'-- Up-to-date: /home/nicolas/ws_ros2/install/px4_msgs/include/px4_msgs/px4_msgs/msg/detail/gps_dump__type_support.hpp\n'}
[0.878807] (px4_msgs) StdoutLine: {'line': b'-- Up-to-date: /home/nicolas/ws_ros2/install/px4_msgs/include/px4_msgs/px4_msgs/msg/detail/yaw_estimator_status__type_support.hpp\n'}
[0.878844] (px4_msgs) StdoutLine: {'line': b'-- Up-to-date: /home/nicolas/ws_ros2/install/px4_msgs/include/px4_msgs/px4_msgs/msg/detail/fixed_wing_lateral_guidance_status__type_support.hpp\n'}
[0.878879] (px4_msgs) StdoutLine: {'line': b'-- Up-to-date: /home/nicolas/ws_ros2/install/px4_msgs/include/px4_msgs/px4_msgs/msg/detail/collision_constraints__struct.hpp\n'}
[0.878925] (px4_msgs) StdoutLine: {'line': b'-- Up-to-date: /home/nicolas/ws_ros2/install/px4_msgs/include/px4_msgs/px4_msgs/msg/detail/gpio_in__type_support.hpp\n'}
[0.878991] (px4_msgs) StdoutLine: {'line': b'-- Up-to-date: /home/nicolas/ws_ros2/install/px4_msgs/include/px4_msgs/px4_msgs/msg/detail/uavcan_parameter_value__struct.hpp\n'}
[0.879025] (px4_msgs) StdoutLine: {'line': b'-- Up-to-date: /home/nicolas/ws_ros2/install/px4_msgs/include/px4_msgs/px4_msgs/msg/detail/follow_target__struct.hpp\n'}
[0.879057] (px4_msgs) StdoutLine: {'line': b'-- Up-to-date: /home/nicolas/ws_ros2/install/px4_msgs/include/px4_msgs/px4_msgs/msg/detail/vehicle_thrust_setpoint__struct.hpp\n'}
[0.879090] (px4_msgs) StdoutLine: {'line': b'-- Up-to-date: /home/nicolas/ws_ros2/install/px4_msgs/include/px4_msgs/px4_msgs/msg/detail/satellite_info__type_support.hpp\n'}
[0.879122] (px4_msgs) StdoutLine: {'line': b'-- Up-to-date: /home/nicolas/ws_ros2/install/px4_msgs/include/px4_msgs/px4_msgs/msg/detail/vehicle_control_mode__struct.hpp\n'}
[0.879155] (px4_msgs) StdoutLine: {'line': b'-- Up-to-date: /home/nicolas/ws_ros2/install/px4_msgs/include/px4_msgs/px4_msgs/msg/detail/estimator_event_flags__builder.hpp\n'}
[0.879188] (px4_msgs) StdoutLine: {'line': b'-- Up-to-date: /home/nicolas/ws_ros2/install/px4_msgs/include/px4_msgs/px4_msgs/msg/detail/vehicle_magnetometer__builder.hpp\n'}
[0.879257] (px4_msgs) StdoutLine: {'line': b'-- Up-to-date: /home/nicolas/ws_ros2/install/px4_msgs/include/px4_msgs/px4_msgs/msg/detail/vehicle_angular_acceleration_setpoint__type_support.hpp\n'}
[0.879290] (px4_msgs) StdoutLine: {'line': b'-- Up-to-date: /home/nicolas/ws_ros2/install/px4_msgs/include/px4_msgs/px4_msgs/msg/detail/vehicle_status__builder.hpp\n'}
[0.879325] (px4_msgs) StdoutLine: {'line': b'-- Up-to-date: /home/nicolas/ws_ros2/install/px4_msgs/include/px4_msgs/px4_msgs/msg/detail/gpio_out__type_support.hpp\n'}
[0.879358] (px4_msgs) StdoutLine: {'line': b'-- Up-to-date: /home/nicolas/ws_ros2/install/px4_msgs/include/px4_msgs/px4_msgs/msg/detail/register_ext_component_request__traits.hpp\n'}
[0.879391] (px4_msgs) StdoutLine: {'line': b'-- Up-to-date: /home/nicolas/ws_ros2/install/px4_msgs/include/px4_msgs/px4_msgs/msg/detail/sensor_airflow__builder.hpp\n'}
[0.879425] (px4_msgs) StdoutLine: {'line': b'-- Up-to-date: /home/nicolas/ws_ros2/install/px4_msgs/include/px4_msgs/px4_msgs/msg/detail/open_drone_id_arm_status__type_support.hpp\n'}
[0.879458] (px4_msgs) StdoutLine: {'line': b'-- Up-to-date: /home/nicolas/ws_ros2/install/px4_msgs/include/px4_msgs/px4_msgs/msg/detail/vehicle_global_position__traits.hpp\n'}
[0.879490] (px4_msgs) StdoutLine: {'line': b'-- Up-to-date: /home/nicolas/ws_ros2/install/px4_msgs/include/px4_msgs/px4_msgs/msg/detail/config_overrides__type_support.hpp\n'}
[0.879524] (px4_msgs) StdoutLine: {'line': b'-- Up-to-date: /home/nicolas/ws_ros2/install/px4_msgs/include/px4_msgs/px4_msgs/msg/detail/landing_gear__type_support.hpp\n'}
[0.879557] (px4_msgs) StdoutLine: {'line': b'-- Up-to-date: /home/nicolas/ws_ros2/install/px4_msgs/include/px4_msgs/px4_msgs/msg/detail/distance_sensor__traits.hpp\n'}
[0.879590] (px4_msgs) StdoutLine: {'line': b'-- Up-to-date: /home/nicolas/ws_ros2/install/px4_msgs/include/px4_msgs/px4_msgs/msg/detail/transponder_report__struct.hpp\n'}
[0.879623] (px4_msgs) StdoutLine: {'line': b'-- Up-to-date: /home/nicolas/ws_ros2/install/px4_msgs/include/px4_msgs/px4_msgs/msg/detail/sensor_uwb__struct.hpp\n'}
[0.879661] (px4_msgs) StdoutLine: {'line': b'-- Up-to-date: /home/nicolas/ws_ros2/install/px4_msgs/include/px4_msgs/px4_msgs/msg/detail/fixed_wing_lateral_setpoint__type_support.hpp\n'}
[0.879701] (px4_msgs) StdoutLine: {'line': b'-- Up-to-date: /home/nicolas/ws_ros2/install/px4_msgs/include/px4_msgs/px4_msgs/msg/detail/message_format_response__struct.hpp\n'}
[0.879739] (px4_msgs) StdoutLine: {'line': b'-- Up-to-date: /home/nicolas/ws_ros2/install/px4_msgs/include/px4_msgs/px4_msgs/msg/detail/input_rc__traits.hpp\n'}
[0.879774] (px4_msgs) StdoutLine: {'line': b'-- Up-to-date: /home/nicolas/ws_ros2/install/px4_msgs/include/px4_msgs/px4_msgs/msg/detail/mission__builder.hpp\n'}
[0.879810] (px4_msgs) StdoutLine: {'line': b'-- Up-to-date: /home/nicolas/ws_ros2/install/px4_msgs/include/px4_msgs/px4_msgs/msg/detail/landing_target_innovations__builder.hpp\n'}
[0.879846] (px4_msgs) StdoutLine: {'line': b'-- Up-to-date: /home/nicolas/ws_ros2/install/px4_msgs/include/px4_msgs/px4_msgs/msg/detail/vehicle_magnetometer__type_support.hpp\n'}
[0.879882] (px4_msgs) StdoutLine: {'line': b'-- Up-to-date: /home/nicolas/ws_ros2/install/px4_msgs/include/px4_msgs/px4_msgs/msg/detail/gps_inject_data__traits.hpp\n'}
[0.879917] (px4_msgs) StdoutLine: {'line': b'-- Up-to-date: /home/nicolas/ws_ros2/install/px4_msgs/include/px4_msgs/px4_msgs/msg/detail/vehicle_land_detected__struct.hpp\n'}
[0.879953] (px4_msgs) StdoutLine: {'line': b'-- Up-to-date: /home/nicolas/ws_ros2/install/px4_msgs/include/px4_msgs/px4_msgs/msg/detail/estimator_gps_status__traits.hpp\n'}
[0.879989] (px4_msgs) StdoutLine: {'line': b'-- Up-to-date: /home/nicolas/ws_ros2/install/px4_msgs/include/px4_msgs/px4_msgs/msg/detail/message_format_request__type_support.hpp\n'}
[0.880025] (px4_msgs) StdoutLine: {'line': b'-- Up-to-date: /home/nicolas/ws_ros2/install/px4_msgs/include/px4_msgs/px4_msgs/msg/detail/mount_orientation__builder.hpp\n'}
[0.880096] (px4_msgs) StdoutLine: {'line': b'-- Up-to-date: /home/nicolas/ws_ros2/install/px4_msgs/include/px4_msgs/px4_msgs/msg/detail/vehicle_control_mode__builder.hpp\n'}
[0.880130] (px4_msgs) StdoutLine: {'line': b'-- Up-to-date: /home/nicolas/ws_ros2/install/px4_msgs/include/px4_msgs/px4_msgs/msg/detail/open_drone_id_operator_id__builder.hpp\n'}
[0.880169] (px4_msgs) StdoutLine: {'line': b'-- Up-to-date: /home/nicolas/ws_ros2/install/px4_msgs/include/px4_msgs/px4_msgs/msg/detail/cpuload__type_support.hpp\n'}
[0.880203] (px4_msgs) StdoutLine: {'line': b'-- Up-to-date: /home/nicolas/ws_ros2/install/px4_msgs/include/px4_msgs/px4_msgs/msg/detail/pwm_input__type_support.hpp\n'}
[0.880236] (px4_msgs) StdoutLine: {'line': b'-- Up-to-date: /home/nicolas/ws_ros2/install/px4_msgs/include/px4_msgs/px4_msgs/msg/detail/obstacle_distance__type_support.hpp\n'}
[0.880269] (px4_msgs) StdoutLine: {'line': b'-- Up-to-date: /home/nicolas/ws_ros2/install/px4_msgs/include/px4_msgs/px4_msgs/msg/detail/generator_status__type_support.hpp\n'}
[0.880301] (px4_msgs) StdoutLine: {'line': b'-- Up-to-date: /home/nicolas/ws_ros2/install/px4_msgs/include/px4_msgs/px4_msgs/msg/detail/register_ext_component_reply__struct.hpp\n'}
[0.880333] (px4_msgs) StdoutLine: {'line': b'-- Up-to-date: /home/nicolas/ws_ros2/install/px4_msgs/include/px4_msgs/px4_msgs/msg/detail/debug_array__struct.hpp\n'}
[0.880369] (px4_msgs) StdoutLine: {'line': b'-- Up-to-date: /home/nicolas/ws_ros2/install/px4_msgs/include/px4_msgs/px4_msgs/msg/detail/dataman_request__type_support.hpp\n'}
[0.880405] (px4_msgs) StdoutLine: {'line': b'-- Up-to-date: /home/nicolas/ws_ros2/install/px4_msgs/include/px4_msgs/px4_msgs/msg/detail/internal_combustion_engine_status__traits.hpp\n'}
[0.880461] (px4_msgs) StdoutLine: {'line': b'-- Up-to-date: /home/nicolas/ws_ros2/install/px4_msgs/include/px4_msgs/px4_msgs/msg/detail/velocity_limits__traits.hpp\n'}
[0.880494] (px4_msgs) StdoutLine: {'line': b'-- Up-to-date: /home/nicolas/ws_ros2/install/px4_msgs/include/px4_msgs/px4_msgs/msg/detail/rover_steering_setpoint__type_support.hpp\n'}
[0.880528] (px4_msgs) StdoutLine: {'line': b'-- Up-to-date: /home/nicolas/ws_ros2/install/px4_msgs/include/px4_msgs/px4_msgs/msg/detail/rover_speed_setpoint__traits.hpp\n'}
[0.880560] (px4_msgs) StdoutLine: {'line': b'-- Up-to-date: /home/nicolas/ws_ros2/install/px4_msgs/include/px4_msgs/px4_msgs/msg/detail/fuel_tank_status__builder.hpp\n'}
[0.880593] (px4_msgs) StdoutLine: {'line': b'-- Up-to-date: /home/nicolas/ws_ros2/install/px4_msgs/include/px4_msgs/px4_msgs/msg/detail/yaw_estimator_status__struct.hpp\n'}
[0.880626] (px4_msgs) StdoutLine: {'line': b'-- Up-to-date: /home/nicolas/ws_ros2/install/px4_msgs/include/px4_msgs/px4_msgs/msg/detail/satellite_info__struct.hpp\n'}
[0.880658] (px4_msgs) StdoutLine: {'line': b'-- Up-to-date: /home/nicolas/ws_ros2/install/px4_msgs/include/px4_msgs/px4_msgs/msg/detail/message_format_response__builder.hpp\n'}
[0.880695] (px4_msgs) StdoutLine: {'line': b'-- Up-to-date: /home/nicolas/ws_ros2/install/px4_msgs/include/px4_msgs/px4_msgs/msg/detail/magnetometer_bias_estimate__traits.hpp\n'}
[0.880732] (px4_msgs) StdoutLine: {'line': b'-- Up-to-date: /home/nicolas/ws_ros2/install/px4_msgs/include/px4_msgs/px4_msgs/msg/detail/vehicle_command_ack__traits.hpp\n'}
[0.880769] (px4_msgs) StdoutLine: {'line': b'-- Up-to-date: /home/nicolas/ws_ros2/install/px4_msgs/include/px4_msgs/px4_msgs/msg/detail/fuel_tank_status__type_support.hpp\n'}
[0.880804] (px4_msgs) StdoutLine: {'line': b'-- Up-to-date: /home/nicolas/ws_ros2/install/px4_msgs/include/px4_msgs/px4_msgs/msg/detail/arming_check_reply__struct.hpp\n'}
[0.880840] (px4_msgs) StdoutLine: {'line': b'-- Up-to-date: /home/nicolas/ws_ros2/install/px4_msgs/include/px4_msgs/px4_msgs/msg/detail/qshell_retval__struct.hpp\n'}
[0.880877] (px4_msgs) StdoutLine: {'line': b'-- Up-to-date: /home/nicolas/ws_ros2/install/px4_msgs/include/px4_msgs/px4_msgs/msg/detail/rover_speed_status__traits.hpp\n'}
[0.880912] (px4_msgs) StdoutLine: {'line': b'-- Up-to-date: /home/nicolas/ws_ros2/install/px4_msgs/include/px4_msgs/px4_msgs/msg/detail/gpio_request__type_support.hpp\n'}
[0.880948] (px4_msgs) StdoutLine: {'line': b'-- Up-to-date: /home/nicolas/ws_ros2/install/px4_msgs/include/px4_msgs/px4_msgs/msg/detail/gimbal_manager_set_attitude__type_support.hpp\n'}
[0.880983] (px4_msgs) StdoutLine: {'line': b'-- Up-to-date: /home/nicolas/ws_ros2/install/px4_msgs/include/px4_msgs/px4_msgs/msg/detail/estimator_bias__traits.hpp\n'}
[0.881045] (px4_msgs) StdoutLine: {'line': b'-- Up-to-date: /home/nicolas/ws_ros2/install/px4_msgs/include/px4_msgs/px4_msgs/msg/detail/navigator_mission_item__type_support.hpp\n'}
[0.881079] (px4_msgs) StdoutLine: {'line': b'-- Up-to-date: /home/nicolas/ws_ros2/install/px4_msgs/include/px4_msgs/px4_msgs/msg/detail/debug_array__builder.hpp\n'}
[0.881113] (px4_msgs) StdoutLine: {'line': b'-- Up-to-date: /home/nicolas/ws_ros2/install/px4_msgs/include/px4_msgs/px4_msgs/msg/detail/uavcan_parameter_value__type_support.hpp\n'}
[0.881146] (px4_msgs) StdoutLine: {'line': b'-- Up-to-date: /home/nicolas/ws_ros2/install/px4_msgs/include/px4_msgs/px4_msgs/msg/detail/launch_detection_status__traits.hpp\n'}
[0.881180] (px4_msgs) StdoutLine: {'line': b'-- Up-to-date: /home/nicolas/ws_ros2/install/px4_msgs/include/px4_msgs/px4_msgs/msg/detail/estimator_selector_status__struct.hpp\n'}
[0.881217] (px4_msgs) StdoutLine: {'line': b'-- Up-to-date: /home/nicolas/ws_ros2/install/px4_msgs/include/px4_msgs/px4_msgs/msg/detail/geofence_result__traits.hpp\n'}
[0.881253] (px4_msgs) StdoutLine: {'line': b'-- Up-to-date: /home/nicolas/ws_ros2/install/px4_msgs/include/px4_msgs/px4_msgs/msg/detail/logger_status__traits.hpp\n'}
[0.881288] (px4_msgs) StdoutLine: {'line': b'-- Up-to-date: /home/nicolas/ws_ros2/install/px4_msgs/include/px4_msgs/px4_msgs/msg/detail/estimator_event_flags__type_support.hpp\n'}
[0.881324] (px4_msgs) StdoutLine: {'line': b'-- Up-to-date: /home/nicolas/ws_ros2/install/px4_msgs/include/px4_msgs/px4_msgs/msg/detail/gpio_config__builder.hpp\n'}
[0.881361] (px4_msgs) StdoutLine: {'line': b'-- Up-to-date: /home/nicolas/ws_ros2/install/px4_msgs/include/px4_msgs/px4_msgs/msg/detail/cellular_status__type_support.hpp\n'}
[0.881422] (px4_msgs) StdoutLine: {'line': b'-- Up-to-date: /home/nicolas/ws_ros2/install/px4_msgs/include/px4_msgs/px4_msgs/msg/detail/sensor_accel_fifo__traits.hpp\n'}
[0.881455] (px4_msgs) StdoutLine: {'line': b'-- Up-to-date: /home/nicolas/ws_ros2/install/px4_msgs/include/px4_msgs/px4_msgs/msg/detail/logger_status__struct.hpp\n'}
[0.881488] (px4_msgs) StdoutLine: {'line': b'-- Up-to-date: /home/nicolas/ws_ros2/install/px4_msgs/include/px4_msgs/px4_msgs/msg/detail/tecs_status__struct.hpp\n'}
[0.881525] (px4_msgs) StdoutLine: {'line': b'-- Up-to-date: /home/nicolas/ws_ros2/install/px4_msgs/include/px4_msgs/px4_msgs/msg/detail/ulog_stream__type_support.hpp\n'}
[0.881560] (px4_msgs) StdoutLine: {'line': b'-- Up-to-date: /home/nicolas/ws_ros2/install/px4_msgs/include/px4_msgs/px4_msgs/msg/detail/landing_target_innovations__type_support.hpp\n'}
[0.881597] (px4_msgs) StdoutLine: {'line': b'-- Up-to-date: /home/nicolas/ws_ros2/install/px4_msgs/include/px4_msgs/px4_msgs/msg/detail/arming_check_request__struct.hpp\n'}
[0.881632] (px4_msgs) StdoutLine: {'line': b'-- Up-to-date: /home/nicolas/ws_ros2/install/px4_msgs/include/px4_msgs/px4_msgs/msg/detail/vehicle_odometry__traits.hpp\n'}
[0.881703] (px4_msgs) StdoutLine: {'line': b'-- Up-to-date: /home/nicolas/ws_ros2/install/px4_msgs/include/px4_msgs/px4_msgs/msg/detail/dataman_request__struct.hpp\n'}
[0.881740] (px4_msgs) StdoutLine: {'line': b'-- Up-to-date: /home/nicolas/ws_ros2/install/px4_msgs/include/px4_msgs/px4_msgs/msg/detail/launch_detection_status__type_support.hpp\n'}
[0.881775] (px4_msgs) StdoutLine: {'line': b'-- Up-to-date: /home/nicolas/ws_ros2/install/px4_msgs/include/px4_msgs/px4_msgs/msg/detail/px4io_status__struct.hpp\n'}
[0.881811] (px4_msgs) StdoutLine: {'line': b'-- Up-to-date: /home/nicolas/ws_ros2/install/px4_msgs/include/px4_msgs/px4_msgs/msg/detail/vehicle_acceleration__traits.hpp\n'}
[0.881843] (px4_msgs) StdoutLine: {'line': b'-- Up-to-date: /home/nicolas/ws_ros2/install/px4_msgs/include/px4_msgs/px4_msgs/msg/detail/landing_target_pose__type_support.hpp\n'}
[0.881877] (px4_msgs) StdoutLine: {'line': b'-- Up-to-date: /home/nicolas/ws_ros2/install/px4_msgs/include/px4_msgs/px4_msgs/msg/detail/battery_status__traits.hpp\n'}
[0.881914] (px4_msgs) StdoutLine: {'line': b'-- Up-to-date: /home/nicolas/ws_ros2/install/px4_msgs/include/px4_msgs/px4_msgs/msg/detail/rover_attitude_status__traits.hpp\n'}
[0.881952] (px4_msgs) StdoutLine: {'line': b'-- Up-to-date: /home/nicolas/ws_ros2/install/px4_msgs/include/px4_msgs/px4_msgs/msg/detail/qshell_retval__type_support.hpp\n'}
[0.881988] (px4_msgs) StdoutLine: {'line': b'-- Up-to-date: /home/nicolas/ws_ros2/install/px4_msgs/include/px4_msgs/px4_msgs/msg/detail/mavlink_log__type_support.hpp\n'}
[0.882024] (px4_msgs) StdoutLine: {'line': b'-- Up-to-date: /home/nicolas/ws_ros2/install/px4_msgs/include/px4_msgs/px4_msgs/msg/detail/airspeed__type_support.hpp\n'}
[0.882059] (px4_msgs) StdoutLine: {'line': b'-- Up-to-date: /home/nicolas/ws_ros2/install/px4_msgs/include/px4_msgs/px4_msgs/msg/detail/onboard_computer_status__struct.hpp\n'}
[0.882095] (px4_msgs) StdoutLine: {'line': b'-- Up-to-date: /home/nicolas/ws_ros2/install/px4_msgs/include/px4_msgs/px4_msgs/msg/detail/vehicle_status__struct.hpp\n'}
[0.882131] (px4_msgs) StdoutLine: {'line': b'-- Up-to-date: /home/nicolas/ws_ros2/install/px4_msgs/include/px4_msgs/px4_msgs/msg/detail/position_setpoint_triplet__builder.hpp\n'}
[0.882167] (px4_msgs) StdoutLine: {'line': b'-- Up-to-date: /home/nicolas/ws_ros2/install/px4_msgs/include/px4_msgs/px4_msgs/msg/detail/parameter_set_value_request__builder.hpp\n'}
[0.882203] (px4_msgs) StdoutLine: {'line': b'-- Up-to-date: /home/nicolas/ws_ros2/install/px4_msgs/include/px4_msgs/px4_msgs/msg/detail/actuator_outputs__type_support.hpp\n'}
[0.882239] (px4_msgs) StdoutLine: {'line': b'-- Up-to-date: /home/nicolas/ws_ros2/install/px4_msgs/include/px4_msgs/px4_msgs/msg/detail/hover_thrust_estimate__struct.hpp\n'}
[0.882275] (px4_msgs) StdoutLine: {'line': b'-- Up-to-date: /home/nicolas/ws_ros2/install/px4_msgs/include/px4_msgs/px4_msgs/msg/detail/differential_pressure__struct.hpp\n'}
[0.882311] (px4_msgs) StdoutLine: {'line': b'-- Up-to-date: /home/nicolas/ws_ros2/install/px4_msgs/include/px4_msgs/px4_msgs/msg/detail/esc_report__builder.hpp\n'}
[0.882348] (px4_msgs) StdoutLine: {'line': b'-- Up-to-date: /home/nicolas/ws_ros2/install/px4_msgs/include/px4_msgs/px4_msgs/msg/detail/wheel_encoders__type_support.hpp\n'}
[0.882420] (px4_msgs) StdoutLine: {'line': b'-- Up-to-date: /home/nicolas/ws_ros2/install/px4_msgs/include/px4_msgs/px4_msgs/msg/detail/ulog_stream_ack__type_support.hpp\n'}
[0.882454] (px4_msgs) StdoutLine: {'line': b'-- Up-to-date: /home/nicolas/ws_ros2/install/px4_msgs/include/px4_msgs/px4_msgs/msg/detail/trajectory_setpoint__traits.hpp\n'}
[0.882486] (px4_msgs) StdoutLine: {'line': b'-- Up-to-date: /home/nicolas/ws_ros2/install/px4_msgs/include/px4_msgs/px4_msgs/msg/detail/home_position__struct.hpp\n'}
[0.882519] (px4_msgs) StdoutLine: {'line': b'-- Up-to-date: /home/nicolas/ws_ros2/install/px4_msgs/include/px4_msgs/px4_msgs/msg/detail/vehicle_rates_setpoint__builder.hpp\n'}
[0.882551] (px4_msgs) StdoutLine: {'line': b'-- Up-to-date: /home/nicolas/ws_ros2/install/px4_msgs/include/px4_msgs/px4_msgs/msg/detail/battery_info__struct.hpp\n'}
[0.882584] (px4_msgs) StdoutLine: {'line': b'-- Up-to-date: /home/nicolas/ws_ros2/install/px4_msgs/include/px4_msgs/px4_msgs/msg/detail/orb_test_large__traits.hpp\n'}
[0.882617] (px4_msgs) StdoutLine: {'line': b'-- Up-to-date: /home/nicolas/ws_ros2/install/px4_msgs/include/px4_msgs/px4_msgs/msg/detail/rate_ctrl_status__struct.hpp\n'}
[0.882652] (px4_msgs) StdoutLine: {'line': b'-- Up-to-date: /home/nicolas/ws_ros2/install/px4_msgs/include/px4_msgs/px4_msgs/msg/detail/vehicle_angular_acceleration_setpoint__struct.hpp\n'}
[0.882690] (px4_msgs) StdoutLine: {'line': b'-- Up-to-date: /home/nicolas/ws_ros2/install/px4_msgs/include/px4_msgs/px4_msgs/msg/detail/sensor_gnss_status__builder.hpp\n'}
[0.882728] (px4_msgs) StdoutLine: {'line': b'-- Up-to-date: /home/nicolas/ws_ros2/install/px4_msgs/include/px4_msgs/px4_msgs/msg/detail/irlock_report__struct.hpp\n'}
[0.882763] (px4_msgs) StdoutLine: {'line': b'-- Up-to-date: /home/nicolas/ws_ros2/install/px4_msgs/include/px4_msgs/px4_msgs/msg/detail/magnetometer_bias_estimate__builder.hpp\n'}
[0.882800] (px4_msgs) StdoutLine: {'line': b'-- Up-to-date: /home/nicolas/ws_ros2/install/px4_msgs/include/px4_msgs/px4_msgs/msg/detail/offboard_control_mode__struct.hpp\n'}
[0.882855] (px4_msgs) StdoutLine: {'line': b'-- Up-to-date: /home/nicolas/ws_ros2/install/px4_msgs/include/px4_msgs/px4_msgs/msg/detail/sensor_preflight_mag__struct.hpp\n'}
[0.882891] (px4_msgs) StdoutLine: {'line': b'-- Up-to-date: /home/nicolas/ws_ros2/install/px4_msgs/include/px4_msgs/px4_msgs/msg/detail/sensor_combined__traits.hpp\n'}
[0.882928] (px4_msgs) StdoutLine: {'line': b'-- Up-to-date: /home/nicolas/ws_ros2/install/px4_msgs/include/px4_msgs/px4_msgs/msg/detail/generator_status__struct.hpp\n'}
[0.882960] (px4_msgs) StdoutLine: {'line': b'-- Up-to-date: /home/nicolas/ws_ros2/install/px4_msgs/include/px4_msgs/px4_msgs/msg/detail/flight_phase_estimation__builder.hpp\n'}
[0.882993] (px4_msgs) StdoutLine: {'line': b'-- Up-to-date: /home/nicolas/ws_ros2/install/px4_msgs/include/px4_msgs/px4_msgs/msg/detail/sensor_gyro_fifo__struct.hpp\n'}
[0.883027] (px4_msgs) StdoutLine: {'line': b'-- Up-to-date: /home/nicolas/ws_ros2/install/px4_msgs/include/px4_msgs/px4_msgs/msg/detail/arming_check_reply__builder.hpp\n'}
[0.883062] (px4_msgs) StdoutLine: {'line': b'-- Up-to-date: /home/nicolas/ws_ros2/install/px4_msgs/include/px4_msgs/px4_msgs/msg/detail/can_interface_status__traits.hpp\n'}
[0.883098] (px4_msgs) StdoutLine: {'line': b'-- Up-to-date: /home/nicolas/ws_ros2/install/px4_msgs/include/px4_msgs/px4_msgs/msg/detail/launch_detection_status__struct.hpp\n'}
[0.883132] (px4_msgs) StdoutLine: {'line': b'-- Up-to-date: /home/nicolas/ws_ros2/install/px4_msgs/include/px4_msgs/px4_msgs/msg/detail/gpio_config__struct.hpp\n'}
[0.883166] (px4_msgs) StdoutLine: {'line': b'-- Up-to-date: /home/nicolas/ws_ros2/install/px4_msgs/include/px4_msgs/px4_msgs/msg/detail/rover_rate_setpoint__traits.hpp\n'}
[0.883201] (px4_msgs) StdoutLine: {'line': b'-- Up-to-date: /home/nicolas/ws_ros2/install/px4_msgs/include/px4_msgs/px4_msgs/msg/detail/rate_ctrl_status__builder.hpp\n'}
[0.883237] (px4_msgs) StdoutLine: {'line': b'-- Up-to-date: /home/nicolas/ws_ros2/install/px4_msgs/include/px4_msgs/px4_msgs/msg/detail/open_drone_id_system__traits.hpp\n'}
[0.883272] (px4_msgs) StdoutLine: {'line': b'-- Up-to-date: /home/nicolas/ws_ros2/install/px4_msgs/include/px4_msgs/px4_msgs/msg/detail/gripper__struct.hpp\n'}
[0.883307] (px4_msgs) StdoutLine: {'line': b'-- Up-to-date: /home/nicolas/ws_ros2/install/px4_msgs/include/px4_msgs/px4_msgs/msg/detail/navigator_mission_item__traits.hpp\n'}
[0.883342] (px4_msgs) StdoutLine: {'line': b'-- Up-to-date: /home/nicolas/ws_ros2/install/px4_msgs/include/px4_msgs/px4_msgs/msg/detail/rover_attitude_setpoint__struct.hpp\n'}
[0.883377] (px4_msgs) StdoutLine: {'line': b'-- Up-to-date: /home/nicolas/ws_ros2/install/px4_msgs/include/px4_msgs/px4_msgs/msg/detail/debug_array__type_support.hpp\n'}
[0.883412] (px4_msgs) StdoutLine: {'line': b'-- Up-to-date: /home/nicolas/ws_ros2/install/px4_msgs/include/px4_msgs/px4_msgs/msg/detail/debug_value__traits.hpp\n'}
[0.883447] (px4_msgs) StdoutLine: {'line': b'-- Up-to-date: /home/nicolas/ws_ros2/install/px4_msgs/include/px4_msgs/px4_msgs/msg/detail/sensor_correction__struct.hpp\n'}
[0.883482] (px4_msgs) StdoutLine: {'line': b'-- Up-to-date: /home/nicolas/ws_ros2/install/px4_msgs/include/px4_msgs/px4_msgs/msg/detail/qshell_req__struct.hpp\n'}
[0.883545] (px4_msgs) StdoutLine: {'line': b'-- Up-to-date: /home/nicolas/ws_ros2/install/px4_msgs/include/px4_msgs/px4_msgs/msg/detail/sensor_accel__traits.hpp\n'}
[0.883597] (px4_msgs) StdoutLine: {'line': b'-- Up-to-date: /home/nicolas/ws_ros2/install/px4_msgs/include/px4_msgs/px4_msgs/msg/detail/mode_completed__type_support.hpp\n'}
[0.883629] (px4_msgs) StdoutLine: {'line': b'-- Up-to-date: /home/nicolas/ws_ros2/install/px4_msgs/include/px4_msgs/px4_msgs/msg/detail/launch_detection_status__builder.hpp\n'}
[0.883661] (px4_msgs) StdoutLine: {'line': b'-- Up-to-date: /home/nicolas/ws_ros2/install/px4_msgs/include/px4_msgs/px4_msgs/msg/detail/health_report__traits.hpp\n'}
[0.883700] (px4_msgs) StdoutLine: {'line': b'-- Up-to-date: /home/nicolas/ws_ros2/install/px4_msgs/include/px4_msgs/px4_msgs/msg/detail/estimator_aid_source3d__struct.hpp\n'}
[0.883736] (px4_msgs) StdoutLine: {'line': b'-- Up-to-date: /home/nicolas/ws_ros2/install/px4_msgs/include/px4_msgs/px4_msgs/msg/detail/power_monitor__builder.hpp\n'}
[0.883769] (px4_msgs) StdoutLine: {'line': b'-- Up-to-date: /home/nicolas/ws_ros2/install/px4_msgs/include/px4_msgs/px4_msgs/msg/detail/estimator_gps_status__struct.hpp\n'}
[0.883809] (px4_msgs) StdoutLine: {'line': b'-- Up-to-date: /home/nicolas/ws_ros2/install/px4_msgs/include/px4_msgs/px4_msgs/msg/detail/rover_attitude_setpoint__traits.hpp\n'}
[0.883841] (px4_msgs) StdoutLine: {'line': b'-- Up-to-date: /home/nicolas/ws_ros2/install/px4_msgs/include/px4_msgs/px4_msgs/msg/detail/vehicle_roi__traits.hpp\n'}
[0.883873] (px4_msgs) StdoutLine: {'line': b'-- Up-to-date: /home/nicolas/ws_ros2/install/px4_msgs/include/px4_msgs/px4_msgs/msg/detail/satellite_info__builder.hpp\n'}
[0.883908] (px4_msgs) StdoutLine: {'line': b'-- Up-to-date: /home/nicolas/ws_ros2/install/px4_msgs/include/px4_msgs/px4_msgs/msg/detail/qshell_req__type_support.hpp\n'}
[0.883941] (px4_msgs) StdoutLine: {'line': b'-- Up-to-date: /home/nicolas/ws_ros2/install/px4_msgs/include/px4_msgs/px4_msgs/msg/detail/telemetry_status__struct.hpp\n'}
[0.883976] (px4_msgs) StdoutLine: {'line': b'-- Up-to-date: /home/nicolas/ws_ros2/install/px4_msgs/include/px4_msgs/px4_msgs/msg/detail/esc_report__struct.hpp\n'}
[0.884011] (px4_msgs) StdoutLine: {'line': b'-- Up-to-date: /home/nicolas/ws_ros2/install/px4_msgs/include/px4_msgs/px4_msgs/msg/detail/trajectory_setpoint__type_support.hpp\n'}
[0.884046] (px4_msgs) StdoutLine: {'line': b'-- Up-to-date: /home/nicolas/ws_ros2/install/px4_msgs/include/px4_msgs/px4_msgs/msg/detail/fixed_wing_longitudinal_setpoint__traits.hpp\n'}
[0.884081] (px4_msgs) StdoutLine: {'line': b'-- Up-to-date: /home/nicolas/ws_ros2/install/px4_msgs/include/px4_msgs/px4_msgs/msg/detail/autotune_attitude_control_status__type_support.hpp\n'}
[0.884138] (px4_msgs) StdoutLine: {'line': b'-- Up-to-date: /home/nicolas/ws_ros2/install/px4_msgs/include/px4_msgs/px4_msgs/msg/detail/trajectory_setpoint6dof__struct.hpp\n'}
[0.884173] (px4_msgs) StdoutLine: {'line': b'-- Up-to-date: /home/nicolas/ws_ros2/install/px4_msgs/include/px4_msgs/px4_msgs/msg/detail/takeoff_status__traits.hpp\n'}
[0.884206] (px4_msgs) StdoutLine: {'line': b'-- Up-to-date: /home/nicolas/ws_ros2/install/px4_msgs/include/px4_msgs/px4_msgs/msg/detail/task_stack_info__builder.hpp\n'}
[0.884239] (px4_msgs) StdoutLine: {'line': b'-- Up-to-date: /home/nicolas/ws_ros2/install/px4_msgs/include/px4_msgs/px4_msgs/msg/detail/camera_status__struct.hpp\n'}
[0.884278] (px4_msgs) StdoutLine: {'line': b'-- Up-to-date: /home/nicolas/ws_ros2/install/px4_msgs/include/px4_msgs/px4_msgs/msg/detail/estimator_status_flags__traits.hpp\n'}
[0.884317] (px4_msgs) StdoutLine: {'line': b'-- Up-to-date: /home/nicolas/ws_ros2/install/px4_msgs/include/px4_msgs/px4_msgs/msg/detail/parameter_set_value_response__builder.hpp\n'}
[0.884355] (px4_msgs) StdoutLine: {'line': b'-- Up-to-date: /home/nicolas/ws_ros2/install/px4_msgs/include/px4_msgs/px4_msgs/msg/detail/collision_constraints__type_support.hpp\n'}
[0.884392] (px4_msgs) StdoutLine: {'line': b'-- Up-to-date: /home/nicolas/ws_ros2/install/px4_msgs/include/px4_msgs/px4_msgs/msg/detail/gripper__traits.hpp\n'}
[0.884428] (px4_msgs) StdoutLine: {'line': b'-- Up-to-date: /home/nicolas/ws_ros2/install/px4_msgs/include/px4_msgs/px4_msgs/msg/detail/gimbal_device_attitude_status__traits.hpp\n'}
[0.884463] (px4_msgs) StdoutLine: {'line': b'-- Up-to-date: /home/nicolas/ws_ros2/install/px4_msgs/include/px4_msgs/px4_msgs/msg/detail/flight_phase_estimation__struct.hpp\n'}
[0.884498] (px4_msgs) StdoutLine: {'line': b'-- Up-to-date: /home/nicolas/ws_ros2/install/px4_msgs/include/px4_msgs/px4_msgs/msg/detail/mavlink_tunnel__traits.hpp\n'}
[0.884533] (px4_msgs) StdoutLine: {'line': b'-- Up-to-date: /home/nicolas/ws_ros2/install/px4_msgs/include/px4_msgs/px4_msgs/msg/detail/internal_combustion_engine_control__builder.hpp\n'}
[0.884586] (px4_msgs) StdoutLine: {'line': b'-- Up-to-date: /home/nicolas/ws_ros2/install/px4_msgs/include/px4_msgs/px4_msgs/msg/detail/gimbal_device_set_attitude__traits.hpp\n'}
[0.884620] (px4_msgs) StdoutLine: {'line': b'-- Up-to-date: /home/nicolas/ws_ros2/install/px4_msgs/include/px4_msgs/px4_msgs/msg/detail/offboard_control_mode__traits.hpp\n'}
[0.884655] (px4_msgs) StdoutLine: {'line': b'-- Up-to-date: /home/nicolas/ws_ros2/install/px4_msgs/include/px4_msgs/px4_msgs/msg/detail/vehicle_local_position__traits.hpp\n'}
[0.884711] (px4_msgs) StdoutLine: {'line': b'-- Up-to-date: /home/nicolas/ws_ros2/install/px4_msgs/include/px4_msgs/px4_msgs/msg/detail/pure_pursuit_status__struct.hpp\n'}
[0.884747] (px4_msgs) StdoutLine: {'line': b'-- Up-to-date: /home/nicolas/ws_ros2/install/px4_msgs/include/px4_msgs/px4_msgs/msg/detail/navigator_status__traits.hpp\n'}
[0.884784] (px4_msgs) StdoutLine: {'line': b'-- Up-to-date: /home/nicolas/ws_ros2/install/px4_msgs/include/px4_msgs/px4_msgs/msg/detail/unregister_ext_component__type_support.hpp\n'}
[0.884819] (px4_msgs) StdoutLine: {'line': b'-- Up-to-date: /home/nicolas/ws_ros2/install/px4_msgs/include/px4_msgs/px4_msgs/msg/detail/dataman_response__type_support.hpp\n'}
[0.884855] (px4_msgs) StdoutLine: {'line': b'-- Up-to-date: /home/nicolas/ws_ros2/install/px4_msgs/include/px4_msgs/px4_msgs/msg/detail/manual_control_switches__struct.hpp\n'}
[0.884890] (px4_msgs) StdoutLine: {'line': b'-- Up-to-date: /home/nicolas/ws_ros2/install/px4_msgs/include/px4_msgs/px4_msgs/msg/detail/vehicle_air_data__struct.hpp\n'}
[0.884925] (px4_msgs) StdoutLine: {'line': b'-- Up-to-date: /home/nicolas/ws_ros2/install/px4_msgs/include/px4_msgs/px4_msgs/msg/detail/follow_target_estimator__struct.hpp\n'}
[0.884960] (px4_msgs) StdoutLine: {'line': b'-- Up-to-date: /home/nicolas/ws_ros2/install/px4_msgs/include/px4_msgs/px4_msgs/msg/gimbal_manager_status.hpp\n'}
[0.884994] (px4_msgs) StdoutLine: {'line': b'-- Up-to-date: /home/nicolas/ws_ros2/install/px4_msgs/include/px4_msgs/px4_msgs/msg/dronecan_node_status.hpp\n'}
[0.885076] (px4_msgs) StdoutLine: {'line': b'-- Up-to-date: /home/nicolas/ws_ros2/install/px4_msgs/include/px4_msgs/px4_msgs/msg/unregister_ext_component.hpp\n'}
[0.885110] (px4_msgs) StdoutLine: {'line': b'-- Up-to-date: /home/nicolas/ws_ros2/install/px4_msgs/include/px4_msgs/px4_msgs/msg/sensor_gnss_status.hpp\n'}
[0.885142] (px4_msgs) StdoutLine: {'line': b'-- Up-to-date: /home/nicolas/ws_ros2/install/px4_msgs/include/px4_msgs/px4_msgs/msg/vehicle_optical_flow_vel.hpp\n'}
[0.885176] (px4_msgs) StdoutLine: {'line': b'-- Up-to-date: /home/nicolas/ws_ros2/install/px4_msgs/include/px4_msgs/px4_msgs/msg/gps_inject_data.hpp\n'}
[0.885211] (px4_msgs) StdoutLine: {'line': b'-- Up-to-date: /home/nicolas/ws_ros2/install/px4_msgs/include/px4_msgs/px4_msgs/msg/normalized_unsigned_setpoint.hpp\n'}
[0.885246] (px4_msgs) StdoutLine: {'line': b'-- Up-to-date: /home/nicolas/ws_ros2/install/px4_msgs/include/px4_msgs/px4_msgs/msg/fixed_wing_lateral_setpoint.hpp\n'}
[0.885281] (px4_msgs) StdoutLine: {'line': b'-- Up-to-date: /home/nicolas/ws_ros2/install/px4_msgs/include/px4_msgs/px4_msgs/msg/mag_worker_data.hpp\n'}
[0.885316] (px4_msgs) StdoutLine: {'line': b'-- Up-to-date: /home/nicolas/ws_ros2/install/px4_msgs/include/px4_msgs/px4_msgs/msg/flight_phase_estimation.hpp\n'}
[0.885351] (px4_msgs) StdoutLine: {'line': b'-- Up-to-date: /home/nicolas/ws_ros2/install/px4_msgs/include/px4_msgs/px4_msgs/msg/fixed_wing_longitudinal_setpoint.hpp\n'}
[0.885387] (px4_msgs) StdoutLine: {'line': b'-- Up-to-date: /home/nicolas/ws_ros2/install/px4_msgs/include/px4_msgs/px4_msgs/msg/ping.hpp\n'}
[0.885446] (px4_msgs) StdoutLine: {'line': b'-- Up-to-date: /home/nicolas/ws_ros2/install/px4_msgs/include/px4_msgs/px4_msgs/msg/distance_sensor_mode_change_request.hpp\n'}
[0.885482] (px4_msgs) StdoutLine: {'line': b'-- Up-to-date: /home/nicolas/ws_ros2/install/px4_msgs/include/px4_msgs/px4_msgs/msg/generator_status.hpp\n'}
[0.885517] (px4_msgs) StdoutLine: {'line': b'-- Up-to-date: /home/nicolas/ws_ros2/install/px4_msgs/include/px4_msgs/px4_msgs/msg/sensor_combined.hpp\n'}
[0.885567] (px4_msgs) StdoutLine: {'line': b'-- Up-to-date: /home/nicolas/ws_ros2/install/px4_msgs/include/px4_msgs/px4_msgs/msg/geofence_status.hpp\n'}
[0.885602] (px4_msgs) StdoutLine: {'line': b'-- Up-to-date: /home/nicolas/ws_ros2/install/px4_msgs/include/px4_msgs/px4_msgs/msg/trajectory_setpoint6dof.hpp\n'}
[0.885635] (px4_msgs) StdoutLine: {'line': b'-- Up-to-date: /home/nicolas/ws_ros2/install/px4_msgs/include/px4_msgs/px4_msgs/msg/rc_channels.hpp\n'}
[0.885669] (px4_msgs) StdoutLine: {'line': b'-- Up-to-date: /home/nicolas/ws_ros2/install/px4_msgs/include/px4_msgs/px4_msgs/msg/sensor_accel.hpp\n'}
[0.885709] (px4_msgs) StdoutLine: {'line': b'-- Up-to-date: /home/nicolas/ws_ros2/install/px4_msgs/include/px4_msgs/px4_msgs/msg/sensor_gyro.hpp\n'}
[0.885742] (px4_msgs) StdoutLine: {'line': b'-- Up-to-date: /home/nicolas/ws_ros2/install/px4_msgs/include/px4_msgs/px4_msgs/msg/actuator_servos_trim.hpp\n'}
[0.885777] (px4_msgs) StdoutLine: {'line': b'-- Up-to-date: /home/nicolas/ws_ros2/install/px4_msgs/include/px4_msgs/px4_msgs/msg/estimator_sensor_bias.hpp\n'}
[0.885813] (px4_msgs) StdoutLine: {'line': b'-- Up-to-date: /home/nicolas/ws_ros2/install/px4_msgs/include/px4_msgs/px4_msgs/msg/adc_report.hpp\n'}
[0.885851] (px4_msgs) StdoutLine: {'line': b'-- Up-to-date: /home/nicolas/ws_ros2/install/px4_msgs/include/px4_msgs/px4_msgs/msg/sensor_gyro_fft.hpp\n'}
[0.885888] (px4_msgs) StdoutLine: {'line': b'-- Up-to-date: /home/nicolas/ws_ros2/install/px4_msgs/include/px4_msgs/px4_msgs/msg/radio_status.hpp\n'}
[0.885924] (px4_msgs) StdoutLine: {'line': b'-- Up-to-date: /home/nicolas/ws_ros2/install/px4_msgs/include/px4_msgs/px4_msgs/msg/vehicle_land_detected.hpp\n'}
[0.885960] (px4_msgs) StdoutLine: {'line': b'-- Up-to-date: /home/nicolas/ws_ros2/install/px4_msgs/include/px4_msgs/px4_msgs/msg/rover_position_setpoint.hpp\n'}
[0.886021] (px4_msgs) StdoutLine: {'line': b'-- Up-to-date: /home/nicolas/ws_ros2/install/px4_msgs/include/px4_msgs/px4_msgs/msg/button_event.hpp\n'}
[0.886058] (px4_msgs) StdoutLine: {'line': b'-- Up-to-date: /home/nicolas/ws_ros2/install/px4_msgs/include/px4_msgs/px4_msgs/msg/mode_completed.hpp\n'}
[0.886093] (px4_msgs) StdoutLine: {'line': b'-- Up-to-date: /home/nicolas/ws_ros2/install/px4_msgs/include/px4_msgs/px4_msgs/msg/sensor_baro.hpp\n'}
[0.886128] (px4_msgs) StdoutLine: {'line': b'-- Up-to-date: /home/nicolas/ws_ros2/install/px4_msgs/include/px4_msgs/px4_msgs/msg/rtl_status.hpp\n'}
[0.886162] (px4_msgs) StdoutLine: {'line': b'-- Up-to-date: /home/nicolas/ws_ros2/install/px4_msgs/include/px4_msgs/px4_msgs/msg/vehicle_odometry.hpp\n'}
[0.886197] (px4_msgs) StdoutLine: {'line': b'-- Up-to-date: /home/nicolas/ws_ros2/install/px4_msgs/include/px4_msgs/px4_msgs/msg/dataman_request.hpp\n'}
[0.886232] (px4_msgs) StdoutLine: {'line': b'-- Up-to-date: /home/nicolas/ws_ros2/install/px4_msgs/include/px4_msgs/px4_msgs/msg/sensor_selection.hpp\n'}
[0.886265] (px4_msgs) StdoutLine: {'line': b'-- Up-to-date: /home/nicolas/ws_ros2/install/px4_msgs/include/px4_msgs/px4_msgs/msg/uavcan_parameter_request.hpp\n'}
[0.886303] (px4_msgs) StdoutLine: {'line': b'-- Up-to-date: /home/nicolas/ws_ros2/install/px4_msgs/include/px4_msgs/px4_msgs/msg/parameter_set_value_response.hpp\n'}
[0.886340] (px4_msgs) StdoutLine: {'line': b'-- Up-to-date: /home/nicolas/ws_ros2/install/px4_msgs/include/px4_msgs/px4_msgs/msg/event.hpp\n'}
[0.886376] (px4_msgs) StdoutLine: {'line': b'-- Up-to-date: /home/nicolas/ws_ros2/install/px4_msgs/include/px4_msgs/px4_msgs/msg/position_setpoint.hpp\n'}
[0.886413] (px4_msgs) StdoutLine: {'line': b'-- Up-to-date: /home/nicolas/ws_ros2/install/px4_msgs/include/px4_msgs/px4_msgs/msg/failsafe_flags.hpp\n'}
[0.886449] (px4_msgs) StdoutLine: {'line': b'-- Up-to-date: /home/nicolas/ws_ros2/install/px4_msgs/include/px4_msgs/px4_msgs/msg/rover_speed_status.hpp\n'}
[0.886484] (px4_msgs) StdoutLine: {'line': b'-- Up-to-date: /home/nicolas/ws_ros2/install/px4_msgs/include/px4_msgs/px4_msgs/msg/estimator_aid_source3d.hpp\n'}
[0.886523] (px4_msgs) StdoutLine: {'line': b'-- Up-to-date: /home/nicolas/ws_ros2/install/px4_msgs/include/px4_msgs/px4_msgs/msg/parameter_set_used_request.hpp\n'}
[0.886573] (px4_msgs) StdoutLine: {'line': b'-- Up-to-date: /home/nicolas/ws_ros2/install/px4_msgs/include/px4_msgs/px4_msgs/msg/orb_test_medium.hpp\n'}
[0.886611] (px4_msgs) StdoutLine: {'line': b'-- Up-to-date: /home/nicolas/ws_ros2/install/px4_msgs/include/px4_msgs/px4_msgs/msg/gimbal_manager_set_manual_control.hpp\n'}
[0.886645] (px4_msgs) StdoutLine: {'line': b'-- Up-to-date: /home/nicolas/ws_ros2/install/px4_msgs/include/px4_msgs/px4_msgs/msg/can_interface_status.hpp\n'}
[0.886686] (px4_msgs) StdoutLine: {'line': b'-- Up-to-date: /home/nicolas/ws_ros2/install/px4_msgs/include/px4_msgs/px4_msgs/msg/vehicle_control_mode.hpp\n'}
[0.886726] (px4_msgs) StdoutLine: {'line': b'-- Up-to-date: /home/nicolas/ws_ros2/install/px4_msgs/include/px4_msgs/px4_msgs/msg/lateral_control_configuration.hpp\n'}
[0.886762] (px4_msgs) StdoutLine: {'line': b'-- Up-to-date: /home/nicolas/ws_ros2/install/px4_msgs/include/px4_msgs/px4_msgs/msg/vehicle_acceleration.hpp\n'}
[0.886798] (px4_msgs) StdoutLine: {'line': b'-- Up-to-date: /home/nicolas/ws_ros2/install/px4_msgs/include/px4_msgs/px4_msgs/msg/open_drone_id_system.hpp\n'}
[0.886834] (px4_msgs) StdoutLine: {'line': b'-- Up-to-date: /home/nicolas/ws_ros2/install/px4_msgs/include/px4_msgs/px4_msgs/msg/estimator_aid_source2d.hpp\n'}
[0.886871] (px4_msgs) StdoutLine: {'line': b'-- Up-to-date: /home/nicolas/ws_ros2/install/px4_msgs/include/px4_msgs/px4_msgs/msg/vehicle_roi.hpp\n'}
[0.886928] (px4_msgs) StdoutLine: {'line': b'-- Up-to-date: /home/nicolas/ws_ros2/install/px4_msgs/include/px4_msgs/px4_msgs/msg/iridiumsbd_status.hpp\n'}
[0.886962] (px4_msgs) StdoutLine: {'line': b'-- Up-to-date: /home/nicolas/ws_ros2/install/px4_msgs/include/px4_msgs/px4_msgs/msg/arming_check_request.hpp\n'}
[0.886995] (px4_msgs) StdoutLine: {'line': b'-- Up-to-date: /home/nicolas/ws_ros2/install/px4_msgs/include/px4_msgs/px4_msgs/msg/debug_array.hpp\n'}
[0.887030] (px4_msgs) StdoutLine: {'line': b'-- Up-to-date: /home/nicolas/ws_ros2/install/px4_msgs/include/px4_msgs/px4_msgs/msg/fixed_wing_lateral_guidance_status.hpp\n'}
[0.887064] (px4_msgs) StdoutLine: {'line': b'-- Up-to-date: /home/nicolas/ws_ros2/install/px4_msgs/include/px4_msgs/px4_msgs/msg/trajectory_setpoint.hpp\n'}
[0.887097] (px4_msgs) StdoutLine: {'line': b'-- Up-to-date: /home/nicolas/ws_ros2/install/px4_msgs/include/px4_msgs/px4_msgs/msg/sensors_status.hpp\n'}
[0.887130] (px4_msgs) StdoutLine: {'line': b'-- Up-to-date: /home/nicolas/ws_ros2/install/px4_msgs/include/px4_msgs/px4_msgs/msg/gpio_out.hpp\n'}
[0.887165] (px4_msgs) StdoutLine: {'line': b'-- Up-to-date: /home/nicolas/ws_ros2/install/px4_msgs/include/px4_msgs/px4_msgs/msg/transponder_report.hpp\n'}
[0.887201] (px4_msgs) StdoutLine: {'line': b'-- Up-to-date: /home/nicolas/ws_ros2/install/px4_msgs/include/px4_msgs/px4_msgs/msg/cpuload.hpp\n'}
[0.887236] (px4_msgs) StdoutLine: {'line': b'-- Up-to-date: /home/nicolas/ws_ros2/install/px4_msgs/include/px4_msgs/px4_msgs/msg/estimator_status.hpp\n'}
[0.887271] (px4_msgs) StdoutLine: {'line': b'-- Up-to-date: /home/nicolas/ws_ros2/install/px4_msgs/include/px4_msgs/px4_msgs/msg/rc_parameter_map.hpp\n'}
[0.887320] (px4_msgs) StdoutLine: {'line': b'-- Up-to-date: /home/nicolas/ws_ros2/install/px4_msgs/include/px4_msgs/px4_msgs/msg/rover_attitude_status.hpp\n'}
[0.887355] (px4_msgs) StdoutLine: {'line': b'-- Up-to-date: /home/nicolas/ws_ros2/install/px4_msgs/include/px4_msgs/px4_msgs/msg/estimator_bias.hpp\n'}
[0.887388] (px4_msgs) StdoutLine: {'line': b'-- Up-to-date: /home/nicolas/ws_ros2/install/px4_msgs/include/px4_msgs/px4_msgs/msg/mavlink_tunnel.hpp\n'}
[0.887434] (px4_msgs) StdoutLine: {'line': b'-- Up-to-date: /home/nicolas/ws_ros2/install/px4_msgs/include/px4_msgs/px4_msgs/msg/parameter_reset_request.hpp\n'}
[0.887467] (px4_msgs) StdoutLine: {'line': b'-- Up-to-date: /home/nicolas/ws_ros2/install/px4_msgs/include/px4_msgs/px4_msgs/msg/tune_control.hpp\n'}
[0.887500] (px4_msgs) StdoutLine: {'line': b'-- Up-to-date: /home/nicolas/ws_ros2/install/px4_msgs/include/px4_msgs/px4_msgs/msg/gpio_config.hpp\n'}
[0.887536] (px4_msgs) StdoutLine: {'line': b'-- Up-to-date: /home/nicolas/ws_ros2/install/px4_msgs/include/px4_msgs/px4_msgs/msg/vtol_vehicle_status.hpp\n'}
[0.887570] (px4_msgs) StdoutLine: {'line': b'-- Up-to-date: /home/nicolas/ws_ros2/install/px4_msgs/include/px4_msgs/px4_msgs/msg/navigator_mission_item.hpp\n'}
[0.887603] (px4_msgs) StdoutLine: {'line': b'-- Up-to-date: /home/nicolas/ws_ros2/install/px4_msgs/include/px4_msgs/px4_msgs/msg/navigator_status.hpp\n'}
[0.887637] (px4_msgs) StdoutLine: {'line': b'-- Up-to-date: /home/nicolas/ws_ros2/install/px4_msgs/include/px4_msgs/px4_msgs/msg/battery_status.hpp\n'}
[0.887670] (px4_msgs) StdoutLine: {'line': b'-- Up-to-date: /home/nicolas/ws_ros2/install/px4_msgs/include/px4_msgs/px4_msgs/msg/vehicle_angular_velocity.hpp\n'}
[0.887708] (px4_msgs) StdoutLine: {'line': b'-- Up-to-date: /home/nicolas/ws_ros2/install/px4_msgs/include/px4_msgs/px4_msgs/msg/pwm_input.hpp\n'}
[0.887742] (px4_msgs) StdoutLine: {'line': b'-- Up-to-date: /home/nicolas/ws_ros2/install/px4_msgs/include/px4_msgs/px4_msgs/msg/satellite_info.hpp\n'}
[0.887775] (px4_msgs) StdoutLine: {'line': b'-- Up-to-date: /home/nicolas/ws_ros2/install/px4_msgs/include/px4_msgs/px4_msgs/msg/sensor_mag.hpp\n'}
[0.887811] (px4_msgs) StdoutLine: {'line': b'-- Up-to-date: /home/nicolas/ws_ros2/install/px4_msgs/include/px4_msgs/px4_msgs/msg/sensor_correction.hpp\n'}
[0.887847] (px4_msgs) StdoutLine: {'line': b'-- Up-to-date: /home/nicolas/ws_ros2/install/px4_msgs/include/px4_msgs/px4_msgs/msg/position_controller_status.hpp\n'}
[0.887883] (px4_msgs) StdoutLine: {'line': b'-- Up-to-date: /home/nicolas/ws_ros2/install/px4_msgs/include/px4_msgs/px4_msgs/msg/qshell_retval.hpp\n'}
[0.887918] (px4_msgs) StdoutLine: {'line': b'-- Up-to-date: /home/nicolas/ws_ros2/install/px4_msgs/include/px4_msgs/px4_msgs/msg/qshell_req.hpp\n'}
[0.887955] (px4_msgs) StdoutLine: {'line': b'-- Up-to-date: /home/nicolas/ws_ros2/install/px4_msgs/include/px4_msgs/px4_msgs/msg/vehicle_rates_setpoint.hpp\n'}
[0.887990] (px4_msgs) StdoutLine: {'line': b'-- Up-to-date: /home/nicolas/ws_ros2/install/px4_msgs/include/px4_msgs/px4_msgs/msg/takeoff_status.hpp\n'}
[0.888026] (px4_msgs) StdoutLine: {'line': b'-- Up-to-date: /home/nicolas/ws_ros2/install/px4_msgs/include/px4_msgs/px4_msgs/msg/open_drone_id_operator_id.hpp\n'}
[0.888063] (px4_msgs) StdoutLine: {'line': b'-- Up-to-date: /home/nicolas/ws_ros2/install/px4_msgs/include/px4_msgs/px4_msgs/msg/ulog_stream_ack.hpp\n'}
[0.888098] (px4_msgs) StdoutLine: {'line': b'-- Up-to-date: /home/nicolas/ws_ros2/install/px4_msgs/include/px4_msgs/px4_msgs/msg/collision_constraints.hpp\n'}
[0.888134] (px4_msgs) StdoutLine: {'line': b'-- Up-to-date: /home/nicolas/ws_ros2/install/px4_msgs/include/px4_msgs/px4_msgs/msg/position_controller_landing_status.hpp\n'}
[0.888170] (px4_msgs) StdoutLine: {'line': b'-- Up-to-date: /home/nicolas/ws_ros2/install/px4_msgs/include/px4_msgs/px4_msgs/msg/vehicle_command.hpp\n'}
[0.888205] (px4_msgs) StdoutLine: {'line': b'-- Up-to-date: /home/nicolas/ws_ros2/install/px4_msgs/include/px4_msgs/px4_msgs/msg/estimator_selector_status.hpp\n'}
[0.888241] (px4_msgs) StdoutLine: {'line': b'-- Up-to-date: /home/nicolas/ws_ros2/install/px4_msgs/include/px4_msgs/px4_msgs/msg/esc_status.hpp\n'}
[0.888299] (px4_msgs) StdoutLine: {'line': b'-- Up-to-date: /home/nicolas/ws_ros2/install/px4_msgs/include/px4_msgs/px4_msgs/msg/uavcan_parameter_value.hpp\n'}
[0.888334] (px4_msgs) StdoutLine: {'line': b'-- Up-to-date: /home/nicolas/ws_ros2/install/px4_msgs/include/px4_msgs/px4_msgs/msg/wheel_encoders.hpp\n'}
[0.888368] (px4_msgs) StdoutLine: {'line': b'-- Up-to-date: /home/nicolas/ws_ros2/install/px4_msgs/include/px4_msgs/px4_msgs/msg/magnetometer_bias_estimate.hpp\n'}
[0.888401] (px4_msgs) StdoutLine: {'line': b'-- Up-to-date: /home/nicolas/ws_ros2/install/px4_msgs/include/px4_msgs/px4_msgs/msg/rover_attitude_setpoint.hpp\n'}
[0.888433] (px4_msgs) StdoutLine: {'line': b'-- Up-to-date: /home/nicolas/ws_ros2/install/px4_msgs/include/px4_msgs/px4_msgs/msg/rosidl_generator_cpp__visibility_control.hpp\n'}
[0.888469] (px4_msgs) StdoutLine: {'line': b'-- Up-to-date: /home/nicolas/ws_ros2/install/px4_msgs/include/px4_msgs/px4_msgs/msg/register_ext_component_request.hpp\n'}
[0.888501] (px4_msgs) StdoutLine: {'line': b'-- Up-to-date: /home/nicolas/ws_ros2/install/px4_msgs/include/px4_msgs/px4_msgs/msg/ekf2_timestamps.hpp\n'}
[0.888537] (px4_msgs) StdoutLine: {'line': b'-- Up-to-date: /home/nicolas/ws_ros2/install/px4_msgs/include/px4_msgs/px4_msgs/msg/vehicle_local_position_setpoint.hpp\n'}
[0.888584] (px4_msgs) StdoutLine: {'line': b'-- Up-to-date: /home/nicolas/ws_ros2/install/px4_msgs/include/px4_msgs/px4_msgs/msg/failure_detector_status.hpp\n'}
[0.888617] (px4_msgs) StdoutLine: {'line': b'-- Up-to-date: /home/nicolas/ws_ros2/install/px4_msgs/include/px4_msgs/px4_msgs/msg/launch_detection_status.hpp\n'}
[0.888650] (px4_msgs) StdoutLine: {'line': b'-- Up-to-date: /home/nicolas/ws_ros2/install/px4_msgs/include/px4_msgs/px4_msgs/msg/differential_pressure.hpp\n'}
[0.888687] (px4_msgs) StdoutLine: {'line': b'-- Up-to-date: /home/nicolas/ws_ros2/install/px4_msgs/include/px4_msgs/px4_msgs/msg/sensor_accel_fifo.hpp\n'}
[0.888723] (px4_msgs) StdoutLine: {'line': b'-- Up-to-date: /home/nicolas/ws_ros2/install/px4_msgs/include/px4_msgs/px4_msgs/msg/actuator_controls_status.hpp\n'}
[0.888756] (px4_msgs) StdoutLine: {'line': b'-- Up-to-date: /home/nicolas/ws_ros2/install/px4_msgs/include/px4_msgs/px4_msgs/msg/estimator_status_flags.hpp\n'}
[0.888788] (px4_msgs) StdoutLine: {'line': b'-- Up-to-date: /home/nicolas/ws_ros2/install/px4_msgs/include/px4_msgs/px4_msgs/msg/irlock_report.hpp\n'}
[0.888820] (px4_msgs) StdoutLine: {'line': b'-- Up-to-date: /home/nicolas/ws_ros2/install/px4_msgs/include/px4_msgs/px4_msgs/msg/pps_capture.hpp\n'}
[0.888863] (px4_msgs) StdoutLine: {'line': b'-- Up-to-date: /home/nicolas/ws_ros2/install/px4_msgs/include/px4_msgs/px4_msgs/msg/camera_status.hpp\n'}
[0.888897] (px4_msgs) StdoutLine: {'line': b'-- Up-to-date: /home/nicolas/ws_ros2/install/px4_msgs/include/px4_msgs/px4_msgs/msg/manual_control_switches.hpp\n'}
[0.888935] (px4_msgs) StdoutLine: {'line': b'-- Up-to-date: /home/nicolas/ws_ros2/install/px4_msgs/include/px4_msgs/px4_msgs/msg/logger_status.hpp\n'}
[0.888971] (px4_msgs) StdoutLine: {'line': b'-- Up-to-date: /home/nicolas/ws_ros2/install/px4_msgs/include/px4_msgs/px4_msgs/msg/rover_speed_setpoint.hpp\n'}
[0.889007] (px4_msgs) StdoutLine: {'line': b'-- Up-to-date: /home/nicolas/ws_ros2/install/px4_msgs/include/px4_msgs/px4_msgs/msg/actuator_servos.hpp\n'}
[0.889042] (px4_msgs) StdoutLine: {'line': b'-- Up-to-date: /home/nicolas/ws_ros2/install/px4_msgs/include/px4_msgs/px4_msgs/msg/camera_capture.hpp\n'}
[0.889078] (px4_msgs) StdoutLine: {'line': b'-- Up-to-date: /home/nicolas/ws_ros2/install/px4_msgs/include/px4_msgs/px4_msgs/msg/config_overrides.hpp\n'}
[0.889114] (px4_msgs) StdoutLine: {'line': b'-- Up-to-date: /home/nicolas/ws_ros2/install/px4_msgs/include/px4_msgs/px4_msgs/msg/power_monitor.hpp\n'}
[0.889149] (px4_msgs) StdoutLine: {'line': b'-- Up-to-date: /home/nicolas/ws_ros2/install/px4_msgs/include/px4_msgs/px4_msgs/msg/arming_check_reply.hpp\n'}
[0.889185] (px4_msgs) StdoutLine: {'line': b'-- Up-to-date: /home/nicolas/ws_ros2/install/px4_msgs/include/px4_msgs/px4_msgs/msg/vehicle_status.hpp\n'}
[0.889221] (px4_msgs) StdoutLine: {'line': b'-- Up-to-date: /home/nicolas/ws_ros2/install/px4_msgs/include/px4_msgs/px4_msgs/msg/message_format_request.hpp\n'}
[0.889256] (px4_msgs) StdoutLine: {'line': b'-- Up-to-date: /home/nicolas/ws_ros2/install/px4_msgs/include/px4_msgs/px4_msgs/msg/mount_orientation.hpp\n'}
[0.889291] (px4_msgs) StdoutLine: {'line': b'-- Up-to-date: /home/nicolas/ws_ros2/install/px4_msgs/include/px4_msgs/px4_msgs/msg/vehicle_angular_acceleration_setpoint.hpp\n'}
[0.889325] (px4_msgs) StdoutLine: {'line': b'-- Up-to-date: /home/nicolas/ws_ros2/install/px4_msgs/include/px4_msgs/px4_msgs/msg/actuator_armed.hpp\n'}
[0.889361] (px4_msgs) StdoutLine: {'line': b'-- Up-to-date: /home/nicolas/ws_ros2/install/px4_msgs/include/px4_msgs/px4_msgs/msg/vehicle_imu_status.hpp\n'}
[0.889418] (px4_msgs) StdoutLine: {'line': b'-- Up-to-date: /home/nicolas/ws_ros2/install/px4_msgs/include/px4_msgs/px4_msgs/msg/fixed_wing_lateral_status.hpp\n'}
[0.889452] (px4_msgs) StdoutLine: {'line': b'-- Up-to-date: /home/nicolas/ws_ros2/install/px4_msgs/include/px4_msgs/px4_msgs/msg/onboard_computer_status.hpp\n'}
[0.889486] (px4_msgs) StdoutLine: {'line': b'-- Up-to-date: /home/nicolas/ws_ros2/install/px4_msgs/include/px4_msgs/px4_msgs/msg/estimator_event_flags.hpp\n'}
[0.889520] (px4_msgs) StdoutLine: {'line': b'-- Up-to-date: /home/nicolas/ws_ros2/install/px4_msgs/include/px4_msgs/px4_msgs/msg/estimator_aid_source1d.hpp\n'}
[0.889554] (px4_msgs) StdoutLine: {'line': b'-- Up-to-date: /home/nicolas/ws_ros2/install/px4_msgs/include/px4_msgs/px4_msgs/msg/vehicle_torque_setpoint.hpp\n'}
[0.889586] (px4_msgs) StdoutLine: {'line': b'-- Up-to-date: /home/nicolas/ws_ros2/install/px4_msgs/include/px4_msgs/px4_msgs/msg/estimator_gps_status.hpp\n'}
[0.889619] (px4_msgs) StdoutLine: {'line': b'-- Up-to-date: /home/nicolas/ws_ros2/install/px4_msgs/include/px4_msgs/px4_msgs/msg/follow_target_status.hpp\n'}
[0.889667] (px4_msgs) StdoutLine: {'line': b'-- Up-to-date: /home/nicolas/ws_ros2/install/px4_msgs/include/px4_msgs/px4_msgs/msg/heater_status.hpp\n'}
[0.889707] (px4_msgs) StdoutLine: {'line': b'-- Up-to-date: /home/nicolas/ws_ros2/install/px4_msgs/include/px4_msgs/px4_msgs/msg/gimbal_controls.hpp\n'}
[0.889740] (px4_msgs) StdoutLine: {'line': b'-- Up-to-date: /home/nicolas/ws_ros2/install/px4_msgs/include/px4_msgs/px4_msgs/msg/px4io_status.hpp\n'}
[0.889773] (px4_msgs) StdoutLine: {'line': b'-- Up-to-date: /home/nicolas/ws_ros2/install/px4_msgs/include/px4_msgs/px4_msgs/msg/landing_gear_wheel.hpp\n'}
[0.889805] (px4_msgs) StdoutLine: {'line': b'-- Up-to-date: /home/nicolas/ws_ros2/install/px4_msgs/include/px4_msgs/px4_msgs/msg/sensor_gyro_fifo.hpp\n'}
[0.889842] (px4_msgs) StdoutLine: {'line': b'-- Up-to-date: /home/nicolas/ws_ros2/install/px4_msgs/include/px4_msgs/px4_msgs/msg/sensor_optical_flow.hpp\n'}
[0.889875] (px4_msgs) StdoutLine: {'line': b'-- Up-to-date: /home/nicolas/ws_ros2/install/px4_msgs/include/px4_msgs/px4_msgs/msg/power_button_state.hpp\n'}
[0.889907] (px4_msgs) StdoutLine: {'line': b'-- Up-to-date: /home/nicolas/ws_ros2/install/px4_msgs/include/px4_msgs/px4_msgs/msg/wind.hpp\n'}
[0.889940] (px4_msgs) StdoutLine: {'line': b'-- Up-to-date: /home/nicolas/ws_ros2/install/px4_msgs/include/px4_msgs/px4_msgs/msg/actuator_motors.hpp\n'}
[0.889973] (px4_msgs) StdoutLine: {'line': b'-- Up-to-date: /home/nicolas/ws_ros2/install/px4_msgs/include/px4_msgs/px4_msgs/msg/dataman_response.hpp\n'}
[0.890006] (px4_msgs) StdoutLine: {'line': b'-- Up-to-date: /home/nicolas/ws_ros2/install/px4_msgs/include/px4_msgs/px4_msgs/msg/estimator_bias3d.hpp\n'}
[0.890039] (px4_msgs) StdoutLine: {'line': b'-- Up-to-date: /home/nicolas/ws_ros2/install/px4_msgs/include/px4_msgs/px4_msgs/msg/sensor_airflow.hpp\n'}
[0.890076] (px4_msgs) StdoutLine: {'line': b'-- Up-to-date: /home/nicolas/ws_ros2/install/px4_msgs/include/px4_msgs/px4_msgs/msg/rate_ctrl_status.hpp\n'}
[0.890112] (px4_msgs) StdoutLine: {'line': b'-- Up-to-date: /home/nicolas/ws_ros2/install/px4_msgs/include/px4_msgs/px4_msgs/msg/battery_info.hpp\n'}
[0.890148] (px4_msgs) StdoutLine: {'line': b'-- Up-to-date: /home/nicolas/ws_ros2/install/px4_msgs/include/px4_msgs/px4_msgs/msg/hover_thrust_estimate.hpp\n'}
[0.890183] (px4_msgs) StdoutLine: {'line': b'-- Up-to-date: /home/nicolas/ws_ros2/install/px4_msgs/include/px4_msgs/px4_msgs/msg/rpm.hpp\n'}
[0.890219] (px4_msgs) StdoutLine: {'line': b'-- Up-to-date: /home/nicolas/ws_ros2/install/px4_msgs/include/px4_msgs/px4_msgs/msg/gimbal_device_attitude_status.hpp\n'}
[0.890254] (px4_msgs) StdoutLine: {'line': b'-- Up-to-date: /home/nicolas/ws_ros2/install/px4_msgs/include/px4_msgs/px4_msgs/msg/vehicle_attitude_setpoint.hpp\n'}
[0.890290] (px4_msgs) StdoutLine: {'line': b'-- Up-to-date: /home/nicolas/ws_ros2/install/px4_msgs/include/px4_msgs/px4_msgs/msg/gimbal_device_set_attitude.hpp\n'}
[0.890341] (px4_msgs) StdoutLine: {'line': b'-- Up-to-date: /home/nicolas/ws_ros2/install/px4_msgs/include/px4_msgs/px4_msgs/msg/health_report.hpp\n'}
[0.890373] (px4_msgs) StdoutLine: {'line': b'-- Up-to-date: /home/nicolas/ws_ros2/install/px4_msgs/include/px4_msgs/px4_msgs/msg/vehicle_local_position.hpp\n'}
[0.890408] (px4_msgs) StdoutLine: {'line': b'-- Up-to-date: /home/nicolas/ws_ros2/install/px4_msgs/include/px4_msgs/px4_msgs/msg/vehicle_optical_flow.hpp\n'}
[0.890441] (px4_msgs) StdoutLine: {'line': b'-- Up-to-date: /home/nicolas/ws_ros2/install/px4_msgs/include/px4_msgs/px4_msgs/msg/estimator_states.hpp\n'}
[0.890475] (px4_msgs) StdoutLine: {'line': b'-- Up-to-date: /home/nicolas/ws_ros2/install/px4_msgs/include/px4_msgs/px4_msgs/msg/gpio_request.hpp\n'}
[0.890509] (px4_msgs) StdoutLine: {'line': b'-- Up-to-date: /home/nicolas/ws_ros2/install/px4_msgs/include/px4_msgs/px4_msgs/msg/tecs_status.hpp\n'}
[0.890545] (px4_msgs) StdoutLine: {'line': b'-- Up-to-date: /home/nicolas/ws_ros2/install/px4_msgs/include/px4_msgs/px4_msgs/msg/mission_result.hpp\n'}
[0.890580] (px4_msgs) StdoutLine: {'line': b'-- Up-to-date: /home/nicolas/ws_ros2/install/px4_msgs/include/px4_msgs/px4_msgs/msg/mission.hpp\n'}
[0.890616] (px4_msgs) StdoutLine: {'line': b'-- Up-to-date: /home/nicolas/ws_ros2/install/px4_msgs/include/px4_msgs/px4_msgs/msg/actuator_test.hpp\n'}
[0.890653] (px4_msgs) StdoutLine: {'line': b'-- Up-to-date: /home/nicolas/ws_ros2/install/px4_msgs/include/px4_msgs/px4_msgs/msg/control_allocator_status.hpp\n'}
[0.890694] (px4_msgs) StdoutLine: {'line': b'-- Up-to-date: /home/nicolas/ws_ros2/install/px4_msgs/include/px4_msgs/px4_msgs/msg/timesync_status.hpp\n'}
[0.890733] (px4_msgs) StdoutLine: {'line': b'-- Up-to-date: /home/nicolas/ws_ros2/install/px4_msgs/include/px4_msgs/px4_msgs/msg/esc_report.hpp\n'}
[0.890769] (px4_msgs) StdoutLine: {'line': b'-- Up-to-date: /home/nicolas/ws_ros2/install/px4_msgs/include/px4_msgs/px4_msgs/msg/message_format_response.hpp\n'}
[0.890803] (px4_msgs) StdoutLine: {'line': b'-- Up-to-date: /home/nicolas/ws_ros2/install/px4_msgs/include/px4_msgs/px4_msgs/msg/goto_setpoint.hpp\n'}
[0.890839] (px4_msgs) StdoutLine: {'line': b'-- Up-to-date: /home/nicolas/ws_ros2/install/px4_msgs/include/px4_msgs/px4_msgs/msg/geofence_result.hpp\n'}
[0.890874] (px4_msgs) StdoutLine: {'line': b'-- Up-to-date: /home/nicolas/ws_ros2/install/px4_msgs/include/px4_msgs/px4_msgs/msg/orb_test.hpp\n'}
[0.890910] (px4_msgs) StdoutLine: {'line': b'-- Up-to-date: /home/nicolas/ws_ros2/install/px4_msgs/include/px4_msgs/px4_msgs/msg/open_drone_id_self_id.hpp\n'}
[0.890946] (px4_msgs) StdoutLine: {'line': b'-- Up-to-date: /home/nicolas/ws_ros2/install/px4_msgs/include/px4_msgs/px4_msgs/msg/landing_gear.hpp\n'}
[0.890981] (px4_msgs) StdoutLine: {'line': b'-- Up-to-date: /home/nicolas/ws_ros2/install/px4_msgs/include/px4_msgs/px4_msgs/msg/vehicle_air_data.hpp\n'}
[0.891017] (px4_msgs) StdoutLine: {'line': b'-- Up-to-date: /home/nicolas/ws_ros2/install/px4_msgs/include/px4_msgs/px4_msgs/msg/ulog_stream.hpp\n'}
[0.891070] (px4_msgs) StdoutLine: {'line': b'-- Up-to-date: /home/nicolas/ws_ros2/install/px4_msgs/include/px4_msgs/px4_msgs/msg/vehicle_constraints.hpp\n'}
[0.891103] (px4_msgs) StdoutLine: {'line': b'-- Up-to-date: /home/nicolas/ws_ros2/install/px4_msgs/include/px4_msgs/px4_msgs/msg/sensor_uwb.hpp\n'}
[0.891136] (px4_msgs) StdoutLine: {'line': b'-- Up-to-date: /home/nicolas/ws_ros2/install/px4_msgs/include/px4_msgs/px4_msgs\n'}
[0.891181] (px4_msgs) StdoutLine: {'line': b'-- Up-to-date: /home/nicolas/ws_ros2/install/px4_msgs/include/px4_msgs/px4_msgs/srv\n'}
[0.891215] (px4_msgs) StdoutLine: {'line': b'-- Up-to-date: /home/nicolas/ws_ros2/install/px4_msgs/include/px4_msgs/px4_msgs/srv/detail\n'}
[0.891249] (px4_msgs) StdoutLine: {'line': b'-- Up-to-date: /home/nicolas/ws_ros2/install/px4_msgs/include/px4_msgs/px4_msgs/srv/detail/vehicle_command__rosidl_typesupport_fastrtps_cpp.hpp\n'}
[0.891284] (px4_msgs) StdoutLine: {'line': b'-- Up-to-date: /home/nicolas/ws_ros2/install/px4_msgs/include/px4_msgs/px4_msgs/srv/detail/dds_fastrtps\n'}
[0.891320] (px4_msgs) StdoutLine: {'line': b'-- Up-to-date: /home/nicolas/ws_ros2/install/px4_msgs/include/px4_msgs/px4_msgs/msg\n'}
[0.891354] (px4_msgs) StdoutLine: {'line': b'-- Up-to-date: /home/nicolas/ws_ros2/install/px4_msgs/include/px4_msgs/px4_msgs/msg/detail\n'}
[0.891389] (px4_msgs) StdoutLine: {'line': b'-- Up-to-date: /home/nicolas/ws_ros2/install/px4_msgs/include/px4_msgs/px4_msgs/msg/detail/failure_detector_status__rosidl_typesupport_fastrtps_cpp.hpp\n'}
[0.891426] (px4_msgs) StdoutLine: {'line': b'-- Up-to-date: /home/nicolas/ws_ros2/install/px4_msgs/include/px4_msgs/px4_msgs/msg/detail/iridiumsbd_status__rosidl_typesupport_fastrtps_cpp.hpp\n'}
[0.891463] (px4_msgs) StdoutLine: {'line': b'-- Up-to-date: /home/nicolas/ws_ros2/install/px4_msgs/include/px4_msgs/px4_msgs/msg/detail/sensor_gps__rosidl_typesupport_fastrtps_cpp.hpp\n'}
[0.891499] (px4_msgs) StdoutLine: {'line': b'-- Up-to-date: /home/nicolas/ws_ros2/install/px4_msgs/include/px4_msgs/px4_msgs/msg/detail/autotune_attitude_control_status__rosidl_typesupport_fastrtps_cpp.hpp\n'}
[0.891535] (px4_msgs) StdoutLine: {'line': b'-- Up-to-date: /home/nicolas/ws_ros2/install/px4_msgs/include/px4_msgs/px4_msgs/msg/detail/vehicle_angular_acceleration_setpoint__rosidl_typesupport_fastrtps_cpp.hpp\n'}
[0.891572] (px4_msgs) StdoutLine: {'line': b'-- Up-to-date: /home/nicolas/ws_ros2/install/px4_msgs/include/px4_msgs/px4_msgs/msg/detail/airspeed_wind__rosidl_typesupport_fastrtps_cpp.hpp\n'}
[0.891608] (px4_msgs) StdoutLine: {'line': b'-- Up-to-date: /home/nicolas/ws_ros2/install/px4_msgs/include/px4_msgs/px4_msgs/msg/detail/longitudinal_control_configuration__rosidl_typesupport_fastrtps_cpp.hpp\n'}
[0.891643] (px4_msgs) StdoutLine: {'line': b'-- Up-to-date: /home/nicolas/ws_ros2/install/px4_msgs/include/px4_msgs/px4_msgs/msg/detail/gpio_request__rosidl_typesupport_fastrtps_cpp.hpp\n'}
[0.891684] (px4_msgs) StdoutLine: {'line': b'-- Up-to-date: /home/nicolas/ws_ros2/install/px4_msgs/include/px4_msgs/px4_msgs/msg/detail/task_stack_info__rosidl_typesupport_fastrtps_cpp.hpp\n'}
[0.891724] (px4_msgs) StdoutLine: {'line': b'-- Up-to-date: /home/nicolas/ws_ros2/install/px4_msgs/include/px4_msgs/px4_msgs/msg/detail/mount_orientation__rosidl_typesupport_fastrtps_cpp.hpp\n'}
[0.891761] (px4_msgs) StdoutLine: {'line': b'-- Up-to-date: /home/nicolas/ws_ros2/install/px4_msgs/include/px4_msgs/px4_msgs/msg/detail/sensor_uwb__rosidl_typesupport_fastrtps_cpp.hpp\n'}
[0.891799] (px4_msgs) StdoutLine: {'line': b'-- Up-to-date: /home/nicolas/ws_ros2/install/px4_msgs/include/px4_msgs/px4_msgs/msg/detail/register_ext_component_request__rosidl_typesupport_fastrtps_cpp.hpp\n'}
[0.891837] (px4_msgs) StdoutLine: {'line': b'-- Up-to-date: /home/nicolas/ws_ros2/install/px4_msgs/include/px4_msgs/px4_msgs/msg/detail/vehicle_odometry__rosidl_typesupport_fastrtps_cpp.hpp\n'}
[0.891874] (px4_msgs) StdoutLine: {'line': b'-- Up-to-date: /home/nicolas/ws_ros2/install/px4_msgs/include/px4_msgs/px4_msgs/msg/detail/rpm__rosidl_typesupport_fastrtps_cpp.hpp\n'}
[0.891911] (px4_msgs) StdoutLine: {'line': b'-- Up-to-date: /home/nicolas/ws_ros2/install/px4_msgs/include/px4_msgs/px4_msgs/msg/detail/adc_report__rosidl_typesupport_fastrtps_cpp.hpp\n'}
[0.891949] (px4_msgs) StdoutLine: {'line': b'-- Up-to-date: /home/nicolas/ws_ros2/install/px4_msgs/include/px4_msgs/px4_msgs/msg/detail/button_event__rosidl_typesupport_fastrtps_cpp.hpp\n'}
[0.891984] (px4_msgs) StdoutLine: {'line': b'-- Up-to-date: /home/nicolas/ws_ros2/install/px4_msgs/include/px4_msgs/px4_msgs/msg/detail/position_setpoint_triplet__rosidl_typesupport_fastrtps_cpp.hpp\n'}
[0.892020] (px4_msgs) StdoutLine: {'line': b'-- Up-to-date: /home/nicolas/ws_ros2/install/px4_msgs/include/px4_msgs/px4_msgs/msg/detail/sensors_status__rosidl_typesupport_fastrtps_cpp.hpp\n'}
[0.892055] (px4_msgs) StdoutLine: {'line': b'-- Up-to-date: /home/nicolas/ws_ros2/install/px4_msgs/include/px4_msgs/px4_msgs/msg/detail/vehicle_land_detected__rosidl_typesupport_fastrtps_cpp.hpp\n'}
[0.892091] (px4_msgs) StdoutLine: {'line': b'-- Up-to-date: /home/nicolas/ws_ros2/install/px4_msgs/include/px4_msgs/px4_msgs/msg/detail/rover_speed_setpoint__rosidl_typesupport_fastrtps_cpp.hpp\n'}
[0.892146] (px4_msgs) StdoutLine: {'line': b'-- Up-to-date: /home/nicolas/ws_ros2/install/px4_msgs/include/px4_msgs/px4_msgs/msg/detail/vehicle_air_data__rosidl_typesupport_fastrtps_cpp.hpp\n'}
[0.892181] (px4_msgs) StdoutLine: {'line': b'-- Up-to-date: /home/nicolas/ws_ros2/install/px4_msgs/include/px4_msgs/px4_msgs/msg/detail/power_button_state__rosidl_typesupport_fastrtps_cpp.hpp\n'}
[0.892224] (px4_msgs) StdoutLine: {'line': b'-- Up-to-date: /home/nicolas/ws_ros2/install/px4_msgs/include/px4_msgs/px4_msgs/msg/detail/trajectory_setpoint__rosidl_typesupport_fastrtps_cpp.hpp\n'}
[0.892258] (px4_msgs) StdoutLine: {'line': b'-- Up-to-date: /home/nicolas/ws_ros2/install/px4_msgs/include/px4_msgs/px4_msgs/msg/detail/gpio_out__rosidl_typesupport_fastrtps_cpp.hpp\n'}
[0.892292] (px4_msgs) StdoutLine: {'line': b'-- Up-to-date: /home/nicolas/ws_ros2/install/px4_msgs/include/px4_msgs/px4_msgs/msg/detail/fixed_wing_lateral_guidance_status__rosidl_typesupport_fastrtps_cpp.hpp\n'}
[0.892368] (px4_msgs) StdoutLine: {'line': b'-- Up-to-date: /home/nicolas/ws_ros2/install/px4_msgs/include/px4_msgs/px4_msgs/msg/detail/fixed_wing_longitudinal_setpoint__rosidl_typesupport_fastrtps_cpp.hpp\n'}
[0.892401] (px4_msgs) StdoutLine: {'line': b'-- Up-to-date: /home/nicolas/ws_ros2/install/px4_msgs/include/px4_msgs/px4_msgs/msg/detail/led_control__rosidl_typesupport_fastrtps_cpp.hpp\n'}
[0.892435] (px4_msgs) StdoutLine: {'line': b'-- Up-to-date: /home/nicolas/ws_ros2/install/px4_msgs/include/px4_msgs/px4_msgs/msg/detail/px4io_status__rosidl_typesupport_fastrtps_cpp.hpp\n'}
[0.892470] (px4_msgs) StdoutLine: {'line': b'-- Up-to-date: /home/nicolas/ws_ros2/install/px4_msgs/include/px4_msgs/px4_msgs/msg/detail/system_power__rosidl_typesupport_fastrtps_cpp.hpp\n'}
[0.892502] (px4_msgs) StdoutLine: {'line': b'-- Up-to-date: /home/nicolas/ws_ros2/install/px4_msgs/include/px4_msgs/px4_msgs/msg/detail/sensor_hygrometer__rosidl_typesupport_fastrtps_cpp.hpp\n'}
[0.892535] (px4_msgs) StdoutLine: {'line': b'-- Up-to-date: /home/nicolas/ws_ros2/install/px4_msgs/include/px4_msgs/px4_msgs/msg/detail/vehicle_local_position_setpoint__rosidl_typesupport_fastrtps_cpp.hpp\n'}
[0.892567] (px4_msgs) StdoutLine: {'line': b'-- Up-to-date: /home/nicolas/ws_ros2/install/px4_msgs/include/px4_msgs/px4_msgs/msg/detail/orbit_status__rosidl_typesupport_fastrtps_cpp.hpp\n'}
[0.892600] (px4_msgs) StdoutLine: {'line': b'-- Up-to-date: /home/nicolas/ws_ros2/install/px4_msgs/include/px4_msgs/px4_msgs/msg/detail/gimbal_manager_set_manual_control__rosidl_typesupport_fastrtps_cpp.hpp\n'}
[0.892634] (px4_msgs) StdoutLine: {'line': b'-- Up-to-date: /home/nicolas/ws_ros2/install/px4_msgs/include/px4_msgs/px4_msgs/msg/detail/uavcan_parameter_value__rosidl_typesupport_fastrtps_cpp.hpp\n'}
[0.892667] (px4_msgs) StdoutLine: {'line': b'-- Up-to-date: /home/nicolas/ws_ros2/install/px4_msgs/include/px4_msgs/px4_msgs/msg/detail/geofence_status__rosidl_typesupport_fastrtps_cpp.hpp\n'}
[0.892708] (px4_msgs) StdoutLine: {'line': b'-- Up-to-date: /home/nicolas/ws_ros2/install/px4_msgs/include/px4_msgs/px4_msgs/msg/detail/camera_trigger__rosidl_typesupport_fastrtps_cpp.hpp\n'}
[0.892746] (px4_msgs) StdoutLine: {'line': b'-- Up-to-date: /home/nicolas/ws_ros2/install/px4_msgs/include/px4_msgs/px4_msgs/msg/detail/sensor_gyro__rosidl_typesupport_fastrtps_cpp.hpp\n'}
[0.892783] (px4_msgs) StdoutLine: {'line': b'-- Up-to-date: /home/nicolas/ws_ros2/install/px4_msgs/include/px4_msgs/px4_msgs/msg/detail/vehicle_local_position__rosidl_typesupport_fastrtps_cpp.hpp\n'}
[0.892820] (px4_msgs) StdoutLine: {'line': b'-- Up-to-date: /home/nicolas/ws_ros2/install/px4_msgs/include/px4_msgs/px4_msgs/msg/detail/estimator_states__rosidl_typesupport_fastrtps_cpp.hpp\n'}
[0.892857] (px4_msgs) StdoutLine: {'line': b'-- Up-to-date: /home/nicolas/ws_ros2/install/px4_msgs/include/px4_msgs/px4_msgs/msg/detail/generator_status__rosidl_typesupport_fastrtps_cpp.hpp\n'}
[0.892919] (px4_msgs) StdoutLine: {'line': b'-- Up-to-date: /home/nicolas/ws_ros2/install/px4_msgs/include/px4_msgs/px4_msgs/msg/detail/estimator_aid_source3d__rosidl_typesupport_fastrtps_cpp.hpp\n'}
[0.892957] (px4_msgs) StdoutLine: {'line': b'-- Up-to-date: /home/nicolas/ws_ros2/install/px4_msgs/include/px4_msgs/px4_msgs/msg/detail/gpio_in__rosidl_typesupport_fastrtps_cpp.hpp\n'}
[0.892994] (px4_msgs) StdoutLine: {'line': b'-- Up-to-date: /home/nicolas/ws_ros2/install/px4_msgs/include/px4_msgs/px4_msgs/msg/detail/estimator_status_flags__rosidl_typesupport_fastrtps_cpp.hpp\n'}
[0.893030] (px4_msgs) StdoutLine: {'line': b'-- Up-to-date: /home/nicolas/ws_ros2/install/px4_msgs/include/px4_msgs/px4_msgs/msg/detail/estimator_bias3d__rosidl_typesupport_fastrtps_cpp.hpp\n'}
[0.893067] (px4_msgs) StdoutLine: {'line': b'-- Up-to-date: /home/nicolas/ws_ros2/install/px4_msgs/include/px4_msgs/px4_msgs/msg/detail/ulog_stream__rosidl_typesupport_fastrtps_cpp.hpp\n'}
[0.893104] (px4_msgs) StdoutLine: {'line': b'-- Up-to-date: /home/nicolas/ws_ros2/install/px4_msgs/include/px4_msgs/px4_msgs/msg/detail/sensors_status_imu__rosidl_typesupport_fastrtps_cpp.hpp\n'}
[0.893139] (px4_msgs) StdoutLine: {'line': b'-- Up-to-date: /home/nicolas/ws_ros2/install/px4_msgs/include/px4_msgs/px4_msgs/msg/detail/rover_steering_setpoint__rosidl_typesupport_fastrtps_cpp.hpp\n'}
[0.893176] (px4_msgs) StdoutLine: {'line': b'-- Up-to-date: /home/nicolas/ws_ros2/install/px4_msgs/include/px4_msgs/px4_msgs/msg/detail/logger_status__rosidl_typesupport_fastrtps_cpp.hpp\n'}
[0.893242] (px4_msgs) StdoutLine: {'line': b'-- Up-to-date: /home/nicolas/ws_ros2/install/px4_msgs/include/px4_msgs/px4_msgs/msg/detail/failsafe_flags__rosidl_typesupport_fastrtps_cpp.hpp\n'}
[0.893277] (px4_msgs) StdoutLine: {'line': b'-- Up-to-date: /home/nicolas/ws_ros2/install/px4_msgs/include/px4_msgs/px4_msgs/msg/detail/lateral_control_configuration__rosidl_typesupport_fastrtps_cpp.hpp\n'}
[0.893316] (px4_msgs) StdoutLine: {'line': b'-- Up-to-date: /home/nicolas/ws_ros2/install/px4_msgs/include/px4_msgs/px4_msgs/msg/detail/estimator_gps_status__rosidl_typesupport_fastrtps_cpp.hpp\n'}
[0.893348] (px4_msgs) StdoutLine: {'line': b'-- Up-to-date: /home/nicolas/ws_ros2/install/px4_msgs/include/px4_msgs/px4_msgs/msg/detail/rc_parameter_map__rosidl_typesupport_fastrtps_cpp.hpp\n'}
[0.893381] (px4_msgs) StdoutLine: {'line': b'-- Up-to-date: /home/nicolas/ws_ros2/install/px4_msgs/include/px4_msgs/px4_msgs/msg/detail/gps_inject_data__rosidl_typesupport_fastrtps_cpp.hpp\n'}
[0.893414] (px4_msgs) StdoutLine: {'line': b'-- Up-to-date: /home/nicolas/ws_ros2/install/px4_msgs/include/px4_msgs/px4_msgs/msg/detail/vehicle_imu__rosidl_typesupport_fastrtps_cpp.hpp\n'}
[0.893448] (px4_msgs) StdoutLine: {'line': b'-- Up-to-date: /home/nicolas/ws_ros2/install/px4_msgs/include/px4_msgs/px4_msgs/msg/detail/sensor_correction__rosidl_typesupport_fastrtps_cpp.hpp\n'}
[0.893482] (px4_msgs) StdoutLine: {'line': b'-- Up-to-date: /home/nicolas/ws_ros2/install/px4_msgs/include/px4_msgs/px4_msgs/msg/detail/sensor_selection__rosidl_typesupport_fastrtps_cpp.hpp\n'}
[0.893515] (px4_msgs) StdoutLine: {'line': b'-- Up-to-date: /home/nicolas/ws_ros2/install/px4_msgs/include/px4_msgs/px4_msgs/msg/detail/actuator_servos_trim__rosidl_typesupport_fastrtps_cpp.hpp\n'}
[0.893548] (px4_msgs) StdoutLine: {'line': b'-- Up-to-date: /home/nicolas/ws_ros2/install/px4_msgs/include/px4_msgs/px4_msgs/msg/detail/heater_status__rosidl_typesupport_fastrtps_cpp.hpp\n'}
[0.893597] (px4_msgs) StdoutLine: {'line': b'-- Up-to-date: /home/nicolas/ws_ros2/install/px4_msgs/include/px4_msgs/px4_msgs/msg/detail/sensor_gyro_fft__rosidl_typesupport_fastrtps_cpp.hpp\n'}
[0.893630] (px4_msgs) StdoutLine: {'line': b'-- Up-to-date: /home/nicolas/ws_ros2/install/px4_msgs/include/px4_msgs/px4_msgs/msg/detail/landing_gear_wheel__rosidl_typesupport_fastrtps_cpp.hpp\n'}
[0.893664] (px4_msgs) StdoutLine: {'line': b'-- Up-to-date: /home/nicolas/ws_ros2/install/px4_msgs/include/px4_msgs/px4_msgs/msg/detail/internal_combustion_engine_status__rosidl_typesupport_fastrtps_cpp.hpp\n'}
[0.893704] (px4_msgs) StdoutLine: {'line': b'-- Up-to-date: /home/nicolas/ws_ros2/install/px4_msgs/include/px4_msgs/px4_msgs/msg/detail/vehicle_command__rosidl_typesupport_fastrtps_cpp.hpp\n'}
[0.893737] (px4_msgs) StdoutLine: {'line': b'-- Up-to-date: /home/nicolas/ws_ros2/install/px4_msgs/include/px4_msgs/px4_msgs/msg/detail/follow_target__rosidl_typesupport_fastrtps_cpp.hpp\n'}
[0.893770] (px4_msgs) StdoutLine: {'line': b'-- Up-to-date: /home/nicolas/ws_ros2/install/px4_msgs/include/px4_msgs/px4_msgs/msg/detail/vehicle_acceleration__rosidl_typesupport_fastrtps_cpp.hpp\n'}
[0.893803] (px4_msgs) StdoutLine: {'line': b'-- Up-to-date: /home/nicolas/ws_ros2/install/px4_msgs/include/px4_msgs/px4_msgs/msg/detail/ekf2_timestamps__rosidl_typesupport_fastrtps_cpp.hpp\n'}
[0.893854] (px4_msgs) StdoutLine: {'line': b'-- Up-to-date: /home/nicolas/ws_ros2/install/px4_msgs/include/px4_msgs/px4_msgs/msg/detail/trajectory_setpoint6dof__rosidl_typesupport_fastrtps_cpp.hpp\n'}
[0.893888] (px4_msgs) StdoutLine: {'line': b'-- Up-to-date: /home/nicolas/ws_ros2/install/px4_msgs/include/px4_msgs/px4_msgs/msg/detail/sensor_preflight_mag__rosidl_typesupport_fastrtps_cpp.hpp\n'}
[0.893921] (px4_msgs) StdoutLine: {'line': b'-- Up-to-date: /home/nicolas/ws_ros2/install/px4_msgs/include/px4_msgs/px4_msgs/msg/detail/estimator_innovations__rosidl_typesupport_fastrtps_cpp.hpp\n'}
[0.893953] (px4_msgs) StdoutLine: {'line': b'-- Up-to-date: /home/nicolas/ws_ros2/install/px4_msgs/include/px4_msgs/px4_msgs/msg/detail/timesync_status__rosidl_typesupport_fastrtps_cpp.hpp\n'}
[0.893987] (px4_msgs) StdoutLine: {'line': b'-- Up-to-date: /home/nicolas/ws_ros2/install/px4_msgs/include/px4_msgs/px4_msgs/msg/detail/wheel_encoders__rosidl_typesupport_fastrtps_cpp.hpp\n'}
[0.894019] (px4_msgs) StdoutLine: {'line': b'-- Up-to-date: /home/nicolas/ws_ros2/install/px4_msgs/include/px4_msgs/px4_msgs/msg/detail/tune_control__rosidl_typesupport_fastrtps_cpp.hpp\n'}
[0.894052] (px4_msgs) StdoutLine: {'line': b'-- Up-to-date: /home/nicolas/ws_ros2/install/px4_msgs/include/px4_msgs/px4_msgs/msg/detail/follow_target_estimator__rosidl_typesupport_fastrtps_cpp.hpp\n'}
[0.894087] (px4_msgs) StdoutLine: {'line': b'-- Up-to-date: /home/nicolas/ws_ros2/install/px4_msgs/include/px4_msgs/px4_msgs/msg/detail/camera_capture__rosidl_typesupport_fastrtps_cpp.hpp\n'}
[0.894123] (px4_msgs) StdoutLine: {'line': b'-- Up-to-date: /home/nicolas/ws_ros2/install/px4_msgs/include/px4_msgs/px4_msgs/msg/detail/mavlink_log__rosidl_typesupport_fastrtps_cpp.hpp\n'}
[0.894160] (px4_msgs) StdoutLine: {'line': b'-- Up-to-date: /home/nicolas/ws_ros2/install/px4_msgs/include/px4_msgs/px4_msgs/msg/detail/gimbal_manager_status__rosidl_typesupport_fastrtps_cpp.hpp\n'}
[0.894215] (px4_msgs) StdoutLine: {'line': b'-- Up-to-date: /home/nicolas/ws_ros2/install/px4_msgs/include/px4_msgs/px4_msgs/msg/detail/estimator_aid_source1d__rosidl_typesupport_fastrtps_cpp.hpp\n'}
[0.894250] (px4_msgs) StdoutLine: {'line': b'-- Up-to-date: /home/nicolas/ws_ros2/install/px4_msgs/include/px4_msgs/px4_msgs/msg/detail/debug_value__rosidl_typesupport_fastrtps_cpp.hpp\n'}
[0.894283] (px4_msgs) StdoutLine: {'line': b'-- Up-to-date: /home/nicolas/ws_ros2/install/px4_msgs/include/px4_msgs/px4_msgs/msg/detail/orb_test_medium__rosidl_typesupport_fastrtps_cpp.hpp\n'}
[0.894337] (px4_msgs) StdoutLine: {'line': b'-- Up-to-date: /home/nicolas/ws_ros2/install/px4_msgs/include/px4_msgs/px4_msgs/msg/detail/onboard_computer_status__rosidl_typesupport_fastrtps_cpp.hpp\n'}
[0.894371] (px4_msgs) StdoutLine: {'line': b'-- Up-to-date: /home/nicolas/ws_ros2/install/px4_msgs/include/px4_msgs/px4_msgs/msg/detail/cellular_status__rosidl_typesupport_fastrtps_cpp.hpp\n'}
[0.894405] (px4_msgs) StdoutLine: {'line': b'-- Up-to-date: /home/nicolas/ws_ros2/install/px4_msgs/include/px4_msgs/px4_msgs/msg/detail/dds_fastrtps\n'}
[0.894437] (px4_msgs) StdoutLine: {'line': b'-- Up-to-date: /home/nicolas/ws_ros2/install/px4_msgs/include/px4_msgs/px4_msgs/msg/detail/vtol_vehicle_status__rosidl_typesupport_fastrtps_cpp.hpp\n'}
[0.894469] (px4_msgs) StdoutLine: {'line': b'-- Up-to-date: /home/nicolas/ws_ros2/install/px4_msgs/include/px4_msgs/px4_msgs/msg/detail/gimbal_device_attitude_status__rosidl_typesupport_fastrtps_cpp.hpp\n'}
[0.894505] (px4_msgs) StdoutLine: {'line': b'-- Up-to-date: /home/nicolas/ws_ros2/install/px4_msgs/include/px4_msgs/px4_msgs/msg/detail/vehicle_optical_flow__rosidl_typesupport_fastrtps_cpp.hpp\n'}
[0.894539] (px4_msgs) StdoutLine: {'line': b'-- Up-to-date: /home/nicolas/ws_ros2/install/px4_msgs/include/px4_msgs/px4_msgs/msg/detail/control_allocator_status__rosidl_typesupport_fastrtps_cpp.hpp\n'}
[0.894572] (px4_msgs) StdoutLine: {'line': b'-- Up-to-date: /home/nicolas/ws_ros2/install/px4_msgs/include/px4_msgs/px4_msgs/msg/detail/landing_target_innovations__rosidl_typesupport_fastrtps_cpp.hpp\n'}
[0.894604] (px4_msgs) StdoutLine: {'line': b'-- Up-to-date: /home/nicolas/ws_ros2/install/px4_msgs/include/px4_msgs/px4_msgs/msg/detail/position_controller_landing_status__rosidl_typesupport_fastrtps_cpp.hpp\n'}
[0.894637] (px4_msgs) StdoutLine: {'line': b'-- Up-to-date: /home/nicolas/ws_ros2/install/px4_msgs/include/px4_msgs/px4_msgs/msg/detail/pps_capture__rosidl_typesupport_fastrtps_cpp.hpp\n'}
[0.894670] (px4_msgs) StdoutLine: {'line': b'-- Up-to-date: /home/nicolas/ws_ros2/install/px4_msgs/include/px4_msgs/px4_msgs/msg/detail/follow_target_status__rosidl_typesupport_fastrtps_cpp.hpp\n'}
[0.894711] (px4_msgs) StdoutLine: {'line': b'-- Up-to-date: /home/nicolas/ws_ros2/install/px4_msgs/include/px4_msgs/px4_msgs/msg/detail/rover_position_setpoint__rosidl_typesupport_fastrtps_cpp.hpp\n'}
[0.894763] (px4_msgs) StdoutLine: {'line': b'-- Up-to-date: /home/nicolas/ws_ros2/install/px4_msgs/include/px4_msgs/px4_msgs/msg/detail/sensor_accel_fifo__rosidl_typesupport_fastrtps_cpp.hpp\n'}
[0.894796] (px4_msgs) StdoutLine: {'line': b'-- Up-to-date: /home/nicolas/ws_ros2/install/px4_msgs/include/px4_msgs/px4_msgs/msg/detail/input_rc__rosidl_typesupport_fastrtps_cpp.hpp\n'}
[0.894831] (px4_msgs) StdoutLine: {'line': b'-- Up-to-date: /home/nicolas/ws_ros2/install/px4_msgs/include/px4_msgs/px4_msgs/msg/detail/register_ext_component_reply__rosidl_typesupport_fastrtps_cpp.hpp\n'}
[0.894864] (px4_msgs) StdoutLine: {'line': b'-- Up-to-date: /home/nicolas/ws_ros2/install/px4_msgs/include/px4_msgs/px4_msgs/msg/detail/position_setpoint__rosidl_typesupport_fastrtps_cpp.hpp\n'}
[0.894897] (px4_msgs) StdoutLine: {'line': b'-- Up-to-date: /home/nicolas/ws_ros2/install/px4_msgs/include/px4_msgs/px4_msgs/msg/detail/rover_rate_setpoint__rosidl_typesupport_fastrtps_cpp.hpp\n'}
[0.894930] (px4_msgs) StdoutLine: {'line': b'-- Up-to-date: /home/nicolas/ws_ros2/install/px4_msgs/include/px4_msgs/px4_msgs/msg/detail/rtl_time_estimate__rosidl_typesupport_fastrtps_cpp.hpp\n'}
[0.894966] (px4_msgs) StdoutLine: {'line': b'-- Up-to-date: /home/nicolas/ws_ros2/install/px4_msgs/include/px4_msgs/px4_msgs/msg/detail/transponder_report__rosidl_typesupport_fastrtps_cpp.hpp\n'}
[0.895003] (px4_msgs) StdoutLine: {'line': b'-- Up-to-date: /home/nicolas/ws_ros2/install/px4_msgs/include/px4_msgs/px4_msgs/msg/detail/offboard_control_mode__rosidl_typesupport_fastrtps_cpp.hpp\n'}
[0.895040] (px4_msgs) StdoutLine: {'line': b'-- Up-to-date: /home/nicolas/ws_ros2/install/px4_msgs/include/px4_msgs/px4_msgs/msg/detail/orb_test__rosidl_typesupport_fastrtps_cpp.hpp\n'}
[0.895075] (px4_msgs) StdoutLine: {'line': b'-- Up-to-date: /home/nicolas/ws_ros2/install/px4_msgs/include/px4_msgs/px4_msgs/msg/detail/launch_detection_status__rosidl_typesupport_fastrtps_cpp.hpp\n'}
[0.895111] (px4_msgs) StdoutLine: {'line': b'-- Up-to-date: /home/nicolas/ws_ros2/install/px4_msgs/include/px4_msgs/px4_msgs/msg/detail/can_interface_status__rosidl_typesupport_fastrtps_cpp.hpp\n'}
[0.895211] (px4_msgs) StdoutLine: {'line': b'-- Up-to-date: /home/nicolas/ws_ros2/install/px4_msgs/include/px4_msgs/px4_msgs/msg/detail/uavcan_parameter_request__rosidl_typesupport_fastrtps_cpp.hpp\n'}
[0.895308] (px4_msgs) StdoutLine: {'line': b'-- Up-to-date: /home/nicolas/ws_ros2/install/px4_msgs/include/px4_msgs/px4_msgs/msg/detail/pure_pursuit_status__rosidl_typesupport_fastrtps_cpp.hpp\n'}
[0.895360] (px4_msgs) StdoutLine: {'line': b'-- Up-to-date: /home/nicolas/ws_ros2/install/px4_msgs/include/px4_msgs/px4_msgs/msg/detail/irlock_report__rosidl_typesupport_fastrtps_cpp.hpp\n'}
[0.895399] (px4_msgs) StdoutLine: {'line': b'-- Up-to-date: /home/nicolas/ws_ros2/install/px4_msgs/include/px4_msgs/px4_msgs/msg/detail/flight_phase_estimation__rosidl_typesupport_fastrtps_cpp.hpp\n'}
[0.895437] (px4_msgs) StdoutLine: {'line': b'-- Up-to-date: /home/nicolas/ws_ros2/install/px4_msgs/include/px4_msgs/px4_msgs/msg/detail/esc_status__rosidl_typesupport_fastrtps_cpp.hpp\n'}
[0.895499] (px4_msgs) StdoutLine: {'line': b'-- Up-to-date: /home/nicolas/ws_ros2/install/px4_msgs/include/px4_msgs/px4_msgs/msg/detail/event__rosidl_typesupport_fastrtps_cpp.hpp\n'}
[0.895537] (px4_msgs) StdoutLine: {'line': b'-- Up-to-date: /home/nicolas/ws_ros2/install/px4_msgs/include/px4_msgs/px4_msgs/msg/detail/rover_rate_status__rosidl_typesupport_fastrtps_cpp.hpp\n'}
[0.895572] (px4_msgs) StdoutLine: {'line': b'-- Up-to-date: /home/nicolas/ws_ros2/install/px4_msgs/include/px4_msgs/px4_msgs/msg/detail/manual_control_switches__rosidl_typesupport_fastrtps_cpp.hpp\n'}
[0.895606] (px4_msgs) StdoutLine: {'line': b'-- Up-to-date: /home/nicolas/ws_ros2/install/px4_msgs/include/px4_msgs/px4_msgs/msg/detail/estimator_sensor_bias__rosidl_typesupport_fastrtps_cpp.hpp\n'}
[0.895641] (px4_msgs) StdoutLine: {'line': b'-- Up-to-date: /home/nicolas/ws_ros2/install/px4_msgs/include/px4_msgs/px4_msgs/msg/detail/actuator_armed__rosidl_typesupport_fastrtps_cpp.hpp\n'}
[0.895674] (px4_msgs) StdoutLine: {'line': b'-- Up-to-date: /home/nicolas/ws_ros2/install/px4_msgs/include/px4_msgs/px4_msgs/msg/detail/sensor_gnss_relative__rosidl_typesupport_fastrtps_cpp.hpp\n'}
[0.895723] (px4_msgs) StdoutLine: {'line': b'-- Up-to-date: /home/nicolas/ws_ros2/install/px4_msgs/include/px4_msgs/px4_msgs/msg/detail/figure_eight_status__rosidl_typesupport_fastrtps_cpp.hpp\n'}
[0.895761] (px4_msgs) StdoutLine: {'line': b'-- Up-to-date: /home/nicolas/ws_ros2/install/px4_msgs/include/px4_msgs/px4_msgs/msg/detail/vehicle_magnetometer__rosidl_typesupport_fastrtps_cpp.hpp\n'}
[0.895796] (px4_msgs) StdoutLine: {'line': b'-- Up-to-date: /home/nicolas/ws_ros2/install/px4_msgs/include/px4_msgs/px4_msgs/msg/detail/goto_setpoint__rosidl_typesupport_fastrtps_cpp.hpp\n'}
[0.895834] (px4_msgs) StdoutLine: {'line': b'-- Up-to-date: /home/nicolas/ws_ros2/install/px4_msgs/include/px4_msgs/px4_msgs/msg/detail/debug_array__rosidl_typesupport_fastrtps_cpp.hpp\n'}
[0.895871] (px4_msgs) StdoutLine: {'line': b'-- Up-to-date: /home/nicolas/ws_ros2/install/px4_msgs/include/px4_msgs/px4_msgs/msg/detail/vehicle_torque_setpoint__rosidl_typesupport_fastrtps_cpp.hpp\n'}
[0.895909] (px4_msgs) StdoutLine: {'line': b'-- Up-to-date: /home/nicolas/ws_ros2/install/px4_msgs/include/px4_msgs/px4_msgs/msg/detail/rate_ctrl_status__rosidl_typesupport_fastrtps_cpp.hpp\n'}
[0.895945] (px4_msgs) StdoutLine: {'line': b'-- Up-to-date: /home/nicolas/ws_ros2/install/px4_msgs/include/px4_msgs/px4_msgs/msg/detail/tiltrotor_extra_controls__rosidl_typesupport_fastrtps_cpp.hpp\n'}
[0.895982] (px4_msgs) StdoutLine: {'line': b'-- Up-to-date: /home/nicolas/ws_ros2/install/px4_msgs/include/px4_msgs/px4_msgs/msg/detail/vehicle_constraints__rosidl_typesupport_fastrtps_cpp.hpp\n'}
[0.896019] (px4_msgs) StdoutLine: {'line': b'-- Up-to-date: /home/nicolas/ws_ros2/install/px4_msgs/include/px4_msgs/px4_msgs/msg/detail/fixed_wing_runway_control__rosidl_typesupport_fastrtps_cpp.hpp\n'}
[0.896056] (px4_msgs) StdoutLine: {'line': b'-- Up-to-date: /home/nicolas/ws_ros2/install/px4_msgs/include/px4_msgs/px4_msgs/msg/detail/vehicle_optical_flow_vel__rosidl_typesupport_fastrtps_cpp.hpp\n'}
[0.896092] (px4_msgs) StdoutLine: {'line': b'-- Up-to-date: /home/nicolas/ws_ros2/install/px4_msgs/include/px4_msgs/px4_msgs/msg/detail/vehicle_attitude_setpoint__rosidl_typesupport_fastrtps_cpp.hpp\n'}
[0.896128] (px4_msgs) StdoutLine: {'line': b'-- Up-to-date: /home/nicolas/ws_ros2/install/px4_msgs/include/px4_msgs/px4_msgs/msg/detail/magnetometer_bias_estimate__rosidl_typesupport_fastrtps_cpp.hpp\n'}
[0.896260] (px4_msgs) StdoutLine: {'line': b'-- Up-to-date: /home/nicolas/ws_ros2/install/px4_msgs/include/px4_msgs/px4_msgs/msg/detail/camera_status__rosidl_typesupport_fastrtps_cpp.hpp\n'}
[0.896303] (px4_msgs) StdoutLine: {'line': b'-- Up-to-date: /home/nicolas/ws_ros2/install/px4_msgs/include/px4_msgs/px4_msgs/msg/detail/dronecan_node_status__rosidl_typesupport_fastrtps_cpp.hpp\n'}
[0.896344] (px4_msgs) StdoutLine: {'line': b'-- Up-to-date: /home/nicolas/ws_ros2/install/px4_msgs/include/px4_msgs/px4_msgs/msg/detail/navigator_status__rosidl_typesupport_fastrtps_cpp.hpp\n'}
[0.896400] (px4_msgs) StdoutLine: {'line': b'-- Up-to-date: /home/nicolas/ws_ros2/install/px4_msgs/include/px4_msgs/px4_msgs/msg/detail/vehicle_attitude__rosidl_typesupport_fastrtps_cpp.hpp\n'}
[0.896437] (px4_msgs) StdoutLine: {'line': b'-- Up-to-date: /home/nicolas/ws_ros2/install/px4_msgs/include/px4_msgs/px4_msgs/msg/detail/ulog_stream_ack__rosidl_typesupport_fastrtps_cpp.hpp\n'}
[0.896471] (px4_msgs) StdoutLine: {'line': b'-- Up-to-date: /home/nicolas/ws_ros2/install/px4_msgs/include/px4_msgs/px4_msgs/msg/detail/orb_test_large__rosidl_typesupport_fastrtps_cpp.hpp\n'}
[0.896505] (px4_msgs) StdoutLine: {'line': b'-- Up-to-date: /home/nicolas/ws_ros2/install/px4_msgs/include/px4_msgs/px4_msgs/msg/detail/sensor_gnss_status__rosidl_typesupport_fastrtps_cpp.hpp\n'}
[0.896540] (px4_msgs) StdoutLine: {'line': b'-- Up-to-date: /home/nicolas/ws_ros2/install/px4_msgs/include/px4_msgs/px4_msgs/msg/detail/fixed_wing_lateral_status__rosidl_typesupport_fastrtps_cpp.hpp\n'}
[0.896577] (px4_msgs) StdoutLine: {'line': b'-- Up-to-date: /home/nicolas/ws_ros2/install/px4_msgs/include/px4_msgs/px4_msgs/msg/detail/actuator_controls_status__rosidl_typesupport_fastrtps_cpp.hpp\n'}
[0.896640] (px4_msgs) StdoutLine: {'line': b'-- Up-to-date: /home/nicolas/ws_ros2/install/px4_msgs/include/px4_msgs/px4_msgs/msg/detail/sensor_baro__rosidl_typesupport_fastrtps_cpp.hpp\n'}
[0.896675] (px4_msgs) StdoutLine: {'line': b'-- Up-to-date: /home/nicolas/ws_ros2/install/px4_msgs/include/px4_msgs/px4_msgs/msg/detail/home_position__rosidl_typesupport_fastrtps_cpp.hpp\n'}
[0.896715] (px4_msgs) StdoutLine: {'line': b'-- Up-to-date: /home/nicolas/ws_ros2/install/px4_msgs/include/px4_msgs/px4_msgs/msg/detail/gripper__rosidl_typesupport_fastrtps_cpp.hpp\n'}
[0.896751] (px4_msgs) StdoutLine: {'line': b'-- Up-to-date: /home/nicolas/ws_ros2/install/px4_msgs/include/px4_msgs/px4_msgs/msg/detail/fuel_tank_status__rosidl_typesupport_fastrtps_cpp.hpp\n'}
[0.896786] (px4_msgs) StdoutLine: {'line': b'-- Up-to-date: /home/nicolas/ws_ros2/install/px4_msgs/include/px4_msgs/px4_msgs/msg/detail/satellite_info__rosidl_typesupport_fastrtps_cpp.hpp\n'}
[0.896819] (px4_msgs) StdoutLine: {'line': b'-- Up-to-date: /home/nicolas/ws_ros2/install/px4_msgs/include/px4_msgs/px4_msgs/msg/detail/parameter_set_value_response__rosidl_typesupport_fastrtps_cpp.hpp\n'}
[0.896853] (px4_msgs) StdoutLine: {'line': b'-- Up-to-date: /home/nicolas/ws_ros2/install/px4_msgs/include/px4_msgs/px4_msgs/msg/detail/distance_sensor_mode_change_request__rosidl_typesupport_fastrtps_cpp.hpp\n'}
[0.896887] (px4_msgs) StdoutLine: {'line': b'-- Up-to-date: /home/nicolas/ws_ros2/install/px4_msgs/include/px4_msgs/px4_msgs/msg/detail/config_overrides__rosidl_typesupport_fastrtps_cpp.hpp\n'}
[0.896921] (px4_msgs) StdoutLine: {'line': b'-- Up-to-date: /home/nicolas/ws_ros2/install/px4_msgs/include/px4_msgs/px4_msgs/msg/detail/differential_pressure__rosidl_typesupport_fastrtps_cpp.hpp\n'}
[0.896958] (px4_msgs) StdoutLine: {'line': b'-- Up-to-date: /home/nicolas/ws_ros2/install/px4_msgs/include/px4_msgs/px4_msgs/msg/detail/battery_status__rosidl_typesupport_fastrtps_cpp.hpp\n'}
[0.896995] (px4_msgs) StdoutLine: {'line': b'-- Up-to-date: /home/nicolas/ws_ros2/install/px4_msgs/include/px4_msgs/px4_msgs/msg/detail/geofence_result__rosidl_typesupport_fastrtps_cpp.hpp\n'}
[0.897032] (px4_msgs) StdoutLine: {'line': b'-- Up-to-date: /home/nicolas/ws_ros2/install/px4_msgs/include/px4_msgs/px4_msgs/msg/detail/airspeed_validated__rosidl_typesupport_fastrtps_cpp.hpp\n'}
[0.897085] (px4_msgs) StdoutLine: {'line': b'-- Up-to-date: /home/nicolas/ws_ros2/install/px4_msgs/include/px4_msgs/px4_msgs/msg/detail/normalized_unsigned_setpoint__rosidl_typesupport_fastrtps_cpp.hpp\n'}
[0.897121] (px4_msgs) StdoutLine: {'line': b'-- Up-to-date: /home/nicolas/ws_ros2/install/px4_msgs/include/px4_msgs/px4_msgs/msg/detail/power_monitor__rosidl_typesupport_fastrtps_cpp.hpp\n'}
[0.897155] (px4_msgs) StdoutLine: {'line': b'-- Up-to-date: /home/nicolas/ws_ros2/install/px4_msgs/include/px4_msgs/px4_msgs/msg/detail/battery_info__rosidl_typesupport_fastrtps_cpp.hpp\n'}
[0.897205] (px4_msgs) StdoutLine: {'line': b'-- Up-to-date: /home/nicolas/ws_ros2/install/px4_msgs/include/px4_msgs/px4_msgs/msg/detail/open_drone_id_operator_id__rosidl_typesupport_fastrtps_cpp.hpp\n'}
[0.897240] (px4_msgs) StdoutLine: {'line': b'-- Up-to-date: /home/nicolas/ws_ros2/install/px4_msgs/include/px4_msgs/px4_msgs/msg/detail/manual_control_setpoint__rosidl_typesupport_fastrtps_cpp.hpp\n'}
[0.897273] (px4_msgs) StdoutLine: {'line': b'-- Up-to-date: /home/nicolas/ws_ros2/install/px4_msgs/include/px4_msgs/px4_msgs/msg/detail/sensor_gyro_fifo__rosidl_typesupport_fastrtps_cpp.hpp\n'}
[0.897306] (px4_msgs) StdoutLine: {'line': b'-- Up-to-date: /home/nicolas/ws_ros2/install/px4_msgs/include/px4_msgs/px4_msgs/msg/detail/gimbal_device_information__rosidl_typesupport_fastrtps_cpp.hpp\n'}
[0.897339] (px4_msgs) StdoutLine: {'line': b'-- Up-to-date: /home/nicolas/ws_ros2/install/px4_msgs/include/px4_msgs/px4_msgs/msg/detail/mag_worker_data__rosidl_typesupport_fastrtps_cpp.hpp\n'}
[0.897375] (px4_msgs) StdoutLine: {'line': b'-- Up-to-date: /home/nicolas/ws_ros2/install/px4_msgs/include/px4_msgs/px4_msgs/msg/detail/rtl_status__rosidl_typesupport_fastrtps_cpp.hpp\n'}
[0.897408] (px4_msgs) StdoutLine: {'line': b'-- Up-to-date: /home/nicolas/ws_ros2/install/px4_msgs/include/px4_msgs/px4_msgs/msg/detail/landing_gear__rosidl_typesupport_fastrtps_cpp.hpp\n'}
[0.897444] (px4_msgs) StdoutLine: {'line': b'-- Up-to-date: /home/nicolas/ws_ros2/install/px4_msgs/include/px4_msgs/px4_msgs/msg/detail/rover_attitude_setpoint__rosidl_typesupport_fastrtps_cpp.hpp\n'}
[0.897480] (px4_msgs) StdoutLine: {'line': b'-- Up-to-date: /home/nicolas/ws_ros2/install/px4_msgs/include/px4_msgs/px4_msgs/msg/detail/dataman_request__rosidl_typesupport_fastrtps_cpp.hpp\n'}
[0.897515] (px4_msgs) StdoutLine: {'line': b'-- Up-to-date: /home/nicolas/ws_ros2/install/px4_msgs/include/px4_msgs/px4_msgs/msg/detail/vehicle_roi__rosidl_typesupport_fastrtps_cpp.hpp\n'}
[0.897551] (px4_msgs) StdoutLine: {'line': b'-- Up-to-date: /home/nicolas/ws_ros2/install/px4_msgs/include/px4_msgs/px4_msgs/msg/detail/takeoff_status__rosidl_typesupport_fastrtps_cpp.hpp\n'}
[0.897587] (px4_msgs) StdoutLine: {'line': b'-- Up-to-date: /home/nicolas/ws_ros2/install/px4_msgs/include/px4_msgs/px4_msgs/msg/detail/qshell_retval__rosidl_typesupport_fastrtps_cpp.hpp\n'}
[0.897622] (px4_msgs) StdoutLine: {'line': b'-- Up-to-date: /home/nicolas/ws_ros2/install/px4_msgs/include/px4_msgs/px4_msgs/msg/detail/estimator_event_flags__rosidl_typesupport_fastrtps_cpp.hpp\n'}
[0.897685] (px4_msgs) StdoutLine: {'line': b'-- Up-to-date: /home/nicolas/ws_ros2/install/px4_msgs/include/px4_msgs/px4_msgs/msg/detail/health_report__rosidl_typesupport_fastrtps_cpp.hpp\n'}
[0.897727] (px4_msgs) StdoutLine: {'line': b'-- Up-to-date: /home/nicolas/ws_ros2/install/px4_msgs/include/px4_msgs/px4_msgs/msg/detail/debug_key_value__rosidl_typesupport_fastrtps_cpp.hpp\n'}
[0.897765] (px4_msgs) StdoutLine: {'line': b'-- Up-to-date: /home/nicolas/ws_ros2/install/px4_msgs/include/px4_msgs/px4_msgs/msg/detail/mission_result__rosidl_typesupport_fastrtps_cpp.hpp\n'}
[0.897800] (px4_msgs) StdoutLine: {'line': b'-- Up-to-date: /home/nicolas/ws_ros2/install/px4_msgs/include/px4_msgs/px4_msgs/msg/detail/gimbal_controls__rosidl_typesupport_fastrtps_cpp.hpp\n'}
[0.897837] (px4_msgs) StdoutLine: {'line': b'-- Up-to-date: /home/nicolas/ws_ros2/install/px4_msgs/include/px4_msgs/px4_msgs/msg/detail/vehicle_control_mode__rosidl_typesupport_fastrtps_cpp.hpp\n'}
[0.897892] (px4_msgs) StdoutLine: {'line': b'-- Up-to-date: /home/nicolas/ws_ros2/install/px4_msgs/include/px4_msgs/px4_msgs/msg/detail/rover_throttle_setpoint__rosidl_typesupport_fastrtps_cpp.hpp\n'}
[0.897928] (px4_msgs) StdoutLine: {'line': b'-- Up-to-date: /home/nicolas/ws_ros2/install/px4_msgs/include/px4_msgs/px4_msgs/msg/detail/estimator_bias__rosidl_typesupport_fastrtps_cpp.hpp\n'}
[0.897962] (px4_msgs) StdoutLine: {'line': b'-- Up-to-date: /home/nicolas/ws_ros2/install/px4_msgs/include/px4_msgs/px4_msgs/msg/detail/airspeed__rosidl_typesupport_fastrtps_cpp.hpp\n'}
[0.897996] (px4_msgs) StdoutLine: {'line': b'-- Up-to-date: /home/nicolas/ws_ros2/install/px4_msgs/include/px4_msgs/px4_msgs/msg/detail/gimbal_manager_set_attitude__rosidl_typesupport_fastrtps_cpp.hpp\n'}
[0.898029] (px4_msgs) StdoutLine: {'line': b'-- Up-to-date: /home/nicolas/ws_ros2/install/px4_msgs/include/px4_msgs/px4_msgs/msg/detail/wind__rosidl_typesupport_fastrtps_cpp.hpp\n'}
[0.898063] (px4_msgs) StdoutLine: {'line': b'-- Up-to-date: /home/nicolas/ws_ros2/install/px4_msgs/include/px4_msgs/px4_msgs/msg/detail/parameter_set_used_request__rosidl_typesupport_fastrtps_cpp.hpp\n'}
[0.898098] (px4_msgs) StdoutLine: {'line': b'-- Up-to-date: /home/nicolas/ws_ros2/install/px4_msgs/include/px4_msgs/px4_msgs/msg/detail/distance_sensor__rosidl_typesupport_fastrtps_cpp.hpp\n'}
[0.898135] (px4_msgs) StdoutLine: {'line': b'-- Up-to-date: /home/nicolas/ws_ros2/install/px4_msgs/include/px4_msgs/px4_msgs/msg/detail/vehicle_imu_status__rosidl_typesupport_fastrtps_cpp.hpp\n'}
[0.898171] (px4_msgs) StdoutLine: {'line': b'-- Up-to-date: /home/nicolas/ws_ros2/install/px4_msgs/include/px4_msgs/px4_msgs/msg/detail/telemetry_status__rosidl_typesupport_fastrtps_cpp.hpp\n'}
[0.898206] (px4_msgs) StdoutLine: {'line': b'-- Up-to-date: /home/nicolas/ws_ros2/install/px4_msgs/include/px4_msgs/px4_msgs/msg/detail/qshell_req__rosidl_typesupport_fastrtps_cpp.hpp\n'}
[0.898243] (px4_msgs) StdoutLine: {'line': b'-- Up-to-date: /home/nicolas/ws_ros2/install/px4_msgs/include/px4_msgs/px4_msgs/msg/detail/parameter_reset_request__rosidl_typesupport_fastrtps_cpp.hpp\n'}
[0.898282] (px4_msgs) StdoutLine: {'line': b'-- Up-to-date: /home/nicolas/ws_ros2/install/px4_msgs/include/px4_msgs/px4_msgs/msg/detail/open_drone_id_self_id__rosidl_typesupport_fastrtps_cpp.hpp\n'}
[0.898321] (px4_msgs) StdoutLine: {'line': b'-- Up-to-date: /home/nicolas/ws_ros2/install/px4_msgs/include/px4_msgs/px4_msgs/msg/detail/vehicle_thrust_setpoint__rosidl_typesupport_fastrtps_cpp.hpp\n'}
[0.898358] (px4_msgs) StdoutLine: {'line': b'-- Up-to-date: /home/nicolas/ws_ros2/install/px4_msgs/include/px4_msgs/px4_msgs/msg/detail/rover_attitude_status__rosidl_typesupport_fastrtps_cpp.hpp\n'}
[0.898422] (px4_msgs) StdoutLine: {'line': b'-- Up-to-date: /home/nicolas/ws_ros2/install/px4_msgs/include/px4_msgs/px4_msgs/msg/detail/obstacle_distance__rosidl_typesupport_fastrtps_cpp.hpp\n'}
[0.898459] (px4_msgs) StdoutLine: {'line': b'-- Up-to-date: /home/nicolas/ws_ros2/install/px4_msgs/include/px4_msgs/px4_msgs/msg/detail/vehicle_command_ack__rosidl_typesupport_fastrtps_cpp.hpp\n'}
[0.898495] (px4_msgs) StdoutLine: {'line': b'-- Up-to-date: /home/nicolas/ws_ros2/install/px4_msgs/include/px4_msgs/px4_msgs/msg/detail/velocity_limits__rosidl_typesupport_fastrtps_cpp.hpp\n'}
[0.898532] (px4_msgs) StdoutLine: {'line': b'-- Up-to-date: /home/nicolas/ws_ros2/install/px4_msgs/include/px4_msgs/px4_msgs/msg/detail/gps_dump__rosidl_typesupport_fastrtps_cpp.hpp\n'}
[0.898567] (px4_msgs) StdoutLine: {'line': b'-- Up-to-date: /home/nicolas/ws_ros2/install/px4_msgs/include/px4_msgs/px4_msgs/msg/detail/actuator_test__rosidl_typesupport_fastrtps_cpp.hpp\n'}
[0.898604] (px4_msgs) StdoutLine: {'line': b'-- Up-to-date: /home/nicolas/ws_ros2/install/px4_msgs/include/px4_msgs/px4_msgs/msg/detail/vehicle_rates_setpoint__rosidl_typesupport_fastrtps_cpp.hpp\n'}
[0.898638] (px4_msgs) StdoutLine: {'line': b'-- Up-to-date: /home/nicolas/ws_ros2/install/px4_msgs/include/px4_msgs/px4_msgs/msg/detail/dataman_response__rosidl_typesupport_fastrtps_cpp.hpp\n'}
[0.898695] (px4_msgs) StdoutLine: {'line': b'-- Up-to-date: /home/nicolas/ws_ros2/install/px4_msgs/include/px4_msgs/px4_msgs/msg/detail/hover_thrust_estimate__rosidl_typesupport_fastrtps_cpp.hpp\n'}
[0.898733] (px4_msgs) StdoutLine: {'line': b'-- Up-to-date: /home/nicolas/ws_ros2/install/px4_msgs/include/px4_msgs/px4_msgs/msg/detail/sensor_accel__rosidl_typesupport_fastrtps_cpp.hpp\n'}
[0.898772] (px4_msgs) StdoutLine: {'line': b'-- Up-to-date: /home/nicolas/ws_ros2/install/px4_msgs/include/px4_msgs/px4_msgs/msg/detail/radio_status__rosidl_typesupport_fastrtps_cpp.hpp\n'}
[0.898814] (px4_msgs) StdoutLine: {'line': b'-- Up-to-date: /home/nicolas/ws_ros2/install/px4_msgs/include/px4_msgs/px4_msgs/msg/detail/gimbal_device_set_attitude__rosidl_typesupport_fastrtps_cpp.hpp\n'}
[0.898850] (px4_msgs) StdoutLine: {'line': b'-- Up-to-date: /home/nicolas/ws_ros2/install/px4_msgs/include/px4_msgs/px4_msgs/msg/detail/sensor_airflow__rosidl_typesupport_fastrtps_cpp.hpp\n'}
[0.898885] (px4_msgs) StdoutLine: {'line': b'-- Up-to-date: /home/nicolas/ws_ros2/install/px4_msgs/include/px4_msgs/px4_msgs/msg/detail/vehicle_status__rosidl_typesupport_fastrtps_cpp.hpp\n'}
[0.898922] (px4_msgs) StdoutLine: {'line': b'-- Up-to-date: /home/nicolas/ws_ros2/install/px4_msgs/include/px4_msgs/px4_msgs/msg/detail/parameter_set_value_request__rosidl_typesupport_fastrtps_cpp.hpp\n'}
[0.898970] (px4_msgs) StdoutLine: {'line': b'-- Up-to-date: /home/nicolas/ws_ros2/install/px4_msgs/include/px4_msgs/px4_msgs/msg/detail/estimator_selector_status__rosidl_typesupport_fastrtps_cpp.hpp\n'}
[0.899005] (px4_msgs) StdoutLine: {'line': b'-- Up-to-date: /home/nicolas/ws_ros2/install/px4_msgs/include/px4_msgs/px4_msgs/msg/detail/log_message__rosidl_typesupport_fastrtps_cpp.hpp\n'}
[0.899039] (px4_msgs) StdoutLine: {'line': b'-- Up-to-date: /home/nicolas/ws_ros2/install/px4_msgs/include/px4_msgs/px4_msgs/msg/detail/cpuload__rosidl_typesupport_fastrtps_cpp.hpp\n'}
[0.899072] (px4_msgs) StdoutLine: {'line': b'-- Up-to-date: /home/nicolas/ws_ros2/install/px4_msgs/include/px4_msgs/px4_msgs/msg/detail/sensor_combined__rosidl_typesupport_fastrtps_cpp.hpp\n'}
[0.899106] (px4_msgs) StdoutLine: {'line': b'-- Up-to-date: /home/nicolas/ws_ros2/install/px4_msgs/include/px4_msgs/px4_msgs/msg/detail/unregister_ext_component__rosidl_typesupport_fastrtps_cpp.hpp\n'}
[0.899140] (px4_msgs) StdoutLine: {'line': b'-- Up-to-date: /home/nicolas/ws_ros2/install/px4_msgs/include/px4_msgs/px4_msgs/msg/detail/estimator_aid_source2d__rosidl_typesupport_fastrtps_cpp.hpp\n'}
[0.899173] (px4_msgs) StdoutLine: {'line': b'-- Up-to-date: /home/nicolas/ws_ros2/install/px4_msgs/include/px4_msgs/px4_msgs/msg/detail/debug_vect__rosidl_typesupport_fastrtps_cpp.hpp\n'}
[0.899207] (px4_msgs) StdoutLine: {'line': b'-- Up-to-date: /home/nicolas/ws_ros2/install/px4_msgs/include/px4_msgs/px4_msgs/msg/detail/open_drone_id_arm_status__rosidl_typesupport_fastrtps_cpp.hpp\n'}
[0.899243] (px4_msgs) StdoutLine: {'line': b'-- Up-to-date: /home/nicolas/ws_ros2/install/px4_msgs/include/px4_msgs/px4_msgs/msg/detail/pwm_input__rosidl_typesupport_fastrtps_cpp.hpp\n'}
[0.899280] (px4_msgs) StdoutLine: {'line': b'-- Up-to-date: /home/nicolas/ws_ros2/install/px4_msgs/include/px4_msgs/px4_msgs/msg/detail/arming_check_reply__rosidl_typesupport_fastrtps_cpp.hpp\n'}
[0.899317] (px4_msgs) StdoutLine: {'line': b'-- Up-to-date: /home/nicolas/ws_ros2/install/px4_msgs/include/px4_msgs/px4_msgs/msg/detail/fixed_wing_lateral_setpoint__rosidl_typesupport_fastrtps_cpp.hpp\n'}
[0.899355] (px4_msgs) StdoutLine: {'line': b'-- Up-to-date: /home/nicolas/ws_ros2/install/px4_msgs/include/px4_msgs/px4_msgs/msg/detail/position_controller_status__rosidl_typesupport_fastrtps_cpp.hpp\n'}
[0.899414] (px4_msgs) StdoutLine: {'line': b'-- Up-to-date: /home/nicolas/ws_ros2/install/px4_msgs/include/px4_msgs/px4_msgs/msg/detail/estimator_status__rosidl_typesupport_fastrtps_cpp.hpp\n'}
[0.899451] (px4_msgs) StdoutLine: {'line': b'-- Up-to-date: /home/nicolas/ws_ros2/install/px4_msgs/include/px4_msgs/px4_msgs/msg/detail/mavlink_tunnel__rosidl_typesupport_fastrtps_cpp.hpp\n'}
[0.899489] (px4_msgs) StdoutLine: {'line': b'-- Up-to-date: /home/nicolas/ws_ros2/install/px4_msgs/include/px4_msgs/px4_msgs/msg/detail/rover_speed_status__rosidl_typesupport_fastrtps_cpp.hpp\n'}
[0.899523] (px4_msgs) StdoutLine: {'line': b'-- Up-to-date: /home/nicolas/ws_ros2/install/px4_msgs/include/px4_msgs/px4_msgs/msg/detail/yaw_estimator_status__rosidl_typesupport_fastrtps_cpp.hpp\n'}
[0.899557] (px4_msgs) StdoutLine: {'line': b'-- Up-to-date: /home/nicolas/ws_ros2/install/px4_msgs/include/px4_msgs/px4_msgs/msg/detail/rc_channels__rosidl_typesupport_fastrtps_cpp.hpp\n'}
[0.899595] (px4_msgs) StdoutLine: {'line': b'-- Up-to-date: /home/nicolas/ws_ros2/install/px4_msgs/include/px4_msgs/px4_msgs/msg/detail/neural_control__rosidl_typesupport_fastrtps_cpp.hpp\n'}
[0.899632] (px4_msgs) StdoutLine: {'line': b'-- Up-to-date: /home/nicolas/ws_ros2/install/px4_msgs/include/px4_msgs/px4_msgs/msg/detail/ping__rosidl_typesupport_fastrtps_cpp.hpp\n'}
[0.899670] (px4_msgs) StdoutLine: {'line': b'-- Up-to-date: /home/nicolas/ws_ros2/install/px4_msgs/include/px4_msgs/px4_msgs/msg/detail/message_format_response__rosidl_typesupport_fastrtps_cpp.hpp\n'}
[0.899713] (px4_msgs) StdoutLine: {'line': b'-- Up-to-date: /home/nicolas/ws_ros2/install/px4_msgs/include/px4_msgs/px4_msgs/msg/detail/actuator_servos__rosidl_typesupport_fastrtps_cpp.hpp\n'}
[0.899751] (px4_msgs) StdoutLine: {'line': b'-- Up-to-date: /home/nicolas/ws_ros2/install/px4_msgs/include/px4_msgs/px4_msgs/msg/detail/vehicle_global_position__rosidl_typesupport_fastrtps_cpp.hpp\n'}
[0.899788] (px4_msgs) StdoutLine: {'line': b'-- Up-to-date: /home/nicolas/ws_ros2/install/px4_msgs/include/px4_msgs/px4_msgs/msg/detail/message_format_request__rosidl_typesupport_fastrtps_cpp.hpp\n'}
[0.899848] (px4_msgs) StdoutLine: {'line': b'-- Up-to-date: /home/nicolas/ws_ros2/install/px4_msgs/include/px4_msgs/px4_msgs/msg/detail/landing_target_pose__rosidl_typesupport_fastrtps_cpp.hpp\n'}
[0.899883] (px4_msgs) StdoutLine: {'line': b'-- Up-to-date: /home/nicolas/ws_ros2/install/px4_msgs/include/px4_msgs/px4_msgs/msg/detail/sensor_optical_flow__rosidl_typesupport_fastrtps_cpp.hpp\n'}
[0.899917] (px4_msgs) StdoutLine: {'line': b'-- Up-to-date: /home/nicolas/ws_ros2/install/px4_msgs/include/px4_msgs/px4_msgs/msg/detail/vehicle_angular_velocity__rosidl_typesupport_fastrtps_cpp.hpp\n'}
[0.899952] (px4_msgs) StdoutLine: {'line': b'-- Up-to-date: /home/nicolas/ws_ros2/install/px4_msgs/include/px4_msgs/px4_msgs/msg/detail/actuator_motors__rosidl_typesupport_fastrtps_cpp.hpp\n'}
[0.899987] (px4_msgs) StdoutLine: {'line': b'-- Up-to-date: /home/nicolas/ws_ros2/install/px4_msgs/include/px4_msgs/px4_msgs/msg/detail/arming_check_request__rosidl_typesupport_fastrtps_cpp.hpp\n'}
[0.900020] (px4_msgs) StdoutLine: {'line': b'-- Up-to-date: /home/nicolas/ws_ros2/install/px4_msgs/include/px4_msgs/px4_msgs/msg/detail/gpio_config__rosidl_typesupport_fastrtps_cpp.hpp\n'}
[0.900056] (px4_msgs) StdoutLine: {'line': b'-- Up-to-date: /home/nicolas/ws_ros2/install/px4_msgs/include/px4_msgs/px4_msgs/msg/detail/sensor_mag__rosidl_typesupport_fastrtps_cpp.hpp\n'}
[0.900090] (px4_msgs) StdoutLine: {'line': b'-- Up-to-date: /home/nicolas/ws_ros2/install/px4_msgs/include/px4_msgs/px4_msgs/msg/detail/action_request__rosidl_typesupport_fastrtps_cpp.hpp\n'}
[0.900127] (px4_msgs) StdoutLine: {'line': b'-- Up-to-date: /home/nicolas/ws_ros2/install/px4_msgs/include/px4_msgs/px4_msgs/msg/detail/actuator_outputs__rosidl_typesupport_fastrtps_cpp.hpp\n'}
[0.900166] (px4_msgs) StdoutLine: {'line': b'-- Up-to-date: /home/nicolas/ws_ros2/install/px4_msgs/include/px4_msgs/px4_msgs/msg/detail/mode_completed__rosidl_typesupport_fastrtps_cpp.hpp\n'}
[0.900201] (px4_msgs) StdoutLine: {'line': b'-- Up-to-date: /home/nicolas/ws_ros2/install/px4_msgs/include/px4_msgs/px4_msgs/msg/detail/internal_combustion_engine_control__rosidl_typesupport_fastrtps_cpp.hpp\n'}
[0.900248] (px4_msgs) StdoutLine: {'line': b'-- Up-to-date: /home/nicolas/ws_ros2/install/px4_msgs/include/px4_msgs/px4_msgs/msg/detail/parameter_update__rosidl_typesupport_fastrtps_cpp.hpp\n'}
[0.900289] (px4_msgs) StdoutLine: {'line': b'-- Up-to-date: /home/nicolas/ws_ros2/install/px4_msgs/include/px4_msgs/px4_msgs/msg/detail/tecs_status__rosidl_typesupport_fastrtps_cpp.hpp\n'}
[0.900324] (px4_msgs) StdoutLine: {'line': b'-- Up-to-date: /home/nicolas/ws_ros2/install/px4_msgs/include/px4_msgs/px4_msgs/msg/detail/esc_report__rosidl_typesupport_fastrtps_cpp.hpp\n'}
[0.900383] (px4_msgs) StdoutLine: {'line': b'-- Up-to-date: /home/nicolas/ws_ros2/install/px4_msgs/include/px4_msgs/px4_msgs/msg/detail/collision_constraints__rosidl_typesupport_fastrtps_cpp.hpp\n'}
[0.900417] (px4_msgs) StdoutLine: {'line': b'-- Up-to-date: /home/nicolas/ws_ros2/install/px4_msgs/include/px4_msgs/px4_msgs/msg/detail/mission__rosidl_typesupport_fastrtps_cpp.hpp\n'}
[0.900454] (px4_msgs) StdoutLine: {'line': b'-- Up-to-date: /home/nicolas/ws_ros2/install/px4_msgs/include/px4_msgs/px4_msgs/msg/detail/gimbal_manager_information__rosidl_typesupport_fastrtps_cpp.hpp\n'}
[0.900488] (px4_msgs) StdoutLine: {'line': b'-- Up-to-date: /home/nicolas/ws_ros2/install/px4_msgs/include/px4_msgs/px4_msgs/msg/detail/navigator_mission_item__rosidl_typesupport_fastrtps_cpp.hpp\n'}
[0.900526] (px4_msgs) StdoutLine: {'line': b'-- Up-to-date: /home/nicolas/ws_ros2/install/px4_msgs/include/px4_msgs/px4_msgs/msg/detail/open_drone_id_system__rosidl_typesupport_fastrtps_cpp.hpp\n'}
[0.900562] (px4_msgs) StdoutLine: {'line': b'-- Up-to-date: /home/nicolas/ws_ros2/install/px4_msgs/include/px4_msgs/px4_msgs/msg/rosidl_typesupport_fastrtps_cpp__visibility_control.h\n'}
[0.900599] (px4_msgs) StdoutLine: {'line': b'-- Up-to-date: /home/nicolas/ws_ros2/install/px4_msgs/lib/libpx4_msgs__rosidl_typesupport_fastrtps_cpp.so\n'}
[0.900636] (px4_msgs) StdoutLine: {'line': b'-- Up-to-date: /home/nicolas/ws_ros2/install/px4_msgs/include/px4_msgs/px4_msgs\n'}
[0.900673] (px4_msgs) StdoutLine: {'line': b'-- Up-to-date: /home/nicolas/ws_ros2/install/px4_msgs/include/px4_msgs/px4_msgs/srv\n'}
[0.900717] (px4_msgs) StdoutLine: {'line': b'-- Up-to-date: /home/nicolas/ws_ros2/install/px4_msgs/include/px4_msgs/px4_msgs/srv/detail\n'}
[0.900754] (px4_msgs) StdoutLine: {'line': b'-- Up-to-date: /home/nicolas/ws_ros2/install/px4_msgs/include/px4_msgs/px4_msgs/srv/detail/vehicle_command__rosidl_typesupport_introspection_c.h\n'}
[0.900791] (px4_msgs) StdoutLine: {'line': b'-- Up-to-date: /home/nicolas/ws_ros2/install/px4_msgs/include/px4_msgs/px4_msgs/srv/detail/vehicle_command__type_support.c\n'}
[0.900828] (px4_msgs) StdoutLine: {'line': b'-- Up-to-date: /home/nicolas/ws_ros2/install/px4_msgs/include/px4_msgs/px4_msgs/msg\n'}
[0.900863] (px4_msgs) StdoutLine: {'line': b'-- Up-to-date: /home/nicolas/ws_ros2/install/px4_msgs/include/px4_msgs/px4_msgs/msg/detail\n'}
[0.900899] (px4_msgs) StdoutLine: {'line': b'-- Up-to-date: /home/nicolas/ws_ros2/install/px4_msgs/include/px4_msgs/px4_msgs/msg/detail/vehicle_thrust_setpoint__type_support.c\n'}
[0.900935] (px4_msgs) StdoutLine: {'line': b'-- Up-to-date: /home/nicolas/ws_ros2/install/px4_msgs/include/px4_msgs/px4_msgs/msg/detail/sensor_baro__type_support.c\n'}
[0.900978] (-) TimerEvent: {}
[0.901081] (px4_msgs) StdoutLine: {'line': b'-- Up-to-date: /home/nicolas/ws_ros2/install/px4_msgs/include/px4_msgs/px4_msgs/msg/detail/arming_check_reply__rosidl_typesupport_introspection_c.h\n'}
[0.901135] (px4_msgs) StdoutLine: {'line': b'-- Up-to-date: /home/nicolas/ws_ros2/install/px4_msgs/include/px4_msgs/px4_msgs/msg/detail/sensor_gyro_fft__rosidl_typesupport_introspection_c.h\n'}
[0.901174] (px4_msgs) StdoutLine: {'line': b'-- Up-to-date: /home/nicolas/ws_ros2/install/px4_msgs/include/px4_msgs/px4_msgs/msg/detail/gpio_request__type_support.c\n'}
[0.901209] (px4_msgs) StdoutLine: {'line': b'-- Up-to-date: /home/nicolas/ws_ros2/install/px4_msgs/include/px4_msgs/px4_msgs/msg/detail/landing_gear__type_support.c\n'}
[0.901245] (px4_msgs) StdoutLine: {'line': b'-- Up-to-date: /home/nicolas/ws_ros2/install/px4_msgs/include/px4_msgs/px4_msgs/msg/detail/satellite_info__type_support.c\n'}
[0.901285] (px4_msgs) StdoutLine: {'line': b'-- Up-to-date: /home/nicolas/ws_ros2/install/px4_msgs/include/px4_msgs/px4_msgs/msg/detail/distance_sensor__rosidl_typesupport_introspection_c.h\n'}
[0.901322] (px4_msgs) StdoutLine: {'line': b'-- Up-to-date: /home/nicolas/ws_ros2/install/px4_msgs/include/px4_msgs/px4_msgs/msg/detail/manual_control_setpoint__rosidl_typesupport_introspection_c.h\n'}
[0.901357] (px4_msgs) StdoutLine: {'line': b'-- Up-to-date: /home/nicolas/ws_ros2/install/px4_msgs/include/px4_msgs/px4_msgs/msg/detail/gpio_config__type_support.c\n'}
[0.901392] (px4_msgs) StdoutLine: {'line': b'-- Up-to-date: /home/nicolas/ws_ros2/install/px4_msgs/include/px4_msgs/px4_msgs/msg/detail/ekf2_timestamps__type_support.c\n'}
[0.901430] (px4_msgs) StdoutLine: {'line': b'-- Up-to-date: /home/nicolas/ws_ros2/install/px4_msgs/include/px4_msgs/px4_msgs/msg/detail/ulog_stream__type_support.c\n'}
[0.901466] (px4_msgs) StdoutLine: {'line': b'-- Up-to-date: /home/nicolas/ws_ros2/install/px4_msgs/include/px4_msgs/px4_msgs/msg/detail/debug_vect__type_support.c\n'}
[0.901514] (px4_msgs) StdoutLine: {'line': b'-- Up-to-date: /home/nicolas/ws_ros2/install/px4_msgs/include/px4_msgs/px4_msgs/msg/detail/vehicle_angular_acceleration_setpoint__type_support.c\n'}
[0.901549] (px4_msgs) StdoutLine: {'line': b'-- Up-to-date: /home/nicolas/ws_ros2/install/px4_msgs/include/px4_msgs/px4_msgs/msg/detail/fuel_tank_status__type_support.c\n'}
[0.901583] (px4_msgs) StdoutLine: {'line': b'-- Up-to-date: /home/nicolas/ws_ros2/install/px4_msgs/include/px4_msgs/px4_msgs/msg/detail/rover_throttle_setpoint__rosidl_typesupport_introspection_c.h\n'}
[0.901617] (px4_msgs) StdoutLine: {'line': b'-- Up-to-date: /home/nicolas/ws_ros2/install/px4_msgs/include/px4_msgs/px4_msgs/msg/detail/follow_target_status__rosidl_typesupport_introspection_c.h\n'}
[0.901661] (px4_msgs) StdoutLine: {'line': b'-- Up-to-date: /home/nicolas/ws_ros2/install/px4_msgs/include/px4_msgs/px4_msgs/msg/detail/vehicle_control_mode__type_support.c\n'}
[0.901708] (px4_msgs) StdoutLine: {'line': b'-- Up-to-date: /home/nicolas/ws_ros2/install/px4_msgs/include/px4_msgs/px4_msgs/msg/detail/actuator_servos__rosidl_typesupport_introspection_c.h\n'}
[0.901744] (px4_msgs) StdoutLine: {'line': b'-- Up-to-date: /home/nicolas/ws_ros2/install/px4_msgs/include/px4_msgs/px4_msgs/msg/detail/arming_check_reply__type_support.c\n'}
[0.901779] (px4_msgs) StdoutLine: {'line': b'-- Up-to-date: /home/nicolas/ws_ros2/install/px4_msgs/include/px4_msgs/px4_msgs/msg/detail/vehicle_angular_acceleration_setpoint__rosidl_typesupport_introspection_c.h\n'}
[0.901814] (px4_msgs) StdoutLine: {'line': b'-- Up-to-date: /home/nicolas/ws_ros2/install/px4_msgs/include/px4_msgs/px4_msgs/msg/detail/register_ext_component_reply__rosidl_typesupport_introspection_c.h\n'}
[0.901849] (px4_msgs) StdoutLine: {'line': b'-- Up-to-date: /home/nicolas/ws_ros2/install/px4_msgs/include/px4_msgs/px4_msgs/msg/detail/can_interface_status__type_support.c\n'}
[0.901882] (px4_msgs) StdoutLine: {'line': b'-- Up-to-date: /home/nicolas/ws_ros2/install/px4_msgs/include/px4_msgs/px4_msgs/msg/detail/rover_throttle_setpoint__type_support.c\n'}
[0.901918] (px4_msgs) StdoutLine: {'line': b'-- Up-to-date: /home/nicolas/ws_ros2/install/px4_msgs/include/px4_msgs/px4_msgs/msg/detail/airspeed__rosidl_typesupport_introspection_c.h\n'}
[0.901955] (px4_msgs) StdoutLine: {'line': b'-- Up-to-date: /home/nicolas/ws_ros2/install/px4_msgs/include/px4_msgs/px4_msgs/msg/detail/gpio_request__rosidl_typesupport_introspection_c.h\n'}
[0.901991] (px4_msgs) StdoutLine: {'line': b'-- Up-to-date: /home/nicolas/ws_ros2/install/px4_msgs/include/px4_msgs/px4_msgs/msg/detail/gimbal_manager_status__type_support.c\n'}
[0.902027] (px4_msgs) StdoutLine: {'line': b'-- Up-to-date: /home/nicolas/ws_ros2/install/px4_msgs/include/px4_msgs/px4_msgs/msg/detail/sensor_accel_fifo__type_support.c\n'}
[0.902064] (px4_msgs) StdoutLine: {'line': b'-- Up-to-date: /home/nicolas/ws_ros2/install/px4_msgs/include/px4_msgs/px4_msgs/msg/detail/rc_channels__type_support.c\n'}
[0.902113] (px4_msgs) StdoutLine: {'line': b'-- Up-to-date: /home/nicolas/ws_ros2/install/px4_msgs/include/px4_msgs/px4_msgs/msg/detail/gimbal_device_information__type_support.c\n'}
[0.902152] (px4_msgs) StdoutLine: {'line': b'-- Up-to-date: /home/nicolas/ws_ros2/install/px4_msgs/include/px4_msgs/px4_msgs/msg/detail/mode_completed__rosidl_typesupport_introspection_c.h\n'}
[0.902189] (px4_msgs) StdoutLine: {'line': b'-- Up-to-date: /home/nicolas/ws_ros2/install/px4_msgs/include/px4_msgs/px4_msgs/msg/detail/rover_position_setpoint__type_support.c\n'}
[0.902227] (px4_msgs) StdoutLine: {'line': b'-- Up-to-date: /home/nicolas/ws_ros2/install/px4_msgs/include/px4_msgs/px4_msgs/msg/detail/message_format_response__rosidl_typesupport_introspection_c.h\n'}
[0.902281] (px4_msgs) StdoutLine: {'line': b'-- Up-to-date: /home/nicolas/ws_ros2/install/px4_msgs/include/px4_msgs/px4_msgs/msg/detail/estimator_innovations__rosidl_typesupport_introspection_c.h\n'}
[0.902317] (px4_msgs) StdoutLine: {'line': b'-- Up-to-date: /home/nicolas/ws_ros2/install/px4_msgs/include/px4_msgs/px4_msgs/msg/detail/power_button_state__type_support.c\n'}
[0.902352] (px4_msgs) StdoutLine: {'line': b'-- Up-to-date: /home/nicolas/ws_ros2/install/px4_msgs/include/px4_msgs/px4_msgs/msg/detail/register_ext_component_request__type_support.c\n'}
[0.902386] (px4_msgs) StdoutLine: {'line': b'-- Up-to-date: /home/nicolas/ws_ros2/install/px4_msgs/include/px4_msgs/px4_msgs/msg/detail/vehicle_attitude_setpoint__rosidl_typesupport_introspection_c.h\n'}
[0.902423] (px4_msgs) StdoutLine: {'line': b'-- Up-to-date: /home/nicolas/ws_ros2/install/px4_msgs/include/px4_msgs/px4_msgs/msg/detail/tecs_status__rosidl_typesupport_introspection_c.h\n'}
[0.902459] (px4_msgs) StdoutLine: {'line': b'-- Up-to-date: /home/nicolas/ws_ros2/install/px4_msgs/include/px4_msgs/px4_msgs/msg/detail/hover_thrust_estimate__rosidl_typesupport_introspection_c.h\n'}
[0.902494] (px4_msgs) StdoutLine: {'line': b'-- Up-to-date: /home/nicolas/ws_ros2/install/px4_msgs/include/px4_msgs/px4_msgs/msg/detail/control_allocator_status__type_support.c\n'}
[0.902531] (px4_msgs) StdoutLine: {'line': b'-- Up-to-date: /home/nicolas/ws_ros2/install/px4_msgs/include/px4_msgs/px4_msgs/msg/detail/debug_key_value__type_support.c\n'}
[0.902567] (px4_msgs) StdoutLine: {'line': b'-- Up-to-date: /home/nicolas/ws_ros2/install/px4_msgs/include/px4_msgs/px4_msgs/msg/detail/gps_dump__rosidl_typesupport_introspection_c.h\n'}
[0.902604] (px4_msgs) StdoutLine: {'line': b'-- Up-to-date: /home/nicolas/ws_ros2/install/px4_msgs/include/px4_msgs/px4_msgs/msg/detail/vehicle_magnetometer__type_support.c\n'}
[0.902641] (px4_msgs) StdoutLine: {'line': b'-- Up-to-date: /home/nicolas/ws_ros2/install/px4_msgs/include/px4_msgs/px4_msgs/msg/detail/estimator_gps_status__type_support.c\n'}
[0.902678] (px4_msgs) StdoutLine: {'line': b'-- Up-to-date: /home/nicolas/ws_ros2/install/px4_msgs/include/px4_msgs/px4_msgs/msg/detail/dronecan_node_status__rosidl_typesupport_introspection_c.h\n'}
[0.902733] (px4_msgs) StdoutLine: {'line': b'-- Up-to-date: /home/nicolas/ws_ros2/install/px4_msgs/include/px4_msgs/px4_msgs/msg/detail/heater_status__type_support.c\n'}
[0.902771] (px4_msgs) StdoutLine: {'line': b'-- Up-to-date: /home/nicolas/ws_ros2/install/px4_msgs/include/px4_msgs/px4_msgs/msg/detail/pwm_input__type_support.c\n'}
[0.902809] (px4_msgs) StdoutLine: {'line': b'-- Up-to-date: /home/nicolas/ws_ros2/install/px4_msgs/include/px4_msgs/px4_msgs/msg/detail/estimator_aid_source2d__type_support.c\n'}
[0.902854] (px4_msgs) StdoutLine: {'line': b'-- Up-to-date: /home/nicolas/ws_ros2/install/px4_msgs/include/px4_msgs/px4_msgs/msg/detail/gpio_in__type_support.c\n'}
[0.902891] (px4_msgs) StdoutLine: {'line': b'-- Up-to-date: /home/nicolas/ws_ros2/install/px4_msgs/include/px4_msgs/px4_msgs/msg/detail/position_setpoint_triplet__rosidl_typesupport_introspection_c.h\n'}
[0.902927] (px4_msgs) StdoutLine: {'line': b'-- Up-to-date: /home/nicolas/ws_ros2/install/px4_msgs/include/px4_msgs/px4_msgs/msg/detail/vehicle_global_position__type_support.c\n'}
[0.902964] (px4_msgs) StdoutLine: {'line': b'-- Up-to-date: /home/nicolas/ws_ros2/install/px4_msgs/include/px4_msgs/px4_msgs/msg/detail/mission_result__rosidl_typesupport_introspection_c.h\n'}
[0.903012] (px4_msgs) StdoutLine: {'line': b'-- Up-to-date: /home/nicolas/ws_ros2/install/px4_msgs/include/px4_msgs/px4_msgs/msg/detail/vehicle_imu_status__rosidl_typesupport_introspection_c.h\n'}
[0.903049] (px4_msgs) StdoutLine: {'line': b'-- Up-to-date: /home/nicolas/ws_ros2/install/px4_msgs/include/px4_msgs/px4_msgs/msg/detail/distance_sensor_mode_change_request__type_support.c\n'}
[0.903087] (px4_msgs) StdoutLine: {'line': b'-- Up-to-date: /home/nicolas/ws_ros2/install/px4_msgs/include/px4_msgs/px4_msgs/msg/detail/launch_detection_status__rosidl_typesupport_introspection_c.h\n'}
[0.903124] (px4_msgs) StdoutLine: {'line': b'-- Up-to-date: /home/nicolas/ws_ros2/install/px4_msgs/include/px4_msgs/px4_msgs/msg/detail/geofence_result__type_support.c\n'}
[0.903161] (px4_msgs) StdoutLine: {'line': b'-- Up-to-date: /home/nicolas/ws_ros2/install/px4_msgs/include/px4_msgs/px4_msgs/msg/detail/estimator_states__rosidl_typesupport_introspection_c.h\n'}
[0.903200] (px4_msgs) StdoutLine: {'line': b'-- Up-to-date: /home/nicolas/ws_ros2/install/px4_msgs/include/px4_msgs/px4_msgs/msg/detail/geofence_status__rosidl_typesupport_introspection_c.h\n'}
[0.903237] (px4_msgs) StdoutLine: {'line': b'-- Up-to-date: /home/nicolas/ws_ros2/install/px4_msgs/include/px4_msgs/px4_msgs/msg/detail/fixed_wing_lateral_setpoint__rosidl_typesupport_introspection_c.h\n'}
[0.903276] (px4_msgs) StdoutLine: {'line': b'-- Up-to-date: /home/nicolas/ws_ros2/install/px4_msgs/include/px4_msgs/px4_msgs/msg/detail/mission_result__type_support.c\n'}
[0.903312] (px4_msgs) StdoutLine: {'line': b'-- Up-to-date: /home/nicolas/ws_ros2/install/px4_msgs/include/px4_msgs/px4_msgs/msg/detail/estimator_states__type_support.c\n'}
[0.903349] (px4_msgs) StdoutLine: {'line': b'-- Up-to-date: /home/nicolas/ws_ros2/install/px4_msgs/include/px4_msgs/px4_msgs/msg/detail/vehicle_local_position_setpoint__rosidl_typesupport_introspection_c.h\n'}
[0.903385] (px4_msgs) StdoutLine: {'line': b'-- Up-to-date: /home/nicolas/ws_ros2/install/px4_msgs/include/px4_msgs/px4_msgs/msg/detail/airspeed_validated__rosidl_typesupport_introspection_c.h\n'}
[0.903440] (px4_msgs) StdoutLine: {'line': b'-- Up-to-date: /home/nicolas/ws_ros2/install/px4_msgs/include/px4_msgs/px4_msgs/msg/detail/rover_steering_setpoint__type_support.c\n'}
[0.903475] (px4_msgs) StdoutLine: {'line': b'-- Up-to-date: /home/nicolas/ws_ros2/install/px4_msgs/include/px4_msgs/px4_msgs/msg/detail/fixed_wing_longitudinal_setpoint__rosidl_typesupport_introspection_c.h\n'}
[0.903510] (px4_msgs) StdoutLine: {'line': b'-- Up-to-date: /home/nicolas/ws_ros2/install/px4_msgs/include/px4_msgs/px4_msgs/msg/detail/onboard_computer_status__rosidl_typesupport_introspection_c.h\n'}
[0.903555] (px4_msgs) StdoutLine: {'line': b'-- Up-to-date: /home/nicolas/ws_ros2/install/px4_msgs/include/px4_msgs/px4_msgs/msg/detail/battery_info__type_support.c\n'}
[0.903590] (px4_msgs) StdoutLine: {'line': b'-- Up-to-date: /home/nicolas/ws_ros2/install/px4_msgs/include/px4_msgs/px4_msgs/msg/detail/estimator_bias3d__rosidl_typesupport_introspection_c.h\n'}
[0.903624] (px4_msgs) StdoutLine: {'line': b'-- Up-to-date: /home/nicolas/ws_ros2/install/px4_msgs/include/px4_msgs/px4_msgs/msg/detail/tune_control__rosidl_typesupport_introspection_c.h\n'}
[0.903659] (px4_msgs) StdoutLine: {'line': b'-- Up-to-date: /home/nicolas/ws_ros2/install/px4_msgs/include/px4_msgs/px4_msgs/msg/detail/estimator_event_flags__type_support.c\n'}
[0.903698] (px4_msgs) StdoutLine: {'line': b'-- Up-to-date: /home/nicolas/ws_ros2/install/px4_msgs/include/px4_msgs/px4_msgs/msg/detail/vtol_vehicle_status__rosidl_typesupport_introspection_c.h\n'}
[0.903734] (px4_msgs) StdoutLine: {'line': b'-- Up-to-date: /home/nicolas/ws_ros2/install/px4_msgs/include/px4_msgs/px4_msgs/msg/detail/fixed_wing_runway_control__rosidl_typesupport_introspection_c.h\n'}
[0.903767] (px4_msgs) StdoutLine: {'line': b'-- Up-to-date: /home/nicolas/ws_ros2/install/px4_msgs/include/px4_msgs/px4_msgs/msg/detail/mavlink_log__rosidl_typesupport_introspection_c.h\n'}
[0.903808] (px4_msgs) StdoutLine: {'line': b'-- Up-to-date: /home/nicolas/ws_ros2/install/px4_msgs/include/px4_msgs/px4_msgs/msg/detail/airspeed__type_support.c\n'}
[0.903842] (px4_msgs) StdoutLine: {'line': b'-- Up-to-date: /home/nicolas/ws_ros2/install/px4_msgs/include/px4_msgs/px4_msgs/msg/detail/landing_gear_wheel__type_support.c\n'}
[0.903875] (px4_msgs) StdoutLine: {'line': b'-- Up-to-date: /home/nicolas/ws_ros2/install/px4_msgs/include/px4_msgs/px4_msgs/msg/detail/vehicle_local_position__type_support.c\n'}
[0.903908] (px4_msgs) StdoutLine: {'line': b'-- Up-to-date: /home/nicolas/ws_ros2/install/px4_msgs/include/px4_msgs/px4_msgs/msg/detail/debug_array__type_support.c\n'}
[0.903953] (px4_msgs) StdoutLine: {'line': b'-- Up-to-date: /home/nicolas/ws_ros2/install/px4_msgs/include/px4_msgs/px4_msgs/msg/detail/rover_rate_status__rosidl_typesupport_introspection_c.h\n'}
[0.903990] (px4_msgs) StdoutLine: {'line': b'-- Up-to-date: /home/nicolas/ws_ros2/install/px4_msgs/include/px4_msgs/px4_msgs/msg/detail/estimator_event_flags__rosidl_typesupport_introspection_c.h\n'}
[0.904026] (px4_msgs) StdoutLine: {'line': b'-- Up-to-date: /home/nicolas/ws_ros2/install/px4_msgs/include/px4_msgs/px4_msgs/msg/detail/dataman_request__rosidl_typesupport_introspection_c.h\n'}
[0.904062] (px4_msgs) StdoutLine: {'line': b'-- Up-to-date: /home/nicolas/ws_ros2/install/px4_msgs/include/px4_msgs/px4_msgs/msg/detail/follow_target_estimator__rosidl_typesupport_introspection_c.h\n'}
[0.904098] (px4_msgs) StdoutLine: {'line': b'-- Up-to-date: /home/nicolas/ws_ros2/install/px4_msgs/include/px4_msgs/px4_msgs/msg/detail/open_drone_id_operator_id__type_support.c\n'}
[0.904135] (px4_msgs) StdoutLine: {'line': b'-- Up-to-date: /home/nicolas/ws_ros2/install/px4_msgs/include/px4_msgs/px4_msgs/msg/detail/orb_test_large__type_support.c\n'}
[0.904174] (px4_msgs) StdoutLine: {'line': b'-- Up-to-date: /home/nicolas/ws_ros2/install/px4_msgs/include/px4_msgs/px4_msgs/msg/detail/estimator_gps_status__rosidl_typesupport_introspection_c.h\n'}
[0.904213] (px4_msgs) StdoutLine: {'line': b'-- Up-to-date: /home/nicolas/ws_ros2/install/px4_msgs/include/px4_msgs/px4_msgs/msg/detail/collision_constraints__type_support.c\n'}
[0.904251] (px4_msgs) StdoutLine: {'line': b'-- Up-to-date: /home/nicolas/ws_ros2/install/px4_msgs/include/px4_msgs/px4_msgs/msg/detail/orb_test_medium__type_support.c\n'}
[0.904289] (px4_msgs) StdoutLine: {'line': b'-- Up-to-date: /home/nicolas/ws_ros2/install/px4_msgs/include/px4_msgs/px4_msgs/msg/detail/rtl_status__type_support.c\n'}
[0.904328] (px4_msgs) StdoutLine: {'line': b'-- Up-to-date: /home/nicolas/ws_ros2/install/px4_msgs/include/px4_msgs/px4_msgs/msg/detail/mode_completed__type_support.c\n'}
[0.904365] (px4_msgs) StdoutLine: {'line': b'-- Up-to-date: /home/nicolas/ws_ros2/install/px4_msgs/include/px4_msgs/px4_msgs/msg/detail/actuator_outputs__rosidl_typesupport_introspection_c.h\n'}
[0.904403] (px4_msgs) StdoutLine: {'line': b'-- Up-to-date: /home/nicolas/ws_ros2/install/px4_msgs/include/px4_msgs/px4_msgs/msg/detail/sensor_preflight_mag__rosidl_typesupport_introspection_c.h\n'}
[0.904440] (px4_msgs) StdoutLine: {'line': b'-- Up-to-date: /home/nicolas/ws_ros2/install/px4_msgs/include/px4_msgs/px4_msgs/msg/detail/parameter_set_value_request__rosidl_typesupport_introspection_c.h\n'}
[0.904476] (px4_msgs) StdoutLine: {'line': b'-- Up-to-date: /home/nicolas/ws_ros2/install/px4_msgs/include/px4_msgs/px4_msgs/msg/detail/vehicle_attitude_setpoint__type_support.c\n'}
[0.904514] (px4_msgs) StdoutLine: {'line': b'-- Up-to-date: /home/nicolas/ws_ros2/install/px4_msgs/include/px4_msgs/px4_msgs/msg/detail/vehicle_optical_flow__rosidl_typesupport_introspection_c.h\n'}
[0.904574] (px4_msgs) StdoutLine: {'line': b'-- Up-to-date: /home/nicolas/ws_ros2/install/px4_msgs/include/px4_msgs/px4_msgs/msg/detail/orbit_status__type_support.c\n'}
[0.904609] (px4_msgs) StdoutLine: {'line': b'-- Up-to-date: /home/nicolas/ws_ros2/install/px4_msgs/include/px4_msgs/px4_msgs/msg/detail/vehicle_attitude__type_support.c\n'}
[0.904648] (px4_msgs) StdoutLine: {'line': b'-- Up-to-date: /home/nicolas/ws_ros2/install/px4_msgs/include/px4_msgs/px4_msgs/msg/detail/rover_attitude_setpoint__rosidl_typesupport_introspection_c.h\n'}
[0.904689] (px4_msgs) StdoutLine: {'line': b'-- Up-to-date: /home/nicolas/ws_ros2/install/px4_msgs/include/px4_msgs/px4_msgs/msg/detail/gimbal_controls__type_support.c\n'}
[0.904728] (px4_msgs) StdoutLine: {'line': b'-- Up-to-date: /home/nicolas/ws_ros2/install/px4_msgs/include/px4_msgs/px4_msgs/msg/detail/rover_speed_status__rosidl_typesupport_introspection_c.h\n'}
[0.904766] (px4_msgs) StdoutLine: {'line': b'-- Up-to-date: /home/nicolas/ws_ros2/install/px4_msgs/include/px4_msgs/px4_msgs/msg/detail/debug_key_value__rosidl_typesupport_introspection_c.h\n'}
[0.904803] (px4_msgs) StdoutLine: {'line': b'-- Up-to-date: /home/nicolas/ws_ros2/install/px4_msgs/include/px4_msgs/px4_msgs/msg/detail/sensor_gnss_status__rosidl_typesupport_introspection_c.h\n'}
[0.904840] (px4_msgs) StdoutLine: {'line': b'-- Up-to-date: /home/nicolas/ws_ros2/install/px4_msgs/include/px4_msgs/px4_msgs/msg/detail/estimator_selector_status__rosidl_typesupport_introspection_c.h\n'}
[0.904892] (px4_msgs) StdoutLine: {'line': b'-- Up-to-date: /home/nicolas/ws_ros2/install/px4_msgs/include/px4_msgs/px4_msgs/msg/detail/debug_vect__rosidl_typesupport_introspection_c.h\n'}
[0.904935] (px4_msgs) StdoutLine: {'line': b'-- Up-to-date: /home/nicolas/ws_ros2/install/px4_msgs/include/px4_msgs/px4_msgs/msg/detail/sensor_gnss_status__type_support.c\n'}
[0.904971] (px4_msgs) StdoutLine: {'line': b'-- Up-to-date: /home/nicolas/ws_ros2/install/px4_msgs/include/px4_msgs/px4_msgs/msg/detail/open_drone_id_self_id__type_support.c\n'}
[0.905005] (px4_msgs) StdoutLine: {'line': b'-- Up-to-date: /home/nicolas/ws_ros2/install/px4_msgs/include/px4_msgs/px4_msgs/msg/detail/launch_detection_status__type_support.c\n'}
[0.905038] (px4_msgs) StdoutLine: {'line': b'-- Up-to-date: /home/nicolas/ws_ros2/install/px4_msgs/include/px4_msgs/px4_msgs/msg/detail/position_controller_landing_status__rosidl_typesupport_introspection_c.h\n'}
[0.905073] (px4_msgs) StdoutLine: {'line': b'-- Up-to-date: /home/nicolas/ws_ros2/install/px4_msgs/include/px4_msgs/px4_msgs/msg/detail/vehicle_attitude__rosidl_typesupport_introspection_c.h\n'}
[0.905109] (px4_msgs) StdoutLine: {'line': b'-- Up-to-date: /home/nicolas/ws_ros2/install/px4_msgs/include/px4_msgs/px4_msgs/msg/detail/adc_report__type_support.c\n'}
[0.905146] (px4_msgs) StdoutLine: {'line': b'-- Up-to-date: /home/nicolas/ws_ros2/install/px4_msgs/include/px4_msgs/px4_msgs/msg/detail/sensor_optical_flow__rosidl_typesupport_introspection_c.h\n'}
[0.905189] (px4_msgs) StdoutLine: {'line': b'-- Up-to-date: /home/nicolas/ws_ros2/install/px4_msgs/include/px4_msgs/px4_msgs/msg/detail/telemetry_status__rosidl_typesupport_introspection_c.h\n'}
[0.905230] (px4_msgs) StdoutLine: {'line': b'-- Up-to-date: /home/nicolas/ws_ros2/install/px4_msgs/include/px4_msgs/px4_msgs/msg/detail/gpio_out__type_support.c\n'}
[0.905269] (px4_msgs) StdoutLine: {'line': b'-- Up-to-date: /home/nicolas/ws_ros2/install/px4_msgs/include/px4_msgs/px4_msgs/msg/detail/vehicle_rates_setpoint__rosidl_typesupport_introspection_c.h\n'}
[0.905308] (px4_msgs) StdoutLine: {'line': b'-- Up-to-date: /home/nicolas/ws_ros2/install/px4_msgs/include/px4_msgs/px4_msgs/msg/detail/actuator_motors__type_support.c\n'}
[0.905345] (px4_msgs) StdoutLine: {'line': b'-- Up-to-date: /home/nicolas/ws_ros2/install/px4_msgs/include/px4_msgs/px4_msgs/msg/detail/wind__rosidl_typesupport_introspection_c.h\n'}
[0.905383] (px4_msgs) StdoutLine: {'line': b'-- Up-to-date: /home/nicolas/ws_ros2/install/px4_msgs/include/px4_msgs/px4_msgs/msg/detail/position_controller_status__rosidl_typesupport_introspection_c.h\n'}
[0.905421] (px4_msgs) StdoutLine: {'line': b'-- Up-to-date: /home/nicolas/ws_ros2/install/px4_msgs/include/px4_msgs/px4_msgs/msg/detail/yaw_estimator_status__rosidl_typesupport_introspection_c.h\n'}
[0.905456] (px4_msgs) StdoutLine: {'line': b'-- Up-to-date: /home/nicolas/ws_ros2/install/px4_msgs/include/px4_msgs/px4_msgs/msg/detail/home_position__rosidl_typesupport_introspection_c.h\n'}
[0.905509] (px4_msgs) StdoutLine: {'line': b'-- Up-to-date: /home/nicolas/ws_ros2/install/px4_msgs/include/px4_msgs/px4_msgs/msg/detail/rover_position_setpoint__rosidl_typesupport_introspection_c.h\n'}
[0.905545] (px4_msgs) StdoutLine: {'line': b'-- Up-to-date: /home/nicolas/ws_ros2/install/px4_msgs/include/px4_msgs/px4_msgs/msg/detail/sensors_status_imu__rosidl_typesupport_introspection_c.h\n'}
[0.905582] (px4_msgs) StdoutLine: {'line': b'-- Up-to-date: /home/nicolas/ws_ros2/install/px4_msgs/include/px4_msgs/px4_msgs/msg/detail/collision_constraints__rosidl_typesupport_introspection_c.h\n'}
[0.905619] (px4_msgs) StdoutLine: {'line': b'-- Up-to-date: /home/nicolas/ws_ros2/install/px4_msgs/include/px4_msgs/px4_msgs/msg/detail/internal_combustion_engine_control__rosidl_typesupport_introspection_c.h\n'}
[0.905655] (px4_msgs) StdoutLine: {'line': b'-- Up-to-date: /home/nicolas/ws_ros2/install/px4_msgs/include/px4_msgs/px4_msgs/msg/detail/actuator_servos_trim__type_support.c\n'}
[0.905709] (px4_msgs) StdoutLine: {'line': b'-- Up-to-date: /home/nicolas/ws_ros2/install/px4_msgs/include/px4_msgs/px4_msgs/msg/detail/magnetometer_bias_estimate__rosidl_typesupport_introspection_c.h\n'}
[0.905745] (px4_msgs) StdoutLine: {'line': b'-- Up-to-date: /home/nicolas/ws_ros2/install/px4_msgs/include/px4_msgs/px4_msgs/msg/detail/vehicle_odometry__rosidl_typesupport_introspection_c.h\n'}
[0.905779] (px4_msgs) StdoutLine: {'line': b'-- Up-to-date: /home/nicolas/ws_ros2/install/px4_msgs/include/px4_msgs/px4_msgs/msg/detail/airspeed_validated__type_support.c\n'}
[0.905817] (px4_msgs) StdoutLine: {'line': b'-- Up-to-date: /home/nicolas/ws_ros2/install/px4_msgs/include/px4_msgs/px4_msgs/msg/detail/irlock_report__type_support.c\n'}
[0.905862] (px4_msgs) StdoutLine: {'line': b'-- Up-to-date: /home/nicolas/ws_ros2/install/px4_msgs/include/px4_msgs/px4_msgs/msg/detail/position_controller_status__type_support.c\n'}
[0.905901] (px4_msgs) StdoutLine: {'line': b'-- Up-to-date: /home/nicolas/ws_ros2/install/px4_msgs/include/px4_msgs/px4_msgs/msg/detail/parameter_set_value_request__type_support.c\n'}
[0.905940] (px4_msgs) StdoutLine: {'line': b'-- Up-to-date: /home/nicolas/ws_ros2/install/px4_msgs/include/px4_msgs/px4_msgs/msg/detail/sensor_gyro__type_support.c\n'}
[0.905991] (px4_msgs) StdoutLine: {'line': b'-- Up-to-date: /home/nicolas/ws_ros2/install/px4_msgs/include/px4_msgs/px4_msgs/msg/detail/gripper__type_support.c\n'}
[0.906027] (px4_msgs) StdoutLine: {'line': b'-- Up-to-date: /home/nicolas/ws_ros2/install/px4_msgs/include/px4_msgs/px4_msgs/msg/detail/goto_setpoint__type_support.c\n'}
[0.906063] (px4_msgs) StdoutLine: {'line': b'-- Up-to-date: /home/nicolas/ws_ros2/install/px4_msgs/include/px4_msgs/px4_msgs/msg/detail/input_rc__type_support.c\n'}
[0.906096] (px4_msgs) StdoutLine: {'line': b'-- Up-to-date: /home/nicolas/ws_ros2/install/px4_msgs/include/px4_msgs/px4_msgs/msg/detail/dronecan_node_status__type_support.c\n'}
[0.906131] (px4_msgs) StdoutLine: {'line': b'-- Up-to-date: /home/nicolas/ws_ros2/install/px4_msgs/include/px4_msgs/px4_msgs/msg/detail/goto_setpoint__rosidl_typesupport_introspection_c.h\n'}
[0.906165] (px4_msgs) StdoutLine: {'line': b'-- Up-to-date: /home/nicolas/ws_ros2/install/px4_msgs/include/px4_msgs/px4_msgs/msg/detail/position_setpoint__rosidl_typesupport_introspection_c.h\n'}
[0.906199] (px4_msgs) StdoutLine: {'line': b'-- Up-to-date: /home/nicolas/ws_ros2/install/px4_msgs/include/px4_msgs/px4_msgs/msg/detail/vehicle_rates_setpoint__type_support.c\n'}
[0.906238] (px4_msgs) StdoutLine: {'line': b'-- Up-to-date: /home/nicolas/ws_ros2/install/px4_msgs/include/px4_msgs/px4_msgs/msg/detail/gpio_config__rosidl_typesupport_introspection_c.h\n'}
[0.906276] (px4_msgs) StdoutLine: {'line': b'-- Up-to-date: /home/nicolas/ws_ros2/install/px4_msgs/include/px4_msgs/px4_msgs/msg/detail/manual_control_switches__type_support.c\n'}
[0.906313] (px4_msgs) StdoutLine: {'line': b'-- Up-to-date: /home/nicolas/ws_ros2/install/px4_msgs/include/px4_msgs/px4_msgs/msg/detail/wind__type_support.c\n'}
[0.906363] (px4_msgs) StdoutLine: {'line': b'-- Up-to-date: /home/nicolas/ws_ros2/install/px4_msgs/include/px4_msgs/px4_msgs/msg/detail/offboard_control_mode__rosidl_typesupport_introspection_c.h\n'}
[0.906398] (px4_msgs) StdoutLine: {'line': b'-- Up-to-date: /home/nicolas/ws_ros2/install/px4_msgs/include/px4_msgs/px4_msgs/msg/detail/sensor_correction__rosidl_typesupport_introspection_c.h\n'}
[0.906433] (px4_msgs) StdoutLine: {'line': b'-- Up-to-date: /home/nicolas/ws_ros2/install/px4_msgs/include/px4_msgs/px4_msgs/msg/detail/manual_control_switches__rosidl_typesupport_introspection_c.h\n'}
[0.906469] (px4_msgs) StdoutLine: {'line': b'-- Up-to-date: /home/nicolas/ws_ros2/install/px4_msgs/include/px4_msgs/px4_msgs/msg/detail/event__type_support.c\n'}
[0.906505] (px4_msgs) StdoutLine: {'line': b'-- Up-to-date: /home/nicolas/ws_ros2/install/px4_msgs/include/px4_msgs/px4_msgs/msg/detail/battery_status__rosidl_typesupport_introspection_c.h\n'}
[0.906540] (px4_msgs) StdoutLine: {'line': b'-- Up-to-date: /home/nicolas/ws_ros2/install/px4_msgs/include/px4_msgs/px4_msgs/msg/detail/vehicle_optical_flow_vel__type_support.c\n'}
[0.906575] (px4_msgs) StdoutLine: {'line': b'-- Up-to-date: /home/nicolas/ws_ros2/install/px4_msgs/include/px4_msgs/px4_msgs/msg/detail/rate_ctrl_status__type_support.c\n'}
[0.906609] (px4_msgs) StdoutLine: {'line': b'-- Up-to-date: /home/nicolas/ws_ros2/install/px4_msgs/include/px4_msgs/px4_msgs/msg/detail/rover_rate_setpoint__rosidl_typesupport_introspection_c.h\n'}
[0.906649] (px4_msgs) StdoutLine: {'line': b'-- Up-to-date: /home/nicolas/ws_ros2/install/px4_msgs/include/px4_msgs/px4_msgs/msg/detail/rover_attitude_status__rosidl_typesupport_introspection_c.h\n'}
[0.906690] (px4_msgs) StdoutLine: {'line': b'-- Up-to-date: /home/nicolas/ws_ros2/install/px4_msgs/include/px4_msgs/px4_msgs/msg/detail/neural_control__rosidl_typesupport_introspection_c.h\n'}
[0.906731] (px4_msgs) StdoutLine: {'line': b'-- Up-to-date: /home/nicolas/ws_ros2/install/px4_msgs/include/px4_msgs/px4_msgs/msg/detail/rover_speed_status__type_support.c\n'}
[0.906767] (px4_msgs) StdoutLine: {'line': b'-- Up-to-date: /home/nicolas/ws_ros2/install/px4_msgs/include/px4_msgs/px4_msgs/msg/detail/sensor_gnss_relative__rosidl_typesupport_introspection_c.h\n'}
[0.906811] (px4_msgs) StdoutLine: {'line': b'-- Up-to-date: /home/nicolas/ws_ros2/install/px4_msgs/include/px4_msgs/px4_msgs/msg/detail/vehicle_air_data__rosidl_typesupport_introspection_c.h\n'}
[0.906895] (px4_msgs) StdoutLine: {'line': b'-- Up-to-date: /home/nicolas/ws_ros2/install/px4_msgs/include/px4_msgs/px4_msgs/msg/detail/autotune_attitude_control_status__type_support.c\n'}
[0.906932] (px4_msgs) StdoutLine: {'line': b'-- Up-to-date: /home/nicolas/ws_ros2/install/px4_msgs/include/px4_msgs/px4_msgs/msg/detail/follow_target__type_support.c\n'}
[0.906968] (px4_msgs) StdoutLine: {'line': b'-- Up-to-date: /home/nicolas/ws_ros2/install/px4_msgs/include/px4_msgs/px4_msgs/msg/detail/ulog_stream_ack__type_support.c\n'}
[0.907004] (px4_msgs) StdoutLine: {'line': b'-- Up-to-date: /home/nicolas/ws_ros2/install/px4_msgs/include/px4_msgs/px4_msgs/msg/detail/vehicle_roi__type_support.c\n'}
[0.907040] (px4_msgs) StdoutLine: {'line': b'-- Up-to-date: /home/nicolas/ws_ros2/install/px4_msgs/include/px4_msgs/px4_msgs/msg/detail/gimbal_device_set_attitude__rosidl_typesupport_introspection_c.h\n'}
[0.907101] (px4_msgs) StdoutLine: {'line': b'-- Up-to-date: /home/nicolas/ws_ros2/install/px4_msgs/include/px4_msgs/px4_msgs/msg/detail/sensor_selection__rosidl_typesupport_introspection_c.h\n'}
[0.907136] (px4_msgs) StdoutLine: {'line': b'-- Up-to-date: /home/nicolas/ws_ros2/install/px4_msgs/include/px4_msgs/px4_msgs/msg/detail/gimbal_device_attitude_status__type_support.c\n'}
[0.907173] (px4_msgs) StdoutLine: {'line': b'-- Up-to-date: /home/nicolas/ws_ros2/install/px4_msgs/include/px4_msgs/px4_msgs/msg/detail/actuator_armed__rosidl_typesupport_introspection_c.h\n'}
[0.907209] (px4_msgs) StdoutLine: {'line': b'-- Up-to-date: /home/nicolas/ws_ros2/install/px4_msgs/include/px4_msgs/px4_msgs/msg/detail/rpm__rosidl_typesupport_introspection_c.h\n'}
[0.907247] (px4_msgs) StdoutLine: {'line': b'-- Up-to-date: /home/nicolas/ws_ros2/install/px4_msgs/include/px4_msgs/px4_msgs/msg/detail/rover_speed_setpoint__type_support.c\n'}
[0.907283] (px4_msgs) StdoutLine: {'line': b'-- Up-to-date: /home/nicolas/ws_ros2/install/px4_msgs/include/px4_msgs/px4_msgs/msg/detail/vehicle_local_position_setpoint__type_support.c\n'}
[0.907320] (px4_msgs) StdoutLine: {'line': b'-- Up-to-date: /home/nicolas/ws_ros2/install/px4_msgs/include/px4_msgs/px4_msgs/msg/detail/vehicle_air_data__type_support.c\n'}
[0.907355] (px4_msgs) StdoutLine: {'line': b'-- Up-to-date: /home/nicolas/ws_ros2/install/px4_msgs/include/px4_msgs/px4_msgs/msg/detail/sensor_mag__type_support.c\n'}
[0.907390] (px4_msgs) StdoutLine: {'line': b'-- Up-to-date: /home/nicolas/ws_ros2/install/px4_msgs/include/px4_msgs/px4_msgs/msg/detail/gimbal_manager_set_manual_control__type_support.c\n'}
[0.907426] (px4_msgs) StdoutLine: {'line': b'-- Up-to-date: /home/nicolas/ws_ros2/install/px4_msgs/include/px4_msgs/px4_msgs/msg/detail/vehicle_constraints__type_support.c\n'}
[0.907461] (px4_msgs) StdoutLine: {'line': b'-- Up-to-date: /home/nicolas/ws_ros2/install/px4_msgs/include/px4_msgs/px4_msgs/msg/detail/tiltrotor_extra_controls__rosidl_typesupport_introspection_c.h\n'}
[0.907498] (px4_msgs) StdoutLine: {'line': b'-- Up-to-date: /home/nicolas/ws_ros2/install/px4_msgs/include/px4_msgs/px4_msgs/msg/detail/actuator_controls_status__type_support.c\n'}
[0.907533] (px4_msgs) StdoutLine: {'line': b'-- Up-to-date: /home/nicolas/ws_ros2/install/px4_msgs/include/px4_msgs/px4_msgs/msg/detail/orbit_status__rosidl_typesupport_introspection_c.h\n'}
[0.907568] (px4_msgs) StdoutLine: {'line': b'-- Up-to-date: /home/nicolas/ws_ros2/install/px4_msgs/include/px4_msgs/px4_msgs/msg/detail/distance_sensor_mode_change_request__rosidl_typesupport_introspection_c.h\n'}
[0.907603] (px4_msgs) StdoutLine: {'line': b'-- Up-to-date: /home/nicolas/ws_ros2/install/px4_msgs/include/px4_msgs/px4_msgs/msg/detail/rtl_time_estimate__rosidl_typesupport_introspection_c.h\n'}
[0.907639] (px4_msgs) StdoutLine: {'line': b'-- Up-to-date: /home/nicolas/ws_ros2/install/px4_msgs/include/px4_msgs/px4_msgs/msg/detail/sensor_gnss_relative__type_support.c\n'}
[0.907675] (px4_msgs) StdoutLine: {'line': b'-- Up-to-date: /home/nicolas/ws_ros2/install/px4_msgs/include/px4_msgs/px4_msgs/msg/detail/follow_target_estimator__type_support.c\n'}
[0.907716] (px4_msgs) StdoutLine: {'line': b'-- Up-to-date: /home/nicolas/ws_ros2/install/px4_msgs/include/px4_msgs/px4_msgs/msg/detail/power_button_state__rosidl_typesupport_introspection_c.h\n'}
[0.907753] (px4_msgs) StdoutLine: {'line': b'-- Up-to-date: /home/nicolas/ws_ros2/install/px4_msgs/include/px4_msgs/px4_msgs/msg/detail/action_request__rosidl_typesupport_introspection_c.h\n'}
[0.907789] (px4_msgs) StdoutLine: {'line': b'-- Up-to-date: /home/nicolas/ws_ros2/install/px4_msgs/include/px4_msgs/px4_msgs/msg/detail/lateral_control_configuration__rosidl_typesupport_introspection_c.h\n'}
[0.907825] (px4_msgs) StdoutLine: {'line': b'-- Up-to-date: /home/nicolas/ws_ros2/install/px4_msgs/include/px4_msgs/px4_msgs/msg/detail/estimator_innovations__type_support.c\n'}
[0.907861] (px4_msgs) StdoutLine: {'line': b'-- Up-to-date: /home/nicolas/ws_ros2/install/px4_msgs/include/px4_msgs/px4_msgs/msg/detail/flight_phase_estimation__rosidl_typesupport_introspection_c.h\n'}
[0.907896] (px4_msgs) StdoutLine: {'line': b'-- Up-to-date: /home/nicolas/ws_ros2/install/px4_msgs/include/px4_msgs/px4_msgs/msg/detail/gpio_in__rosidl_typesupport_introspection_c.h\n'}
[0.907932] (px4_msgs) StdoutLine: {'line': b'-- Up-to-date: /home/nicolas/ws_ros2/install/px4_msgs/include/px4_msgs/px4_msgs/msg/detail/battery_status__type_support.c\n'}
[0.907967] (px4_msgs) StdoutLine: {'line': b'-- Up-to-date: /home/nicolas/ws_ros2/install/px4_msgs/include/px4_msgs/px4_msgs/msg/detail/can_interface_status__rosidl_typesupport_introspection_c.h\n'}
[0.908046] (px4_msgs) StdoutLine: {'line': b'-- Up-to-date: /home/nicolas/ws_ros2/install/px4_msgs/include/px4_msgs/px4_msgs/msg/detail/satellite_info__rosidl_typesupport_introspection_c.h\n'}
[0.908083] (px4_msgs) StdoutLine: {'line': b'-- Up-to-date: /home/nicolas/ws_ros2/install/px4_msgs/include/px4_msgs/px4_msgs/msg/detail/battery_info__rosidl_typesupport_introspection_c.h\n'}
[0.908116] (px4_msgs) StdoutLine: {'line': b'-- Up-to-date: /home/nicolas/ws_ros2/install/px4_msgs/include/px4_msgs/px4_msgs/msg/detail/fixed_wing_lateral_status__rosidl_typesupport_introspection_c.h\n'}
[0.908152] (px4_msgs) StdoutLine: {'line': b'-- Up-to-date: /home/nicolas/ws_ros2/install/px4_msgs/include/px4_msgs/px4_msgs/msg/detail/hover_thrust_estimate__type_support.c\n'}
[0.908185] (px4_msgs) StdoutLine: {'line': b'-- Up-to-date: /home/nicolas/ws_ros2/install/px4_msgs/include/px4_msgs/px4_msgs/msg/detail/landing_gear_wheel__rosidl_typesupport_introspection_c.h\n'}
[0.908218] (px4_msgs) StdoutLine: {'line': b'-- Up-to-date: /home/nicolas/ws_ros2/install/px4_msgs/include/px4_msgs/px4_msgs/msg/detail/telemetry_status__type_support.c\n'}
[0.908251] (px4_msgs) StdoutLine: {'line': b'-- Up-to-date: /home/nicolas/ws_ros2/install/px4_msgs/include/px4_msgs/px4_msgs/msg/detail/estimator_bias3d__type_support.c\n'}
[0.908316] (px4_msgs) StdoutLine: {'line': b'-- Up-to-date: /home/nicolas/ws_ros2/install/px4_msgs/include/px4_msgs/px4_msgs/msg/detail/logger_status__type_support.c\n'}
[0.908350] (px4_msgs) StdoutLine: {'line': b'-- Up-to-date: /home/nicolas/ws_ros2/install/px4_msgs/include/px4_msgs/px4_msgs/msg/detail/longitudinal_control_configuration__rosidl_typesupport_introspection_c.h\n'}
[0.908383] (px4_msgs) StdoutLine: {'line': b'-- Up-to-date: /home/nicolas/ws_ros2/install/px4_msgs/include/px4_msgs/px4_msgs/msg/detail/failure_detector_status__rosidl_typesupport_introspection_c.h\n'}
[0.908415] (px4_msgs) StdoutLine: {'line': b'-- Up-to-date: /home/nicolas/ws_ros2/install/px4_msgs/include/px4_msgs/px4_msgs/msg/detail/unregister_ext_component__rosidl_typesupport_introspection_c.h\n'}
[0.908448] (px4_msgs) StdoutLine: {'line': b'-- Up-to-date: /home/nicolas/ws_ros2/install/px4_msgs/include/px4_msgs/px4_msgs/msg/detail/open_drone_id_arm_status__rosidl_typesupport_introspection_c.h\n'}
[0.908481] (px4_msgs) StdoutLine: {'line': b'-- Up-to-date: /home/nicolas/ws_ros2/install/px4_msgs/include/px4_msgs/px4_msgs/msg/detail/landing_target_pose__rosidl_typesupport_introspection_c.h\n'}
[0.908513] (px4_msgs) StdoutLine: {'line': b'-- Up-to-date: /home/nicolas/ws_ros2/install/px4_msgs/include/px4_msgs/px4_msgs/msg/detail/debug_array__rosidl_typesupport_introspection_c.h\n'}
[0.908545] (px4_msgs) StdoutLine: {'line': b'-- Up-to-date: /home/nicolas/ws_ros2/install/px4_msgs/include/px4_msgs/px4_msgs/msg/detail/takeoff_status__rosidl_typesupport_introspection_c.h\n'}
[0.908578] (px4_msgs) StdoutLine: {'line': b'-- Up-to-date: /home/nicolas/ws_ros2/install/px4_msgs/include/px4_msgs/px4_msgs/msg/detail/pps_capture__type_support.c\n'}
[0.908610] (px4_msgs) StdoutLine: {'line': b'-- Up-to-date: /home/nicolas/ws_ros2/install/px4_msgs/include/px4_msgs/px4_msgs/msg/detail/vehicle_magnetometer__rosidl_typesupport_introspection_c.h\n'}
[0.908642] (px4_msgs) StdoutLine: {'line': b'-- Up-to-date: /home/nicolas/ws_ros2/install/px4_msgs/include/px4_msgs/px4_msgs/msg/detail/register_ext_component_reply__type_support.c\n'}
[0.908678] (px4_msgs) StdoutLine: {'line': b'-- Up-to-date: /home/nicolas/ws_ros2/install/px4_msgs/include/px4_msgs/px4_msgs/msg/detail/unregister_ext_component__type_support.c\n'}
[0.908719] (px4_msgs) StdoutLine: {'line': b'-- Up-to-date: /home/nicolas/ws_ros2/install/px4_msgs/include/px4_msgs/px4_msgs/msg/detail/sensor_accel__rosidl_typesupport_introspection_c.h\n'}
[0.908754] (px4_msgs) StdoutLine: {'line': b'-- Up-to-date: /home/nicolas/ws_ros2/install/px4_msgs/include/px4_msgs/px4_msgs/msg/detail/rate_ctrl_status__rosidl_typesupport_introspection_c.h\n'}
[0.908790] (px4_msgs) StdoutLine: {'line': b'-- Up-to-date: /home/nicolas/ws_ros2/install/px4_msgs/include/px4_msgs/px4_msgs/msg/detail/lateral_control_configuration__type_support.c\n'}
[0.908850] (px4_msgs) StdoutLine: {'line': b'-- Up-to-date: /home/nicolas/ws_ros2/install/px4_msgs/include/px4_msgs/px4_msgs/msg/detail/gimbal_manager_information__type_support.c\n'}
[0.908903] (px4_msgs) StdoutLine: {'line': b'-- Up-to-date: /home/nicolas/ws_ros2/install/px4_msgs/include/px4_msgs/px4_msgs/msg/detail/qshell_retval__type_support.c\n'}
[0.908936] (px4_msgs) StdoutLine: {'line': b'-- Up-to-date: /home/nicolas/ws_ros2/install/px4_msgs/include/px4_msgs/px4_msgs/msg/detail/vehicle_global_position__rosidl_typesupport_introspection_c.h\n'}
[0.908978] (px4_msgs) StdoutLine: {'line': b'-- Up-to-date: /home/nicolas/ws_ros2/install/px4_msgs/include/px4_msgs/px4_msgs/msg/detail/arming_check_request__rosidl_typesupport_introspection_c.h\n'}
[0.909011] (px4_msgs) StdoutLine: {'line': b'-- Up-to-date: /home/nicolas/ws_ros2/install/px4_msgs/include/px4_msgs/px4_msgs/msg/detail/fixed_wing_lateral_guidance_status__type_support.c\n'}
[0.909043] (px4_msgs) StdoutLine: {'line': b'-- Up-to-date: /home/nicolas/ws_ros2/install/px4_msgs/include/px4_msgs/px4_msgs/msg/detail/sensor_airflow__rosidl_typesupport_introspection_c.h\n'}
[0.909076] (px4_msgs) StdoutLine: {'line': b'-- Up-to-date: /home/nicolas/ws_ros2/install/px4_msgs/include/px4_msgs/px4_msgs/msg/detail/rover_attitude_status__type_support.c\n'}
[0.909115] (px4_msgs) StdoutLine: {'line': b'-- Up-to-date: /home/nicolas/ws_ros2/install/px4_msgs/include/px4_msgs/px4_msgs/msg/detail/landing_target_innovations__type_support.c\n'}
[0.909172] (px4_msgs) StdoutLine: {'line': b'-- Up-to-date: /home/nicolas/ws_ros2/install/px4_msgs/include/px4_msgs/px4_msgs/msg/detail/rover_attitude_setpoint__type_support.c\n'}
[0.909205] (px4_msgs) StdoutLine: {'line': b'-- Up-to-date: /home/nicolas/ws_ros2/install/px4_msgs/include/px4_msgs/px4_msgs/msg/detail/longitudinal_control_configuration__type_support.c\n'}
[0.909237] (px4_msgs) StdoutLine: {'line': b'-- Up-to-date: /home/nicolas/ws_ros2/install/px4_msgs/include/px4_msgs/px4_msgs/msg/detail/generator_status__type_support.c\n'}
[0.909269] (px4_msgs) StdoutLine: {'line': b'-- Up-to-date: /home/nicolas/ws_ros2/install/px4_msgs/include/px4_msgs/px4_msgs/msg/detail/internal_combustion_engine_status__type_support.c\n'}
[0.909302] (px4_msgs) StdoutLine: {'line': b'-- Up-to-date: /home/nicolas/ws_ros2/install/px4_msgs/include/px4_msgs/px4_msgs/msg/detail/camera_trigger__rosidl_typesupport_introspection_c.h\n'}
[0.909334] (px4_msgs) StdoutLine: {'line': b'-- Up-to-date: /home/nicolas/ws_ros2/install/px4_msgs/include/px4_msgs/px4_msgs/msg/detail/open_drone_id_self_id__rosidl_typesupport_introspection_c.h\n'}
[0.909366] (px4_msgs) StdoutLine: {'line': b'-- Up-to-date: /home/nicolas/ws_ros2/install/px4_msgs/include/px4_msgs/px4_msgs/msg/detail/rpm__type_support.c\n'}
[0.909401] (px4_msgs) StdoutLine: {'line': b'-- Up-to-date: /home/nicolas/ws_ros2/install/px4_msgs/include/px4_msgs/px4_msgs/msg/detail/distance_sensor__type_support.c\n'}
[0.909437] (px4_msgs) StdoutLine: {'line': b'-- Up-to-date: /home/nicolas/ws_ros2/install/px4_msgs/include/px4_msgs/px4_msgs/msg/detail/pure_pursuit_status__rosidl_typesupport_introspection_c.h\n'}
[0.909475] (px4_msgs) StdoutLine: {'line': b'-- Up-to-date: /home/nicolas/ws_ros2/install/px4_msgs/include/px4_msgs/px4_msgs/msg/detail/log_message__type_support.c\n'}
[0.909511] (px4_msgs) StdoutLine: {'line': b'-- Up-to-date: /home/nicolas/ws_ros2/install/px4_msgs/include/px4_msgs/px4_msgs/msg/detail/rc_parameter_map__rosidl_typesupport_introspection_c.h\n'}
[0.909547] (px4_msgs) StdoutLine: {'line': b'-- Up-to-date: /home/nicolas/ws_ros2/install/px4_msgs/include/px4_msgs/px4_msgs/msg/detail/internal_combustion_engine_status__rosidl_typesupport_introspection_c.h\n'}
[0.909583] (px4_msgs) StdoutLine: {'line': b'-- Up-to-date: /home/nicolas/ws_ros2/install/px4_msgs/include/px4_msgs/px4_msgs/msg/detail/geofence_status__type_support.c\n'}
[0.909619] (px4_msgs) StdoutLine: {'line': b'-- Up-to-date: /home/nicolas/ws_ros2/install/px4_msgs/include/px4_msgs/px4_msgs/msg/detail/debug_value__type_support.c\n'}
[0.909673] (px4_msgs) StdoutLine: {'line': b'-- Up-to-date: /home/nicolas/ws_ros2/install/px4_msgs/include/px4_msgs/px4_msgs/msg/detail/sensor_uwb__type_support.c\n'}
[0.909712] (px4_msgs) StdoutLine: {'line': b'-- Up-to-date: /home/nicolas/ws_ros2/install/px4_msgs/include/px4_msgs/px4_msgs/msg/detail/power_monitor__type_support.c\n'}
[0.909744] (px4_msgs) StdoutLine: {'line': b'-- Up-to-date: /home/nicolas/ws_ros2/install/px4_msgs/include/px4_msgs/px4_msgs/msg/detail/camera_status__type_support.c\n'}
[0.909778] (px4_msgs) StdoutLine: {'line': b'-- Up-to-date: /home/nicolas/ws_ros2/install/px4_msgs/include/px4_msgs/px4_msgs/msg/detail/sensor_gyro_fifo__type_support.c\n'}
[0.909813] (px4_msgs) StdoutLine: {'line': b'-- Up-to-date: /home/nicolas/ws_ros2/install/px4_msgs/include/px4_msgs/px4_msgs/msg/detail/action_request__type_support.c\n'}
[0.909848] (px4_msgs) StdoutLine: {'line': b'-- Up-to-date: /home/nicolas/ws_ros2/install/px4_msgs/include/px4_msgs/px4_msgs/msg/detail/trajectory_setpoint__rosidl_typesupport_introspection_c.h\n'}
[0.909883] (px4_msgs) StdoutLine: {'line': b'-- Up-to-date: /home/nicolas/ws_ros2/install/px4_msgs/include/px4_msgs/px4_msgs/msg/detail/parameter_update__rosidl_typesupport_introspection_c.h\n'}
[0.909919] (px4_msgs) StdoutLine: {'line': b'-- Up-to-date: /home/nicolas/ws_ros2/install/px4_msgs/include/px4_msgs/px4_msgs/msg/detail/magnetometer_bias_estimate__type_support.c\n'}
[0.909955] (px4_msgs) StdoutLine: {'line': b'-- Up-to-date: /home/nicolas/ws_ros2/install/px4_msgs/include/px4_msgs/px4_msgs/msg/detail/failsafe_flags__rosidl_typesupport_introspection_c.h\n'}
[0.909991] (px4_msgs) StdoutLine: {'line': b'-- Up-to-date: /home/nicolas/ws_ros2/install/px4_msgs/include/px4_msgs/px4_msgs/msg/detail/qshell_retval__rosidl_typesupport_introspection_c.h\n'}
[0.910027] (px4_msgs) StdoutLine: {'line': b'-- Up-to-date: /home/nicolas/ws_ros2/install/px4_msgs/include/px4_msgs/px4_msgs/msg/detail/figure_eight_status__rosidl_typesupport_introspection_c.h\n'}
[0.910065] (px4_msgs) StdoutLine: {'line': b'-- Up-to-date: /home/nicolas/ws_ros2/install/px4_msgs/include/px4_msgs/px4_msgs/msg/detail/vehicle_land_detected__type_support.c\n'}
[0.910100] (px4_msgs) StdoutLine: {'line': b'-- Up-to-date: /home/nicolas/ws_ros2/install/px4_msgs/include/px4_msgs/px4_msgs/msg/detail/vehicle_imu__type_support.c\n'}
[0.910136] (px4_msgs) StdoutLine: {'line': b'-- Up-to-date: /home/nicolas/ws_ros2/install/px4_msgs/include/px4_msgs/px4_msgs/msg/detail/trajectory_setpoint__type_support.c\n'}
[0.910171] (px4_msgs) StdoutLine: {'line': b'-- Up-to-date: /home/nicolas/ws_ros2/install/px4_msgs/include/px4_msgs/px4_msgs/msg/detail/system_power__rosidl_typesupport_introspection_c.h\n'}
[0.910236] (px4_msgs) StdoutLine: {'line': b'-- Up-to-date: /home/nicolas/ws_ros2/install/px4_msgs/include/px4_msgs/px4_msgs/msg/detail/vehicle_status__rosidl_typesupport_introspection_c.h\n'}
[0.910294] (px4_msgs) StdoutLine: {'line': b'-- Up-to-date: /home/nicolas/ws_ros2/install/px4_msgs/include/px4_msgs/px4_msgs/msg/detail/orb_test_medium__rosidl_typesupport_introspection_c.h\n'}
[0.910327] (px4_msgs) StdoutLine: {'line': b'-- Up-to-date: /home/nicolas/ws_ros2/install/px4_msgs/include/px4_msgs/px4_msgs/msg/detail/event__rosidl_typesupport_introspection_c.h\n'}
[0.910361] (px4_msgs) StdoutLine: {'line': b'-- Up-to-date: /home/nicolas/ws_ros2/install/px4_msgs/include/px4_msgs/px4_msgs/msg/detail/sensor_hygrometer__rosidl_typesupport_introspection_c.h\n'}
[0.910395] (px4_msgs) StdoutLine: {'line': b'-- Up-to-date: /home/nicolas/ws_ros2/install/px4_msgs/include/px4_msgs/px4_msgs/msg/detail/estimator_status__rosidl_typesupport_introspection_c.h\n'}
[0.910428] (px4_msgs) StdoutLine: {'line': b'-- Up-to-date: /home/nicolas/ws_ros2/install/px4_msgs/include/px4_msgs/px4_msgs/msg/detail/wheel_encoders__type_support.c\n'}
[0.910461] (px4_msgs) StdoutLine: {'line': b'-- Up-to-date: /home/nicolas/ws_ros2/install/px4_msgs/include/px4_msgs/px4_msgs/msg/detail/mag_worker_data__rosidl_typesupport_introspection_c.h\n'}
[0.910495] (px4_msgs) StdoutLine: {'line': b'-- Up-to-date: /home/nicolas/ws_ros2/install/px4_msgs/include/px4_msgs/px4_msgs/msg/detail/sensor_gyro_fft__type_support.c\n'}
[0.910533] (px4_msgs) StdoutLine: {'line': b'-- Up-to-date: /home/nicolas/ws_ros2/install/px4_msgs/include/px4_msgs/px4_msgs/msg/detail/actuator_motors__rosidl_typesupport_introspection_c.h\n'}
[0.910569] (px4_msgs) StdoutLine: {'line': b'-- Up-to-date: /home/nicolas/ws_ros2/install/px4_msgs/include/px4_msgs/px4_msgs/msg/detail/ulog_stream_ack__rosidl_typesupport_introspection_c.h\n'}
[0.910605] (px4_msgs) StdoutLine: {'line': b'-- Up-to-date: /home/nicolas/ws_ros2/install/px4_msgs/include/px4_msgs/px4_msgs/msg/detail/estimator_sensor_bias__rosidl_typesupport_introspection_c.h\n'}
[0.910641] (px4_msgs) StdoutLine: {'line': b'-- Up-to-date: /home/nicolas/ws_ros2/install/px4_msgs/include/px4_msgs/px4_msgs/msg/detail/actuator_armed__type_support.c\n'}
[0.910678] (px4_msgs) StdoutLine: {'line': b'-- Up-to-date: /home/nicolas/ws_ros2/install/px4_msgs/include/px4_msgs/px4_msgs/msg/detail/figure_eight_status__type_support.c\n'}
[0.910719] (px4_msgs) StdoutLine: {'line': b'-- Up-to-date: /home/nicolas/ws_ros2/install/px4_msgs/include/px4_msgs/px4_msgs/msg/detail/ping__rosidl_typesupport_introspection_c.h\n'}
[0.910755] (px4_msgs) StdoutLine: {'line': b'-- Up-to-date: /home/nicolas/ws_ros2/install/px4_msgs/include/px4_msgs/px4_msgs/msg/detail/vehicle_command_ack__type_support.c\n'}
[0.910791] (px4_msgs) StdoutLine: {'line': b'-- Up-to-date: /home/nicolas/ws_ros2/install/px4_msgs/include/px4_msgs/px4_msgs/msg/detail/button_event__rosidl_typesupport_introspection_c.h\n'}
[0.910826] (px4_msgs) StdoutLine: {'line': b'-- Up-to-date: /home/nicolas/ws_ros2/install/px4_msgs/include/px4_msgs/px4_msgs/msg/detail/failsafe_flags__type_support.c\n'}
[0.910861] (px4_msgs) StdoutLine: {'line': b'-- Up-to-date: /home/nicolas/ws_ros2/install/px4_msgs/include/px4_msgs/px4_msgs/msg/detail/orb_test__type_support.c\n'}
[0.910896] (px4_msgs) StdoutLine: {'line': b'-- Up-to-date: /home/nicolas/ws_ros2/install/px4_msgs/include/px4_msgs/px4_msgs/msg/detail/rtl_time_estimate__type_support.c\n'}
[0.910931] (px4_msgs) StdoutLine: {'line': b'-- Up-to-date: /home/nicolas/ws_ros2/install/px4_msgs/include/px4_msgs/px4_msgs/msg/detail/mag_worker_data__type_support.c\n'}
[0.910968] (px4_msgs) StdoutLine: {'line': b'-- Up-to-date: /home/nicolas/ws_ros2/install/px4_msgs/include/px4_msgs/px4_msgs/msg/detail/input_rc__rosidl_typesupport_introspection_c.h\n'}
[0.911004] (px4_msgs) StdoutLine: {'line': b'-- Up-to-date: /home/nicolas/ws_ros2/install/px4_msgs/include/px4_msgs/px4_msgs/msg/detail/internal_combustion_engine_control__type_support.c\n'}
[0.911041] (px4_msgs) StdoutLine: {'line': b'-- Up-to-date: /home/nicolas/ws_ros2/install/px4_msgs/include/px4_msgs/px4_msgs/msg/detail/estimator_status_flags__type_support.c\n'}
[0.911076] (px4_msgs) StdoutLine: {'line': b'-- Up-to-date: /home/nicolas/ws_ros2/install/px4_msgs/include/px4_msgs/px4_msgs/msg/detail/flight_phase_estimation__type_support.c\n'}
[0.911112] (px4_msgs) StdoutLine: {'line': b'-- Up-to-date: /home/nicolas/ws_ros2/install/px4_msgs/include/px4_msgs/px4_msgs/msg/detail/timesync_status__rosidl_typesupport_introspection_c.h\n'}
[0.911148] (px4_msgs) StdoutLine: {'line': b'-- Up-to-date: /home/nicolas/ws_ros2/install/px4_msgs/include/px4_msgs/px4_msgs/msg/detail/esc_report__type_support.c\n'}
[0.911186] (px4_msgs) StdoutLine: {'line': b'-- Up-to-date: /home/nicolas/ws_ros2/install/px4_msgs/include/px4_msgs/px4_msgs/msg/detail/open_drone_id_system__type_support.c\n'}
[0.911222] (px4_msgs) StdoutLine: {'line': b'-- Up-to-date: /home/nicolas/ws_ros2/install/px4_msgs/include/px4_msgs/px4_msgs/msg/detail/actuator_servos__type_support.c\n'}
[0.911259] (px4_msgs) StdoutLine: {'line': b'-- Up-to-date: /home/nicolas/ws_ros2/install/px4_msgs/include/px4_msgs/px4_msgs/msg/detail/rover_rate_status__type_support.c\n'}
[0.911330] (px4_msgs) StdoutLine: {'line': b'-- Up-to-date: /home/nicolas/ws_ros2/install/px4_msgs/include/px4_msgs/px4_msgs/msg/detail/fuel_tank_status__rosidl_typesupport_introspection_c.h\n'}
[0.911368] (px4_msgs) StdoutLine: {'line': b'-- Up-to-date: /home/nicolas/ws_ros2/install/px4_msgs/include/px4_msgs/px4_msgs/msg/detail/log_message__rosidl_typesupport_introspection_c.h\n'}
[0.911409] (px4_msgs) StdoutLine: {'line': b'-- Up-to-date: /home/nicolas/ws_ros2/install/px4_msgs/include/px4_msgs/px4_msgs/msg/detail/parameter_update__type_support.c\n'}
[0.911445] (px4_msgs) StdoutLine: {'line': b'-- Up-to-date: /home/nicolas/ws_ros2/install/px4_msgs/include/px4_msgs/px4_msgs/msg/detail/debug_value__rosidl_typesupport_introspection_c.h\n'}
[0.911480] (px4_msgs) StdoutLine: {'line': b'-- Up-to-date: /home/nicolas/ws_ros2/install/px4_msgs/include/px4_msgs/px4_msgs/msg/detail/fixed_wing_runway_control__type_support.c\n'}
[0.911516] (px4_msgs) StdoutLine: {'line': b'-- Up-to-date: /home/nicolas/ws_ros2/install/px4_msgs/include/px4_msgs/px4_msgs/msg/detail/message_format_request__rosidl_typesupport_introspection_c.h\n'}
[0.911551] (px4_msgs) StdoutLine: {'line': b'-- Up-to-date: /home/nicolas/ws_ros2/install/px4_msgs/include/px4_msgs/px4_msgs/msg/detail/estimator_status_flags__rosidl_typesupport_introspection_c.h\n'}
[0.911588] (px4_msgs) StdoutLine: {'line': b'-- Up-to-date: /home/nicolas/ws_ros2/install/px4_msgs/include/px4_msgs/px4_msgs/msg/detail/esc_status__rosidl_typesupport_introspection_c.h\n'}
[0.911624] (px4_msgs) StdoutLine: {'line': b'-- Up-to-date: /home/nicolas/ws_ros2/install/px4_msgs/include/px4_msgs/px4_msgs/msg/detail/rover_rate_setpoint__type_support.c\n'}
[0.911659] (px4_msgs) StdoutLine: {'line': b'-- Up-to-date: /home/nicolas/ws_ros2/install/px4_msgs/include/px4_msgs/px4_msgs/msg/detail/uavcan_parameter_value__type_support.c\n'}
[0.911699] (px4_msgs) StdoutLine: {'line': b'-- Up-to-date: /home/nicolas/ws_ros2/install/px4_msgs/include/px4_msgs/px4_msgs/msg/detail/orb_test_large__rosidl_typesupport_introspection_c.h\n'}
[0.911736] (px4_msgs) StdoutLine: {'line': b'-- Up-to-date: /home/nicolas/ws_ros2/install/px4_msgs/include/px4_msgs/px4_msgs/msg/detail/sensor_gps__type_support.c\n'}
[0.911773] (px4_msgs) StdoutLine: {'line': b'-- Up-to-date: /home/nicolas/ws_ros2/install/px4_msgs/include/px4_msgs/px4_msgs/msg/detail/cellular_status__type_support.c\n'}
[0.911809] (px4_msgs) StdoutLine: {'line': b'-- Up-to-date: /home/nicolas/ws_ros2/install/px4_msgs/include/px4_msgs/px4_msgs/msg/detail/vehicle_torque_setpoint__rosidl_typesupport_introspection_c.h\n'}
[0.911846] (px4_msgs) StdoutLine: {'line': b'-- Up-to-date: /home/nicolas/ws_ros2/install/px4_msgs/include/px4_msgs/px4_msgs/msg/detail/transponder_report__rosidl_typesupport_introspection_c.h\n'}
[0.911889] (px4_msgs) StdoutLine: {'line': b'-- Up-to-date: /home/nicolas/ws_ros2/install/px4_msgs/include/px4_msgs/px4_msgs/msg/detail/navigator_mission_item__type_support.c\n'}
[0.911929] (px4_msgs) StdoutLine: {'line': b'-- Up-to-date: /home/nicolas/ws_ros2/install/px4_msgs/include/px4_msgs/px4_msgs/msg/detail/airspeed_wind__rosidl_typesupport_introspection_c.h\n'}
[0.911967] (px4_msgs) StdoutLine: {'line': b'-- Up-to-date: /home/nicolas/ws_ros2/install/px4_msgs/include/px4_msgs/px4_msgs/msg/detail/vehicle_acceleration__type_support.c\n'}
[0.912008] (px4_msgs) StdoutLine: {'line': b'-- Up-to-date: /home/nicolas/ws_ros2/install/px4_msgs/include/px4_msgs/px4_msgs/msg/detail/estimator_sensor_bias__type_support.c\n'}
[0.912049] (px4_msgs) StdoutLine: {'line': b'-- Up-to-date: /home/nicolas/ws_ros2/install/px4_msgs/include/px4_msgs/px4_msgs/msg/detail/gimbal_device_set_attitude__type_support.c\n'}
[0.912088] (px4_msgs) StdoutLine: {'line': b'-- Up-to-date: /home/nicolas/ws_ros2/install/px4_msgs/include/px4_msgs/px4_msgs/msg/detail/vehicle_angular_velocity__type_support.c\n'}
[0.912127] (px4_msgs) StdoutLine: {'line': b'-- Up-to-date: /home/nicolas/ws_ros2/install/px4_msgs/include/px4_msgs/px4_msgs/msg/detail/vehicle_optical_flow__type_support.c\n'}
[0.912164] (px4_msgs) StdoutLine: {'line': b'-- Up-to-date: /home/nicolas/ws_ros2/install/px4_msgs/include/px4_msgs/px4_msgs/msg/detail/gimbal_device_information__rosidl_typesupport_introspection_c.h\n'}
[0.912232] (px4_msgs) StdoutLine: {'line': b'-- Up-to-date: /home/nicolas/ws_ros2/install/px4_msgs/include/px4_msgs/px4_msgs/msg/detail/cellular_status__rosidl_typesupport_introspection_c.h\n'}
[0.912266] (px4_msgs) StdoutLine: {'line': b'-- Up-to-date: /home/nicolas/ws_ros2/install/px4_msgs/include/px4_msgs/px4_msgs/msg/detail/parameter_reset_request__type_support.c\n'}
[0.912303] (px4_msgs) StdoutLine: {'line': b'-- Up-to-date: /home/nicolas/ws_ros2/install/px4_msgs/include/px4_msgs/px4_msgs/msg/detail/vehicle_roi__rosidl_typesupport_introspection_c.h\n'}
[0.912339] (px4_msgs) StdoutLine: {'line': b'-- Up-to-date: /home/nicolas/ws_ros2/install/px4_msgs/include/px4_msgs/px4_msgs/msg/detail/actuator_outputs__type_support.c\n'}
[0.912376] (px4_msgs) StdoutLine: {'line': b'-- Up-to-date: /home/nicolas/ws_ros2/install/px4_msgs/include/px4_msgs/px4_msgs/msg/detail/trajectory_setpoint6dof__type_support.c\n'}
[0.912444] (px4_msgs) StdoutLine: {'line': b'-- Up-to-date: /home/nicolas/ws_ros2/install/px4_msgs/include/px4_msgs/px4_msgs/msg/detail/register_ext_component_request__rosidl_typesupport_introspection_c.h\n'}
[0.912478] (px4_msgs) StdoutLine: {'line': b'-- Up-to-date: /home/nicolas/ws_ros2/install/px4_msgs/include/px4_msgs/px4_msgs/msg/detail/ekf2_timestamps__rosidl_typesupport_introspection_c.h\n'}
[0.912512] (px4_msgs) StdoutLine: {'line': b'-- Up-to-date: /home/nicolas/ws_ros2/install/px4_msgs/include/px4_msgs/px4_msgs/msg/detail/autotune_attitude_control_status__rosidl_typesupport_introspection_c.h\n'}
[0.912550] (px4_msgs) StdoutLine: {'line': b'-- Up-to-date: /home/nicolas/ws_ros2/install/px4_msgs/include/px4_msgs/px4_msgs/msg/detail/velocity_limits__type_support.c\n'}
[0.912609] (px4_msgs) StdoutLine: {'line': b'-- Up-to-date: /home/nicolas/ws_ros2/install/px4_msgs/include/px4_msgs/px4_msgs/msg/detail/position_controller_landing_status__type_support.c\n'}
[0.912643] (px4_msgs) StdoutLine: {'line': b'-- Up-to-date: /home/nicolas/ws_ros2/install/px4_msgs/include/px4_msgs/px4_msgs/msg/detail/estimator_aid_source1d__rosidl_typesupport_introspection_c.h\n'}
[0.912676] (px4_msgs) StdoutLine: {'line': b'-- Up-to-date: /home/nicolas/ws_ros2/install/px4_msgs/include/px4_msgs/px4_msgs/msg/detail/sensor_combined__rosidl_typesupport_introspection_c.h\n'}
[0.912714] (px4_msgs) StdoutLine: {'line': b'-- Up-to-date: /home/nicolas/ws_ros2/install/px4_msgs/include/px4_msgs/px4_msgs/msg/detail/cpuload__rosidl_typesupport_introspection_c.h\n'}
[0.912748] (px4_msgs) StdoutLine: {'line': b'-- Up-to-date: /home/nicolas/ws_ros2/install/px4_msgs/include/px4_msgs/px4_msgs/msg/detail/camera_trigger__type_support.c\n'}
[0.912783] (px4_msgs) StdoutLine: {'line': b'-- Up-to-date: /home/nicolas/ws_ros2/install/px4_msgs/include/px4_msgs/px4_msgs/msg/detail/sensor_uwb__rosidl_typesupport_introspection_c.h\n'}
[0.912819] (px4_msgs) StdoutLine: {'line': b'-- Up-to-date: /home/nicolas/ws_ros2/install/px4_msgs/include/px4_msgs/px4_msgs/msg/detail/dataman_response__rosidl_typesupport_introspection_c.h\n'}
[0.912855] (px4_msgs) StdoutLine: {'line': b'-- Up-to-date: /home/nicolas/ws_ros2/install/px4_msgs/include/px4_msgs/px4_msgs/msg/detail/navigator_status__type_support.c\n'}
[0.912891] (px4_msgs) StdoutLine: {'line': b'-- Up-to-date: /home/nicolas/ws_ros2/install/px4_msgs/include/px4_msgs/px4_msgs/msg/detail/takeoff_status__type_support.c\n'}
[0.912927] (px4_msgs) StdoutLine: {'line': b'-- Up-to-date: /home/nicolas/ws_ros2/install/px4_msgs/include/px4_msgs/px4_msgs/msg/detail/sensors_status__rosidl_typesupport_introspection_c.h\n'}
[0.912965] (px4_msgs) StdoutLine: {'line': b'-- Up-to-date: /home/nicolas/ws_ros2/install/px4_msgs/include/px4_msgs/px4_msgs/msg/detail/vehicle_command__rosidl_typesupport_introspection_c.h\n'}
[0.913002] (px4_msgs) StdoutLine: {'line': b'-- Up-to-date: /home/nicolas/ws_ros2/install/px4_msgs/include/px4_msgs/px4_msgs/msg/detail/vehicle_acceleration__rosidl_typesupport_introspection_c.h\n'}
[0.913039] (px4_msgs) StdoutLine: {'line': b'-- Up-to-date: /home/nicolas/ws_ros2/install/px4_msgs/include/px4_msgs/px4_msgs/msg/detail/gimbal_manager_status__rosidl_typesupport_introspection_c.h\n'}
[0.913083] (px4_msgs) StdoutLine: {'line': b'-- Up-to-date: /home/nicolas/ws_ros2/install/px4_msgs/include/px4_msgs/px4_msgs/msg/detail/irlock_report__rosidl_typesupport_introspection_c.h\n'}
[0.913119] (px4_msgs) StdoutLine: {'line': b'-- Up-to-date: /home/nicolas/ws_ros2/install/px4_msgs/include/px4_msgs/px4_msgs/msg/detail/vehicle_command_ack__rosidl_typesupport_introspection_c.h\n'}
[0.913158] (px4_msgs) StdoutLine: {'line': b'-- Up-to-date: /home/nicolas/ws_ros2/install/px4_msgs/include/px4_msgs/px4_msgs/msg/detail/vehicle_constraints__rosidl_typesupport_introspection_c.h\n'}
[0.913195] (px4_msgs) StdoutLine: {'line': b'-- Up-to-date: /home/nicolas/ws_ros2/install/px4_msgs/include/px4_msgs/px4_msgs/msg/detail/vehicle_odometry__type_support.c\n'}
[0.913233] (px4_msgs) StdoutLine: {'line': b'-- Up-to-date: /home/nicolas/ws_ros2/install/px4_msgs/include/px4_msgs/px4_msgs/msg/detail/manual_control_setpoint__type_support.c\n'}
[0.913269] (px4_msgs) StdoutLine: {'line': b'-- Up-to-date: /home/nicolas/ws_ros2/install/px4_msgs/include/px4_msgs/px4_msgs/msg/detail/sensor_gyro__rosidl_typesupport_introspection_c.h\n'}
[0.913305] (px4_msgs) StdoutLine: {'line': b'-- Up-to-date: /home/nicolas/ws_ros2/install/px4_msgs/include/px4_msgs/px4_msgs/msg/detail/message_format_request__type_support.c\n'}
[0.913342] (px4_msgs) StdoutLine: {'line': b'-- Up-to-date: /home/nicolas/ws_ros2/install/px4_msgs/include/px4_msgs/px4_msgs/msg/detail/parameter_set_used_request__rosidl_typesupport_introspection_c.h\n'}
[0.913379] (px4_msgs) StdoutLine: {'line': b'-- Up-to-date: /home/nicolas/ws_ros2/install/px4_msgs/include/px4_msgs/px4_msgs/msg/detail/normalized_unsigned_setpoint__type_support.c\n'}
[0.913416] (px4_msgs) StdoutLine: {'line': b'-- Up-to-date: /home/nicolas/ws_ros2/install/px4_msgs/include/px4_msgs/px4_msgs/msg/detail/rc_channels__rosidl_typesupport_introspection_c.h\n'}
[0.913490] (px4_msgs) StdoutLine: {'line': b'-- Up-to-date: /home/nicolas/ws_ros2/install/px4_msgs/include/px4_msgs/px4_msgs/msg/detail/actuator_test__rosidl_typesupport_introspection_c.h\n'}
[0.913529] (px4_msgs) StdoutLine: {'line': b'-- Up-to-date: /home/nicolas/ws_ros2/install/px4_msgs/include/px4_msgs/px4_msgs/msg/detail/gimbal_controls__rosidl_typesupport_introspection_c.h\n'}
[0.913569] (px4_msgs) StdoutLine: {'line': b'-- Up-to-date: /home/nicolas/ws_ros2/install/px4_msgs/include/px4_msgs/px4_msgs/msg/detail/arming_check_request__type_support.c\n'}
[0.913610] (px4_msgs) StdoutLine: {'line': b'-- Up-to-date: /home/nicolas/ws_ros2/install/px4_msgs/include/px4_msgs/px4_msgs/msg/detail/pwm_input__rosidl_typesupport_introspection_c.h\n'}
[0.913654] (px4_msgs) StdoutLine: {'line': b'-- Up-to-date: /home/nicolas/ws_ros2/install/px4_msgs/include/px4_msgs/px4_msgs/msg/detail/tiltrotor_extra_controls__type_support.c\n'}
[0.913700] (px4_msgs) StdoutLine: {'line': b'-- Up-to-date: /home/nicolas/ws_ros2/install/px4_msgs/include/px4_msgs/px4_msgs/msg/detail/sensors_status__type_support.c\n'}
[0.913781] (px4_msgs) StdoutLine: {'line': b'-- Up-to-date: /home/nicolas/ws_ros2/install/px4_msgs/include/px4_msgs/px4_msgs/msg/detail/camera_status__rosidl_typesupport_introspection_c.h\n'}
[0.913818] (px4_msgs) StdoutLine: {'line': b'-- Up-to-date: /home/nicolas/ws_ros2/install/px4_msgs/include/px4_msgs/px4_msgs/msg/detail/dataman_response__type_support.c\n'}
[0.913852] (px4_msgs) StdoutLine: {'line': b'-- Up-to-date: /home/nicolas/ws_ros2/install/px4_msgs/include/px4_msgs/px4_msgs/msg/detail/actuator_servos_trim__rosidl_typesupport_introspection_c.h\n'}
[0.913886] (px4_msgs) StdoutLine: {'line': b'-- Up-to-date: /home/nicolas/ws_ros2/install/px4_msgs/include/px4_msgs/px4_msgs/msg/detail/differential_pressure__rosidl_typesupport_introspection_c.h\n'}
[0.913921] (px4_msgs) StdoutLine: {'line': b'-- Up-to-date: /home/nicolas/ws_ros2/install/px4_msgs/include/px4_msgs/px4_msgs/msg/detail/radio_status__rosidl_typesupport_introspection_c.h\n'}
[0.913959] (px4_msgs) StdoutLine: {'line': b'-- Up-to-date: /home/nicolas/ws_ros2/install/px4_msgs/include/px4_msgs/px4_msgs/msg/detail/actuator_test__type_support.c\n'}
[0.914013] (px4_msgs) StdoutLine: {'line': b'-- Up-to-date: /home/nicolas/ws_ros2/install/px4_msgs/include/px4_msgs/px4_msgs/msg/detail/pure_pursuit_status__type_support.c\n'}
[0.914048] (px4_msgs) StdoutLine: {'line': b'-- Up-to-date: /home/nicolas/ws_ros2/install/px4_msgs/include/px4_msgs/px4_msgs/msg/detail/estimator_status__type_support.c\n'}
[0.914083] (px4_msgs) StdoutLine: {'line': b'-- Up-to-date: /home/nicolas/ws_ros2/install/px4_msgs/include/px4_msgs/px4_msgs/msg/detail/position_setpoint__type_support.c\n'}
[0.914118] (px4_msgs) StdoutLine: {'line': b'-- Up-to-date: /home/nicolas/ws_ros2/install/px4_msgs/include/px4_msgs/px4_msgs/msg/detail/sensor_baro__rosidl_typesupport_introspection_c.h\n'}
[0.914153] (px4_msgs) StdoutLine: {'line': b'-- Up-to-date: /home/nicolas/ws_ros2/install/px4_msgs/include/px4_msgs/px4_msgs/msg/detail/mount_orientation__type_support.c\n'}
[0.914186] (px4_msgs) StdoutLine: {'line': b'-- Up-to-date: /home/nicolas/ws_ros2/install/px4_msgs/include/px4_msgs/px4_msgs/msg/detail/iridiumsbd_status__type_support.c\n'}
[0.914219] (px4_msgs) StdoutLine: {'line': b'-- Up-to-date: /home/nicolas/ws_ros2/install/px4_msgs/include/px4_msgs/px4_msgs/msg/detail/actuator_controls_status__rosidl_typesupport_introspection_c.h\n'}
[0.914252] (px4_msgs) StdoutLine: {'line': b'-- Up-to-date: /home/nicolas/ws_ros2/install/px4_msgs/include/px4_msgs/px4_msgs/msg/detail/radio_status__type_support.c\n'}
[0.914287] (px4_msgs) StdoutLine: {'line': b'-- Up-to-date: /home/nicolas/ws_ros2/install/px4_msgs/include/px4_msgs/px4_msgs/msg/detail/adc_report__rosidl_typesupport_introspection_c.h\n'}
[0.914321] (px4_msgs) StdoutLine: {'line': b'-- Up-to-date: /home/nicolas/ws_ros2/install/px4_msgs/include/px4_msgs/px4_msgs/msg/detail/sensor_correction__type_support.c\n'}
[0.914387] (px4_msgs) StdoutLine: {'line': b'-- Up-to-date: /home/nicolas/ws_ros2/install/px4_msgs/include/px4_msgs/px4_msgs/msg/detail/vehicle_torque_setpoint__type_support.c\n'}
[0.914423] (px4_msgs) StdoutLine: {'line': b'-- Up-to-date: /home/nicolas/ws_ros2/install/px4_msgs/include/px4_msgs/px4_msgs/msg/detail/mavlink_tunnel__type_support.c\n'}
[0.914456] (px4_msgs) StdoutLine: {'line': b'-- Up-to-date: /home/nicolas/ws_ros2/install/px4_msgs/include/px4_msgs/px4_msgs/msg/detail/vtol_vehicle_status__type_support.c\n'}
[0.914489] (px4_msgs) StdoutLine: {'line': b'-- Up-to-date: /home/nicolas/ws_ros2/install/px4_msgs/include/px4_msgs/px4_msgs/msg/detail/iridiumsbd_status__rosidl_typesupport_introspection_c.h\n'}
[0.914523] (px4_msgs) StdoutLine: {'line': b'-- Up-to-date: /home/nicolas/ws_ros2/install/px4_msgs/include/px4_msgs/px4_msgs/msg/detail/gripper__rosidl_typesupport_introspection_c.h\n'}
[0.914556] (px4_msgs) StdoutLine: {'line': b'-- Up-to-date: /home/nicolas/ws_ros2/install/px4_msgs/include/px4_msgs/px4_msgs/msg/detail/health_report__type_support.c\n'}
[0.914588] (px4_msgs) StdoutLine: {'line': b'-- Up-to-date: /home/nicolas/ws_ros2/install/px4_msgs/include/px4_msgs/px4_msgs/msg/detail/estimator_aid_source2d__rosidl_typesupport_introspection_c.h\n'}
[0.914623] (px4_msgs) StdoutLine: {'line': b'-- Up-to-date: /home/nicolas/ws_ros2/install/px4_msgs/include/px4_msgs/px4_msgs/msg/detail/gimbal_manager_information__rosidl_typesupport_introspection_c.h\n'}
[0.914662] (px4_msgs) StdoutLine: {'line': b'-- Up-to-date: /home/nicolas/ws_ros2/install/px4_msgs/include/px4_msgs/px4_msgs/msg/detail/vehicle_angular_velocity__rosidl_typesupport_introspection_c.h\n'}
[0.914703] (px4_msgs) StdoutLine: {'line': b'-- Up-to-date: /home/nicolas/ws_ros2/install/px4_msgs/include/px4_msgs/px4_msgs/msg/detail/power_monitor__rosidl_typesupport_introspection_c.h\n'}
[0.914738] (px4_msgs) StdoutLine: {'line': b'-- Up-to-date: /home/nicolas/ws_ros2/install/px4_msgs/include/px4_msgs/px4_msgs/msg/detail/led_control__rosidl_typesupport_introspection_c.h\n'}
[0.914795] (px4_msgs) StdoutLine: {'line': b'-- Up-to-date: /home/nicolas/ws_ros2/install/px4_msgs/include/px4_msgs/px4_msgs/msg/detail/airspeed_wind__type_support.c\n'}
[0.914833] (px4_msgs) StdoutLine: {'line': b'-- Up-to-date: /home/nicolas/ws_ros2/install/px4_msgs/include/px4_msgs/px4_msgs/msg/detail/velocity_limits__rosidl_typesupport_introspection_c.h\n'}
[0.914869] (px4_msgs) StdoutLine: {'line': b'-- Up-to-date: /home/nicolas/ws_ros2/install/px4_msgs/include/px4_msgs/px4_msgs/msg/detail/estimator_aid_source1d__type_support.c\n'}
[0.914906] (px4_msgs) StdoutLine: {'line': b'-- Up-to-date: /home/nicolas/ws_ros2/install/px4_msgs/include/px4_msgs/px4_msgs/msg/detail/vehicle_imu_status__type_support.c\n'}
[0.914965] (px4_msgs) StdoutLine: {'line': b'-- Up-to-date: /home/nicolas/ws_ros2/install/px4_msgs/include/px4_msgs/px4_msgs/msg/detail/vehicle_command__type_support.c\n'}
[0.914999] (px4_msgs) StdoutLine: {'line': b'-- Up-to-date: /home/nicolas/ws_ros2/install/px4_msgs/include/px4_msgs/px4_msgs/msg/detail/landing_gear__rosidl_typesupport_introspection_c.h\n'}
[0.915032] (px4_msgs) StdoutLine: {'line': b'-- Up-to-date: /home/nicolas/ws_ros2/install/px4_msgs/include/px4_msgs/px4_msgs/msg/detail/gps_dump__type_support.c\n'}
[0.915065] (px4_msgs) StdoutLine: {'line': b'-- Up-to-date: /home/nicolas/ws_ros2/install/px4_msgs/include/px4_msgs/px4_msgs/msg/detail/open_drone_id_system__rosidl_typesupport_introspection_c.h\n'}
[0.915098] (px4_msgs) StdoutLine: {'line': b'-- Up-to-date: /home/nicolas/ws_ros2/install/px4_msgs/include/px4_msgs/px4_msgs/msg/detail/neural_control__type_support.c\n'}
[0.915131] (px4_msgs) StdoutLine: {'line': b'-- Up-to-date: /home/nicolas/ws_ros2/install/px4_msgs/include/px4_msgs/px4_msgs/msg/detail/orb_test__rosidl_typesupport_introspection_c.h\n'}
[0.915165] (px4_msgs) StdoutLine: {'line': b'-- Up-to-date: /home/nicolas/ws_ros2/install/px4_msgs/include/px4_msgs/px4_msgs/msg/detail/sensor_selection__type_support.c\n'}
[0.915198] (px4_msgs) StdoutLine: {'line': b'-- Up-to-date: /home/nicolas/ws_ros2/install/px4_msgs/include/px4_msgs/px4_msgs/msg/detail/fixed_wing_longitudinal_setpoint__type_support.c\n'}
[0.915230] (px4_msgs) StdoutLine: {'line': b'-- Up-to-date: /home/nicolas/ws_ros2/install/px4_msgs/include/px4_msgs/px4_msgs/msg/detail/vehicle_local_position__rosidl_typesupport_introspection_c.h\n'}
[0.915264] (px4_msgs) StdoutLine: {'line': b'-- Up-to-date: /home/nicolas/ws_ros2/install/px4_msgs/include/px4_msgs/px4_msgs/msg/detail/fixed_wing_lateral_setpoint__type_support.c\n'}
[0.915302] (px4_msgs) StdoutLine: {'line': b'-- Up-to-date: /home/nicolas/ws_ros2/install/px4_msgs/include/px4_msgs/px4_msgs/msg/detail/landing_target_innovations__rosidl_typesupport_introspection_c.h\n'}
[0.915338] (px4_msgs) StdoutLine: {'line': b'-- Up-to-date: /home/nicolas/ws_ros2/install/px4_msgs/include/px4_msgs/px4_msgs/msg/detail/system_power__type_support.c\n'}
[0.915375] (px4_msgs) StdoutLine: {'line': b'-- Up-to-date: /home/nicolas/ws_ros2/install/px4_msgs/include/px4_msgs/px4_msgs/msg/detail/control_allocator_status__rosidl_typesupport_introspection_c.h\n'}
[0.915411] (px4_msgs) StdoutLine: {'line': b'-- Up-to-date: /home/nicolas/ws_ros2/install/px4_msgs/include/px4_msgs/px4_msgs/msg/detail/parameter_set_used_request__type_support.c\n'}
[0.915448] (px4_msgs) StdoutLine: {'line': b'-- Up-to-date: /home/nicolas/ws_ros2/install/px4_msgs/include/px4_msgs/px4_msgs/msg/detail/config_overrides__rosidl_typesupport_introspection_c.h\n'}
[0.915483] (px4_msgs) StdoutLine: {'line': b'-- Up-to-date: /home/nicolas/ws_ros2/install/px4_msgs/include/px4_msgs/px4_msgs/msg/detail/estimator_aid_source3d__type_support.c\n'}
[0.915519] (px4_msgs) StdoutLine: {'line': b'-- Up-to-date: /home/nicolas/ws_ros2/install/px4_msgs/include/px4_msgs/px4_msgs/msg/detail/wheel_encoders__rosidl_typesupport_introspection_c.h\n'}
[0.915556] (px4_msgs) StdoutLine: {'line': b'-- Up-to-date: /home/nicolas/ws_ros2/install/px4_msgs/include/px4_msgs/px4_msgs/msg/detail/esc_report__rosidl_typesupport_introspection_c.h\n'}
[0.915592] (px4_msgs) StdoutLine: {'line': b'-- Up-to-date: /home/nicolas/ws_ros2/install/px4_msgs/include/px4_msgs/px4_msgs/msg/detail/offboard_control_mode__type_support.c\n'}
[0.915660] (px4_msgs) StdoutLine: {'line': b'-- Up-to-date: /home/nicolas/ws_ros2/install/px4_msgs/include/px4_msgs/px4_msgs/msg/detail/health_report__rosidl_typesupport_introspection_c.h\n'}
[0.915722] (px4_msgs) StdoutLine: {'line': b'-- Up-to-date: /home/nicolas/ws_ros2/install/px4_msgs/include/px4_msgs/px4_msgs/msg/detail/follow_target__rosidl_typesupport_introspection_c.h\n'}
[0.915759] (px4_msgs) StdoutLine: {'line': b'-- Up-to-date: /home/nicolas/ws_ros2/install/px4_msgs/include/px4_msgs/px4_msgs/msg/detail/task_stack_info__rosidl_typesupport_introspection_c.h\n'}
[0.915799] (px4_msgs) StdoutLine: {'line': b'-- Up-to-date: /home/nicolas/ws_ros2/install/px4_msgs/include/px4_msgs/px4_msgs/msg/detail/rtl_status__rosidl_typesupport_introspection_c.h\n'}
[0.915833] (px4_msgs) StdoutLine: {'line': b'-- Up-to-date: /home/nicolas/ws_ros2/install/px4_msgs/include/px4_msgs/px4_msgs/msg/detail/uavcan_parameter_value__rosidl_typesupport_introspection_c.h\n'}
[0.915866] (px4_msgs) StdoutLine: {'line': b'-- Up-to-date: /home/nicolas/ws_ros2/install/px4_msgs/include/px4_msgs/px4_msgs/msg/detail/gimbal_manager_set_attitude__rosidl_typesupport_introspection_c.h\n'}
[0.915915] (px4_msgs) StdoutLine: {'line': b'-- Up-to-date: /home/nicolas/ws_ros2/install/px4_msgs/include/px4_msgs/px4_msgs/msg/detail/sensor_accel__type_support.c\n'}
[0.915948] (px4_msgs) StdoutLine: {'line': b'-- Up-to-date: /home/nicolas/ws_ros2/install/px4_msgs/include/px4_msgs/px4_msgs/msg/detail/mavlink_log__type_support.c\n'}
[0.915981] (px4_msgs) StdoutLine: {'line': b'-- Up-to-date: /home/nicolas/ws_ros2/install/px4_msgs/include/px4_msgs/px4_msgs/msg/detail/camera_capture__rosidl_typesupport_introspection_c.h\n'}
[0.916014] (px4_msgs) StdoutLine: {'line': b'-- Up-to-date: /home/nicolas/ws_ros2/install/px4_msgs/include/px4_msgs/px4_msgs/msg/detail/parameter_set_value_response__type_support.c\n'}
[0.916047] (px4_msgs) StdoutLine: {'line': b'-- Up-to-date: /home/nicolas/ws_ros2/install/px4_msgs/include/px4_msgs/px4_msgs/msg/detail/vehicle_thrust_setpoint__rosidl_typesupport_introspection_c.h\n'}
[0.916085] (px4_msgs) StdoutLine: {'line': b'-- Up-to-date: /home/nicolas/ws_ros2/install/px4_msgs/include/px4_msgs/px4_msgs/msg/detail/sensor_mag__rosidl_typesupport_introspection_c.h\n'}
[0.916118] (px4_msgs) StdoutLine: {'line': b'-- Up-to-date: /home/nicolas/ws_ros2/install/px4_msgs/include/px4_msgs/px4_msgs/msg/detail/rover_speed_setpoint__rosidl_typesupport_introspection_c.h\n'}
[0.916153] (px4_msgs) StdoutLine: {'line': b'-- Up-to-date: /home/nicolas/ws_ros2/install/px4_msgs/include/px4_msgs/px4_msgs/msg/detail/vehicle_status__type_support.c\n'}
[0.916190] (px4_msgs) StdoutLine: {'line': b'-- Up-to-date: /home/nicolas/ws_ros2/install/px4_msgs/include/px4_msgs/px4_msgs/msg/detail/gimbal_manager_set_attitude__type_support.c\n'}
[0.916226] (px4_msgs) StdoutLine: {'line': b'-- Up-to-date: /home/nicolas/ws_ros2/install/px4_msgs/include/px4_msgs/px4_msgs/msg/detail/px4io_status__rosidl_typesupport_introspection_c.h\n'}
[0.916263] (px4_msgs) StdoutLine: {'line': b'-- Up-to-date: /home/nicolas/ws_ros2/install/px4_msgs/include/px4_msgs/px4_msgs/msg/detail/ping__type_support.c\n'}
[0.916299] (px4_msgs) StdoutLine: {'line': b'-- Up-to-date: /home/nicolas/ws_ros2/install/px4_msgs/include/px4_msgs/px4_msgs/msg/detail/gpio_out__rosidl_typesupport_introspection_c.h\n'}
[0.916335] (px4_msgs) StdoutLine: {'line': b'-- Up-to-date: /home/nicolas/ws_ros2/install/px4_msgs/include/px4_msgs/px4_msgs/msg/detail/navigator_status__rosidl_typesupport_introspection_c.h\n'}
[0.916371] (px4_msgs) StdoutLine: {'line': b'-- Up-to-date: /home/nicolas/ws_ros2/install/px4_msgs/include/px4_msgs/px4_msgs/msg/detail/mission__type_support.c\n'}
[0.916407] (px4_msgs) StdoutLine: {'line': b'-- Up-to-date: /home/nicolas/ws_ros2/install/px4_msgs/include/px4_msgs/px4_msgs/msg/detail/uavcan_parameter_request__rosidl_typesupport_introspection_c.h\n'}
[0.916443] (px4_msgs) StdoutLine: {'line': b'-- Up-to-date: /home/nicolas/ws_ros2/install/px4_msgs/include/px4_msgs/px4_msgs/msg/detail/px4io_status__type_support.c\n'}
[0.916481] (px4_msgs) StdoutLine: {'line': b'-- Up-to-date: /home/nicolas/ws_ros2/install/px4_msgs/include/px4_msgs/px4_msgs/msg/detail/mavlink_tunnel__rosidl_typesupport_introspection_c.h\n'}
[0.916518] (px4_msgs) StdoutLine: {'line': b'-- Up-to-date: /home/nicolas/ws_ros2/install/px4_msgs/include/px4_msgs/px4_msgs/msg/detail/gps_inject_data__type_support.c\n'}
[0.916554] (px4_msgs) StdoutLine: {'line': b'-- Up-to-date: /home/nicolas/ws_ros2/install/px4_msgs/include/px4_msgs/px4_msgs/msg/detail/mission__rosidl_typesupport_introspection_c.h\n'}
[0.916590] (px4_msgs) StdoutLine: {'line': b'-- Up-to-date: /home/nicolas/ws_ros2/install/px4_msgs/include/px4_msgs/px4_msgs/msg/detail/tune_control__type_support.c\n'}
[0.916626] (px4_msgs) StdoutLine: {'line': b'-- Up-to-date: /home/nicolas/ws_ros2/install/px4_msgs/include/px4_msgs/px4_msgs/msg/detail/estimator_selector_status__type_support.c\n'}
[0.916661] (px4_msgs) StdoutLine: {'line': b'-- Up-to-date: /home/nicolas/ws_ros2/install/px4_msgs/include/px4_msgs/px4_msgs/msg/detail/sensor_preflight_mag__type_support.c\n'}
[0.916703] (px4_msgs) StdoutLine: {'line': b'-- Up-to-date: /home/nicolas/ws_ros2/install/px4_msgs/include/px4_msgs/px4_msgs/msg/detail/rover_steering_setpoint__rosidl_typesupport_introspection_c.h\n'}
[0.916769] (px4_msgs) StdoutLine: {'line': b'-- Up-to-date: /home/nicolas/ws_ros2/install/px4_msgs/include/px4_msgs/px4_msgs/msg/detail/rc_parameter_map__type_support.c\n'}
[0.916820] (px4_msgs) StdoutLine: {'line': b'-- Up-to-date: /home/nicolas/ws_ros2/install/px4_msgs/include/px4_msgs/px4_msgs/msg/detail/landing_target_pose__type_support.c\n'}
[0.916862] (px4_msgs) StdoutLine: {'line': b'-- Up-to-date: /home/nicolas/ws_ros2/install/px4_msgs/include/px4_msgs/px4_msgs/msg/detail/timesync_status__type_support.c\n'}
[0.916895] (px4_msgs) StdoutLine: {'line': b'-- Up-to-date: /home/nicolas/ws_ros2/install/px4_msgs/include/px4_msgs/px4_msgs/msg/detail/mount_orientation__rosidl_typesupport_introspection_c.h\n'}
[0.916928] (px4_msgs) StdoutLine: {'line': b'-- Up-to-date: /home/nicolas/ws_ros2/install/px4_msgs/include/px4_msgs/px4_msgs/msg/detail/heater_status__rosidl_typesupport_introspection_c.h\n'}
[0.916961] (px4_msgs) StdoutLine: {'line': b'-- Up-to-date: /home/nicolas/ws_ros2/install/px4_msgs/include/px4_msgs/px4_msgs/msg/detail/fixed_wing_lateral_status__type_support.c\n'}
[0.916994] (px4_msgs) StdoutLine: {'line': b'-- Up-to-date: /home/nicolas/ws_ros2/install/px4_msgs/include/px4_msgs/px4_msgs/msg/detail/obstacle_distance__rosidl_typesupport_introspection_c.h\n'}
[0.917027] (px4_msgs) StdoutLine: {'line': b'-- Up-to-date: /home/nicolas/ws_ros2/install/px4_msgs/include/px4_msgs/px4_msgs/msg/detail/failure_detector_status__type_support.c\n'}
[0.917062] (px4_msgs) StdoutLine: {'line': b'-- Up-to-date: /home/nicolas/ws_ros2/install/px4_msgs/include/px4_msgs/px4_msgs/msg/detail/sensors_status_imu__type_support.c\n'}
[0.917097] (px4_msgs) StdoutLine: {'line': b'-- Up-to-date: /home/nicolas/ws_ros2/install/px4_msgs/include/px4_msgs/px4_msgs/msg/detail/vehicle_control_mode__rosidl_typesupport_introspection_c.h\n'}
[0.917133] (px4_msgs) StdoutLine: {'line': b'-- Up-to-date: /home/nicolas/ws_ros2/install/px4_msgs/include/px4_msgs/px4_msgs/msg/detail/gimbal_manager_set_manual_control__rosidl_typesupport_introspection_c.h\n'}
[0.917170] (px4_msgs) StdoutLine: {'line': b'-- Up-to-date: /home/nicolas/ws_ros2/install/px4_msgs/include/px4_msgs/px4_msgs/msg/detail/parameter_set_value_response__rosidl_typesupport_introspection_c.h\n'}
[0.917227] (px4_msgs) StdoutLine: {'line': b'-- Up-to-date: /home/nicolas/ws_ros2/install/px4_msgs/include/px4_msgs/px4_msgs/msg/detail/camera_capture__type_support.c\n'}
[0.917261] (px4_msgs) StdoutLine: {'line': b'-- Up-to-date: /home/nicolas/ws_ros2/install/px4_msgs/include/px4_msgs/px4_msgs/msg/detail/vehicle_optical_flow_vel__rosidl_typesupport_introspection_c.h\n'}
[0.917310] (px4_msgs) StdoutLine: {'line': b'-- Up-to-date: /home/nicolas/ws_ros2/install/px4_msgs/include/px4_msgs/px4_msgs/msg/detail/fixed_wing_lateral_guidance_status__rosidl_typesupport_introspection_c.h\n'}
[0.917347] (px4_msgs) StdoutLine: {'line': b'-- Up-to-date: /home/nicolas/ws_ros2/install/px4_msgs/include/px4_msgs/px4_msgs/msg/detail/qshell_req__rosidl_typesupport_introspection_c.h\n'}
[0.917380] (px4_msgs) StdoutLine: {'line': b'-- Up-to-date: /home/nicolas/ws_ros2/install/px4_msgs/include/px4_msgs/px4_msgs/msg/detail/estimator_bias__type_support.c\n'}
[0.917413] (px4_msgs) StdoutLine: {'line': b'-- Up-to-date: /home/nicolas/ws_ros2/install/px4_msgs/include/px4_msgs/px4_msgs/msg/detail/sensor_hygrometer__type_support.c\n'}
[0.917446] (px4_msgs) StdoutLine: {'line': b'-- Up-to-date: /home/nicolas/ws_ros2/install/px4_msgs/include/px4_msgs/px4_msgs/msg/detail/dataman_request__type_support.c\n'}
[0.917478] (px4_msgs) StdoutLine: {'line': b'-- Up-to-date: /home/nicolas/ws_ros2/install/px4_msgs/include/px4_msgs/px4_msgs/msg/detail/obstacle_distance__type_support.c\n'}
[0.917510] (px4_msgs) StdoutLine: {'line': b'-- Up-to-date: /home/nicolas/ws_ros2/install/px4_msgs/include/px4_msgs/px4_msgs/msg/detail/sensor_combined__type_support.c\n'}
[0.917543] (px4_msgs) StdoutLine: {'line': b'-- Up-to-date: /home/nicolas/ws_ros2/install/px4_msgs/include/px4_msgs/px4_msgs/msg/detail/trajectory_setpoint6dof__rosidl_typesupport_introspection_c.h\n'}
[0.917578] (px4_msgs) StdoutLine: {'line': b'-- Up-to-date: /home/nicolas/ws_ros2/install/px4_msgs/include/px4_msgs/px4_msgs/msg/detail/parameter_reset_request__rosidl_typesupport_introspection_c.h\n'}
[0.917614] (px4_msgs) StdoutLine: {'line': b'-- Up-to-date: /home/nicolas/ws_ros2/install/px4_msgs/include/px4_msgs/px4_msgs/msg/detail/normalized_unsigned_setpoint__rosidl_typesupport_introspection_c.h\n'}
[0.917650] (px4_msgs) StdoutLine: {'line': b'-- Up-to-date: /home/nicolas/ws_ros2/install/px4_msgs/include/px4_msgs/px4_msgs/msg/detail/vehicle_land_detected__rosidl_typesupport_introspection_c.h\n'}
[0.917691] (px4_msgs) StdoutLine: {'line': b'-- Up-to-date: /home/nicolas/ws_ros2/install/px4_msgs/include/px4_msgs/px4_msgs/msg/detail/button_event__type_support.c\n'}
[0.917730] (px4_msgs) StdoutLine: {'line': b'-- Up-to-date: /home/nicolas/ws_ros2/install/px4_msgs/include/px4_msgs/px4_msgs/msg/detail/gps_inject_data__rosidl_typesupport_introspection_c.h\n'}
[0.917766] (px4_msgs) StdoutLine: {'line': b'-- Up-to-date: /home/nicolas/ws_ros2/install/px4_msgs/include/px4_msgs/px4_msgs/msg/detail/navigator_mission_item__rosidl_typesupport_introspection_c.h\n'}
[0.917820] (px4_msgs) StdoutLine: {'line': b'-- Up-to-date: /home/nicolas/ws_ros2/install/px4_msgs/include/px4_msgs/px4_msgs/msg/detail/estimator_aid_source3d__rosidl_typesupport_introspection_c.h\n'}
[0.917854] (px4_msgs) StdoutLine: {'line': b'-- Up-to-date: /home/nicolas/ws_ros2/install/px4_msgs/include/px4_msgs/px4_msgs/msg/detail/message_format_response__type_support.c\n'}
[0.917886] (px4_msgs) StdoutLine: {'line': b'-- Up-to-date: /home/nicolas/ws_ros2/install/px4_msgs/include/px4_msgs/px4_msgs/msg/detail/gimbal_device_attitude_status__rosidl_typesupport_introspection_c.h\n'}
[0.917919] (px4_msgs) StdoutLine: {'line': b'-- Up-to-date: /home/nicolas/ws_ros2/install/px4_msgs/include/px4_msgs/px4_msgs/msg/detail/esc_status__type_support.c\n'}
[0.917952] (px4_msgs) StdoutLine: {'line': b'-- Up-to-date: /home/nicolas/ws_ros2/install/px4_msgs/include/px4_msgs/px4_msgs/msg/detail/vehicle_imu__rosidl_typesupport_introspection_c.h\n'}
[0.918013] (px4_msgs) StdoutLine: {'line': b'-- Up-to-date: /home/nicolas/ws_ros2/install/px4_msgs/include/px4_msgs/px4_msgs/msg/detail/open_drone_id_operator_id__rosidl_typesupport_introspection_c.h\n'}
[0.918049] (px4_msgs) StdoutLine: {'line': b'-- Up-to-date: /home/nicolas/ws_ros2/install/px4_msgs/include/px4_msgs/px4_msgs/msg/detail/sensor_optical_flow__type_support.c\n'}
[0.918081] (px4_msgs) StdoutLine: {'line': b'-- Up-to-date: /home/nicolas/ws_ros2/install/px4_msgs/include/px4_msgs/px4_msgs/msg/detail/sensor_gps__rosidl_typesupport_introspection_c.h\n'}
[0.918113] (px4_msgs) StdoutLine: {'line': b'-- Up-to-date: /home/nicolas/ws_ros2/install/px4_msgs/include/px4_msgs/px4_msgs/msg/detail/sensor_accel_fifo__rosidl_typesupport_introspection_c.h\n'}
[0.918149] (px4_msgs) StdoutLine: {'line': b'-- Up-to-date: /home/nicolas/ws_ros2/install/px4_msgs/include/px4_msgs/px4_msgs/msg/detail/estimator_bias__rosidl_typesupport_introspection_c.h\n'}
[0.918181] (px4_msgs) StdoutLine: {'line': b'-- Up-to-date: /home/nicolas/ws_ros2/install/px4_msgs/include/px4_msgs/px4_msgs/msg/detail/ulog_stream__rosidl_typesupport_introspection_c.h\n'}
[0.918217] (px4_msgs) StdoutLine: {'line': b'-- Up-to-date: /home/nicolas/ws_ros2/install/px4_msgs/include/px4_msgs/px4_msgs/msg/detail/position_setpoint_triplet__type_support.c\n'}
[0.918252] (px4_msgs) StdoutLine: {'line': b'-- Up-to-date: /home/nicolas/ws_ros2/install/px4_msgs/include/px4_msgs/px4_msgs/msg/detail/sensor_gyro_fifo__rosidl_typesupport_introspection_c.h\n'}
[0.918328] (px4_msgs) StdoutLine: {'line': b'-- Up-to-date: /home/nicolas/ws_ros2/install/px4_msgs/include/px4_msgs/px4_msgs/msg/detail/uavcan_parameter_request__type_support.c\n'}
[0.918362] (px4_msgs) StdoutLine: {'line': b'-- Up-to-date: /home/nicolas/ws_ros2/install/px4_msgs/include/px4_msgs/px4_msgs/msg/detail/task_stack_info__type_support.c\n'}
[0.918394] (px4_msgs) StdoutLine: {'line': b'-- Up-to-date: /home/nicolas/ws_ros2/install/px4_msgs/include/px4_msgs/px4_msgs/msg/detail/config_overrides__type_support.c\n'}
[0.918426] (px4_msgs) StdoutLine: {'line': b'-- Up-to-date: /home/nicolas/ws_ros2/install/px4_msgs/include/px4_msgs/px4_msgs/msg/detail/differential_pressure__type_support.c\n'}
[0.918461] (px4_msgs) StdoutLine: {'line': b'-- Up-to-date: /home/nicolas/ws_ros2/install/px4_msgs/include/px4_msgs/px4_msgs/msg/detail/transponder_report__type_support.c\n'}
[0.918496] (px4_msgs) StdoutLine: {'line': b'-- Up-to-date: /home/nicolas/ws_ros2/install/px4_msgs/include/px4_msgs/px4_msgs/msg/detail/onboard_computer_status__type_support.c\n'}
[0.918531] (px4_msgs) StdoutLine: {'line': b'-- Up-to-date: /home/nicolas/ws_ros2/install/px4_msgs/include/px4_msgs/px4_msgs/msg/detail/cpuload__type_support.c\n'}
[0.918567] (px4_msgs) StdoutLine: {'line': b'-- Up-to-date: /home/nicolas/ws_ros2/install/px4_msgs/include/px4_msgs/px4_msgs/msg/detail/qshell_req__type_support.c\n'}
[0.918602] (px4_msgs) StdoutLine: {'line': b'-- Up-to-date: /home/nicolas/ws_ros2/install/px4_msgs/include/px4_msgs/px4_msgs/msg/detail/open_drone_id_arm_status__type_support.c\n'}
[0.918639] (px4_msgs) StdoutLine: {'line': b'-- Up-to-date: /home/nicolas/ws_ros2/install/px4_msgs/include/px4_msgs/px4_msgs/msg/detail/pps_capture__rosidl_typesupport_introspection_c.h\n'}
[0.918674] (px4_msgs) StdoutLine: {'line': b'-- Up-to-date: /home/nicolas/ws_ros2/install/px4_msgs/include/px4_msgs/px4_msgs/msg/detail/follow_target_status__type_support.c\n'}
[0.918718] (px4_msgs) StdoutLine: {'line': b'-- Up-to-date: /home/nicolas/ws_ros2/install/px4_msgs/include/px4_msgs/px4_msgs/msg/detail/generator_status__rosidl_typesupport_introspection_c.h\n'}
[0.918755] (px4_msgs) StdoutLine: {'line': b'-- Up-to-date: /home/nicolas/ws_ros2/install/px4_msgs/include/px4_msgs/px4_msgs/msg/detail/tecs_status__type_support.c\n'}
[0.918792] (px4_msgs) StdoutLine: {'line': b'-- Up-to-date: /home/nicolas/ws_ros2/install/px4_msgs/include/px4_msgs/px4_msgs/msg/detail/led_control__type_support.c\n'}
[0.918829] (px4_msgs) StdoutLine: {'line': b'-- Up-to-date: /home/nicolas/ws_ros2/install/px4_msgs/include/px4_msgs/px4_msgs/msg/detail/yaw_estimator_status__type_support.c\n'}
[0.918893] (px4_msgs) StdoutLine: {'line': b'-- Up-to-date: /home/nicolas/ws_ros2/install/px4_msgs/include/px4_msgs/px4_msgs/msg/detail/logger_status__rosidl_typesupport_introspection_c.h\n'}
[0.918926] (px4_msgs) StdoutLine: {'line': b'-- Up-to-date: /home/nicolas/ws_ros2/install/px4_msgs/include/px4_msgs/px4_msgs/msg/detail/geofence_result__rosidl_typesupport_introspection_c.h\n'}
[0.918960] (px4_msgs) StdoutLine: {'line': b'-- Up-to-date: /home/nicolas/ws_ros2/install/px4_msgs/include/px4_msgs/px4_msgs/msg/detail/home_position__type_support.c\n'}
[0.918994] (px4_msgs) StdoutLine: {'line': b'-- Up-to-date: /home/nicolas/ws_ros2/install/px4_msgs/include/px4_msgs/px4_msgs/msg/detail/sensor_airflow__type_support.c\n'}
[0.919029] (px4_msgs) StdoutLine: {'line': b'-- Up-to-date: /home/nicolas/ws_ros2/install/px4_msgs/include/px4_msgs/px4_msgs/msg/rosidl_typesupport_introspection_c__visibility_control.h\n'}
[0.919062] (px4_msgs) StdoutLine: {'line': b'-- Up-to-date: /home/nicolas/ws_ros2/install/px4_msgs/lib/libpx4_msgs__rosidl_typesupport_introspection_c.so\n'}
[0.919097] (px4_msgs) StdoutLine: {'line': b'-- Up-to-date: /home/nicolas/ws_ros2/install/px4_msgs/lib/libpx4_msgs__rosidl_typesupport_c.so\n'}
[0.919132] (px4_msgs) StdoutLine: {'line': b'-- Up-to-date: /home/nicolas/ws_ros2/install/px4_msgs/include/px4_msgs/px4_msgs\n'}
[0.919168] (px4_msgs) StdoutLine: {'line': b'-- Up-to-date: /home/nicolas/ws_ros2/install/px4_msgs/include/px4_msgs/px4_msgs/srv\n'}
[0.919204] (px4_msgs) StdoutLine: {'line': b'-- Up-to-date: /home/nicolas/ws_ros2/install/px4_msgs/include/px4_msgs/px4_msgs/srv/detail\n'}
[0.919241] (px4_msgs) StdoutLine: {'line': b'-- Up-to-date: /home/nicolas/ws_ros2/install/px4_msgs/include/px4_msgs/px4_msgs/srv/detail/vehicle_command__rosidl_typesupport_introspection_cpp.hpp\n'}
[0.919278] (px4_msgs) StdoutLine: {'line': b'-- Up-to-date: /home/nicolas/ws_ros2/install/px4_msgs/include/px4_msgs/px4_msgs/srv/detail/vehicle_command__type_support.cpp\n'}
[0.919314] (px4_msgs) StdoutLine: {'line': b'-- Up-to-date: /home/nicolas/ws_ros2/install/px4_msgs/include/px4_msgs/px4_msgs/msg\n'}
[0.919349] (px4_msgs) StdoutLine: {'line': b'-- Up-to-date: /home/nicolas/ws_ros2/install/px4_msgs/include/px4_msgs/px4_msgs/msg/detail\n'}
[0.919385] (px4_msgs) StdoutLine: {'line': b'-- Up-to-date: /home/nicolas/ws_ros2/install/px4_msgs/include/px4_msgs/px4_msgs/msg/detail/open_drone_id_operator_id__type_support.cpp\n'}
[0.919421] (px4_msgs) StdoutLine: {'line': b'-- Up-to-date: /home/nicolas/ws_ros2/install/px4_msgs/include/px4_msgs/px4_msgs/msg/detail/fixed_wing_lateral_guidance_status__rosidl_typesupport_introspection_cpp.hpp\n'}
[0.919457] (px4_msgs) StdoutLine: {'line': b'-- Up-to-date: /home/nicolas/ws_ros2/install/px4_msgs/include/px4_msgs/px4_msgs/msg/detail/takeoff_status__rosidl_typesupport_introspection_cpp.hpp\n'}
[0.919493] (px4_msgs) StdoutLine: {'line': b'-- Up-to-date: /home/nicolas/ws_ros2/install/px4_msgs/include/px4_msgs/px4_msgs/msg/detail/sensor_hygrometer__type_support.cpp\n'}
[0.919559] (px4_msgs) StdoutLine: {'line': b'-- Up-to-date: /home/nicolas/ws_ros2/install/px4_msgs/include/px4_msgs/px4_msgs/msg/detail/differential_pressure__type_support.cpp\n'}
[0.919596] (px4_msgs) StdoutLine: {'line': b'-- Up-to-date: /home/nicolas/ws_ros2/install/px4_msgs/include/px4_msgs/px4_msgs/msg/detail/uavcan_parameter_value__type_support.cpp\n'}
[0.919633] (px4_msgs) StdoutLine: {'line': b'-- Up-to-date: /home/nicolas/ws_ros2/install/px4_msgs/include/px4_msgs/px4_msgs/msg/detail/sensor_baro__type_support.cpp\n'}
[0.919668] (px4_msgs) StdoutLine: {'line': b'-- Up-to-date: /home/nicolas/ws_ros2/install/px4_msgs/include/px4_msgs/px4_msgs/msg/detail/camera_trigger__type_support.cpp\n'}
[0.919720] (px4_msgs) StdoutLine: {'line': b'-- Up-to-date: /home/nicolas/ws_ros2/install/px4_msgs/include/px4_msgs/px4_msgs/msg/detail/estimator_aid_source2d__rosidl_typesupport_introspection_cpp.hpp\n'}
[0.919758] (px4_msgs) StdoutLine: {'line': b'-- Up-to-date: /home/nicolas/ws_ros2/install/px4_msgs/include/px4_msgs/px4_msgs/msg/detail/fixed_wing_longitudinal_setpoint__type_support.cpp\n'}
[0.919795] (px4_msgs) StdoutLine: {'line': b'-- Up-to-date: /home/nicolas/ws_ros2/install/px4_msgs/include/px4_msgs/px4_msgs/msg/detail/failure_detector_status__rosidl_typesupport_introspection_cpp.hpp\n'}
[0.919832] (px4_msgs) StdoutLine: {'line': b'-- Up-to-date: /home/nicolas/ws_ros2/install/px4_msgs/include/px4_msgs/px4_msgs/msg/detail/actuator_motors__rosidl_typesupport_introspection_cpp.hpp\n'}
[0.919870] (px4_msgs) StdoutLine: {'line': b'-- Up-to-date: /home/nicolas/ws_ros2/install/px4_msgs/include/px4_msgs/px4_msgs/msg/detail/iridiumsbd_status__rosidl_typesupport_introspection_cpp.hpp\n'}
[0.919938] (px4_msgs) StdoutLine: {'line': b'-- Up-to-date: /home/nicolas/ws_ros2/install/px4_msgs/include/px4_msgs/px4_msgs/msg/detail/ekf2_timestamps__rosidl_typesupport_introspection_cpp.hpp\n'}
[0.919972] (px4_msgs) StdoutLine: {'line': b'-- Up-to-date: /home/nicolas/ws_ros2/install/px4_msgs/include/px4_msgs/px4_msgs/msg/detail/vehicle_magnetometer__rosidl_typesupport_introspection_cpp.hpp\n'}
[0.920005] (px4_msgs) StdoutLine: {'line': b'-- Up-to-date: /home/nicolas/ws_ros2/install/px4_msgs/include/px4_msgs/px4_msgs/msg/detail/gimbal_device_attitude_status__rosidl_typesupport_introspection_cpp.hpp\n'}
[0.920041] (px4_msgs) StdoutLine: {'line': b'-- Up-to-date: /home/nicolas/ws_ros2/install/px4_msgs/include/px4_msgs/px4_msgs/msg/detail/estimator_innovations__type_support.cpp\n'}
[0.920074] (px4_msgs) StdoutLine: {'line': b'-- Up-to-date: /home/nicolas/ws_ros2/install/px4_msgs/include/px4_msgs/px4_msgs/msg/detail/vehicle_attitude__rosidl_typesupport_introspection_cpp.hpp\n'}
[0.920106] (px4_msgs) StdoutLine: {'line': b'-- Up-to-date: /home/nicolas/ws_ros2/install/px4_msgs/include/px4_msgs/px4_msgs/msg/detail/vehicle_thrust_setpoint__rosidl_typesupport_introspection_cpp.hpp\n'}
[0.920139] (px4_msgs) StdoutLine: {'line': b'-- Up-to-date: /home/nicolas/ws_ros2/install/px4_msgs/include/px4_msgs/px4_msgs/msg/detail/telemetry_status__type_support.cpp\n'}
[0.920172] (px4_msgs) StdoutLine: {'line': b'-- Up-to-date: /home/nicolas/ws_ros2/install/px4_msgs/include/px4_msgs/px4_msgs/msg/detail/vehicle_air_data__rosidl_typesupport_introspection_cpp.hpp\n'}
[0.920206] (px4_msgs) StdoutLine: {'line': b'-- Up-to-date: /home/nicolas/ws_ros2/install/px4_msgs/include/px4_msgs/px4_msgs/msg/detail/sensor_gnss_relative__rosidl_typesupport_introspection_cpp.hpp\n'}
[0.920240] (px4_msgs) StdoutLine: {'line': b'-- Up-to-date: /home/nicolas/ws_ros2/install/px4_msgs/include/px4_msgs/px4_msgs/msg/detail/can_interface_status__rosidl_typesupport_introspection_cpp.hpp\n'}
[0.920277] (px4_msgs) StdoutLine: {'line': b'-- Up-to-date: /home/nicolas/ws_ros2/install/px4_msgs/include/px4_msgs/px4_msgs/msg/detail/open_drone_id_self_id__rosidl_typesupport_introspection_cpp.hpp\n'}
[0.920313] (px4_msgs) StdoutLine: {'line': b'-- Up-to-date: /home/nicolas/ws_ros2/install/px4_msgs/include/px4_msgs/px4_msgs/msg/detail/vehicle_angular_velocity__type_support.cpp\n'}
[0.920350] (px4_msgs) StdoutLine: {'line': b'-- Up-to-date: /home/nicolas/ws_ros2/install/px4_msgs/include/px4_msgs/px4_msgs/msg/detail/longitudinal_control_configuration__rosidl_typesupport_introspection_cpp.hpp\n'}
[0.920387] (px4_msgs) StdoutLine: {'line': b'-- Up-to-date: /home/nicolas/ws_ros2/install/px4_msgs/include/px4_msgs/px4_msgs/msg/detail/uavcan_parameter_value__rosidl_typesupport_introspection_cpp.hpp\n'}
[0.920423] (px4_msgs) StdoutLine: {'line': b'-- Up-to-date: /home/nicolas/ws_ros2/install/px4_msgs/include/px4_msgs/px4_msgs/msg/detail/radio_status__rosidl_typesupport_introspection_cpp.hpp\n'}
[0.920461] (px4_msgs) StdoutLine: {'line': b'-- Up-to-date: /home/nicolas/ws_ros2/install/px4_msgs/include/px4_msgs/px4_msgs/msg/detail/radio_status__type_support.cpp\n'}
[0.920498] (px4_msgs) StdoutLine: {'line': b'-- Up-to-date: /home/nicolas/ws_ros2/install/px4_msgs/include/px4_msgs/px4_msgs/msg/detail/esc_report__rosidl_typesupport_introspection_cpp.hpp\n'}
[0.920533] (px4_msgs) StdoutLine: {'line': b'-- Up-to-date: /home/nicolas/ws_ros2/install/px4_msgs/include/px4_msgs/px4_msgs/msg/detail/vehicle_rates_setpoint__rosidl_typesupport_introspection_cpp.hpp\n'}
[0.920570] (px4_msgs) StdoutLine: {'line': b'-- Up-to-date: /home/nicolas/ws_ros2/install/px4_msgs/include/px4_msgs/px4_msgs/msg/detail/gimbal_device_attitude_status__type_support.cpp\n'}
[0.920642] (px4_msgs) StdoutLine: {'line': b'-- Up-to-date: /home/nicolas/ws_ros2/install/px4_msgs/include/px4_msgs/px4_msgs/msg/detail/estimator_event_flags__rosidl_typesupport_introspection_cpp.hpp\n'}
[0.920690] (px4_msgs) StdoutLine: {'line': b'-- Up-to-date: /home/nicolas/ws_ros2/install/px4_msgs/include/px4_msgs/px4_msgs/msg/detail/normalized_unsigned_setpoint__type_support.cpp\n'}
[0.920751] (px4_msgs) StdoutLine: {'line': b'-- Up-to-date: /home/nicolas/ws_ros2/install/px4_msgs/include/px4_msgs/px4_msgs/msg/detail/vehicle_rates_setpoint__type_support.cpp\n'}
[0.920788] (px4_msgs) StdoutLine: {'line': b'-- Up-to-date: /home/nicolas/ws_ros2/install/px4_msgs/include/px4_msgs/px4_msgs/msg/detail/control_allocator_status__type_support.cpp\n'}
[0.920825] (px4_msgs) StdoutLine: {'line': b'-- Up-to-date: /home/nicolas/ws_ros2/install/px4_msgs/include/px4_msgs/px4_msgs/msg/detail/irlock_report__type_support.cpp\n'}
[0.920862] (px4_msgs) StdoutLine: {'line': b'-- Up-to-date: /home/nicolas/ws_ros2/install/px4_msgs/include/px4_msgs/px4_msgs/msg/detail/gimbal_manager_set_attitude__type_support.cpp\n'}
[0.920899] (px4_msgs) StdoutLine: {'line': b'-- Up-to-date: /home/nicolas/ws_ros2/install/px4_msgs/include/px4_msgs/px4_msgs/msg/detail/battery_info__type_support.cpp\n'}
[0.920935] (px4_msgs) StdoutLine: {'line': b'-- Up-to-date: /home/nicolas/ws_ros2/install/px4_msgs/include/px4_msgs/px4_msgs/msg/detail/heater_status__rosidl_typesupport_introspection_cpp.hpp\n'}
[0.920971] (px4_msgs) StdoutLine: {'line': b'-- Up-to-date: /home/nicolas/ws_ros2/install/px4_msgs/include/px4_msgs/px4_msgs/msg/detail/button_event__rosidl_typesupport_introspection_cpp.hpp\n'}
[0.921007] (px4_msgs) StdoutLine: {'line': b'-- Up-to-date: /home/nicolas/ws_ros2/install/px4_msgs/include/px4_msgs/px4_msgs/msg/detail/distance_sensor_mode_change_request__type_support.cpp\n'}
[0.921044] (px4_msgs) StdoutLine: {'line': b'-- Up-to-date: /home/nicolas/ws_ros2/install/px4_msgs/include/px4_msgs/px4_msgs/msg/detail/sensor_uwb__type_support.cpp\n'}
[0.921108] (px4_msgs) StdoutLine: {'line': b'-- Up-to-date: /home/nicolas/ws_ros2/install/px4_msgs/include/px4_msgs/px4_msgs/msg/detail/vehicle_control_mode__type_support.cpp\n'}
[0.921144] (px4_msgs) StdoutLine: {'line': b'-- Up-to-date: /home/nicolas/ws_ros2/install/px4_msgs/include/px4_msgs/px4_msgs/msg/detail/vehicle_status__rosidl_typesupport_introspection_cpp.hpp\n'}
[0.921178] (px4_msgs) StdoutLine: {'line': b'-- Up-to-date: /home/nicolas/ws_ros2/install/px4_msgs/include/px4_msgs/px4_msgs/msg/detail/sensor_gnss_status__type_support.cpp\n'}
[0.921211] (px4_msgs) StdoutLine: {'line': b'-- Up-to-date: /home/nicolas/ws_ros2/install/px4_msgs/include/px4_msgs/px4_msgs/msg/detail/tune_control__type_support.cpp\n'}
[0.921245] (px4_msgs) StdoutLine: {'line': b'-- Up-to-date: /home/nicolas/ws_ros2/install/px4_msgs/include/px4_msgs/px4_msgs/msg/detail/vehicle_control_mode__rosidl_typesupport_introspection_cpp.hpp\n'}
[0.921278] (px4_msgs) StdoutLine: {'line': b'-- Up-to-date: /home/nicolas/ws_ros2/install/px4_msgs/include/px4_msgs/px4_msgs/msg/detail/fixed_wing_lateral_setpoint__type_support.cpp\n'}
[0.921312] (px4_msgs) StdoutLine: {'line': b'-- Up-to-date: /home/nicolas/ws_ros2/install/px4_msgs/include/px4_msgs/px4_msgs/msg/detail/sensors_status__type_support.cpp\n'}
[0.921344] (px4_msgs) StdoutLine: {'line': b'-- Up-to-date: /home/nicolas/ws_ros2/install/px4_msgs/include/px4_msgs/px4_msgs/msg/detail/sensor_uwb__rosidl_typesupport_introspection_cpp.hpp\n'}
[0.921377] (px4_msgs) StdoutLine: {'line': b'-- Up-to-date: /home/nicolas/ws_ros2/install/px4_msgs/include/px4_msgs/px4_msgs/msg/detail/hover_thrust_estimate__type_support.cpp\n'}
[0.921412] (px4_msgs) StdoutLine: {'line': b'-- Up-to-date: /home/nicolas/ws_ros2/install/px4_msgs/include/px4_msgs/px4_msgs/msg/detail/debug_array__rosidl_typesupport_introspection_cpp.hpp\n'}
[0.921447] (px4_msgs) StdoutLine: {'line': b'-- Up-to-date: /home/nicolas/ws_ros2/install/px4_msgs/include/px4_msgs/px4_msgs/msg/detail/velocity_limits__type_support.cpp\n'}
[0.921482] (px4_msgs) StdoutLine: {'line': b'-- Up-to-date: /home/nicolas/ws_ros2/install/px4_msgs/include/px4_msgs/px4_msgs/msg/detail/trajectory_setpoint6dof__rosidl_typesupport_introspection_cpp.hpp\n'}
[0.921518] (px4_msgs) StdoutLine: {'line': b'-- Up-to-date: /home/nicolas/ws_ros2/install/px4_msgs/include/px4_msgs/px4_msgs/msg/detail/sensor_airflow__type_support.cpp\n'}
[0.921557] (px4_msgs) StdoutLine: {'line': b'-- Up-to-date: /home/nicolas/ws_ros2/install/px4_msgs/include/px4_msgs/px4_msgs/msg/detail/estimator_sensor_bias__type_support.cpp\n'}
[0.921592] (px4_msgs) StdoutLine: {'line': b'-- Up-to-date: /home/nicolas/ws_ros2/install/px4_msgs/include/px4_msgs/px4_msgs/msg/detail/satellite_info__type_support.cpp\n'}
[0.921627] (px4_msgs) StdoutLine: {'line': b'-- Up-to-date: /home/nicolas/ws_ros2/install/px4_msgs/include/px4_msgs/px4_msgs/msg/detail/rover_attitude_status__rosidl_typesupport_introspection_cpp.hpp\n'}
[0.921664] (px4_msgs) StdoutLine: {'line': b'-- Up-to-date: /home/nicolas/ws_ros2/install/px4_msgs/include/px4_msgs/px4_msgs/msg/detail/figure_eight_status__rosidl_typesupport_introspection_cpp.hpp\n'}
[0.921724] (px4_msgs) StdoutLine: {'line': b'-- Up-to-date: /home/nicolas/ws_ros2/install/px4_msgs/include/px4_msgs/px4_msgs/msg/detail/airspeed_validated__rosidl_typesupport_introspection_cpp.hpp\n'}
[0.921758] (px4_msgs) StdoutLine: {'line': b'-- Up-to-date: /home/nicolas/ws_ros2/install/px4_msgs/include/px4_msgs/px4_msgs/msg/detail/manual_control_switches__rosidl_typesupport_introspection_cpp.hpp\n'}
[0.921817] (px4_msgs) StdoutLine: {'line': b'-- Up-to-date: /home/nicolas/ws_ros2/install/px4_msgs/include/px4_msgs/px4_msgs/msg/detail/gimbal_device_set_attitude__type_support.cpp\n'}
[0.921852] (px4_msgs) StdoutLine: {'line': b'-- Up-to-date: /home/nicolas/ws_ros2/install/px4_msgs/include/px4_msgs/px4_msgs/msg/detail/uavcan_parameter_request__rosidl_typesupport_introspection_cpp.hpp\n'}
[0.921885] (px4_msgs) StdoutLine: {'line': b'-- Up-to-date: /home/nicolas/ws_ros2/install/px4_msgs/include/px4_msgs/px4_msgs/msg/detail/logger_status__type_support.cpp\n'}
[0.921936] (px4_msgs) StdoutLine: {'line': b'-- Up-to-date: /home/nicolas/ws_ros2/install/px4_msgs/include/px4_msgs/px4_msgs/msg/detail/distance_sensor__type_support.cpp\n'}
[0.921969] (px4_msgs) StdoutLine: {'line': b'-- Up-to-date: /home/nicolas/ws_ros2/install/px4_msgs/include/px4_msgs/px4_msgs/msg/detail/sensor_selection__type_support.cpp\n'}
[0.922002] (px4_msgs) StdoutLine: {'line': b'-- Up-to-date: /home/nicolas/ws_ros2/install/px4_msgs/include/px4_msgs/px4_msgs/msg/detail/sensors_status_imu__type_support.cpp\n'}
[0.922035] (px4_msgs) StdoutLine: {'line': b'-- Up-to-date: /home/nicolas/ws_ros2/install/px4_msgs/include/px4_msgs/px4_msgs/msg/detail/sensors_status__rosidl_typesupport_introspection_cpp.hpp\n'}
[0.922068] (px4_msgs) StdoutLine: {'line': b'-- Up-to-date: /home/nicolas/ws_ros2/install/px4_msgs/include/px4_msgs/px4_msgs/msg/detail/parameter_reset_request__type_support.cpp\n'}
[0.922101] (px4_msgs) StdoutLine: {'line': b'-- Up-to-date: /home/nicolas/ws_ros2/install/px4_msgs/include/px4_msgs/px4_msgs/msg/detail/vtol_vehicle_status__rosidl_typesupport_introspection_cpp.hpp\n'}
[0.922136] (px4_msgs) StdoutLine: {'line': b'-- Up-to-date: /home/nicolas/ws_ros2/install/px4_msgs/include/px4_msgs/px4_msgs/msg/detail/collision_constraints__type_support.cpp\n'}
[0.922169] (px4_msgs) StdoutLine: {'line': b'-- Up-to-date: /home/nicolas/ws_ros2/install/px4_msgs/include/px4_msgs/px4_msgs/msg/detail/sensor_accel_fifo__type_support.cpp\n'}
[0.922201] (px4_msgs) StdoutLine: {'line': b'-- Up-to-date: /home/nicolas/ws_ros2/install/px4_msgs/include/px4_msgs/px4_msgs/msg/detail/orb_test_medium__rosidl_typesupport_introspection_cpp.hpp\n'}
[0.922234] (px4_msgs) StdoutLine: {'line': b'-- Up-to-date: /home/nicolas/ws_ros2/install/px4_msgs/include/px4_msgs/px4_msgs/msg/detail/airspeed_validated__type_support.cpp\n'}
[0.922267] (px4_msgs) StdoutLine: {'line': b'-- Up-to-date: /home/nicolas/ws_ros2/install/px4_msgs/include/px4_msgs/px4_msgs/msg/detail/collision_constraints__rosidl_typesupport_introspection_cpp.hpp\n'}
[0.922300] (px4_msgs) StdoutLine: {'line': b'-- Up-to-date: /home/nicolas/ws_ros2/install/px4_msgs/include/px4_msgs/px4_msgs/msg/detail/position_setpoint__rosidl_typesupport_introspection_cpp.hpp\n'}
[0.922336] (px4_msgs) StdoutLine: {'line': b'-- Up-to-date: /home/nicolas/ws_ros2/install/px4_msgs/include/px4_msgs/px4_msgs/msg/detail/pure_pursuit_status__type_support.cpp\n'}
[0.922390] (px4_msgs) StdoutLine: {'line': b'-- Up-to-date: /home/nicolas/ws_ros2/install/px4_msgs/include/px4_msgs/px4_msgs/msg/detail/estimator_aid_source3d__type_support.cpp\n'}
[0.922423] (px4_msgs) StdoutLine: {'line': b'-- Up-to-date: /home/nicolas/ws_ros2/install/px4_msgs/include/px4_msgs/px4_msgs/msg/detail/vehicle_imu_status__type_support.cpp\n'}
[0.922456] (px4_msgs) StdoutLine: {'line': b'-- Up-to-date: /home/nicolas/ws_ros2/install/px4_msgs/include/px4_msgs/px4_msgs/msg/detail/estimator_selector_status__rosidl_typesupport_introspection_cpp.hpp\n'}
[0.922489] (px4_msgs) StdoutLine: {'line': b'-- Up-to-date: /home/nicolas/ws_ros2/install/px4_msgs/include/px4_msgs/px4_msgs/msg/detail/home_position__rosidl_typesupport_introspection_cpp.hpp\n'}
[0.922522] (px4_msgs) StdoutLine: {'line': b'-- Up-to-date: /home/nicolas/ws_ros2/install/px4_msgs/include/px4_msgs/px4_msgs/msg/detail/gripper__rosidl_typesupport_introspection_cpp.hpp\n'}
[0.922555] (px4_msgs) StdoutLine: {'line': b'-- Up-to-date: /home/nicolas/ws_ros2/install/px4_msgs/include/px4_msgs/px4_msgs/msg/detail/gimbal_device_information__type_support.cpp\n'}
[0.922587] (px4_msgs) StdoutLine: {'line': b'-- Up-to-date: /home/nicolas/ws_ros2/install/px4_msgs/include/px4_msgs/px4_msgs/msg/detail/ulog_stream__rosidl_typesupport_introspection_cpp.hpp\n'}
[0.922621] (px4_msgs) StdoutLine: {'line': b'-- Up-to-date: /home/nicolas/ws_ros2/install/px4_msgs/include/px4_msgs/px4_msgs/msg/detail/vehicle_thrust_setpoint__type_support.cpp\n'}
[0.922653] (px4_msgs) StdoutLine: {'line': b'-- Up-to-date: /home/nicolas/ws_ros2/install/px4_msgs/include/px4_msgs/px4_msgs/msg/detail/debug_vect__rosidl_typesupport_introspection_cpp.hpp\n'}
[0.922691] (px4_msgs) StdoutLine: {'line': b'-- Up-to-date: /home/nicolas/ws_ros2/install/px4_msgs/include/px4_msgs/px4_msgs/msg/detail/satellite_info__rosidl_typesupport_introspection_cpp.hpp\n'}
[0.922729] (px4_msgs) StdoutLine: {'line': b'-- Up-to-date: /home/nicolas/ws_ros2/install/px4_msgs/include/px4_msgs/px4_msgs/msg/detail/actuator_armed__type_support.cpp\n'}
[0.922766] (px4_msgs) StdoutLine: {'line': b'-- Up-to-date: /home/nicolas/ws_ros2/install/px4_msgs/include/px4_msgs/px4_msgs/msg/detail/actuator_test__rosidl_typesupport_introspection_cpp.hpp\n'}
[0.922806] (px4_msgs) StdoutLine: {'line': b'-- Up-to-date: /home/nicolas/ws_ros2/install/px4_msgs/include/px4_msgs/px4_msgs/msg/detail/fixed_wing_lateral_setpoint__rosidl_typesupport_introspection_cpp.hpp\n'}
[0.922866] (px4_msgs) StdoutLine: {'line': b'-- Up-to-date: /home/nicolas/ws_ros2/install/px4_msgs/include/px4_msgs/px4_msgs/msg/detail/vehicle_angular_acceleration_setpoint__rosidl_typesupport_introspection_cpp.hpp\n'}
[0.922904] (px4_msgs) StdoutLine: {'line': b'-- Up-to-date: /home/nicolas/ws_ros2/install/px4_msgs/include/px4_msgs/px4_msgs/msg/detail/task_stack_info__rosidl_typesupport_introspection_cpp.hpp\n'}
[0.922941] (px4_msgs) StdoutLine: {'line': b'-- Up-to-date: /home/nicolas/ws_ros2/install/px4_msgs/include/px4_msgs/px4_msgs/msg/detail/log_message__type_support.cpp\n'}
[0.922979] (px4_msgs) StdoutLine: {'line': b'-- Up-to-date: /home/nicolas/ws_ros2/install/px4_msgs/include/px4_msgs/px4_msgs/msg/detail/estimator_status__rosidl_typesupport_introspection_cpp.hpp\n'}
[0.923016] (px4_msgs) StdoutLine: {'line': b'-- Up-to-date: /home/nicolas/ws_ros2/install/px4_msgs/include/px4_msgs/px4_msgs/msg/detail/wind__type_support.cpp\n'}
[0.923054] (px4_msgs) StdoutLine: {'line': b'-- Up-to-date: /home/nicolas/ws_ros2/install/px4_msgs/include/px4_msgs/px4_msgs/msg/detail/sensor_combined__type_support.cpp\n'}
[0.923093] (px4_msgs) StdoutLine: {'line': b'-- Up-to-date: /home/nicolas/ws_ros2/install/px4_msgs/include/px4_msgs/px4_msgs/msg/detail/vehicle_command__rosidl_typesupport_introspection_cpp.hpp\n'}
[0.923149] (px4_msgs) StdoutLine: {'line': b'-- Up-to-date: /home/nicolas/ws_ros2/install/px4_msgs/include/px4_msgs/px4_msgs/msg/detail/follow_target_estimator__type_support.cpp\n'}
[0.923201] (px4_msgs) StdoutLine: {'line': b'-- Up-to-date: /home/nicolas/ws_ros2/install/px4_msgs/include/px4_msgs/px4_msgs/msg/detail/gimbal_controls__rosidl_typesupport_introspection_cpp.hpp\n'}
[0.923240] (px4_msgs) StdoutLine: {'line': b'-- Up-to-date: /home/nicolas/ws_ros2/install/px4_msgs/include/px4_msgs/px4_msgs/msg/detail/tecs_status__type_support.cpp\n'}
[0.923274] (px4_msgs) StdoutLine: {'line': b'-- Up-to-date: /home/nicolas/ws_ros2/install/px4_msgs/include/px4_msgs/px4_msgs/msg/detail/sensor_preflight_mag__rosidl_typesupport_introspection_cpp.hpp\n'}
[0.923308] (px4_msgs) StdoutLine: {'line': b'-- Up-to-date: /home/nicolas/ws_ros2/install/px4_msgs/include/px4_msgs/px4_msgs/msg/detail/rc_channels__type_support.cpp\n'}
[0.923343] (px4_msgs) StdoutLine: {'line': b'-- Up-to-date: /home/nicolas/ws_ros2/install/px4_msgs/include/px4_msgs/px4_msgs/msg/detail/rover_speed_setpoint__type_support.cpp\n'}
[0.923378] (px4_msgs) StdoutLine: {'line': b'-- Up-to-date: /home/nicolas/ws_ros2/install/px4_msgs/include/px4_msgs/px4_msgs/msg/detail/transponder_report__rosidl_typesupport_introspection_cpp.hpp\n'}
[0.923411] (px4_msgs) StdoutLine: {'line': b'-- Up-to-date: /home/nicolas/ws_ros2/install/px4_msgs/include/px4_msgs/px4_msgs/msg/detail/dataman_response__type_support.cpp\n'}
[0.923447] (px4_msgs) StdoutLine: {'line': b'-- Up-to-date: /home/nicolas/ws_ros2/install/px4_msgs/include/px4_msgs/px4_msgs/msg/detail/gps_dump__type_support.cpp\n'}
[0.923484] (px4_msgs) StdoutLine: {'line': b'-- Up-to-date: /home/nicolas/ws_ros2/install/px4_msgs/include/px4_msgs/px4_msgs/msg/detail/gps_dump__rosidl_typesupport_introspection_cpp.hpp\n'}
[0.923522] (px4_msgs) StdoutLine: {'line': b'-- Up-to-date: /home/nicolas/ws_ros2/install/px4_msgs/include/px4_msgs/px4_msgs/msg/detail/launch_detection_status__rosidl_typesupport_introspection_cpp.hpp\n'}
[0.923559] (px4_msgs) StdoutLine: {'line': b'-- Up-to-date: /home/nicolas/ws_ros2/install/px4_msgs/include/px4_msgs/px4_msgs/msg/detail/mavlink_tunnel__type_support.cpp\n'}
[0.923597] (px4_msgs) StdoutLine: {'line': b'-- Up-to-date: /home/nicolas/ws_ros2/install/px4_msgs/include/px4_msgs/px4_msgs/msg/detail/position_controller_status__type_support.cpp\n'}
[0.923635] (px4_msgs) StdoutLine: {'line': b'-- Up-to-date: /home/nicolas/ws_ros2/install/px4_msgs/include/px4_msgs/px4_msgs/msg/detail/mavlink_log__rosidl_typesupport_introspection_cpp.hpp\n'}
[0.923670] (px4_msgs) StdoutLine: {'line': b'-- Up-to-date: /home/nicolas/ws_ros2/install/px4_msgs/include/px4_msgs/px4_msgs/msg/detail/neural_control__rosidl_typesupport_introspection_cpp.hpp\n'}
[0.923711] (px4_msgs) StdoutLine: {'line': b'-- Up-to-date: /home/nicolas/ws_ros2/install/px4_msgs/include/px4_msgs/px4_msgs/msg/detail/generator_status__type_support.cpp\n'}
[0.923749] (px4_msgs) StdoutLine: {'line': b'-- Up-to-date: /home/nicolas/ws_ros2/install/px4_msgs/include/px4_msgs/px4_msgs/msg/detail/vehicle_optical_flow__type_support.cpp\n'}
[0.923787] (px4_msgs) StdoutLine: {'line': b'-- Up-to-date: /home/nicolas/ws_ros2/install/px4_msgs/include/px4_msgs/px4_msgs/msg/detail/sensor_gnss_status__rosidl_typesupport_introspection_cpp.hpp\n'}
[0.923825] (px4_msgs) StdoutLine: {'line': b'-- Up-to-date: /home/nicolas/ws_ros2/install/px4_msgs/include/px4_msgs/px4_msgs/msg/detail/actuator_servos_trim__type_support.cpp\n'}
[0.923871] (px4_msgs) StdoutLine: {'line': b'-- Up-to-date: /home/nicolas/ws_ros2/install/px4_msgs/include/px4_msgs/px4_msgs/msg/detail/gps_inject_data__rosidl_typesupport_introspection_cpp.hpp\n'}
[0.923908] (px4_msgs) StdoutLine: {'line': b'-- Up-to-date: /home/nicolas/ws_ros2/install/px4_msgs/include/px4_msgs/px4_msgs/msg/detail/estimator_aid_source1d__type_support.cpp\n'}
[0.923945] (px4_msgs) StdoutLine: {'line': b'-- Up-to-date: /home/nicolas/ws_ros2/install/px4_msgs/include/px4_msgs/px4_msgs/msg/detail/debug_array__type_support.cpp\n'}
[0.923982] (px4_msgs) StdoutLine: {'line': b'-- Up-to-date: /home/nicolas/ws_ros2/install/px4_msgs/include/px4_msgs/px4_msgs/msg/detail/airspeed__rosidl_typesupport_introspection_cpp.hpp\n'}
[0.924048] (px4_msgs) StdoutLine: {'line': b'-- Up-to-date: /home/nicolas/ws_ros2/install/px4_msgs/include/px4_msgs/px4_msgs/msg/detail/fixed_wing_lateral_status__rosidl_typesupport_introspection_cpp.hpp\n'}
[0.924089] (px4_msgs) StdoutLine: {'line': b'-- Up-to-date: /home/nicolas/ws_ros2/install/px4_msgs/include/px4_msgs/px4_msgs/msg/detail/camera_status__rosidl_typesupport_introspection_cpp.hpp\n'}
[0.924127] (px4_msgs) StdoutLine: {'line': b'-- Up-to-date: /home/nicolas/ws_ros2/install/px4_msgs/include/px4_msgs/px4_msgs/msg/detail/arming_check_request__rosidl_typesupport_introspection_cpp.hpp\n'}
[0.924166] (px4_msgs) StdoutLine: {'line': b'-- Up-to-date: /home/nicolas/ws_ros2/install/px4_msgs/include/px4_msgs/px4_msgs/msg/detail/gpio_out__rosidl_typesupport_introspection_cpp.hpp\n'}
[0.924203] (px4_msgs) StdoutLine: {'line': b'-- Up-to-date: /home/nicolas/ws_ros2/install/px4_msgs/include/px4_msgs/px4_msgs/msg/detail/ulog_stream_ack__rosidl_typesupport_introspection_cpp.hpp\n'}
[0.924270] (px4_msgs) StdoutLine: {'line': b'-- Up-to-date: /home/nicolas/ws_ros2/install/px4_msgs/include/px4_msgs/px4_msgs/msg/detail/manual_control_switches__type_support.cpp\n'}
[0.924305] (px4_msgs) StdoutLine: {'line': b'-- Up-to-date: /home/nicolas/ws_ros2/install/px4_msgs/include/px4_msgs/px4_msgs/msg/detail/fixed_wing_runway_control__rosidl_typesupport_introspection_cpp.hpp\n'}
[0.924342] (px4_msgs) StdoutLine: {'line': b'-- Up-to-date: /home/nicolas/ws_ros2/install/px4_msgs/include/px4_msgs/px4_msgs/msg/detail/rover_throttle_setpoint__rosidl_typesupport_introspection_cpp.hpp\n'}
[0.924378] (px4_msgs) StdoutLine: {'line': b'-- Up-to-date: /home/nicolas/ws_ros2/install/px4_msgs/include/px4_msgs/px4_msgs/msg/detail/dataman_request__rosidl_typesupport_introspection_cpp.hpp\n'}
[0.924416] (px4_msgs) StdoutLine: {'line': b'-- Up-to-date: /home/nicolas/ws_ros2/install/px4_msgs/include/px4_msgs/px4_msgs/msg/detail/vehicle_magnetometer__type_support.cpp\n'}
[0.924453] (px4_msgs) StdoutLine: {'line': b'-- Up-to-date: /home/nicolas/ws_ros2/install/px4_msgs/include/px4_msgs/px4_msgs/msg/detail/actuator_servos_trim__rosidl_typesupport_introspection_cpp.hpp\n'}
[0.924489] (px4_msgs) StdoutLine: {'line': b'-- Up-to-date: /home/nicolas/ws_ros2/install/px4_msgs/include/px4_msgs/px4_msgs/msg/detail/cellular_status__rosidl_typesupport_introspection_cpp.hpp\n'}
[0.924526] (px4_msgs) StdoutLine: {'line': b'-- Up-to-date: /home/nicolas/ws_ros2/install/px4_msgs/include/px4_msgs/px4_msgs/msg/detail/neural_control__type_support.cpp\n'}
[0.924563] (px4_msgs) StdoutLine: {'line': b'-- Up-to-date: /home/nicolas/ws_ros2/install/px4_msgs/include/px4_msgs/px4_msgs/msg/detail/esc_status__rosidl_typesupport_introspection_cpp.hpp\n'}
[0.924598] (px4_msgs) StdoutLine: {'line': b'-- Up-to-date: /home/nicolas/ws_ros2/install/px4_msgs/include/px4_msgs/px4_msgs/msg/detail/timesync_status__type_support.cpp\n'}
[0.924633] (px4_msgs) StdoutLine: {'line': b'-- Up-to-date: /home/nicolas/ws_ros2/install/px4_msgs/include/px4_msgs/px4_msgs/msg/detail/arming_check_reply__rosidl_typesupport_introspection_cpp.hpp\n'}
[0.924668] (px4_msgs) StdoutLine: {'line': b'-- Up-to-date: /home/nicolas/ws_ros2/install/px4_msgs/include/px4_msgs/px4_msgs/msg/detail/vehicle_acceleration__rosidl_typesupport_introspection_cpp.hpp\n'}
[0.924711] (px4_msgs) StdoutLine: {'line': b'-- Up-to-date: /home/nicolas/ws_ros2/install/px4_msgs/include/px4_msgs/px4_msgs/msg/detail/internal_combustion_engine_control__rosidl_typesupport_introspection_cpp.hpp\n'}
[0.924747] (px4_msgs) StdoutLine: {'line': b'-- Up-to-date: /home/nicolas/ws_ros2/install/px4_msgs/include/px4_msgs/px4_msgs/msg/detail/health_report__rosidl_typesupport_introspection_cpp.hpp\n'}
[0.924786] (px4_msgs) StdoutLine: {'line': b'-- Up-to-date: /home/nicolas/ws_ros2/install/px4_msgs/include/px4_msgs/px4_msgs/msg/detail/parameter_set_value_request__type_support.cpp\n'}
[0.924822] (px4_msgs) StdoutLine: {'line': b'-- Up-to-date: /home/nicolas/ws_ros2/install/px4_msgs/include/px4_msgs/px4_msgs/msg/detail/tiltrotor_extra_controls__type_support.cpp\n'}
[0.924856] (px4_msgs) StdoutLine: {'line': b'-- Up-to-date: /home/nicolas/ws_ros2/install/px4_msgs/include/px4_msgs/px4_msgs/msg/detail/gimbal_manager_status__type_support.cpp\n'}
[0.924921] (px4_msgs) StdoutLine: {'line': b'-- Up-to-date: /home/nicolas/ws_ros2/install/px4_msgs/include/px4_msgs/px4_msgs/msg/detail/power_monitor__rosidl_typesupport_introspection_cpp.hpp\n'}
[0.924954] (px4_msgs) StdoutLine: {'line': b'-- Up-to-date: /home/nicolas/ws_ros2/install/px4_msgs/include/px4_msgs/px4_msgs/msg/detail/autotune_attitude_control_status__type_support.cpp\n'}
[0.924989] (px4_msgs) StdoutLine: {'line': b'-- Up-to-date: /home/nicolas/ws_ros2/install/px4_msgs/include/px4_msgs/px4_msgs/msg/detail/open_drone_id_self_id__type_support.cpp\n'}
[0.925025] (px4_msgs) StdoutLine: {'line': b'-- Up-to-date: /home/nicolas/ws_ros2/install/px4_msgs/include/px4_msgs/px4_msgs/msg/detail/airspeed_wind__rosidl_typesupport_introspection_cpp.hpp\n'}
[0.925061] (px4_msgs) StdoutLine: {'line': b'-- Up-to-date: /home/nicolas/ws_ros2/install/px4_msgs/include/px4_msgs/px4_msgs/msg/detail/orb_test__type_support.cpp\n'}
[0.925098] (px4_msgs) StdoutLine: {'line': b'-- Up-to-date: /home/nicolas/ws_ros2/install/px4_msgs/include/px4_msgs/px4_msgs/msg/detail/landing_gear__rosidl_typesupport_introspection_cpp.hpp\n'}
[0.925133] (px4_msgs) StdoutLine: {'line': b'-- Up-to-date: /home/nicolas/ws_ros2/install/px4_msgs/include/px4_msgs/px4_msgs/msg/detail/vehicle_angular_velocity__rosidl_typesupport_introspection_cpp.hpp\n'}
[0.925189] (px4_msgs) StdoutLine: {'line': b'-- Up-to-date: /home/nicolas/ws_ros2/install/px4_msgs/include/px4_msgs/px4_msgs/msg/detail/rc_parameter_map__type_support.cpp\n'}
[0.925223] (px4_msgs) StdoutLine: {'line': b'-- Up-to-date: /home/nicolas/ws_ros2/install/px4_msgs/include/px4_msgs/px4_msgs/msg/detail/vehicle_attitude__type_support.cpp\n'}
[0.925259] (px4_msgs) StdoutLine: {'line': b'-- Up-to-date: /home/nicolas/ws_ros2/install/px4_msgs/include/px4_msgs/px4_msgs/msg/detail/rtl_status__type_support.cpp\n'}
[0.925313] (px4_msgs) StdoutLine: {'line': b'-- Up-to-date: /home/nicolas/ws_ros2/install/px4_msgs/include/px4_msgs/px4_msgs/msg/detail/qshell_req__rosidl_typesupport_introspection_cpp.hpp\n'}
[0.925348] (px4_msgs) StdoutLine: {'line': b'-- Up-to-date: /home/nicolas/ws_ros2/install/px4_msgs/include/px4_msgs/px4_msgs/msg/detail/sensor_optical_flow__type_support.cpp\n'}
[0.925381] (px4_msgs) StdoutLine: {'line': b'-- Up-to-date: /home/nicolas/ws_ros2/install/px4_msgs/include/px4_msgs/px4_msgs/msg/detail/open_drone_id_system__rosidl_typesupport_introspection_cpp.hpp\n'}
[0.925416] (px4_msgs) StdoutLine: {'line': b'-- Up-to-date: /home/nicolas/ws_ros2/install/px4_msgs/include/px4_msgs/px4_msgs/msg/detail/dronecan_node_status__rosidl_typesupport_introspection_cpp.hpp\n'}
[0.925449] (px4_msgs) StdoutLine: {'line': b'-- Up-to-date: /home/nicolas/ws_ros2/install/px4_msgs/include/px4_msgs/px4_msgs/msg/detail/rc_channels__rosidl_typesupport_introspection_cpp.hpp\n'}
[0.925484] (px4_msgs) StdoutLine: {'line': b'-- Up-to-date: /home/nicolas/ws_ros2/install/px4_msgs/include/px4_msgs/px4_msgs/msg/detail/wheel_encoders__rosidl_typesupport_introspection_cpp.hpp\n'}
[0.925519] (px4_msgs) StdoutLine: {'line': b'-- Up-to-date: /home/nicolas/ws_ros2/install/px4_msgs/include/px4_msgs/px4_msgs/msg/detail/led_control__rosidl_typesupport_introspection_cpp.hpp\n'}
[0.925555] (px4_msgs) StdoutLine: {'line': b'-- Up-to-date: /home/nicolas/ws_ros2/install/px4_msgs/include/px4_msgs/px4_msgs/msg/detail/orb_test_large__type_support.cpp\n'}
[0.925592] (px4_msgs) StdoutLine: {'line': b'-- Up-to-date: /home/nicolas/ws_ros2/install/px4_msgs/include/px4_msgs/px4_msgs/msg/detail/actuator_test__type_support.cpp\n'}
[0.925628] (px4_msgs) StdoutLine: {'line': b'-- Up-to-date: /home/nicolas/ws_ros2/install/px4_msgs/include/px4_msgs/px4_msgs/msg/detail/actuator_outputs__rosidl_typesupport_introspection_cpp.hpp\n'}
[0.925663] (px4_msgs) StdoutLine: {'line': b'-- Up-to-date: /home/nicolas/ws_ros2/install/px4_msgs/include/px4_msgs/px4_msgs/msg/detail/fixed_wing_lateral_status__type_support.cpp\n'}
[0.925723] (px4_msgs) StdoutLine: {'line': b'-- Up-to-date: /home/nicolas/ws_ros2/install/px4_msgs/include/px4_msgs/px4_msgs/msg/detail/transponder_report__type_support.cpp\n'}
[0.925759] (px4_msgs) StdoutLine: {'line': b'-- Up-to-date: /home/nicolas/ws_ros2/install/px4_msgs/include/px4_msgs/px4_msgs/msg/detail/rtl_status__rosidl_typesupport_introspection_cpp.hpp\n'}
[0.925795] (px4_msgs) StdoutLine: {'line': b'-- Up-to-date: /home/nicolas/ws_ros2/install/px4_msgs/include/px4_msgs/px4_msgs/msg/detail/mag_worker_data__type_support.cpp\n'}
[0.925831] (px4_msgs) StdoutLine: {'line': b'-- Up-to-date: /home/nicolas/ws_ros2/install/px4_msgs/include/px4_msgs/px4_msgs/msg/detail/cpuload__type_support.cpp\n'}
[0.925868] (px4_msgs) StdoutLine: {'line': b'-- Up-to-date: /home/nicolas/ws_ros2/install/px4_msgs/include/px4_msgs/px4_msgs/msg/detail/lateral_control_configuration__type_support.cpp\n'}
[0.925903] (px4_msgs) StdoutLine: {'line': b'-- Up-to-date: /home/nicolas/ws_ros2/install/px4_msgs/include/px4_msgs/px4_msgs/msg/detail/rover_steering_setpoint__rosidl_typesupport_introspection_cpp.hpp\n'}
[0.925939] (px4_msgs) StdoutLine: {'line': b'-- Up-to-date: /home/nicolas/ws_ros2/install/px4_msgs/include/px4_msgs/px4_msgs/msg/detail/differential_pressure__rosidl_typesupport_introspection_cpp.hpp\n'}
[0.925976] (px4_msgs) StdoutLine: {'line': b'-- Up-to-date: /home/nicolas/ws_ros2/install/px4_msgs/include/px4_msgs/px4_msgs/msg/detail/adc_report__type_support.cpp\n'}
[0.926012] (px4_msgs) StdoutLine: {'line': b'-- Up-to-date: /home/nicolas/ws_ros2/install/px4_msgs/include/px4_msgs/px4_msgs/msg/detail/actuator_controls_status__rosidl_typesupport_introspection_cpp.hpp\n'}
[0.926048] (px4_msgs) StdoutLine: {'line': b'-- Up-to-date: /home/nicolas/ws_ros2/install/px4_msgs/include/px4_msgs/px4_msgs/msg/detail/vehicle_global_position__rosidl_typesupport_introspection_cpp.hpp\n'}
[0.926084] (px4_msgs) StdoutLine: {'line': b'-- Up-to-date: /home/nicolas/ws_ros2/install/px4_msgs/include/px4_msgs/px4_msgs/msg/detail/vehicle_local_position__type_support.cpp\n'}
[0.926120] (px4_msgs) StdoutLine: {'line': b'-- Up-to-date: /home/nicolas/ws_ros2/install/px4_msgs/include/px4_msgs/px4_msgs/msg/detail/wheel_encoders__type_support.cpp\n'}
[0.926156] (px4_msgs) StdoutLine: {'line': b'-- Up-to-date: /home/nicolas/ws_ros2/install/px4_msgs/include/px4_msgs/px4_msgs/msg/detail/uavcan_parameter_request__type_support.cpp\n'}
[0.926191] (px4_msgs) StdoutLine: {'line': b'-- Up-to-date: /home/nicolas/ws_ros2/install/px4_msgs/include/px4_msgs/px4_msgs/msg/detail/esc_status__type_support.cpp\n'}
[0.926227] (px4_msgs) StdoutLine: {'line': b'-- Up-to-date: /home/nicolas/ws_ros2/install/px4_msgs/include/px4_msgs/px4_msgs/msg/detail/geofence_status__rosidl_typesupport_introspection_cpp.hpp\n'}
[0.926291] (px4_msgs) StdoutLine: {'line': b'-- Up-to-date: /home/nicolas/ws_ros2/install/px4_msgs/include/px4_msgs/px4_msgs/msg/detail/gpio_in__type_support.cpp\n'}
[0.926325] (px4_msgs) StdoutLine: {'line': b'-- Up-to-date: /home/nicolas/ws_ros2/install/px4_msgs/include/px4_msgs/px4_msgs/msg/detail/failsafe_flags__type_support.cpp\n'}
[0.926360] (px4_msgs) StdoutLine: {'line': b'-- Up-to-date: /home/nicolas/ws_ros2/install/px4_msgs/include/px4_msgs/px4_msgs/msg/detail/pwm_input__rosidl_typesupport_introspection_cpp.hpp\n'}
[0.926409] (px4_msgs) StdoutLine: {'line': b'-- Up-to-date: /home/nicolas/ws_ros2/install/px4_msgs/include/px4_msgs/px4_msgs/msg/detail/parameter_update__rosidl_typesupport_introspection_cpp.hpp\n'}
[0.926442] (px4_msgs) StdoutLine: {'line': b'-- Up-to-date: /home/nicolas/ws_ros2/install/px4_msgs/include/px4_msgs/px4_msgs/msg/detail/estimator_states__rosidl_typesupport_introspection_cpp.hpp\n'}
[0.926475] (px4_msgs) StdoutLine: {'line': b'-- Up-to-date: /home/nicolas/ws_ros2/install/px4_msgs/include/px4_msgs/px4_msgs/msg/detail/orbit_status__type_support.cpp\n'}
[0.926508] (px4_msgs) StdoutLine: {'line': b'-- Up-to-date: /home/nicolas/ws_ros2/install/px4_msgs/include/px4_msgs/px4_msgs/msg/detail/distance_sensor__rosidl_typesupport_introspection_cpp.hpp\n'}
[0.926543] (px4_msgs) StdoutLine: {'line': b'-- Up-to-date: /home/nicolas/ws_ros2/install/px4_msgs/include/px4_msgs/px4_msgs/msg/detail/health_report__type_support.cpp\n'}
[0.926577] (px4_msgs) StdoutLine: {'line': b'-- Up-to-date: /home/nicolas/ws_ros2/install/px4_msgs/include/px4_msgs/px4_msgs/msg/detail/mission__rosidl_typesupport_introspection_cpp.hpp\n'}
[0.926612] (px4_msgs) StdoutLine: {'line': b'-- Up-to-date: /home/nicolas/ws_ros2/install/px4_msgs/include/px4_msgs/px4_msgs/msg/detail/gripper__type_support.cpp\n'}
[0.926650] (px4_msgs) StdoutLine: {'line': b'-- Up-to-date: /home/nicolas/ws_ros2/install/px4_msgs/include/px4_msgs/px4_msgs/msg/detail/sensor_accel_fifo__rosidl_typesupport_introspection_cpp.hpp\n'}
[0.926690] (px4_msgs) StdoutLine: {'line': b'-- Up-to-date: /home/nicolas/ws_ros2/install/px4_msgs/include/px4_msgs/px4_msgs/msg/detail/register_ext_component_request__type_support.cpp\n'}
[0.926730] (px4_msgs) StdoutLine: {'line': b'-- Up-to-date: /home/nicolas/ws_ros2/install/px4_msgs/include/px4_msgs/px4_msgs/msg/detail/geofence_result__rosidl_typesupport_introspection_cpp.hpp\n'}
[0.926767] (px4_msgs) StdoutLine: {'line': b'-- Up-to-date: /home/nicolas/ws_ros2/install/px4_msgs/include/px4_msgs/px4_msgs/msg/detail/px4io_status__type_support.cpp\n'}
[0.926803] (px4_msgs) StdoutLine: {'line': b'-- Up-to-date: /home/nicolas/ws_ros2/install/px4_msgs/include/px4_msgs/px4_msgs/msg/detail/qshell_retval__type_support.cpp\n'}
[0.926839] (px4_msgs) StdoutLine: {'line': b'-- Up-to-date: /home/nicolas/ws_ros2/install/px4_msgs/include/px4_msgs/px4_msgs/msg/detail/iridiumsbd_status__type_support.cpp\n'}
[0.926875] (px4_msgs) StdoutLine: {'line': b'-- Up-to-date: /home/nicolas/ws_ros2/install/px4_msgs/include/px4_msgs/px4_msgs/msg/detail/input_rc__rosidl_typesupport_introspection_cpp.hpp\n'}
[0.926911] (px4_msgs) StdoutLine: {'line': b'-- Up-to-date: /home/nicolas/ws_ros2/install/px4_msgs/include/px4_msgs/px4_msgs/msg/detail/vehicle_constraints__type_support.cpp\n'}
[0.926947] (px4_msgs) StdoutLine: {'line': b'-- Up-to-date: /home/nicolas/ws_ros2/install/px4_msgs/include/px4_msgs/px4_msgs/msg/detail/mount_orientation__type_support.cpp\n'}
[0.926984] (px4_msgs) StdoutLine: {'line': b'-- Up-to-date: /home/nicolas/ws_ros2/install/px4_msgs/include/px4_msgs/px4_msgs/msg/detail/gimbal_manager_information__rosidl_typesupport_introspection_cpp.hpp\n'}
[0.927019] (px4_msgs) StdoutLine: {'line': b'-- Up-to-date: /home/nicolas/ws_ros2/install/px4_msgs/include/px4_msgs/px4_msgs/msg/detail/unregister_ext_component__rosidl_typesupport_introspection_cpp.hpp\n'}
[0.927057] (px4_msgs) StdoutLine: {'line': b'-- Up-to-date: /home/nicolas/ws_ros2/install/px4_msgs/include/px4_msgs/px4_msgs/msg/detail/pps_capture__rosidl_typesupport_introspection_cpp.hpp\n'}
[0.927094] (px4_msgs) StdoutLine: {'line': b'-- Up-to-date: /home/nicolas/ws_ros2/install/px4_msgs/include/px4_msgs/px4_msgs/msg/detail/parameter_update__type_support.cpp\n'}
[0.927132] (px4_msgs) StdoutLine: {'line': b'-- Up-to-date: /home/nicolas/ws_ros2/install/px4_msgs/include/px4_msgs/px4_msgs/msg/detail/cpuload__rosidl_typesupport_introspection_cpp.hpp\n'}
[0.927169] (px4_msgs) StdoutLine: {'line': b'-- Up-to-date: /home/nicolas/ws_ros2/install/px4_msgs/include/px4_msgs/px4_msgs/msg/detail/open_drone_id_operator_id__rosidl_typesupport_introspection_cpp.hpp\n'}
[0.927208] (px4_msgs) StdoutLine: {'line': b'-- Up-to-date: /home/nicolas/ws_ros2/install/px4_msgs/include/px4_msgs/px4_msgs/msg/detail/esc_report__type_support.cpp\n'}
[0.927245] (px4_msgs) StdoutLine: {'line': b'-- Up-to-date: /home/nicolas/ws_ros2/install/px4_msgs/include/px4_msgs/px4_msgs/msg/detail/follow_target__rosidl_typesupport_introspection_cpp.hpp\n'}
[0.927284] (px4_msgs) StdoutLine: {'line': b'-- Up-to-date: /home/nicolas/ws_ros2/install/px4_msgs/include/px4_msgs/px4_msgs/msg/detail/follow_target_status__rosidl_typesupport_introspection_cpp.hpp\n'}
[0.927321] (px4_msgs) StdoutLine: {'line': b'-- Up-to-date: /home/nicolas/ws_ros2/install/px4_msgs/include/px4_msgs/px4_msgs/msg/detail/sensor_preflight_mag__type_support.cpp\n'}
[0.927395] (px4_msgs) StdoutLine: {'line': b'-- Up-to-date: /home/nicolas/ws_ros2/install/px4_msgs/include/px4_msgs/px4_msgs/msg/detail/irlock_report__rosidl_typesupport_introspection_cpp.hpp\n'}
[0.927461] (px4_msgs) StdoutLine: {'line': b'-- Up-to-date: /home/nicolas/ws_ros2/install/px4_msgs/include/px4_msgs/px4_msgs/msg/detail/rover_throttle_setpoint__type_support.cpp\n'}
[0.927497] (px4_msgs) StdoutLine: {'line': b'-- Up-to-date: /home/nicolas/ws_ros2/install/px4_msgs/include/px4_msgs/px4_msgs/msg/detail/can_interface_status__type_support.cpp\n'}
[0.927532] (px4_msgs) StdoutLine: {'line': b'-- Up-to-date: /home/nicolas/ws_ros2/install/px4_msgs/include/px4_msgs/px4_msgs/msg/detail/mode_completed__type_support.cpp\n'}
[0.927573] (px4_msgs) StdoutLine: {'line': b'-- Up-to-date: /home/nicolas/ws_ros2/install/px4_msgs/include/px4_msgs/px4_msgs/msg/detail/position_controller_status__rosidl_typesupport_introspection_cpp.hpp\n'}
[0.927615] (px4_msgs) StdoutLine: {'line': b'-- Up-to-date: /home/nicolas/ws_ros2/install/px4_msgs/include/px4_msgs/px4_msgs/msg/detail/logger_status__rosidl_typesupport_introspection_cpp.hpp\n'}
[0.927654] (px4_msgs) StdoutLine: {'line': b'-- Up-to-date: /home/nicolas/ws_ros2/install/px4_msgs/include/px4_msgs/px4_msgs/msg/detail/register_ext_component_request__rosidl_typesupport_introspection_cpp.hpp\n'}
[0.927699] (px4_msgs) StdoutLine: {'line': b'-- Up-to-date: /home/nicolas/ws_ros2/install/px4_msgs/include/px4_msgs/px4_msgs/msg/detail/launch_detection_status__type_support.cpp\n'}
[0.927740] (px4_msgs) StdoutLine: {'line': b'-- Up-to-date: /home/nicolas/ws_ros2/install/px4_msgs/include/px4_msgs/px4_msgs/msg/detail/navigator_mission_item__rosidl_typesupport_introspection_cpp.hpp\n'}
[0.927778] (px4_msgs) StdoutLine: {'line': b'-- Up-to-date: /home/nicolas/ws_ros2/install/px4_msgs/include/px4_msgs/px4_msgs/msg/detail/internal_combustion_engine_status__type_support.cpp\n'}
[0.927814] (px4_msgs) StdoutLine: {'line': b'-- Up-to-date: /home/nicolas/ws_ros2/install/px4_msgs/include/px4_msgs/px4_msgs/msg/detail/rover_rate_status__rosidl_typesupport_introspection_cpp.hpp\n'}
[0.927852] (px4_msgs) StdoutLine: {'line': b'-- Up-to-date: /home/nicolas/ws_ros2/install/px4_msgs/include/px4_msgs/px4_msgs/msg/detail/vehicle_imu_status__rosidl_typesupport_introspection_cpp.hpp\n'}
[0.927891] (px4_msgs) StdoutLine: {'line': b'-- Up-to-date: /home/nicolas/ws_ros2/install/px4_msgs/include/px4_msgs/px4_msgs/msg/detail/vehicle_local_position_setpoint__type_support.cpp\n'}
[0.927927] (px4_msgs) StdoutLine: {'line': b'-- Up-to-date: /home/nicolas/ws_ros2/install/px4_msgs/include/px4_msgs/px4_msgs/msg/detail/estimator_bias__type_support.cpp\n'}
[0.927964] (px4_msgs) StdoutLine: {'line': b'-- Up-to-date: /home/nicolas/ws_ros2/install/px4_msgs/include/px4_msgs/px4_msgs/msg/detail/sensor_accel__type_support.cpp\n'}
[0.928000] (px4_msgs) StdoutLine: {'line': b'-- Up-to-date: /home/nicolas/ws_ros2/install/px4_msgs/include/px4_msgs/px4_msgs/msg/detail/vehicle_torque_setpoint__rosidl_typesupport_introspection_cpp.hpp\n'}
[0.928036] (px4_msgs) StdoutLine: {'line': b'-- Up-to-date: /home/nicolas/ws_ros2/install/px4_msgs/include/px4_msgs/px4_msgs/msg/detail/gimbal_manager_set_manual_control__rosidl_typesupport_introspection_cpp.hpp\n'}
[0.928072] (px4_msgs) StdoutLine: {'line': b'-- Up-to-date: /home/nicolas/ws_ros2/install/px4_msgs/include/px4_msgs/px4_msgs/msg/detail/input_rc__type_support.cpp\n'}
[0.928108] (px4_msgs) StdoutLine: {'line': b'-- Up-to-date: /home/nicolas/ws_ros2/install/px4_msgs/include/px4_msgs/px4_msgs/msg/detail/airspeed_wind__type_support.cpp\n'}
[0.928144] (px4_msgs) StdoutLine: {'line': b'-- Up-to-date: /home/nicolas/ws_ros2/install/px4_msgs/include/px4_msgs/px4_msgs/msg/detail/obstacle_distance__type_support.cpp\n'}
[0.928181] (px4_msgs) StdoutLine: {'line': b'-- Up-to-date: /home/nicolas/ws_ros2/install/px4_msgs/include/px4_msgs/px4_msgs/msg/detail/sensor_gyro_fifo__rosidl_typesupport_introspection_cpp.hpp\n'}
[0.928217] (px4_msgs) StdoutLine: {'line': b'-- Up-to-date: /home/nicolas/ws_ros2/install/px4_msgs/include/px4_msgs/px4_msgs/msg/detail/gimbal_manager_status__rosidl_typesupport_introspection_cpp.hpp\n'}
[0.928287] (px4_msgs) StdoutLine: {'line': b'-- Up-to-date: /home/nicolas/ws_ros2/install/px4_msgs/include/px4_msgs/px4_msgs/msg/detail/gimbal_controls__type_support.cpp\n'}
[0.928322] (px4_msgs) StdoutLine: {'line': b'-- Up-to-date: /home/nicolas/ws_ros2/install/px4_msgs/include/px4_msgs/px4_msgs/msg/detail/estimator_bias3d__type_support.cpp\n'}
[0.928356] (px4_msgs) StdoutLine: {'line': b'-- Up-to-date: /home/nicolas/ws_ros2/install/px4_msgs/include/px4_msgs/px4_msgs/msg/detail/system_power__rosidl_typesupport_introspection_cpp.hpp\n'}
[0.928389] (px4_msgs) StdoutLine: {'line': b'-- Up-to-date: /home/nicolas/ws_ros2/install/px4_msgs/include/px4_msgs/px4_msgs/msg/detail/position_controller_landing_status__rosidl_typesupport_introspection_cpp.hpp\n'}
[0.928422] (px4_msgs) StdoutLine: {'line': b'-- Up-to-date: /home/nicolas/ws_ros2/install/px4_msgs/include/px4_msgs/px4_msgs/msg/detail/airspeed__type_support.cpp\n'}
[0.928472] (px4_msgs) StdoutLine: {'line': b'-- Up-to-date: /home/nicolas/ws_ros2/install/px4_msgs/include/px4_msgs/px4_msgs/msg/detail/led_control__type_support.cpp\n'}
[0.928510] (px4_msgs) StdoutLine: {'line': b'-- Up-to-date: /home/nicolas/ws_ros2/install/px4_msgs/include/px4_msgs/px4_msgs/msg/detail/orb_test_medium__type_support.cpp\n'}
[0.928544] (px4_msgs) StdoutLine: {'line': b'-- Up-to-date: /home/nicolas/ws_ros2/install/px4_msgs/include/px4_msgs/px4_msgs/msg/detail/estimator_gps_status__type_support.cpp\n'}
[0.928584] (px4_msgs) StdoutLine: {'line': b'-- Up-to-date: /home/nicolas/ws_ros2/install/px4_msgs/include/px4_msgs/px4_msgs/msg/detail/config_overrides__rosidl_typesupport_introspection_cpp.hpp\n'}
[0.928618] (px4_msgs) StdoutLine: {'line': b'-- Up-to-date: /home/nicolas/ws_ros2/install/px4_msgs/include/px4_msgs/px4_msgs/msg/detail/vehicle_optical_flow_vel__type_support.cpp\n'}
[0.928651] (px4_msgs) StdoutLine: {'line': b'-- Up-to-date: /home/nicolas/ws_ros2/install/px4_msgs/include/px4_msgs/px4_msgs/msg/detail/dataman_request__type_support.cpp\n'}
[0.928690] (px4_msgs) StdoutLine: {'line': b'-- Up-to-date: /home/nicolas/ws_ros2/install/px4_msgs/include/px4_msgs/px4_msgs/msg/detail/sensor_gyro__type_support.cpp\n'}
[0.928730] (px4_msgs) StdoutLine: {'line': b'-- Up-to-date: /home/nicolas/ws_ros2/install/px4_msgs/include/px4_msgs/px4_msgs/msg/detail/parameter_set_used_request__type_support.cpp\n'}
[0.928766] (px4_msgs) StdoutLine: {'line': b'-- Up-to-date: /home/nicolas/ws_ros2/install/px4_msgs/include/px4_msgs/px4_msgs/msg/detail/heater_status__type_support.cpp\n'}
[0.928801] (px4_msgs) StdoutLine: {'line': b'-- Up-to-date: /home/nicolas/ws_ros2/install/px4_msgs/include/px4_msgs/px4_msgs/msg/detail/message_format_request__type_support.cpp\n'}
[0.928837] (px4_msgs) StdoutLine: {'line': b'-- Up-to-date: /home/nicolas/ws_ros2/install/px4_msgs/include/px4_msgs/px4_msgs/msg/detail/vtol_vehicle_status__type_support.cpp\n'}
[0.928874] (px4_msgs) StdoutLine: {'line': b'-- Up-to-date: /home/nicolas/ws_ros2/install/px4_msgs/include/px4_msgs/px4_msgs/msg/detail/control_allocator_status__rosidl_typesupport_introspection_cpp.hpp\n'}
[0.928909] (px4_msgs) StdoutLine: {'line': b'-- Up-to-date: /home/nicolas/ws_ros2/install/px4_msgs/include/px4_msgs/px4_msgs/msg/detail/rover_attitude_setpoint__rosidl_typesupport_introspection_cpp.hpp\n'}
[0.928945] (px4_msgs) StdoutLine: {'line': b'-- Up-to-date: /home/nicolas/ws_ros2/install/px4_msgs/include/px4_msgs/px4_msgs/msg/detail/sensor_correction__rosidl_typesupport_introspection_cpp.hpp\n'}
[0.928980] (px4_msgs) StdoutLine: {'line': b'-- Up-to-date: /home/nicolas/ws_ros2/install/px4_msgs/include/px4_msgs/px4_msgs/msg/detail/yaw_estimator_status__type_support.cpp\n'}
[0.929015] (px4_msgs) StdoutLine: {'line': b'-- Up-to-date: /home/nicolas/ws_ros2/install/px4_msgs/include/px4_msgs/px4_msgs/msg/detail/fuel_tank_status__type_support.cpp\n'}
[0.929051] (px4_msgs) StdoutLine: {'line': b'-- Up-to-date: /home/nicolas/ws_ros2/install/px4_msgs/include/px4_msgs/px4_msgs/msg/detail/trajectory_setpoint__rosidl_typesupport_introspection_cpp.hpp\n'}
[0.929115] (px4_msgs) StdoutLine: {'line': b'-- Up-to-date: /home/nicolas/ws_ros2/install/px4_msgs/include/px4_msgs/px4_msgs/msg/detail/parameter_set_used_request__rosidl_typesupport_introspection_cpp.hpp\n'}
[0.929149] (px4_msgs) StdoutLine: {'line': b'-- Up-to-date: /home/nicolas/ws_ros2/install/px4_msgs/include/px4_msgs/px4_msgs/msg/detail/estimator_sensor_bias__rosidl_typesupport_introspection_cpp.hpp\n'}
[0.929183] (px4_msgs) StdoutLine: {'line': b'-- Up-to-date: /home/nicolas/ws_ros2/install/px4_msgs/include/px4_msgs/px4_msgs/msg/detail/internal_combustion_engine_control__type_support.cpp\n'}
[0.929220] (px4_msgs) StdoutLine: {'line': b'-- Up-to-date: /home/nicolas/ws_ros2/install/px4_msgs/include/px4_msgs/px4_msgs/msg/detail/dronecan_node_status__type_support.cpp\n'}
[0.929256] (px4_msgs) StdoutLine: {'line': b'-- Up-to-date: /home/nicolas/ws_ros2/install/px4_msgs/include/px4_msgs/px4_msgs/msg/detail/gimbal_manager_set_manual_control__type_support.cpp\n'}
[0.929292] (px4_msgs) StdoutLine: {'line': b'-- Up-to-date: /home/nicolas/ws_ros2/install/px4_msgs/include/px4_msgs/px4_msgs/msg/detail/power_button_state__rosidl_typesupport_introspection_cpp.hpp\n'}
[0.929329] (px4_msgs) StdoutLine: {'line': b'-- Up-to-date: /home/nicolas/ws_ros2/install/px4_msgs/include/px4_msgs/px4_msgs/msg/detail/task_stack_info__type_support.cpp\n'}
[0.929367] (px4_msgs) StdoutLine: {'line': b'-- Up-to-date: /home/nicolas/ws_ros2/install/px4_msgs/include/px4_msgs/px4_msgs/msg/detail/ping__rosidl_typesupport_introspection_cpp.hpp\n'}
[0.929403] (px4_msgs) StdoutLine: {'line': b'-- Up-to-date: /home/nicolas/ws_ros2/install/px4_msgs/include/px4_msgs/px4_msgs/msg/detail/goto_setpoint__rosidl_typesupport_introspection_cpp.hpp\n'}
[0.929440] (px4_msgs) StdoutLine: {'line': b'-- Up-to-date: /home/nicolas/ws_ros2/install/px4_msgs/include/px4_msgs/px4_msgs/msg/detail/battery_status__type_support.cpp\n'}
[0.929476] (px4_msgs) StdoutLine: {'line': b'-- Up-to-date: /home/nicolas/ws_ros2/install/px4_msgs/include/px4_msgs/px4_msgs/msg/detail/debug_key_value__rosidl_typesupport_introspection_cpp.hpp\n'}
[0.929512] (px4_msgs) StdoutLine: {'line': b'-- Up-to-date: /home/nicolas/ws_ros2/install/px4_msgs/include/px4_msgs/px4_msgs/msg/detail/camera_status__type_support.cpp\n'}
[0.929569] (px4_msgs) StdoutLine: {'line': b'-- Up-to-date: /home/nicolas/ws_ros2/install/px4_msgs/include/px4_msgs/px4_msgs/msg/detail/vehicle_roi__rosidl_typesupport_introspection_cpp.hpp\n'}
[0.929619] (px4_msgs) StdoutLine: {'line': b'-- Up-to-date: /home/nicolas/ws_ros2/install/px4_msgs/include/px4_msgs/px4_msgs/msg/detail/open_drone_id_system__type_support.cpp\n'}
[0.929654] (px4_msgs) StdoutLine: {'line': b'-- Up-to-date: /home/nicolas/ws_ros2/install/px4_msgs/include/px4_msgs/px4_msgs/msg/detail/orb_test_large__rosidl_typesupport_introspection_cpp.hpp\n'}
[0.929690] (px4_msgs) StdoutLine: {'line': b'-- Up-to-date: /home/nicolas/ws_ros2/install/px4_msgs/include/px4_msgs/px4_msgs/msg/detail/landing_target_pose__type_support.cpp\n'}
[0.929733] (px4_msgs) StdoutLine: {'line': b'-- Up-to-date: /home/nicolas/ws_ros2/install/px4_msgs/include/px4_msgs/px4_msgs/msg/detail/mag_worker_data__rosidl_typesupport_introspection_cpp.hpp\n'}
[0.929766] (px4_msgs) StdoutLine: {'line': b'-- Up-to-date: /home/nicolas/ws_ros2/install/px4_msgs/include/px4_msgs/px4_msgs/msg/detail/ulog_stream_ack__type_support.cpp\n'}
[0.929807] (px4_msgs) StdoutLine: {'line': b'-- Up-to-date: /home/nicolas/ws_ros2/install/px4_msgs/include/px4_msgs/px4_msgs/msg/detail/vehicle_odometry__rosidl_typesupport_introspection_cpp.hpp\n'}
[0.929844] (px4_msgs) StdoutLine: {'line': b'-- Up-to-date: /home/nicolas/ws_ros2/install/px4_msgs/include/px4_msgs/px4_msgs/msg/detail/gpio_config__rosidl_typesupport_introspection_cpp.hpp\n'}
[0.929879] (px4_msgs) StdoutLine: {'line': b'-- Up-to-date: /home/nicolas/ws_ros2/install/px4_msgs/include/px4_msgs/px4_msgs/msg/detail/gps_inject_data__type_support.cpp\n'}
[0.929914] (px4_msgs) StdoutLine: {'line': b'-- Up-to-date: /home/nicolas/ws_ros2/install/px4_msgs/include/px4_msgs/px4_msgs/msg/detail/register_ext_component_reply__type_support.cpp\n'}
[0.929950] (px4_msgs) StdoutLine: {'line': b'-- Up-to-date: /home/nicolas/ws_ros2/install/px4_msgs/include/px4_msgs/px4_msgs/msg/detail/rate_ctrl_status__type_support.cpp\n'}
[0.930009] (px4_msgs) StdoutLine: {'line': b'-- Up-to-date: /home/nicolas/ws_ros2/install/px4_msgs/include/px4_msgs/px4_msgs/msg/detail/fixed_wing_runway_control__type_support.cpp\n'}
[0.930043] (px4_msgs) StdoutLine: {'line': b'-- Up-to-date: /home/nicolas/ws_ros2/install/px4_msgs/include/px4_msgs/px4_msgs/msg/detail/orbit_status__rosidl_typesupport_introspection_cpp.hpp\n'}
[0.930076] (px4_msgs) StdoutLine: {'line': b'-- Up-to-date: /home/nicolas/ws_ros2/install/px4_msgs/include/px4_msgs/px4_msgs/msg/detail/gpio_request__type_support.cpp\n'}
[0.930112] (px4_msgs) StdoutLine: {'line': b'-- Up-to-date: /home/nicolas/ws_ros2/install/px4_msgs/include/px4_msgs/px4_msgs/msg/detail/pure_pursuit_status__rosidl_typesupport_introspection_cpp.hpp\n'}
[0.930147] (px4_msgs) StdoutLine: {'line': b'-- Up-to-date: /home/nicolas/ws_ros2/install/px4_msgs/include/px4_msgs/px4_msgs/msg/detail/mission__type_support.cpp\n'}
[0.930184] (px4_msgs) StdoutLine: {'line': b'-- Up-to-date: /home/nicolas/ws_ros2/install/px4_msgs/include/px4_msgs/px4_msgs/msg/detail/rc_parameter_map__rosidl_typesupport_introspection_cpp.hpp\n'}
[0.930221] (px4_msgs) StdoutLine: {'line': b'-- Up-to-date: /home/nicolas/ws_ros2/install/px4_msgs/include/px4_msgs/px4_msgs/msg/detail/sensor_gyro__rosidl_typesupport_introspection_cpp.hpp\n'}
[0.930257] (px4_msgs) StdoutLine: {'line': b'-- Up-to-date: /home/nicolas/ws_ros2/install/px4_msgs/include/px4_msgs/px4_msgs/msg/detail/geofence_status__type_support.cpp\n'}
[0.930293] (px4_msgs) StdoutLine: {'line': b'-- Up-to-date: /home/nicolas/ws_ros2/install/px4_msgs/include/px4_msgs/px4_msgs/msg/detail/navigator_mission_item__type_support.cpp\n'}
[0.930331] (px4_msgs) StdoutLine: {'line': b'-- Up-to-date: /home/nicolas/ws_ros2/install/px4_msgs/include/px4_msgs/px4_msgs/msg/detail/rover_position_setpoint__type_support.cpp\n'}
[0.930367] (px4_msgs) StdoutLine: {'line': b'-- Up-to-date: /home/nicolas/ws_ros2/install/px4_msgs/include/px4_msgs/px4_msgs/msg/detail/action_request__rosidl_typesupport_introspection_cpp.hpp\n'}
[0.930401] (px4_msgs) StdoutLine: {'line': b'-- Up-to-date: /home/nicolas/ws_ros2/install/px4_msgs/include/px4_msgs/px4_msgs/msg/detail/parameter_set_value_response__type_support.cpp\n'}
[0.930437] (px4_msgs) StdoutLine: {'line': b'-- Up-to-date: /home/nicolas/ws_ros2/install/px4_msgs/include/px4_msgs/px4_msgs/msg/detail/sensor_combined__rosidl_typesupport_introspection_cpp.hpp\n'}
[0.930472] (px4_msgs) StdoutLine: {'line': b'-- Up-to-date: /home/nicolas/ws_ros2/install/px4_msgs/include/px4_msgs/px4_msgs/msg/detail/vehicle_land_detected__type_support.cpp\n'}
[0.930508] (px4_msgs) StdoutLine: {'line': b'-- Up-to-date: /home/nicolas/ws_ros2/install/px4_msgs/include/px4_msgs/px4_msgs/msg/detail/estimator_status_flags__type_support.cpp\n'}
[0.930544] (px4_msgs) StdoutLine: {'line': b'-- Up-to-date: /home/nicolas/ws_ros2/install/px4_msgs/include/px4_msgs/px4_msgs/msg/detail/sensor_optical_flow__rosidl_typesupport_introspection_cpp.hpp\n'}
[0.930579] (px4_msgs) StdoutLine: {'line': b'-- Up-to-date: /home/nicolas/ws_ros2/install/px4_msgs/include/px4_msgs/px4_msgs/msg/detail/vehicle_local_position__rosidl_typesupport_introspection_cpp.hpp\n'}
[0.930649] (px4_msgs) StdoutLine: {'line': b'-- Up-to-date: /home/nicolas/ws_ros2/install/px4_msgs/include/px4_msgs/px4_msgs/msg/detail/sensor_gnss_relative__type_support.cpp\n'}
[0.930687] (px4_msgs) StdoutLine: {'line': b'-- Up-to-date: /home/nicolas/ws_ros2/install/px4_msgs/include/px4_msgs/px4_msgs/msg/detail/sensor_gps__rosidl_typesupport_introspection_cpp.hpp\n'}
[0.930725] (px4_msgs) StdoutLine: {'line': b'-- Up-to-date: /home/nicolas/ws_ros2/install/px4_msgs/include/px4_msgs/px4_msgs/msg/detail/debug_value__rosidl_typesupport_introspection_cpp.hpp\n'}
[0.930758] (px4_msgs) StdoutLine: {'line': b'-- Up-to-date: /home/nicolas/ws_ros2/install/px4_msgs/include/px4_msgs/px4_msgs/msg/detail/tiltrotor_extra_controls__rosidl_typesupport_introspection_cpp.hpp\n'}
[0.930795] (px4_msgs) StdoutLine: {'line': b'-- Up-to-date: /home/nicolas/ws_ros2/install/px4_msgs/include/px4_msgs/px4_msgs/msg/detail/position_controller_landing_status__type_support.cpp\n'}
[0.930834] (px4_msgs) StdoutLine: {'line': b'-- Up-to-date: /home/nicolas/ws_ros2/install/px4_msgs/include/px4_msgs/px4_msgs/msg/detail/landing_target_innovations__type_support.cpp\n'}
[0.930867] (px4_msgs) StdoutLine: {'line': b'-- Up-to-date: /home/nicolas/ws_ros2/install/px4_msgs/include/px4_msgs/px4_msgs/msg/detail/message_format_response__rosidl_typesupport_introspection_cpp.hpp\n'}
[0.930911] (px4_msgs) StdoutLine: {'line': b'-- Up-to-date: /home/nicolas/ws_ros2/install/px4_msgs/include/px4_msgs/px4_msgs/msg/detail/landing_gear_wheel__rosidl_typesupport_introspection_cpp.hpp\n'}
[0.930949] (px4_msgs) StdoutLine: {'line': b'-- Up-to-date: /home/nicolas/ws_ros2/install/px4_msgs/include/px4_msgs/px4_msgs/msg/detail/camera_trigger__rosidl_typesupport_introspection_cpp.hpp\n'}
[0.930985] (px4_msgs) StdoutLine: {'line': b'-- Up-to-date: /home/nicolas/ws_ros2/install/px4_msgs/include/px4_msgs/px4_msgs/msg/detail/landing_target_pose__rosidl_typesupport_introspection_cpp.hpp\n'}
[0.931021] (px4_msgs) StdoutLine: {'line': b'-- Up-to-date: /home/nicolas/ws_ros2/install/px4_msgs/include/px4_msgs/px4_msgs/msg/detail/position_setpoint__type_support.cpp\n'}
[0.931056] (px4_msgs) StdoutLine: {'line': b'-- Up-to-date: /home/nicolas/ws_ros2/install/px4_msgs/include/px4_msgs/px4_msgs/msg/detail/cellular_status__type_support.cpp\n'}
[0.931092] (px4_msgs) StdoutLine: {'line': b'-- Up-to-date: /home/nicolas/ws_ros2/install/px4_msgs/include/px4_msgs/px4_msgs/msg/detail/sensor_mag__type_support.cpp\n'}
[0.931127] (px4_msgs) StdoutLine: {'line': b'-- Up-to-date: /home/nicolas/ws_ros2/install/px4_msgs/include/px4_msgs/px4_msgs/msg/detail/actuator_controls_status__type_support.cpp\n'}
[0.931164] (px4_msgs) StdoutLine: {'line': b'-- Up-to-date: /home/nicolas/ws_ros2/install/px4_msgs/include/px4_msgs/px4_msgs/msg/detail/arming_check_request__type_support.cpp\n'}
[0.931200] (px4_msgs) StdoutLine: {'line': b'-- Up-to-date: /home/nicolas/ws_ros2/install/px4_msgs/include/px4_msgs/px4_msgs/msg/detail/rate_ctrl_status__rosidl_typesupport_introspection_cpp.hpp\n'}
[0.931237] (px4_msgs) StdoutLine: {'line': b'-- Up-to-date: /home/nicolas/ws_ros2/install/px4_msgs/include/px4_msgs/px4_msgs/msg/detail/mission_result__type_support.cpp\n'}
[0.931273] (px4_msgs) StdoutLine: {'line': b'-- Up-to-date: /home/nicolas/ws_ros2/install/px4_msgs/include/px4_msgs/px4_msgs/msg/detail/orb_test__rosidl_typesupport_introspection_cpp.hpp\n'}
[0.931310] (px4_msgs) StdoutLine: {'line': b'-- Up-to-date: /home/nicolas/ws_ros2/install/px4_msgs/include/px4_msgs/px4_msgs/msg/detail/qshell_req__type_support.cpp\n'}
[0.931346] (px4_msgs) StdoutLine: {'line': b'-- Up-to-date: /home/nicolas/ws_ros2/install/px4_msgs/include/px4_msgs/px4_msgs/msg/detail/rover_speed_status__type_support.cpp\n'}
[0.931382] (px4_msgs) StdoutLine: {'line': b'-- Up-to-date: /home/nicolas/ws_ros2/install/px4_msgs/include/px4_msgs/px4_msgs/msg/detail/landing_gear__type_support.cpp\n'}
[0.931417] (px4_msgs) StdoutLine: {'line': b'-- Up-to-date: /home/nicolas/ws_ros2/install/px4_msgs/include/px4_msgs/px4_msgs/msg/detail/trajectory_setpoint__type_support.cpp\n'}
[0.931454] (px4_msgs) StdoutLine: {'line': b'-- Up-to-date: /home/nicolas/ws_ros2/install/px4_msgs/include/px4_msgs/px4_msgs/msg/detail/estimator_selector_status__type_support.cpp\n'}
[0.931489] (px4_msgs) StdoutLine: {'line': b'-- Up-to-date: /home/nicolas/ws_ros2/install/px4_msgs/include/px4_msgs/px4_msgs/msg/detail/parameter_set_value_response__rosidl_typesupport_introspection_cpp.hpp\n'}
[0.931526] (px4_msgs) StdoutLine: {'line': b'-- Up-to-date: /home/nicolas/ws_ros2/install/px4_msgs/include/px4_msgs/px4_msgs/msg/detail/manual_control_setpoint__rosidl_typesupport_introspection_cpp.hpp\n'}
[0.931566] (px4_msgs) StdoutLine: {'line': b'-- Up-to-date: /home/nicolas/ws_ros2/install/px4_msgs/include/px4_msgs/px4_msgs/msg/detail/actuator_servos__type_support.cpp\n'}
[0.931602] (px4_msgs) StdoutLine: {'line': b'-- Up-to-date: /home/nicolas/ws_ros2/install/px4_msgs/include/px4_msgs/px4_msgs/msg/detail/mavlink_log__type_support.cpp\n'}
[0.931638] (px4_msgs) StdoutLine: {'line': b'-- Up-to-date: /home/nicolas/ws_ros2/install/px4_msgs/include/px4_msgs/px4_msgs/msg/detail/rpm__type_support.cpp\n'}
[0.931780] (px4_msgs) StdoutLine: {'line': b'-- Up-to-date: /home/nicolas/ws_ros2/install/px4_msgs/include/px4_msgs/px4_msgs/msg/detail/vehicle_odometry__type_support.cpp\n'}
[0.931884] (px4_msgs) StdoutLine: {'line': b'-- Up-to-date: /home/nicolas/ws_ros2/install/px4_msgs/include/px4_msgs/px4_msgs/msg/detail/timesync_status__rosidl_typesupport_introspection_cpp.hpp\n'}
[0.931929] (px4_msgs) StdoutLine: {'line': b'-- Up-to-date: /home/nicolas/ws_ros2/install/px4_msgs/include/px4_msgs/px4_msgs/msg/detail/estimator_innovations__rosidl_typesupport_introspection_cpp.hpp\n'}
[0.931968] (px4_msgs) StdoutLine: {'line': b'-- Up-to-date: /home/nicolas/ws_ros2/install/px4_msgs/include/px4_msgs/px4_msgs/msg/detail/vehicle_global_position__type_support.cpp\n'}
[0.932006] (px4_msgs) StdoutLine: {'line': b'-- Up-to-date: /home/nicolas/ws_ros2/install/px4_msgs/include/px4_msgs/px4_msgs/msg/detail/gpio_config__type_support.cpp\n'}
[0.932041] (px4_msgs) StdoutLine: {'line': b'-- Up-to-date: /home/nicolas/ws_ros2/install/px4_msgs/include/px4_msgs/px4_msgs/msg/detail/fixed_wing_lateral_guidance_status__type_support.cpp\n'}
[0.932114] (px4_msgs) StdoutLine: {'line': b'-- Up-to-date: /home/nicolas/ws_ros2/install/px4_msgs/include/px4_msgs/px4_msgs/msg/detail/pps_capture__type_support.cpp\n'}
[0.932149] (px4_msgs) StdoutLine: {'line': b'-- Up-to-date: /home/nicolas/ws_ros2/install/px4_msgs/include/px4_msgs/px4_msgs/msg/detail/vehicle_air_data__type_support.cpp\n'}
[0.932197] (px4_msgs) StdoutLine: {'line': b'-- Up-to-date: /home/nicolas/ws_ros2/install/px4_msgs/include/px4_msgs/px4_msgs/msg/detail/vehicle_optical_flow__rosidl_typesupport_introspection_cpp.hpp\n'}
[0.932232] (px4_msgs) StdoutLine: {'line': b'-- Up-to-date: /home/nicolas/ws_ros2/install/px4_msgs/include/px4_msgs/px4_msgs/msg/detail/arming_check_reply__type_support.cpp\n'}
[0.932268] (px4_msgs) StdoutLine: {'line': b'-- Up-to-date: /home/nicolas/ws_ros2/install/px4_msgs/include/px4_msgs/px4_msgs/msg/detail/offboard_control_mode__rosidl_typesupport_introspection_cpp.hpp\n'}
[0.932307] (px4_msgs) StdoutLine: {'line': b'-- Up-to-date: /home/nicolas/ws_ros2/install/px4_msgs/include/px4_msgs/px4_msgs/msg/detail/rpm__rosidl_typesupport_introspection_cpp.hpp\n'}
[0.932345] (px4_msgs) StdoutLine: {'line': b'-- Up-to-date: /home/nicolas/ws_ros2/install/px4_msgs/include/px4_msgs/px4_msgs/msg/detail/battery_status__rosidl_typesupport_introspection_cpp.hpp\n'}
[0.932384] (px4_msgs) StdoutLine: {'line': b'-- Up-to-date: /home/nicolas/ws_ros2/install/px4_msgs/include/px4_msgs/px4_msgs/msg/detail/estimator_gps_status__rosidl_typesupport_introspection_cpp.hpp\n'}
[0.932422] (px4_msgs) StdoutLine: {'line': b'-- Up-to-date: /home/nicolas/ws_ros2/install/px4_msgs/include/px4_msgs/px4_msgs/msg/detail/ulog_stream__type_support.cpp\n'}
[0.932460] (px4_msgs) StdoutLine: {'line': b'-- Up-to-date: /home/nicolas/ws_ros2/install/px4_msgs/include/px4_msgs/px4_msgs/msg/detail/longitudinal_control_configuration__type_support.cpp\n'}
[0.932497] (px4_msgs) StdoutLine: {'line': b'-- Up-to-date: /home/nicolas/ws_ros2/install/px4_msgs/include/px4_msgs/px4_msgs/msg/detail/landing_gear_wheel__type_support.cpp\n'}
[0.932535] (px4_msgs) StdoutLine: {'line': b'-- Up-to-date: /home/nicolas/ws_ros2/install/px4_msgs/include/px4_msgs/px4_msgs/msg/detail/sensor_correction__type_support.cpp\n'}
[0.932574] (px4_msgs) StdoutLine: {'line': b'-- Up-to-date: /home/nicolas/ws_ros2/install/px4_msgs/include/px4_msgs/px4_msgs/msg/detail/debug_vect__type_support.cpp\n'}
[0.932612] (px4_msgs) StdoutLine: {'line': b'-- Up-to-date: /home/nicolas/ws_ros2/install/px4_msgs/include/px4_msgs/px4_msgs/msg/detail/register_ext_component_reply__rosidl_typesupport_introspection_cpp.hpp\n'}
[0.932669] (px4_msgs) StdoutLine: {'line': b'-- Up-to-date: /home/nicolas/ws_ros2/install/px4_msgs/include/px4_msgs/px4_msgs/msg/detail/vehicle_attitude_setpoint__type_support.cpp\n'}
[0.932713] (px4_msgs) StdoutLine: {'line': b'-- Up-to-date: /home/nicolas/ws_ros2/install/px4_msgs/include/px4_msgs/px4_msgs/msg/detail/vehicle_command_ack__rosidl_typesupport_introspection_cpp.hpp\n'}
[0.932748] (px4_msgs) StdoutLine: {'line': b'-- Up-to-date: /home/nicolas/ws_ros2/install/px4_msgs/include/px4_msgs/px4_msgs/msg/detail/config_overrides__type_support.cpp\n'}
[0.932782] (px4_msgs) StdoutLine: {'line': b'-- Up-to-date: /home/nicolas/ws_ros2/install/px4_msgs/include/px4_msgs/px4_msgs/msg/detail/tune_control__rosidl_typesupport_introspection_cpp.hpp\n'}
[0.932828] (px4_msgs) StdoutLine: {'line': b'-- Up-to-date: /home/nicolas/ws_ros2/install/px4_msgs/include/px4_msgs/px4_msgs/msg/detail/rover_attitude_setpoint__type_support.cpp\n'}
[0.932875] (px4_msgs) StdoutLine: {'line': b'-- Up-to-date: /home/nicolas/ws_ros2/install/px4_msgs/include/px4_msgs/px4_msgs/msg/detail/normalized_unsigned_setpoint__rosidl_typesupport_introspection_cpp.hpp\n'}
[0.932909] (px4_msgs) StdoutLine: {'line': b'-- Up-to-date: /home/nicolas/ws_ros2/install/px4_msgs/include/px4_msgs/px4_msgs/msg/detail/dataman_response__rosidl_typesupport_introspection_cpp.hpp\n'}
[0.932944] (px4_msgs) StdoutLine: {'line': b'-- Up-to-date: /home/nicolas/ws_ros2/install/px4_msgs/include/px4_msgs/px4_msgs/msg/detail/sensor_accel__rosidl_typesupport_introspection_cpp.hpp\n'}
[0.932981] (px4_msgs) StdoutLine: {'line': b'-- Up-to-date: /home/nicolas/ws_ros2/install/px4_msgs/include/px4_msgs/px4_msgs/msg/detail/vehicle_torque_setpoint__type_support.cpp\n'}
[0.933016] (px4_msgs) StdoutLine: {'line': b'-- Up-to-date: /home/nicolas/ws_ros2/install/px4_msgs/include/px4_msgs/px4_msgs/msg/detail/sensor_gps__type_support.cpp\n'}
[0.933051] (px4_msgs) StdoutLine: {'line': b'-- Up-to-date: /home/nicolas/ws_ros2/install/px4_msgs/include/px4_msgs/px4_msgs/msg/detail/mission_result__rosidl_typesupport_introspection_cpp.hpp\n'}
[0.933085] (px4_msgs) StdoutLine: {'line': b'-- Up-to-date: /home/nicolas/ws_ros2/install/px4_msgs/include/px4_msgs/px4_msgs/msg/detail/rover_attitude_status__type_support.cpp\n'}
[0.933119] (px4_msgs) StdoutLine: {'line': b'-- Up-to-date: /home/nicolas/ws_ros2/install/px4_msgs/include/px4_msgs/px4_msgs/msg/detail/power_monitor__type_support.cpp\n'}
[0.933153] (px4_msgs) StdoutLine: {'line': b'-- Up-to-date: /home/nicolas/ws_ros2/install/px4_msgs/include/px4_msgs/px4_msgs/msg/detail/tecs_status__rosidl_typesupport_introspection_cpp.hpp\n'}
[0.933187] (px4_msgs) StdoutLine: {'line': b'-- Up-to-date: /home/nicolas/ws_ros2/install/px4_msgs/include/px4_msgs/px4_msgs/msg/detail/sensor_airflow__rosidl_typesupport_introspection_cpp.hpp\n'}
[0.933226] (px4_msgs) StdoutLine: {'line': b'-- Up-to-date: /home/nicolas/ws_ros2/install/px4_msgs/include/px4_msgs/px4_msgs/msg/detail/onboard_computer_status__rosidl_typesupport_introspection_cpp.hpp\n'}
[0.933262] (px4_msgs) StdoutLine: {'line': b'-- Up-to-date: /home/nicolas/ws_ros2/install/px4_msgs/include/px4_msgs/px4_msgs/msg/detail/parameter_reset_request__rosidl_typesupport_introspection_cpp.hpp\n'}
[0.933313] (px4_msgs) StdoutLine: {'line': b'-- Up-to-date: /home/nicolas/ws_ros2/install/px4_msgs/include/px4_msgs/px4_msgs/msg/detail/fuel_tank_status__rosidl_typesupport_introspection_cpp.hpp\n'}
[0.933347] (px4_msgs) StdoutLine: {'line': b'-- Up-to-date: /home/nicolas/ws_ros2/install/px4_msgs/include/px4_msgs/px4_msgs/msg/detail/pwm_input__type_support.cpp\n'}
[0.933382] (px4_msgs) StdoutLine: {'line': b'-- Up-to-date: /home/nicolas/ws_ros2/install/px4_msgs/include/px4_msgs/px4_msgs/msg/detail/unregister_ext_component__type_support.cpp\n'}
[0.933416] (px4_msgs) StdoutLine: {'line': b'-- Up-to-date: /home/nicolas/ws_ros2/install/px4_msgs/include/px4_msgs/px4_msgs/msg/detail/rover_rate_status__type_support.cpp\n'}
[0.933464] (px4_msgs) StdoutLine: {'line': b'-- Up-to-date: /home/nicolas/ws_ros2/install/px4_msgs/include/px4_msgs/px4_msgs/msg/detail/offboard_control_mode__type_support.cpp\n'}
[0.933499] (px4_msgs) StdoutLine: {'line': b'-- Up-to-date: /home/nicolas/ws_ros2/install/px4_msgs/include/px4_msgs/px4_msgs/msg/detail/estimator_states__type_support.cpp\n'}
[0.933533] (px4_msgs) StdoutLine: {'line': b'-- Up-to-date: /home/nicolas/ws_ros2/install/px4_msgs/include/px4_msgs/px4_msgs/msg/detail/magnetometer_bias_estimate__type_support.cpp\n'}
[0.933569] (px4_msgs) StdoutLine: {'line': b'-- Up-to-date: /home/nicolas/ws_ros2/install/px4_msgs/include/px4_msgs/px4_msgs/msg/detail/sensor_mag__rosidl_typesupport_introspection_cpp.hpp\n'}
[0.933604] (px4_msgs) StdoutLine: {'line': b'-- Up-to-date: /home/nicolas/ws_ros2/install/px4_msgs/include/px4_msgs/px4_msgs/msg/detail/rover_rate_setpoint__rosidl_typesupport_introspection_cpp.hpp\n'}
[0.933638] (px4_msgs) StdoutLine: {'line': b'-- Up-to-date: /home/nicolas/ws_ros2/install/px4_msgs/include/px4_msgs/px4_msgs/msg/detail/ping__type_support.cpp\n'}
[0.933675] (px4_msgs) StdoutLine: {'line': b'-- Up-to-date: /home/nicolas/ws_ros2/install/px4_msgs/include/px4_msgs/px4_msgs/msg/detail/camera_capture__type_support.cpp\n'}
[0.933719] (px4_msgs) StdoutLine: {'line': b'-- Up-to-date: /home/nicolas/ws_ros2/install/px4_msgs/include/px4_msgs/px4_msgs/msg/detail/velocity_limits__rosidl_typesupport_introspection_cpp.hpp\n'}
[0.933758] (px4_msgs) StdoutLine: {'line': b'-- Up-to-date: /home/nicolas/ws_ros2/install/px4_msgs/include/px4_msgs/px4_msgs/msg/detail/fixed_wing_longitudinal_setpoint__rosidl_typesupport_introspection_cpp.hpp\n'}
[0.933796] (px4_msgs) StdoutLine: {'line': b'-- Up-to-date: /home/nicolas/ws_ros2/install/px4_msgs/include/px4_msgs/px4_msgs/msg/detail/sensor_gyro_fft__rosidl_typesupport_introspection_cpp.hpp\n'}
[0.933834] (px4_msgs) StdoutLine: {'line': b'-- Up-to-date: /home/nicolas/ws_ros2/install/px4_msgs/include/px4_msgs/px4_msgs/msg/detail/magnetometer_bias_estimate__rosidl_typesupport_introspection_cpp.hpp\n'}
[0.933872] (px4_msgs) StdoutLine: {'line': b'-- Up-to-date: /home/nicolas/ws_ros2/install/px4_msgs/include/px4_msgs/px4_msgs/msg/detail/follow_target__type_support.cpp\n'}
[0.933909] (px4_msgs) StdoutLine: {'line': b'-- Up-to-date: /home/nicolas/ws_ros2/install/px4_msgs/include/px4_msgs/px4_msgs/msg/detail/navigator_status__rosidl_typesupport_introspection_cpp.hpp\n'}
[0.933945] (px4_msgs) StdoutLine: {'line': b'-- Up-to-date: /home/nicolas/ws_ros2/install/px4_msgs/include/px4_msgs/px4_msgs/msg/detail/follow_target_status__type_support.cpp\n'}
[0.934000] (px4_msgs) StdoutLine: {'line': b'-- Up-to-date: /home/nicolas/ws_ros2/install/px4_msgs/include/px4_msgs/px4_msgs/msg/detail/gimbal_device_set_attitude__rosidl_typesupport_introspection_cpp.hpp\n'}
[0.934037] (px4_msgs) StdoutLine: {'line': b'-- Up-to-date: /home/nicolas/ws_ros2/install/px4_msgs/include/px4_msgs/px4_msgs/msg/detail/vehicle_angular_acceleration_setpoint__type_support.cpp\n'}
[0.934072] (px4_msgs) StdoutLine: {'line': b'-- Up-to-date: /home/nicolas/ws_ros2/install/px4_msgs/include/px4_msgs/px4_msgs/msg/detail/rover_rate_setpoint__type_support.cpp\n'}
[0.934108] (px4_msgs) StdoutLine: {'line': b'-- Up-to-date: /home/nicolas/ws_ros2/install/px4_msgs/include/px4_msgs/px4_msgs/msg/detail/vehicle_land_detected__rosidl_typesupport_introspection_cpp.hpp\n'}
[0.934142] (px4_msgs) StdoutLine: {'line': b'-- Up-to-date: /home/nicolas/ws_ros2/install/px4_msgs/include/px4_msgs/px4_msgs/msg/detail/obstacle_distance__rosidl_typesupport_introspection_cpp.hpp\n'}
[0.934176] (px4_msgs) StdoutLine: {'line': b'-- Up-to-date: /home/nicolas/ws_ros2/install/px4_msgs/include/px4_msgs/px4_msgs/msg/detail/vehicle_imu__type_support.cpp\n'}
[0.934210] (px4_msgs) StdoutLine: {'line': b'-- Up-to-date: /home/nicolas/ws_ros2/install/px4_msgs/include/px4_msgs/px4_msgs/msg/detail/flight_phase_estimation__rosidl_typesupport_introspection_cpp.hpp\n'}
[0.934244] (px4_msgs) StdoutLine: {'line': b'-- Up-to-date: /home/nicolas/ws_ros2/install/px4_msgs/include/px4_msgs/px4_msgs/msg/detail/vehicle_constraints__rosidl_typesupport_introspection_cpp.hpp\n'}
[0.934281] (px4_msgs) StdoutLine: {'line': b'-- Up-to-date: /home/nicolas/ws_ros2/install/px4_msgs/include/px4_msgs/px4_msgs/msg/detail/parameter_set_value_request__rosidl_typesupport_introspection_cpp.hpp\n'}
[0.934316] (px4_msgs) StdoutLine: {'line': b'-- Up-to-date: /home/nicolas/ws_ros2/install/px4_msgs/include/px4_msgs/px4_msgs/msg/detail/lateral_control_configuration__rosidl_typesupport_introspection_cpp.hpp\n'}
[0.934369] (px4_msgs) StdoutLine: {'line': b'-- Up-to-date: /home/nicolas/ws_ros2/install/px4_msgs/include/px4_msgs/px4_msgs/msg/detail/internal_combustion_engine_status__rosidl_typesupport_introspection_cpp.hpp\n'}
[0.934404] (px4_msgs) StdoutLine: {'line': b'-- Up-to-date: /home/nicolas/ws_ros2/install/px4_msgs/include/px4_msgs/px4_msgs/msg/detail/system_power__type_support.cpp\n'}
[0.934438] (px4_msgs) StdoutLine: {'line': b'-- Up-to-date: /home/nicolas/ws_ros2/install/px4_msgs/include/px4_msgs/px4_msgs/msg/detail/figure_eight_status__type_support.cpp\n'}
[0.934472] (px4_msgs) StdoutLine: {'line': b'-- Up-to-date: /home/nicolas/ws_ros2/install/px4_msgs/include/px4_msgs/px4_msgs/msg/detail/battery_info__rosidl_typesupport_introspection_cpp.hpp\n'}
[0.934506] (px4_msgs) StdoutLine: {'line': b'-- Up-to-date: /home/nicolas/ws_ros2/install/px4_msgs/include/px4_msgs/px4_msgs/msg/detail/message_format_request__rosidl_typesupport_introspection_cpp.hpp\n'}
[0.934541] (px4_msgs) StdoutLine: {'line': b'-- Up-to-date: /home/nicolas/ws_ros2/install/px4_msgs/include/px4_msgs/px4_msgs/msg/detail/event__type_support.cpp\n'}
[0.934575] (px4_msgs) StdoutLine: {'line': b'-- Up-to-date: /home/nicolas/ws_ros2/install/px4_msgs/include/px4_msgs/px4_msgs/msg/detail/gimbal_device_information__rosidl_typesupport_introspection_cpp.hpp\n'}
[0.934612] (px4_msgs) StdoutLine: {'line': b'-- Up-to-date: /home/nicolas/ws_ros2/install/px4_msgs/include/px4_msgs/px4_msgs/msg/detail/estimator_event_flags__type_support.cpp\n'}
[0.934650] (px4_msgs) StdoutLine: {'line': b'-- Up-to-date: /home/nicolas/ws_ros2/install/px4_msgs/include/px4_msgs/px4_msgs/msg/detail/vehicle_imu__rosidl_typesupport_introspection_cpp.hpp\n'}
[0.934690] (px4_msgs) StdoutLine: {'line': b'-- Up-to-date: /home/nicolas/ws_ros2/install/px4_msgs/include/px4_msgs/px4_msgs/msg/detail/hover_thrust_estimate__rosidl_typesupport_introspection_cpp.hpp\n'}
[0.934730] (px4_msgs) StdoutLine: {'line': b'-- Up-to-date: /home/nicolas/ws_ros2/install/px4_msgs/include/px4_msgs/px4_msgs/msg/detail/rtl_time_estimate__type_support.cpp\n'}
[0.934767] (px4_msgs) StdoutLine: {'line': b'-- Up-to-date: /home/nicolas/ws_ros2/install/px4_msgs/include/px4_msgs/px4_msgs/msg/detail/estimator_bias3d__rosidl_typesupport_introspection_cpp.hpp\n'}
[0.934805] (px4_msgs) StdoutLine: {'line': b'-- Up-to-date: /home/nicolas/ws_ros2/install/px4_msgs/include/px4_msgs/px4_msgs/msg/detail/rover_speed_status__rosidl_typesupport_introspection_cpp.hpp\n'}
[0.934843] (px4_msgs) StdoutLine: {'line': b'-- Up-to-date: /home/nicolas/ws_ros2/install/px4_msgs/include/px4_msgs/px4_msgs/msg/detail/vehicle_attitude_setpoint__rosidl_typesupport_introspection_cpp.hpp\n'}
[0.934880] (px4_msgs) StdoutLine: {'line': b'-- Up-to-date: /home/nicolas/ws_ros2/install/px4_msgs/include/px4_msgs/px4_msgs/msg/detail/telemetry_status__rosidl_typesupport_introspection_cpp.hpp\n'}
[0.934917] (px4_msgs) StdoutLine: {'line': b'-- Up-to-date: /home/nicolas/ws_ros2/install/px4_msgs/include/px4_msgs/px4_msgs/msg/detail/wind__rosidl_typesupport_introspection_cpp.hpp\n'}
[0.934954] (px4_msgs) StdoutLine: {'line': b'-- Up-to-date: /home/nicolas/ws_ros2/install/px4_msgs/include/px4_msgs/px4_msgs/msg/detail/actuator_motors__type_support.cpp\n'}
[0.935007] (px4_msgs) StdoutLine: {'line': b'-- Up-to-date: /home/nicolas/ws_ros2/install/px4_msgs/include/px4_msgs/px4_msgs/msg/detail/actuator_servos__rosidl_typesupport_introspection_cpp.hpp\n'}
[0.935043] (px4_msgs) StdoutLine: {'line': b'-- Up-to-date: /home/nicolas/ws_ros2/install/px4_msgs/include/px4_msgs/px4_msgs/msg/detail/follow_target_estimator__rosidl_typesupport_introspection_cpp.hpp\n'}
[0.935081] (px4_msgs) StdoutLine: {'line': b'-- Up-to-date: /home/nicolas/ws_ros2/install/px4_msgs/include/px4_msgs/px4_msgs/msg/detail/trajectory_setpoint6dof__type_support.cpp\n'}
[0.935116] (px4_msgs) StdoutLine: {'line': b'-- Up-to-date: /home/nicolas/ws_ros2/install/px4_msgs/include/px4_msgs/px4_msgs/msg/detail/debug_value__type_support.cpp\n'}
[0.935153] (px4_msgs) StdoutLine: {'line': b'-- Up-to-date: /home/nicolas/ws_ros2/install/px4_msgs/include/px4_msgs/px4_msgs/msg/detail/sensor_selection__rosidl_typesupport_introspection_cpp.hpp\n'}
[0.935191] (px4_msgs) StdoutLine: {'line': b'-- Up-to-date: /home/nicolas/ws_ros2/install/px4_msgs/include/px4_msgs/px4_msgs/msg/detail/takeoff_status__type_support.cpp\n'}
[0.935229] (px4_msgs) StdoutLine: {'line': b'-- Up-to-date: /home/nicolas/ws_ros2/install/px4_msgs/include/px4_msgs/px4_msgs/msg/detail/sensor_baro__rosidl_typesupport_introspection_cpp.hpp\n'}
[0.935267] (px4_msgs) StdoutLine: {'line': b'-- Up-to-date: /home/nicolas/ws_ros2/install/px4_msgs/include/px4_msgs/px4_msgs/msg/detail/gimbal_manager_set_attitude__rosidl_typesupport_introspection_cpp.hpp\n'}
[0.935306] (px4_msgs) StdoutLine: {'line': b'-- Up-to-date: /home/nicolas/ws_ros2/install/px4_msgs/include/px4_msgs/px4_msgs/msg/detail/autotune_attitude_control_status__rosidl_typesupport_introspection_cpp.hpp\n'}
[0.935344] (px4_msgs) StdoutLine: {'line': b'-- Up-to-date: /home/nicolas/ws_ros2/install/px4_msgs/include/px4_msgs/px4_msgs/msg/detail/sensor_gyro_fft__type_support.cpp\n'}
[0.935381] (px4_msgs) StdoutLine: {'line': b'-- Up-to-date: /home/nicolas/ws_ros2/install/px4_msgs/include/px4_msgs/px4_msgs/msg/detail/message_format_response__type_support.cpp\n'}
[0.935419] (px4_msgs) StdoutLine: {'line': b'-- Up-to-date: /home/nicolas/ws_ros2/install/px4_msgs/include/px4_msgs/px4_msgs/msg/detail/mount_orientation__rosidl_typesupport_introspection_cpp.hpp\n'}
[0.935499] (px4_msgs) StdoutLine: {'line': b'-- Up-to-date: /home/nicolas/ws_ros2/install/px4_msgs/include/px4_msgs/px4_msgs/msg/detail/qshell_retval__rosidl_typesupport_introspection_cpp.hpp\n'}
[0.935534] (px4_msgs) StdoutLine: {'line': b'-- Up-to-date: /home/nicolas/ws_ros2/install/px4_msgs/include/px4_msgs/px4_msgs/msg/detail/manual_control_setpoint__type_support.cpp\n'}
[0.935572] (px4_msgs) StdoutLine: {'line': b'-- Up-to-date: /home/nicolas/ws_ros2/install/px4_msgs/include/px4_msgs/px4_msgs/msg/detail/event__rosidl_typesupport_introspection_cpp.hpp\n'}
[0.935609] (px4_msgs) StdoutLine: {'line': b'-- Up-to-date: /home/nicolas/ws_ros2/install/px4_msgs/include/px4_msgs/px4_msgs/msg/detail/rtl_time_estimate__rosidl_typesupport_introspection_cpp.hpp\n'}
[0.935646] (px4_msgs) StdoutLine: {'line': b'-- Up-to-date: /home/nicolas/ws_ros2/install/px4_msgs/include/px4_msgs/px4_msgs/msg/detail/gpio_request__rosidl_typesupport_introspection_cpp.hpp\n'}
[0.935689] (px4_msgs) StdoutLine: {'line': b'-- Up-to-date: /home/nicolas/ws_ros2/install/px4_msgs/include/px4_msgs/px4_msgs/msg/detail/vehicle_command__type_support.cpp\n'}
[0.935730] (px4_msgs) StdoutLine: {'line': b'-- Up-to-date: /home/nicolas/ws_ros2/install/px4_msgs/include/px4_msgs/px4_msgs/msg/detail/landing_target_innovations__rosidl_typesupport_introspection_cpp.hpp\n'}
[0.935766] (px4_msgs) StdoutLine: {'line': b'-- Up-to-date: /home/nicolas/ws_ros2/install/px4_msgs/include/px4_msgs/px4_msgs/msg/detail/position_setpoint_triplet__rosidl_typesupport_introspection_cpp.hpp\n'}
[0.935804] (px4_msgs) StdoutLine: {'line': b'-- Up-to-date: /home/nicolas/ws_ros2/install/px4_msgs/include/px4_msgs/px4_msgs/msg/detail/ekf2_timestamps__type_support.cpp\n'}
[0.935841] (px4_msgs) StdoutLine: {'line': b'-- Up-to-date: /home/nicolas/ws_ros2/install/px4_msgs/include/px4_msgs/px4_msgs/msg/detail/estimator_status__type_support.cpp\n'}
[0.935878] (px4_msgs) StdoutLine: {'line': b'-- Up-to-date: /home/nicolas/ws_ros2/install/px4_msgs/include/px4_msgs/px4_msgs/msg/detail/vehicle_acceleration__type_support.cpp\n'}
[0.935956] (px4_msgs) StdoutLine: {'line': b'-- Up-to-date: /home/nicolas/ws_ros2/install/px4_msgs/include/px4_msgs/px4_msgs/msg/detail/rover_position_setpoint__rosidl_typesupport_introspection_cpp.hpp\n'}
[0.935992] (px4_msgs) StdoutLine: {'line': b'-- Up-to-date: /home/nicolas/ws_ros2/install/px4_msgs/include/px4_msgs/px4_msgs/msg/detail/geofence_result__type_support.cpp\n'}
[0.936027] (px4_msgs) StdoutLine: {'line': b'-- Up-to-date: /home/nicolas/ws_ros2/install/px4_msgs/include/px4_msgs/px4_msgs/msg/detail/estimator_aid_source2d__type_support.cpp\n'}
[0.936065] (px4_msgs) StdoutLine: {'line': b'-- Up-to-date: /home/nicolas/ws_ros2/install/px4_msgs/include/px4_msgs/px4_msgs/msg/detail/actuator_outputs__type_support.cpp\n'}
[0.936122] (px4_msgs) StdoutLine: {'line': b'-- Up-to-date: /home/nicolas/ws_ros2/install/px4_msgs/include/px4_msgs/px4_msgs/msg/detail/estimator_bias__rosidl_typesupport_introspection_cpp.hpp\n'}
[0.936156] (px4_msgs) StdoutLine: {'line': b'-- Up-to-date: /home/nicolas/ws_ros2/install/px4_msgs/include/px4_msgs/px4_msgs/msg/detail/vehicle_command_ack__type_support.cpp\n'}
[0.936190] (px4_msgs) StdoutLine: {'line': b'-- Up-to-date: /home/nicolas/ws_ros2/install/px4_msgs/include/px4_msgs/px4_msgs/msg/detail/rover_speed_setpoint__rosidl_typesupport_introspection_cpp.hpp\n'}
[0.936224] (px4_msgs) StdoutLine: {'line': b'-- Up-to-date: /home/nicolas/ws_ros2/install/px4_msgs/include/px4_msgs/px4_msgs/msg/detail/failure_detector_status__type_support.cpp\n'}
[0.936258] (px4_msgs) StdoutLine: {'line': b'-- Up-to-date: /home/nicolas/ws_ros2/install/px4_msgs/include/px4_msgs/px4_msgs/msg/detail/open_drone_id_arm_status__type_support.cpp\n'}
[0.936293] (px4_msgs) StdoutLine: {'line': b'-- Up-to-date: /home/nicolas/ws_ros2/install/px4_msgs/include/px4_msgs/px4_msgs/msg/detail/vehicle_optical_flow_vel__rosidl_typesupport_introspection_cpp.hpp\n'}
[0.936328] (px4_msgs) StdoutLine: {'line': b'-- Up-to-date: /home/nicolas/ws_ros2/install/px4_msgs/include/px4_msgs/px4_msgs/msg/detail/button_event__type_support.cpp\n'}
[0.936362] (px4_msgs) StdoutLine: {'line': b'-- Up-to-date: /home/nicolas/ws_ros2/install/px4_msgs/include/px4_msgs/px4_msgs/msg/detail/onboard_computer_status__type_support.cpp\n'}
[0.936455] (px4_msgs) StdoutLine: {'line': b'-- Up-to-date: /home/nicolas/ws_ros2/install/px4_msgs/include/px4_msgs/px4_msgs/msg/detail/adc_report__rosidl_typesupport_introspection_cpp.hpp\n'}
[0.936506] (px4_msgs) StdoutLine: {'line': b'-- Up-to-date: /home/nicolas/ws_ros2/install/px4_msgs/include/px4_msgs/px4_msgs/msg/detail/sensor_hygrometer__rosidl_typesupport_introspection_cpp.hpp\n'}
[0.936546] (px4_msgs) StdoutLine: {'line': b'-- Up-to-date: /home/nicolas/ws_ros2/install/px4_msgs/include/px4_msgs/px4_msgs/msg/detail/generator_status__rosidl_typesupport_introspection_cpp.hpp\n'}
[0.936584] (px4_msgs) StdoutLine: {'line': b'-- Up-to-date: /home/nicolas/ws_ros2/install/px4_msgs/include/px4_msgs/px4_msgs/msg/detail/vehicle_local_position_setpoint__rosidl_typesupport_introspection_cpp.hpp\n'}
[0.936629] (px4_msgs) StdoutLine: {'line': b'-- Up-to-date: /home/nicolas/ws_ros2/install/px4_msgs/include/px4_msgs/px4_msgs/msg/detail/vehicle_status__type_support.cpp\n'}
[0.936666] (px4_msgs) StdoutLine: {'line': b'-- Up-to-date: /home/nicolas/ws_ros2/install/px4_msgs/include/px4_msgs/px4_msgs/msg/detail/debug_key_value__type_support.cpp\n'}
[0.936717] (px4_msgs) StdoutLine: {'line': b'-- Up-to-date: /home/nicolas/ws_ros2/install/px4_msgs/include/px4_msgs/px4_msgs/msg/detail/failsafe_flags__rosidl_typesupport_introspection_cpp.hpp\n'}
[0.936758] (px4_msgs) StdoutLine: {'line': b'-- Up-to-date: /home/nicolas/ws_ros2/install/px4_msgs/include/px4_msgs/px4_msgs/msg/detail/estimator_aid_source3d__rosidl_typesupport_introspection_cpp.hpp\n'}
[0.936796] (px4_msgs) StdoutLine: {'line': b'-- Up-to-date: /home/nicolas/ws_ros2/install/px4_msgs/include/px4_msgs/px4_msgs/msg/detail/flight_phase_estimation__type_support.cpp\n'}
[0.936834] (px4_msgs) StdoutLine: {'line': b'-- Up-to-date: /home/nicolas/ws_ros2/install/px4_msgs/include/px4_msgs/px4_msgs/msg/detail/rover_steering_setpoint__type_support.cpp\n'}
[0.936887] (px4_msgs) StdoutLine: {'line': b'-- Up-to-date: /home/nicolas/ws_ros2/install/px4_msgs/include/px4_msgs/px4_msgs/msg/detail/yaw_estimator_status__rosidl_typesupport_introspection_cpp.hpp\n'}
[0.936924] (px4_msgs) StdoutLine: {'line': b'-- Up-to-date: /home/nicolas/ws_ros2/install/px4_msgs/include/px4_msgs/px4_msgs/msg/detail/power_button_state__type_support.cpp\n'}
[0.936960] (px4_msgs) StdoutLine: {'line': b'-- Up-to-date: /home/nicolas/ws_ros2/install/px4_msgs/include/px4_msgs/px4_msgs/msg/detail/vehicle_roi__type_support.cpp\n'}
[0.936996] (px4_msgs) StdoutLine: {'line': b'-- Up-to-date: /home/nicolas/ws_ros2/install/px4_msgs/include/px4_msgs/px4_msgs/msg/detail/navigator_status__type_support.cpp\n'}
[0.937031] (px4_msgs) StdoutLine: {'line': b'-- Up-to-date: /home/nicolas/ws_ros2/install/px4_msgs/include/px4_msgs/px4_msgs/msg/detail/gpio_in__rosidl_typesupport_introspection_cpp.hpp\n'}
[0.937067] (px4_msgs) StdoutLine: {'line': b'-- Up-to-date: /home/nicolas/ws_ros2/install/px4_msgs/include/px4_msgs/px4_msgs/msg/detail/goto_setpoint__type_support.cpp\n'}
[0.937102] (px4_msgs) StdoutLine: {'line': b'-- Up-to-date: /home/nicolas/ws_ros2/install/px4_msgs/include/px4_msgs/px4_msgs/msg/detail/distance_sensor_mode_change_request__rosidl_typesupport_introspection_cpp.hpp\n'}
[0.937138] (px4_msgs) StdoutLine: {'line': b'-- Up-to-date: /home/nicolas/ws_ros2/install/px4_msgs/include/px4_msgs/px4_msgs/msg/detail/home_position__type_support.cpp\n'}
[0.937229] (px4_msgs) StdoutLine: {'line': b'-- Up-to-date: /home/nicolas/ws_ros2/install/px4_msgs/include/px4_msgs/px4_msgs/msg/detail/gpio_out__type_support.cpp\n'}
[0.937272] (px4_msgs) StdoutLine: {'line': b'-- Up-to-date: /home/nicolas/ws_ros2/install/px4_msgs/include/px4_msgs/px4_msgs/msg/detail/sensor_gyro_fifo__type_support.cpp\n'}
[0.937343] (px4_msgs) StdoutLine: {'line': b'-- Up-to-date: /home/nicolas/ws_ros2/install/px4_msgs/include/px4_msgs/px4_msgs/msg/detail/gimbal_manager_information__type_support.cpp\n'}
[0.937381] (px4_msgs) StdoutLine: {'line': b'-- Up-to-date: /home/nicolas/ws_ros2/install/px4_msgs/include/px4_msgs/px4_msgs/msg/detail/estimator_status_flags__rosidl_typesupport_introspection_cpp.hpp\n'}
[0.937417] (px4_msgs) StdoutLine: {'line': b'-- Up-to-date: /home/nicolas/ws_ros2/install/px4_msgs/include/px4_msgs/px4_msgs/msg/detail/log_message__rosidl_typesupport_introspection_cpp.hpp\n'}
[0.937454] (px4_msgs) StdoutLine: {'line': b'-- Up-to-date: /home/nicolas/ws_ros2/install/px4_msgs/include/px4_msgs/px4_msgs/msg/detail/actuator_armed__rosidl_typesupport_introspection_cpp.hpp\n'}
[0.937489] (px4_msgs) StdoutLine: {'line': b'-- Up-to-date: /home/nicolas/ws_ros2/install/px4_msgs/include/px4_msgs/px4_msgs/msg/detail/open_drone_id_arm_status__rosidl_typesupport_introspection_cpp.hpp\n'}
[0.937523] (px4_msgs) StdoutLine: {'line': b'-- Up-to-date: /home/nicolas/ws_ros2/install/px4_msgs/include/px4_msgs/px4_msgs/msg/detail/px4io_status__rosidl_typesupport_introspection_cpp.hpp\n'}
[0.937556] (px4_msgs) StdoutLine: {'line': b'-- Up-to-date: /home/nicolas/ws_ros2/install/px4_msgs/include/px4_msgs/px4_msgs/msg/detail/camera_capture__rosidl_typesupport_introspection_cpp.hpp\n'}
[0.937590] (px4_msgs) StdoutLine: {'line': b'-- Up-to-date: /home/nicolas/ws_ros2/install/px4_msgs/include/px4_msgs/px4_msgs/msg/detail/action_request__type_support.cpp\n'}
[0.937623] (px4_msgs) StdoutLine: {'line': b'-- Up-to-date: /home/nicolas/ws_ros2/install/px4_msgs/include/px4_msgs/px4_msgs/msg/detail/sensors_status_imu__rosidl_typesupport_introspection_cpp.hpp\n'}
[0.937656] (px4_msgs) StdoutLine: {'line': b'-- Up-to-date: /home/nicolas/ws_ros2/install/px4_msgs/include/px4_msgs/px4_msgs/msg/detail/mode_completed__rosidl_typesupport_introspection_cpp.hpp\n'}
[0.937694] (px4_msgs) StdoutLine: {'line': b'-- Up-to-date: /home/nicolas/ws_ros2/install/px4_msgs/include/px4_msgs/px4_msgs/msg/detail/mavlink_tunnel__rosidl_typesupport_introspection_cpp.hpp\n'}
[0.937748] (px4_msgs) StdoutLine: {'line': b'-- Up-to-date: /home/nicolas/ws_ros2/install/px4_msgs/include/px4_msgs/px4_msgs/msg/detail/estimator_aid_source1d__rosidl_typesupport_introspection_cpp.hpp\n'}
[0.937785] (px4_msgs) StdoutLine: {'line': b'-- Up-to-date: /home/nicolas/ws_ros2/install/px4_msgs/include/px4_msgs/px4_msgs/msg/detail/position_setpoint_triplet__type_support.cpp\n'}
[0.937821] (px4_msgs) StdoutLine: {'line': b'-- Up-to-date: /home/nicolas/ws_ros2/install/px4_msgs/lib/libpx4_msgs__rosidl_typesupport_introspection_cpp.so\n'}
[0.937855] (px4_msgs) StdoutLine: {'line': b'-- Up-to-date: /home/nicolas/ws_ros2/install/px4_msgs/lib/libpx4_msgs__rosidl_typesupport_cpp.so\n'}
[0.937889] (px4_msgs) StdoutLine: {'line': b'-- Up-to-date: /home/nicolas/ws_ros2/install/px4_msgs/share/px4_msgs/environment/pythonpath.sh\n'}
[0.937929] (px4_msgs) StdoutLine: {'line': b'-- Up-to-date: /home/nicolas/ws_ros2/install/px4_msgs/share/px4_msgs/environment/pythonpath.dsv\n'}
[0.937962] (px4_msgs) StdoutLine: {'line': b'-- Up-to-date: /home/nicolas/ws_ros2/install/px4_msgs/local/lib/python3.10/dist-packages/px4_msgs-2.0.1-py3.10.egg-info\n'}
[0.937996] (px4_msgs) StdoutLine: {'line': b'-- Installing: /home/nicolas/ws_ros2/install/px4_msgs/local/lib/python3.10/dist-packages/px4_msgs-2.0.1-py3.10.egg-info/SOURCES.txt\n'}
[0.938030] (px4_msgs) StdoutLine: {'line': b'-- Installing: /home/nicolas/ws_ros2/install/px4_msgs/local/lib/python3.10/dist-packages/px4_msgs-2.0.1-py3.10.egg-info/top_level.txt\n'}
[0.938065] (px4_msgs) StdoutLine: {'line': b'-- Installing: /home/nicolas/ws_ros2/install/px4_msgs/local/lib/python3.10/dist-packages/px4_msgs-2.0.1-py3.10.egg-info/dependency_links.txt\n'}
[0.938099] (px4_msgs) StdoutLine: {'line': b'-- Installing: /home/nicolas/ws_ros2/install/px4_msgs/local/lib/python3.10/dist-packages/px4_msgs-2.0.1-py3.10.egg-info/PKG-INFO\n'}
[0.938135] (px4_msgs) StdoutLine: {'line': b'-- Up-to-date: /home/nicolas/ws_ros2/install/px4_msgs/local/lib/python3.10/dist-packages/px4_msgs\n'}
[0.938172] (px4_msgs) StdoutLine: {'line': b'-- Up-to-date: /home/nicolas/ws_ros2/install/px4_msgs/local/lib/python3.10/dist-packages/px4_msgs/px4_msgs_s__rosidl_typesupport_fastrtps_c.cpython-310-x86_64-linux-gnu.so\n'}
[0.938210] (px4_msgs) StdoutLine: {'line': b'-- Up-to-date: /home/nicolas/ws_ros2/install/px4_msgs/local/lib/python3.10/dist-packages/px4_msgs/__init__.py\n'}
[0.938247] (px4_msgs) StdoutLine: {'line': b'-- Up-to-date: /home/nicolas/ws_ros2/install/px4_msgs/local/lib/python3.10/dist-packages/px4_msgs/_px4_msgs_s.ep.rosidl_typesupport_introspection_c.c\n'}
[0.938283] (px4_msgs) StdoutLine: {'line': b'-- Up-to-date: /home/nicolas/ws_ros2/install/px4_msgs/local/lib/python3.10/dist-packages/px4_msgs/srv\n'}
[0.938319] (px4_msgs) StdoutLine: {'line': b'-- Up-to-date: /home/nicolas/ws_ros2/install/px4_msgs/local/lib/python3.10/dist-packages/px4_msgs/srv/__init__.py\n'}
[0.938356] (px4_msgs) StdoutLine: {'line': b'-- Up-to-date: /home/nicolas/ws_ros2/install/px4_msgs/local/lib/python3.10/dist-packages/px4_msgs/srv/_vehicle_command_s.c\n'}
[0.938424] (px4_msgs) StdoutLine: {'line': b'-- Up-to-date: /home/nicolas/ws_ros2/install/px4_msgs/local/lib/python3.10/dist-packages/px4_msgs/srv/_vehicle_command.py\n'}
[0.938460] (px4_msgs) StdoutLine: {'line': b'-- Up-to-date: /home/nicolas/ws_ros2/install/px4_msgs/local/lib/python3.10/dist-packages/px4_msgs/_px4_msgs_s.ep.rosidl_typesupport_c.c\n'}
[0.938494] (px4_msgs) StdoutLine: {'line': b'-- Up-to-date: /home/nicolas/ws_ros2/install/px4_msgs/local/lib/python3.10/dist-packages/px4_msgs/libpx4_msgs__rosidl_generator_py.so\n'}
[0.938528] (px4_msgs) StdoutLine: {'line': b'-- Up-to-date: /home/nicolas/ws_ros2/install/px4_msgs/local/lib/python3.10/dist-packages/px4_msgs/_px4_msgs_s.ep.rosidl_typesupport_fastrtps_c.c\n'}
[0.938563] (px4_msgs) StdoutLine: {'line': b'-- Up-to-date: /home/nicolas/ws_ros2/install/px4_msgs/local/lib/python3.10/dist-packages/px4_msgs/px4_msgs_s__rosidl_typesupport_c.cpython-310-x86_64-linux-gnu.so\n'}
[0.938602] (px4_msgs) StdoutLine: {'line': b'-- Up-to-date: /home/nicolas/ws_ros2/install/px4_msgs/local/lib/python3.10/dist-packages/px4_msgs/msg\n'}
[0.938656] (px4_msgs) StdoutLine: {'line': b'-- Up-to-date: /home/nicolas/ws_ros2/install/px4_msgs/local/lib/python3.10/dist-packages/px4_msgs/msg/_distance_sensor.py\n'}
[0.938695] (px4_msgs) StdoutLine: {'line': b'-- Up-to-date: /home/nicolas/ws_ros2/install/px4_msgs/local/lib/python3.10/dist-packages/px4_msgs/msg/_estimator_gps_status.py\n'}
[0.938731] (px4_msgs) StdoutLine: {'line': b'-- Up-to-date: /home/nicolas/ws_ros2/install/px4_msgs/local/lib/python3.10/dist-packages/px4_msgs/msg/_cpuload_s.c\n'}
[0.938765] (px4_msgs) StdoutLine: {'line': b'-- Up-to-date: /home/nicolas/ws_ros2/install/px4_msgs/local/lib/python3.10/dist-packages/px4_msgs/msg/_power_monitor.py\n'}
[0.938799] (px4_msgs) StdoutLine: {'line': b'-- Up-to-date: /home/nicolas/ws_ros2/install/px4_msgs/local/lib/python3.10/dist-packages/px4_msgs/msg/_debug_array_s.c\n'}
[0.938847] (px4_msgs) StdoutLine: {'line': b'-- Up-to-date: /home/nicolas/ws_ros2/install/px4_msgs/local/lib/python3.10/dist-packages/px4_msgs/msg/_velocity_limits.py\n'}
[0.938882] (px4_msgs) StdoutLine: {'line': b'-- Up-to-date: /home/nicolas/ws_ros2/install/px4_msgs/local/lib/python3.10/dist-packages/px4_msgs/msg/_gimbal_controls_s.c\n'}
[0.938915] (px4_msgs) StdoutLine: {'line': b'-- Up-to-date: /home/nicolas/ws_ros2/install/px4_msgs/local/lib/python3.10/dist-packages/px4_msgs/msg/_gripper_s.c\n'}
[0.938949] (px4_msgs) StdoutLine: {'line': b'-- Up-to-date: /home/nicolas/ws_ros2/install/px4_msgs/local/lib/python3.10/dist-packages/px4_msgs/msg/_open_drone_id_self_id.py\n'}
[0.938982] (px4_msgs) StdoutLine: {'line': b'-- Up-to-date: /home/nicolas/ws_ros2/install/px4_msgs/local/lib/python3.10/dist-packages/px4_msgs/msg/_estimator_event_flags_s.c\n'}
[0.939016] (px4_msgs) StdoutLine: {'line': b'-- Up-to-date: /home/nicolas/ws_ros2/install/px4_msgs/local/lib/python3.10/dist-packages/px4_msgs/msg/_actuator_test_s.c\n'}
[0.939049] (px4_msgs) StdoutLine: {'line': b'-- Up-to-date: /home/nicolas/ws_ros2/install/px4_msgs/local/lib/python3.10/dist-packages/px4_msgs/msg/_sensor_accel_fifo_s.c\n'}
[0.939082] (px4_msgs) StdoutLine: {'line': b'-- Up-to-date: /home/nicolas/ws_ros2/install/px4_msgs/local/lib/python3.10/dist-packages/px4_msgs/msg/_debug_value_s.c\n'}
[0.939114] (px4_msgs) StdoutLine: {'line': b'-- Up-to-date: /home/nicolas/ws_ros2/install/px4_msgs/local/lib/python3.10/dist-packages/px4_msgs/msg/_sensor_accel_s.c\n'}
[0.939155] (px4_msgs) StdoutLine: {'line': b'-- Up-to-date: /home/nicolas/ws_ros2/install/px4_msgs/local/lib/python3.10/dist-packages/px4_msgs/msg/_register_ext_component_request.py\n'}
[0.939188] (px4_msgs) StdoutLine: {'line': b'-- Up-to-date: /home/nicolas/ws_ros2/install/px4_msgs/local/lib/python3.10/dist-packages/px4_msgs/msg/_sensor_preflight_mag.py\n'}
[0.939223] (px4_msgs) StdoutLine: {'line': b'-- Up-to-date: /home/nicolas/ws_ros2/install/px4_msgs/local/lib/python3.10/dist-packages/px4_msgs/msg/_geofence_status_s.c\n'}
[0.939276] (px4_msgs) StdoutLine: {'line': b'-- Up-to-date: /home/nicolas/ws_ros2/install/px4_msgs/local/lib/python3.10/dist-packages/px4_msgs/msg/_parameter_reset_request_s.c\n'}
[0.939311] (px4_msgs) StdoutLine: {'line': b'-- Up-to-date: /home/nicolas/ws_ros2/install/px4_msgs/local/lib/python3.10/dist-packages/px4_msgs/msg/_cellular_status.py\n'}
[0.939345] (px4_msgs) StdoutLine: {'line': b'-- Up-to-date: /home/nicolas/ws_ros2/install/px4_msgs/local/lib/python3.10/dist-packages/px4_msgs/msg/_rover_throttle_setpoint.py\n'}
[0.939379] (px4_msgs) StdoutLine: {'line': b'-- Up-to-date: /home/nicolas/ws_ros2/install/px4_msgs/local/lib/python3.10/dist-packages/px4_msgs/msg/_sensor_correction_s.c\n'}
[0.939412] (px4_msgs) StdoutLine: {'line': b'-- Up-to-date: /home/nicolas/ws_ros2/install/px4_msgs/local/lib/python3.10/dist-packages/px4_msgs/msg/_parameter_set_used_request.py\n'}
[0.939446] (px4_msgs) StdoutLine: {'line': b'-- Up-to-date: /home/nicolas/ws_ros2/install/px4_msgs/local/lib/python3.10/dist-packages/px4_msgs/msg/_battery_status_s.c\n'}
[0.939481] (px4_msgs) StdoutLine: {'line': b'-- Up-to-date: /home/nicolas/ws_ros2/install/px4_msgs/local/lib/python3.10/dist-packages/px4_msgs/msg/_task_stack_info_s.c\n'}
[0.939520] (px4_msgs) StdoutLine: {'line': b'-- Up-to-date: /home/nicolas/ws_ros2/install/px4_msgs/local/lib/python3.10/dist-packages/px4_msgs/msg/_vehicle_air_data_s.c\n'}
[0.939575] (px4_msgs) StdoutLine: {'line': b'-- Up-to-date: /home/nicolas/ws_ros2/install/px4_msgs/local/lib/python3.10/dist-packages/px4_msgs/msg/_task_stack_info.py\n'}
[0.939610] (px4_msgs) StdoutLine: {'line': b'-- Up-to-date: /home/nicolas/ws_ros2/install/px4_msgs/local/lib/python3.10/dist-packages/px4_msgs/msg/_sensor_uwb_s.c\n'}
[0.939644] (px4_msgs) StdoutLine: {'line': b'-- Up-to-date: /home/nicolas/ws_ros2/install/px4_msgs/local/lib/python3.10/dist-packages/px4_msgs/msg/_landing_gear_s.c\n'}
[0.939676] (px4_msgs) StdoutLine: {'line': b'-- Up-to-date: /home/nicolas/ws_ros2/install/px4_msgs/local/lib/python3.10/dist-packages/px4_msgs/msg/_action_request.py\n'}
[0.939732] (px4_msgs) StdoutLine: {'line': b'-- Up-to-date: /home/nicolas/ws_ros2/install/px4_msgs/local/lib/python3.10/dist-packages/px4_msgs/msg/_vehicle_angular_velocity_s.c\n'}
[0.939766] (px4_msgs) StdoutLine: {'line': b'-- Up-to-date: /home/nicolas/ws_ros2/install/px4_msgs/local/lib/python3.10/dist-packages/px4_msgs/msg/_manual_control_switches.py\n'}
[0.939799] (px4_msgs) StdoutLine: {'line': b'-- Up-to-date: /home/nicolas/ws_ros2/install/px4_msgs/local/lib/python3.10/dist-packages/px4_msgs/msg/_estimator_status_s.c\n'}
[0.939832] (px4_msgs) StdoutLine: {'line': b'-- Up-to-date: /home/nicolas/ws_ros2/install/px4_msgs/local/lib/python3.10/dist-packages/px4_msgs/msg/_geofence_result.py\n'}
[0.939864] (px4_msgs) StdoutLine: {'line': b'-- Up-to-date: /home/nicolas/ws_ros2/install/px4_msgs/local/lib/python3.10/dist-packages/px4_msgs/msg/_manual_control_setpoint.py\n'}
[0.939896] (px4_msgs) StdoutLine: {'line': b'-- Up-to-date: /home/nicolas/ws_ros2/install/px4_msgs/local/lib/python3.10/dist-packages/px4_msgs/msg/_led_control_s.c\n'}
[0.939929] (px4_msgs) StdoutLine: {'line': b'-- Up-to-date: /home/nicolas/ws_ros2/install/px4_msgs/local/lib/python3.10/dist-packages/px4_msgs/msg/_figure_eight_status.py\n'}
[0.939961] (px4_msgs) StdoutLine: {'line': b'-- Up-to-date: /home/nicolas/ws_ros2/install/px4_msgs/local/lib/python3.10/dist-packages/px4_msgs/msg/_orb_test_medium_s.c\n'}
[0.939997] (px4_msgs) StdoutLine: {'line': b'-- Up-to-date: /home/nicolas/ws_ros2/install/px4_msgs/local/lib/python3.10/dist-packages/px4_msgs/msg/_gpio_request.py\n'}
[0.940033] (px4_msgs) StdoutLine: {'line': b'-- Up-to-date: /home/nicolas/ws_ros2/install/px4_msgs/local/lib/python3.10/dist-packages/px4_msgs/msg/_cpuload.py\n'}
[0.940068] (px4_msgs) StdoutLine: {'line': b'-- Up-to-date: /home/nicolas/ws_ros2/install/px4_msgs/local/lib/python3.10/dist-packages/px4_msgs/msg/_vehicle_acceleration.py\n'}
[0.940104] (px4_msgs) StdoutLine: {'line': b'-- Up-to-date: /home/nicolas/ws_ros2/install/px4_msgs/local/lib/python3.10/dist-packages/px4_msgs/msg/_esc_report_s.c\n'}
[0.940140] (px4_msgs) StdoutLine: {'line': b'-- Up-to-date: /home/nicolas/ws_ros2/install/px4_msgs/local/lib/python3.10/dist-packages/px4_msgs/msg/_sensor_gyro_fft.py\n'}
[0.940177] (px4_msgs) StdoutLine: {'line': b'-- Up-to-date: /home/nicolas/ws_ros2/install/px4_msgs/local/lib/python3.10/dist-packages/px4_msgs/msg/_sensor_gps_s.c\n'}
[0.940212] (px4_msgs) StdoutLine: {'line': b'-- Up-to-date: /home/nicolas/ws_ros2/install/px4_msgs/local/lib/python3.10/dist-packages/px4_msgs/msg/_vehicle_constraints_s.c\n'}
[0.940248] (px4_msgs) StdoutLine: {'line': b'-- Up-to-date: /home/nicolas/ws_ros2/install/px4_msgs/local/lib/python3.10/dist-packages/px4_msgs/msg/_input_rc_s.c\n'}
[0.940284] (px4_msgs) StdoutLine: {'line': b'-- Up-to-date: /home/nicolas/ws_ros2/install/px4_msgs/local/lib/python3.10/dist-packages/px4_msgs/msg/_vehicle_land_detected_s.c\n'}
[0.940319] (px4_msgs) StdoutLine: {'line': b'-- Up-to-date: /home/nicolas/ws_ros2/install/px4_msgs/local/lib/python3.10/dist-packages/px4_msgs/msg/_rover_rate_setpoint.py\n'}
[0.940386] (px4_msgs) StdoutLine: {'line': b'-- Up-to-date: /home/nicolas/ws_ros2/install/px4_msgs/local/lib/python3.10/dist-packages/px4_msgs/msg/_estimator_selector_status_s.c\n'}
[0.940424] (px4_msgs) StdoutLine: {'line': b'-- Up-to-date: /home/nicolas/ws_ros2/install/px4_msgs/local/lib/python3.10/dist-packages/px4_msgs/msg/_dronecan_node_status.py\n'}
[0.940457] (px4_msgs) StdoutLine: {'line': b'-- Up-to-date: /home/nicolas/ws_ros2/install/px4_msgs/local/lib/python3.10/dist-packages/px4_msgs/msg/_position_setpoint.py\n'}
[0.940491] (px4_msgs) StdoutLine: {'line': b'-- Up-to-date: /home/nicolas/ws_ros2/install/px4_msgs/local/lib/python3.10/dist-packages/px4_msgs/msg/_sensor_baro.py\n'}
[0.940524] (px4_msgs) StdoutLine: {'line': b'-- Up-to-date: /home/nicolas/ws_ros2/install/px4_msgs/local/lib/python3.10/dist-packages/px4_msgs/msg/_wind_s.c\n'}
[0.940557] (px4_msgs) StdoutLine: {'line': b'-- Up-to-date: /home/nicolas/ws_ros2/install/px4_msgs/local/lib/python3.10/dist-packages/px4_msgs/msg/_dataman_request_s.c\n'}
[0.940590] (px4_msgs) StdoutLine: {'line': b'-- Up-to-date: /home/nicolas/ws_ros2/install/px4_msgs/local/lib/python3.10/dist-packages/px4_msgs/msg/_rc_parameter_map.py\n'}
[0.940625] (px4_msgs) StdoutLine: {'line': b'-- Up-to-date: /home/nicolas/ws_ros2/install/px4_msgs/local/lib/python3.10/dist-packages/px4_msgs/msg/__init__.py\n'}
[0.940662] (px4_msgs) StdoutLine: {'line': b'-- Up-to-date: /home/nicolas/ws_ros2/install/px4_msgs/local/lib/python3.10/dist-packages/px4_msgs/msg/_actuator_servos_trim.py\n'}
[0.940718] (px4_msgs) StdoutLine: {'line': b'-- Up-to-date: /home/nicolas/ws_ros2/install/px4_msgs/local/lib/python3.10/dist-packages/px4_msgs/msg/_orbit_status.py\n'}
[0.940754] (px4_msgs) StdoutLine: {'line': b'-- Up-to-date: /home/nicolas/ws_ros2/install/px4_msgs/local/lib/python3.10/dist-packages/px4_msgs/msg/_px4io_status_s.c\n'}
[0.940788] (px4_msgs) StdoutLine: {'line': b'-- Up-to-date: /home/nicolas/ws_ros2/install/px4_msgs/local/lib/python3.10/dist-packages/px4_msgs/msg/_ekf2_timestamps.py\n'}
[0.940821] (px4_msgs) StdoutLine: {'line': b'-- Up-to-date: /home/nicolas/ws_ros2/install/px4_msgs/local/lib/python3.10/dist-packages/px4_msgs/msg/_rpm_s.c\n'}
[0.940857] (px4_msgs) StdoutLine: {'line': b'-- Up-to-date: /home/nicolas/ws_ros2/install/px4_msgs/local/lib/python3.10/dist-packages/px4_msgs/msg/_vehicle_imu_status_s.c\n'}
[0.940894] (px4_msgs) StdoutLine: {'line': b'-- Up-to-date: /home/nicolas/ws_ros2/install/px4_msgs/local/lib/python3.10/dist-packages/px4_msgs/msg/_vtol_vehicle_status.py\n'}
[0.940930] (px4_msgs) StdoutLine: {'line': b'-- Up-to-date: /home/nicolas/ws_ros2/install/px4_msgs/local/lib/python3.10/dist-packages/px4_msgs/msg/_sensor_gnss_status_s.c\n'}
[0.940967] (px4_msgs) StdoutLine: {'line': b'-- Up-to-date: /home/nicolas/ws_ros2/install/px4_msgs/local/lib/python3.10/dist-packages/px4_msgs/msg/_sensor_mag.py\n'}
[0.941011] (px4_msgs) StdoutLine: {'line': b'-- Up-to-date: /home/nicolas/ws_ros2/install/px4_msgs/local/lib/python3.10/dist-packages/px4_msgs/msg/_open_drone_id_system.py\n'}
[0.941054] (px4_msgs) StdoutLine: {'line': b'-- Up-to-date: /home/nicolas/ws_ros2/install/px4_msgs/local/lib/python3.10/dist-packages/px4_msgs/msg/_vehicle_control_mode.py\n'}
[0.941095] (px4_msgs) StdoutLine: {'line': b'-- Up-to-date: /home/nicolas/ws_ros2/install/px4_msgs/local/lib/python3.10/dist-packages/px4_msgs/msg/_gps_inject_data_s.c\n'}
[0.941135] (px4_msgs) StdoutLine: {'line': b'-- Up-to-date: /home/nicolas/ws_ros2/install/px4_msgs/local/lib/python3.10/dist-packages/px4_msgs/msg/_follow_target_status.py\n'}
[0.941174] (px4_msgs) StdoutLine: {'line': b'-- Up-to-date: /home/nicolas/ws_ros2/install/px4_msgs/local/lib/python3.10/dist-packages/px4_msgs/msg/_distance_sensor_s.c\n'}
[0.941211] (px4_msgs) StdoutLine: {'line': b'-- Up-to-date: /home/nicolas/ws_ros2/install/px4_msgs/local/lib/python3.10/dist-packages/px4_msgs/msg/_gimbal_manager_information.py\n'}
[0.941250] (px4_msgs) StdoutLine: {'line': b'-- Up-to-date: /home/nicolas/ws_ros2/install/px4_msgs/local/lib/python3.10/dist-packages/px4_msgs/msg/_gimbal_controls.py\n'}
[0.941289] (px4_msgs) StdoutLine: {'line': b'-- Up-to-date: /home/nicolas/ws_ros2/install/px4_msgs/local/lib/python3.10/dist-packages/px4_msgs/msg/_camera_status.py\n'}
[0.941355] (px4_msgs) StdoutLine: {'line': b'-- Up-to-date: /home/nicolas/ws_ros2/install/px4_msgs/local/lib/python3.10/dist-packages/px4_msgs/msg/_control_allocator_status_s.c\n'}
[0.941390] (px4_msgs) StdoutLine: {'line': b'-- Up-to-date: /home/nicolas/ws_ros2/install/px4_msgs/local/lib/python3.10/dist-packages/px4_msgs/msg/_rover_position_setpoint.py\n'}
[0.941425] (px4_msgs) StdoutLine: {'line': b'-- Up-to-date: /home/nicolas/ws_ros2/install/px4_msgs/local/lib/python3.10/dist-packages/px4_msgs/msg/_uavcan_parameter_request_s.c\n'}
[0.941459] (px4_msgs) StdoutLine: {'line': b'-- Up-to-date: /home/nicolas/ws_ros2/install/px4_msgs/local/lib/python3.10/dist-packages/px4_msgs/msg/_vehicle_local_position_setpoint_s.c\n'}
[0.941493] (px4_msgs) StdoutLine: {'line': b'-- Up-to-date: /home/nicolas/ws_ros2/install/px4_msgs/local/lib/python3.10/dist-packages/px4_msgs/msg/_rc_channels.py\n'}
[0.941530] (px4_msgs) StdoutLine: {'line': b'-- Up-to-date: /home/nicolas/ws_ros2/install/px4_msgs/local/lib/python3.10/dist-packages/px4_msgs/msg/_mission_result_s.c\n'}
[0.941569] (px4_msgs) StdoutLine: {'line': b'-- Up-to-date: /home/nicolas/ws_ros2/install/px4_msgs/local/lib/python3.10/dist-packages/px4_msgs/msg/_transponder_report.py\n'}
[0.941606] (px4_msgs) StdoutLine: {'line': b'-- Up-to-date: /home/nicolas/ws_ros2/install/px4_msgs/local/lib/python3.10/dist-packages/px4_msgs/msg/_rover_rate_status.py\n'}
[0.941663] (px4_msgs) StdoutLine: {'line': b'-- Up-to-date: /home/nicolas/ws_ros2/install/px4_msgs/local/lib/python3.10/dist-packages/px4_msgs/msg/_fuel_tank_status_s.c\n'}
[0.941704] (px4_msgs) StdoutLine: {'line': b'-- Up-to-date: /home/nicolas/ws_ros2/install/px4_msgs/local/lib/python3.10/dist-packages/px4_msgs/msg/_geofence_result_s.c\n'}
[0.941741] (px4_msgs) StdoutLine: {'line': b'-- Up-to-date: /home/nicolas/ws_ros2/install/px4_msgs/local/lib/python3.10/dist-packages/px4_msgs/msg/_iridiumsbd_status_s.c\n'}
[0.941777] (px4_msgs) StdoutLine: {'line': b'-- Up-to-date: /home/nicolas/ws_ros2/install/px4_msgs/local/lib/python3.10/dist-packages/px4_msgs/msg/_wheel_encoders_s.c\n'}
[0.941813] (px4_msgs) StdoutLine: {'line': b'-- Up-to-date: /home/nicolas/ws_ros2/install/px4_msgs/local/lib/python3.10/dist-packages/px4_msgs/msg/_landing_target_pose_s.c\n'}
[0.941849] (px4_msgs) StdoutLine: {'line': b'-- Up-to-date: /home/nicolas/ws_ros2/install/px4_msgs/local/lib/python3.10/dist-packages/px4_msgs/msg/_actuator_armed.py\n'}
[0.941903] (px4_msgs) StdoutLine: {'line': b'-- Up-to-date: /home/nicolas/ws_ros2/install/px4_msgs/local/lib/python3.10/dist-packages/px4_msgs/msg/_system_power.py\n'}
[0.941939] (px4_msgs) StdoutLine: {'line': b'-- Up-to-date: /home/nicolas/ws_ros2/install/px4_msgs/local/lib/python3.10/dist-packages/px4_msgs/msg/_vehicle_thrust_setpoint.py\n'}
[0.941972] (px4_msgs) StdoutLine: {'line': b'-- Up-to-date: /home/nicolas/ws_ros2/install/px4_msgs/local/lib/python3.10/dist-packages/px4_msgs/msg/_landing_gear_wheel.py\n'}
[0.942006] (px4_msgs) StdoutLine: {'line': b'-- Up-to-date: /home/nicolas/ws_ros2/install/px4_msgs/local/lib/python3.10/dist-packages/px4_msgs/msg/_rc_parameter_map_s.c\n'}
[0.942041] (px4_msgs) StdoutLine: {'line': b'-- Up-to-date: /home/nicolas/ws_ros2/install/px4_msgs/local/lib/python3.10/dist-packages/px4_msgs/msg/_gripper.py\n'}
[0.942078] (px4_msgs) StdoutLine: {'line': b'-- Up-to-date: /home/nicolas/ws_ros2/install/px4_msgs/local/lib/python3.10/dist-packages/px4_msgs/msg/_rtl_time_estimate.py\n'}
[0.942114] (px4_msgs) StdoutLine: {'line': b'-- Up-to-date: /home/nicolas/ws_ros2/install/px4_msgs/local/lib/python3.10/dist-packages/px4_msgs/msg/_parameter_set_value_request_s.c\n'}
[0.942151] (px4_msgs) StdoutLine: {'line': b'-- Up-to-date: /home/nicolas/ws_ros2/install/px4_msgs/local/lib/python3.10/dist-packages/px4_msgs/msg/_vehicle_control_mode_s.c\n'}
[0.942187] (px4_msgs) StdoutLine: {'line': b'-- Up-to-date: /home/nicolas/ws_ros2/install/px4_msgs/local/lib/python3.10/dist-packages/px4_msgs/msg/_orb_test.py\n'}
[0.942239] (px4_msgs) StdoutLine: {'line': b'-- Up-to-date: /home/nicolas/ws_ros2/install/px4_msgs/local/lib/python3.10/dist-packages/px4_msgs/msg/_fuel_tank_status.py\n'}
[0.942273] (px4_msgs) StdoutLine: {'line': b'-- Up-to-date: /home/nicolas/ws_ros2/install/px4_msgs/local/lib/python3.10/dist-packages/px4_msgs/msg/_tiltrotor_extra_controls_s.c\n'}
[0.942311] (px4_msgs) StdoutLine: {'line': b'-- Up-to-date: /home/nicolas/ws_ros2/install/px4_msgs/local/lib/python3.10/dist-packages/px4_msgs/msg/_rtl_time_estimate_s.c\n'}
[0.942347] (px4_msgs) StdoutLine: {'line': b'-- Up-to-date: /home/nicolas/ws_ros2/install/px4_msgs/local/lib/python3.10/dist-packages/px4_msgs/msg/_sensor_gps.py\n'}
[0.942384] (px4_msgs) StdoutLine: {'line': b'-- Up-to-date: /home/nicolas/ws_ros2/install/px4_msgs/local/lib/python3.10/dist-packages/px4_msgs/msg/_rover_rate_status_s.c\n'}
[0.942430] (px4_msgs) StdoutLine: {'line': b'-- Up-to-date: /home/nicolas/ws_ros2/install/px4_msgs/local/lib/python3.10/dist-packages/px4_msgs/msg/_fixed_wing_lateral_guidance_status.py\n'}
[0.942466] (px4_msgs) StdoutLine: {'line': b'-- Up-to-date: /home/nicolas/ws_ros2/install/px4_msgs/local/lib/python3.10/dist-packages/px4_msgs/msg/_transponder_report_s.c\n'}
[0.942502] (px4_msgs) StdoutLine: {'line': b'-- Up-to-date: /home/nicolas/ws_ros2/install/px4_msgs/local/lib/python3.10/dist-packages/px4_msgs/msg/_actuator_servos_s.c\n'}
[0.942537] (px4_msgs) StdoutLine: {'line': b'-- Up-to-date: /home/nicolas/ws_ros2/install/px4_msgs/local/lib/python3.10/dist-packages/px4_msgs/msg/_gimbal_device_information.py\n'}
[0.942573] (px4_msgs) StdoutLine: {'line': b'-- Up-to-date: /home/nicolas/ws_ros2/install/px4_msgs/local/lib/python3.10/dist-packages/px4_msgs/msg/_failsafe_flags_s.c\n'}
[0.942610] (px4_msgs) StdoutLine: {'line': b'-- Up-to-date: /home/nicolas/ws_ros2/install/px4_msgs/local/lib/python3.10/dist-packages/px4_msgs/msg/_takeoff_status.py\n'}
[0.942645] (px4_msgs) StdoutLine: {'line': b'-- Up-to-date: /home/nicolas/ws_ros2/install/px4_msgs/local/lib/python3.10/dist-packages/px4_msgs/msg/_debug_array.py\n'}
[0.942684] (px4_msgs) StdoutLine: {'line': b'-- Up-to-date: /home/nicolas/ws_ros2/install/px4_msgs/local/lib/python3.10/dist-packages/px4_msgs/msg/_rover_attitude_status.py\n'}
[0.942723] (px4_msgs) StdoutLine: {'line': b'-- Up-to-date: /home/nicolas/ws_ros2/install/px4_msgs/local/lib/python3.10/dist-packages/px4_msgs/msg/_heater_status.py\n'}
[0.942759] (px4_msgs) StdoutLine: {'line': b'-- Up-to-date: /home/nicolas/ws_ros2/install/px4_msgs/local/lib/python3.10/dist-packages/px4_msgs/msg/_vehicle_odometry_s.c\n'}
[0.942794] (px4_msgs) StdoutLine: {'line': b'-- Up-to-date: /home/nicolas/ws_ros2/install/px4_msgs/local/lib/python3.10/dist-packages/px4_msgs/msg/_onboard_computer_status_s.c\n'}
[0.942829] (px4_msgs) StdoutLine: {'line': b'-- Up-to-date: /home/nicolas/ws_ros2/install/px4_msgs/local/lib/python3.10/dist-packages/px4_msgs/msg/_actuator_motors.py\n'}
[0.942864] (px4_msgs) StdoutLine: {'line': b'-- Up-to-date: /home/nicolas/ws_ros2/install/px4_msgs/local/lib/python3.10/dist-packages/px4_msgs/msg/_rover_speed_setpoint.py\n'}
[0.942938] (px4_msgs) StdoutLine: {'line': b'-- Up-to-date: /home/nicolas/ws_ros2/install/px4_msgs/local/lib/python3.10/dist-packages/px4_msgs/msg/_gimbal_manager_set_manual_control.py\n'}
[0.942973] (px4_msgs) StdoutLine: {'line': b'-- Up-to-date: /home/nicolas/ws_ros2/install/px4_msgs/local/lib/python3.10/dist-packages/px4_msgs/msg/_parameter_update_s.c\n'}
[0.943007] (px4_msgs) StdoutLine: {'line': b'-- Up-to-date: /home/nicolas/ws_ros2/install/px4_msgs/local/lib/python3.10/dist-packages/px4_msgs/msg/_airspeed_wind_s.c\n'}
[0.943040] (px4_msgs) StdoutLine: {'line': b'-- Up-to-date: /home/nicolas/ws_ros2/install/px4_msgs/local/lib/python3.10/dist-packages/px4_msgs/msg/_failure_detector_status.py\n'}
[0.943076] (px4_msgs) StdoutLine: {'line': b'-- Up-to-date: /home/nicolas/ws_ros2/install/px4_msgs/local/lib/python3.10/dist-packages/px4_msgs/msg/_arming_check_reply.py\n'}
[0.943114] (px4_msgs) StdoutLine: {'line': b'-- Up-to-date: /home/nicolas/ws_ros2/install/px4_msgs/local/lib/python3.10/dist-packages/px4_msgs/msg/_arming_check_reply_s.c\n'}
[0.943148] (px4_msgs) StdoutLine: {'line': b'-- Up-to-date: /home/nicolas/ws_ros2/install/px4_msgs/local/lib/python3.10/dist-packages/px4_msgs/msg/_actuator_test.py\n'}
[0.943184] (px4_msgs) StdoutLine: {'line': b'-- Up-to-date: /home/nicolas/ws_ros2/install/px4_msgs/local/lib/python3.10/dist-packages/px4_msgs/msg/_battery_info.py\n'}
[0.943221] (px4_msgs) StdoutLine: {'line': b'-- Up-to-date: /home/nicolas/ws_ros2/install/px4_msgs/local/lib/python3.10/dist-packages/px4_msgs/msg/_gpio_in.py\n'}
[0.943258] (px4_msgs) StdoutLine: {'line': b'-- Up-to-date: /home/nicolas/ws_ros2/install/px4_msgs/local/lib/python3.10/dist-packages/px4_msgs/msg/_airspeed_validated_s.c\n'}
[0.943295] (px4_msgs) StdoutLine: {'line': b'-- Up-to-date: /home/nicolas/ws_ros2/install/px4_msgs/local/lib/python3.10/dist-packages/px4_msgs/msg/_vehicle_optical_flow_s.c\n'}
[0.943332] (px4_msgs) StdoutLine: {'line': b'-- Up-to-date: /home/nicolas/ws_ros2/install/px4_msgs/local/lib/python3.10/dist-packages/px4_msgs/msg/_irlock_report.py\n'}
[0.943369] (px4_msgs) StdoutLine: {'line': b'-- Up-to-date: /home/nicolas/ws_ros2/install/px4_msgs/local/lib/python3.10/dist-packages/px4_msgs/msg/_message_format_request_s.c\n'}
[0.943405] (px4_msgs) StdoutLine: {'line': b'-- Up-to-date: /home/nicolas/ws_ros2/install/px4_msgs/local/lib/python3.10/dist-packages/px4_msgs/msg/_gimbal_device_information_s.c\n'}
[0.943442] (px4_msgs) StdoutLine: {'line': b'-- Up-to-date: /home/nicolas/ws_ros2/install/px4_msgs/local/lib/python3.10/dist-packages/px4_msgs/msg/_estimator_bias3d.py\n'}
[0.943480] (px4_msgs) StdoutLine: {'line': b'-- Up-to-date: /home/nicolas/ws_ros2/install/px4_msgs/local/lib/python3.10/dist-packages/px4_msgs/msg/_vehicle_angular_acceleration_setpoint_s.c\n'}
[0.943516] (px4_msgs) StdoutLine: {'line': b'-- Up-to-date: /home/nicolas/ws_ros2/install/px4_msgs/local/lib/python3.10/dist-packages/px4_msgs/msg/_generator_status_s.c\n'}
[0.943553] (px4_msgs) StdoutLine: {'line': b'-- Up-to-date: /home/nicolas/ws_ros2/install/px4_msgs/local/lib/python3.10/dist-packages/px4_msgs/msg/_vehicle_thrust_setpoint_s.c\n'}
[0.943591] (px4_msgs) StdoutLine: {'line': b'-- Up-to-date: /home/nicolas/ws_ros2/install/px4_msgs/local/lib/python3.10/dist-packages/px4_msgs/msg/_camera_status_s.c\n'}
[0.943627] (px4_msgs) StdoutLine: {'line': b'-- Up-to-date: /home/nicolas/ws_ros2/install/px4_msgs/local/lib/python3.10/dist-packages/px4_msgs/msg/_rover_rate_setpoint_s.c\n'}
[0.943665] (px4_msgs) StdoutLine: {'line': b'-- Up-to-date: /home/nicolas/ws_ros2/install/px4_msgs/local/lib/python3.10/dist-packages/px4_msgs/msg/_sensor_gnss_relative.py\n'}
[0.943709] (px4_msgs) StdoutLine: {'line': b'-- Up-to-date: /home/nicolas/ws_ros2/install/px4_msgs/local/lib/python3.10/dist-packages/px4_msgs/msg/_pwm_input_s.c\n'}
[0.943746] (px4_msgs) StdoutLine: {'line': b'-- Up-to-date: /home/nicolas/ws_ros2/install/px4_msgs/local/lib/python3.10/dist-packages/px4_msgs/msg/_unregister_ext_component.py\n'}
[0.943782] (px4_msgs) StdoutLine: {'line': b'-- Up-to-date: /home/nicolas/ws_ros2/install/px4_msgs/local/lib/python3.10/dist-packages/px4_msgs/msg/_landing_target_pose.py\n'}
[0.943820] (px4_msgs) StdoutLine: {'line': b'-- Up-to-date: /home/nicolas/ws_ros2/install/px4_msgs/local/lib/python3.10/dist-packages/px4_msgs/msg/_open_drone_id_system_s.c\n'}
[0.943857] (px4_msgs) StdoutLine: {'line': b'-- Up-to-date: /home/nicolas/ws_ros2/install/px4_msgs/local/lib/python3.10/dist-packages/px4_msgs/msg/_pps_capture.py\n'}
[0.943894] (px4_msgs) StdoutLine: {'line': b'-- Up-to-date: /home/nicolas/ws_ros2/install/px4_msgs/local/lib/python3.10/dist-packages/px4_msgs/msg/_airspeed_s.c\n'}
[0.943931] (px4_msgs) StdoutLine: {'line': b'-- Up-to-date: /home/nicolas/ws_ros2/install/px4_msgs/local/lib/python3.10/dist-packages/px4_msgs/msg/_mission_result.py\n'}
[0.943968] (px4_msgs) StdoutLine: {'line': b'-- Up-to-date: /home/nicolas/ws_ros2/install/px4_msgs/local/lib/python3.10/dist-packages/px4_msgs/msg/_navigator_status.py\n'}
[0.944041] (px4_msgs) StdoutLine: {'line': b'-- Up-to-date: /home/nicolas/ws_ros2/install/px4_msgs/local/lib/python3.10/dist-packages/px4_msgs/msg/_navigator_mission_item.py\n'}
[0.944077] (px4_msgs) StdoutLine: {'line': b'-- Up-to-date: /home/nicolas/ws_ros2/install/px4_msgs/local/lib/python3.10/dist-packages/px4_msgs/msg/_can_interface_status.py\n'}
[0.944115] (px4_msgs) StdoutLine: {'line': b'-- Up-to-date: /home/nicolas/ws_ros2/install/px4_msgs/local/lib/python3.10/dist-packages/px4_msgs/msg/_action_request_s.c\n'}
[0.944151] (px4_msgs) StdoutLine: {'line': b'-- Up-to-date: /home/nicolas/ws_ros2/install/px4_msgs/local/lib/python3.10/dist-packages/px4_msgs/msg/_vehicle_command_ack.py\n'}
[0.944224] (px4_msgs) StdoutLine: {'line': b'-- Up-to-date: /home/nicolas/ws_ros2/install/px4_msgs/local/lib/python3.10/dist-packages/px4_msgs/msg/_qshell_req.py\n'}
[0.944264] (px4_msgs) StdoutLine: {'line': b'-- Up-to-date: /home/nicolas/ws_ros2/install/px4_msgs/local/lib/python3.10/dist-packages/px4_msgs/msg/_vehicle_imu_status.py\n'}
[0.944303] (px4_msgs) StdoutLine: {'line': b'-- Up-to-date: /home/nicolas/ws_ros2/install/px4_msgs/local/lib/python3.10/dist-packages/px4_msgs/msg/_orbit_status_s.c\n'}
[0.944369] (px4_msgs) StdoutLine: {'line': b'-- Up-to-date: /home/nicolas/ws_ros2/install/px4_msgs/local/lib/python3.10/dist-packages/px4_msgs/msg/_estimator_event_flags.py\n'}
[0.944405] (px4_msgs) StdoutLine: {'line': b'-- Up-to-date: /home/nicolas/ws_ros2/install/px4_msgs/local/lib/python3.10/dist-packages/px4_msgs/msg/_ulog_stream.py\n'}
[0.944440] (px4_msgs) StdoutLine: {'line': b'-- Up-to-date: /home/nicolas/ws_ros2/install/px4_msgs/local/lib/python3.10/dist-packages/px4_msgs/msg/_sensor_optical_flow_s.c\n'}
[0.944473] (px4_msgs) StdoutLine: {'line': b'-- Up-to-date: /home/nicolas/ws_ros2/install/px4_msgs/local/lib/python3.10/dist-packages/px4_msgs/msg/_gpio_out.py\n'}
[0.944507] (px4_msgs) StdoutLine: {'line': b'-- Up-to-date: /home/nicolas/ws_ros2/install/px4_msgs/local/lib/python3.10/dist-packages/px4_msgs/msg/_arming_check_request.py\n'}
[0.944541] (px4_msgs) StdoutLine: {'line': b'-- Up-to-date: /home/nicolas/ws_ros2/install/px4_msgs/local/lib/python3.10/dist-packages/px4_msgs/msg/_sensor_selection_s.c\n'}
[0.944574] (px4_msgs) StdoutLine: {'line': b'-- Up-to-date: /home/nicolas/ws_ros2/install/px4_msgs/local/lib/python3.10/dist-packages/px4_msgs/msg/_rover_attitude_status_s.c\n'}
[0.944610] (px4_msgs) StdoutLine: {'line': b'-- Up-to-date: /home/nicolas/ws_ros2/install/px4_msgs/local/lib/python3.10/dist-packages/px4_msgs/msg/_vehicle_command_s.c\n'}
[0.944655] (px4_msgs) StdoutLine: {'line': b'-- Up-to-date: /home/nicolas/ws_ros2/install/px4_msgs/local/lib/python3.10/dist-packages/px4_msgs/msg/_mode_completed_s.c\n'}
[0.944697] (px4_msgs) StdoutLine: {'line': b'-- Up-to-date: /home/nicolas/ws_ros2/install/px4_msgs/local/lib/python3.10/dist-packages/px4_msgs/msg/_gps_dump.py\n'}
[0.944736] (px4_msgs) StdoutLine: {'line': b'-- Up-to-date: /home/nicolas/ws_ros2/install/px4_msgs/local/lib/python3.10/dist-packages/px4_msgs/msg/_orb_test_s.c\n'}
[0.944773] (px4_msgs) StdoutLine: {'line': b'-- Up-to-date: /home/nicolas/ws_ros2/install/px4_msgs/local/lib/python3.10/dist-packages/px4_msgs/msg/_event.py\n'}
[0.944810] (px4_msgs) StdoutLine: {'line': b'-- Up-to-date: /home/nicolas/ws_ros2/install/px4_msgs/local/lib/python3.10/dist-packages/px4_msgs/msg/_gimbal_device_attitude_status.py\n'}
[0.944847] (px4_msgs) StdoutLine: {'line': b'-- Up-to-date: /home/nicolas/ws_ros2/install/px4_msgs/local/lib/python3.10/dist-packages/px4_msgs/msg/_mag_worker_data.py\n'}
[0.944883] (px4_msgs) StdoutLine: {'line': b'-- Up-to-date: /home/nicolas/ws_ros2/install/px4_msgs/local/lib/python3.10/dist-packages/px4_msgs/msg/_rover_speed_setpoint_s.c\n'}
[0.944920] (px4_msgs) StdoutLine: {'line': b'-- Up-to-date: /home/nicolas/ws_ros2/install/px4_msgs/local/lib/python3.10/dist-packages/px4_msgs/msg/_parameter_set_used_request_s.c\n'}
[0.944956] (px4_msgs) StdoutLine: {'line': b'-- Up-to-date: /home/nicolas/ws_ros2/install/px4_msgs/local/lib/python3.10/dist-packages/px4_msgs/msg/_vehicle_status_s.c\n'}
[0.945013] (px4_msgs) StdoutLine: {'line': b'-- Up-to-date: /home/nicolas/ws_ros2/install/px4_msgs/local/lib/python3.10/dist-packages/px4_msgs/msg/_estimator_sensor_bias_s.c\n'}
[0.945049] (px4_msgs) StdoutLine: {'line': b'-- Up-to-date: /home/nicolas/ws_ros2/install/px4_msgs/local/lib/python3.10/dist-packages/px4_msgs/msg/_irlock_report_s.c\n'}
[0.945086] (px4_msgs) StdoutLine: {'line': b'-- Up-to-date: /home/nicolas/ws_ros2/install/px4_msgs/local/lib/python3.10/dist-packages/px4_msgs/msg/_sensors_status_s.c\n'}
[0.945123] (px4_msgs) StdoutLine: {'line': b'-- Up-to-date: /home/nicolas/ws_ros2/install/px4_msgs/local/lib/python3.10/dist-packages/px4_msgs/msg/_vehicle_rates_setpoint.py\n'}
[0.945159] (px4_msgs) StdoutLine: {'line': b'-- Up-to-date: /home/nicolas/ws_ros2/install/px4_msgs/local/lib/python3.10/dist-packages/px4_msgs/msg/_camera_capture_s.c\n'}
[0.945195] (px4_msgs) StdoutLine: {'line': b'-- Up-to-date: /home/nicolas/ws_ros2/install/px4_msgs/local/lib/python3.10/dist-packages/px4_msgs/msg/_fixed_wing_longitudinal_setpoint_s.c\n'}
[0.945231] (px4_msgs) StdoutLine: {'line': b'-- Up-to-date: /home/nicolas/ws_ros2/install/px4_msgs/local/lib/python3.10/dist-packages/px4_msgs/msg/_register_ext_component_reply.py\n'}
[0.945268] (px4_msgs) StdoutLine: {'line': b'-- Up-to-date: /home/nicolas/ws_ros2/install/px4_msgs/local/lib/python3.10/dist-packages/px4_msgs/msg/_obstacle_distance.py\n'}
[0.945305] (px4_msgs) StdoutLine: {'line': b'-- Up-to-date: /home/nicolas/ws_ros2/install/px4_msgs/local/lib/python3.10/dist-packages/px4_msgs/msg/_mavlink_tunnel.py\n'}
[0.945341] (px4_msgs) StdoutLine: {'line': b'-- Up-to-date: /home/nicolas/ws_ros2/install/px4_msgs/local/lib/python3.10/dist-packages/px4_msgs/msg/_orb_test_large_s.c\n'}
[0.945376] (px4_msgs) StdoutLine: {'line': b'-- Up-to-date: /home/nicolas/ws_ros2/install/px4_msgs/local/lib/python3.10/dist-packages/px4_msgs/msg/_estimator_selector_status.py\n'}
[0.945412] (px4_msgs) StdoutLine: {'line': b'-- Up-to-date: /home/nicolas/ws_ros2/install/px4_msgs/local/lib/python3.10/dist-packages/px4_msgs/msg/_goto_setpoint_s.c\n'}
[0.945477] (px4_msgs) StdoutLine: {'line': b'-- Up-to-date: /home/nicolas/ws_ros2/install/px4_msgs/local/lib/python3.10/dist-packages/px4_msgs/msg/_actuator_controls_status_s.c\n'}
[0.945520] (px4_msgs) StdoutLine: {'line': b'-- Up-to-date: /home/nicolas/ws_ros2/install/px4_msgs/local/lib/python3.10/dist-packages/px4_msgs/msg/_pure_pursuit_status_s.c\n'}
[0.945557] (px4_msgs) StdoutLine: {'line': b'-- Up-to-date: /home/nicolas/ws_ros2/install/px4_msgs/local/lib/python3.10/dist-packages/px4_msgs/msg/_estimator_bias3d_s.c\n'}
[0.945593] (px4_msgs) StdoutLine: {'line': b'-- Up-to-date: /home/nicolas/ws_ros2/install/px4_msgs/local/lib/python3.10/dist-packages/px4_msgs/msg/_ekf2_timestamps_s.c\n'}
[0.945630] (px4_msgs) StdoutLine: {'line': b'-- Up-to-date: /home/nicolas/ws_ros2/install/px4_msgs/local/lib/python3.10/dist-packages/px4_msgs/msg/_vehicle_acceleration_s.c\n'}
[0.945666] (px4_msgs) StdoutLine: {'line': b'-- Up-to-date: /home/nicolas/ws_ros2/install/px4_msgs/local/lib/python3.10/dist-packages/px4_msgs/msg/_normalized_unsigned_setpoint.py\n'}
[0.945707] (px4_msgs) StdoutLine: {'line': b'-- Up-to-date: /home/nicolas/ws_ros2/install/px4_msgs/local/lib/python3.10/dist-packages/px4_msgs/msg/_orb_test_large.py\n'}
[0.945744] (px4_msgs) StdoutLine: {'line': b'-- Up-to-date: /home/nicolas/ws_ros2/install/px4_msgs/local/lib/python3.10/dist-packages/px4_msgs/msg/_actuator_armed_s.c\n'}
[0.945779] (px4_msgs) StdoutLine: {'line': b'-- Up-to-date: /home/nicolas/ws_ros2/install/px4_msgs/local/lib/python3.10/dist-packages/px4_msgs/msg/_position_setpoint_triplet_s.c\n'}
[0.945815] (px4_msgs) StdoutLine: {'line': b'-- Up-to-date: /home/nicolas/ws_ros2/install/px4_msgs/local/lib/python3.10/dist-packages/px4_msgs/msg/_estimator_bias_s.c\n'}
[0.945851] (px4_msgs) StdoutLine: {'line': b'-- Up-to-date: /home/nicolas/ws_ros2/install/px4_msgs/local/lib/python3.10/dist-packages/px4_msgs/msg/_power_button_state.py\n'}
[0.945904] (px4_msgs) StdoutLine: {'line': b'-- Up-to-date: /home/nicolas/ws_ros2/install/px4_msgs/local/lib/python3.10/dist-packages/px4_msgs/msg/_sensor_accel.py\n'}
[0.945953] (px4_msgs) StdoutLine: {'line': b'-- Up-to-date: /home/nicolas/ws_ros2/install/px4_msgs/local/lib/python3.10/dist-packages/px4_msgs/msg/_vehicle_air_data.py\n'}
[0.945986] (px4_msgs) StdoutLine: {'line': b'-- Up-to-date: /home/nicolas/ws_ros2/install/px4_msgs/local/lib/python3.10/dist-packages/px4_msgs/msg/_trajectory_setpoint6dof_s.c\n'}
[0.946020] (px4_msgs) StdoutLine: {'line': b'-- Up-to-date: /home/nicolas/ws_ros2/install/px4_msgs/local/lib/python3.10/dist-packages/px4_msgs/msg/_rc_channels_s.c\n'}
[0.946053] (px4_msgs) StdoutLine: {'line': b'-- Up-to-date: /home/nicolas/ws_ros2/install/px4_msgs/local/lib/python3.10/dist-packages/px4_msgs/msg/_navigator_status_s.c\n'}
[0.946088] (px4_msgs) StdoutLine: {'line': b'-- Up-to-date: /home/nicolas/ws_ros2/install/px4_msgs/local/lib/python3.10/dist-packages/px4_msgs/msg/_gimbal_manager_set_attitude.py\n'}
[0.946122] (px4_msgs) StdoutLine: {'line': b'-- Up-to-date: /home/nicolas/ws_ros2/install/px4_msgs/local/lib/python3.10/dist-packages/px4_msgs/msg/_estimator_gps_status_s.c\n'}
[0.946156] (px4_msgs) StdoutLine: {'line': b'-- Up-to-date: /home/nicolas/ws_ros2/install/px4_msgs/local/lib/python3.10/dist-packages/px4_msgs/msg/_gpio_request_s.c\n'}
[0.946190] (px4_msgs) StdoutLine: {'line': b'-- Up-to-date: /home/nicolas/ws_ros2/install/px4_msgs/local/lib/python3.10/dist-packages/px4_msgs/msg/_figure_eight_status_s.c\n'}
[0.946223] (px4_msgs) StdoutLine: {'line': b'-- Up-to-date: /home/nicolas/ws_ros2/install/px4_msgs/local/lib/python3.10/dist-packages/px4_msgs/msg/_uavcan_parameter_request.py\n'}
[0.946257] (px4_msgs) StdoutLine: {'line': b'-- Up-to-date: /home/nicolas/ws_ros2/install/px4_msgs/local/lib/python3.10/dist-packages/px4_msgs/msg/_open_drone_id_arm_status.py\n'}
[0.946291] (px4_msgs) StdoutLine: {'line': b'-- Up-to-date: /home/nicolas/ws_ros2/install/px4_msgs/local/lib/python3.10/dist-packages/px4_msgs/msg/_tune_control.py\n'}
[0.946326] (px4_msgs) StdoutLine: {'line': b'-- Up-to-date: /home/nicolas/ws_ros2/install/px4_msgs/local/lib/python3.10/dist-packages/px4_msgs/msg/_estimator_sensor_bias.py\n'}
[0.946363] (px4_msgs) StdoutLine: {'line': b'-- Up-to-date: /home/nicolas/ws_ros2/install/px4_msgs/local/lib/python3.10/dist-packages/px4_msgs/msg/_follow_target_estimator_s.c\n'}
[0.946398] (px4_msgs) StdoutLine: {'line': b'-- Up-to-date: /home/nicolas/ws_ros2/install/px4_msgs/local/lib/python3.10/dist-packages/px4_msgs/msg/_can_interface_status_s.c\n'}
[0.946435] (px4_msgs) StdoutLine: {'line': b'-- Up-to-date: /home/nicolas/ws_ros2/install/px4_msgs/local/lib/python3.10/dist-packages/px4_msgs/msg/_orb_test_medium.py\n'}
[0.946471] (px4_msgs) StdoutLine: {'line': b'-- Up-to-date: /home/nicolas/ws_ros2/install/px4_msgs/local/lib/python3.10/dist-packages/px4_msgs/msg/_mag_worker_data_s.c\n'}
[0.946506] (px4_msgs) StdoutLine: {'line': b'-- Up-to-date: /home/nicolas/ws_ros2/install/px4_msgs/local/lib/python3.10/dist-packages/px4_msgs/msg/_rover_position_setpoint_s.c\n'}
[0.946542] (px4_msgs) StdoutLine: {'line': b'-- Up-to-date: /home/nicolas/ws_ros2/install/px4_msgs/local/lib/python3.10/dist-packages/px4_msgs/msg/_landing_gear.py\n'}
[0.946578] (px4_msgs) StdoutLine: {'line': b'-- Up-to-date: /home/nicolas/ws_ros2/install/px4_msgs/local/lib/python3.10/dist-packages/px4_msgs/msg/_lateral_control_configuration.py\n'}
[0.946641] (px4_msgs) StdoutLine: {'line': b'-- Up-to-date: /home/nicolas/ws_ros2/install/px4_msgs/local/lib/python3.10/dist-packages/px4_msgs/msg/_rover_steering_setpoint.py\n'}
[0.946675] (px4_msgs) StdoutLine: {'line': b'-- Up-to-date: /home/nicolas/ws_ros2/install/px4_msgs/local/lib/python3.10/dist-packages/px4_msgs/msg/_estimator_aid_source1d_s.c\n'}
[0.946719] (px4_msgs) StdoutLine: {'line': b'-- Up-to-date: /home/nicolas/ws_ros2/install/px4_msgs/local/lib/python3.10/dist-packages/px4_msgs/msg/_sensor_airflow_s.c\n'}
[0.946755] (px4_msgs) StdoutLine: {'line': b'-- Up-to-date: /home/nicolas/ws_ros2/install/px4_msgs/local/lib/python3.10/dist-packages/px4_msgs/msg/_uavcan_parameter_value_s.c\n'}
[0.946804] (px4_msgs) StdoutLine: {'line': b'-- Up-to-date: /home/nicolas/ws_ros2/install/px4_msgs/local/lib/python3.10/dist-packages/px4_msgs/msg/_vehicle_optical_flow_vel_s.c\n'}
[0.946839] (px4_msgs) StdoutLine: {'line': b'-- Up-to-date: /home/nicolas/ws_ros2/install/px4_msgs/local/lib/python3.10/dist-packages/px4_msgs/msg/_lateral_control_configuration_s.c\n'}
[0.946872] (px4_msgs) StdoutLine: {'line': b'-- Up-to-date: /home/nicolas/ws_ros2/install/px4_msgs/local/lib/python3.10/dist-packages/px4_msgs/msg/_message_format_response.py\n'}
[0.946905] (px4_msgs) StdoutLine: {'line': b'-- Up-to-date: /home/nicolas/ws_ros2/install/px4_msgs/local/lib/python3.10/dist-packages/px4_msgs/msg/_estimator_innovations_s.c\n'}
[0.946938] (px4_msgs) StdoutLine: {'line': b'-- Up-to-date: /home/nicolas/ws_ros2/install/px4_msgs/local/lib/python3.10/dist-packages/px4_msgs/msg/_yaw_estimator_status_s.c\n'}
[0.946970] (px4_msgs) StdoutLine: {'line': b'-- Up-to-date: /home/nicolas/ws_ros2/install/px4_msgs/local/lib/python3.10/dist-packages/px4_msgs/msg/_vehicle_attitude.py\n'}
[0.947003] (px4_msgs) StdoutLine: {'line': b'-- Up-to-date: /home/nicolas/ws_ros2/install/px4_msgs/local/lib/python3.10/dist-packages/px4_msgs/msg/_dataman_response_s.c\n'}
[0.947036] (px4_msgs) StdoutLine: {'line': b'-- Up-to-date: /home/nicolas/ws_ros2/install/px4_msgs/local/lib/python3.10/dist-packages/px4_msgs/msg/_neural_control_s.c\n'}
[0.947086] (px4_msgs) StdoutLine: {'line': b'-- Up-to-date: /home/nicolas/ws_ros2/install/px4_msgs/local/lib/python3.10/dist-packages/px4_msgs/msg/_landing_gear_wheel_s.c\n'}
[0.947120] (px4_msgs) StdoutLine: {'line': b'-- Up-to-date: /home/nicolas/ws_ros2/install/px4_msgs/local/lib/python3.10/dist-packages/px4_msgs/msg/_actuator_servos_trim_s.c\n'}
[0.947153] (px4_msgs) StdoutLine: {'line': b'-- Up-to-date: /home/nicolas/ws_ros2/install/px4_msgs/local/lib/python3.10/dist-packages/px4_msgs/msg/_esc_status_s.c\n'}
[0.947186] (px4_msgs) StdoutLine: {'line': b'-- Up-to-date: /home/nicolas/ws_ros2/install/px4_msgs/local/lib/python3.10/dist-packages/px4_msgs/msg/_vehicle_attitude_setpoint_s.c\n'}
[0.947219] (px4_msgs) StdoutLine: {'line': b'-- Up-to-date: /home/nicolas/ws_ros2/install/px4_msgs/local/lib/python3.10/dist-packages/px4_msgs/msg/_sensor_correction.py\n'}
[0.947253] (px4_msgs) StdoutLine: {'line': b'-- Up-to-date: /home/nicolas/ws_ros2/install/px4_msgs/local/lib/python3.10/dist-packages/px4_msgs/msg/_launch_detection_status.py\n'}
[0.947285] (px4_msgs) StdoutLine: {'line': b'-- Up-to-date: /home/nicolas/ws_ros2/install/px4_msgs/local/lib/python3.10/dist-packages/px4_msgs/msg/_ulog_stream_ack.py\n'}
[0.947318] (px4_msgs) StdoutLine: {'line': b'-- Up-to-date: /home/nicolas/ws_ros2/install/px4_msgs/local/lib/python3.10/dist-packages/px4_msgs/msg/_rover_speed_status.py\n'}
[0.947354] (px4_msgs) StdoutLine: {'line': b'-- Up-to-date: /home/nicolas/ws_ros2/install/px4_msgs/local/lib/python3.10/dist-packages/px4_msgs/msg/_hover_thrust_estimate_s.c\n'}
[0.947389] (px4_msgs) StdoutLine: {'line': b'-- Up-to-date: /home/nicolas/ws_ros2/install/px4_msgs/local/lib/python3.10/dist-packages/px4_msgs/msg/_sensor_combined.py\n'}
[0.947424] (px4_msgs) StdoutLine: {'line': b'-- Up-to-date: /home/nicolas/ws_ros2/install/px4_msgs/local/lib/python3.10/dist-packages/px4_msgs/msg/_sensor_gyro_fifo_s.c\n'}
[0.947475] (px4_msgs) StdoutLine: {'line': b'-- Up-to-date: /home/nicolas/ws_ros2/install/px4_msgs/local/lib/python3.10/dist-packages/px4_msgs/msg/_rpm.py\n'}
[0.947512] (px4_msgs) StdoutLine: {'line': b'-- Up-to-date: /home/nicolas/ws_ros2/install/px4_msgs/local/lib/python3.10/dist-packages/px4_msgs/msg/_vehicle_angular_acceleration_setpoint.py\n'}
[0.947547] (px4_msgs) StdoutLine: {'line': b'-- Up-to-date: /home/nicolas/ws_ros2/install/px4_msgs/local/lib/python3.10/dist-packages/px4_msgs/msg/_button_event.py\n'}
[0.947583] (px4_msgs) StdoutLine: {'line': b'-- Up-to-date: /home/nicolas/ws_ros2/install/px4_msgs/local/lib/python3.10/dist-packages/px4_msgs/msg/_estimator_states_s.c\n'}
[0.947622] (px4_msgs) StdoutLine: {'line': b'-- Up-to-date: /home/nicolas/ws_ros2/install/px4_msgs/local/lib/python3.10/dist-packages/px4_msgs/msg/_actuator_outputs_s.c\n'}
[0.947658] (px4_msgs) StdoutLine: {'line': b'-- Up-to-date: /home/nicolas/ws_ros2/install/px4_msgs/local/lib/python3.10/dist-packages/px4_msgs/msg/_gimbal_device_set_attitude_s.c\n'}
[0.947699] (px4_msgs) StdoutLine: {'line': b'-- Up-to-date: /home/nicolas/ws_ros2/install/px4_msgs/local/lib/python3.10/dist-packages/px4_msgs/msg/_home_position_s.c\n'}
[0.947759] (px4_msgs) StdoutLine: {'line': b'-- Up-to-date: /home/nicolas/ws_ros2/install/px4_msgs/local/lib/python3.10/dist-packages/px4_msgs/msg/_vtol_vehicle_status_s.c\n'}
[0.947796] (px4_msgs) StdoutLine: {'line': b'-- Up-to-date: /home/nicolas/ws_ros2/install/px4_msgs/local/lib/python3.10/dist-packages/px4_msgs/msg/_camera_capture.py\n'}
[0.947832] (px4_msgs) StdoutLine: {'line': b'-- Up-to-date: /home/nicolas/ws_ros2/install/px4_msgs/local/lib/python3.10/dist-packages/px4_msgs/msg/_vehicle_status.py\n'}
[0.947867] (px4_msgs) StdoutLine: {'line': b'-- Up-to-date: /home/nicolas/ws_ros2/install/px4_msgs/local/lib/python3.10/dist-packages/px4_msgs/msg/_sensor_gyro_s.c\n'}
[0.947903] (px4_msgs) StdoutLine: {'line': b'-- Up-to-date: /home/nicolas/ws_ros2/install/px4_msgs/local/lib/python3.10/dist-packages/px4_msgs/msg/_sensors_status_imu_s.c\n'}
[0.947945] (px4_msgs) StdoutLine: {'line': b'-- Up-to-date: /home/nicolas/ws_ros2/install/px4_msgs/local/lib/python3.10/dist-packages/px4_msgs/msg/_landing_target_innovations.py\n'}
[0.947981] (px4_msgs) StdoutLine: {'line': b'-- Up-to-date: /home/nicolas/ws_ros2/install/px4_msgs/local/lib/python3.10/dist-packages/px4_msgs/msg/_vehicle_attitude_s.c\n'}
[0.948020] (px4_msgs) StdoutLine: {'line': b'-- Up-to-date: /home/nicolas/ws_ros2/install/px4_msgs/local/lib/python3.10/dist-packages/px4_msgs/msg/_airspeed_wind.py\n'}
[0.948059] (px4_msgs) StdoutLine: {'line': b'-- Up-to-date: /home/nicolas/ws_ros2/install/px4_msgs/local/lib/python3.10/dist-packages/px4_msgs/msg/_internal_combustion_engine_control_s.c\n'}
[0.948097] (px4_msgs) StdoutLine: {'line': b'-- Up-to-date: /home/nicolas/ws_ros2/install/px4_msgs/local/lib/python3.10/dist-packages/px4_msgs/msg/_rate_ctrl_status_s.c\n'}
[0.948134] (px4_msgs) StdoutLine: {'line': b'-- Up-to-date: /home/nicolas/ws_ros2/install/px4_msgs/local/lib/python3.10/dist-packages/px4_msgs/msg/_esc_status.py\n'}
[0.948172] (px4_msgs) StdoutLine: {'line': b'-- Up-to-date: /home/nicolas/ws_ros2/install/px4_msgs/local/lib/python3.10/dist-packages/px4_msgs/msg/_sensor_hygrometer.py\n'}
[0.948210] (px4_msgs) StdoutLine: {'line': b'-- Up-to-date: /home/nicolas/ws_ros2/install/px4_msgs/local/lib/python3.10/dist-packages/px4_msgs/msg/_vehicle_magnetometer.py\n'}
[0.948249] (px4_msgs) StdoutLine: {'line': b'-- Up-to-date: /home/nicolas/ws_ros2/install/px4_msgs/local/lib/python3.10/dist-packages/px4_msgs/msg/_wind.py\n'}
[0.948287] (px4_msgs) StdoutLine: {'line': b'-- Up-to-date: /home/nicolas/ws_ros2/install/px4_msgs/local/lib/python3.10/dist-packages/px4_msgs/msg/_estimator_aid_source2d_s.c\n'}
[0.948326] (px4_msgs) StdoutLine: {'line': b'-- Up-to-date: /home/nicolas/ws_ros2/install/px4_msgs/local/lib/python3.10/dist-packages/px4_msgs/msg/_collision_constraints_s.c\n'}
[0.948364] (px4_msgs) StdoutLine: {'line': b'-- Up-to-date: /home/nicolas/ws_ros2/install/px4_msgs/local/lib/python3.10/dist-packages/px4_msgs/msg/_radio_status.py\n'}
[0.948402] (px4_msgs) StdoutLine: {'line': b'-- Up-to-date: /home/nicolas/ws_ros2/install/px4_msgs/local/lib/python3.10/dist-packages/px4_msgs/msg/_trajectory_setpoint_s.c\n'}
[0.948440] (px4_msgs) StdoutLine: {'line': b'-- Up-to-date: /home/nicolas/ws_ros2/install/px4_msgs/local/lib/python3.10/dist-packages/px4_msgs/msg/_battery_status.py\n'}
[0.948479] (px4_msgs) StdoutLine: {'line': b'-- Up-to-date: /home/nicolas/ws_ros2/install/px4_msgs/local/lib/python3.10/dist-packages/px4_msgs/msg/_hover_thrust_estimate.py\n'}
[0.948546] (px4_msgs) StdoutLine: {'line': b'-- Up-to-date: /home/nicolas/ws_ros2/install/px4_msgs/local/lib/python3.10/dist-packages/px4_msgs/msg/_vehicle_attitude_setpoint.py\n'}
[0.948584] (px4_msgs) StdoutLine: {'line': b'-- Up-to-date: /home/nicolas/ws_ros2/install/px4_msgs/local/lib/python3.10/dist-packages/px4_msgs/msg/_ping_s.c\n'}
[0.948621] (px4_msgs) StdoutLine: {'line': b'-- Up-to-date: /home/nicolas/ws_ros2/install/px4_msgs/local/lib/python3.10/dist-packages/px4_msgs/msg/_airspeed.py\n'}
[0.948656] (px4_msgs) StdoutLine: {'line': b'-- Up-to-date: /home/nicolas/ws_ros2/install/px4_msgs/local/lib/python3.10/dist-packages/px4_msgs/msg/_differential_pressure_s.c\n'}
[0.948700] (px4_msgs) StdoutLine: {'line': b'-- Up-to-date: /home/nicolas/ws_ros2/install/px4_msgs/local/lib/python3.10/dist-packages/px4_msgs/msg/_vehicle_optical_flow.py\n'}
[0.948741] (px4_msgs) StdoutLine: {'line': b'-- Up-to-date: /home/nicolas/ws_ros2/install/px4_msgs/local/lib/python3.10/dist-packages/px4_msgs/msg/_power_monitor_s.c\n'}
[0.948784] (px4_msgs) StdoutLine: {'line': b'-- Up-to-date: /home/nicolas/ws_ros2/install/px4_msgs/local/lib/python3.10/dist-packages/px4_msgs/msg/_sensors_status.py\n'}
[0.948825] (px4_msgs) StdoutLine: {'line': b'-- Up-to-date: /home/nicolas/ws_ros2/install/px4_msgs/local/lib/python3.10/dist-packages/px4_msgs/msg/_autotune_attitude_control_status_s.c\n'}
[0.948872] (px4_msgs) StdoutLine: {'line': b'-- Up-to-date: /home/nicolas/ws_ros2/install/px4_msgs/local/lib/python3.10/dist-packages/px4_msgs/msg/_vehicle_global_position_s.c\n'}
[0.948915] (px4_msgs) StdoutLine: {'line': b'-- Up-to-date: /home/nicolas/ws_ros2/install/px4_msgs/local/lib/python3.10/dist-packages/px4_msgs/msg/_config_overrides_s.c\n'}
[0.948984] (px4_msgs) StdoutLine: {'line': b'-- Up-to-date: /home/nicolas/ws_ros2/install/px4_msgs/local/lib/python3.10/dist-packages/px4_msgs/msg/_vehicle_magnetometer_s.c\n'}
[0.949022] (px4_msgs) StdoutLine: {'line': b'-- Up-to-date: /home/nicolas/ws_ros2/install/px4_msgs/local/lib/python3.10/dist-packages/px4_msgs/msg/_internal_combustion_engine_status_s.c\n'}
[0.949058] (px4_msgs) StdoutLine: {'line': b'-- Up-to-date: /home/nicolas/ws_ros2/install/px4_msgs/local/lib/python3.10/dist-packages/px4_msgs/msg/_home_position.py\n'}
[0.949093] (px4_msgs) StdoutLine: {'line': b'-- Up-to-date: /home/nicolas/ws_ros2/install/px4_msgs/local/lib/python3.10/dist-packages/px4_msgs/msg/_position_controller_landing_status_s.c\n'}
[0.949128] (px4_msgs) StdoutLine: {'line': b'-- Up-to-date: /home/nicolas/ws_ros2/install/px4_msgs/local/lib/python3.10/dist-packages/px4_msgs/msg/_adc_report.py\n'}
[0.949164] (px4_msgs) StdoutLine: {'line': b'-- Up-to-date: /home/nicolas/ws_ros2/install/px4_msgs/local/lib/python3.10/dist-packages/px4_msgs/msg/_sensor_selection.py\n'}
[0.949199] (px4_msgs) StdoutLine: {'line': b'-- Up-to-date: /home/nicolas/ws_ros2/install/px4_msgs/local/lib/python3.10/dist-packages/px4_msgs/msg/_timesync_status.py\n'}
[0.949268] (px4_msgs) StdoutLine: {'line': b'-- Up-to-date: /home/nicolas/ws_ros2/install/px4_msgs/local/lib/python3.10/dist-packages/px4_msgs/msg/_goto_setpoint.py\n'}
[0.949304] (px4_msgs) StdoutLine: {'line': b'-- Up-to-date: /home/nicolas/ws_ros2/install/px4_msgs/local/lib/python3.10/dist-packages/px4_msgs/msg/_heater_status_s.c\n'}
[0.949339] (px4_msgs) StdoutLine: {'line': b'-- Up-to-date: /home/nicolas/ws_ros2/install/px4_msgs/local/lib/python3.10/dist-packages/px4_msgs/msg/_mavlink_log_s.c\n'}
[0.949373] (px4_msgs) StdoutLine: {'line': b'-- Up-to-date: /home/nicolas/ws_ros2/install/px4_msgs/local/lib/python3.10/dist-packages/px4_msgs/msg/_rtl_status_s.c\n'}
[0.949408] (px4_msgs) StdoutLine: {'line': b'-- Up-to-date: /home/nicolas/ws_ros2/install/px4_msgs/local/lib/python3.10/dist-packages/px4_msgs/msg/_actuator_servos.py\n'}
[0.949442] (px4_msgs) StdoutLine: {'line': b'-- Up-to-date: /home/nicolas/ws_ros2/install/px4_msgs/local/lib/python3.10/dist-packages/px4_msgs/msg/_pure_pursuit_status.py\n'}
[0.949476] (px4_msgs) StdoutLine: {'line': b'-- Up-to-date: /home/nicolas/ws_ros2/install/px4_msgs/local/lib/python3.10/dist-packages/px4_msgs/msg/_qshell_req_s.c\n'}
[0.949517] (px4_msgs) StdoutLine: {'line': b'-- Up-to-date: /home/nicolas/ws_ros2/install/px4_msgs/local/lib/python3.10/dist-packages/px4_msgs/msg/_rover_speed_status_s.c\n'}
[0.949554] (px4_msgs) StdoutLine: {'line': b'-- Up-to-date: /home/nicolas/ws_ros2/install/px4_msgs/local/lib/python3.10/dist-packages/px4_msgs/msg/_gpio_out_s.c\n'}
[0.949590] (px4_msgs) StdoutLine: {'line': b'-- Up-to-date: /home/nicolas/ws_ros2/install/px4_msgs/local/lib/python3.10/dist-packages/px4_msgs/msg/_sensor_gyro.py\n'}
[0.949627] (px4_msgs) StdoutLine: {'line': b'-- Up-to-date: /home/nicolas/ws_ros2/install/px4_msgs/local/lib/python3.10/dist-packages/px4_msgs/msg/_message_format_response_s.c\n'}
[0.949665] (px4_msgs) StdoutLine: {'line': b'-- Up-to-date: /home/nicolas/ws_ros2/install/px4_msgs/local/lib/python3.10/dist-packages/px4_msgs/msg/_telemetry_status.py\n'}
[0.949709] (px4_msgs) StdoutLine: {'line': b'-- Up-to-date: /home/nicolas/ws_ros2/install/px4_msgs/local/lib/python3.10/dist-packages/px4_msgs/msg/_yaw_estimator_status.py\n'}
[0.949748] (px4_msgs) StdoutLine: {'line': b'-- Up-to-date: /home/nicolas/ws_ros2/install/px4_msgs/local/lib/python3.10/dist-packages/px4_msgs/msg/_autotune_attitude_control_status.py\n'}
[0.949785] (px4_msgs) StdoutLine: {'line': b'-- Up-to-date: /home/nicolas/ws_ros2/install/px4_msgs/local/lib/python3.10/dist-packages/px4_msgs/msg/_sensor_combined_s.c\n'}
[0.949824] (px4_msgs) StdoutLine: {'line': b'-- Up-to-date: /home/nicolas/ws_ros2/install/px4_msgs/local/lib/python3.10/dist-packages/px4_msgs/msg/_tiltrotor_extra_controls.py\n'}
[0.949872] (px4_msgs) StdoutLine: {'line': b'-- Up-to-date: /home/nicolas/ws_ros2/install/px4_msgs/local/lib/python3.10/dist-packages/px4_msgs/msg/_input_rc.py\n'}
[0.949909] (px4_msgs) StdoutLine: {'line': b'-- Up-to-date: /home/nicolas/ws_ros2/install/px4_msgs/local/lib/python3.10/dist-packages/px4_msgs/msg/_led_control.py\n'}
[0.949947] (px4_msgs) StdoutLine: {'line': b'-- Up-to-date: /home/nicolas/ws_ros2/install/px4_msgs/local/lib/python3.10/dist-packages/px4_msgs/msg/_vehicle_local_position_setpoint.py\n'}
[0.949985] (px4_msgs) StdoutLine: {'line': b'-- Up-to-date: /home/nicolas/ws_ros2/install/px4_msgs/local/lib/python3.10/dist-packages/px4_msgs/msg/_vehicle_land_detected.py\n'}
[0.950030] (px4_msgs) StdoutLine: {'line': b'-- Up-to-date: /home/nicolas/ws_ros2/install/px4_msgs/local/lib/python3.10/dist-packages/px4_msgs/msg/_mission.py\n'}
[0.950069] (px4_msgs) StdoutLine: {'line': b'-- Up-to-date: /home/nicolas/ws_ros2/install/px4_msgs/local/lib/python3.10/dist-packages/px4_msgs/msg/_health_report.py\n'}
[0.950107] (px4_msgs) StdoutLine: {'line': b'-- Up-to-date: /home/nicolas/ws_ros2/install/px4_msgs/local/lib/python3.10/dist-packages/px4_msgs/msg/_system_power_s.c\n'}
[0.950145] (px4_msgs) StdoutLine: {'line': b'-- Up-to-date: /home/nicolas/ws_ros2/install/px4_msgs/local/lib/python3.10/dist-packages/px4_msgs/msg/_debug_vect_s.c\n'}
[0.950217] (px4_msgs) StdoutLine: {'line': b'-- Up-to-date: /home/nicolas/ws_ros2/install/px4_msgs/local/lib/python3.10/dist-packages/px4_msgs/msg/_estimator_aid_source2d.py\n'}
[0.950257] (px4_msgs) StdoutLine: {'line': b'-- Up-to-date: /home/nicolas/ws_ros2/install/px4_msgs/local/lib/python3.10/dist-packages/px4_msgs/msg/_estimator_aid_source3d.py\n'}
[0.950297] (px4_msgs) StdoutLine: {'line': b'-- Up-to-date: /home/nicolas/ws_ros2/install/px4_msgs/local/lib/python3.10/dist-packages/px4_msgs/msg/_sensor_optical_flow.py\n'}
[0.950335] (px4_msgs) StdoutLine: {'line': b'-- Up-to-date: /home/nicolas/ws_ros2/install/px4_msgs/local/lib/python3.10/dist-packages/px4_msgs/msg/_position_controller_landing_status.py\n'}
[0.950374] (px4_msgs) StdoutLine: {'line': b'-- Up-to-date: /home/nicolas/ws_ros2/install/px4_msgs/local/lib/python3.10/dist-packages/px4_msgs/msg/_vehicle_imu_s.c\n'}
[0.950413] (px4_msgs) StdoutLine: {'line': b'-- Up-to-date: /home/nicolas/ws_ros2/install/px4_msgs/local/lib/python3.10/dist-packages/px4_msgs/msg/_timesync_status_s.c\n'}
[0.950452] (px4_msgs) StdoutLine: {'line': b'-- Up-to-date: /home/nicolas/ws_ros2/install/px4_msgs/local/lib/python3.10/dist-packages/px4_msgs/msg/_vehicle_imu.py\n'}
[0.950527] (px4_msgs) StdoutLine: {'line': b'-- Up-to-date: /home/nicolas/ws_ros2/install/px4_msgs/local/lib/python3.10/dist-packages/px4_msgs/msg/_vehicle_odometry.py\n'}
[0.950563] (px4_msgs) StdoutLine: {'line': b'-- Up-to-date: /home/nicolas/ws_ros2/install/px4_msgs/local/lib/python3.10/dist-packages/px4_msgs/msg/_arming_check_request_s.c\n'}
[0.950604] (px4_msgs) StdoutLine: {'line': b'-- Up-to-date: /home/nicolas/ws_ros2/install/px4_msgs/local/lib/python3.10/dist-packages/px4_msgs/msg/_ping.py\n'}
[0.950640] (px4_msgs) StdoutLine: {'line': b'-- Up-to-date: /home/nicolas/ws_ros2/install/px4_msgs/local/lib/python3.10/dist-packages/px4_msgs/msg/_vehicle_command.py\n'}
[0.950675] (px4_msgs) StdoutLine: {'line': b'-- Up-to-date: /home/nicolas/ws_ros2/install/px4_msgs/local/lib/python3.10/dist-packages/px4_msgs/msg/_fixed_wing_lateral_status_s.c\n'}
[0.950718] (px4_msgs) StdoutLine: {'line': b'-- Up-to-date: /home/nicolas/ws_ros2/install/px4_msgs/local/lib/python3.10/dist-packages/px4_msgs/msg/_telemetry_status_s.c\n'}
[0.950757] (px4_msgs) StdoutLine: {'line': b'-- Up-to-date: /home/nicolas/ws_ros2/install/px4_msgs/local/lib/python3.10/dist-packages/px4_msgs/msg/_vehicle_local_position_s.c\n'}
[0.950797] (px4_msgs) StdoutLine: {'line': b'-- Up-to-date: /home/nicolas/ws_ros2/install/px4_msgs/local/lib/python3.10/dist-packages/px4_msgs/msg/_sensor_gyro_fft_s.c\n'}
[0.950835] (px4_msgs) StdoutLine: {'line': b'-- Up-to-date: /home/nicolas/ws_ros2/install/px4_msgs/local/lib/python3.10/dist-packages/px4_msgs/msg/_gimbal_manager_status_s.c\n'}
[0.950874] (px4_msgs) StdoutLine: {'line': b'-- Up-to-date: /home/nicolas/ws_ros2/install/px4_msgs/local/lib/python3.10/dist-packages/px4_msgs/msg/_open_drone_id_self_id_s.c\n'}
[0.950922] (px4_msgs) StdoutLine: {'line': b'-- Up-to-date: /home/nicolas/ws_ros2/install/px4_msgs/local/lib/python3.10/dist-packages/px4_msgs/msg/_gimbal_manager_status.py\n'}
[0.950959] (px4_msgs) StdoutLine: {'line': b'-- Up-to-date: /home/nicolas/ws_ros2/install/px4_msgs/local/lib/python3.10/dist-packages/px4_msgs/msg/_ulog_stream_ack_s.c\n'}
[0.950996] (px4_msgs) StdoutLine: {'line': b'-- Up-to-date: /home/nicolas/ws_ros2/install/px4_msgs/local/lib/python3.10/dist-packages/px4_msgs/msg/_parameter_reset_request.py\n'}
[0.951034] (px4_msgs) StdoutLine: {'line': b'-- Up-to-date: /home/nicolas/ws_ros2/install/px4_msgs/local/lib/python3.10/dist-packages/px4_msgs/msg/_vehicle_local_position.py\n'}
[0.951073] (px4_msgs) StdoutLine: {'line': b'-- Up-to-date: /home/nicolas/ws_ros2/install/px4_msgs/local/lib/python3.10/dist-packages/px4_msgs/msg/_register_ext_component_reply_s.c\n'}
[0.951111] (px4_msgs) StdoutLine: {'line': b'-- Up-to-date: /home/nicolas/ws_ros2/install/px4_msgs/local/lib/python3.10/dist-packages/px4_msgs/msg/_sensor_gnss_status.py\n'}
[0.951150] (px4_msgs) StdoutLine: {'line': b'-- Up-to-date: /home/nicolas/ws_ros2/install/px4_msgs/local/lib/python3.10/dist-packages/px4_msgs/msg/_rover_attitude_setpoint.py\n'}
[0.951188] (px4_msgs) StdoutLine: {'line': b'-- Up-to-date: /home/nicolas/ws_ros2/install/px4_msgs/local/lib/python3.10/dist-packages/px4_msgs/msg/_estimator_bias.py\n'}
[0.951225] (px4_msgs) StdoutLine: {'line': b'-- Up-to-date: /home/nicolas/ws_ros2/install/px4_msgs/local/lib/python3.10/dist-packages/px4_msgs/msg/_cellular_status_s.c\n'}
[0.951263] (px4_msgs) StdoutLine: {'line': b'-- Up-to-date: /home/nicolas/ws_ros2/install/px4_msgs/local/lib/python3.10/dist-packages/px4_msgs/msg/_dataman_request.py\n'}
[0.951301] (px4_msgs) StdoutLine: {'line': b'-- Up-to-date: /home/nicolas/ws_ros2/install/px4_msgs/local/lib/python3.10/dist-packages/px4_msgs/msg/_fixed_wing_runway_control.py\n'}
[0.951339] (px4_msgs) StdoutLine: {'line': b'-- Up-to-date: /home/nicolas/ws_ros2/install/px4_msgs/local/lib/python3.10/dist-packages/px4_msgs/msg/_mode_completed.py\n'}
[0.951377] (px4_msgs) StdoutLine: {'line': b'-- Up-to-date: /home/nicolas/ws_ros2/install/px4_msgs/local/lib/python3.10/dist-packages/px4_msgs/msg/_px4io_status.py\n'}
[0.951454] (px4_msgs) StdoutLine: {'line': b'-- Up-to-date: /home/nicolas/ws_ros2/install/px4_msgs/local/lib/python3.10/dist-packages/px4_msgs/msg/_magnetometer_bias_estimate.py\n'}
[0.951491] (px4_msgs) StdoutLine: {'line': b'-- Up-to-date: /home/nicolas/ws_ros2/install/px4_msgs/local/lib/python3.10/dist-packages/px4_msgs/msg/_follow_target_status_s.c\n'}
[0.951528] (px4_msgs) StdoutLine: {'line': b'-- Up-to-date: /home/nicolas/ws_ros2/install/px4_msgs/local/lib/python3.10/dist-packages/px4_msgs/msg/_open_drone_id_operator_id_s.c\n'}
[0.951563] (px4_msgs) StdoutLine: {'line': b'-- Up-to-date: /home/nicolas/ws_ros2/install/px4_msgs/local/lib/python3.10/dist-packages/px4_msgs/msg/_fixed_wing_longitudinal_setpoint.py\n'}
[0.951597] (px4_msgs) StdoutLine: {'line': b'-- Up-to-date: /home/nicolas/ws_ros2/install/px4_msgs/local/lib/python3.10/dist-packages/px4_msgs/msg/_rover_attitude_setpoint_s.c\n'}
[0.951637] (px4_msgs) StdoutLine: {'line': b'-- Up-to-date: /home/nicolas/ws_ros2/install/px4_msgs/local/lib/python3.10/dist-packages/px4_msgs/msg/_vehicle_global_position.py\n'}
[0.951676] (px4_msgs) StdoutLine: {'line': b'-- Up-to-date: /home/nicolas/ws_ros2/install/px4_msgs/local/lib/python3.10/dist-packages/px4_msgs/msg/_takeoff_status_s.c\n'}
[0.951721] (px4_msgs) StdoutLine: {'line': b'-- Up-to-date: /home/nicolas/ws_ros2/install/px4_msgs/local/lib/python3.10/dist-packages/px4_msgs/msg/_geofence_status.py\n'}
[0.951760] (px4_msgs) StdoutLine: {'line': b'-- Up-to-date: /home/nicolas/ws_ros2/install/px4_msgs/local/lib/python3.10/dist-packages/px4_msgs/msg/_neural_control.py\n'}
[0.951806] (px4_msgs) StdoutLine: {'line': b'-- Up-to-date: /home/nicolas/ws_ros2/install/px4_msgs/local/lib/python3.10/dist-packages/px4_msgs/msg/_estimator_status_flags_s.c\n'}
[0.951844] (px4_msgs) StdoutLine: {'line': b'-- Up-to-date: /home/nicolas/ws_ros2/install/px4_msgs/local/lib/python3.10/dist-packages/px4_msgs/msg/_distance_sensor_mode_change_request.py\n'}
[0.951906] (px4_msgs) StdoutLine: {'line': b'-- Up-to-date: /home/nicolas/ws_ros2/install/px4_msgs/local/lib/python3.10/dist-packages/px4_msgs/msg/_estimator_status_flags.py\n'}
[0.951944] (px4_msgs) StdoutLine: {'line': b'-- Up-to-date: /home/nicolas/ws_ros2/install/px4_msgs/local/lib/python3.10/dist-packages/px4_msgs/msg/_rover_throttle_setpoint_s.c\n'}
[0.951981] (px4_msgs) StdoutLine: {'line': b'-- Up-to-date: /home/nicolas/ws_ros2/install/px4_msgs/local/lib/python3.10/dist-packages/px4_msgs/msg/_actuator_controls_status.py\n'}
[0.952019] (px4_msgs) StdoutLine: {'line': b'-- Up-to-date: /home/nicolas/ws_ros2/install/px4_msgs/local/lib/python3.10/dist-packages/px4_msgs/msg/_vehicle_torque_setpoint.py\n'}
[0.952057] (px4_msgs) StdoutLine: {'line': b'-- Up-to-date: /home/nicolas/ws_ros2/install/px4_msgs/local/lib/python3.10/dist-packages/px4_msgs/msg/_gpio_in_s.c\n'}
[0.952094] (px4_msgs) StdoutLine: {'line': b'-- Up-to-date: /home/nicolas/ws_ros2/install/px4_msgs/local/lib/python3.10/dist-packages/px4_msgs/msg/_internal_combustion_engine_control.py\n'}
[0.952133] (px4_msgs) StdoutLine: {'line': b'-- Up-to-date: /home/nicolas/ws_ros2/install/px4_msgs/local/lib/python3.10/dist-packages/px4_msgs/msg/_mount_orientation_s.c\n'}
[0.952171] (px4_msgs) StdoutLine: {'line': b'-- Up-to-date: /home/nicolas/ws_ros2/install/px4_msgs/local/lib/python3.10/dist-packages/px4_msgs/msg/_pps_capture_s.c\n'}
[0.952209] (px4_msgs) StdoutLine: {'line': b'-- Up-to-date: /home/nicolas/ws_ros2/install/px4_msgs/local/lib/python3.10/dist-packages/px4_msgs/msg/_gps_dump_s.c\n'}
[0.952246] (px4_msgs) StdoutLine: {'line': b'-- Up-to-date: /home/nicolas/ws_ros2/install/px4_msgs/local/lib/python3.10/dist-packages/px4_msgs/msg/_wheel_encoders.py\n'}
[0.952282] (px4_msgs) StdoutLine: {'line': b'-- Up-to-date: /home/nicolas/ws_ros2/install/px4_msgs/local/lib/python3.10/dist-packages/px4_msgs/msg/_trajectory_setpoint6dof.py\n'}
[0.952319] (px4_msgs) StdoutLine: {'line': b'-- Up-to-date: /home/nicolas/ws_ros2/install/px4_msgs/local/lib/python3.10/dist-packages/px4_msgs/msg/_offboard_control_mode.py\n'}
[0.952385] (px4_msgs) StdoutLine: {'line': b'-- Up-to-date: /home/nicolas/ws_ros2/install/px4_msgs/local/lib/python3.10/dist-packages/px4_msgs/msg/_navigator_mission_item_s.c\n'}
[0.952421] (px4_msgs) StdoutLine: {'line': b'-- Up-to-date: /home/nicolas/ws_ros2/install/px4_msgs/local/lib/python3.10/dist-packages/px4_msgs/msg/_fixed_wing_lateral_status.py\n'}
[0.952455] (px4_msgs) StdoutLine: {'line': b'-- Up-to-date: /home/nicolas/ws_ros2/install/px4_msgs/local/lib/python3.10/dist-packages/px4_msgs/msg/_vehicle_angular_velocity.py\n'}
[0.952490] (px4_msgs) StdoutLine: {'line': b'-- Up-to-date: /home/nicolas/ws_ros2/install/px4_msgs/local/lib/python3.10/dist-packages/px4_msgs/msg/_sensor_uwb.py\n'}
[0.952524] (px4_msgs) StdoutLine: {'line': b'-- Up-to-date: /home/nicolas/ws_ros2/install/px4_msgs/local/lib/python3.10/dist-packages/px4_msgs/msg/_rate_ctrl_status.py\n'}
[0.952559] (px4_msgs) StdoutLine: {'line': b'-- Up-to-date: /home/nicolas/ws_ros2/install/px4_msgs/local/lib/python3.10/dist-packages/px4_msgs/msg/_health_report_s.c\n'}
[0.952593] (px4_msgs) StdoutLine: {'line': b'-- Up-to-date: /home/nicolas/ws_ros2/install/px4_msgs/local/lib/python3.10/dist-packages/px4_msgs/msg/_control_allocator_status.py\n'}
[0.952630] (px4_msgs) StdoutLine: {'line': b'-- Up-to-date: /home/nicolas/ws_ros2/install/px4_msgs/local/lib/python3.10/dist-packages/px4_msgs/msg/_config_overrides.py\n'}
[0.952665] (px4_msgs) StdoutLine: {'line': b'-- Up-to-date: /home/nicolas/ws_ros2/install/px4_msgs/local/lib/python3.10/dist-packages/px4_msgs/msg/_longitudinal_control_configuration_s.c\n'}
[0.952707] (px4_msgs) StdoutLine: {'line': b'-- Up-to-date: /home/nicolas/ws_ros2/install/px4_msgs/local/lib/python3.10/dist-packages/px4_msgs/msg/_follow_target.py\n'}
[0.952742] (px4_msgs) StdoutLine: {'line': b'-- Up-to-date: /home/nicolas/ws_ros2/install/px4_msgs/local/lib/python3.10/dist-packages/px4_msgs/msg/_airspeed_validated.py\n'}
[0.952781] (px4_msgs) StdoutLine: {'line': b'-- Up-to-date: /home/nicolas/ws_ros2/install/px4_msgs/local/lib/python3.10/dist-packages/px4_msgs/msg/_actuator_outputs.py\n'}
[0.952818] (px4_msgs) StdoutLine: {'line': b'-- Up-to-date: /home/nicolas/ws_ros2/install/px4_msgs/local/lib/python3.10/dist-packages/px4_msgs/msg/_normalized_unsigned_setpoint_s.c\n'}
[0.952891] (px4_msgs) StdoutLine: {'line': b'-- Up-to-date: /home/nicolas/ws_ros2/install/px4_msgs/local/lib/python3.10/dist-packages/px4_msgs/msg/_launch_detection_status_s.c\n'}
[0.952927] (px4_msgs) StdoutLine: {'line': b'-- Up-to-date: /home/nicolas/ws_ros2/install/px4_msgs/local/lib/python3.10/dist-packages/px4_msgs/msg/_differential_pressure.py\n'}
[0.952962] (px4_msgs) StdoutLine: {'line': b'-- Up-to-date: /home/nicolas/ws_ros2/install/px4_msgs/local/lib/python3.10/dist-packages/px4_msgs/msg/_fixed_wing_runway_control_s.c\n'}
[0.952996] (px4_msgs) StdoutLine: {'line': b'-- Up-to-date: /home/nicolas/ws_ros2/install/px4_msgs/local/lib/python3.10/dist-packages/px4_msgs/msg/_failure_detector_status_s.c\n'}
[0.953030] (px4_msgs) StdoutLine: {'line': b'-- Up-to-date: /home/nicolas/ws_ros2/install/px4_msgs/local/lib/python3.10/dist-packages/px4_msgs/msg/_mission_s.c\n'}
[0.953064] (px4_msgs) StdoutLine: {'line': b'-- Up-to-date: /home/nicolas/ws_ros2/install/px4_msgs/local/lib/python3.10/dist-packages/px4_msgs/msg/_event_s.c\n'}
[0.953098] (px4_msgs) StdoutLine: {'line': b'-- Up-to-date: /home/nicolas/ws_ros2/install/px4_msgs/local/lib/python3.10/dist-packages/px4_msgs/msg/_tecs_status.py\n'}
[0.953134] (px4_msgs) StdoutLine: {'line': b'-- Up-to-date: /home/nicolas/ws_ros2/install/px4_msgs/local/lib/python3.10/dist-packages/px4_msgs/msg/_debug_value.py\n'}
[0.953174] (px4_msgs) StdoutLine: {'line': b'-- Up-to-date: /home/nicolas/ws_ros2/install/px4_msgs/local/lib/python3.10/dist-packages/px4_msgs/msg/_mavlink_tunnel_s.c\n'}
[0.953208] (px4_msgs) StdoutLine: {'line': b'-- Up-to-date: /home/nicolas/ws_ros2/install/px4_msgs/local/lib/python3.10/dist-packages/px4_msgs/msg/_sensor_accel_fifo.py\n'}
[0.953242] (px4_msgs) StdoutLine: {'line': b'-- Up-to-date: /home/nicolas/ws_ros2/install/px4_msgs/local/lib/python3.10/dist-packages/px4_msgs/msg/_open_drone_id_operator_id.py\n'}
[0.953280] (px4_msgs) StdoutLine: {'line': b'-- Up-to-date: /home/nicolas/ws_ros2/install/px4_msgs/local/lib/python3.10/dist-packages/px4_msgs/msg/_logger_status_s.c\n'}
[0.953314] (px4_msgs) StdoutLine: {'line': b'-- Up-to-date: /home/nicolas/ws_ros2/install/px4_msgs/local/lib/python3.10/dist-packages/px4_msgs/msg/_magnetometer_bias_estimate_s.c\n'}
[0.953353] (px4_msgs) StdoutLine: {'line': b'-- Up-to-date: /home/nicolas/ws_ros2/install/px4_msgs/local/lib/python3.10/dist-packages/px4_msgs/msg/_uavcan_parameter_value.py\n'}
[0.953391] (px4_msgs) StdoutLine: {'line': b'-- Up-to-date: /home/nicolas/ws_ros2/install/px4_msgs/local/lib/python3.10/dist-packages/px4_msgs/msg/_mavlink_log.py\n'}
[0.953428] (px4_msgs) StdoutLine: {'line': b'-- Up-to-date: /home/nicolas/ws_ros2/install/px4_msgs/local/lib/python3.10/dist-packages/px4_msgs/msg/_generator_status.py\n'}
[0.953465] (px4_msgs) StdoutLine: {'line': b'-- Up-to-date: /home/nicolas/ws_ros2/install/px4_msgs/local/lib/python3.10/dist-packages/px4_msgs/msg/_velocity_limits_s.c\n'}
[0.953502] (px4_msgs) StdoutLine: {'line': b'-- Up-to-date: /home/nicolas/ws_ros2/install/px4_msgs/local/lib/python3.10/dist-packages/px4_msgs/msg/_rover_steering_setpoint_s.c\n'}
[0.953539] (px4_msgs) StdoutLine: {'line': b'-- Up-to-date: /home/nicolas/ws_ros2/install/px4_msgs/local/lib/python3.10/dist-packages/px4_msgs/msg/_position_setpoint_s.c\n'}
[0.953577] (px4_msgs) StdoutLine: {'line': b'-- Up-to-date: /home/nicolas/ws_ros2/install/px4_msgs/local/lib/python3.10/dist-packages/px4_msgs/msg/_fixed_wing_lateral_setpoint_s.c\n'}
[0.953615] (px4_msgs) StdoutLine: {'line': b'-- Up-to-date: /home/nicolas/ws_ros2/install/px4_msgs/local/lib/python3.10/dist-packages/px4_msgs/msg/_debug_key_value.py\n'}
[0.953653] (px4_msgs) StdoutLine: {'line': b'-- Up-to-date: /home/nicolas/ws_ros2/install/px4_msgs/local/lib/python3.10/dist-packages/px4_msgs/msg/_vehicle_roi.py\n'}
[0.953698] (px4_msgs) StdoutLine: {'line': b'-- Up-to-date: /home/nicolas/ws_ros2/install/px4_msgs/local/lib/python3.10/dist-packages/px4_msgs/msg/_camera_trigger.py\n'}
[0.953742] (px4_msgs) StdoutLine: {'line': b'-- Up-to-date: /home/nicolas/ws_ros2/install/px4_msgs/local/lib/python3.10/dist-packages/px4_msgs/msg/_vehicle_constraints.py\n'}
[0.953789] (px4_msgs) StdoutLine: {'line': b'-- Up-to-date: /home/nicolas/ws_ros2/install/px4_msgs/local/lib/python3.10/dist-packages/px4_msgs/msg/_dronecan_node_status_s.c\n'}
[0.953858] (px4_msgs) StdoutLine: {'line': b'-- Up-to-date: /home/nicolas/ws_ros2/install/px4_msgs/local/lib/python3.10/dist-packages/px4_msgs/msg/_estimator_innovations.py\n'}
[0.953901] (px4_msgs) StdoutLine: {'line': b'-- Up-to-date: /home/nicolas/ws_ros2/install/px4_msgs/local/lib/python3.10/dist-packages/px4_msgs/msg/_collision_constraints.py\n'}
[0.953941] (px4_msgs) StdoutLine: {'line': b'-- Up-to-date: /home/nicolas/ws_ros2/install/px4_msgs/local/lib/python3.10/dist-packages/px4_msgs/msg/_iridiumsbd_status.py\n'}
[0.953981] (px4_msgs) StdoutLine: {'line': b'-- Up-to-date: /home/nicolas/ws_ros2/install/px4_msgs/local/lib/python3.10/dist-packages/px4_msgs/msg/_qshell_retval_s.c\n'}
[0.954020] (px4_msgs) StdoutLine: {'line': b'-- Up-to-date: /home/nicolas/ws_ros2/install/px4_msgs/local/lib/python3.10/dist-packages/px4_msgs/msg/_satellite_info_s.c\n'}
[0.954059] (px4_msgs) StdoutLine: {'line': b'-- Up-to-date: /home/nicolas/ws_ros2/install/px4_msgs/local/lib/python3.10/dist-packages/px4_msgs/msg/_landing_target_innovations_s.c\n'}
[0.954097] (px4_msgs) StdoutLine: {'line': b'-- Up-to-date: /home/nicolas/ws_ros2/install/px4_msgs/local/lib/python3.10/dist-packages/px4_msgs/msg/_internal_combustion_engine_status.py\n'}
[0.954138] (px4_msgs) StdoutLine: {'line': b'-- Up-to-date: /home/nicolas/ws_ros2/install/px4_msgs/local/lib/python3.10/dist-packages/px4_msgs/msg/_esc_report.py\n'}
[0.954181] (px4_msgs) StdoutLine: {'line': b'-- Up-to-date: /home/nicolas/ws_ros2/install/px4_msgs/local/lib/python3.10/dist-packages/px4_msgs/msg/_rtl_status.py\n'}
[0.954255] (px4_msgs) StdoutLine: {'line': b'-- Up-to-date: /home/nicolas/ws_ros2/install/px4_msgs/local/lib/python3.10/dist-packages/px4_msgs/msg/_sensor_mag_s.c\n'}
[0.954292] (px4_msgs) StdoutLine: {'line': b'-- Up-to-date: /home/nicolas/ws_ros2/install/px4_msgs/local/lib/python3.10/dist-packages/px4_msgs/msg/_onboard_computer_status.py\n'}
[0.954330] (px4_msgs) StdoutLine: {'line': b'-- Up-to-date: /home/nicolas/ws_ros2/install/px4_msgs/local/lib/python3.10/dist-packages/px4_msgs/msg/_estimator_aid_source1d.py\n'}
[0.954366] (px4_msgs) StdoutLine: {'line': b'-- Up-to-date: /home/nicolas/ws_ros2/install/px4_msgs/local/lib/python3.10/dist-packages/px4_msgs/msg/_distance_sensor_mode_change_request_s.c\n'}
[0.954401] (px4_msgs) StdoutLine: {'line': b'-- Up-to-date: /home/nicolas/ws_ros2/install/px4_msgs/local/lib/python3.10/dist-packages/px4_msgs/msg/_sensor_gyro_fifo.py\n'}
[0.954437] (px4_msgs) StdoutLine: {'line': b'-- Up-to-date: /home/nicolas/ws_ros2/install/px4_msgs/local/lib/python3.10/dist-packages/px4_msgs/msg/_obstacle_distance_s.c\n'}
[0.954479] (px4_msgs) StdoutLine: {'line': b'-- Up-to-date: /home/nicolas/ws_ros2/install/px4_msgs/local/lib/python3.10/dist-packages/px4_msgs/msg/_follow_target_estimator.py\n'}
[0.954540] (px4_msgs) StdoutLine: {'line': b'-- Up-to-date: /home/nicolas/ws_ros2/install/px4_msgs/local/lib/python3.10/dist-packages/px4_msgs/msg/_camera_trigger_s.c\n'}
[0.954576] (px4_msgs) StdoutLine: {'line': b'-- Up-to-date: /home/nicolas/ws_ros2/install/px4_msgs/local/lib/python3.10/dist-packages/px4_msgs/msg/_position_setpoint_triplet.py\n'}
[0.954612] (px4_msgs) StdoutLine: {'line': b'-- Up-to-date: /home/nicolas/ws_ros2/install/px4_msgs/local/lib/python3.10/dist-packages/px4_msgs/msg/_satellite_info.py\n'}
[0.954647] (px4_msgs) StdoutLine: {'line': b'-- Up-to-date: /home/nicolas/ws_ros2/install/px4_msgs/local/lib/python3.10/dist-packages/px4_msgs/msg/_flight_phase_estimation_s.c\n'}
[0.954686] (px4_msgs) StdoutLine: {'line': b'-- Up-to-date: /home/nicolas/ws_ros2/install/px4_msgs/local/lib/python3.10/dist-packages/px4_msgs/msg/_manual_control_setpoint_s.c\n'}
[0.954723] (px4_msgs) StdoutLine: {'line': b'-- Up-to-date: /home/nicolas/ws_ros2/install/px4_msgs/local/lib/python3.10/dist-packages/px4_msgs/msg/_trajectory_setpoint.py\n'}
[0.954759] (px4_msgs) StdoutLine: {'line': b'-- Up-to-date: /home/nicolas/ws_ros2/install/px4_msgs/local/lib/python3.10/dist-packages/px4_msgs/msg/_debug_vect.py\n'}
[0.954793] (px4_msgs) StdoutLine: {'line': b'-- Up-to-date: /home/nicolas/ws_ros2/install/px4_msgs/local/lib/python3.10/dist-packages/px4_msgs/msg/_estimator_aid_source3d_s.c\n'}
[0.954828] (px4_msgs) StdoutLine: {'line': b'-- Up-to-date: /home/nicolas/ws_ros2/install/px4_msgs/local/lib/python3.10/dist-packages/px4_msgs/msg/_gimbal_manager_set_attitude_s.c\n'}
[0.954861] (px4_msgs) StdoutLine: {'line': b'-- Up-to-date: /home/nicolas/ws_ros2/install/px4_msgs/local/lib/python3.10/dist-packages/px4_msgs/msg/_parameter_set_value_response_s.c\n'}
[0.954897] (px4_msgs) StdoutLine: {'line': b'-- Up-to-date: /home/nicolas/ws_ros2/install/px4_msgs/local/lib/python3.10/dist-packages/px4_msgs/msg/_mount_orientation.py\n'}
[0.954935] (px4_msgs) StdoutLine: {'line': b'-- Up-to-date: /home/nicolas/ws_ros2/install/px4_msgs/local/lib/python3.10/dist-packages/px4_msgs/msg/_parameter_set_value_response.py\n'}
[0.954973] (px4_msgs) StdoutLine: {'line': b'-- Up-to-date: /home/nicolas/ws_ros2/install/px4_msgs/local/lib/python3.10/dist-packages/px4_msgs/msg/_vehicle_optical_flow_vel.py\n'}
[0.955010] (px4_msgs) StdoutLine: {'line': b'-- Up-to-date: /home/nicolas/ws_ros2/install/px4_msgs/local/lib/python3.10/dist-packages/px4_msgs/msg/_unregister_ext_component_s.c\n'}
[0.955070] (px4_msgs) StdoutLine: {'line': b'-- Up-to-date: /home/nicolas/ws_ros2/install/px4_msgs/local/lib/python3.10/dist-packages/px4_msgs/msg/_log_message_s.c\n'}
[0.955107] (px4_msgs) StdoutLine: {'line': b'-- Up-to-date: /home/nicolas/ws_ros2/install/px4_msgs/local/lib/python3.10/dist-packages/px4_msgs/msg/_estimator_status.py\n'}
[0.955143] (px4_msgs) StdoutLine: {'line': b'-- Up-to-date: /home/nicolas/ws_ros2/install/px4_msgs/local/lib/python3.10/dist-packages/px4_msgs/msg/_sensor_airflow.py\n'}
[0.955182] (px4_msgs) StdoutLine: {'line': b'-- Up-to-date: /home/nicolas/ws_ros2/install/px4_msgs/local/lib/python3.10/dist-packages/px4_msgs/msg/_fixed_wing_lateral_setpoint.py\n'}
[0.955220] (px4_msgs) StdoutLine: {'line': b'-- Up-to-date: /home/nicolas/ws_ros2/install/px4_msgs/local/lib/python3.10/dist-packages/px4_msgs/msg/_estimator_states.py\n'}
[0.955259] (px4_msgs) StdoutLine: {'line': b'-- Up-to-date: /home/nicolas/ws_ros2/install/px4_msgs/local/lib/python3.10/dist-packages/px4_msgs/msg/_gimbal_device_attitude_status_s.c\n'}
[0.955297] (px4_msgs) StdoutLine: {'line': b'-- Up-to-date: /home/nicolas/ws_ros2/install/px4_msgs/local/lib/python3.10/dist-packages/px4_msgs/msg/_gpio_config.py\n'}
[0.955335] (px4_msgs) StdoutLine: {'line': b'-- Up-to-date: /home/nicolas/ws_ros2/install/px4_msgs/local/lib/python3.10/dist-packages/px4_msgs/msg/_flight_phase_estimation.py\n'}
[0.955373] (px4_msgs) StdoutLine: {'line': b'-- Up-to-date: /home/nicolas/ws_ros2/install/px4_msgs/local/lib/python3.10/dist-packages/px4_msgs/msg/_pwm_input.py\n'}
[0.955410] (px4_msgs) StdoutLine: {'line': b'-- Up-to-date: /home/nicolas/ws_ros2/install/px4_msgs/local/lib/python3.10/dist-packages/px4_msgs/msg/_tecs_status_s.c\n'}
[0.955447] (px4_msgs) StdoutLine: {'line': b'-- Up-to-date: /home/nicolas/ws_ros2/install/px4_msgs/local/lib/python3.10/dist-packages/px4_msgs/msg/_gpio_config_s.c\n'}
[0.955484] (px4_msgs) StdoutLine: {'line': b'-- Up-to-date: /home/nicolas/ws_ros2/install/px4_msgs/local/lib/python3.10/dist-packages/px4_msgs/msg/_sensors_status_imu.py\n'}
[0.955522] (px4_msgs) StdoutLine: {'line': b'-- Up-to-date: /home/nicolas/ws_ros2/install/px4_msgs/local/lib/python3.10/dist-packages/px4_msgs/msg/_position_controller_status_s.c\n'}
[0.955559] (px4_msgs) StdoutLine: {'line': b'-- Up-to-date: /home/nicolas/ws_ros2/install/px4_msgs/local/lib/python3.10/dist-packages/px4_msgs/msg/_log_message.py\n'}
[0.955596] (px4_msgs) StdoutLine: {'line': b'-- Up-to-date: /home/nicolas/ws_ros2/install/px4_msgs/local/lib/python3.10/dist-packages/px4_msgs/msg/_tune_control_s.c\n'}
[0.955634] (px4_msgs) StdoutLine: {'line': b'-- Up-to-date: /home/nicolas/ws_ros2/install/px4_msgs/local/lib/python3.10/dist-packages/px4_msgs/msg/_adc_report_s.c\n'}
[0.955672] (px4_msgs) StdoutLine: {'line': b'-- Up-to-date: /home/nicolas/ws_ros2/install/px4_msgs/local/lib/python3.10/dist-packages/px4_msgs/msg/_radio_status_s.c\n'}
[0.955716] (px4_msgs) StdoutLine: {'line': b'-- Up-to-date: /home/nicolas/ws_ros2/install/px4_msgs/local/lib/python3.10/dist-packages/px4_msgs/msg/_failsafe_flags.py\n'}
[0.955760] (px4_msgs) StdoutLine: {'line': b'-- Up-to-date: /home/nicolas/ws_ros2/install/px4_msgs/local/lib/python3.10/dist-packages/px4_msgs/msg/_vehicle_command_ack_s.c\n'}
[0.955798] (px4_msgs) StdoutLine: {'line': b'-- Up-to-date: /home/nicolas/ws_ros2/install/px4_msgs/local/lib/python3.10/dist-packages/px4_msgs/msg/_follow_target_s.c\n'}
[0.955836] (px4_msgs) StdoutLine: {'line': b'-- Up-to-date: /home/nicolas/ws_ros2/install/px4_msgs/local/lib/python3.10/dist-packages/px4_msgs/msg/_sensor_gnss_relative_s.c\n'}
[0.955874] (px4_msgs) StdoutLine: {'line': b'-- Up-to-date: /home/nicolas/ws_ros2/install/px4_msgs/local/lib/python3.10/dist-packages/px4_msgs/msg/_qshell_retval.py\n'}
[0.955911] (px4_msgs) StdoutLine: {'line': b'-- Up-to-date: /home/nicolas/ws_ros2/install/px4_msgs/local/lib/python3.10/dist-packages/px4_msgs/msg/_logger_status.py\n'}
[0.955949] (px4_msgs) StdoutLine: {'line': b'-- Up-to-date: /home/nicolas/ws_ros2/install/px4_msgs/local/lib/python3.10/dist-packages/px4_msgs/msg/_vehicle_roi_s.c\n'}
[0.955985] (px4_msgs) StdoutLine: {'line': b'-- Up-to-date: /home/nicolas/ws_ros2/install/px4_msgs/local/lib/python3.10/dist-packages/px4_msgs/msg/_fixed_wing_lateral_guidance_status_s.c\n'}
[0.956022] (px4_msgs) StdoutLine: {'line': b'-- Up-to-date: /home/nicolas/ws_ros2/install/px4_msgs/local/lib/python3.10/dist-packages/px4_msgs/msg/_parameter_set_value_request.py\n'}
[0.956082] (px4_msgs) StdoutLine: {'line': b'-- Up-to-date: /home/nicolas/ws_ros2/install/px4_msgs/local/lib/python3.10/dist-packages/px4_msgs/msg/_vehicle_rates_setpoint_s.c\n'}
[0.956122] (px4_msgs) StdoutLine: {'line': b'-- Up-to-date: /home/nicolas/ws_ros2/install/px4_msgs/local/lib/python3.10/dist-packages/px4_msgs/msg/_battery_info_s.c\n'}
[0.956161] (px4_msgs) StdoutLine: {'line': b'-- Up-to-date: /home/nicolas/ws_ros2/install/px4_msgs/local/lib/python3.10/dist-packages/px4_msgs/msg/_button_event_s.c\n'}
[0.956199] (px4_msgs) StdoutLine: {'line': b'-- Up-to-date: /home/nicolas/ws_ros2/install/px4_msgs/local/lib/python3.10/dist-packages/px4_msgs/msg/_sensor_preflight_mag_s.c\n'}
[0.956237] (px4_msgs) StdoutLine: {'line': b'-- Up-to-date: /home/nicolas/ws_ros2/install/px4_msgs/local/lib/python3.10/dist-packages/px4_msgs/msg/_sensor_hygrometer_s.c\n'}
[0.956307] (px4_msgs) StdoutLine: {'line': b'-- Up-to-date: /home/nicolas/ws_ros2/install/px4_msgs/local/lib/python3.10/dist-packages/px4_msgs/msg/_register_ext_component_request_s.c\n'}
[0.956344] (px4_msgs) StdoutLine: {'line': b'-- Up-to-date: /home/nicolas/ws_ros2/install/px4_msgs/local/lib/python3.10/dist-packages/px4_msgs/msg/_gimbal_device_set_attitude.py\n'}
[0.956383] (px4_msgs) StdoutLine: {'line': b'-- Up-to-date: /home/nicolas/ws_ros2/install/px4_msgs/local/lib/python3.10/dist-packages/px4_msgs/msg/_dataman_response.py\n'}
[0.956420] (px4_msgs) StdoutLine: {'line': b'-- Up-to-date: /home/nicolas/ws_ros2/install/px4_msgs/local/lib/python3.10/dist-packages/px4_msgs/msg/_manual_control_switches_s.c\n'}
[0.956459] (px4_msgs) StdoutLine: {'line': b'-- Up-to-date: /home/nicolas/ws_ros2/install/px4_msgs/local/lib/python3.10/dist-packages/px4_msgs/msg/_ulog_stream_s.c\n'}
[0.956500] (px4_msgs) StdoutLine: {'line': b'-- Up-to-date: /home/nicolas/ws_ros2/install/px4_msgs/local/lib/python3.10/dist-packages/px4_msgs/msg/_gimbal_manager_information_s.c\n'}
[0.956541] (px4_msgs) StdoutLine: {'line': b'-- Up-to-date: /home/nicolas/ws_ros2/install/px4_msgs/local/lib/python3.10/dist-packages/px4_msgs/msg/_actuator_motors_s.c\n'}
[0.956581] (px4_msgs) StdoutLine: {'line': b'-- Up-to-date: /home/nicolas/ws_ros2/install/px4_msgs/local/lib/python3.10/dist-packages/px4_msgs/msg/_open_drone_id_arm_status_s.c\n'}
[0.956620] (px4_msgs) StdoutLine: {'line': b'-- Up-to-date: /home/nicolas/ws_ros2/install/px4_msgs/local/lib/python3.10/dist-packages/px4_msgs/msg/_vehicle_torque_setpoint_s.c\n'}
[0.956660] (px4_msgs) StdoutLine: {'line': b'-- Up-to-date: /home/nicolas/ws_ros2/install/px4_msgs/local/lib/python3.10/dist-packages/px4_msgs/msg/_debug_key_value_s.c\n'}
[0.956718] (px4_msgs) StdoutLine: {'line': b'-- Up-to-date: /home/nicolas/ws_ros2/install/px4_msgs/local/lib/python3.10/dist-packages/px4_msgs/msg/_longitudinal_control_configuration.py\n'}
[0.956759] (px4_msgs) StdoutLine: {'line': b'-- Up-to-date: /home/nicolas/ws_ros2/install/px4_msgs/local/lib/python3.10/dist-packages/px4_msgs/msg/_power_button_state_s.c\n'}
[0.956799] (px4_msgs) StdoutLine: {'line': b'-- Up-to-date: /home/nicolas/ws_ros2/install/px4_msgs/local/lib/python3.10/dist-packages/px4_msgs/msg/_sensor_baro_s.c\n'}
[0.956839] (px4_msgs) StdoutLine: {'line': b'-- Up-to-date: /home/nicolas/ws_ros2/install/px4_msgs/local/lib/python3.10/dist-packages/px4_msgs/msg/_offboard_control_mode_s.c\n'}
[0.956880] (px4_msgs) StdoutLine: {'line': b'-- Up-to-date: /home/nicolas/ws_ros2/install/px4_msgs/local/lib/python3.10/dist-packages/px4_msgs/msg/_gimbal_manager_set_manual_control_s.c\n'}
[0.956921] (px4_msgs) StdoutLine: {'line': b'-- Up-to-date: /home/nicolas/ws_ros2/install/px4_msgs/local/lib/python3.10/dist-packages/px4_msgs/msg/_gps_inject_data.py\n'}
[0.956960] (px4_msgs) StdoutLine: {'line': b'-- Up-to-date: /home/nicolas/ws_ros2/install/px4_msgs/local/lib/python3.10/dist-packages/px4_msgs/msg/_position_controller_status.py\n'}
[0.957000] (px4_msgs) StdoutLine: {'line': b'-- Up-to-date: /home/nicolas/ws_ros2/install/px4_msgs/local/lib/python3.10/dist-packages/px4_msgs/msg/_message_format_request.py\n'}
[0.957042] (px4_msgs) StdoutLine: {'line': b'-- Up-to-date: /home/nicolas/ws_ros2/install/px4_msgs/local/lib/python3.10/dist-packages/px4_msgs/msg/_parameter_update.py\n'}
[0.957105] (px4_msgs) StdoutLine: {'line': b'-- Up-to-date: /home/nicolas/ws_ros2/install/px4_msgs/local/lib/python3.10/dist-packages/px4_msgs/px4_msgs_s__rosidl_typesupport_introspection_c.cpython-310-x86_64-linux-gnu.so\n'}
[0.957146] (px4_msgs) StdoutLine: {'line': b"Listing '/home/nicolas/ws_ros2/install/px4_msgs/local/lib/python3.10/dist-packages/px4_msgs'...\n"}
[0.957185] (px4_msgs) StdoutLine: {'line': b"Listing '/home/nicolas/ws_ros2/install/px4_msgs/local/lib/python3.10/dist-packages/px4_msgs/msg'...\n"}
[0.957225] (px4_msgs) StdoutLine: {'line': b"Listing '/home/nicolas/ws_ros2/install/px4_msgs/local/lib/python3.10/dist-packages/px4_msgs/srv'...\n"}
[0.957265] (px4_msgs) StdoutLine: {'line': b'-- Up-to-date: /home/nicolas/ws_ros2/install/px4_msgs/local/lib/python3.10/dist-packages/px4_msgs/px4_msgs_s__rosidl_typesupport_fastrtps_c.cpython-310-x86_64-linux-gnu.so\n'}
[0.957307] (px4_msgs) StdoutLine: {'line': b'-- Up-to-date: /home/nicolas/ws_ros2/install/px4_msgs/local/lib/python3.10/dist-packages/px4_msgs/px4_msgs_s__rosidl_typesupport_introspection_c.cpython-310-x86_64-linux-gnu.so\n'}
[0.957347] (px4_msgs) StdoutLine: {'line': b'-- Up-to-date: /home/nicolas/ws_ros2/install/px4_msgs/local/lib/python3.10/dist-packages/px4_msgs/px4_msgs_s__rosidl_typesupport_c.cpython-310-x86_64-linux-gnu.so\n'}
[0.957387] (px4_msgs) StdoutLine: {'line': b'-- Up-to-date: /home/nicolas/ws_ros2/install/px4_msgs/lib/libpx4_msgs__rosidl_generator_py.so\n'}
[0.957426] (px4_msgs) StdoutLine: {'line': b'-- Up-to-date: /home/nicolas/ws_ros2/install/px4_msgs/share/px4_msgs/msg/ActionRequest.idl\n'}
[0.957466] (px4_msgs) StdoutLine: {'line': b'-- Up-to-date: /home/nicolas/ws_ros2/install/px4_msgs/share/px4_msgs/msg/ActuatorArmed.idl\n'}
[0.957506] (px4_msgs) StdoutLine: {'line': b'-- Up-to-date: /home/nicolas/ws_ros2/install/px4_msgs/share/px4_msgs/msg/ActuatorControlsStatus.idl\n'}
[0.957550] (px4_msgs) StdoutLine: {'line': b'-- Up-to-date: /home/nicolas/ws_ros2/install/px4_msgs/share/px4_msgs/msg/ActuatorMotors.idl\n'}
[0.957589] (px4_msgs) StdoutLine: {'line': b'-- Up-to-date: /home/nicolas/ws_ros2/install/px4_msgs/share/px4_msgs/msg/ActuatorOutputs.idl\n'}
[0.957627] (px4_msgs) StdoutLine: {'line': b'-- Up-to-date: /home/nicolas/ws_ros2/install/px4_msgs/share/px4_msgs/msg/ActuatorServos.idl\n'}
[0.957666] (px4_msgs) StdoutLine: {'line': b'-- Up-to-date: /home/nicolas/ws_ros2/install/px4_msgs/share/px4_msgs/msg/ActuatorServosTrim.idl\n'}
[0.957710] (px4_msgs) StdoutLine: {'line': b'-- Up-to-date: /home/nicolas/ws_ros2/install/px4_msgs/share/px4_msgs/msg/ActuatorTest.idl\n'}
[0.957750] (px4_msgs) StdoutLine: {'line': b'-- Up-to-date: /home/nicolas/ws_ros2/install/px4_msgs/share/px4_msgs/msg/AdcReport.idl\n'}
[0.957791] (px4_msgs) StdoutLine: {'line': b'-- Up-to-date: /home/nicolas/ws_ros2/install/px4_msgs/share/px4_msgs/msg/Airspeed.idl\n'}
[0.957832] (px4_msgs) StdoutLine: {'line': b'-- Up-to-date: /home/nicolas/ws_ros2/install/px4_msgs/share/px4_msgs/msg/AirspeedValidated.idl\n'}
[0.957872] (px4_msgs) StdoutLine: {'line': b'-- Up-to-date: /home/nicolas/ws_ros2/install/px4_msgs/share/px4_msgs/msg/AirspeedWind.idl\n'}
[0.957911] (px4_msgs) StdoutLine: {'line': b'-- Up-to-date: /home/nicolas/ws_ros2/install/px4_msgs/share/px4_msgs/msg/ArmingCheckReply.idl\n'}
[0.957949] (px4_msgs) StdoutLine: {'line': b'-- Up-to-date: /home/nicolas/ws_ros2/install/px4_msgs/share/px4_msgs/msg/ArmingCheckRequest.idl\n'}
[0.957987] (px4_msgs) StdoutLine: {'line': b'-- Up-to-date: /home/nicolas/ws_ros2/install/px4_msgs/share/px4_msgs/msg/AutotuneAttitudeControlStatus.idl\n'}
[0.958026] (px4_msgs) StdoutLine: {'line': b'-- Up-to-date: /home/nicolas/ws_ros2/install/px4_msgs/share/px4_msgs/msg/BatteryInfo.idl\n'}
[0.958065] (px4_msgs) StdoutLine: {'line': b'-- Up-to-date: /home/nicolas/ws_ros2/install/px4_msgs/share/px4_msgs/msg/BatteryStatus.idl\n'}
[0.958136] (px4_msgs) StdoutLine: {'line': b'-- Up-to-date: /home/nicolas/ws_ros2/install/px4_msgs/share/px4_msgs/msg/ButtonEvent.idl\n'}
[0.958175] (px4_msgs) StdoutLine: {'line': b'-- Up-to-date: /home/nicolas/ws_ros2/install/px4_msgs/share/px4_msgs/msg/CameraCapture.idl\n'}
[0.958214] (px4_msgs) StdoutLine: {'line': b'-- Up-to-date: /home/nicolas/ws_ros2/install/px4_msgs/share/px4_msgs/msg/CameraStatus.idl\n'}
[0.958252] (px4_msgs) StdoutLine: {'line': b'-- Up-to-date: /home/nicolas/ws_ros2/install/px4_msgs/share/px4_msgs/msg/CameraTrigger.idl\n'}
[0.958291] (px4_msgs) StdoutLine: {'line': b'-- Up-to-date: /home/nicolas/ws_ros2/install/px4_msgs/share/px4_msgs/msg/CanInterfaceStatus.idl\n'}
[0.958329] (px4_msgs) StdoutLine: {'line': b'-- Up-to-date: /home/nicolas/ws_ros2/install/px4_msgs/share/px4_msgs/msg/CellularStatus.idl\n'}
[0.958368] (px4_msgs) StdoutLine: {'line': b'-- Up-to-date: /home/nicolas/ws_ros2/install/px4_msgs/share/px4_msgs/msg/CollisionConstraints.idl\n'}
[0.958407] (px4_msgs) StdoutLine: {'line': b'-- Up-to-date: /home/nicolas/ws_ros2/install/px4_msgs/share/px4_msgs/msg/ConfigOverrides.idl\n'}
[0.958446] (px4_msgs) StdoutLine: {'line': b'-- Up-to-date: /home/nicolas/ws_ros2/install/px4_msgs/share/px4_msgs/msg/ControlAllocatorStatus.idl\n'}
[0.958484] (px4_msgs) StdoutLine: {'line': b'-- Up-to-date: /home/nicolas/ws_ros2/install/px4_msgs/share/px4_msgs/msg/Cpuload.idl\n'}
[0.958522] (px4_msgs) StdoutLine: {'line': b'-- Up-to-date: /home/nicolas/ws_ros2/install/px4_msgs/share/px4_msgs/msg/DatamanRequest.idl\n'}
[0.958560] (px4_msgs) StdoutLine: {'line': b'-- Up-to-date: /home/nicolas/ws_ros2/install/px4_msgs/share/px4_msgs/msg/DatamanResponse.idl\n'}
[0.958598] (px4_msgs) StdoutLine: {'line': b'-- Up-to-date: /home/nicolas/ws_ros2/install/px4_msgs/share/px4_msgs/msg/DebugArray.idl\n'}
[0.958635] (px4_msgs) StdoutLine: {'line': b'-- Up-to-date: /home/nicolas/ws_ros2/install/px4_msgs/share/px4_msgs/msg/DebugKeyValue.idl\n'}
[0.958673] (px4_msgs) StdoutLine: {'line': b'-- Up-to-date: /home/nicolas/ws_ros2/install/px4_msgs/share/px4_msgs/msg/DebugValue.idl\n'}
[0.958716] (px4_msgs) StdoutLine: {'line': b'-- Up-to-date: /home/nicolas/ws_ros2/install/px4_msgs/share/px4_msgs/msg/DebugVect.idl\n'}
[0.958796] (px4_msgs) StdoutLine: {'line': b'-- Up-to-date: /home/nicolas/ws_ros2/install/px4_msgs/share/px4_msgs/msg/DifferentialPressure.idl\n'}
[0.958833] (px4_msgs) StdoutLine: {'line': b'-- Up-to-date: /home/nicolas/ws_ros2/install/px4_msgs/share/px4_msgs/msg/DistanceSensor.idl\n'}
[0.958871] (px4_msgs) StdoutLine: {'line': b'-- Up-to-date: /home/nicolas/ws_ros2/install/px4_msgs/share/px4_msgs/msg/DistanceSensorModeChangeRequest.idl\n'}
[0.958909] (px4_msgs) StdoutLine: {'line': b'-- Up-to-date: /home/nicolas/ws_ros2/install/px4_msgs/share/px4_msgs/msg/DronecanNodeStatus.idl\n'}
[0.958947] (px4_msgs) StdoutLine: {'line': b'-- Up-to-date: /home/nicolas/ws_ros2/install/px4_msgs/share/px4_msgs/msg/Ekf2Timestamps.idl\n'}
[0.958986] (px4_msgs) StdoutLine: {'line': b'-- Up-to-date: /home/nicolas/ws_ros2/install/px4_msgs/share/px4_msgs/msg/EscReport.idl\n'}
[0.959023] (px4_msgs) StdoutLine: {'line': b'-- Up-to-date: /home/nicolas/ws_ros2/install/px4_msgs/share/px4_msgs/msg/EscStatus.idl\n'}
[0.959061] (px4_msgs) StdoutLine: {'line': b'-- Up-to-date: /home/nicolas/ws_ros2/install/px4_msgs/share/px4_msgs/msg/EstimatorAidSource1d.idl\n'}
[0.959099] (px4_msgs) StdoutLine: {'line': b'-- Up-to-date: /home/nicolas/ws_ros2/install/px4_msgs/share/px4_msgs/msg/EstimatorAidSource2d.idl\n'}
[0.959138] (px4_msgs) StdoutLine: {'line': b'-- Up-to-date: /home/nicolas/ws_ros2/install/px4_msgs/share/px4_msgs/msg/EstimatorAidSource3d.idl\n'}
[0.959210] (px4_msgs) StdoutLine: {'line': b'-- Up-to-date: /home/nicolas/ws_ros2/install/px4_msgs/share/px4_msgs/msg/EstimatorBias.idl\n'}
[0.959249] (px4_msgs) StdoutLine: {'line': b'-- Up-to-date: /home/nicolas/ws_ros2/install/px4_msgs/share/px4_msgs/msg/EstimatorBias3d.idl\n'}
[0.959287] (px4_msgs) StdoutLine: {'line': b'-- Up-to-date: /home/nicolas/ws_ros2/install/px4_msgs/share/px4_msgs/msg/EstimatorEventFlags.idl\n'}
[0.959332] (px4_msgs) StdoutLine: {'line': b'-- Up-to-date: /home/nicolas/ws_ros2/install/px4_msgs/share/px4_msgs/msg/EstimatorGpsStatus.idl\n'}
[0.959372] (px4_msgs) StdoutLine: {'line': b'-- Up-to-date: /home/nicolas/ws_ros2/install/px4_msgs/share/px4_msgs/msg/EstimatorInnovations.idl\n'}
[0.959411] (px4_msgs) StdoutLine: {'line': b'-- Up-to-date: /home/nicolas/ws_ros2/install/px4_msgs/share/px4_msgs/msg/EstimatorSelectorStatus.idl\n'}
[0.959449] (px4_msgs) StdoutLine: {'line': b'-- Up-to-date: /home/nicolas/ws_ros2/install/px4_msgs/share/px4_msgs/msg/EstimatorSensorBias.idl\n'}
[0.959487] (px4_msgs) StdoutLine: {'line': b'-- Up-to-date: /home/nicolas/ws_ros2/install/px4_msgs/share/px4_msgs/msg/EstimatorStates.idl\n'}
[0.959525] (px4_msgs) StdoutLine: {'line': b'-- Up-to-date: /home/nicolas/ws_ros2/install/px4_msgs/share/px4_msgs/msg/EstimatorStatus.idl\n'}
[0.959562] (px4_msgs) StdoutLine: {'line': b'-- Up-to-date: /home/nicolas/ws_ros2/install/px4_msgs/share/px4_msgs/msg/EstimatorStatusFlags.idl\n'}
[0.959600] (px4_msgs) StdoutLine: {'line': b'-- Up-to-date: /home/nicolas/ws_ros2/install/px4_msgs/share/px4_msgs/msg/Event.idl\n'}
[0.959637] (px4_msgs) StdoutLine: {'line': b'-- Up-to-date: /home/nicolas/ws_ros2/install/px4_msgs/share/px4_msgs/msg/FailsafeFlags.idl\n'}
[0.959677] (px4_msgs) StdoutLine: {'line': b'-- Up-to-date: /home/nicolas/ws_ros2/install/px4_msgs/share/px4_msgs/msg/FailureDetectorStatus.idl\n'}
[0.959725] (px4_msgs) StdoutLine: {'line': b'-- Up-to-date: /home/nicolas/ws_ros2/install/px4_msgs/share/px4_msgs/msg/FigureEightStatus.idl\n'}
[0.959766] (px4_msgs) StdoutLine: {'line': b'-- Up-to-date: /home/nicolas/ws_ros2/install/px4_msgs/share/px4_msgs/msg/FixedWingLateralGuidanceStatus.idl\n'}
[0.959805] (px4_msgs) StdoutLine: {'line': b'-- Up-to-date: /home/nicolas/ws_ros2/install/px4_msgs/share/px4_msgs/msg/FixedWingLateralSetpoint.idl\n'}
[0.959845] (px4_msgs) StdoutLine: {'line': b'-- Up-to-date: /home/nicolas/ws_ros2/install/px4_msgs/share/px4_msgs/msg/FixedWingLateralStatus.idl\n'}
[0.959884] (px4_msgs) StdoutLine: {'line': b'-- Up-to-date: /home/nicolas/ws_ros2/install/px4_msgs/share/px4_msgs/msg/FixedWingLongitudinalSetpoint.idl\n'}
[0.959924] (px4_msgs) StdoutLine: {'line': b'-- Up-to-date: /home/nicolas/ws_ros2/install/px4_msgs/share/px4_msgs/msg/FixedWingRunwayControl.idl\n'}
[0.959963] (px4_msgs) StdoutLine: {'line': b'-- Up-to-date: /home/nicolas/ws_ros2/install/px4_msgs/share/px4_msgs/msg/FlightPhaseEstimation.idl\n'}
[0.960003] (px4_msgs) StdoutLine: {'line': b'-- Up-to-date: /home/nicolas/ws_ros2/install/px4_msgs/share/px4_msgs/msg/FollowTarget.idl\n'}
[0.960040] (px4_msgs) StdoutLine: {'line': b'-- Up-to-date: /home/nicolas/ws_ros2/install/px4_msgs/share/px4_msgs/msg/FollowTargetEstimator.idl\n'}
[0.960080] (px4_msgs) StdoutLine: {'line': b'-- Up-to-date: /home/nicolas/ws_ros2/install/px4_msgs/share/px4_msgs/msg/FollowTargetStatus.idl\n'}
[0.960117] (px4_msgs) StdoutLine: {'line': b'-- Up-to-date: /home/nicolas/ws_ros2/install/px4_msgs/share/px4_msgs/msg/FuelTankStatus.idl\n'}
[0.960155] (px4_msgs) StdoutLine: {'line': b'-- Up-to-date: /home/nicolas/ws_ros2/install/px4_msgs/share/px4_msgs/msg/GeneratorStatus.idl\n'}
[0.960194] (px4_msgs) StdoutLine: {'line': b'-- Up-to-date: /home/nicolas/ws_ros2/install/px4_msgs/share/px4_msgs/msg/GeofenceResult.idl\n'}
[0.960233] (px4_msgs) StdoutLine: {'line': b'-- Up-to-date: /home/nicolas/ws_ros2/install/px4_msgs/share/px4_msgs/msg/GeofenceStatus.idl\n'}
[0.960270] (px4_msgs) StdoutLine: {'line': b'-- Up-to-date: /home/nicolas/ws_ros2/install/px4_msgs/share/px4_msgs/msg/GimbalControls.idl\n'}
[0.960307] (px4_msgs) StdoutLine: {'line': b'-- Up-to-date: /home/nicolas/ws_ros2/install/px4_msgs/share/px4_msgs/msg/GimbalDeviceAttitudeStatus.idl\n'}
[0.960343] (px4_msgs) StdoutLine: {'line': b'-- Up-to-date: /home/nicolas/ws_ros2/install/px4_msgs/share/px4_msgs/msg/GimbalDeviceInformation.idl\n'}
[0.960379] (px4_msgs) StdoutLine: {'line': b'-- Up-to-date: /home/nicolas/ws_ros2/install/px4_msgs/share/px4_msgs/msg/GimbalDeviceSetAttitude.idl\n'}
[0.960452] (px4_msgs) StdoutLine: {'line': b'-- Up-to-date: /home/nicolas/ws_ros2/install/px4_msgs/share/px4_msgs/msg/GimbalManagerInformation.idl\n'}
[0.960506] (px4_msgs) StdoutLine: {'line': b'-- Up-to-date: /home/nicolas/ws_ros2/install/px4_msgs/share/px4_msgs/msg/GimbalManagerSetAttitude.idl\n'}
[0.960541] (px4_msgs) StdoutLine: {'line': b'-- Up-to-date: /home/nicolas/ws_ros2/install/px4_msgs/share/px4_msgs/msg/GimbalManagerSetManualControl.idl\n'}
[0.960576] (px4_msgs) StdoutLine: {'line': b'-- Up-to-date: /home/nicolas/ws_ros2/install/px4_msgs/share/px4_msgs/msg/GimbalManagerStatus.idl\n'}
[0.960610] (px4_msgs) StdoutLine: {'line': b'-- Up-to-date: /home/nicolas/ws_ros2/install/px4_msgs/share/px4_msgs/msg/GotoSetpoint.idl\n'}
[0.960645] (px4_msgs) StdoutLine: {'line': b'-- Up-to-date: /home/nicolas/ws_ros2/install/px4_msgs/share/px4_msgs/msg/GpioConfig.idl\n'}
[0.960678] (px4_msgs) StdoutLine: {'line': b'-- Up-to-date: /home/nicolas/ws_ros2/install/px4_msgs/share/px4_msgs/msg/GpioIn.idl\n'}
[0.960718] (px4_msgs) StdoutLine: {'line': b'-- Up-to-date: /home/nicolas/ws_ros2/install/px4_msgs/share/px4_msgs/msg/GpioOut.idl\n'}
[0.960755] (px4_msgs) StdoutLine: {'line': b'-- Up-to-date: /home/nicolas/ws_ros2/install/px4_msgs/share/px4_msgs/msg/GpioRequest.idl\n'}
[0.960788] (px4_msgs) StdoutLine: {'line': b'-- Up-to-date: /home/nicolas/ws_ros2/install/px4_msgs/share/px4_msgs/msg/GpsDump.idl\n'}
[0.960821] (px4_msgs) StdoutLine: {'line': b'-- Up-to-date: /home/nicolas/ws_ros2/install/px4_msgs/share/px4_msgs/msg/GpsInjectData.idl\n'}
[0.960854] (px4_msgs) StdoutLine: {'line': b'-- Up-to-date: /home/nicolas/ws_ros2/install/px4_msgs/share/px4_msgs/msg/Gripper.idl\n'}
[0.960887] (px4_msgs) StdoutLine: {'line': b'-- Up-to-date: /home/nicolas/ws_ros2/install/px4_msgs/share/px4_msgs/msg/HealthReport.idl\n'}
[0.960923] (px4_msgs) StdoutLine: {'line': b'-- Up-to-date: /home/nicolas/ws_ros2/install/px4_msgs/share/px4_msgs/msg/HeaterStatus.idl\n'}
[0.960958] (px4_msgs) StdoutLine: {'line': b'-- Up-to-date: /home/nicolas/ws_ros2/install/px4_msgs/share/px4_msgs/msg/HomePosition.idl\n'}
[0.960994] (px4_msgs) StdoutLine: {'line': b'-- Up-to-date: /home/nicolas/ws_ros2/install/px4_msgs/share/px4_msgs/msg/HoverThrustEstimate.idl\n'}
[0.961031] (px4_msgs) StdoutLine: {'line': b'-- Up-to-date: /home/nicolas/ws_ros2/install/px4_msgs/share/px4_msgs/msg/InputRc.idl\n'}
[0.961067] (px4_msgs) StdoutLine: {'line': b'-- Up-to-date: /home/nicolas/ws_ros2/install/px4_msgs/share/px4_msgs/msg/InternalCombustionEngineControl.idl\n'}
[0.961104] (px4_msgs) StdoutLine: {'line': b'-- Up-to-date: /home/nicolas/ws_ros2/install/px4_msgs/share/px4_msgs/msg/InternalCombustionEngineStatus.idl\n'}
[0.961140] (px4_msgs) StdoutLine: {'line': b'-- Up-to-date: /home/nicolas/ws_ros2/install/px4_msgs/share/px4_msgs/msg/IridiumsbdStatus.idl\n'}
[0.961176] (px4_msgs) StdoutLine: {'line': b'-- Up-to-date: /home/nicolas/ws_ros2/install/px4_msgs/share/px4_msgs/msg/IrlockReport.idl\n'}
[0.961213] (px4_msgs) StdoutLine: {'line': b'-- Up-to-date: /home/nicolas/ws_ros2/install/px4_msgs/share/px4_msgs/msg/LandingGear.idl\n'}
[0.961250] (px4_msgs) StdoutLine: {'line': b'-- Up-to-date: /home/nicolas/ws_ros2/install/px4_msgs/share/px4_msgs/msg/LandingGearWheel.idl\n'}
[0.961285] (px4_msgs) StdoutLine: {'line': b'-- Up-to-date: /home/nicolas/ws_ros2/install/px4_msgs/share/px4_msgs/msg/LandingTargetInnovations.idl\n'}
[0.961321] (px4_msgs) StdoutLine: {'line': b'-- Up-to-date: /home/nicolas/ws_ros2/install/px4_msgs/share/px4_msgs/msg/LandingTargetPose.idl\n'}
[0.961357] (px4_msgs) StdoutLine: {'line': b'-- Up-to-date: /home/nicolas/ws_ros2/install/px4_msgs/share/px4_msgs/msg/LateralControlConfiguration.idl\n'}
[0.961394] (px4_msgs) StdoutLine: {'line': b'-- Up-to-date: /home/nicolas/ws_ros2/install/px4_msgs/share/px4_msgs/msg/LaunchDetectionStatus.idl\n'}
[0.961430] (px4_msgs) StdoutLine: {'line': b'-- Up-to-date: /home/nicolas/ws_ros2/install/px4_msgs/share/px4_msgs/msg/LedControl.idl\n'}
[0.961466] (px4_msgs) StdoutLine: {'line': b'-- Up-to-date: /home/nicolas/ws_ros2/install/px4_msgs/share/px4_msgs/msg/LogMessage.idl\n'}
[0.961535] (px4_msgs) StdoutLine: {'line': b'-- Up-to-date: /home/nicolas/ws_ros2/install/px4_msgs/share/px4_msgs/msg/LoggerStatus.idl\n'}
[0.961571] (px4_msgs) StdoutLine: {'line': b'-- Up-to-date: /home/nicolas/ws_ros2/install/px4_msgs/share/px4_msgs/msg/LongitudinalControlConfiguration.idl\n'}
[0.961609] (px4_msgs) StdoutLine: {'line': b'-- Up-to-date: /home/nicolas/ws_ros2/install/px4_msgs/share/px4_msgs/msg/MagWorkerData.idl\n'}
[0.961647] (px4_msgs) StdoutLine: {'line': b'-- Up-to-date: /home/nicolas/ws_ros2/install/px4_msgs/share/px4_msgs/msg/MagnetometerBiasEstimate.idl\n'}
[0.961689] (px4_msgs) StdoutLine: {'line': b'-- Up-to-date: /home/nicolas/ws_ros2/install/px4_msgs/share/px4_msgs/msg/ManualControlSetpoint.idl\n'}
[0.961729] (px4_msgs) StdoutLine: {'line': b'-- Up-to-date: /home/nicolas/ws_ros2/install/px4_msgs/share/px4_msgs/msg/ManualControlSwitches.idl\n'}
[0.961767] (px4_msgs) StdoutLine: {'line': b'-- Up-to-date: /home/nicolas/ws_ros2/install/px4_msgs/share/px4_msgs/msg/MavlinkLog.idl\n'}
[0.961803] (px4_msgs) StdoutLine: {'line': b'-- Up-to-date: /home/nicolas/ws_ros2/install/px4_msgs/share/px4_msgs/msg/MavlinkTunnel.idl\n'}
[0.961840] (px4_msgs) StdoutLine: {'line': b'-- Up-to-date: /home/nicolas/ws_ros2/install/px4_msgs/share/px4_msgs/msg/MessageFormatRequest.idl\n'}
[0.961876] (px4_msgs) StdoutLine: {'line': b'-- Up-to-date: /home/nicolas/ws_ros2/install/px4_msgs/share/px4_msgs/msg/MessageFormatResponse.idl\n'}
[0.961912] (px4_msgs) StdoutLine: {'line': b'-- Up-to-date: /home/nicolas/ws_ros2/install/px4_msgs/share/px4_msgs/msg/Mission.idl\n'}
[0.961948] (px4_msgs) StdoutLine: {'line': b'-- Up-to-date: /home/nicolas/ws_ros2/install/px4_msgs/share/px4_msgs/msg/MissionResult.idl\n'}
[0.961985] (px4_msgs) StdoutLine: {'line': b'-- Up-to-date: /home/nicolas/ws_ros2/install/px4_msgs/share/px4_msgs/msg/ModeCompleted.idl\n'}
[0.962021] (px4_msgs) StdoutLine: {'line': b'-- Up-to-date: /home/nicolas/ws_ros2/install/px4_msgs/share/px4_msgs/msg/MountOrientation.idl\n'}
[0.962057] (px4_msgs) StdoutLine: {'line': b'-- Up-to-date: /home/nicolas/ws_ros2/install/px4_msgs/share/px4_msgs/msg/NavigatorMissionItem.idl\n'}
[0.962093] (px4_msgs) StdoutLine: {'line': b'-- Up-to-date: /home/nicolas/ws_ros2/install/px4_msgs/share/px4_msgs/msg/NavigatorStatus.idl\n'}
[0.962166] (px4_msgs) StdoutLine: {'line': b'-- Up-to-date: /home/nicolas/ws_ros2/install/px4_msgs/share/px4_msgs/msg/NeuralControl.idl\n'}
[0.962202] (px4_msgs) StdoutLine: {'line': b'-- Up-to-date: /home/nicolas/ws_ros2/install/px4_msgs/share/px4_msgs/msg/NormalizedUnsignedSetpoint.idl\n'}
[0.962261] (px4_msgs) StdoutLine: {'line': b'-- Up-to-date: /home/nicolas/ws_ros2/install/px4_msgs/share/px4_msgs/msg/ObstacleDistance.idl\n'}
[0.962297] (px4_msgs) StdoutLine: {'line': b'-- Up-to-date: /home/nicolas/ws_ros2/install/px4_msgs/share/px4_msgs/msg/OffboardControlMode.idl\n'}
[0.962330] (px4_msgs) StdoutLine: {'line': b'-- Up-to-date: /home/nicolas/ws_ros2/install/px4_msgs/share/px4_msgs/msg/OnboardComputerStatus.idl\n'}
[0.962363] (px4_msgs) StdoutLine: {'line': b'-- Up-to-date: /home/nicolas/ws_ros2/install/px4_msgs/share/px4_msgs/msg/OpenDroneIdArmStatus.idl\n'}
[0.962397] (px4_msgs) StdoutLine: {'line': b'-- Up-to-date: /home/nicolas/ws_ros2/install/px4_msgs/share/px4_msgs/msg/OpenDroneIdOperatorId.idl\n'}
[0.962430] (px4_msgs) StdoutLine: {'line': b'-- Up-to-date: /home/nicolas/ws_ros2/install/px4_msgs/share/px4_msgs/msg/OpenDroneIdSelfId.idl\n'}
[0.962480] (px4_msgs) StdoutLine: {'line': b'-- Up-to-date: /home/nicolas/ws_ros2/install/px4_msgs/share/px4_msgs/msg/OpenDroneIdSystem.idl\n'}
[0.962514] (px4_msgs) StdoutLine: {'line': b'-- Up-to-date: /home/nicolas/ws_ros2/install/px4_msgs/share/px4_msgs/msg/OrbTest.idl\n'}
[0.962548] (px4_msgs) StdoutLine: {'line': b'-- Up-to-date: /home/nicolas/ws_ros2/install/px4_msgs/share/px4_msgs/msg/OrbTestLarge.idl\n'}
[0.962582] (px4_msgs) StdoutLine: {'line': b'-- Up-to-date: /home/nicolas/ws_ros2/install/px4_msgs/share/px4_msgs/msg/OrbTestMedium.idl\n'}
[0.962618] (px4_msgs) StdoutLine: {'line': b'-- Up-to-date: /home/nicolas/ws_ros2/install/px4_msgs/share/px4_msgs/msg/OrbitStatus.idl\n'}
[0.962651] (px4_msgs) StdoutLine: {'line': b'-- Up-to-date: /home/nicolas/ws_ros2/install/px4_msgs/share/px4_msgs/msg/ParameterResetRequest.idl\n'}
[0.962687] (px4_msgs) StdoutLine: {'line': b'-- Up-to-date: /home/nicolas/ws_ros2/install/px4_msgs/share/px4_msgs/msg/ParameterSetUsedRequest.idl\n'}
[0.962726] (px4_msgs) StdoutLine: {'line': b'-- Up-to-date: /home/nicolas/ws_ros2/install/px4_msgs/share/px4_msgs/msg/ParameterSetValueRequest.idl\n'}
[0.962763] (px4_msgs) StdoutLine: {'line': b'-- Up-to-date: /home/nicolas/ws_ros2/install/px4_msgs/share/px4_msgs/msg/ParameterSetValueResponse.idl\n'}
[0.962800] (px4_msgs) StdoutLine: {'line': b'-- Up-to-date: /home/nicolas/ws_ros2/install/px4_msgs/share/px4_msgs/msg/ParameterUpdate.idl\n'}
[0.962836] (px4_msgs) StdoutLine: {'line': b'-- Up-to-date: /home/nicolas/ws_ros2/install/px4_msgs/share/px4_msgs/msg/Ping.idl\n'}
[0.962872] (px4_msgs) StdoutLine: {'line': b'-- Up-to-date: /home/nicolas/ws_ros2/install/px4_msgs/share/px4_msgs/msg/PositionControllerLandingStatus.idl\n'}
[0.962909] (px4_msgs) StdoutLine: {'line': b'-- Up-to-date: /home/nicolas/ws_ros2/install/px4_msgs/share/px4_msgs/msg/PositionControllerStatus.idl\n'}
[0.962944] (px4_msgs) StdoutLine: {'line': b'-- Up-to-date: /home/nicolas/ws_ros2/install/px4_msgs/share/px4_msgs/msg/PositionSetpoint.idl\n'}
[0.963006] (px4_msgs) StdoutLine: {'line': b'-- Up-to-date: /home/nicolas/ws_ros2/install/px4_msgs/share/px4_msgs/msg/PositionSetpointTriplet.idl\n'}
[0.963040] (px4_msgs) StdoutLine: {'line': b'-- Up-to-date: /home/nicolas/ws_ros2/install/px4_msgs/share/px4_msgs/msg/PowerButtonState.idl\n'}
[0.963072] (px4_msgs) StdoutLine: {'line': b'-- Up-to-date: /home/nicolas/ws_ros2/install/px4_msgs/share/px4_msgs/msg/PowerMonitor.idl\n'}
[0.963105] (px4_msgs) StdoutLine: {'line': b'-- Up-to-date: /home/nicolas/ws_ros2/install/px4_msgs/share/px4_msgs/msg/PpsCapture.idl\n'}
[0.963139] (px4_msgs) StdoutLine: {'line': b'-- Up-to-date: /home/nicolas/ws_ros2/install/px4_msgs/share/px4_msgs/msg/PurePursuitStatus.idl\n'}
[0.963173] (px4_msgs) StdoutLine: {'line': b'-- Up-to-date: /home/nicolas/ws_ros2/install/px4_msgs/share/px4_msgs/msg/PwmInput.idl\n'}
[0.963207] (px4_msgs) StdoutLine: {'line': b'-- Up-to-date: /home/nicolas/ws_ros2/install/px4_msgs/share/px4_msgs/msg/Px4ioStatus.idl\n'}
[0.963240] (px4_msgs) StdoutLine: {'line': b'-- Up-to-date: /home/nicolas/ws_ros2/install/px4_msgs/share/px4_msgs/msg/QshellReq.idl\n'}
[0.963274] (px4_msgs) StdoutLine: {'line': b'-- Up-to-date: /home/nicolas/ws_ros2/install/px4_msgs/share/px4_msgs/msg/QshellRetval.idl\n'}
[0.963307] (px4_msgs) StdoutLine: {'line': b'-- Up-to-date: /home/nicolas/ws_ros2/install/px4_msgs/share/px4_msgs/msg/RadioStatus.idl\n'}
[0.963341] (px4_msgs) StdoutLine: {'line': b'-- Up-to-date: /home/nicolas/ws_ros2/install/px4_msgs/share/px4_msgs/msg/RateCtrlStatus.idl\n'}
[0.963375] (px4_msgs) StdoutLine: {'line': b'-- Up-to-date: /home/nicolas/ws_ros2/install/px4_msgs/share/px4_msgs/msg/RcChannels.idl\n'}
[0.963411] (px4_msgs) StdoutLine: {'line': b'-- Up-to-date: /home/nicolas/ws_ros2/install/px4_msgs/share/px4_msgs/msg/RcParameterMap.idl\n'}
[0.963448] (px4_msgs) StdoutLine: {'line': b'-- Up-to-date: /home/nicolas/ws_ros2/install/px4_msgs/share/px4_msgs/msg/RegisterExtComponentReply.idl\n'}
[0.963484] (px4_msgs) StdoutLine: {'line': b'-- Up-to-date: /home/nicolas/ws_ros2/install/px4_msgs/share/px4_msgs/msg/RegisterExtComponentRequest.idl\n'}
[0.963522] (px4_msgs) StdoutLine: {'line': b'-- Up-to-date: /home/nicolas/ws_ros2/install/px4_msgs/share/px4_msgs/msg/RoverAttitudeSetpoint.idl\n'}
[0.963558] (px4_msgs) StdoutLine: {'line': b'-- Up-to-date: /home/nicolas/ws_ros2/install/px4_msgs/share/px4_msgs/msg/RoverAttitudeStatus.idl\n'}
[0.963594] (px4_msgs) StdoutLine: {'line': b'-- Up-to-date: /home/nicolas/ws_ros2/install/px4_msgs/share/px4_msgs/msg/RoverPositionSetpoint.idl\n'}
[0.963630] (px4_msgs) StdoutLine: {'line': b'-- Up-to-date: /home/nicolas/ws_ros2/install/px4_msgs/share/px4_msgs/msg/RoverRateSetpoint.idl\n'}
[0.963691] (px4_msgs) StdoutLine: {'line': b'-- Up-to-date: /home/nicolas/ws_ros2/install/px4_msgs/share/px4_msgs/msg/RoverRateStatus.idl\n'}
[0.963749] (px4_msgs) StdoutLine: {'line': b'-- Up-to-date: /home/nicolas/ws_ros2/install/px4_msgs/share/px4_msgs/msg/RoverSpeedSetpoint.idl\n'}
[0.963789] (px4_msgs) StdoutLine: {'line': b'-- Up-to-date: /home/nicolas/ws_ros2/install/px4_msgs/share/px4_msgs/msg/RoverSpeedStatus.idl\n'}
[0.963823] (px4_msgs) StdoutLine: {'line': b'-- Up-to-date: /home/nicolas/ws_ros2/install/px4_msgs/share/px4_msgs/msg/RoverSteeringSetpoint.idl\n'}
[0.963858] (px4_msgs) StdoutLine: {'line': b'-- Up-to-date: /home/nicolas/ws_ros2/install/px4_msgs/share/px4_msgs/msg/RoverThrottleSetpoint.idl\n'}
[0.963894] (px4_msgs) StdoutLine: {'line': b'-- Up-to-date: /home/nicolas/ws_ros2/install/px4_msgs/share/px4_msgs/msg/Rpm.idl\n'}
[0.963931] (px4_msgs) StdoutLine: {'line': b'-- Up-to-date: /home/nicolas/ws_ros2/install/px4_msgs/share/px4_msgs/msg/RtlStatus.idl\n'}
[0.963969] (px4_msgs) StdoutLine: {'line': b'-- Up-to-date: /home/nicolas/ws_ros2/install/px4_msgs/share/px4_msgs/msg/RtlTimeEstimate.idl\n'}
[0.964005] (px4_msgs) StdoutLine: {'line': b'-- Up-to-date: /home/nicolas/ws_ros2/install/px4_msgs/share/px4_msgs/msg/SatelliteInfo.idl\n'}
[0.964041] (px4_msgs) StdoutLine: {'line': b'-- Up-to-date: /home/nicolas/ws_ros2/install/px4_msgs/share/px4_msgs/msg/SensorAccel.idl\n'}
[0.964077] (px4_msgs) StdoutLine: {'line': b'-- Up-to-date: /home/nicolas/ws_ros2/install/px4_msgs/share/px4_msgs/msg/SensorAccelFifo.idl\n'}
[0.964114] (px4_msgs) StdoutLine: {'line': b'-- Up-to-date: /home/nicolas/ws_ros2/install/px4_msgs/share/px4_msgs/msg/SensorAirflow.idl\n'}
[0.964150] (px4_msgs) StdoutLine: {'line': b'-- Up-to-date: /home/nicolas/ws_ros2/install/px4_msgs/share/px4_msgs/msg/SensorBaro.idl\n'}
[0.964186] (px4_msgs) StdoutLine: {'line': b'-- Up-to-date: /home/nicolas/ws_ros2/install/px4_msgs/share/px4_msgs/msg/SensorCombined.idl\n'}
[0.964222] (px4_msgs) StdoutLine: {'line': b'-- Up-to-date: /home/nicolas/ws_ros2/install/px4_msgs/share/px4_msgs/msg/SensorCorrection.idl\n'}
[0.964257] (px4_msgs) StdoutLine: {'line': b'-- Up-to-date: /home/nicolas/ws_ros2/install/px4_msgs/share/px4_msgs/msg/SensorGnssRelative.idl\n'}
[0.964294] (px4_msgs) StdoutLine: {'line': b'-- Up-to-date: /home/nicolas/ws_ros2/install/px4_msgs/share/px4_msgs/msg/SensorGnssStatus.idl\n'}
[0.964329] (px4_msgs) StdoutLine: {'line': b'-- Up-to-date: /home/nicolas/ws_ros2/install/px4_msgs/share/px4_msgs/msg/SensorGps.idl\n'}
[0.964365] (px4_msgs) StdoutLine: {'line': b'-- Up-to-date: /home/nicolas/ws_ros2/install/px4_msgs/share/px4_msgs/msg/SensorGyro.idl\n'}
[0.964402] (px4_msgs) StdoutLine: {'line': b'-- Up-to-date: /home/nicolas/ws_ros2/install/px4_msgs/share/px4_msgs/msg/SensorGyroFft.idl\n'}
[0.964439] (px4_msgs) StdoutLine: {'line': b'-- Up-to-date: /home/nicolas/ws_ros2/install/px4_msgs/share/px4_msgs/msg/SensorGyroFifo.idl\n'}
[0.964473] (px4_msgs) StdoutLine: {'line': b'-- Up-to-date: /home/nicolas/ws_ros2/install/px4_msgs/share/px4_msgs/msg/SensorHygrometer.idl\n'}
[0.964510] (px4_msgs) StdoutLine: {'line': b'-- Up-to-date: /home/nicolas/ws_ros2/install/px4_msgs/share/px4_msgs/msg/SensorMag.idl\n'}
[0.964546] (px4_msgs) StdoutLine: {'line': b'-- Up-to-date: /home/nicolas/ws_ros2/install/px4_msgs/share/px4_msgs/msg/SensorOpticalFlow.idl\n'}
[0.964583] (px4_msgs) StdoutLine: {'line': b'-- Up-to-date: /home/nicolas/ws_ros2/install/px4_msgs/share/px4_msgs/msg/SensorPreflightMag.idl\n'}
[0.964619] (px4_msgs) StdoutLine: {'line': b'-- Up-to-date: /home/nicolas/ws_ros2/install/px4_msgs/share/px4_msgs/msg/SensorSelection.idl\n'}
[0.964655] (px4_msgs) StdoutLine: {'line': b'-- Up-to-date: /home/nicolas/ws_ros2/install/px4_msgs/share/px4_msgs/msg/SensorUwb.idl\n'}
[0.964697] (px4_msgs) StdoutLine: {'line': b'-- Up-to-date: /home/nicolas/ws_ros2/install/px4_msgs/share/px4_msgs/msg/SensorsStatus.idl\n'}
[0.964737] (px4_msgs) StdoutLine: {'line': b'-- Up-to-date: /home/nicolas/ws_ros2/install/px4_msgs/share/px4_msgs/msg/SensorsStatusImu.idl\n'}
[0.964809] (px4_msgs) StdoutLine: {'line': b'-- Up-to-date: /home/nicolas/ws_ros2/install/px4_msgs/share/px4_msgs/msg/SystemPower.idl\n'}
[0.964847] (px4_msgs) StdoutLine: {'line': b'-- Up-to-date: /home/nicolas/ws_ros2/install/px4_msgs/share/px4_msgs/msg/TakeoffStatus.idl\n'}
[0.964884] (px4_msgs) StdoutLine: {'line': b'-- Up-to-date: /home/nicolas/ws_ros2/install/px4_msgs/share/px4_msgs/msg/TaskStackInfo.idl\n'}
[0.964922] (px4_msgs) StdoutLine: {'line': b'-- Up-to-date: /home/nicolas/ws_ros2/install/px4_msgs/share/px4_msgs/msg/TecsStatus.idl\n'}
[0.964959] (px4_msgs) StdoutLine: {'line': b'-- Up-to-date: /home/nicolas/ws_ros2/install/px4_msgs/share/px4_msgs/msg/TelemetryStatus.idl\n'}
[0.964995] (px4_msgs) StdoutLine: {'line': b'-- Up-to-date: /home/nicolas/ws_ros2/install/px4_msgs/share/px4_msgs/msg/TiltrotorExtraControls.idl\n'}
[0.965031] (px4_msgs) StdoutLine: {'line': b'-- Up-to-date: /home/nicolas/ws_ros2/install/px4_msgs/share/px4_msgs/msg/TimesyncStatus.idl\n'}
[0.965067] (px4_msgs) StdoutLine: {'line': b'-- Up-to-date: /home/nicolas/ws_ros2/install/px4_msgs/share/px4_msgs/msg/TrajectorySetpoint.idl\n'}
[0.965103] (px4_msgs) StdoutLine: {'line': b'-- Up-to-date: /home/nicolas/ws_ros2/install/px4_msgs/share/px4_msgs/msg/TrajectorySetpoint6dof.idl\n'}
[0.965138] (px4_msgs) StdoutLine: {'line': b'-- Up-to-date: /home/nicolas/ws_ros2/install/px4_msgs/share/px4_msgs/msg/TransponderReport.idl\n'}
[0.965174] (px4_msgs) StdoutLine: {'line': b'-- Up-to-date: /home/nicolas/ws_ros2/install/px4_msgs/share/px4_msgs/msg/TuneControl.idl\n'}
[0.965210] (px4_msgs) StdoutLine: {'line': b'-- Up-to-date: /home/nicolas/ws_ros2/install/px4_msgs/share/px4_msgs/msg/UavcanParameterRequest.idl\n'}
[0.965249] (px4_msgs) StdoutLine: {'line': b'-- Up-to-date: /home/nicolas/ws_ros2/install/px4_msgs/share/px4_msgs/msg/UavcanParameterValue.idl\n'}
[0.965285] (px4_msgs) StdoutLine: {'line': b'-- Up-to-date: /home/nicolas/ws_ros2/install/px4_msgs/share/px4_msgs/msg/UlogStream.idl\n'}
[0.965320] (px4_msgs) StdoutLine: {'line': b'-- Up-to-date: /home/nicolas/ws_ros2/install/px4_msgs/share/px4_msgs/msg/UlogStreamAck.idl\n'}
[0.965356] (px4_msgs) StdoutLine: {'line': b'-- Up-to-date: /home/nicolas/ws_ros2/install/px4_msgs/share/px4_msgs/msg/UnregisterExtComponent.idl\n'}
[0.965391] (px4_msgs) StdoutLine: {'line': b'-- Up-to-date: /home/nicolas/ws_ros2/install/px4_msgs/share/px4_msgs/msg/VehicleAcceleration.idl\n'}
[0.965433] (px4_msgs) StdoutLine: {'line': b'-- Up-to-date: /home/nicolas/ws_ros2/install/px4_msgs/share/px4_msgs/msg/VehicleAirData.idl\n'}
[0.965469] (px4_msgs) StdoutLine: {'line': b'-- Up-to-date: /home/nicolas/ws_ros2/install/px4_msgs/share/px4_msgs/msg/VehicleAngularAccelerationSetpoint.idl\n'}
[0.965505] (px4_msgs) StdoutLine: {'line': b'-- Up-to-date: /home/nicolas/ws_ros2/install/px4_msgs/share/px4_msgs/msg/VehicleAngularVelocity.idl\n'}
[0.965540] (px4_msgs) StdoutLine: {'line': b'-- Up-to-date: /home/nicolas/ws_ros2/install/px4_msgs/share/px4_msgs/msg/VehicleAttitude.idl\n'}
[0.965576] (px4_msgs) StdoutLine: {'line': b'-- Up-to-date: /home/nicolas/ws_ros2/install/px4_msgs/share/px4_msgs/msg/VehicleAttitudeSetpoint.idl\n'}
[0.965612] (px4_msgs) StdoutLine: {'line': b'-- Up-to-date: /home/nicolas/ws_ros2/install/px4_msgs/share/px4_msgs/msg/VehicleCommand.idl\n'}
[0.965649] (px4_msgs) StdoutLine: {'line': b'-- Up-to-date: /home/nicolas/ws_ros2/install/px4_msgs/share/px4_msgs/msg/VehicleCommandAck.idl\n'}
[0.965688] (px4_msgs) StdoutLine: {'line': b'-- Up-to-date: /home/nicolas/ws_ros2/install/px4_msgs/share/px4_msgs/msg/VehicleConstraints.idl\n'}
[0.965727] (px4_msgs) StdoutLine: {'line': b'-- Up-to-date: /home/nicolas/ws_ros2/install/px4_msgs/share/px4_msgs/msg/VehicleControlMode.idl\n'}
[0.965763] (px4_msgs) StdoutLine: {'line': b'-- Up-to-date: /home/nicolas/ws_ros2/install/px4_msgs/share/px4_msgs/msg/VehicleGlobalPosition.idl\n'}
[0.965799] (px4_msgs) StdoutLine: {'line': b'-- Up-to-date: /home/nicolas/ws_ros2/install/px4_msgs/share/px4_msgs/msg/VehicleImu.idl\n'}
[0.965866] (px4_msgs) StdoutLine: {'line': b'-- Up-to-date: /home/nicolas/ws_ros2/install/px4_msgs/share/px4_msgs/msg/VehicleImuStatus.idl\n'}
[0.965903] (px4_msgs) StdoutLine: {'line': b'-- Up-to-date: /home/nicolas/ws_ros2/install/px4_msgs/share/px4_msgs/msg/VehicleLandDetected.idl\n'}
[0.965940] (px4_msgs) StdoutLine: {'line': b'-- Up-to-date: /home/nicolas/ws_ros2/install/px4_msgs/share/px4_msgs/msg/VehicleLocalPosition.idl\n'}
[0.965976] (px4_msgs) StdoutLine: {'line': b'-- Up-to-date: /home/nicolas/ws_ros2/install/px4_msgs/share/px4_msgs/msg/VehicleLocalPositionSetpoint.idl\n'}
[0.966012] (px4_msgs) StdoutLine: {'line': b'-- Up-to-date: /home/nicolas/ws_ros2/install/px4_msgs/share/px4_msgs/msg/VehicleMagnetometer.idl\n'}
[0.966048] (px4_msgs) StdoutLine: {'line': b'-- Up-to-date: /home/nicolas/ws_ros2/install/px4_msgs/share/px4_msgs/msg/VehicleOdometry.idl\n'}
[0.966084] (px4_msgs) StdoutLine: {'line': b'-- Up-to-date: /home/nicolas/ws_ros2/install/px4_msgs/share/px4_msgs/msg/VehicleOpticalFlow.idl\n'}
[0.966120] (px4_msgs) StdoutLine: {'line': b'-- Up-to-date: /home/nicolas/ws_ros2/install/px4_msgs/share/px4_msgs/msg/VehicleOpticalFlowVel.idl\n'}
[0.966155] (px4_msgs) StdoutLine: {'line': b'-- Up-to-date: /home/nicolas/ws_ros2/install/px4_msgs/share/px4_msgs/msg/VehicleRatesSetpoint.idl\n'}
[0.966191] (px4_msgs) StdoutLine: {'line': b'-- Up-to-date: /home/nicolas/ws_ros2/install/px4_msgs/share/px4_msgs/msg/VehicleRoi.idl\n'}
[0.966227] (px4_msgs) StdoutLine: {'line': b'-- Up-to-date: /home/nicolas/ws_ros2/install/px4_msgs/share/px4_msgs/msg/VehicleStatus.idl\n'}
[0.966262] (px4_msgs) StdoutLine: {'line': b'-- Up-to-date: /home/nicolas/ws_ros2/install/px4_msgs/share/px4_msgs/msg/VehicleThrustSetpoint.idl\n'}
[0.966298] (px4_msgs) StdoutLine: {'line': b'-- Up-to-date: /home/nicolas/ws_ros2/install/px4_msgs/share/px4_msgs/msg/VehicleTorqueSetpoint.idl\n'}
[0.966368] (px4_msgs) StdoutLine: {'line': b'-- Up-to-date: /home/nicolas/ws_ros2/install/px4_msgs/share/px4_msgs/msg/VelocityLimits.idl\n'}
[0.966406] (px4_msgs) StdoutLine: {'line': b'-- Up-to-date: /home/nicolas/ws_ros2/install/px4_msgs/share/px4_msgs/msg/VtolVehicleStatus.idl\n'}
[0.966442] (px4_msgs) StdoutLine: {'line': b'-- Up-to-date: /home/nicolas/ws_ros2/install/px4_msgs/share/px4_msgs/msg/WheelEncoders.idl\n'}
[0.966478] (px4_msgs) StdoutLine: {'line': b'-- Up-to-date: /home/nicolas/ws_ros2/install/px4_msgs/share/px4_msgs/msg/Wind.idl\n'}
[0.966515] (px4_msgs) StdoutLine: {'line': b'-- Up-to-date: /home/nicolas/ws_ros2/install/px4_msgs/share/px4_msgs/msg/YawEstimatorStatus.idl\n'}
[0.966551] (px4_msgs) StdoutLine: {'line': b'-- Up-to-date: /home/nicolas/ws_ros2/install/px4_msgs/share/px4_msgs/srv/VehicleCommand.idl\n'}
[0.966587] (px4_msgs) StdoutLine: {'line': b'-- Up-to-date: /home/nicolas/ws_ros2/install/px4_msgs/share/px4_msgs/msg/ActionRequest.msg\n'}
[0.966623] (px4_msgs) StdoutLine: {'line': b'-- Up-to-date: /home/nicolas/ws_ros2/install/px4_msgs/share/px4_msgs/msg/ActuatorArmed.msg\n'}
[0.966660] (px4_msgs) StdoutLine: {'line': b'-- Up-to-date: /home/nicolas/ws_ros2/install/px4_msgs/share/px4_msgs/msg/ActuatorControlsStatus.msg\n'}
[0.966703] (px4_msgs) StdoutLine: {'line': b'-- Up-to-date: /home/nicolas/ws_ros2/install/px4_msgs/share/px4_msgs/msg/ActuatorMotors.msg\n'}
[0.966742] (px4_msgs) StdoutLine: {'line': b'-- Up-to-date: /home/nicolas/ws_ros2/install/px4_msgs/share/px4_msgs/msg/ActuatorOutputs.msg\n'}
[0.966778] (px4_msgs) StdoutLine: {'line': b'-- Up-to-date: /home/nicolas/ws_ros2/install/px4_msgs/share/px4_msgs/msg/ActuatorServos.msg\n'}
[0.966814] (px4_msgs) StdoutLine: {'line': b'-- Up-to-date: /home/nicolas/ws_ros2/install/px4_msgs/share/px4_msgs/msg/ActuatorServosTrim.msg\n'}
[0.966850] (px4_msgs) StdoutLine: {'line': b'-- Up-to-date: /home/nicolas/ws_ros2/install/px4_msgs/share/px4_msgs/msg/ActuatorTest.msg\n'}
[0.966886] (px4_msgs) StdoutLine: {'line': b'-- Up-to-date: /home/nicolas/ws_ros2/install/px4_msgs/share/px4_msgs/msg/AdcReport.msg\n'}
[0.966923] (px4_msgs) StdoutLine: {'line': b'-- Up-to-date: /home/nicolas/ws_ros2/install/px4_msgs/share/px4_msgs/msg/Airspeed.msg\n'}
[0.967000] (px4_msgs) StdoutLine: {'line': b'-- Up-to-date: /home/nicolas/ws_ros2/install/px4_msgs/share/px4_msgs/msg/AirspeedValidated.msg\n'}
[0.967034] (px4_msgs) StdoutLine: {'line': b'-- Up-to-date: /home/nicolas/ws_ros2/install/px4_msgs/share/px4_msgs/msg/AirspeedWind.msg\n'}
[0.967069] (px4_msgs) StdoutLine: {'line': b'-- Up-to-date: /home/nicolas/ws_ros2/install/px4_msgs/share/px4_msgs/msg/ArmingCheckReply.msg\n'}
[0.967104] (px4_msgs) StdoutLine: {'line': b'-- Up-to-date: /home/nicolas/ws_ros2/install/px4_msgs/share/px4_msgs/msg/ArmingCheckRequest.msg\n'}
[0.967161] (px4_msgs) StdoutLine: {'line': b'-- Up-to-date: /home/nicolas/ws_ros2/install/px4_msgs/share/px4_msgs/msg/AutotuneAttitudeControlStatus.msg\n'}
[0.967195] (px4_msgs) StdoutLine: {'line': b'-- Up-to-date: /home/nicolas/ws_ros2/install/px4_msgs/share/px4_msgs/msg/BatteryInfo.msg\n'}
[0.967228] (px4_msgs) StdoutLine: {'line': b'-- Up-to-date: /home/nicolas/ws_ros2/install/px4_msgs/share/px4_msgs/msg/BatteryStatus.msg\n'}
[0.967261] (px4_msgs) StdoutLine: {'line': b'-- Up-to-date: /home/nicolas/ws_ros2/install/px4_msgs/share/px4_msgs/msg/ButtonEvent.msg\n'}
[0.967293] (px4_msgs) StdoutLine: {'line': b'-- Up-to-date: /home/nicolas/ws_ros2/install/px4_msgs/share/px4_msgs/msg/CameraCapture.msg\n'}
[0.967327] (px4_msgs) StdoutLine: {'line': b'-- Up-to-date: /home/nicolas/ws_ros2/install/px4_msgs/share/px4_msgs/msg/CameraStatus.msg\n'}
[0.967375] (px4_msgs) StdoutLine: {'line': b'-- Up-to-date: /home/nicolas/ws_ros2/install/px4_msgs/share/px4_msgs/msg/CameraTrigger.msg\n'}
[0.967409] (px4_msgs) StdoutLine: {'line': b'-- Up-to-date: /home/nicolas/ws_ros2/install/px4_msgs/share/px4_msgs/msg/CanInterfaceStatus.msg\n'}
[0.967442] (px4_msgs) StdoutLine: {'line': b'-- Up-to-date: /home/nicolas/ws_ros2/install/px4_msgs/share/px4_msgs/msg/CellularStatus.msg\n'}
[0.967476] (px4_msgs) StdoutLine: {'line': b'-- Up-to-date: /home/nicolas/ws_ros2/install/px4_msgs/share/px4_msgs/msg/CollisionConstraints.msg\n'}
[0.967509] (px4_msgs) StdoutLine: {'line': b'-- Up-to-date: /home/nicolas/ws_ros2/install/px4_msgs/share/px4_msgs/msg/ConfigOverrides.msg\n'}
[0.967542] (px4_msgs) StdoutLine: {'line': b'-- Up-to-date: /home/nicolas/ws_ros2/install/px4_msgs/share/px4_msgs/msg/ControlAllocatorStatus.msg\n'}
[0.967576] (px4_msgs) StdoutLine: {'line': b'-- Up-to-date: /home/nicolas/ws_ros2/install/px4_msgs/share/px4_msgs/msg/Cpuload.msg\n'}
[0.967609] (px4_msgs) StdoutLine: {'line': b'-- Up-to-date: /home/nicolas/ws_ros2/install/px4_msgs/share/px4_msgs/msg/DatamanRequest.msg\n'}
[0.967644] (px4_msgs) StdoutLine: {'line': b'-- Up-to-date: /home/nicolas/ws_ros2/install/px4_msgs/share/px4_msgs/msg/DatamanResponse.msg\n'}
[0.967690] (px4_msgs) StdoutLine: {'line': b'-- Up-to-date: /home/nicolas/ws_ros2/install/px4_msgs/share/px4_msgs/msg/DebugArray.msg\n'}
[0.967729] (px4_msgs) StdoutLine: {'line': b'-- Up-to-date: /home/nicolas/ws_ros2/install/px4_msgs/share/px4_msgs/msg/DebugKeyValue.msg\n'}
[0.967766] (px4_msgs) StdoutLine: {'line': b'-- Up-to-date: /home/nicolas/ws_ros2/install/px4_msgs/share/px4_msgs/msg/DebugValue.msg\n'}
[0.967802] (px4_msgs) StdoutLine: {'line': b'-- Up-to-date: /home/nicolas/ws_ros2/install/px4_msgs/share/px4_msgs/msg/DebugVect.msg\n'}
[0.967838] (px4_msgs) StdoutLine: {'line': b'-- Up-to-date: /home/nicolas/ws_ros2/install/px4_msgs/share/px4_msgs/msg/DifferentialPressure.msg\n'}
[0.967874] (px4_msgs) StdoutLine: {'line': b'-- Up-to-date: /home/nicolas/ws_ros2/install/px4_msgs/share/px4_msgs/msg/DistanceSensor.msg\n'}
[0.967910] (px4_msgs) StdoutLine: {'line': b'-- Up-to-date: /home/nicolas/ws_ros2/install/px4_msgs/share/px4_msgs/msg/DistanceSensorModeChangeRequest.msg\n'}
[0.967946] (px4_msgs) StdoutLine: {'line': b'-- Up-to-date: /home/nicolas/ws_ros2/install/px4_msgs/share/px4_msgs/msg/DronecanNodeStatus.msg\n'}
[0.967983] (px4_msgs) StdoutLine: {'line': b'-- Up-to-date: /home/nicolas/ws_ros2/install/px4_msgs/share/px4_msgs/msg/Ekf2Timestamps.msg\n'}
[0.968019] (px4_msgs) StdoutLine: {'line': b'-- Up-to-date: /home/nicolas/ws_ros2/install/px4_msgs/share/px4_msgs/msg/EscReport.msg\n'}
[0.968076] (px4_msgs) StdoutLine: {'line': b'-- Up-to-date: /home/nicolas/ws_ros2/install/px4_msgs/share/px4_msgs/msg/EscStatus.msg\n'}
[0.968114] (px4_msgs) StdoutLine: {'line': b'-- Up-to-date: /home/nicolas/ws_ros2/install/px4_msgs/share/px4_msgs/msg/EstimatorAidSource1d.msg\n'}
[0.968149] (px4_msgs) StdoutLine: {'line': b'-- Up-to-date: /home/nicolas/ws_ros2/install/px4_msgs/share/px4_msgs/msg/EstimatorAidSource2d.msg\n'}
[0.968186] (px4_msgs) StdoutLine: {'line': b'-- Up-to-date: /home/nicolas/ws_ros2/install/px4_msgs/share/px4_msgs/msg/EstimatorAidSource3d.msg\n'}
[0.968221] (px4_msgs) StdoutLine: {'line': b'-- Up-to-date: /home/nicolas/ws_ros2/install/px4_msgs/share/px4_msgs/msg/EstimatorBias.msg\n'}
[0.968257] (px4_msgs) StdoutLine: {'line': b'-- Up-to-date: /home/nicolas/ws_ros2/install/px4_msgs/share/px4_msgs/msg/EstimatorBias3d.msg\n'}
[0.968311] (px4_msgs) StdoutLine: {'line': b'-- Up-to-date: /home/nicolas/ws_ros2/install/px4_msgs/share/px4_msgs/msg/EstimatorEventFlags.msg\n'}
[0.968345] (px4_msgs) StdoutLine: {'line': b'-- Up-to-date: /home/nicolas/ws_ros2/install/px4_msgs/share/px4_msgs/msg/EstimatorGpsStatus.msg\n'}
[0.968378] (px4_msgs) StdoutLine: {'line': b'-- Up-to-date: /home/nicolas/ws_ros2/install/px4_msgs/share/px4_msgs/msg/EstimatorInnovations.msg\n'}
[0.968426] (px4_msgs) StdoutLine: {'line': b'-- Up-to-date: /home/nicolas/ws_ros2/install/px4_msgs/share/px4_msgs/msg/EstimatorSelectorStatus.msg\n'}
[0.968460] (px4_msgs) StdoutLine: {'line': b'-- Up-to-date: /home/nicolas/ws_ros2/install/px4_msgs/share/px4_msgs/msg/EstimatorSensorBias.msg\n'}
[0.968494] (px4_msgs) StdoutLine: {'line': b'-- Up-to-date: /home/nicolas/ws_ros2/install/px4_msgs/share/px4_msgs/msg/EstimatorStates.msg\n'}
[0.968530] (px4_msgs) StdoutLine: {'line': b'-- Up-to-date: /home/nicolas/ws_ros2/install/px4_msgs/share/px4_msgs/msg/EstimatorStatus.msg\n'}
[0.968566] (px4_msgs) StdoutLine: {'line': b'-- Up-to-date: /home/nicolas/ws_ros2/install/px4_msgs/share/px4_msgs/msg/EstimatorStatusFlags.msg\n'}
[0.968602] (px4_msgs) StdoutLine: {'line': b'-- Up-to-date: /home/nicolas/ws_ros2/install/px4_msgs/share/px4_msgs/msg/Event.msg\n'}
[0.968638] (px4_msgs) StdoutLine: {'line': b'-- Up-to-date: /home/nicolas/ws_ros2/install/px4_msgs/share/px4_msgs/msg/FailsafeFlags.msg\n'}
[0.968674] (px4_msgs) StdoutLine: {'line': b'-- Up-to-date: /home/nicolas/ws_ros2/install/px4_msgs/share/px4_msgs/msg/FailureDetectorStatus.msg\n'}
[0.968717] (px4_msgs) StdoutLine: {'line': b'-- Up-to-date: /home/nicolas/ws_ros2/install/px4_msgs/share/px4_msgs/msg/FigureEightStatus.msg\n'}
[0.968774] (px4_msgs) StdoutLine: {'line': b'-- Up-to-date: /home/nicolas/ws_ros2/install/px4_msgs/share/px4_msgs/msg/FixedWingLateralGuidanceStatus.msg\n'}
[0.968808] (px4_msgs) StdoutLine: {'line': b'-- Up-to-date: /home/nicolas/ws_ros2/install/px4_msgs/share/px4_msgs/msg/FixedWingLateralSetpoint.msg\n'}
[0.968842] (px4_msgs) StdoutLine: {'line': b'-- Up-to-date: /home/nicolas/ws_ros2/install/px4_msgs/share/px4_msgs/msg/FixedWingLateralStatus.msg\n'}
[0.968876] (px4_msgs) StdoutLine: {'line': b'-- Up-to-date: /home/nicolas/ws_ros2/install/px4_msgs/share/px4_msgs/msg/FixedWingLongitudinalSetpoint.msg\n'}
[0.968911] (px4_msgs) StdoutLine: {'line': b'-- Up-to-date: /home/nicolas/ws_ros2/install/px4_msgs/share/px4_msgs/msg/FixedWingRunwayControl.msg\n'}
[0.968948] (px4_msgs) StdoutLine: {'line': b'-- Up-to-date: /home/nicolas/ws_ros2/install/px4_msgs/share/px4_msgs/msg/FlightPhaseEstimation.msg\n'}
[0.968986] (px4_msgs) StdoutLine: {'line': b'-- Up-to-date: /home/nicolas/ws_ros2/install/px4_msgs/share/px4_msgs/msg/FollowTarget.msg\n'}
[0.969024] (px4_msgs) StdoutLine: {'line': b'-- Up-to-date: /home/nicolas/ws_ros2/install/px4_msgs/share/px4_msgs/msg/FollowTargetEstimator.msg\n'}
[0.969062] (px4_msgs) StdoutLine: {'line': b'-- Up-to-date: /home/nicolas/ws_ros2/install/px4_msgs/share/px4_msgs/msg/FollowTargetStatus.msg\n'}
[0.969099] (px4_msgs) StdoutLine: {'line': b'-- Up-to-date: /home/nicolas/ws_ros2/install/px4_msgs/share/px4_msgs/msg/FuelTankStatus.msg\n'}
[0.969154] (px4_msgs) StdoutLine: {'line': b'-- Up-to-date: /home/nicolas/ws_ros2/install/px4_msgs/share/px4_msgs/msg/GeneratorStatus.msg\n'}
[0.969190] (px4_msgs) StdoutLine: {'line': b'-- Up-to-date: /home/nicolas/ws_ros2/install/px4_msgs/share/px4_msgs/msg/GeofenceResult.msg\n'}
[0.969225] (px4_msgs) StdoutLine: {'line': b'-- Up-to-date: /home/nicolas/ws_ros2/install/px4_msgs/share/px4_msgs/msg/GeofenceStatus.msg\n'}
[0.969259] (px4_msgs) StdoutLine: {'line': b'-- Up-to-date: /home/nicolas/ws_ros2/install/px4_msgs/share/px4_msgs/msg/GimbalControls.msg\n'}
[0.969294] (px4_msgs) StdoutLine: {'line': b'-- Up-to-date: /home/nicolas/ws_ros2/install/px4_msgs/share/px4_msgs/msg/GimbalDeviceAttitudeStatus.msg\n'}
[0.969329] (px4_msgs) StdoutLine: {'line': b'-- Up-to-date: /home/nicolas/ws_ros2/install/px4_msgs/share/px4_msgs/msg/GimbalDeviceInformation.msg\n'}
[0.969366] (px4_msgs) StdoutLine: {'line': b'-- Up-to-date: /home/nicolas/ws_ros2/install/px4_msgs/share/px4_msgs/msg/GimbalDeviceSetAttitude.msg\n'}
[0.969404] (px4_msgs) StdoutLine: {'line': b'-- Up-to-date: /home/nicolas/ws_ros2/install/px4_msgs/share/px4_msgs/msg/GimbalManagerInformation.msg\n'}
[0.969441] (px4_msgs) StdoutLine: {'line': b'-- Up-to-date: /home/nicolas/ws_ros2/install/px4_msgs/share/px4_msgs/msg/GimbalManagerSetAttitude.msg\n'}
[0.969478] (px4_msgs) StdoutLine: {'line': b'-- Up-to-date: /home/nicolas/ws_ros2/install/px4_msgs/share/px4_msgs/msg/GimbalManagerSetManualControl.msg\n'}
[0.969516] (px4_msgs) StdoutLine: {'line': b'-- Up-to-date: /home/nicolas/ws_ros2/install/px4_msgs/share/px4_msgs/msg/GimbalManagerStatus.msg\n'}
[0.969554] (px4_msgs) StdoutLine: {'line': b'-- Up-to-date: /home/nicolas/ws_ros2/install/px4_msgs/share/px4_msgs/msg/GotoSetpoint.msg\n'}
[0.969591] (px4_msgs) StdoutLine: {'line': b'-- Up-to-date: /home/nicolas/ws_ros2/install/px4_msgs/share/px4_msgs/msg/GpioConfig.msg\n'}
[0.969629] (px4_msgs) StdoutLine: {'line': b'-- Up-to-date: /home/nicolas/ws_ros2/install/px4_msgs/share/px4_msgs/msg/GpioIn.msg\n'}
[0.969674] (px4_msgs) StdoutLine: {'line': b'-- Up-to-date: /home/nicolas/ws_ros2/install/px4_msgs/share/px4_msgs/msg/GpioOut.msg\n'}
[0.969719] (px4_msgs) StdoutLine: {'line': b'-- Up-to-date: /home/nicolas/ws_ros2/install/px4_msgs/share/px4_msgs/msg/GpioRequest.msg\n'}
[0.969802] (px4_msgs) StdoutLine: {'line': b'-- Up-to-date: /home/nicolas/ws_ros2/install/px4_msgs/share/px4_msgs/msg/GpsDump.msg\n'}
[0.969846] (px4_msgs) StdoutLine: {'line': b'-- Up-to-date: /home/nicolas/ws_ros2/install/px4_msgs/share/px4_msgs/msg/GpsInjectData.msg\n'}
[0.969915] (px4_msgs) StdoutLine: {'line': b'-- Up-to-date: /home/nicolas/ws_ros2/install/px4_msgs/share/px4_msgs/msg/Gripper.msg\n'}
[0.970147] (px4_msgs) StdoutLine: {'line': b'-- Up-to-date: /home/nicolas/ws_ros2/install/px4_msgs/share/px4_msgs/msg/HealthReport.msg\n'}
[0.970628] (px4_msgs) StdoutLine: {'line': b'-- Up-to-date: /home/nicolas/ws_ros2/install/px4_msgs/share/px4_msgs/msg/HeaterStatus.msg\n'}
[0.970812] (px4_msgs) StdoutLine: {'line': b'-- Up-to-date: /home/nicolas/ws_ros2/install/px4_msgs/share/px4_msgs/msg/HomePosition.msg\n'}
[0.971066] (px4_msgs) StdoutLine: {'line': b'-- Up-to-date: /home/nicolas/ws_ros2/install/px4_msgs/share/px4_msgs/msg/HoverThrustEstimate.msg\n'}
[0.971344] (px4_msgs) StdoutLine: {'line': b'-- Up-to-date: /home/nicolas/ws_ros2/install/px4_msgs/share/px4_msgs/msg/InputRc.msg\n'}
[0.971799] (px4_msgs) StdoutLine: {'line': b'-- Up-to-date: /home/nicolas/ws_ros2/install/px4_msgs/share/px4_msgs/msg/InternalCombustionEngineControl.msg\n'}
[0.971996] (px4_msgs) StdoutLine: {'line': b'-- Up-to-date: /home/nicolas/ws_ros2/install/px4_msgs/share/px4_msgs/msg/InternalCombustionEngineStatus.msg\n'}
[0.972224] (px4_msgs) StdoutLine: {'line': b'-- Up-to-date: /home/nicolas/ws_ros2/install/px4_msgs/share/px4_msgs/msg/IridiumsbdStatus.msg\n'}
[0.972499] (px4_msgs) StdoutLine: {'line': b'-- Up-to-date: /home/nicolas/ws_ros2/install/px4_msgs/share/px4_msgs/msg/IrlockReport.msg\n'}
[0.972902] (px4_msgs) StdoutLine: {'line': b'-- Up-to-date: /home/nicolas/ws_ros2/install/px4_msgs/share/px4_msgs/msg/LandingGear.msg\n'}
[0.973148] (px4_msgs) StdoutLine: {'line': b'-- Up-to-date: /home/nicolas/ws_ros2/install/px4_msgs/share/px4_msgs/msg/LandingGearWheel.msg\n'}
[0.973418] (px4_msgs) StdoutLine: {'line': b'-- Up-to-date: /home/nicolas/ws_ros2/install/px4_msgs/share/px4_msgs/msg/LandingTargetInnovations.msg\n'}
[0.973698] (px4_msgs) StdoutLine: {'line': b'-- Up-to-date: /home/nicolas/ws_ros2/install/px4_msgs/share/px4_msgs/msg/LandingTargetPose.msg\n'}
[0.974175] (px4_msgs) StdoutLine: {'line': b'-- Up-to-date: /home/nicolas/ws_ros2/install/px4_msgs/share/px4_msgs/msg/LateralControlConfiguration.msg\n'}
[0.974356] (px4_msgs) StdoutLine: {'line': b'-- Up-to-date: /home/nicolas/ws_ros2/install/px4_msgs/share/px4_msgs/msg/LaunchDetectionStatus.msg\n'}
[0.974613] (px4_msgs) StdoutLine: {'line': b'-- Up-to-date: /home/nicolas/ws_ros2/install/px4_msgs/share/px4_msgs/msg/LedControl.msg\n'}
[0.974900] (px4_msgs) StdoutLine: {'line': b'-- Up-to-date: /home/nicolas/ws_ros2/install/px4_msgs/share/px4_msgs/msg/LogMessage.msg\n'}
[0.975350] (px4_msgs) StdoutLine: {'line': b'-- Up-to-date: /home/nicolas/ws_ros2/install/px4_msgs/share/px4_msgs/msg/LoggerStatus.msg\n'}
[0.975567] (px4_msgs) StdoutLine: {'line': b'-- Up-to-date: /home/nicolas/ws_ros2/install/px4_msgs/share/px4_msgs/msg/LongitudinalControlConfiguration.msg\n'}
[0.975823] (px4_msgs) StdoutLine: {'line': b'-- Up-to-date: /home/nicolas/ws_ros2/install/px4_msgs/share/px4_msgs/msg/MagWorkerData.msg\n'}
[0.976141] (px4_msgs) StdoutLine: {'line': b'-- Up-to-date: /home/nicolas/ws_ros2/install/px4_msgs/share/px4_msgs/msg/MagnetometerBiasEstimate.msg\n'}
[0.976613] (px4_msgs) StdoutLine: {'line': b'-- Up-to-date: /home/nicolas/ws_ros2/install/px4_msgs/share/px4_msgs/msg/ManualControlSetpoint.msg\n'}
[0.976950] (px4_msgs) StdoutLine: {'line': b'-- Up-to-date: /home/nicolas/ws_ros2/install/px4_msgs/share/px4_msgs/msg/ManualControlSwitches.msg\n'}
[0.977047] (px4_msgs) StdoutLine: {'line': b'-- Up-to-date: /home/nicolas/ws_ros2/install/px4_msgs/share/px4_msgs/msg/MavlinkLog.msg\n'}
[0.977532] (px4_msgs) StdoutLine: {'line': b'-- Up-to-date: /home/nicolas/ws_ros2/install/px4_msgs/share/px4_msgs/msg/MavlinkTunnel.msg\n'}
[0.977911] (px4_msgs) StdoutLine: {'line': b'-- Up-to-date: /home/nicolas/ws_ros2/install/px4_msgs/share/px4_msgs/msg/MessageFormatRequest.msg\n'}
[0.978146] (px4_msgs) StdoutLine: {'line': b'-- Up-to-date: /home/nicolas/ws_ros2/install/px4_msgs/share/px4_msgs/msg/MessageFormatResponse.msg\n'}
[0.978383] (px4_msgs) StdoutLine: {'line': b'-- Up-to-date: /home/nicolas/ws_ros2/install/px4_msgs/share/px4_msgs/msg/Mission.msg\n'}
[0.978710] (px4_msgs) StdoutLine: {'line': b'-- Up-to-date: /home/nicolas/ws_ros2/install/px4_msgs/share/px4_msgs/msg/MissionResult.msg\n'}
[0.979114] (px4_msgs) StdoutLine: {'line': b'-- Up-to-date: /home/nicolas/ws_ros2/install/px4_msgs/share/px4_msgs/msg/ModeCompleted.msg\n'}
[0.979366] (px4_msgs) StdoutLine: {'line': b'-- Up-to-date: /home/nicolas/ws_ros2/install/px4_msgs/share/px4_msgs/msg/MountOrientation.msg\n'}
[0.979617] (px4_msgs) StdoutLine: {'line': b'-- Up-to-date: /home/nicolas/ws_ros2/install/px4_msgs/share/px4_msgs/msg/NavigatorMissionItem.msg\n'}
[0.979905] (px4_msgs) StdoutLine: {'line': b'-- Up-to-date: /home/nicolas/ws_ros2/install/px4_msgs/share/px4_msgs/msg/NavigatorStatus.msg\n'}
[0.980358] (px4_msgs) StdoutLine: {'line': b'-- Up-to-date: /home/nicolas/ws_ros2/install/px4_msgs/share/px4_msgs/msg/NeuralControl.msg\n'}
[0.980570] (px4_msgs) StdoutLine: {'line': b'-- Up-to-date: /home/nicolas/ws_ros2/install/px4_msgs/share/px4_msgs/msg/NormalizedUnsignedSetpoint.msg\n'}
[0.980827] (px4_msgs) StdoutLine: {'line': b'-- Up-to-date: /home/nicolas/ws_ros2/install/px4_msgs/share/px4_msgs/msg/ObstacleDistance.msg\n'}
[0.981145] (px4_msgs) StdoutLine: {'line': b'-- Up-to-date: /home/nicolas/ws_ros2/install/px4_msgs/share/px4_msgs/msg/OffboardControlMode.msg\n'}
[0.981584] (px4_msgs) StdoutLine: {'line': b'-- Up-to-date: /home/nicolas/ws_ros2/install/px4_msgs/share/px4_msgs/msg/OnboardComputerStatus.msg\n'}
[0.981800] (px4_msgs) StdoutLine: {'line': b'-- Up-to-date: /home/nicolas/ws_ros2/install/px4_msgs/share/px4_msgs/msg/OpenDroneIdArmStatus.msg\n'}
[0.982038] (px4_msgs) StdoutLine: {'line': b'-- Up-to-date: /home/nicolas/ws_ros2/install/px4_msgs/share/px4_msgs/msg/OpenDroneIdOperatorId.msg\n'}
[0.982317] (px4_msgs) StdoutLine: {'line': b'-- Up-to-date: /home/nicolas/ws_ros2/install/px4_msgs/share/px4_msgs/msg/OpenDroneIdSelfId.msg\n'}
[0.982747] (px4_msgs) StdoutLine: {'line': b'-- Up-to-date: /home/nicolas/ws_ros2/install/px4_msgs/share/px4_msgs/msg/OpenDroneIdSystem.msg\n'}
[0.982971] (px4_msgs) StdoutLine: {'line': b'-- Up-to-date: /home/nicolas/ws_ros2/install/px4_msgs/share/px4_msgs/msg/OrbTest.msg\n'}
[0.983211] (px4_msgs) StdoutLine: {'line': b'-- Up-to-date: /home/nicolas/ws_ros2/install/px4_msgs/share/px4_msgs/msg/OrbTestLarge.msg\n'}
[0.983497] (px4_msgs) StdoutLine: {'line': b'-- Up-to-date: /home/nicolas/ws_ros2/install/px4_msgs/share/px4_msgs/msg/OrbTestMedium.msg\n'}
[0.983926] (px4_msgs) StdoutLine: {'line': b'-- Up-to-date: /home/nicolas/ws_ros2/install/px4_msgs/share/px4_msgs/msg/OrbitStatus.msg\n'}
[0.984414] (px4_msgs) StdoutLine: {'line': b'-- Up-to-date: /home/nicolas/ws_ros2/install/px4_msgs/share/px4_msgs/msg/ParameterResetRequest.msg\n'}
[0.984479] (px4_msgs) StdoutLine: {'line': b'-- Up-to-date: /home/nicolas/ws_ros2/install/px4_msgs/share/px4_msgs/msg/ParameterSetUsedRequest.msg\n'}
[0.984902] (px4_msgs) StdoutLine: {'line': b'-- Up-to-date: /home/nicolas/ws_ros2/install/px4_msgs/share/px4_msgs/msg/ParameterSetValueRequest.msg\n'}
[0.985309] (px4_msgs) StdoutLine: {'line': b'-- Up-to-date: /home/nicolas/ws_ros2/install/px4_msgs/share/px4_msgs/msg/ParameterSetValueResponse.msg\n'}
[0.985508] (px4_msgs) StdoutLine: {'line': b'-- Up-to-date: /home/nicolas/ws_ros2/install/px4_msgs/share/px4_msgs/msg/ParameterUpdate.msg\n'}
[0.985756] (px4_msgs) StdoutLine: {'line': b'-- Up-to-date: /home/nicolas/ws_ros2/install/px4_msgs/share/px4_msgs/msg/Ping.msg\n'}
[0.986052] (px4_msgs) StdoutLine: {'line': b'-- Up-to-date: /home/nicolas/ws_ros2/install/px4_msgs/share/px4_msgs/msg/PositionControllerLandingStatus.msg\n'}
[0.986456] (px4_msgs) StdoutLine: {'line': b'-- Up-to-date: /home/nicolas/ws_ros2/install/px4_msgs/share/px4_msgs/msg/PositionControllerStatus.msg\n'}
[0.986705] (px4_msgs) StdoutLine: {'line': b'-- Up-to-date: /home/nicolas/ws_ros2/install/px4_msgs/share/px4_msgs/msg/PositionSetpoint.msg\n'}
[0.986946] (px4_msgs) StdoutLine: {'line': b'-- Up-to-date: /home/nicolas/ws_ros2/install/px4_msgs/share/px4_msgs/msg/PositionSetpointTriplet.msg\n'}
[0.987283] (px4_msgs) StdoutLine: {'line': b'-- Up-to-date: /home/nicolas/ws_ros2/install/px4_msgs/share/px4_msgs/msg/PowerButtonState.msg\n'}
[0.987748] (px4_msgs) StdoutLine: {'line': b'-- Up-to-date: /home/nicolas/ws_ros2/install/px4_msgs/share/px4_msgs/msg/PowerMonitor.msg\n'}
[0.987911] (px4_msgs) StdoutLine: {'line': b'-- Up-to-date: /home/nicolas/ws_ros2/install/px4_msgs/share/px4_msgs/msg/PpsCapture.msg\n'}
[0.988171] (px4_msgs) StdoutLine: {'line': b'-- Up-to-date: /home/nicolas/ws_ros2/install/px4_msgs/share/px4_msgs/msg/PurePursuitStatus.msg\n'}
[0.988479] (px4_msgs) StdoutLine: {'line': b'-- Up-to-date: /home/nicolas/ws_ros2/install/px4_msgs/share/px4_msgs/msg/PwmInput.msg\n'}
[0.988884] (px4_msgs) StdoutLine: {'line': b'-- Up-to-date: /home/nicolas/ws_ros2/install/px4_msgs/share/px4_msgs/msg/Px4ioStatus.msg\n'}
[0.989139] (px4_msgs) StdoutLine: {'line': b'-- Up-to-date: /home/nicolas/ws_ros2/install/px4_msgs/share/px4_msgs/msg/QshellReq.msg\n'}
[0.989395] (px4_msgs) StdoutLine: {'line': b'-- Up-to-date: /home/nicolas/ws_ros2/install/px4_msgs/share/px4_msgs/msg/QshellRetval.msg\n'}
[0.989792] (px4_msgs) StdoutLine: {'line': b'-- Up-to-date: /home/nicolas/ws_ros2/install/px4_msgs/share/px4_msgs/msg/RadioStatus.msg\n'}
[0.990126] (px4_msgs) StdoutLine: {'line': b'-- Up-to-date: /home/nicolas/ws_ros2/install/px4_msgs/share/px4_msgs/msg/RateCtrlStatus.msg\n'}
[0.990385] (px4_msgs) StdoutLine: {'line': b'-- Up-to-date: /home/nicolas/ws_ros2/install/px4_msgs/share/px4_msgs/msg/RcChannels.msg\n'}
[0.990640] (px4_msgs) StdoutLine: {'line': b'-- Up-to-date: /home/nicolas/ws_ros2/install/px4_msgs/share/px4_msgs/msg/RcParameterMap.msg\n'}
[0.990924] (px4_msgs) StdoutLine: {'line': b'-- Up-to-date: /home/nicolas/ws_ros2/install/px4_msgs/share/px4_msgs/msg/RegisterExtComponentReply.msg\n'}
[0.991370] (px4_msgs) StdoutLine: {'line': b'-- Up-to-date: /home/nicolas/ws_ros2/install/px4_msgs/share/px4_msgs/msg/RegisterExtComponentRequest.msg\n'}
[0.991593] (px4_msgs) StdoutLine: {'line': b'-- Up-to-date: /home/nicolas/ws_ros2/install/px4_msgs/share/px4_msgs/msg/RoverAttitudeSetpoint.msg\n'}
[0.991848] (px4_msgs) StdoutLine: {'line': b'-- Up-to-date: /home/nicolas/ws_ros2/install/px4_msgs/share/px4_msgs/msg/RoverAttitudeStatus.msg\n'}
[0.992261] (px4_msgs) StdoutLine: {'line': b'-- Up-to-date: /home/nicolas/ws_ros2/install/px4_msgs/share/px4_msgs/msg/RoverPositionSetpoint.msg\n'}
[0.992617] (px4_msgs) StdoutLine: {'line': b'-- Up-to-date: /home/nicolas/ws_ros2/install/px4_msgs/share/px4_msgs/msg/RoverRateSetpoint.msg\n'}
[0.993006] (px4_msgs) StdoutLine: {'line': b'-- Up-to-date: /home/nicolas/ws_ros2/install/px4_msgs/share/px4_msgs/msg/RoverRateStatus.msg\n'}
[0.993150] (px4_msgs) StdoutLine: {'line': b'-- Up-to-date: /home/nicolas/ws_ros2/install/px4_msgs/share/px4_msgs/msg/RoverSpeedSetpoint.msg\n'}
[0.993526] (px4_msgs) StdoutLine: {'line': b'-- Up-to-date: /home/nicolas/ws_ros2/install/px4_msgs/share/px4_msgs/msg/RoverSpeedStatus.msg\n'}
[0.993945] (px4_msgs) StdoutLine: {'line': b'-- Up-to-date: /home/nicolas/ws_ros2/install/px4_msgs/share/px4_msgs/msg/RoverSteeringSetpoint.msg\n'}
[0.994190] (px4_msgs) StdoutLine: {'line': b'-- Up-to-date: /home/nicolas/ws_ros2/install/px4_msgs/share/px4_msgs/msg/RoverThrottleSetpoint.msg\n'}
[0.994380] (px4_msgs) StdoutLine: {'line': b'-- Up-to-date: /home/nicolas/ws_ros2/install/px4_msgs/share/px4_msgs/msg/Rpm.msg\n'}
[0.994659] (px4_msgs) StdoutLine: {'line': b'-- Up-to-date: /home/nicolas/ws_ros2/install/px4_msgs/share/px4_msgs/msg/RtlStatus.msg\n'}
[0.995140] (px4_msgs) StdoutLine: {'line': b'-- Up-to-date: /home/nicolas/ws_ros2/install/px4_msgs/share/px4_msgs/msg/RtlTimeEstimate.msg\n'}
[0.995308] (px4_msgs) StdoutLine: {'line': b'-- Up-to-date: /home/nicolas/ws_ros2/install/px4_msgs/share/px4_msgs/msg/SatelliteInfo.msg\n'}
[0.995548] (px4_msgs) StdoutLine: {'line': b'-- Up-to-date: /home/nicolas/ws_ros2/install/px4_msgs/share/px4_msgs/msg/SensorAccel.msg\n'}
[0.995871] (px4_msgs) StdoutLine: {'line': b'-- Up-to-date: /home/nicolas/ws_ros2/install/px4_msgs/share/px4_msgs/msg/SensorAccelFifo.msg\n'}
[0.996258] (px4_msgs) StdoutLine: {'line': b'-- Up-to-date: /home/nicolas/ws_ros2/install/px4_msgs/share/px4_msgs/msg/SensorAirflow.msg\n'}
[0.996484] (px4_msgs) StdoutLine: {'line': b'-- Up-to-date: /home/nicolas/ws_ros2/install/px4_msgs/share/px4_msgs/msg/SensorBaro.msg\n'}
[0.996773] (px4_msgs) StdoutLine: {'line': b'-- Up-to-date: /home/nicolas/ws_ros2/install/px4_msgs/share/px4_msgs/msg/SensorCombined.msg\n'}
[0.997055] (px4_msgs) StdoutLine: {'line': b'-- Up-to-date: /home/nicolas/ws_ros2/install/px4_msgs/share/px4_msgs/msg/SensorCorrection.msg\n'}
[0.997423] (px4_msgs) StdoutLine: {'line': b'-- Up-to-date: /home/nicolas/ws_ros2/install/px4_msgs/share/px4_msgs/msg/SensorGnssRelative.msg\n'}
[0.997672] (px4_msgs) StdoutLine: {'line': b'-- Up-to-date: /home/nicolas/ws_ros2/install/px4_msgs/share/px4_msgs/msg/SensorGnssStatus.msg\n'}
[0.997936] (px4_msgs) StdoutLine: {'line': b'-- Up-to-date: /home/nicolas/ws_ros2/install/px4_msgs/share/px4_msgs/msg/SensorGps.msg\n'}
[0.998244] (px4_msgs) StdoutLine: {'line': b'-- Up-to-date: /home/nicolas/ws_ros2/install/px4_msgs/share/px4_msgs/msg/SensorGyro.msg\n'}
[0.998713] (px4_msgs) StdoutLine: {'line': b'-- Up-to-date: /home/nicolas/ws_ros2/install/px4_msgs/share/px4_msgs/msg/SensorGyroFft.msg\n'}
[0.998881] (px4_msgs) StdoutLine: {'line': b'-- Up-to-date: /home/nicolas/ws_ros2/install/px4_msgs/share/px4_msgs/msg/SensorGyroFifo.msg\n'}
[0.999155] (px4_msgs) StdoutLine: {'line': b'-- Up-to-date: /home/nicolas/ws_ros2/install/px4_msgs/share/px4_msgs/msg/SensorHygrometer.msg\n'}
[0.999451] (px4_msgs) StdoutLine: {'line': b'-- Up-to-date: /home/nicolas/ws_ros2/install/px4_msgs/share/px4_msgs/msg/SensorMag.msg\n'}
[0.999885] (px4_msgs) StdoutLine: {'line': b'-- Up-to-date: /home/nicolas/ws_ros2/install/px4_msgs/share/px4_msgs/msg/SensorOpticalFlow.msg\n'}
[1.000342] (px4_msgs) StdoutLine: {'line': b'-- Up-to-date: /home/nicolas/ws_ros2/install/px4_msgs/share/px4_msgs/msg/SensorPreflightMag.msg\n'}
[1.000487] (px4_msgs) StdoutLine: {'line': b'-- Up-to-date: /home/nicolas/ws_ros2/install/px4_msgs/share/px4_msgs/msg/SensorSelection.msg\n'}
[1.000871] (px4_msgs) StdoutLine: {'line': b'-- Up-to-date: /home/nicolas/ws_ros2/install/px4_msgs/share/px4_msgs/msg/SensorUwb.msg\n'}
[1.001048] (-) TimerEvent: {}
[1.001313] (px4_msgs) StdoutLine: {'line': b'-- Up-to-date: /home/nicolas/ws_ros2/install/px4_msgs/share/px4_msgs/msg/SensorsStatus.msg\n'}
[1.001487] (px4_msgs) StdoutLine: {'line': b'-- Up-to-date: /home/nicolas/ws_ros2/install/px4_msgs/share/px4_msgs/msg/SensorsStatusImu.msg\n'}
[1.001738] (px4_msgs) StdoutLine: {'line': b'-- Up-to-date: /home/nicolas/ws_ros2/install/px4_msgs/share/px4_msgs/msg/SystemPower.msg\n'}
[1.002035] (px4_msgs) StdoutLine: {'line': b'-- Up-to-date: /home/nicolas/ws_ros2/install/px4_msgs/share/px4_msgs/msg/TakeoffStatus.msg\n'}
[1.002429] (px4_msgs) StdoutLine: {'line': b'-- Up-to-date: /home/nicolas/ws_ros2/install/px4_msgs/share/px4_msgs/msg/TaskStackInfo.msg\n'}
[1.002666] (px4_msgs) StdoutLine: {'line': b'-- Up-to-date: /home/nicolas/ws_ros2/install/px4_msgs/share/px4_msgs/msg/TecsStatus.msg\n'}
[1.002930] (px4_msgs) StdoutLine: {'line': b'-- Up-to-date: /home/nicolas/ws_ros2/install/px4_msgs/share/px4_msgs/msg/TelemetryStatus.msg\n'}
[1.003264] (px4_msgs) StdoutLine: {'line': b'-- Up-to-date: /home/nicolas/ws_ros2/install/px4_msgs/share/px4_msgs/msg/TiltrotorExtraControls.msg\n'}
[1.003701] (px4_msgs) StdoutLine: {'line': b'-- Up-to-date: /home/nicolas/ws_ros2/install/px4_msgs/share/px4_msgs/msg/TimesyncStatus.msg\n'}
[1.003853] (px4_msgs) StdoutLine: {'line': b'-- Up-to-date: /home/nicolas/ws_ros2/install/px4_msgs/share/px4_msgs/msg/TrajectorySetpoint.msg\n'}
[1.004109] (px4_msgs) StdoutLine: {'line': b'-- Up-to-date: /home/nicolas/ws_ros2/install/px4_msgs/share/px4_msgs/msg/TrajectorySetpoint6dof.msg\n'}
[1.004399] (px4_msgs) StdoutLine: {'line': b'-- Up-to-date: /home/nicolas/ws_ros2/install/px4_msgs/share/px4_msgs/msg/TransponderReport.msg\n'}
[1.004856] (px4_msgs) StdoutLine: {'line': b'-- Up-to-date: /home/nicolas/ws_ros2/install/px4_msgs/share/px4_msgs/msg/TuneControl.msg\n'}
[1.005081] (px4_msgs) StdoutLine: {'line': b'-- Up-to-date: /home/nicolas/ws_ros2/install/px4_msgs/share/px4_msgs/msg/UavcanParameterRequest.msg\n'}
[1.005335] (px4_msgs) StdoutLine: {'line': b'-- Up-to-date: /home/nicolas/ws_ros2/install/px4_msgs/share/px4_msgs/msg/UavcanParameterValue.msg\n'}
[1.005614] (px4_msgs) StdoutLine: {'line': b'-- Up-to-date: /home/nicolas/ws_ros2/install/px4_msgs/share/px4_msgs/msg/UlogStream.msg\n'}
[1.006033] (px4_msgs) StdoutLine: {'line': b'-- Up-to-date: /home/nicolas/ws_ros2/install/px4_msgs/share/px4_msgs/msg/UlogStreamAck.msg\n'}
[1.006293] (px4_msgs) StdoutLine: {'line': b'-- Up-to-date: /home/nicolas/ws_ros2/install/px4_msgs/share/px4_msgs/msg/UnregisterExtComponent.msg\n'}
[1.006531] (px4_msgs) StdoutLine: {'line': b'-- Up-to-date: /home/nicolas/ws_ros2/install/px4_msgs/share/px4_msgs/msg/VehicleAcceleration.msg\n'}
[1.006813] (px4_msgs) StdoutLine: {'line': b'-- Up-to-date: /home/nicolas/ws_ros2/install/px4_msgs/share/px4_msgs/msg/VehicleAirData.msg\n'}
[1.007298] (px4_msgs) StdoutLine: {'line': b'-- Up-to-date: /home/nicolas/ws_ros2/install/px4_msgs/share/px4_msgs/msg/VehicleAngularAccelerationSetpoint.msg\n'}
[1.007462] (px4_msgs) StdoutLine: {'line': b'-- Up-to-date: /home/nicolas/ws_ros2/install/px4_msgs/share/px4_msgs/msg/VehicleAngularVelocity.msg\n'}
[1.007722] (px4_msgs) StdoutLine: {'line': b'-- Up-to-date: /home/nicolas/ws_ros2/install/px4_msgs/share/px4_msgs/msg/VehicleAttitude.msg\n'}
[1.008003] (px4_msgs) StdoutLine: {'line': b'-- Up-to-date: /home/nicolas/ws_ros2/install/px4_msgs/share/px4_msgs/msg/VehicleAttitudeSetpoint.msg\n'}
[1.008454] (px4_msgs) StdoutLine: {'line': b'-- Up-to-date: /home/nicolas/ws_ros2/install/px4_msgs/share/px4_msgs/msg/VehicleCommand.msg\n'}
[1.008849] (px4_msgs) StdoutLine: {'line': b'-- Up-to-date: /home/nicolas/ws_ros2/install/px4_msgs/share/px4_msgs/msg/VehicleCommandAck.msg\n'}
[1.008921] (px4_msgs) StdoutLine: {'line': b'-- Up-to-date: /home/nicolas/ws_ros2/install/px4_msgs/share/px4_msgs/msg/VehicleConstraints.msg\n'}
[1.009389] (px4_msgs) StdoutLine: {'line': b'-- Up-to-date: /home/nicolas/ws_ros2/install/px4_msgs/share/px4_msgs/msg/VehicleControlMode.msg\n'}
[1.009780] (px4_msgs) StdoutLine: {'line': b'-- Up-to-date: /home/nicolas/ws_ros2/install/px4_msgs/share/px4_msgs/msg/VehicleGlobalPosition.msg\n'}
[1.010039] (px4_msgs) StdoutLine: {'line': b'-- Up-to-date: /home/nicolas/ws_ros2/install/px4_msgs/share/px4_msgs/msg/VehicleImu.msg\n'}
[1.010266] (px4_msgs) StdoutLine: {'line': b'-- Up-to-date: /home/nicolas/ws_ros2/install/px4_msgs/share/px4_msgs/msg/VehicleImuStatus.msg\n'}
[1.010548] (px4_msgs) StdoutLine: {'line': b'-- Up-to-date: /home/nicolas/ws_ros2/install/px4_msgs/share/px4_msgs/msg/VehicleLandDetected.msg\n'}
[1.010972] (px4_msgs) StdoutLine: {'line': b'-- Up-to-date: /home/nicolas/ws_ros2/install/px4_msgs/share/px4_msgs/msg/VehicleLocalPosition.msg\n'}
[1.011251] (px4_msgs) StdoutLine: {'line': b'-- Up-to-date: /home/nicolas/ws_ros2/install/px4_msgs/share/px4_msgs/msg/VehicleLocalPositionSetpoint.msg\n'}
[1.011481] (px4_msgs) StdoutLine: {'line': b'-- Up-to-date: /home/nicolas/ws_ros2/install/px4_msgs/share/px4_msgs/msg/VehicleMagnetometer.msg\n'}
[1.011768] (px4_msgs) StdoutLine: {'line': b'-- Up-to-date: /home/nicolas/ws_ros2/install/px4_msgs/share/px4_msgs/msg/VehicleOdometry.msg\n'}
[1.012212] (px4_msgs) StdoutLine: {'line': b'-- Up-to-date: /home/nicolas/ws_ros2/install/px4_msgs/share/px4_msgs/msg/VehicleOpticalFlow.msg\n'}
[1.012425] (px4_msgs) StdoutLine: {'line': b'-- Up-to-date: /home/nicolas/ws_ros2/install/px4_msgs/share/px4_msgs/msg/VehicleOpticalFlowVel.msg\n'}
[1.012672] (px4_msgs) StdoutLine: {'line': b'-- Up-to-date: /home/nicolas/ws_ros2/install/px4_msgs/share/px4_msgs/msg/VehicleRatesSetpoint.msg\n'}
[1.012961] (px4_msgs) StdoutLine: {'line': b'-- Up-to-date: /home/nicolas/ws_ros2/install/px4_msgs/share/px4_msgs/msg/VehicleRoi.msg\n'}
[1.013403] (px4_msgs) StdoutLine: {'line': b'-- Up-to-date: /home/nicolas/ws_ros2/install/px4_msgs/share/px4_msgs/msg/VehicleStatus.msg\n'}
[1.013635] (px4_msgs) StdoutLine: {'line': b'-- Up-to-date: /home/nicolas/ws_ros2/install/px4_msgs/share/px4_msgs/msg/VehicleThrustSetpoint.msg\n'}
[1.013907] (px4_msgs) StdoutLine: {'line': b'-- Up-to-date: /home/nicolas/ws_ros2/install/px4_msgs/share/px4_msgs/msg/VehicleTorqueSetpoint.msg\n'}
[1.014201] (px4_msgs) StdoutLine: {'line': b'-- Up-to-date: /home/nicolas/ws_ros2/install/px4_msgs/share/px4_msgs/msg/VelocityLimits.msg\n'}
[1.014666] (px4_msgs) StdoutLine: {'line': b'-- Up-to-date: /home/nicolas/ws_ros2/install/px4_msgs/share/px4_msgs/msg/VtolVehicleStatus.msg\n'}
[1.014874] (px4_msgs) StdoutLine: {'line': b'-- Up-to-date: /home/nicolas/ws_ros2/install/px4_msgs/share/px4_msgs/msg/WheelEncoders.msg\n'}
[1.015121] (px4_msgs) StdoutLine: {'line': b'-- Up-to-date: /home/nicolas/ws_ros2/install/px4_msgs/share/px4_msgs/msg/Wind.msg\n'}
[1.015407] (px4_msgs) StdoutLine: {'line': b'-- Up-to-date: /home/nicolas/ws_ros2/install/px4_msgs/share/px4_msgs/msg/YawEstimatorStatus.msg\n'}
[1.015818] (px4_msgs) StdoutLine: {'line': b'-- Up-to-date: /home/nicolas/ws_ros2/install/px4_msgs/share/px4_msgs/srv/VehicleCommand.srv\n'}
[1.016261] (px4_msgs) StdoutLine: {'line': b'-- Up-to-date: /home/nicolas/ws_ros2/install/px4_msgs/share/px4_msgs/srv/VehicleCommand_Request.msg\n'}
[1.016327] (px4_msgs) StdoutLine: {'line': b'-- Up-to-date: /home/nicolas/ws_ros2/install/px4_msgs/share/px4_msgs/srv/VehicleCommand_Response.msg\n'}
[1.016766] (px4_msgs) StdoutLine: {'line': b'-- Up-to-date: /home/nicolas/ws_ros2/install/px4_msgs/share/ament_index/resource_index/package_run_dependencies/px4_msgs\n'}
[1.017209] (px4_msgs) StdoutLine: {'line': b'-- Up-to-date: /home/nicolas/ws_ros2/install/px4_msgs/share/ament_index/resource_index/parent_prefix_path/px4_msgs\n'}
[1.017426] (px4_msgs) StdoutLine: {'line': b'-- Up-to-date: /home/nicolas/ws_ros2/install/px4_msgs/share/px4_msgs/environment/ament_prefix_path.sh\n'}
[1.017677] (px4_msgs) StdoutLine: {'line': b'-- Up-to-date: /home/nicolas/ws_ros2/install/px4_msgs/share/px4_msgs/environment/ament_prefix_path.dsv\n'}
[1.017977] (px4_msgs) StdoutLine: {'line': b'-- Up-to-date: /home/nicolas/ws_ros2/install/px4_msgs/share/px4_msgs/environment/path.sh\n'}
[1.018384] (px4_msgs) StdoutLine: {'line': b'-- Up-to-date: /home/nicolas/ws_ros2/install/px4_msgs/share/px4_msgs/environment/path.dsv\n'}
[1.018625] (px4_msgs) StdoutLine: {'line': b'-- Up-to-date: /home/nicolas/ws_ros2/install/px4_msgs/share/px4_msgs/local_setup.bash\n'}
[1.018879] (px4_msgs) StdoutLine: {'line': b'-- Up-to-date: /home/nicolas/ws_ros2/install/px4_msgs/share/px4_msgs/local_setup.sh\n'}
[1.019165] (px4_msgs) StdoutLine: {'line': b'-- Up-to-date: /home/nicolas/ws_ros2/install/px4_msgs/share/px4_msgs/local_setup.zsh\n'}
[1.019623] (px4_msgs) StdoutLine: {'line': b'-- Up-to-date: /home/nicolas/ws_ros2/install/px4_msgs/share/px4_msgs/local_setup.dsv\n'}
[1.019833] (px4_msgs) StdoutLine: {'line': b'-- Installing: /home/nicolas/ws_ros2/install/px4_msgs/share/px4_msgs/package.dsv\n'}
[1.020314] (px4_msgs) StdoutLine: {'line': b'-- Up-to-date: /home/nicolas/ws_ros2/install/px4_msgs/share/ament_index/resource_index/packages/px4_msgs\n'}
[1.020611] (px4_msgs) StdoutLine: {'line': b'-- Up-to-date: /home/nicolas/ws_ros2/install/px4_msgs/share/px4_msgs/cmake/export_px4_msgs__rosidl_generator_cExport.cmake\n'}
[1.021061] (px4_msgs) StdoutLine: {'line': b'-- Up-to-date: /home/nicolas/ws_ros2/install/px4_msgs/share/px4_msgs/cmake/export_px4_msgs__rosidl_generator_cExport-noconfig.cmake\n'}
[1.021368] (px4_msgs) StdoutLine: {'line': b'-- Up-to-date: /home/nicolas/ws_ros2/install/px4_msgs/share/px4_msgs/cmake/export_px4_msgs__rosidl_typesupport_fastrtps_cExport.cmake\n'}
[1.021628] (px4_msgs) StdoutLine: {'line': b'-- Up-to-date: /home/nicolas/ws_ros2/install/px4_msgs/share/px4_msgs/cmake/export_px4_msgs__rosidl_typesupport_fastrtps_cExport-noconfig.cmake\n'}
[1.021971] (px4_msgs) StdoutLine: {'line': b'-- Up-to-date: /home/nicolas/ws_ros2/install/px4_msgs/share/px4_msgs/cmake/export_px4_msgs__rosidl_generator_cppExport.cmake\n'}
[1.022426] (px4_msgs) StdoutLine: {'line': b'-- Up-to-date: /home/nicolas/ws_ros2/install/px4_msgs/share/px4_msgs/cmake/export_px4_msgs__rosidl_typesupport_fastrtps_cppExport.cmake\n'}
[1.022722] (px4_msgs) StdoutLine: {'line': b'-- Up-to-date: /home/nicolas/ws_ros2/install/px4_msgs/share/px4_msgs/cmake/export_px4_msgs__rosidl_typesupport_fastrtps_cppExport-noconfig.cmake\n'}
[1.022995] (px4_msgs) StdoutLine: {'line': b'-- Up-to-date: /home/nicolas/ws_ros2/install/px4_msgs/share/px4_msgs/cmake/px4_msgs__rosidl_typesupport_introspection_cExport.cmake\n'}
[1.023290] (px4_msgs) StdoutLine: {'line': b'-- Up-to-date: /home/nicolas/ws_ros2/install/px4_msgs/share/px4_msgs/cmake/px4_msgs__rosidl_typesupport_introspection_cExport-noconfig.cmake\n'}
[1.023820] (px4_msgs) StdoutLine: {'line': b'-- Up-to-date: /home/nicolas/ws_ros2/install/px4_msgs/share/px4_msgs/cmake/px4_msgs__rosidl_typesupport_cExport.cmake\n'}
[1.024307] (px4_msgs) StdoutLine: {'line': b'-- Up-to-date: /home/nicolas/ws_ros2/install/px4_msgs/share/px4_msgs/cmake/px4_msgs__rosidl_typesupport_cExport-noconfig.cmake\n'}
[1.024401] (px4_msgs) StdoutLine: {'line': b'-- Up-to-date: /home/nicolas/ws_ros2/install/px4_msgs/share/px4_msgs/cmake/px4_msgs__rosidl_typesupport_introspection_cppExport.cmake\n'}
[1.024859] (px4_msgs) StdoutLine: {'line': b'-- Up-to-date: /home/nicolas/ws_ros2/install/px4_msgs/share/px4_msgs/cmake/px4_msgs__rosidl_typesupport_introspection_cppExport-noconfig.cmake\n'}
[1.025364] (px4_msgs) StdoutLine: {'line': b'-- Up-to-date: /home/nicolas/ws_ros2/install/px4_msgs/share/px4_msgs/cmake/px4_msgs__rosidl_typesupport_cppExport.cmake\n'}
[1.025594] (px4_msgs) StdoutLine: {'line': b'-- Up-to-date: /home/nicolas/ws_ros2/install/px4_msgs/share/px4_msgs/cmake/px4_msgs__rosidl_typesupport_cppExport-noconfig.cmake\n'}
[1.025886] (px4_msgs) StdoutLine: {'line': b'-- Up-to-date: /home/nicolas/ws_ros2/install/px4_msgs/share/px4_msgs/cmake/export_px4_msgs__rosidl_generator_pyExport.cmake\n'}
[1.026187] (px4_msgs) StdoutLine: {'line': b'-- Up-to-date: /home/nicolas/ws_ros2/install/px4_msgs/share/px4_msgs/cmake/export_px4_msgs__rosidl_generator_pyExport-noconfig.cmake\n'}
[1.026639] (px4_msgs) StdoutLine: {'line': b'-- Up-to-date: /home/nicolas/ws_ros2/install/px4_msgs/share/px4_msgs/cmake/rosidl_cmake-extras.cmake\n'}
[1.026877] (px4_msgs) StdoutLine: {'line': b'-- Up-to-date: /home/nicolas/ws_ros2/install/px4_msgs/share/px4_msgs/cmake/ament_cmake_export_dependencies-extras.cmake\n'}
[1.027140] (px4_msgs) StdoutLine: {'line': b'-- Up-to-date: /home/nicolas/ws_ros2/install/px4_msgs/share/px4_msgs/cmake/ament_cmake_export_include_directories-extras.cmake\n'}
[1.027428] (px4_msgs) StdoutLine: {'line': b'-- Up-to-date: /home/nicolas/ws_ros2/install/px4_msgs/share/px4_msgs/cmake/ament_cmake_export_libraries-extras.cmake\n'}
[1.027906] (px4_msgs) StdoutLine: {'line': b'-- Up-to-date: /home/nicolas/ws_ros2/install/px4_msgs/share/px4_msgs/cmake/ament_cmake_export_targets-extras.cmake\n'}
[1.028155] (px4_msgs) StdoutLine: {'line': b'-- Up-to-date: /home/nicolas/ws_ros2/install/px4_msgs/share/px4_msgs/cmake/rosidl_cmake_export_typesupport_targets-extras.cmake\n'}
[1.028405] (px4_msgs) StdoutLine: {'line': b'-- Up-to-date: /home/nicolas/ws_ros2/install/px4_msgs/share/px4_msgs/cmake/rosidl_cmake_export_typesupport_libraries-extras.cmake\n'}
[1.028698] (px4_msgs) StdoutLine: {'line': b'-- Up-to-date: /home/nicolas/ws_ros2/install/px4_msgs/share/px4_msgs/cmake/px4_msgsConfig.cmake\n'}
[1.028886] (px4_msgs) StdoutLine: {'line': b'-- Up-to-date: /home/nicolas/ws_ros2/install/px4_msgs/share/px4_msgs/cmake/px4_msgsConfig-version.cmake\n'}
[1.029138] (px4_msgs) StdoutLine: {'line': b'-- Up-to-date: /home/nicolas/ws_ros2/install/px4_msgs/share/px4_msgs/package.xml\n'}
[1.032623] (px4_msgs) CommandEnded: {'returncode': 0}
[1.051490] (px4_msgs) JobEnded: {'identifier': 'px4_msgs', 'rc': 0}
[1.052015] (px4_ros_com) JobStarted: {'identifier': 'px4_ros_com'}
[1.058118] (px4_ros_com) JobProgress: {'identifier': 'px4_ros_com', 'progress': 'cmake'}
[1.058846] (px4_ros_com) JobProgress: {'identifier': 'px4_ros_com', 'progress': 'build'}
[1.059091] (px4_ros_com) Command: {'cmd': ['/usr/bin/cmake', '--build', '/home/nicolas/ws_ros2/build/px4_ros_com', '--', '-j16', '-l16'], 'cwd': '/home/nicolas/ws_ros2/build/px4_ros_com', 'env': OrderedDict([('LESSOPEN', '| /usr/bin/lesspipe %s'), ('USER', 'nicolas'), ('LC_TIME', 'fr_FR.UTF-8'), ('XDG_SESSION_TYPE', 'x11'), ('SHLVL', '1'), ('LD_LIBRARY_PATH', '/home/nicolas/ws_ros2/install/px4_msgs/lib:/opt/ros/humble/opt/rviz_ogre_vendor/lib:/opt/ros/humble/lib/x86_64-linux-gnu:/opt/ros/humble/lib'), ('HOME', '/home/nicolas'), ('OLDPWD', '/home/nicolas'), ('DESKTOP_SESSION', 'ubuntu'), ('ROS_PYTHON_VERSION', '3'), ('GNOME_SHELL_SESSION_MODE', 'ubuntu'), ('GTK_MODULES', 'gail:atk-bridge'), ('LC_MONETARY', 'fr_FR.UTF-8'), ('SYSTEMD_EXEC_PID', '2027'), ('DBUS_SESSION_BUS_ADDRESS', 'unix:path=/run/user/1000/bus'), ('COLORTERM', 'truecolor'), ('ROS_DISTRO', 'humble'), ('GTK_IM_MODULE', 'ibus'), ('LOGNAME', 'nicolas'), ('_', '/usr/bin/colcon'), ('ROS_VERSION', '2'), ('XDG_SESSION_CLASS', 'user'), ('USERNAME', 'nicolas'), ('TERM', 'xterm-256color'), ('GNOME_DESKTOP_SESSION_ID', 'this-is-deprecated'), ('ROS_LOCALHOST_ONLY', '0'), ('WINDOWPATH', '2'), ('PATH', '/opt/ros/humble/bin:/home/nicolas/.local/bin:/usr/local/sbin:/usr/local/bin:/usr/sbin:/usr/bin:/sbin:/bin:/usr/games:/usr/local/games:/snap/bin:/snap/bin:/opt/xtensa-esp-elf/bin/'), ('SESSION_MANAGER', 'local/nicolas-Deputy-P60:@/tmp/.ICE-unix/2004,unix/nicolas-Deputy-P60:/tmp/.ICE-unix/2004'), ('XDG_MENU_PREFIX', 'gnome-'), ('LC_ADDRESS', 'fr_FR.UTF-8'), ('GNOME_TERMINAL_SCREEN', '/org/gnome/Terminal/screen/f33096af_f49e_47d8_a660_3e30ad4a0b32'), ('XDG_RUNTIME_DIR', '/run/user/1000'), ('DISPLAY', ':1'), ('LANG', 'en_US.UTF-8'), ('XDG_CURRENT_DESKTOP', 'ubuntu:GNOME'), ('LC_TELEPHONE', 'fr_FR.UTF-8'), ('XMODIFIERS', '@im=ibus'), ('XDG_SESSION_DESKTOP', 'ubuntu'), ('XAUTHORITY', '/run/user/1000/gdm/Xauthority'), ('LS_COLORS', 'rs=0:di=01;34:ln=01;36:mh=00:pi=40;33:so=01;35:do=01;35:bd=40;33;01:cd=40;33;01:or=40;31;01:mi=00:su=37;41:sg=30;43:ca=30;41:tw=30;42:ow=34;42:st=37;44:ex=01;32:*.tar=01;31:*.tgz=01;31:*.arc=01;31:*.arj=01;31:*.taz=01;31:*.lha=01;31:*.lz4=01;31:*.lzh=01;31:*.lzma=01;31:*.tlz=01;31:*.txz=01;31:*.tzo=01;31:*.t7z=01;31:*.zip=01;31:*.z=01;31:*.dz=01;31:*.gz=01;31:*.lrz=01;31:*.lz=01;31:*.lzo=01;31:*.xz=01;31:*.zst=01;31:*.tzst=01;31:*.bz2=01;31:*.bz=01;31:*.tbz=01;31:*.tbz2=01;31:*.tz=01;31:*.deb=01;31:*.rpm=01;31:*.jar=01;31:*.war=01;31:*.ear=01;31:*.sar=01;31:*.rar=01;31:*.alz=01;31:*.ace=01;31:*.zoo=01;31:*.cpio=01;31:*.7z=01;31:*.rz=01;31:*.cab=01;31:*.wim=01;31:*.swm=01;31:*.dwm=01;31:*.esd=01;31:*.jpg=01;35:*.jpeg=01;35:*.mjpg=01;35:*.mjpeg=01;35:*.gif=01;35:*.bmp=01;35:*.pbm=01;35:*.pgm=01;35:*.ppm=01;35:*.tga=01;35:*.xbm=01;35:*.xpm=01;35:*.tif=01;35:*.tiff=01;35:*.png=01;35:*.svg=01;35:*.svgz=01;35:*.mng=01;35:*.pcx=01;35:*.mov=01;35:*.mpg=01;35:*.mpeg=01;35:*.m2v=01;35:*.mkv=01;35:*.webm=01;35:*.webp=01;35:*.ogm=01;35:*.mp4=01;35:*.m4v=01;35:*.mp4v=01;35:*.vob=01;35:*.qt=01;35:*.nuv=01;35:*.wmv=01;35:*.asf=01;35:*.rm=01;35:*.rmvb=01;35:*.flc=01;35:*.avi=01;35:*.fli=01;35:*.flv=01;35:*.gl=01;35:*.dl=01;35:*.xcf=01;35:*.xwd=01;35:*.yuv=01;35:*.cgm=01;35:*.emf=01;35:*.ogv=01;35:*.ogx=01;35:*.aac=00;36:*.au=00;36:*.flac=00;36:*.m4a=00;36:*.mid=00;36:*.midi=00;36:*.mka=00;36:*.mp3=00;36:*.mpc=00;36:*.ogg=00;36:*.ra=00;36:*.wav=00;36:*.oga=00;36:*.opus=00;36:*.spx=00;36:*.xspf=00;36:'), ('GNOME_TERMINAL_SERVICE', ':1.217'), ('SSH_AGENT_LAUNCHER', 'gnome-keyring'), ('SSH_AUTH_SOCK', '/run/user/1000/keyring/ssh'), ('AMENT_PREFIX_PATH', '/home/nicolas/ws_ros2/install/px4_msgs:/opt/ros/humble'), ('SHELL', '/bin/bash'), ('LC_NAME', 'fr_FR.UTF-8'), ('QT_ACCESSIBILITY', '1'), ('GDMSESSION', 'ubuntu'), ('LESSCLOSE', '/usr/bin/lesspipe %s %s'), ('LC_MEASUREMENT', 'fr_FR.UTF-8'), ('GPG_AGENT_INFO', '/run/user/1000/gnupg/S.gpg-agent:0:1'), ('LC_IDENTIFICATION', 'fr_FR.UTF-8'), ('QT_IM_MODULE', 'ibus'), ('PWD', '/home/nicolas/ws_ros2/build/px4_ros_com'), ('LC_ALL', 'en_US.UTF-8'), ('XDG_CONFIG_DIRS', '/etc/xdg/xdg-ubuntu:/etc/xdg'), ('XDG_DATA_DIRS', '/usr/share/ubuntu:/usr/share/gnome:/usr/local/share/:/usr/share/:/var/lib/snapd/desktop'), ('PYTHONPATH', '/home/nicolas/ws_ros2/install/px4_msgs/local/lib/python3.10/dist-packages:/opt/ros/humble/lib/python3.10/site-packages:/opt/ros/humble/local/lib/python3.10/dist-packages'), ('LC_NUMERIC', 'fr_FR.UTF-8'), ('LC_PAPER', 'fr_FR.UTF-8'), ('COLCON', '1'), ('VTE_VERSION', '6800'), ('CMAKE_PREFIX_PATH', '/home/nicolas/ws_ros2/install/px4_msgs:/opt/ros/humble')]), 'shell': False}
[1.101166] (-) TimerEvent: {}
[1.102909] (px4_ros_com) StdoutLine: {'line': b'[ 16%] Built target vehicle_gps_position_listener\n'}
[1.103155] (px4_ros_com) StdoutLine: {'line': b'[ 33%] Built target sensor_combined_listener\n'}
[1.103687] (px4_ros_com) StdoutLine: {'line': b'[ 50%] Built target frame_transforms\n'}
[1.104026] (px4_ros_com) StdoutLine: {'line': b'[ 66%] Built target offboard_control_srv\n'}
[1.105415] (px4_ros_com) StdoutLine: {'line': b'[ 83%] Built target debug_vect_advertiser\n'}
[1.105906] (px4_ros_com) StdoutLine: {'line': b'[100%] Built target offboard_control\n'}
[1.111341] (px4_ros_com) StdoutLine: {'line': b'[100%] Built target ament_cmake_python_copy_px4_ros_com\n'}
[1.201260] (-) TimerEvent: {}
[1.301629] (-) TimerEvent: {}
[1.301904] (px4_ros_com) StdoutLine: {'line': b'running egg_info\n'}
[1.302514] (px4_ros_com) StdoutLine: {'line': b'writing px4_ros_com.egg-info/PKG-INFO\n'}
[1.302615] (px4_ros_com) StdoutLine: {'line': b'writing dependency_links to px4_ros_com.egg-info/dependency_links.txt\n'}
[1.302691] (px4_ros_com) StdoutLine: {'line': b'writing top-level names to px4_ros_com.egg-info/top_level.txt\n'}
[1.304533] (px4_ros_com) StdoutLine: {'line': b"reading manifest file 'px4_ros_com.egg-info/SOURCES.txt'\n"}
[1.304887] (px4_ros_com) StdoutLine: {'line': b"writing manifest file 'px4_ros_com.egg-info/SOURCES.txt'\n"}
[1.326909] (px4_ros_com) StdoutLine: {'line': b'[100%] Built target ament_cmake_python_build_px4_ros_com_egg\n'}
[1.335452] (px4_ros_com) CommandEnded: {'returncode': 0}
[1.336622] (px4_ros_com) JobProgress: {'identifier': 'px4_ros_com', 'progress': 'install'}
[1.336647] (px4_ros_com) Command: {'cmd': ['/usr/bin/cmake', '--install', '/home/nicolas/ws_ros2/build/px4_ros_com'], 'cwd': '/home/nicolas/ws_ros2/build/px4_ros_com', 'env': OrderedDict([('LESSOPEN', '| /usr/bin/lesspipe %s'), ('USER', 'nicolas'), ('LC_TIME', 'fr_FR.UTF-8'), ('XDG_SESSION_TYPE', 'x11'), ('SHLVL', '1'), ('LD_LIBRARY_PATH', '/home/nicolas/ws_ros2/install/px4_msgs/lib:/opt/ros/humble/opt/rviz_ogre_vendor/lib:/opt/ros/humble/lib/x86_64-linux-gnu:/opt/ros/humble/lib'), ('HOME', '/home/nicolas'), ('OLDPWD', '/home/nicolas'), ('DESKTOP_SESSION', 'ubuntu'), ('ROS_PYTHON_VERSION', '3'), ('GNOME_SHELL_SESSION_MODE', 'ubuntu'), ('GTK_MODULES', 'gail:atk-bridge'), ('LC_MONETARY', 'fr_FR.UTF-8'), ('SYSTEMD_EXEC_PID', '2027'), ('DBUS_SESSION_BUS_ADDRESS', 'unix:path=/run/user/1000/bus'), ('COLORTERM', 'truecolor'), ('ROS_DISTRO', 'humble'), ('GTK_IM_MODULE', 'ibus'), ('LOGNAME', 'nicolas'), ('_', '/usr/bin/colcon'), ('ROS_VERSION', '2'), ('XDG_SESSION_CLASS', 'user'), ('USERNAME', 'nicolas'), ('TERM', 'xterm-256color'), ('GNOME_DESKTOP_SESSION_ID', 'this-is-deprecated'), ('ROS_LOCALHOST_ONLY', '0'), ('WINDOWPATH', '2'), ('PATH', '/opt/ros/humble/bin:/home/nicolas/.local/bin:/usr/local/sbin:/usr/local/bin:/usr/sbin:/usr/bin:/sbin:/bin:/usr/games:/usr/local/games:/snap/bin:/snap/bin:/opt/xtensa-esp-elf/bin/'), ('SESSION_MANAGER', 'local/nicolas-Deputy-P60:@/tmp/.ICE-unix/2004,unix/nicolas-Deputy-P60:/tmp/.ICE-unix/2004'), ('XDG_MENU_PREFIX', 'gnome-'), ('LC_ADDRESS', 'fr_FR.UTF-8'), ('GNOME_TERMINAL_SCREEN', '/org/gnome/Terminal/screen/f33096af_f49e_47d8_a660_3e30ad4a0b32'), ('XDG_RUNTIME_DIR', '/run/user/1000'), ('DISPLAY', ':1'), ('LANG', 'en_US.UTF-8'), ('XDG_CURRENT_DESKTOP', 'ubuntu:GNOME'), ('LC_TELEPHONE', 'fr_FR.UTF-8'), ('XMODIFIERS', '@im=ibus'), ('XDG_SESSION_DESKTOP', 'ubuntu'), ('XAUTHORITY', '/run/user/1000/gdm/Xauthority'), ('LS_COLORS', 'rs=0:di=01;34:ln=01;36:mh=00:pi=40;33:so=01;35:do=01;35:bd=40;33;01:cd=40;33;01:or=40;31;01:mi=00:su=37;41:sg=30;43:ca=30;41:tw=30;42:ow=34;42:st=37;44:ex=01;32:*.tar=01;31:*.tgz=01;31:*.arc=01;31:*.arj=01;31:*.taz=01;31:*.lha=01;31:*.lz4=01;31:*.lzh=01;31:*.lzma=01;31:*.tlz=01;31:*.txz=01;31:*.tzo=01;31:*.t7z=01;31:*.zip=01;31:*.z=01;31:*.dz=01;31:*.gz=01;31:*.lrz=01;31:*.lz=01;31:*.lzo=01;31:*.xz=01;31:*.zst=01;31:*.tzst=01;31:*.bz2=01;31:*.bz=01;31:*.tbz=01;31:*.tbz2=01;31:*.tz=01;31:*.deb=01;31:*.rpm=01;31:*.jar=01;31:*.war=01;31:*.ear=01;31:*.sar=01;31:*.rar=01;31:*.alz=01;31:*.ace=01;31:*.zoo=01;31:*.cpio=01;31:*.7z=01;31:*.rz=01;31:*.cab=01;31:*.wim=01;31:*.swm=01;31:*.dwm=01;31:*.esd=01;31:*.jpg=01;35:*.jpeg=01;35:*.mjpg=01;35:*.mjpeg=01;35:*.gif=01;35:*.bmp=01;35:*.pbm=01;35:*.pgm=01;35:*.ppm=01;35:*.tga=01;35:*.xbm=01;35:*.xpm=01;35:*.tif=01;35:*.tiff=01;35:*.png=01;35:*.svg=01;35:*.svgz=01;35:*.mng=01;35:*.pcx=01;35:*.mov=01;35:*.mpg=01;35:*.mpeg=01;35:*.m2v=01;35:*.mkv=01;35:*.webm=01;35:*.webp=01;35:*.ogm=01;35:*.mp4=01;35:*.m4v=01;35:*.mp4v=01;35:*.vob=01;35:*.qt=01;35:*.nuv=01;35:*.wmv=01;35:*.asf=01;35:*.rm=01;35:*.rmvb=01;35:*.flc=01;35:*.avi=01;35:*.fli=01;35:*.flv=01;35:*.gl=01;35:*.dl=01;35:*.xcf=01;35:*.xwd=01;35:*.yuv=01;35:*.cgm=01;35:*.emf=01;35:*.ogv=01;35:*.ogx=01;35:*.aac=00;36:*.au=00;36:*.flac=00;36:*.m4a=00;36:*.mid=00;36:*.midi=00;36:*.mka=00;36:*.mp3=00;36:*.mpc=00;36:*.ogg=00;36:*.ra=00;36:*.wav=00;36:*.oga=00;36:*.opus=00;36:*.spx=00;36:*.xspf=00;36:'), ('GNOME_TERMINAL_SERVICE', ':1.217'), ('SSH_AGENT_LAUNCHER', 'gnome-keyring'), ('SSH_AUTH_SOCK', '/run/user/1000/keyring/ssh'), ('AMENT_PREFIX_PATH', '/home/nicolas/ws_ros2/install/px4_msgs:/opt/ros/humble'), ('SHELL', '/bin/bash'), ('LC_NAME', 'fr_FR.UTF-8'), ('QT_ACCESSIBILITY', '1'), ('GDMSESSION', 'ubuntu'), ('LESSCLOSE', '/usr/bin/lesspipe %s %s'), ('LC_MEASUREMENT', 'fr_FR.UTF-8'), ('GPG_AGENT_INFO', '/run/user/1000/gnupg/S.gpg-agent:0:1'), ('LC_IDENTIFICATION', 'fr_FR.UTF-8'), ('QT_IM_MODULE', 'ibus'), ('PWD', '/home/nicolas/ws_ros2/build/px4_ros_com'), ('LC_ALL', 'en_US.UTF-8'), ('XDG_CONFIG_DIRS', '/etc/xdg/xdg-ubuntu:/etc/xdg'), ('XDG_DATA_DIRS', '/usr/share/ubuntu:/usr/share/gnome:/usr/local/share/:/usr/share/:/var/lib/snapd/desktop'), ('PYTHONPATH', '/home/nicolas/ws_ros2/install/px4_msgs/local/lib/python3.10/dist-packages:/opt/ros/humble/lib/python3.10/site-packages:/opt/ros/humble/local/lib/python3.10/dist-packages'), ('LC_NUMERIC', 'fr_FR.UTF-8'), ('LC_PAPER', 'fr_FR.UTF-8'), ('COLCON', '1'), ('VTE_VERSION', '6800'), ('CMAKE_PREFIX_PATH', '/home/nicolas/ws_ros2/install/px4_msgs:/opt/ros/humble')]), 'shell': False}
[1.343090] (px4_ros_com) StdoutLine: {'line': b'-- Install configuration: ""\n'}
[1.343255] (px4_ros_com) StdoutLine: {'line': b'-- Up-to-date: /home/nicolas/ws_ros2/install/px4_ros_com/lib/px4_ros_com/sensor_combined_listener\n'}
[1.343384] (px4_ros_com) StdoutLine: {'line': b'-- Up-to-date: /home/nicolas/ws_ros2/install/px4_ros_com/lib/px4_ros_com/vehicle_gps_position_listener\n'}
[1.343554] (px4_ros_com) StdoutLine: {'line': b'-- Up-to-date: /home/nicolas/ws_ros2/install/px4_ros_com/lib/px4_ros_com/debug_vect_advertiser\n'}
[1.343698] (px4_ros_com) StdoutLine: {'line': b'-- Up-to-date: /home/nicolas/ws_ros2/install/px4_ros_com/lib/px4_ros_com/offboard_control\n'}
[1.343911] (px4_ros_com) StdoutLine: {'line': b'-- Up-to-date: /home/nicolas/ws_ros2/install/px4_ros_com/lib/px4_ros_com/offboard_control_srv\n'}
[1.344027] (px4_ros_com) StdoutLine: {'line': b'-- Up-to-date: /home/nicolas/ws_ros2/install/px4_ros_com/share/px4_ros_com/environment/library_path.sh\n'}
[1.344109] (px4_ros_com) StdoutLine: {'line': b'-- Up-to-date: /home/nicolas/ws_ros2/install/px4_ros_com/share/px4_ros_com/environment/library_path.dsv\n'}
[1.344269] (px4_ros_com) StdoutLine: {'line': b'-- Up-to-date: /home/nicolas/ws_ros2/install/px4_ros_com/include/px4_ros_com\n'}
[1.344361] (px4_ros_com) StdoutLine: {'line': b'-- Up-to-date: /home/nicolas/ws_ros2/install/px4_ros_com/include/px4_ros_com/frame_transforms.h\n'}
[1.344439] (px4_ros_com) StdoutLine: {'line': b'-- Up-to-date: /home/nicolas/ws_ros2/install/px4_ros_com/lib/libframe_transforms.so\n'}
[1.344516] (px4_ros_com) StdoutLine: {'line': b'-- Up-to-date: /home/nicolas/ws_ros2/install/px4_ros_com/share/px4_ros_com//launch\n'}
[1.344593] (px4_ros_com) StdoutLine: {'line': b'-- Up-to-date: /home/nicolas/ws_ros2/install/px4_ros_com/share/px4_ros_com//launch/sensor_combined_listener.launch.py\n'}
[1.344671] (px4_ros_com) StdoutLine: {'line': b'-- Up-to-date: /home/nicolas/ws_ros2/install/px4_ros_com/share/px4_ros_com//launch/offboard_control_launch.yaml\n'}
[1.344831] (px4_ros_com) StdoutLine: {'line': b'-- Up-to-date: /home/nicolas/ws_ros2/install/px4_ros_com/share/px4_ros_com//test\n'}
[1.344931] (px4_ros_com) StdoutLine: {'line': b'-- Up-to-date: /home/nicolas/ws_ros2/install/px4_ros_com/share/px4_ros_com//test/test_output.py\n'}
[1.344973] (px4_ros_com) StdoutLine: {'line': b'-- Up-to-date: /home/nicolas/ws_ros2/install/px4_ros_com/share/px4_ros_com//test/__init__.py\n'}
[1.345008] (px4_ros_com) StdoutLine: {'line': b'-- Up-to-date: /home/nicolas/ws_ros2/install/px4_ros_com/share/px4_ros_com//test/pipeline_io_test.py\n'}
[1.345044] (px4_ros_com) StdoutLine: {'line': b'-- Up-to-date: /home/nicolas/ws_ros2/install/px4_ros_com/share/px4_ros_com//test/test_input.py\n'}
[1.345084] (px4_ros_com) StdoutLine: {'line': b'-- Up-to-date: /home/nicolas/ws_ros2/install/px4_ros_com/share/px4_ros_com/environment/pythonpath.sh\n'}
[1.345120] (px4_ros_com) StdoutLine: {'line': b'-- Up-to-date: /home/nicolas/ws_ros2/install/px4_ros_com/share/px4_ros_com/environment/pythonpath.dsv\n'}
[1.345158] (px4_ros_com) StdoutLine: {'line': b'-- Up-to-date: /home/nicolas/ws_ros2/install/px4_ros_com/local/lib/python3.10/dist-packages/px4_ros_com-0.1.0-py3.10.egg-info\n'}
[1.345193] (px4_ros_com) StdoutLine: {'line': b'-- Installing: /home/nicolas/ws_ros2/install/px4_ros_com/local/lib/python3.10/dist-packages/px4_ros_com-0.1.0-py3.10.egg-info/SOURCES.txt\n'}
[1.345228] (px4_ros_com) StdoutLine: {'line': b'-- Installing: /home/nicolas/ws_ros2/install/px4_ros_com/local/lib/python3.10/dist-packages/px4_ros_com-0.1.0-py3.10.egg-info/top_level.txt\n'}
[1.345263] (px4_ros_com) StdoutLine: {'line': b'-- Installing: /home/nicolas/ws_ros2/install/px4_ros_com/local/lib/python3.10/dist-packages/px4_ros_com-0.1.0-py3.10.egg-info/dependency_links.txt\n'}
[1.345298] (px4_ros_com) StdoutLine: {'line': b'-- Installing: /home/nicolas/ws_ros2/install/px4_ros_com/local/lib/python3.10/dist-packages/px4_ros_com-0.1.0-py3.10.egg-info/PKG-INFO\n'}
[1.345334] (px4_ros_com) StdoutLine: {'line': b'-- Up-to-date: /home/nicolas/ws_ros2/install/px4_ros_com/local/lib/python3.10/dist-packages/px4_ros_com\n'}
[1.345368] (px4_ros_com) StdoutLine: {'line': b'-- Up-to-date: /home/nicolas/ws_ros2/install/px4_ros_com/local/lib/python3.10/dist-packages/px4_ros_com/__init__.py\n'}
[1.345402] (px4_ros_com) StdoutLine: {'line': b'-- Up-to-date: /home/nicolas/ws_ros2/install/px4_ros_com/local/lib/python3.10/dist-packages/px4_ros_com/module_to_import.py\n'}
[1.370474] (px4_ros_com) StdoutLine: {'line': b"Listing '/home/nicolas/ws_ros2/install/px4_ros_com/local/lib/python3.10/dist-packages/px4_ros_com'...\n"}
[1.374040] (px4_ros_com) StdoutLine: {'line': b'-- Up-to-date: /home/nicolas/ws_ros2/install/px4_ros_com/lib/px4_ros_com/offboard_control.py\n'}
[1.374135] (px4_ros_com) StdoutLine: {'line': b'-- Up-to-date: /home/nicolas/ws_ros2/install/px4_ros_com/share/ament_index/resource_index/package_run_dependencies/px4_ros_com\n'}
[1.374192] (px4_ros_com) StdoutLine: {'line': b'-- Up-to-date: /home/nicolas/ws_ros2/install/px4_ros_com/share/ament_index/resource_index/parent_prefix_path/px4_ros_com\n'}
[1.374247] (px4_ros_com) StdoutLine: {'line': b'-- Up-to-date: /home/nicolas/ws_ros2/install/px4_ros_com/share/px4_ros_com/environment/ament_prefix_path.sh\n'}
[1.374284] (px4_ros_com) StdoutLine: {'line': b'-- Up-to-date: /home/nicolas/ws_ros2/install/px4_ros_com/share/px4_ros_com/environment/ament_prefix_path.dsv\n'}
[1.374319] (px4_ros_com) StdoutLine: {'line': b'-- Up-to-date: /home/nicolas/ws_ros2/install/px4_ros_com/share/px4_ros_com/environment/path.sh\n'}
[1.374355] (px4_ros_com) StdoutLine: {'line': b'-- Up-to-date: /home/nicolas/ws_ros2/install/px4_ros_com/share/px4_ros_com/environment/path.dsv\n'}
[1.374390] (px4_ros_com) StdoutLine: {'line': b'-- Up-to-date: /home/nicolas/ws_ros2/install/px4_ros_com/share/px4_ros_com/local_setup.bash\n'}
[1.374424] (px4_ros_com) StdoutLine: {'line': b'-- Up-to-date: /home/nicolas/ws_ros2/install/px4_ros_com/share/px4_ros_com/local_setup.sh\n'}
[1.374458] (px4_ros_com) StdoutLine: {'line': b'-- Up-to-date: /home/nicolas/ws_ros2/install/px4_ros_com/share/px4_ros_com/local_setup.zsh\n'}
[1.374494] (px4_ros_com) StdoutLine: {'line': b'-- Up-to-date: /home/nicolas/ws_ros2/install/px4_ros_com/share/px4_ros_com/local_setup.dsv\n'}
[1.374528] (px4_ros_com) StdoutLine: {'line': b'-- Installing: /home/nicolas/ws_ros2/install/px4_ros_com/share/px4_ros_com/package.dsv\n'}
[1.374563] (px4_ros_com) StdoutLine: {'line': b'-- Up-to-date: /home/nicolas/ws_ros2/install/px4_ros_com/share/ament_index/resource_index/packages/px4_ros_com\n'}
[1.374597] (px4_ros_com) StdoutLine: {'line': b'-- Up-to-date: /home/nicolas/ws_ros2/install/px4_ros_com/share/px4_ros_com/cmake/export_frame_transformsExport.cmake\n'}
[1.374632] (px4_ros_com) StdoutLine: {'line': b'-- Up-to-date: /home/nicolas/ws_ros2/install/px4_ros_com/share/px4_ros_com/cmake/export_frame_transformsExport-noconfig.cmake\n'}
[1.374697] (px4_ros_com) StdoutLine: {'line': b'-- Up-to-date: /home/nicolas/ws_ros2/install/px4_ros_com/share/px4_ros_com/cmake/ament_cmake_export_dependencies-extras.cmake\n'}
[1.374774] (px4_ros_com) StdoutLine: {'line': b'-- Up-to-date: /home/nicolas/ws_ros2/install/px4_ros_com/share/px4_ros_com/cmake/ament_cmake_export_targets-extras.cmake\n'}
[1.374808] (px4_ros_com) StdoutLine: {'line': b'-- Up-to-date: /home/nicolas/ws_ros2/install/px4_ros_com/share/px4_ros_com/cmake/ament_cmake_export_include_directories-extras.cmake\n'}
[1.374841] (px4_ros_com) StdoutLine: {'line': b'-- Up-to-date: /home/nicolas/ws_ros2/install/px4_ros_com/share/px4_ros_com/cmake/ament_cmake_export_libraries-extras.cmake\n'}
[1.374873] (px4_ros_com) StdoutLine: {'line': b'-- Up-to-date: /home/nicolas/ws_ros2/install/px4_ros_com/share/px4_ros_com/cmake/px4_ros_comConfig.cmake\n'}
[1.374904] (px4_ros_com) StdoutLine: {'line': b'-- Up-to-date: /home/nicolas/ws_ros2/install/px4_ros_com/share/px4_ros_com/cmake/px4_ros_comConfig-version.cmake\n'}
[1.374934] (px4_ros_com) StdoutLine: {'line': b'-- Up-to-date: /home/nicolas/ws_ros2/install/px4_ros_com/share/px4_ros_com/package.xml\n'}
[1.376647] (px4_ros_com) CommandEnded: {'returncode': 0}
[1.392778] (px4_ros_com) JobEnded: {'identifier': 'px4_ros_com', 'rc': 0}
[1.393269] (-) EventReactorShutdown: {}
